phase,domain,delta,bin,bin_low,bin_high,predictions,mean_score,empirical_frequency
prefill,code,1,0,0.0,0.1,638436,0.04123055189847946,0.05168098290196668
prefill,code,1,1,0.1,0.2,248344,0.14143744111061096,0.1356586025835132
prefill,code,1,2,0.2,0.30000000000000004,101095,0.24341560900211334,0.22130669172560463
prefill,code,1,3,0.30000000000000004,0.4,49171,0.345509797334671,0.30581033536027336
prefill,code,1,4,0.4,0.5,27370,0.444692462682724,0.37139203507489954
prefill,code,1,5,0.5,0.6000000000000001,14503,0.5447181463241577,0.4861752740812246
prefill,code,1,6,0.6000000000000001,0.7000000000000001,10022,0.6474014520645142,0.6583516264218718
prefill,code,1,7,0.7000000000000001,0.8,6112,0.7401909828186035,0.7791230366492147
prefill,code,1,8,0.8,0.9,4571,0.855895459651947,0.9168672063005907
prefill,code,1,9,0.9,1.0,696,0.9202691316604614,0.9741379310344828
prefill,code,2,0,0.0,0.1,618787,0.04045071080327034,0.05034204015275046
prefill,code,2,1,0.1,0.2,223705,0.14223712682724,0.1371717216870432
prefill,code,2,2,0.2,0.30000000000000004,100257,0.2438342422246933,0.20914250376532312
prefill,code,2,3,0.30000000000000004,0.4,47929,0.34471073746681213,0.3206618122639738
prefill,code,2,4,0.4,0.5,26723,0.4442562758922577,0.4193765670022078
prefill,code,2,5,0.5,0.6000000000000001,14041,0.5454294681549072,0.4993946300121074
prefill,code,2,6,0.6000000000000001,0.7000000000000001,10358,0.6468684077262878,0.6366093840509751
prefill,code,2,7,0.7000000000000001,0.8,6270,0.7436255812644958,0.7848484848484848
prefill,code,2,8,0.8,0.9,4066,0.8451957702636719,0.8303000491883915
prefill,code,2,9,0.9,1.0,344,0.9091678857803345,0.8023255813953488
prefill,code,3,0,0.0,0.1,595063,0.040278706699609756,0.05051229869778494
prefill,code,3,1,0.1,0.2,213943,0.14167341589927673,0.13605025637669846
prefill,code,3,2,0.2,0.30000000000000004,90037,0.24354644119739532,0.21868787276341947
prefill,code,3,3,0.30000000000000004,0.4,43918,0.34537437558174133,0.2979871578851496
prefill,code,3,4,0.4,0.5,25909,0.4459937512874603,0.43475240264000925
prefill,code,3,5,0.5,0.6000000000000001,15832,0.5474672913551331,0.5161066195048004
prefill,code,3,6,0.6000000000000001,0.7000000000000001,9548,0.6450154185295105,0.6229576874738165
prefill,code,3,7,0.7000000000000001,0.8,5686,0.7445560693740845,0.7455153007386564
prefill,code,3,8,0.8,0.9,4250,0.8522617220878601,0.8512941176470589
prefill,code,3,9,0.9,1.0,454,0.9112476706504822,0.8766519823788547
prefill,code,4,0,0.0,0.1,567672,0.03951399773359299,0.049472230442931836
prefill,code,4,1,0.1,0.2,204439,0.14266273379325867,0.13817813626558534
prefill,code,4,2,0.2,0.30000000000000004,83391,0.24308741092681885,0.2111498842800782
prefill,code,4,3,0.30000000000000004,0.4,41373,0.3448498547077179,0.3089454475140792
prefill,code,4,4,0.4,0.5,24341,0.44586992263793945,0.4403270202538926
prefill,code,4,5,0.5,0.6000000000000001,15505,0.5467549562454224,0.5153176394711383
prefill,code,4,6,0.6000000000000001,0.7000000000000001,9155,0.64600670337677,0.5996723102129984
prefill,code,4,7,0.7000000000000001,0.8,5718,0.7478976249694824,0.7294508569429871
prefill,code,4,8,0.8,0.9,4721,0.8499118089675903,0.8710019063757678
prefill,code,4,9,0.9,1.0,485,0.9098892211914062,0.8164948453608247
prefill,code,5,0,0.0,0.1,544989,0.03955927863717079,0.04923952593538585
prefill,code,5,1,0.1,0.2,184740,0.141792431473732,0.13698170401645557
prefill,code,5,2,0.2,0.30000000000000004,81131,0.24415355920791626,0.21780823606266408
prefill,code,5,3,0.30000000000000004,0.4,42208,0.34537947177886963,0.3051317285822593
prefill,code,5,4,0.4,0.5,23272,0.44527390599250793,0.4282399449982812
prefill,code,5,5,0.5,0.6000000000000001,13623,0.5470268130302429,0.5514937972546429
prefill,code,5,6,0.6000000000000001,0.7000000000000001,8540,0.6483173370361328,0.6003512880562061
prefill,code,5,7,0.7000000000000001,0.8,6039,0.7440065145492554,0.7370425567146879
prefill,code,5,8,0.8,0.9,3812,0.8433629274368286,0.8628016789087093
prefill,code,5,9,0.9,1.0,606,0.9095410704612732,0.9620462046204621
prefill,code,6,0,0.0,0.1,516762,0.03965933620929718,0.04897612440543229
prefill,code,6,1,0.1,0.2,172973,0.14203739166259766,0.13696357234944181
prefill,code,6,2,0.2,0.30000000000000004,77628,0.2440246343612671,0.219006028752512
prefill,code,6,3,0.30000000000000004,0.4,40240,0.3461345136165619,0.3080268389662028
prefill,code,6,4,0.4,0.5,22685,0.44480636715888977,0.4283447211813974
prefill,code,6,5,0.5,0.6000000000000001,12871,0.5466796159744263,0.5061766762489317
prefill,code,6,6,0.6000000000000001,0.7000000000000001,7867,0.6458449363708496,0.6252701156730647
prefill,code,6,7,0.7000000000000001,0.8,6110,0.7460694313049316,0.7615384615384615
prefill,code,6,8,0.8,0.9,3685,0.8495326042175293,0.8654002713704206
prefill,code,6,9,0.9,1.0,299,0.9121561050415039,0.8394648829431438
prefill,code,7,0,0.0,0.1,489564,0.03879891335964203,0.048077473016806795
prefill,code,7,1,0.1,0.2,165566,0.1421981006860733,0.13719000277834822
prefill,code,7,2,0.2,0.30000000000000004,69699,0.24380382895469666,0.22511083372788707
prefill,code,7,3,0.30000000000000004,0.4,36473,0.3457740247249603,0.32341732240287335
prefill,code,7,4,0.4,0.5,20769,0.44496482610702515,0.40054889498772206
prefill,code,7,5,0.5,0.6000000000000001,12528,0.5464587807655334,0.48986270753512134
prefill,code,7,6,0.6000000000000001,0.7000000000000001,9073,0.6463726758956909,0.623167640251295
prefill,code,7,7,0.7000000000000001,0.8,5720,0.7463421821594238,0.7708041958041958
prefill,code,7,8,0.8,0.9,3258,0.8446733355522156,0.8695518723143032
prefill,code,7,9,0.9,1.0,630,0.9112164974212646,0.9063492063492063
prefill,code,8,0,0.0,0.1,465523,0.037843309342861176,0.0480728127289092
prefill,code,8,1,0.1,0.2,149100,0.14223361015319824,0.14147551978537895
prefill,code,8,2,0.2,0.30000000000000004,65439,0.2441858947277069,0.21933403627806047
prefill,code,8,3,0.30000000000000004,0.4,35191,0.34565138816833496,0.30888579466340826
prefill,code,8,4,0.4,0.5,19602,0.44401735067367554,0.40128558310376494
prefill,code,8,5,0.5,0.6000000000000001,11864,0.5495070219039917,0.5166891436277815
prefill,code,8,6,0.6000000000000001,0.7000000000000001,8841,0.6457111239433289,0.599366587490103
prefill,code,8,7,0.7000000000000001,0.8,5988,0.7472662329673767,0.7416499665998664
prefill,code,8,8,0.8,0.9,3581,0.849057674407959,0.8279810108908127
prefill,code,8,9,0.9,1.0,311,0.9069282412528992,0.909967845659164
prefill,code,9,0,0.0,0.1,439381,0.036830611526966095,0.046438057175890626
prefill,code,9,1,0.1,0.2,134313,0.14237290620803833,0.14005345722305362
prefill,code,9,2,0.2,0.30000000000000004,61890,0.2440900355577469,0.22194215543706577
prefill,code,9,3,0.30000000000000004,0.4,30780,0.3462558686733246,0.31523716699155296
prefill,code,9,4,0.4,0.5,20691,0.44602450728416443,0.4045720361509835
prefill,code,9,5,0.5,0.6000000000000001,13388,0.5464180111885071,0.49783388108754106
prefill,code,9,6,0.6000000000000001,0.7000000000000001,8096,0.648447573184967,0.6256175889328063
prefill,code,9,7,0.7000000000000001,0.8,4973,0.7471153140068054,0.7263221395535894
prefill,code,9,8,0.8,0.9,3669,0.8437683582305908,0.8075769964568003
prefill,code,9,9,0.9,1.0,419,0.9113753437995911,0.883054892601432
prefill,code,10,0,0.0,0.1,410927,0.036407068371772766,0.04474760723924201
prefill,code,10,1,0.1,0.2,125855,0.1419520229101181,0.14039966628262684
prefill,code,10,2,0.2,0.30000000000000004,53395,0.2446652203798294,0.22384118363142616
prefill,code,10,3,0.30000000000000004,0.4,31143,0.3464481234550476,0.30417750377291847
prefill,code,10,4,0.4,0.5,18959,0.4449285566806793,0.4163721715280342
prefill,code,10,5,0.5,0.6000000000000001,12585,0.5449613332748413,0.5075089392133493
prefill,code,10,6,0.6000000000000001,0.7000000000000001,7519,0.6497054100036621,0.6167043489825774
prefill,code,10,7,0.7000000000000001,0.8,5528,0.7432089447975159,0.7331765557163531
prefill,code,10,8,0.8,0.9,3537,0.8482449650764465,0.8495900480633305
prefill,code,10,9,0.9,1.0,312,0.9078662395477295,0.8365384615384616
prefill,code,11,0,0.0,0.1,386875,0.03619644045829773,0.045195476575121164
prefill,code,11,1,0.1,0.2,111046,0.1418399214744568,0.13603371575743387
prefill,code,11,2,0.2,0.30000000000000004,49609,0.24438691139221191,0.2258058013666875
prefill,code,11,3,0.30000000000000004,0.4,29542,0.34576618671417236,0.3255026741588247
prefill,code,11,4,0.4,0.5,18392,0.4455447494983673,0.41371248368856023
prefill,code,11,5,0.5,0.6000000000000001,11190,0.546421468257904,0.532975871313673
prefill,code,11,6,0.6000000000000001,0.7000000000000001,7692,0.6482900977134705,0.6212948517940717
prefill,code,11,7,0.7000000000000001,0.8,4366,0.7459455728530884,0.7377462207970683
prefill,code,11,8,0.8,0.9,3076,0.8487225770950317,0.8624837451235371
prefill,code,11,9,0.9,1.0,132,0.9049808382987976,0.7954545454545454
prefill,code,12,0,0.0,0.1,359072,0.03598589822649956,0.043548369129311114
prefill,code,12,1,0.1,0.2,100255,0.14136847853660583,0.13238242481671736
prefill,code,12,2,0.2,0.30000000000000004,43936,0.2448728084564209,0.22564639475600873
prefill,code,12,3,0.30000000000000004,0.4,26976,0.3475402295589447,0.339449881376038
prefill,code,12,4,0.4,0.5,18191,0.4460523724555969,0.4253202132922874
prefill,code,12,5,0.5,0.6000000000000001,9903,0.543610155582428,0.495607391699485
prefill,code,12,6,0.6000000000000001,0.7000000000000001,6912,0.649242639541626,0.6083622685185185
prefill,code,12,7,0.7000000000000001,0.8,5058,0.7464076280593872,0.7522736259391064
prefill,code,12,8,0.8,0.9,3615,0.8503823280334473,0.8265560165975103
prefill,code,12,9,0.9,1.0,162,0.9058466553688049,0.845679012345679
prefill,code,13,0,0.0,0.1,330434,0.03485696390271187,0.04264694311118105
prefill,code,13,1,0.1,0.2,91044,0.14182768762111664,0.13771363296867448
prefill,code,13,2,0.2,0.30000000000000004,43037,0.24592140316963196,0.23259056160977765
prefill,code,13,3,0.30000000000000004,0.4,22792,0.34512585401535034,0.3463057213057213
prefill,code,13,4,0.4,0.5,14663,0.4471258223056793,0.4049648775830321
prefill,code,13,5,0.5,0.6000000000000001,8737,0.5480536222457886,0.4776238983632826
prefill,code,13,6,0.6000000000000001,0.7000000000000001,7341,0.6499224901199341,0.636016891431685
prefill,code,13,7,0.7000000000000001,0.8,4209,0.7464777827262878,0.770016631028748
prefill,code,13,8,0.8,0.9,3833,0.8459296226501465,0.8061570571354031
prefill,code,13,9,0.9,1.0,150,0.9063296318054199,0.9066666666666666
prefill,code,14,0,0.0,0.1,302963,0.03391014412045479,0.038899139498882705
prefill,code,14,1,0.1,0.2,79701,0.14162634313106537,0.1402617282091818
prefill,code,14,2,0.2,0.30000000000000004,36566,0.24509193003177643,0.2347809440463819
prefill,code,14,3,0.30000000000000004,0.4,22677,0.34533604979515076,0.34431362173126956
prefill,code,14,4,0.4,0.5,13831,0.44599011540412903,0.40539368086183214
prefill,code,14,5,0.5,0.6000000000000001,8270,0.5471333861351013,0.5326481257557436
prefill,code,14,6,0.6000000000000001,0.7000000000000001,5932,0.6504918932914734,0.6213755900202292
prefill,code,14,7,0.7000000000000001,0.8,4862,0.7455775737762451,0.7531879884821061
prefill,code,14,8,0.8,0.9,3287,0.8475683927536011,0.854578643139641
prefill,code,14,9,0.9,1.0,311,0.9091520309448242,0.8810289389067524
prefill,code,15,0,0.0,0.1,273794,0.03205506503582001,0.03742960035647239
prefill,code,15,1,0.1,0.2,69989,0.1421874314546585,0.13239223306519596
prefill,code,15,2,0.2,0.30000000000000004,32597,0.24437294900417328,0.2394392121974415
prefill,code,15,3,0.30000000000000004,0.4,18644,0.3479241728782654,0.3448294357434027
prefill,code,15,4,0.4,0.5,13191,0.44689705967903137,0.43385641725418844
prefill,code,15,5,0.5,0.6000000000000001,7763,0.5458028316497803,0.47301301043411054
prefill,code,15,6,0.6000000000000001,0.7000000000000001,5921,0.6488185524940491,0.6188143894612397
prefill,code,15,7,0.7000000000000001,0.8,4897,0.7461100220680237,0.7635286910353277
prefill,code,15,8,0.8,0.9,3288,0.8475649356842041,0.8604014598540146
prefill,code,15,9,0.9,1.0,476,0.913927435874939,0.9348739495798319
prefill,code,16,0,0.0,0.1,248340,0.03090069442987442,0.03446484658129983
prefill,code,16,1,0.1,0.2,57075,0.14184188842773438,0.12637757336837493
prefill,code,16,2,0.2,0.30000000000000004,28111,0.24538318812847137,0.2474476183700331
prefill,code,16,3,0.30000000000000004,0.4,16631,0.3455111086368561,0.3634778425831279
prefill,code,16,4,0.4,0.5,10127,0.4461485743522644,0.4389256443171719
prefill,code,16,5,0.5,0.6000000000000001,7211,0.5489987730979919,0.5079739287200111
prefill,code,16,6,0.6000000000000001,0.7000000000000001,6527,0.6491786241531372,0.6198866247893366
prefill,code,16,7,0.7000000000000001,0.8,5041,0.7445468902587891,0.7526284467367585
prefill,code,16,8,0.8,0.9,3532,0.8459357023239136,0.8513590033975085
prefill,code,16,9,0.9,1.0,125,0.9063409566879272,0.896
prefill,code,17,0,0.0,0.1,224180,0.030990175902843475,0.03253635471496119
prefill,code,17,1,0.1,0.2,43657,0.14088532328605652,0.1238289392308221
prefill,code,17,2,0.2,0.30000000000000004,22057,0.247238427400589,0.24527360928503422
prefill,code,17,3,0.30000000000000004,0.4,13778,0.3474780023097992,0.36347800841921907
prefill,code,17,4,0.4,0.5,9702,0.4460676312446594,0.46959389816532676
prefill,code,17,5,0.5,0.6000000000000001,7394,0.5470401644706726,0.5054097917230187
prefill,code,17,6,0.6000000000000001,0.7000000000000001,5686,0.6484896540641785,0.614315863524446
prefill,code,17,7,0.7000000000000001,0.8,4947,0.7495100498199463,0.7814837275116232
prefill,code,17,8,0.8,0.9,3338,0.8471302390098572,0.8909526662672259
prefill,code,17,9,0.9,1.0,141,0.9030156135559082,0.8226950354609929
prefill,code,18,0,0.0,0.1,195188,0.031221849843859673,0.032573723794495565
prefill,code,18,1,0.1,0.2,35355,0.14068681001663208,0.13336161787583087
prefill,code,18,2,0.2,0.30000000000000004,16877,0.2473789006471634,0.24246015287077088
prefill,code,18,3,0.30000000000000004,0.4,13277,0.34800824522972107,0.35286585825111094
prefill,code,18,4,0.4,0.5,8086,0.4433220326900482,0.47229779866435817
prefill,code,18,5,0.5,0.6000000000000001,5654,0.5495375990867615,0.5162716660771135
prefill,code,18,6,0.6000000000000001,0.7000000000000001,4612,0.6485825181007385,0.6058109280138768
prefill,code,18,7,0.7000000000000001,0.8,4304,0.748341977596283,0.7569702602230484
prefill,code,18,8,0.8,0.9,3507,0.8486746549606323,0.8788138009694896
prefill,code,18,9,0.9,1.0,180,0.9077611565589905,0.8777777777777778
prefill,code,19,0,0.0,0.1,162689,0.029061518609523773,0.029104610637473955
prefill,code,19,1,0.1,0.2,29848,0.14070068299770355,0.11645671401768963
prefill,code,19,2,0.2,0.30000000000000004,14259,0.24701353907585144,0.24454730345746545
prefill,code,19,3,0.30000000000000004,0.4,8715,0.3496745824813843,0.3670682730923695
prefill,code,19,4,0.4,0.5,6999,0.44794827699661255,0.46335190741534504
prefill,code,19,5,0.5,0.6000000000000001,5034,0.5473110675811768,0.5744934445768772
prefill,code,19,6,0.6000000000000001,0.7000000000000001,4445,0.6496259570121765,0.661867266591676
prefill,code,19,7,0.7000000000000001,0.8,3895,0.7446853518486023,0.7735558408215661
prefill,code,19,8,0.8,0.9,3122,0.8559249043464661,0.8757206918641897
prefill,code,19,9,0.9,1.0,194,0.9096453189849854,0.9226804123711341
prefill,code,20,0,0.0,0.1,136496,0.028582943603396416,0.026704079240417303
prefill,code,20,1,0.1,0.2,18406,0.13914166390895844,0.11414756057807236
prefill,code,20,2,0.2,0.30000000000000004,8707,0.2485038936138153,0.24531985758585045
prefill,code,20,3,0.30000000000000004,0.4,7177,0.34903407096862793,0.36630904277553294
prefill,code,20,4,0.4,0.5,5450,0.44837772846221924,0.4763302752293578
prefill,code,20,5,0.5,0.6000000000000001,4377,0.5471158027648926,0.5588302490290153
prefill,code,20,6,0.6000000000000001,0.7000000000000001,3407,0.6491890549659729,0.6557088347519812
prefill,code,20,7,0.7000000000000001,0.8,3752,0.7497706413269043,0.7990405117270789
prefill,code,20,8,0.8,0.9,3265,0.8493816256523132,0.8716692189892803
prefill,code,20,9,0.9,1.0,323,0.9084036350250244,0.8947368421052632
prefill,code,21,0,0.0,0.1,103053,0.02661537379026413,0.02323076475211784
prefill,code,21,1,0.1,0.2,13090,0.14182138442993164,0.11512605042016806
prefill,code,21,2,0.2,0.30000000000000004,6649,0.24782948195934296,0.26530305309069036
prefill,code,21,3,0.30000000000000004,0.4,5006,0.3488519489765167,0.34658409908110266
prefill,code,21,4,0.4,0.5,4597,0.44600608944892883,0.5014139656297585
prefill,code,21,5,0.5,0.6000000000000001,3029,0.5462859869003296,0.6104324859689667
prefill,code,21,6,0.6000000000000001,0.7000000000000001,2078,0.6488853693008423,0.7040423484119346
prefill,code,21,7,0.7000000000000001,0.8,2429,0.7509123682975769,0.7661589131329766
prefill,code,21,8,0.8,0.9,3233,0.8488747477531433,0.8400866068666872
prefill,code,21,9,0.9,1.0,356,0.9104055166244507,0.9719101123595506
prefill,code,22,0,0.0,0.1,67703,0.02611006610095501,0.02289411104382376
prefill,code,22,1,0.1,0.2,7757,0.1424321085214615,0.10957844527523528
prefill,code,22,2,0.2,0.30000000000000004,5410,0.25057610869407654,0.26839186691312383
prefill,code,22,3,0.30000000000000004,0.4,5074,0.34863296151161194,0.3630271974773354
prefill,code,22,4,0.4,0.5,3010,0.4445748031139374,0.5205980066445183
prefill,code,22,5,0.5,0.6000000000000001,2223,0.5477983951568604,0.581646423751687
prefill,code,22,6,0.6000000000000001,0.7000000000000001,1363,0.6533588171005249,0.6903888481291269
prefill,code,22,7,0.7000000000000001,0.8,1380,0.7518805861473083,0.731159420289855
prefill,code,22,8,0.8,0.9,1712,0.8452693819999695,0.822429906542056
prefill,code,22,9,0.9,1.0,48,0.9078763127326965,1.0
prefill,code,23,0,0.0,0.1,35164,0.025813912972807884,0.022124900466386075
prefill,code,23,1,0.1,0.2,3381,0.13897603750228882,0.09671694764862467
prefill,code,23,2,0.2,0.30000000000000004,1845,0.25973448157310486,0.2775067750677507
prefill,code,23,3,0.30000000000000004,0.4,1654,0.34773463010787964,0.38694074969770254
prefill,code,23,4,0.4,0.5,1608,0.4544949531555176,0.49502487562189057
prefill,code,23,5,0.5,0.6000000000000001,1397,0.5448184013366699,0.58840372226199
prefill,code,23,6,0.6000000000000001,0.7000000000000001,1118,0.6537214517593384,0.6869409660107334
prefill,code,23,7,0.7000000000000001,0.8,1053,0.7439689040184021,0.7996201329534662
prefill,code,23,8,0.8,0.9,612,0.8357039093971252,0.795751633986928
prefill,code,23,9,0.9,1.0,8,0.9069223403930664,1.0
prefill,conversation,1,0,0.0,0.1,412130,0.0408916175365448,0.03835440273700046
prefill,conversation,1,1,0.1,0.2,153972,0.14141800999641418,0.12591250357207803
prefill,conversation,1,2,0.2,0.30000000000000004,63339,0.24347186088562012,0.2468936989848277
prefill,conversation,1,3,0.30000000000000004,0.4,31567,0.3452349901199341,0.38071403681059335
prefill,conversation,1,4,0.4,0.5,17219,0.44503113627433777,0.4888785643765608
prefill,conversation,1,5,0.5,0.6000000000000001,9776,0.5462273955345154,0.5827536824877251
prefill,conversation,1,6,0.6000000000000001,0.7000000000000001,6894,0.6473021507263184,0.697708152016246
prefill,conversation,1,7,0.7000000000000001,0.8,4153,0.7400633096694946,0.7714904888032748
prefill,conversation,1,8,0.8,0.9,2702,0.8533868789672852,0.8919319022945966
prefill,conversation,1,9,0.9,1.0,392,0.9177007675170898,0.9668367346938775
prefill,conversation,2,0,0.0,0.1,401061,0.04020671546459198,0.03639845310314391
prefill,conversation,2,1,0.1,0.2,136136,0.14197716116905212,0.1275709584533114
prefill,conversation,2,2,0.2,0.30000000000000004,60789,0.24448272585868835,0.2385957985819803
prefill,conversation,2,3,0.30000000000000004,0.4,31204,0.3441123962402344,0.3886681194718626
prefill,conversation,2,4,0.4,0.5,18752,0.44650742411613464,0.4982401877133106
prefill,conversation,2,5,0.5,0.6000000000000001,10066,0.54491126537323,0.6099741704748659
prefill,conversation,2,6,0.6000000000000001,0.7000000000000001,6867,0.6469393968582153,0.6752584825979321
prefill,conversation,2,7,0.7000000000000001,0.8,4082,0.7434909343719482,0.7508574228319451
prefill,conversation,2,8,0.8,0.9,2389,0.8455010056495667,0.8166596902469653
prefill,conversation,2,9,0.9,1.0,270,0.9092769622802734,0.8111111111111111
prefill,conversation,3,0,0.0,0.1,384775,0.0398147851228714,0.036501851731531414
prefill,conversation,3,1,0.1,0.2,129880,0.14143411815166473,0.12648598706498307
prefill,conversation,3,2,0.2,0.30000000000000004,56585,0.24364465475082397,0.25254042590792614
prefill,conversation,3,3,0.30000000000000004,0.4,27872,0.34523147344589233,0.36628157290470725
prefill,conversation,3,4,0.4,0.5,17913,0.445528507232666,0.50929492547312
prefill,conversation,3,5,0.5,0.6000000000000001,10957,0.5483238697052002,0.6074655471388154
prefill,conversation,3,6,0.6000000000000001,0.7000000000000001,6455,0.643887996673584,0.680557707203718
prefill,conversation,3,7,0.7000000000000001,0.8,3723,0.7432960271835327,0.706419554123019
prefill,conversation,3,8,0.8,0.9,2627,0.8530776500701904,0.7921583555386372
prefill,conversation,3,9,0.9,1.0,301,0.9114711284637451,0.9335548172757475
prefill,conversation,4,0,0.0,0.1,366686,0.03901258111000061,0.036112641333456964
prefill,conversation,4,1,0.1,0.2,124567,0.14249412715435028,0.12917546380662615
prefill,conversation,4,2,0.2,0.30000000000000004,52130,0.24386869370937347,0.24133896029157875
prefill,conversation,4,3,0.30000000000000004,0.4,27427,0.3446452021598816,0.36985452291537535
prefill,conversation,4,4,0.4,0.5,16499,0.44589218497276306,0.5210012728044124
prefill,conversation,4,5,0.5,0.6000000000000001,10338,0.5458387136459351,0.6144321919133294
prefill,conversation,4,6,0.6000000000000001,0.7000000000000001,6030,0.6478063464164734,0.677943615257048
prefill,conversation,4,7,0.7000000000000001,0.8,3643,0.7453451752662659,0.7076585231951689
prefill,conversation,4,8,0.8,0.9,3064,0.8478878140449524,0.8178851174934726
prefill,conversation,4,9,0.9,1.0,176,0.9102819561958313,0.8068181818181818
prefill,conversation,5,0,0.0,0.1,350127,0.03906679525971413,0.037237916527431476
prefill,conversation,5,1,0.1,0.2,113843,0.14166146516799927,0.1318745992287624
prefill,conversation,5,2,0.2,0.30000000000000004,52021,0.24439476430416107,0.23065685011822148
prefill,conversation,5,3,0.30000000000000004,0.4,26373,0.3453221023082733,0.37265385052895006
prefill,conversation,5,4,0.4,0.5,15592,0.4463898837566376,0.5055156490507953
prefill,conversation,5,5,0.5,0.6000000000000001,9899,0.5464981198310852,0.6150116173350844
prefill,conversation,5,6,0.6000000000000001,0.7000000000000001,5557,0.647699236869812,0.6274968508187871
prefill,conversation,5,7,0.7000000000000001,0.8,3920,0.7441939115524292,0.7321428571428571
prefill,conversation,5,8,0.8,0.9,2395,0.8441152572631836,0.8384133611691023
prefill,conversation,5,9,0.9,1.0,305,0.9094974994659424,0.9540983606557377
prefill,conversation,6,0,0.0,0.1,333304,0.03946792706847191,0.03687324484554641
prefill,conversation,6,1,0.1,0.2,105336,0.14180971682071686,0.1303637882585251
prefill,conversation,6,2,0.2,0.30000000000000004,49158,0.2439233660697937,0.24758940559013792
prefill,conversation,6,3,0.30000000000000004,0.4,26387,0.3465254008769989,0.36290597642778644
prefill,conversation,6,4,0.4,0.5,14875,0.44510704278945923,0.505546218487395
prefill,conversation,6,5,0.5,0.6000000000000001,8455,0.5469735860824585,0.5887640449438202
prefill,conversation,6,6,0.6000000000000001,0.7000000000000001,5502,0.6474531888961792,0.6390403489640131
prefill,conversation,6,7,0.7000000000000001,0.8,4160,0.7441041469573975,0.715625
prefill,conversation,6,8,0.8,0.9,2134,0.8471937775611877,0.8294283036551078
prefill,conversation,6,9,0.9,1.0,193,0.9140549898147583,0.8186528497409327
prefill,conversation,7,0,0.0,0.1,315689,0.038439344614744186,0.037023779732584916
prefill,conversation,7,1,0.1,0.2,101328,0.1425408124923706,0.13034896573503868
prefill,conversation,7,2,0.2,0.30000000000000004,43664,0.2439168095588684,0.25036643459142544
prefill,conversation,7,3,0.30000000000000004,0.4,23216,0.346403568983078,0.37375086147484493
prefill,conversation,7,4,0.4,0.5,13968,0.4438217282295227,0.4777348224513173
prefill,conversation,7,5,0.5,0.6000000000000001,8449,0.547782301902771,0.5766362883181442
prefill,conversation,7,6,0.6000000000000001,0.7000000000000001,6367,0.6456794142723083,0.6299670174336423
prefill,conversation,7,7,0.7000000000000001,0.8,3993,0.7464613318443298,0.7285249186075632
prefill,conversation,7,8,0.8,0.9,1883,0.8406569361686707,0.8077535847052576
prefill,conversation,7,9,0.9,1.0,419,0.9108169078826904,0.9093078758949881
prefill,conversation,8,0,0.0,0.1,301300,0.03751933202147484,0.035373382011284434
prefill,conversation,8,1,0.1,0.2,88848,0.14276763796806335,0.13776337115072934
prefill,conversation,8,2,0.2,0.30000000000000004,41387,0.2438797950744629,0.23768333051441273
prefill,conversation,8,3,0.30000000000000004,0.4,22336,0.34601449966430664,0.3694931948424069
prefill,conversation,8,4,0.4,0.5,13528,0.44472646713256836,0.47930218805440566
prefill,conversation,8,5,0.5,0.6000000000000001,9086,0.5486913323402405,0.5817741580453445
prefill,conversation,8,6,0.6000000000000001,0.7000000000000001,5641,0.6461233496665955,0.6392483602198192
prefill,conversation,8,7,0.7000000000000001,0.8,3939,0.7434883713722229,0.7060167555217061
prefill,conversation,8,8,0.8,0.9,2091,0.8485335111618042,0.7833572453371592
prefill,conversation,8,9,0.9,1.0,292,0.91121906042099,0.934931506849315
prefill,conversation,9,0,0.0,0.1,281866,0.036216724663972855,0.03523305400438506
prefill,conversation,9,1,0.1,0.2,82285,0.14231494069099426,0.13099592878410402
prefill,conversation,9,2,0.2,0.30000000000000004,40320,0.2448948174715042,0.2443204365079365
prefill,conversation,9,3,0.30000000000000004,0.4,19490,0.345531702041626,0.3640328373524885
prefill,conversation,9,4,0.4,0.5,13503,0.446536123752594,0.4781900318447752
prefill,conversation,9,5,0.5,0.6000000000000001,9188,0.5454589128494263,0.566608619939051
prefill,conversation,9,6,0.6000000000000001,0.7000000000000001,5557,0.6490116119384766,0.6683462299802051
prefill,conversation,9,7,0.7000000000000001,0.8,3369,0.7451316714286804,0.6904125853368952
prefill,conversation,9,8,0.8,0.9,2258,0.842131495475769,0.8007085916740478
prefill,conversation,9,9,0.9,1.0,84,0.9083324670791626,0.8690476190476191
prefill,conversation,10,0,0.0,0.1,264292,0.03608207404613495,0.03451107108803899
prefill,conversation,10,1,0.1,0.2,77796,0.14179007709026337,0.1333230500282791
prefill,conversation,10,2,0.2,0.30000000000000004,33822,0.24493202567100525,0.25232097451363017
prefill,conversation,10,3,0.30000000000000004,0.4,19378,0.34711089730262756,0.34523686654969554
prefill,conversation,10,4,0.4,0.5,12542,0.4446554183959961,0.4896348269813427
prefill,conversation,10,5,0.5,0.6000000000000001,8269,0.5454823970794678,0.5737090337404764
prefill,conversation,10,6,0.6000000000000001,0.7000000000000001,5158,0.6501225829124451,0.6454051958123304
prefill,conversation,10,7,0.7000000000000001,0.8,3982,0.7436076998710632,0.6878453038674033
prefill,conversation,10,8,0.8,0.9,2102,0.845579981803894,0.813510941960038
prefill,conversation,10,9,0.9,1.0,51,0.9047314524650574,0.8627450980392157
prefill,conversation,11,0,0.0,0.1,248471,0.036133211106061935,0.03574260175231717
prefill,conversation,11,1,0.1,0.2,69418,0.14179442822933197,0.135382753752629
prefill,conversation,11,2,0.2,0.30000000000000004,30987,0.24430309236049652,0.24781359925129892
prefill,conversation,11,3,0.30000000000000004,0.4,18368,0.34595203399658203,0.3682491289198606
prefill,conversation,11,4,0.4,0.5,12074,0.44673746824264526,0.46016233228424713
prefill,conversation,11,5,0.5,0.6000000000000001,7318,0.5469977855682373,0.5713309647444657
prefill,conversation,11,6,0.6000000000000001,0.7000000000000001,5022,0.6488196849822998,0.6533253683791318
prefill,conversation,11,7,0.7000000000000001,0.8,2968,0.7465807199478149,0.680256064690027
prefill,conversation,11,8,0.8,0.9,2139,0.8497762680053711,0.8242169237961664
prefill,conversation,11,9,0.9,1.0,99,0.9059414267539978,0.8686868686868687
prefill,conversation,12,0,0.0,0.1,230809,0.035691410303115845,0.03556187150414412
prefill,conversation,12,1,0.1,0.2,62067,0.14169183373451233,0.13762546925097072
prefill,conversation,12,2,0.2,0.30000000000000004,28723,0.2443605661392212,0.23977300421265188
prefill,conversation,12,3,0.30000000000000004,0.4,16995,0.34789708256721497,0.39158576051779936
prefill,conversation,12,4,0.4,0.5,10841,0.44523218274116516,0.4567844294806752
prefill,conversation,12,5,0.5,0.6000000000000001,6456,0.5442572236061096,0.5399628252788105
prefill,conversation,12,6,0.6000000000000001,0.7000000000000001,4713,0.6497812271118164,0.5936770634415447
prefill,conversation,12,7,0.7000000000000001,0.8,3073,0.7461534142494202,0.6993166287015945
prefill,conversation,12,8,0.8,0.9,2624,0.8493490219116211,0.7934451219512195
prefill,conversation,12,9,0.9,1.0,35,0.9063048958778381,0.9428571428571428
prefill,conversation,13,0,0.0,0.1,211489,0.03467028588056564,0.03536354136621763
prefill,conversation,13,1,0.1,0.2,57323,0.14259785413742065,0.13959492699265566
prefill,conversation,13,2,0.2,0.30000000000000004,26658,0.24548110365867615,0.2529822192212469
prefill,conversation,13,3,0.30000000000000004,0.4,14782,0.34536877274513245,0.36361791367879853
prefill,conversation,13,4,0.4,0.5,9363,0.44782373309135437,0.45487557406814055
prefill,conversation,13,5,0.5,0.6000000000000001,6107,0.5452930927276611,0.5321761912559358
prefill,conversation,13,6,0.6000000000000001,0.7000000000000001,4694,0.6528795957565308,0.6203664252236898
prefill,conversation,13,7,0.7000000000000001,0.8,2758,0.7422292828559875,0.7030456852791879
prefill,conversation,13,8,0.8,0.9,2549,0.8499333262443542,0.7618673989799921
prefill,conversation,13,9,0.9,1.0,85,0.9063230752944946,0.8705882352941177
prefill,conversation,14,0,0.0,0.1,192955,0.03381581977009773,0.033966468865797725
prefill,conversation,14,1,0.1,0.2,51856,0.14179128408432007,0.14503625424251773
prefill,conversation,14,2,0.2,0.30000000000000004,22256,0.24520984292030334,0.25089863407620416
prefill,conversation,14,3,0.30000000000000004,0.4,14648,0.34562087059020996,0.3661250682687056
prefill,conversation,14,4,0.4,0.5,8776,0.44611644744873047,0.4222880583409298
prefill,conversation,14,5,0.5,0.6000000000000001,5396,0.5478853583335876,0.5554114158636027
prefill,conversation,14,6,0.6000000000000001,0.7000000000000001,3970,0.6504436135292053,0.610831234256927
prefill,conversation,14,7,0.7000000000000001,0.8,3126,0.747501015663147,0.6829814459373
prefill,conversation,14,8,0.8,0.9,2072,0.8443005084991455,0.8021235521235521
prefill,conversation,14,9,0.9,1.0,225,0.9107348918914795,0.9466666666666667
prefill,conversation,15,0,0.0,0.1,175431,0.03218698501586914,0.03224059601780757
prefill,conversation,15,1,0.1,0.2,43852,0.14255046844482422,0.1469032199215543
prefill,conversation,15,2,0.2,0.30000000000000004,21028,0.24455153942108154,0.2518071143237588
prefill,conversation,15,3,0.30000000000000004,0.4,11632,0.34686771035194397,0.3503266850068776
prefill,conversation,15,4,0.4,0.5,8157,0.44845449924468994,0.45310776020595805
prefill,conversation,15,5,0.5,0.6000000000000001,5237,0.5474327206611633,0.5079243841894214
prefill,conversation,15,6,0.6000000000000001,0.7000000000000001,3884,0.6486837863922119,0.586508753861998
prefill,conversation,15,7,0.7000000000000001,0.8,3284,0.7454569935798645,0.7168087697929354
prefill,conversation,15,8,0.8,0.9,2118,0.8478356599807739,0.8342776203966006
prefill,conversation,15,9,0.9,1.0,129,0.9084653854370117,0.937984496124031
prefill,conversation,16,0,0.0,0.1,159398,0.03104058839380741,0.032905055270455084
prefill,conversation,16,1,0.1,0.2,36077,0.1418122798204422,0.14552207777808576
prefill,conversation,16,2,0.2,0.30000000000000004,17275,0.24552132189273834,0.24665701881331403
prefill,conversation,16,3,0.30000000000000004,0.4,10768,0.3457506000995636,0.34296062407132244
prefill,conversation,16,4,0.4,0.5,6282,0.4466513395309448,0.46832219038522765
prefill,conversation,16,5,0.5,0.6000000000000001,4727,0.5497228503227234,0.5212608419716522
prefill,conversation,16,6,0.6000000000000001,0.7000000000000001,3988,0.6498448848724365,0.6045636910732196
prefill,conversation,16,7,0.7000000000000001,0.8,3353,0.7453108429908752,0.6981807336713391
prefill,conversation,16,8,0.8,0.9,2266,0.8470070958137512,0.8168578993821712
prefill,conversation,16,9,0.9,1.0,90,0.9073941707611084,0.7777777777777778
prefill,conversation,17,0,0.0,0.1,143806,0.030992750078439713,0.031577263813749076
prefill,conversation,17,1,0.1,0.2,27068,0.14158600568771362,0.14312102852076253
prefill,conversation,17,2,0.2,0.30000000000000004,13666,0.2477288842201233,0.24886579833162592
prefill,conversation,17,3,0.30000000000000004,0.4,9370,0.34873467683792114,0.3473852721451441
prefill,conversation,17,4,0.4,0.5,6392,0.4448804557323456,0.46307884856070086
prefill,conversation,17,5,0.5,0.6000000000000001,4673,0.5483289361000061,0.5384121549325915
prefill,conversation,17,6,0.6000000000000001,0.7000000000000001,3643,0.6456184983253479,0.6080153719461981
prefill,conversation,17,7,0.7000000000000001,0.8,2947,0.7485177516937256,0.7261621988462844
prefill,conversation,17,8,0.8,0.9,2067,0.8496464490890503,0.8538945331398161
prefill,conversation,17,9,0.9,1.0,64,0.9028230905532837,0.703125
prefill,conversation,18,0,0.0,0.1,124353,0.030876992270350456,0.03240774247505086
prefill,conversation,18,1,0.1,0.2,22407,0.14220614731311798,0.15240772972731736
prefill,conversation,18,2,0.2,0.30000000000000004,11358,0.24575167894363403,0.2500440218348301
prefill,conversation,18,3,0.30000000000000004,0.4,8190,0.3479069471359253,0.3338217338217338
prefill,conversation,18,4,0.4,0.5,5522,0.443975567817688,0.45128576602680187
prefill,conversation,18,5,0.5,0.6000000000000001,3362,0.5487911701202393,0.5062462819750149
prefill,conversation,18,6,0.6000000000000001,0.7000000000000001,2954,0.6483423113822937,0.5954637779282329
prefill,conversation,18,7,0.7000000000000001,0.8,2744,0.7450516223907471,0.722667638483965
prefill,conversation,18,8,0.8,0.9,2120,0.8489093780517578,0.8415094339622642
prefill,conversation,18,9,0.9,1.0,158,0.9084932208061218,0.9936708860759493
prefill,conversation,19,0,0.0,0.1,104080,0.028775885701179504,0.030995388162951575
prefill,conversation,19,1,0.1,0.2,19096,0.1402873992919922,0.14573732718894009
prefill,conversation,19,2,0.2,0.30000000000000004,8916,0.2453128546476364,0.2633467922835352
prefill,conversation,19,3,0.30000000000000004,0.4,5625,0.3488040864467621,0.3456
prefill,conversation,19,4,0.4,0.5,4475,0.44725465774536133,0.45206703910614526
prefill,conversation,19,5,0.5,0.6000000000000001,2882,0.5466256141662598,0.5117973629424011
prefill,conversation,19,6,0.6000000000000001,0.7000000000000001,2787,0.6541728973388672,0.5941872981700753
prefill,conversation,19,7,0.7000000000000001,0.8,2728,0.7442403435707092,0.6818181818181818
prefill,conversation,19,8,0.8,0.9,1886,0.8523631691932678,0.8552492046659597
prefill,conversation,19,9,0.9,1.0,165,0.9093998074531555,0.9212121212121213
prefill,conversation,20,0,0.0,0.1,86709,0.027986451983451843,0.03046973209240102
prefill,conversation,20,1,0.1,0.2,11928,0.13970836997032166,0.15325285043594902
prefill,conversation,20,2,0.2,0.30000000000000004,6028,0.24561810493469238,0.25481088254810885
prefill,conversation,20,3,0.30000000000000004,0.4,4373,0.35080277919769287,0.3606219986279442
prefill,conversation,20,4,0.4,0.5,3642,0.4475308358669281,0.41652937946183416
prefill,conversation,20,5,0.5,0.6000000000000001,2750,0.545688807964325,0.5145454545454545
prefill,conversation,20,6,0.6000000000000001,0.7000000000000001,2225,0.6493033766746521,0.581123595505618
prefill,conversation,20,7,0.7000000000000001,0.8,2250,0.7503914833068848,0.7128888888888889
prefill,conversation,20,8,0.8,0.9,1940,0.8499451875686646,0.8324742268041238
prefill,conversation,20,9,0.9,1.0,267,0.910114586353302,0.8876404494382022
prefill,conversation,21,0,0.0,0.1,65775,0.02661825902760029,0.03168377042949449
prefill,conversation,21,1,0.1,0.2,8223,0.14209118485450745,0.1668490818436094
prefill,conversation,21,2,0.2,0.30000000000000004,4362,0.24694862961769104,0.2579092159559835
prefill,conversation,21,3,0.30000000000000004,0.4,3400,0.3493819534778595,0.3402941176470588
prefill,conversation,21,4,0.4,0.5,2963,0.4448012411594391,0.4316571042861964
prefill,conversation,21,5,0.5,0.6000000000000001,1801,0.5436542630195618,0.4725152692948362
prefill,conversation,21,6,0.6000000000000001,0.7000000000000001,1352,0.6507291197776794,0.6153846153846154
prefill,conversation,21,7,0.7000000000000001,0.8,1602,0.7517741918563843,0.6541822721598003
prefill,conversation,21,8,0.8,0.9,1919,0.8451662659645081,0.7889525794684732
prefill,conversation,21,9,0.9,1.0,187,0.9119484424591064,0.9946524064171123
prefill,conversation,22,0,0.0,0.1,43074,0.026077494025230408,0.032757579978641406
prefill,conversation,22,1,0.1,0.2,5154,0.1429821401834488,0.16453240201785022
prefill,conversation,22,2,0.2,0.30000000000000004,3692,0.2500722408294678,0.24268689057421453
prefill,conversation,22,3,0.30000000000000004,0.4,2925,0.345893532037735,0.3494017094017094
prefill,conversation,22,4,0.4,0.5,1829,0.44533535838127136,0.4723892837616184
prefill,conversation,22,5,0.5,0.6000000000000001,1446,0.5481947064399719,0.4723374827109267
prefill,conversation,22,6,0.6000000000000001,0.7000000000000001,947,0.6518933773040771,0.5659978880675819
prefill,conversation,22,7,0.7000000000000001,0.8,965,0.7533909678459167,0.6569948186528497
prefill,conversation,22,8,0.8,0.9,1017,0.8418872356414795,0.7187807276302851
prefill,conversation,22,9,0.9,1.0,7,0.9078390002250671,1.0
prefill,conversation,23,0,0.0,0.1,22412,0.02559114806354046,0.03270569337854721
prefill,conversation,23,1,0.1,0.2,2204,0.1407902091741562,0.14382940108892922
prefill,conversation,23,2,0.2,0.30000000000000004,1259,0.2565031349658966,0.2811755361397935
prefill,conversation,23,3,0.30000000000000004,0.4,972,0.3477601110935211,0.38580246913580246
prefill,conversation,23,4,0.4,0.5,1075,0.45572441816329956,0.47162790697674417
prefill,conversation,23,5,0.5,0.6000000000000001,826,0.5479218363761902,0.4782082324455206
prefill,conversation,23,6,0.6000000000000001,0.7000000000000001,811,0.648957371711731,0.5721331689272503
prefill,conversation,23,7,0.7000000000000001,0.8,581,0.7453675270080566,0.693631669535284
prefill,conversation,23,8,0.8,0.9,378,0.8375831842422485,0.6825396825396826
prefill,conversation,23,9,0.9,1.0,10,0.906649112701416,1.0
prefill,general,1,0,0.0,0.1,890051,0.04064532369375229,0.033237421226424105
prefill,general,1,1,0.1,0.2,331920,0.1416168212890625,0.13190829115449507
prefill,general,1,2,0.2,0.30000000000000004,139721,0.24382513761520386,0.259925136522069
prefill,general,1,3,0.30000000000000004,0.4,70503,0.34486958384513855,0.39279179609378323
prefill,general,1,4,0.4,0.5,36830,0.4444480538368225,0.48229704045614985
prefill,general,1,5,0.5,0.6000000000000001,20643,0.5452061891555786,0.567795378578695
prefill,general,1,6,0.6000000000000001,0.7000000000000001,13814,0.6466993093490601,0.6796004053858404
prefill,general,1,7,0.7000000000000001,0.8,8597,0.7436906695365906,0.8141212050715366
prefill,general,1,8,0.8,0.9,6155,0.8537202477455139,0.942323314378554
prefill,general,1,9,0.9,1.0,870,0.9225305914878845,0.9666666666666667
prefill,general,2,0,0.0,0.1,861663,0.03993886709213257,0.031390462396551785
prefill,general,2,1,0.1,0.2,295641,0.14202836155891418,0.12978240501148353
prefill,general,2,2,0.2,0.30000000000000004,137559,0.24425354599952698,0.26141510188355543
prefill,general,2,3,0.30000000000000004,0.4,67124,0.34415537118911743,0.38790894463977116
prefill,general,2,4,0.4,0.5,39926,0.446200966835022,0.4803887191303912
prefill,general,2,5,0.5,0.6000000000000001,21757,0.5447332859039307,0.5875350461920301
prefill,general,2,6,0.6000000000000001,0.7000000000000001,14707,0.6461817026138306,0.6736927993472496
prefill,general,2,7,0.7000000000000001,0.8,8653,0.744032621383667,0.8207558072344852
prefill,general,2,8,0.8,0.9,5427,0.8451592326164246,0.8708310300350102
prefill,general,2,9,0.9,1.0,599,0.9096997380256653,0.8647746243739566
prefill,general,3,0,0.0,0.1,828418,0.0398874469101429,0.03217337141394803
prefill,general,3,1,0.1,0.2,282201,0.14191702008247375,0.13152327596287752
prefill,general,3,2,0.2,0.30000000000000004,125828,0.24355730414390564,0.2645277680643418
prefill,general,3,3,0.30000000000000004,0.4,61313,0.3459262549877167,0.37189503041769284
prefill,general,3,4,0.4,0.5,39257,0.4441879391670227,0.49160659245484883
prefill,general,3,5,0.5,0.6000000000000001,23062,0.5479500889778137,0.6119157054895499
prefill,general,3,6,0.6000000000000001,0.7000000000000001,12597,0.6449207067489624,0.6877828054298643
prefill,general,3,7,0.7000000000000001,0.8,7957,0.7432655692100525,0.7445016966193289
prefill,general,3,8,0.8,0.9,5922,0.855263352394104,0.8606889564336373
prefill,general,3,9,0.9,1.0,453,0.9094239473342896,0.9359823399558499
prefill,general,4,0,0.0,0.1,789571,0.03873641416430473,0.031257480327924914
prefill,general,4,1,0.1,0.2,267700,0.14290323853492737,0.13221143070601418
prefill,general,4,2,0.2,0.30000000000000004,117855,0.24452507495880127,0.2621526451996097
prefill,general,4,3,0.30000000000000004,0.4,61404,0.34445375204086304,0.37803726141619437
prefill,general,4,4,0.4,0.5,35395,0.44608446955680847,0.4803503319677921
prefill,general,4,5,0.5,0.6000000000000001,21189,0.5456421375274658,0.6040870262872245
prefill,general,4,6,0.6000000000000001,0.7000000000000001,13119,0.647671103477478,0.7011967375562161
prefill,general,4,7,0.7000000000000001,0.8,7269,0.7440972328186035,0.7493465401018021
prefill,general,4,8,0.8,0.9,7242,0.8473266363143921,0.8704777685722176
prefill,general,4,9,0.9,1.0,216,0.9079440236091614,0.8611111111111112
prefill,general,5,0,0.0,0.1,756645,0.039132989943027496,0.0313079449411547
prefill,general,5,1,0.1,0.2,246346,0.14168071746826172,0.13915387300788323
prefill,general,5,2,0.2,0.30000000000000004,112962,0.24423985183238983,0.25386413130079144
prefill,general,5,3,0.30000000000000004,0.4,58167,0.3456370234489441,0.37247924080664296
prefill,general,5,4,0.4,0.5,33809,0.4461863934993744,0.4864089443639268
prefill,general,5,5,0.5,0.6000000000000001,21113,0.545443594455719,0.6023303178136693
prefill,general,5,6,0.6000000000000001,0.7000000000000001,11177,0.6467193365097046,0.6615370850854433
prefill,general,5,7,0.7000000000000001,0.8,7779,0.7441909313201904,0.7588378969019154
prefill,general,5,8,0.8,0.9,6025,0.8428083062171936,0.8703734439834024
prefill,general,5,9,0.9,1.0,889,0.91231369972229,0.9550056242969629
prefill,general,6,0,0.0,0.1,715257,0.038990411907434464,0.031338386062632034
prefill,general,6,1,0.1,0.2,234279,0.14223432540893555,0.1368283115430747
prefill,general,6,2,0.2,0.30000000000000004,107218,0.24468755722045898,0.2596578932641907
prefill,general,6,3,0.30000000000000004,0.4,57904,0.3449847400188446,0.3643962420558165
prefill,general,6,4,0.4,0.5,31402,0.44422897696495056,0.5079931214572321
prefill,general,6,5,0.5,0.6000000000000001,17435,0.5471283197402954,0.5860051620303987
prefill,general,6,6,0.6000000000000001,0.7000000000000001,11430,0.6480905413627625,0.6800524934383202
prefill,general,6,7,0.7000000000000001,0.8,8391,0.7426119446754456,0.7535454653795733
prefill,general,6,8,0.8,0.9,4992,0.8504959344863892,0.8846153846153846
prefill,general,6,9,0.9,1.0,556,0.9141734838485718,0.9280575539568345
prefill,general,7,0,0.0,0.1,685870,0.03837672621011734,0.03129747619811334
prefill,general,7,1,0.1,0.2,212222,0.1422167867422104,0.13532527259190846
prefill,general,7,2,0.2,0.30000000000000004,97614,0.24468566477298737,0.26339459503759705
prefill,general,7,3,0.30000000000000004,0.4,53174,0.3461167812347412,0.38479332004363037
prefill,general,7,4,0.4,0.5,30653,0.44306519627571106,0.49176263334747006
prefill,general,7,5,0.5,0.6000000000000001,17130,0.5469538569450378,0.554816112084063
prefill,general,7,6,0.6000000000000001,0.7000000000000001,12526,0.6461302042007446,0.6535206769918569
prefill,general,7,7,0.7000000000000001,0.8,8172,0.7475048899650574,0.7870778267254038
prefill,general,7,8,0.8,0.9,4620,0.842659056186676,0.8735930735930736
prefill,general,7,9,0.9,1.0,835,0.9102498292922974,0.9137724550898204
prefill,general,8,0,0.0,0.1,650419,0.03739054128527641,0.028975168314578754
prefill,general,8,1,0.1,0.2,189477,0.14308203756809235,0.1412836386474348
prefill,general,8,2,0.2,0.30000000000000004,93332,0.24503955245018005,0.25156430806154373
prefill,general,8,3,0.30000000000000004,0.4,51297,0.34683749079704285,0.38569506988712793
prefill,general,8,4,0.4,0.5,30630,0.44328227639198303,0.47642833823049296
prefill,general,8,5,0.5,0.6000000000000001,17255,0.5475692749023438,0.5893943784410316
prefill,general,8,6,0.6000000000000001,0.7000000000000001,10885,0.646404504776001,0.6800183739090492
prefill,general,8,7,0.7000000000000001,0.8,8127,0.746408224105835,0.7915590008613265
prefill,general,8,8,0.8,0.9,4719,0.8448099493980408,0.8537825810553084
prefill,general,8,9,0.9,1.0,627,0.9119077920913696,0.9393939393939394
prefill,general,9,0,0.0,0.1,611217,0.0358978807926178,0.02903060615133414
prefill,general,9,1,0.1,0.2,177639,0.14294946193695068,0.13730655993334798
prefill,general,9,2,0.2,0.30000000000000004,85530,0.2444373518228531,0.25197006898164387
prefill,general,9,3,0.30000000000000004,0.4,43340,0.3456737995147705,0.38179510844485465
prefill,general,9,4,0.4,0.5,29480,0.4459419846534729,0.4846336499321574
prefill,general,9,5,0.5,0.6000000000000001,18597,0.5449076890945435,0.5862235844491047
prefill,general,9,6,0.6000000000000001,0.7000000000000001,11543,0.6480560302734375,0.6715758468335787
prefill,general,9,7,0.7000000000000001,0.8,7711,0.7495471835136414,0.7541174944883932
prefill,general,9,8,0.8,0.9,5361,0.8420063853263855,0.8515202387614251
prefill,general,9,9,0.9,1.0,302,0.9100419878959656,0.9470198675496688
prefill,general,10,0,0.0,0.1,571725,0.03564530983567238,0.02915037824128733
prefill,general,10,1,0.1,0.2,168409,0.14187902212142944,0.13313421491725502
prefill,general,10,2,0.2,0.30000000000000004,72633,0.2440611571073532,0.2596891220244242
prefill,general,10,3,0.30000000000000004,0.4,43186,0.3470778167247772,0.37493632195618953
prefill,general,10,4,0.4,0.5,26997,0.44509944319725037,0.4797570100381524
prefill,general,10,5,0.5,0.6000000000000001,17509,0.5458946824073792,0.6063738648694957
prefill,general,10,6,0.6000000000000001,0.7000000000000001,11092,0.6488794684410095,0.6937432383699964
prefill,general,10,7,0.7000000000000001,0.8,8006,0.7415547370910645,0.7229577816637521
prefill,general,10,8,0.8,0.9,4704,0.8524696230888367,0.8560799319727891
prefill,general,10,9,0.9,1.0,411,0.9060086011886597,0.8856447688564477
prefill,general,11,0,0.0,0.1,539314,0.03585820645093918,0.02973777799204174
prefill,general,11,1,0.1,0.2,147426,0.14233657717704773,0.13757410497469916
prefill,general,11,2,0.2,0.30000000000000004,68978,0.24434363842010498,0.25773435008263507
prefill,general,11,3,0.30000000000000004,0.4,39244,0.34645190834999084,0.37819794108653554
prefill,general,11,4,0.4,0.5,24235,0.44717490673065186,0.4790179492469569
prefill,general,11,5,0.5,0.6000000000000001,16877,0.5452430844306946,0.5806719203649938
prefill,general,11,6,0.6000000000000001,0.7000000000000001,10261,0.6481804251670837,0.681415066757626
prefill,general,11,7,0.7000000000000001,0.8,6367,0.7457931041717529,0.7513742735982409
prefill,general,11,8,0.8,0.9,5636,0.8512464761734009,0.8766855926188787
prefill,general,11,9,0.9,1.0,286,0.9056836366653442,0.916083916083916
prefill,general,12,0,0.0,0.1,496266,0.035519808530807495,0.028420242370019305
prefill,general,12,1,0.1,0.2,136714,0.14243164658546448,0.14089998098219642
prefill,general,12,2,0.2,0.30000000000000004,64721,0.24441605806350708,0.2534725977657947
prefill,general,12,3,0.30000000000000004,0.4,35313,0.3472815752029419,0.37733978987908134
prefill,general,12,4,0.4,0.5,23141,0.44525811076164246,0.4724514930210449
prefill,general,12,5,0.5,0.6000000000000001,13545,0.5456758141517639,0.5805094130675525
prefill,general,12,6,0.6000000000000001,0.7000000000000001,10090,0.64878249168396,0.66798810703667
prefill,general,12,7,0.7000000000000001,0.8,6963,0.747604250907898,0.7834266839006175
prefill,general,12,8,0.8,0.9,5778,0.8429245352745056,0.8549671166493596
prefill,general,12,9,0.9,1.0,45,0.9050772786140442,0.9777777777777777
prefill,general,13,0,0.0,0.1,456580,0.03479029983282089,0.029532612028560164
prefill,general,13,1,0.1,0.2,124644,0.14272207021713257,0.13532941818298513
prefill,general,13,2,0.2,0.30000000000000004,57059,0.2454877495765686,0.25752291487758283
prefill,general,13,3,0.30000000000000004,0.4,34028,0.34516623616218567,0.35570706477018926
prefill,general,13,4,0.4,0.5,19453,0.4465380012989044,0.4804400349560479
prefill,general,13,5,0.5,0.6000000000000001,12338,0.546359121799469,0.5920732695736748
prefill,general,13,6,0.6000000000000001,0.7000000000000001,10020,0.6519287824630737,0.7026946107784431
prefill,general,13,7,0.7000000000000001,0.8,6717,0.7420220375061035,0.7734107488462111
prefill,general,13,8,0.8,0.9,5401,0.8487251996994019,0.8413256804295501
prefill,general,13,9,0.9,1.0,288,0.9073903560638428,0.8159722222222222
prefill,general,14,0,0.0,0.1,417965,0.03364428132772446,0.02833251588051631
prefill,general,14,1,0.1,0.2,111553,0.1420084536075592,0.13647324590105153
prefill,general,14,2,0.2,0.30000000000000004,48842,0.2460464984178543,0.25027640145776175
prefill,general,14,3,0.30000000000000004,0.4,30807,0.34504497051239014,0.3677410978024475
prefill,general,14,4,0.4,0.5,18335,0.4461631178855896,0.464412326152168
prefill,general,14,5,0.5,0.6000000000000001,11631,0.547914981842041,0.597798985469865
prefill,general,14,6,0.6000000000000001,0.7000000000000001,8354,0.6483078598976135,0.7026574096241321
prefill,general,14,7,0.7000000000000001,0.8,7171,0.7495484948158264,0.7810626133035838
prefill,general,14,8,0.8,0.9,5204,0.8446636199951172,0.850499615680246
prefill,general,14,9,0.9,1.0,618,0.9093233942985535,0.9320388349514563
prefill,general,15,0,0.0,0.1,378424,0.03169200196862221,0.02612149335137306
prefill,general,15,1,0.1,0.2,95680,0.14360566437244415,0.14390677257525084
prefill,general,15,2,0.2,0.30000000000000004,45674,0.24522875249385834,0.2530761483557385
prefill,general,15,3,0.30000000000000004,0.4,25388,0.3456379771232605,0.3458326768552072
prefill,general,15,4,0.4,0.5,17339,0.4473028779029846,0.4628871330526559
prefill,general,15,5,0.5,0.6000000000000001,10451,0.5477045774459839,0.5357382068701559
prefill,general,15,6,0.6000000000000001,0.7000000000000001,9304,0.6478669047355652,0.7015262252794497
prefill,general,15,7,0.7000000000000001,0.8,6678,0.746785581111908,0.7966457023060797
prefill,general,15,8,0.8,0.9,4944,0.8499215841293335,0.8766181229773463
prefill,general,15,9,0.9,1.0,550,0.9092346429824829,0.9181818181818182
prefill,general,16,0,0.0,0.1,346422,0.030734442174434662,0.025881728065769494
prefill,general,16,1,0.1,0.2,76021,0.14217427372932434,0.14481524841820023
prefill,general,16,2,0.2,0.30000000000000004,35593,0.24636226892471313,0.24636866799651616
prefill,general,16,3,0.30000000000000004,0.4,24535,0.34671103954315186,0.3362135724475239
prefill,general,16,4,0.4,0.5,15135,0.44598740339279175,0.480806078625702
prefill,general,16,5,0.5,0.6000000000000001,10613,0.5480833649635315,0.5739187788561199
prefill,general,16,6,0.6000000000000001,0.7000000000000001,7243,0.6486397981643677,0.6856275024161259
prefill,general,16,7,0.7000000000000001,0.8,7247,0.7482770085334778,0.8044708155098661
prefill,general,16,8,0.8,0.9,5174,0.8496214747428894,0.8801700811751063
prefill,general,16,9,0.9,1.0,401,0.9071611166000366,0.8403990024937655
prefill,general,17,0,0.0,0.1,312014,0.030552975833415985,0.02596678354176415
prefill,general,17,1,0.1,0.2,58084,0.14274755120277405,0.13733558294883272
prefill,general,17,2,0.2,0.30000000000000004,28204,0.2471829354763031,0.24205786413274713
prefill,general,17,3,0.30000000000000004,0.4,19836,0.3485316038131714,0.3418531962089131
prefill,general,17,4,0.4,0.5,14776,0.44492828845977783,0.4725230102869518
prefill,general,17,5,0.5,0.6000000000000001,10123,0.546856164932251,0.5731502519016102
prefill,general,17,6,0.6000000000000001,0.7000000000000001,7626,0.6470111012458801,0.7109887227904537
prefill,general,17,7,0.7000000000000001,0.8,6377,0.7488591074943542,0.8111964873765093
prefill,general,17,8,0.8,0.9,5138,0.8492370247840881,0.8935383417672246
prefill,general,17,9,0.9,1.0,158,0.9041398167610168,0.8544303797468354
prefill,general,18,0,0.0,0.1,267140,0.030442360788583755,0.024766040278505652
prefill,general,18,1,0.1,0.2,50964,0.14273954927921295,0.14771211050937916
prefill,general,18,2,0.2,0.30000000000000004,25414,0.24619077146053314,0.2498229322420713
prefill,general,18,3,0.30000000000000004,0.4,16596,0.3475005626678467,0.3329718004338395
prefill,general,18,4,0.4,0.5,11326,0.44636011123657227,0.47483665901465655
prefill,general,18,5,0.5,0.6000000000000001,7734,0.5468374490737915,0.5774502198086372
prefill,general,18,6,0.6000000000000001,0.7000000000000001,6184,0.6503278017044067,0.720569210866753
prefill,general,18,7,0.7000000000000001,0.8,5569,0.7462301850318909,0.7992458251032502
prefill,general,18,8,0.8,0.9,4930,0.852928102016449,0.883975659229209
prefill,general,18,9,0.9,1.0,431,0.9080310463905334,0.9466357308584686
prefill,general,19,0,0.0,0.1,224896,0.028551002964377403,0.023757647979510528
prefill,general,19,1,0.1,0.2,41114,0.14068850874900818,0.14065768351413144
prefill,general,19,2,0.2,0.30000000000000004,19472,0.24647457897663116,0.26176047658175844
prefill,general,19,3,0.30000000000000004,0.4,12710,0.34749168157577515,0.3490952006294257
prefill,general,19,4,0.4,0.5,9459,0.44678834080696106,0.475631673538429
prefill,general,19,5,0.5,0.6000000000000001,6420,0.5475127696990967,0.5954828660436137
prefill,general,19,6,0.6000000000000001,0.7000000000000001,5933,0.6527581214904785,0.6551491656834654
prefill,general,19,7,0.7000000000000001,0.8,5347,0.7453852295875549,0.7585561997381709
prefill,general,19,8,0.8,0.9,4560,0.8476066589355469,0.8875
prefill,general,19,9,0.9,1.0,329,0.908033549785614,0.9361702127659575
prefill,general,20,0,0.0,0.1,186802,0.027622010558843613,0.022944079827839102
prefill,general,20,1,0.1,0.2,26569,0.13984687626361847,0.1494222590236742
prefill,general,20,2,0.2,0.30000000000000004,12867,0.2464110106229782,0.25017486593611565
prefill,general,20,3,0.30000000000000004,0.4,9679,0.3508542478084564,0.334435375555326
prefill,general,20,4,0.4,0.5,8231,0.4474368393421173,0.4538938160612319
prefill,general,20,5,0.5,0.6000000000000001,5589,0.5465545654296875,0.5798890678117731
prefill,general,20,6,0.6000000000000001,0.7000000000000001,4802,0.6487476229667664,0.675551853394419
prefill,general,20,7,0.7000000000000001,0.8,4662,0.7520747184753418,0.7917202917202917
prefill,general,20,8,0.8,0.9,4462,0.8482875823974609,0.8780815777678171
prefill,general,20,9,0.9,1.0,529,0.9102903604507446,0.9111531190926276
prefill,general,21,0,0.0,0.1,142259,0.02624444290995598,0.023408009335086005
prefill,general,21,1,0.1,0.2,17645,0.14194218814373016,0.1548880702748654
prefill,general,21,2,0.2,0.30000000000000004,9414,0.25003695487976074,0.24378585086042065
prefill,general,21,3,0.30000000000000004,0.4,7202,0.34907183051109314,0.3326853651763399
prefill,general,21,4,0.4,0.5,6674,0.44530174136161804,0.4847168115073419
prefill,general,21,5,0.5,0.6000000000000001,4331,0.5426293611526489,0.5522973909027938
prefill,general,21,6,0.6000000000000001,0.7000000000000001,2790,0.6500726938247681,0.6874551971326165
prefill,general,21,7,0.7000000000000001,0.8,3170,0.7539063096046448,0.7772870662460568
prefill,general,21,8,0.8,0.9,4148,0.844812273979187,0.8471552555448408
prefill,general,21,9,0.9,1.0,511,0.9124670028686523,0.9608610567514677
prefill,general,22,0,0.0,0.1,93801,0.02565498650074005,0.022654342704235563
prefill,general,22,1,0.1,0.2,10958,0.14377039670944214,0.16499361197298776
prefill,general,22,2,0.2,0.30000000000000004,7494,0.2491859346628189,0.24165999466239657
prefill,general,22,3,0.30000000000000004,0.4,5963,0.34830906987190247,0.3305383196377662
prefill,general,22,4,0.4,0.5,4246,0.44356027245521545,0.4738577484691474
prefill,general,22,5,0.5,0.6000000000000001,2966,0.5460378527641296,0.5552933243425489
prefill,general,22,6,0.6000000000000001,0.7000000000000001,2129,0.6532946228981018,0.6937529356505402
prefill,general,22,7,0.7000000000000001,0.8,2068,0.7515997886657715,0.7659574468085106
prefill,general,22,8,0.8,0.9,2438,0.8433617353439331,0.8404429860541427
prefill,general,22,9,0.9,1.0,33,0.9057528972625732,0.8484848484848485
prefill,general,23,0,0.0,0.1,48319,0.024272000417113304,0.024172685692998613
prefill,general,23,1,0.1,0.2,4979,0.14360173046588898,0.13617192207270537
prefill,general,23,2,0.2,0.30000000000000004,2948,0.24893125891685486,0.19810040705563092
prefill,general,23,3,0.30000000000000004,0.4,1812,0.34850990772247314,0.35596026490066224
prefill,general,23,4,0.4,0.5,2111,0.4553455114364624,0.516816674561819
prefill,general,23,5,0.5,0.6000000000000001,1730,0.5457227826118469,0.5705202312138729
prefill,general,23,6,0.6000000000000001,0.7000000000000001,1585,0.6525747776031494,0.6403785488958991
prefill,general,23,7,0.7000000000000001,0.8,1427,0.7453263401985168,0.7967764540995095
prefill,general,23,8,0.8,0.9,1053,0.8435176610946655,0.8271604938271605
prefill,general,23,9,0.9,1.0,84,0.9098725318908691,0.9523809523809523
prefill,math,1,0,0.0,0.1,449929,0.04074637219309807,0.03826826010326074
prefill,math,1,1,0.1,0.2,172315,0.1412513256072998,0.13283811624060587
prefill,math,1,2,0.2,0.30000000000000004,69992,0.2435481995344162,0.24481369299348496
prefill,math,1,3,0.30000000000000004,0.4,34935,0.3449525535106659,0.3559753828538715
prefill,math,1,4,0.4,0.5,19037,0.44479119777679443,0.4716079214161895
prefill,math,1,5,0.5,0.6000000000000001,10702,0.5455417037010193,0.5631657634087086
prefill,math,1,6,0.6000000000000001,0.7000000000000001,7189,0.6464110612869263,0.7044095145360968
prefill,math,1,7,0.7000000000000001,0.8,4478,0.7421668171882629,0.794104510942385
prefill,math,1,8,0.8,0.9,2995,0.8545446991920471,0.9095158597662771
prefill,math,1,9,0.9,1.0,492,0.9189116954803467,0.975609756097561
prefill,math,2,0,0.0,0.1,438452,0.040342189371585846,0.03820030470838313
prefill,math,2,1,0.1,0.2,153771,0.14224375784397125,0.13173485247543426
prefill,math,2,2,0.2,0.30000000000000004,67747,0.24387824535369873,0.23719131474456434
prefill,math,2,3,0.30000000000000004,0.4,33139,0.34439778327941895,0.3807296538821328
prefill,math,2,4,0.4,0.5,20109,0.4457244277000427,0.47719926401113927
prefill,math,2,5,0.5,0.6000000000000001,10533,0.5455060005187988,0.5983100731035792
prefill,math,2,6,0.6000000000000001,0.7000000000000001,7384,0.646978497505188,0.6634615384615384
prefill,math,2,7,0.7000000000000001,0.8,4211,0.7433382272720337,0.7516029446687248
prefill,math,2,8,0.8,0.9,2836,0.8474791049957275,0.8413258110014105
prefill,math,2,9,0.9,1.0,314,0.909008800983429,0.8662420382165605
prefill,math,3,0,0.0,0.1,419535,0.03970768675208092,0.03773463477421431
prefill,math,3,1,0.1,0.2,146009,0.1419963240623474,0.1334575265908266
prefill,math,3,2,0.2,0.30000000000000004,63971,0.24337700009346008,0.2444076222038111
prefill,math,3,3,0.30000000000000004,0.4,30741,0.34467417001724243,0.34953319670797955
prefill,math,3,4,0.4,0.5,19099,0.4460684359073639,0.49379548667469503
prefill,math,3,5,0.5,0.6000000000000001,11152,0.5478781461715698,0.5910150645624104
prefill,math,3,6,0.6000000000000001,0.7000000000000001,7147,0.6447319984436035,0.6844829998600811
prefill,math,3,7,0.7000000000000001,0.8,4122,0.7438935041427612,0.6914119359534207
prefill,math,3,8,0.8,0.9,2805,0.8519125580787659,0.8317290552584671
prefill,math,3,9,0.9,1.0,347,0.9113052487373352,0.9279538904899135
prefill,math,4,0,0.0,0.1,401548,0.039302658289670944,0.038453684241983525
prefill,math,4,1,0.1,0.2,139178,0.14273840188980103,0.1349063788817198
prefill,math,4,2,0.2,0.30000000000000004,58042,0.24360637366771698,0.23355501188794323
prefill,math,4,3,0.30000000000000004,0.4,29630,0.344621866941452,0.3606817414782315
prefill,math,4,4,0.4,0.5,17939,0.4454950988292694,0.48860025642454985
prefill,math,4,5,0.5,0.6000000000000001,11118,0.5461157560348511,0.596510163698507
prefill,math,4,6,0.6000000000000001,0.7000000000000001,6404,0.6473457217216492,0.6511555277951281
prefill,math,4,7,0.7000000000000001,0.8,3796,0.7443494200706482,0.7210221285563752
prefill,math,4,8,0.8,0.9,3359,0.8495263457298279,0.8517415897588568
prefill,math,4,9,0.9,1.0,346,0.9120192527770996,0.8526011560693642
prefill,math,5,0,0.0,0.1,383337,0.03922616317868233,0.039117017141575165
prefill,math,5,1,0.1,0.2,128133,0.14160262048244476,0.13346288621978725
prefill,math,5,2,0.2,0.30000000000000004,56936,0.24438753724098206,0.23856610931572292
prefill,math,5,3,0.30000000000000004,0.4,29182,0.3455377519130707,0.35134672058118016
prefill,math,5,4,0.4,0.5,16570,0.4453584551811218,0.4859987929993965
prefill,math,5,5,0.5,0.6000000000000001,10460,0.5465972423553467,0.5997131931166348
prefill,math,5,6,0.6000000000000001,0.7000000000000001,5862,0.6482948064804077,0.6298191743432275
prefill,math,5,7,0.7000000000000001,0.8,4200,0.7443421483039856,0.7278571428571429
prefill,math,5,8,0.8,0.9,2665,0.8445844650268555,0.8585365853658536
prefill,math,5,9,0.9,1.0,447,0.9110305309295654,0.959731543624161
prefill,math,6,0,0.0,0.1,364730,0.03952736034989357,0.03749897184218463
prefill,math,6,1,0.1,0.2,118302,0.14240486919879913,0.1357119913441869
prefill,math,6,2,0.2,0.30000000000000004,54887,0.24303120374679565,0.24648823947382806
prefill,math,6,3,0.30000000000000004,0.4,28206,0.34656235575675964,0.3498546408565553
prefill,math,6,4,0.4,0.5,15935,0.444470077753067,0.4795105114527769
prefill,math,6,5,0.5,0.6000000000000001,9140,0.5462261438369751,0.587308533916849
prefill,math,6,6,0.6000000000000001,0.7000000000000001,5809,0.6478774547576904,0.658633155448442
prefill,math,6,7,0.7000000000000001,0.8,4472,0.7436909675598145,0.7169051878354203
prefill,math,6,8,0.8,0.9,2490,0.8495364189147949,0.8598393574297188
prefill,math,6,9,0.9,1.0,253,0.914797306060791,0.857707509881423
prefill,math,7,0,0.0,0.1,345868,0.03846348077058792,0.03730903119109024
prefill,math,7,1,0.1,0.2,113040,0.14236941933631897,0.13707537154989385
prefill,math,7,2,0.2,0.30000000000000004,48841,0.24332204461097717,0.24825454024282878
prefill,math,7,3,0.30000000000000004,0.4,25229,0.34647873044013977,0.36267787070434815
prefill,math,7,4,0.4,0.5,15055,0.44364747405052185,0.45327133842577216
prefill,math,7,5,0.5,0.6000000000000001,8911,0.5477853417396545,0.5681741667601841
prefill,math,7,6,0.6000000000000001,0.7000000000000001,6793,0.6453604698181152,0.6299131458854703
prefill,math,7,7,0.7000000000000001,0.8,4235,0.7457706928253174,0.7485242030696576
prefill,math,7,8,0.8,0.9,2229,0.8431440591812134,0.8546433378196501
prefill,math,7,9,0.9,1.0,455,0.9106174111366272,0.9164835164835164
prefill,math,8,0,0.0,0.1,329932,0.037542570382356644,0.03602257434865366
prefill,math,8,1,0.1,0.2,99259,0.1425710767507553,0.1427276116019706
prefill,math,8,2,0.2,0.30000000000000004,45976,0.24375739693641663,0.23997302940664694
prefill,math,8,3,0.30000000000000004,0.4,24576,0.3461185693740845,0.34619140625
prefill,math,8,4,0.4,0.5,15204,0.44401535391807556,0.4565245987897922
prefill,math,8,5,0.5,0.6000000000000001,8997,0.5490676760673523,0.5751917305768589
prefill,math,8,6,0.6000000000000001,0.7000000000000001,6089,0.6449601650238037,0.6608638528494005
prefill,math,8,7,0.7000000000000001,0.8,4251,0.7466614246368408,0.7238296871324394
prefill,math,8,8,0.8,0.9,2534,0.84813392162323,0.819258089976322
prefill,math,8,9,0.9,1.0,270,0.9076053500175476,0.9259259259259259
prefill,math,9,0,0.0,0.1,309489,0.036406900733709335,0.034989935021923234
prefill,math,9,1,0.1,0.2,91130,0.14243172109127045,0.1400636453418194
prefill,math,9,2,0.2,0.30000000000000004,44886,0.24501466751098633,0.2485853049948759
prefill,math,9,3,0.30000000000000004,0.4,21419,0.3454010784626007,0.3434800877725384
prefill,math,9,4,0.4,0.5,14349,0.44766077399253845,0.4640741515088159
prefill,math,9,5,0.5,0.6000000000000001,9836,0.5459535717964172,0.5514436762911753
prefill,math,9,6,0.6000000000000001,0.7000000000000001,6099,0.6491408348083496,0.6499426135432038
prefill,math,9,7,0.7000000000000001,0.8,3752,0.746365487575531,0.7182835820895522
prefill,math,9,8,0.8,0.9,2378,0.8432374596595764,0.8095037846930193
prefill,math,9,9,0.9,1.0,182,0.9088009595870972,0.9065934065934066
prefill,math,10,0,0.0,0.1,289429,0.036049578338861465,0.03515888179829941
prefill,math,10,1,0.1,0.2,86856,0.1417071670293808,0.13710048816431794
prefill,math,10,2,0.2,0.30000000000000004,37129,0.24452407658100128,0.2472460879635864
prefill,math,10,3,0.30000000000000004,0.4,21636,0.34766504168510437,0.3296820114623775
prefill,math,10,4,0.4,0.5,13538,0.4444620907306671,0.48338011523120106
prefill,math,10,5,0.5,0.6000000000000001,8725,0.5450631380081177,0.5750143266475645
prefill,math,10,6,0.6000000000000001,0.7000000000000001,5678,0.6505498886108398,0.6299753434307855
prefill,math,10,7,0.7000000000000001,0.8,4468,0.7442347407341003,0.7009847806624888
prefill,math,10,8,0.8,0.9,2416,0.8477957248687744,0.828228476821192
prefill,math,10,9,0.9,1.0,77,0.9086312651634216,0.987012987012987
prefill,math,11,0,0.0,0.1,273217,0.036292579025030136,0.03587258479523602
prefill,math,11,1,0.1,0.2,76608,0.14127624034881592,0.14066416040100252
prefill,math,11,2,0.2,0.30000000000000004,34490,0.24468109011650085,0.25068135691504784
prefill,math,11,3,0.30000000000000004,0.4,19806,0.3457461893558502,0.34858123800868424
prefill,math,11,4,0.4,0.5,12573,0.44678544998168945,0.4481826135369442
prefill,math,11,5,0.5,0.6000000000000001,7892,0.5482337474822998,0.5648758236188546
prefill,math,11,6,0.6000000000000001,0.7000000000000001,5587,0.6485804915428162,0.6405942366207267
prefill,math,11,7,0.7000000000000001,0.8,3625,0.7461589574813843,0.6940689655172414
prefill,math,11,8,0.8,0.9,2484,0.8526190519332886,0.8631239935587761
prefill,math,11,9,0.9,1.0,102,0.904603123664856,0.8725490196078431
prefill,math,12,0,0.0,0.1,254611,0.03576631098985672,0.035422664378208325
prefill,math,12,1,0.1,0.2,67837,0.14136868715286255,0.13976148709406372
prefill,math,12,2,0.2,0.30000000000000004,31170,0.2441461980342865,0.24549246069939043
prefill,math,12,3,0.30000000000000004,0.4,18574,0.3475782573223114,0.3717023796705072
prefill,math,12,4,0.4,0.5,11674,0.4461701810359955,0.4444063731368854
prefill,math,12,5,0.5,0.6000000000000001,7130,0.5443264245986938,0.5373071528751753
prefill,math,12,6,0.6000000000000001,0.7000000000000001,4982,0.6480177044868469,0.6099959855479727
prefill,math,12,7,0.7000000000000001,0.8,3481,0.7451988458633423,0.6977879919563343
prefill,math,12,8,0.8,0.9,3257,0.8488076329231262,0.8345102855388394
prefill,math,12,9,0.9,1.0,100,0.9092262983322144,0.91
prefill,math,13,0,0.0,0.1,233046,0.03453945741057396,0.03467555761523476
prefill,math,13,1,0.1,0.2,62357,0.14265374839305878,0.143480282887246
prefill,math,13,2,0.2,0.30000000000000004,28914,0.2452409863471985,0.25088192571072837
prefill,math,13,3,0.30000000000000004,0.4,16531,0.3448708653450012,0.35182384610731354
prefill,math,13,4,0.4,0.5,10362,0.44700419902801514,0.44364022389500096
prefill,math,13,5,0.5,0.6000000000000001,6873,0.5460159778594971,0.5175323730539794
prefill,math,13,6,0.6000000000000001,0.7000000000000001,4908,0.6526033282279968,0.6265281173594132
prefill,math,13,7,0.7000000000000001,0.8,3140,0.7415431141853333,0.7356687898089171
prefill,math,13,8,0.8,0.9,2895,0.8536831736564636,0.7996545768566494
prefill,math,13,9,0.9,1.0,222,0.90793377161026,0.918918918918919
prefill,math,14,0,0.0,0.1,212283,0.03347140550613403,0.03225411361248899
prefill,math,14,1,0.1,0.2,56529,0.1422826498746872,0.14647349148224806
prefill,math,14,2,0.2,0.30000000000000004,25428,0.24524320662021637,0.25369671228566937
prefill,math,14,3,0.30000000000000004,0.4,15378,0.3457692563533783,0.36617245415528676
prefill,math,14,4,0.4,0.5,9343,0.4467390477657318,0.41539120196938883
prefill,math,14,5,0.5,0.6000000000000001,6106,0.5486999154090881,0.5507697346871929
prefill,math,14,6,0.6000000000000001,0.7000000000000001,4424,0.650684118270874,0.6295207956600362
prefill,math,14,7,0.7000000000000001,0.8,3536,0.745058000087738,0.6928733031674208
prefill,math,14,8,0.8,0.9,2413,0.8508231043815613,0.8474927476170742
prefill,math,14,9,0.9,1.0,240,0.910112738609314,0.9458333333333333
prefill,math,15,0,0.0,0.1,192694,0.032150570303201675,0.03137617154659719
prefill,math,15,1,0.1,0.2,48179,0.14238698780536652,0.14568587974013575
prefill,math,15,2,0.2,0.30000000000000004,23079,0.24458953738212585,0.25425711685948266
prefill,math,15,3,0.30000000000000004,0.4,13209,0.34676751494407654,0.3458248164130517
prefill,math,15,4,0.4,0.5,9155,0.4479072391986847,0.4342981977061715
prefill,math,15,5,0.5,0.6000000000000001,5663,0.547523558139801,0.534875507681441
prefill,math,15,6,0.6000000000000001,0.7000000000000001,3971,0.6486831903457642,0.6063963737093931
prefill,math,15,7,0.7000000000000001,0.8,3669,0.7469649314880371,0.7358953393295176
prefill,math,15,8,0.8,0.9,2312,0.8475895524024963,0.8572664359861591
prefill,math,15,9,0.9,1.0,181,0.9093113541603088,0.9281767955801105
prefill,math,16,0,0.0,0.1,175265,0.031146373599767685,0.03003451915670556
prefill,math,16,1,0.1,0.2,39696,0.1418980062007904,0.14993954050785974
prefill,math,16,2,0.2,0.30000000000000004,18773,0.24650715291500092,0.25403505033825174
prefill,math,16,3,0.30000000000000004,0.4,11938,0.3453538119792938,0.3376612497905847
prefill,math,16,4,0.4,0.5,6989,0.4456312656402588,0.4512805837745028
prefill,math,16,5,0.5,0.6000000000000001,5211,0.5501125454902649,0.533486854730378
prefill,math,16,6,0.6000000000000001,0.7000000000000001,4524,0.6495612859725952,0.6248894783377542
prefill,math,16,7,0.7000000000000001,0.8,3482,0.7440664172172546,0.7240091901206204
prefill,math,16,8,0.8,0.9,2598,0.8491988778114319,0.8518090839107005
prefill,math,16,9,0.9,1.0,68,0.9058017730712891,0.8382352941176471
prefill,math,17,0,0.0,0.1,157641,0.03082028217613697,0.029414936469573272
prefill,math,17,1,0.1,0.2,30250,0.1414533406496048,0.13950413223140495
prefill,math,17,2,0.2,0.30000000000000004,15154,0.247541144490242,0.25768773921076943
prefill,math,17,3,0.30000000000000004,0.4,10145,0.3480675220489502,0.3472646623952686
prefill,math,17,4,0.4,0.5,7002,0.4451407790184021,0.45944015995429877
prefill,math,17,5,0.5,0.6000000000000001,5176,0.5486792922019958,0.5579598145285936
prefill,math,17,6,0.6000000000000001,0.7000000000000001,3971,0.6465256214141846,0.6235205237975321
prefill,math,17,7,0.7000000000000001,0.8,3279,0.748871386051178,0.7429094236047575
prefill,math,17,8,0.8,0.9,2309,0.84855717420578,0.8826331745344305
prefill,math,17,9,0.9,1.0,49,0.9027988910675049,0.6530612244897959
prefill,math,18,0,0.0,0.1,136949,0.030902350321412086,0.029507334847278913
prefill,math,18,1,0.1,0.2,24306,0.14173848927021027,0.14918127211388135
prefill,math,18,2,0.2,0.30000000000000004,12449,0.24628384411334991,0.25921760783998715
prefill,math,18,3,0.30000000000000004,0.4,9190,0.34865859150886536,0.3310119695321001
prefill,math,18,4,0.4,0.5,5890,0.445000022649765,0.45585738539898135
prefill,math,18,5,0.5,0.6000000000000001,3760,0.5478814244270325,0.5335106382978724
prefill,math,18,6,0.6000000000000001,0.7000000000000001,3248,0.6486126184463501,0.6157635467980296
prefill,math,18,7,0.7000000000000001,0.8,3095,0.7449925541877747,0.7554119547657512
prefill,math,18,8,0.8,0.9,2334,0.8509843349456787,0.8684661525278492
prefill,math,18,9,0.9,1.0,187,0.9081690311431885,0.983957219251337
prefill,math,19,0,0.0,0.1,114549,0.028700539842247963,0.028415787130398346
prefill,math,19,1,0.1,0.2,20855,0.14050228893756866,0.13929513306161592
prefill,math,19,2,0.2,0.30000000000000004,9872,0.245489701628685,0.27025931928687197
prefill,math,19,3,0.30000000000000004,0.4,6092,0.34798920154571533,0.3330597504924491
prefill,math,19,4,0.4,0.5,4891,0.4478246867656708,0.4316090778981803
prefill,math,19,5,0.5,0.6000000000000001,3278,0.5458995699882507,0.5774862721171447
prefill,math,19,6,0.6000000000000001,0.7000000000000001,2929,0.652951717376709,0.6357118470467736
prefill,math,19,7,0.7000000000000001,0.8,3071,0.7440519332885742,0.7193096711169
prefill,math,19,8,0.8,0.9,2110,0.8521009087562561,0.8867298578199052
prefill,math,19,9,0.9,1.0,193,0.9091951251029968,0.917098445595855
prefill,math,20,0,0.0,0.1,95158,0.027957404032349586,0.027806385169927908
prefill,math,20,1,0.1,0.2,13141,0.13948477804660797,0.1448900388098318
prefill,math,20,2,0.2,0.30000000000000004,6750,0.24553552269935608,0.24044444444444443
prefill,math,20,3,0.30000000000000004,0.4,4802,0.3499261736869812,0.3334027488546439
prefill,math,20,4,0.4,0.5,4173,0.44785118103027344,0.43757488617301704
prefill,math,20,5,0.5,0.6000000000000001,3003,0.5470873713493347,0.562104562104562
prefill,math,20,6,0.6000000000000001,0.7000000000000001,2347,0.6484542489051819,0.6416702172986791
prefill,math,20,7,0.7000000000000001,0.8,2412,0.7501951456069946,0.7466832504145937
prefill,math,20,8,0.8,0.9,2217,0.8495944738388062,0.8786648624267027
prefill,math,20,9,0.9,1.0,269,0.9102858304977417,0.895910780669145
prefill,math,21,0,0.0,0.1,72366,0.026665108278393745,0.027858386535113175
prefill,math,21,1,0.1,0.2,9087,0.141919806599617,0.16110927698910532
prefill,math,21,2,0.2,0.30000000000000004,4833,0.24700692296028137,0.25139664804469275
prefill,math,21,3,0.30000000000000004,0.4,3613,0.3484635353088379,0.3296429559922502
prefill,math,21,4,0.4,0.5,3042,0.44429969787597656,0.4516765285996055
prefill,math,21,5,0.5,0.6000000000000001,2113,0.5433635711669922,0.5215333648840511
prefill,math,21,6,0.6000000000000001,0.7000000000000001,1474,0.6510190367698669,0.6424694708276798
prefill,math,21,7,0.7000000000000001,0.8,1672,0.7496843338012695,0.694377990430622
prefill,math,21,8,0.8,0.9,2294,0.8449386954307556,0.8317349607672189
prefill,math,21,9,0.9,1.0,210,0.9110226631164551,1.0
prefill,math,22,0,0.0,0.1,47450,0.026273159310221672,0.02845100105374078
prefill,math,22,1,0.1,0.2,5563,0.14234748482704163,0.1520762178680568
prefill,math,22,2,0.2,0.30000000000000004,4034,0.2505311965942383,0.24343083787803668
prefill,math,22,3,0.30000000000000004,0.4,3266,0.3476704955101013,0.3481322718922229
prefill,math,22,4,0.4,0.5,2027,0.44539880752563477,0.47755303404045385
prefill,math,22,5,0.5,0.6000000000000001,1598,0.547623872756958,0.532540675844806
prefill,math,22,6,0.6000000000000001,0.7000000000000001,1009,0.6517553925514221,0.6362735381565907
prefill,math,22,7,0.7000000000000001,0.8,1031,0.7521761655807495,0.6915615906886518
prefill,math,22,8,0.8,0.9,1152,0.841698408126831,0.7786458333333334
prefill,math,22,9,0.9,1.0,6,0.9023981094360352,1.0
prefill,math,23,0,0.0,0.1,24654,0.025507520884275436,0.028230713068873207
prefill,math,23,1,0.1,0.2,2385,0.1408972144126892,0.12033542976939203
prefill,math,23,2,0.2,0.30000000000000004,1383,0.2547786235809326,0.26247288503253796
prefill,math,23,3,0.30000000000000004,0.4,1089,0.346392422914505,0.3755739210284665
prefill,math,23,4,0.4,0.5,1173,0.4554521441459656,0.4961636828644501
prefill,math,23,5,0.5,0.6000000000000001,903,0.5461717844009399,0.5426356589147286
prefill,math,23,6,0.6000000000000001,0.7000000000000001,897,0.6495538353919983,0.6321070234113713
prefill,math,23,7,0.7000000000000001,0.8,641,0.744817852973938,0.7457098283931357
prefill,math,23,8,0.8,0.9,431,0.8373723030090332,0.7238979118329466
prefill,math,23,9,0.9,1.0,12,0.9089718461036682,1.0
decode,code,1,0,0.0,0.1,54369,0.04093300178647041,0.054755467269951626
decode,code,1,1,0.1,0.2,21061,0.14309769868850708,0.1368880869854233
decode,code,1,2,0.2,0.30000000000000004,8812,0.24238547682762146,0.20926009986382207
decode,code,1,3,0.30000000000000004,0.4,4096,0.34475940465927124,0.3017578125
decode,code,1,4,0.4,0.5,2459,0.4454309940338135,0.3757625050833672
decode,code,1,5,0.5,0.6000000000000001,1653,0.547540545463562,0.44283121597096187
decode,code,1,6,0.6000000000000001,0.7000000000000001,1041,0.6371413469314575,0.5965417867435159
decode,code,1,7,0.7000000000000001,0.8,607,0.7447312474250793,0.7479406919275123
decode,code,1,8,0.8,0.9,87,0.8349353075027466,0.9425287356321839
decode,code,1,9,0.9,1.0,23,0.9443836808204651,1.0
decode,code,2,0,0.0,0.1,53131,0.04079638421535492,0.05202235982759594
decode,code,2,1,0.1,0.2,19579,0.1434844583272934,0.15016088666428315
decode,code,2,2,0.2,0.30000000000000004,7907,0.242701917886734,0.2077905653218667
decode,code,2,3,0.30000000000000004,0.4,3880,0.34568992257118225,0.28737113402061853
decode,code,2,4,0.4,0.5,2439,0.44536474347114563,0.4013940139401394
decode,code,2,5,0.5,0.6000000000000001,1603,0.5448021292686462,0.4940736119775421
decode,code,2,6,0.6000000000000001,0.7000000000000001,911,0.6435627341270447,0.5883644346871569
decode,code,2,7,0.7000000000000001,0.8,515,0.740172266960144,0.7106796116504854
decode,code,2,8,0.8,0.9,142,0.8367185592651367,0.8732394366197183
decode,code,2,9,0.9,1.0,5,0.9101700782775879,1.0
decode,code,3,0,0.0,0.1,50040,0.04007573798298836,0.050619504396482815
decode,code,3,1,0.1,0.2,19319,0.14239387214183807,0.14426212536880792
decode,code,3,2,0.2,0.30000000000000004,7226,0.24351614713668823,0.20523110988098534
decode,code,3,3,0.30000000000000004,0.4,3860,0.34469425678253174,0.30440414507772023
decode,code,3,4,0.4,0.5,2314,0.4446468651294708,0.37683664649956783
decode,code,3,5,0.5,0.6000000000000001,1603,0.5461549162864685,0.49344978165938863
decode,code,3,6,0.6000000000000001,0.7000000000000001,1032,0.6453418135643005,0.5852713178294574
decode,code,3,7,0.7000000000000001,0.8,458,0.7450476884841919,0.7947598253275109
decode,code,3,8,0.8,0.9,129,0.8375121355056763,0.8449612403100775
decode,code,3,9,0.9,1.0,35,0.9316391944885254,0.9714285714285714
decode,code,4,0,0.0,0.1,48446,0.040692415088415146,0.0496841844527928
decode,code,4,1,0.1,0.2,17638,0.14289067685604095,0.14514117246853384
decode,code,4,2,0.2,0.30000000000000004,7149,0.24187757074832916,0.22017065323821514
decode,code,4,3,0.30000000000000004,0.4,3251,0.34748128056526184,0.287603814211012
decode,code,4,4,0.4,0.5,2365,0.44803181290626526,0.4236786469344609
decode,code,4,5,0.5,0.6000000000000001,1624,0.5455474257469177,0.5295566502463054
decode,code,4,6,0.6000000000000001,0.7000000000000001,912,0.644711971282959,0.5635964912280702
decode,code,4,7,0.7000000000000001,0.8,406,0.7448873519897461,0.6674876847290641
decode,code,4,8,0.8,0.9,111,0.843047022819519,0.8918918918918919
decode,code,4,9,0.9,1.0,18,0.9246962666511536,1.0
decode,code,5,0,0.0,0.1,45806,0.04076622426509857,0.04979696982928001
decode,code,5,1,0.1,0.2,17033,0.14416052401065826,0.14501262255621442
decode,code,5,2,0.2,0.30000000000000004,6860,0.24210107326507568,0.2303206997084548
decode,code,5,3,0.30000000000000004,0.4,3203,0.345152884721756,0.31876365906962223
decode,code,5,4,0.4,0.5,2108,0.4455729126930237,0.38472485768500947
decode,code,5,5,0.5,0.6000000000000001,1537,0.5463024377822876,0.5035783994795056
decode,code,5,6,0.6000000000000001,0.7000000000000001,781,0.6455836892127991,0.559539052496799
decode,code,5,7,0.7000000000000001,0.8,403,0.7454623579978943,0.6823821339950372
decode,code,5,8,0.8,0.9,90,0.8317380547523499,0.8777777777777778
decode,code,5,9,0.9,1.0,3,0.9053363800048828,0.0
decode,code,6,0,0.0,0.1,43328,0.041091423481702805,0.04936761447562777
decode,code,6,1,0.1,0.2,15845,0.14420759677886963,0.14168507415588513
decode,code,6,2,0.2,0.30000000000000004,6642,0.2410820871591568,0.23080397470641373
decode,code,6,3,0.30000000000000004,0.4,3365,0.3446650803089142,0.30222882615156016
decode,code,6,4,0.4,0.5,1825,0.44825664162635803,0.42191780821917807
decode,code,6,5,0.5,0.6000000000000001,1434,0.5446195006370544,0.50139470013947
decode,code,6,6,0.6000000000000001,0.7000000000000001,699,0.6437157988548279,0.5708154506437768
decode,code,6,7,0.7000000000000001,0.8,411,0.7493658661842346,0.6034063260340633
decode,code,6,8,0.8,0.9,163,0.8297716379165649,0.7975460122699386
decode,code,6,9,0.9,1.0,16,0.9261482954025269,1.0
decode,code,7,0,0.0,0.1,41419,0.04049718752503395,0.05050822086482049
decode,code,7,1,0.1,0.2,15037,0.1442970633506775,0.14278113985502427
decode,code,7,2,0.2,0.30000000000000004,5936,0.24295903742313385,0.22557277628032346
decode,code,7,3,0.30000000000000004,0.4,3106,0.34448280930519104,0.34449452672247266
decode,code,7,4,0.4,0.5,1697,0.4473492503166199,0.40954625810253387
decode,code,7,5,0.5,0.6000000000000001,1209,0.5454855561256409,0.48469809760132343
decode,code,7,6,0.6000000000000001,0.7000000000000001,710,0.6441186666488647,0.532394366197183
decode,code,7,7,0.7000000000000001,0.8,399,0.7456585764884949,0.7418546365914787
decode,code,7,8,0.8,0.9,96,0.8374139666557312,0.8125
decode,code,7,9,0.9,1.0,23,0.9404460787773132,1.0
decode,code,8,0,0.0,0.1,39303,0.03931187838315964,0.051217464315701094
decode,code,8,1,0.1,0.2,13247,0.14393655955791473,0.1489393825016985
decode,code,8,2,0.2,0.30000000000000004,6198,0.2412024736404419,0.2265246853823814
decode,code,8,3,0.30000000000000004,0.4,2977,0.34443601965904236,0.30097413503527043
decode,code,8,4,0.4,0.5,1495,0.44722503423690796,0.411371237458194
decode,code,8,5,0.5,0.6000000000000001,1123,0.5477091670036316,0.5004452359750667
decode,code,8,6,0.6000000000000001,0.7000000000000001,603,0.6422187685966492,0.4577114427860697
decode,code,8,7,0.7000000000000001,0.8,419,0.7476159334182739,0.7422434367541766
decode,code,8,8,0.8,0.9,163,0.843674898147583,0.852760736196319
decode,code,8,9,0.9,1.0,8,0.9191253185272217,0.375
decode,code,9,0,0.0,0.1,36447,0.03879675641655922,0.046944878865201524
decode,code,9,1,0.1,0.2,12359,0.14462785422801971,0.14734201796261834
decode,code,9,2,0.2,0.30000000000000004,6289,0.24289004504680634,0.24296390523135633
decode,code,9,3,0.30000000000000004,0.4,2736,0.3449559807777405,0.31469298245614036
decode,code,9,4,0.4,0.5,1377,0.4438524544239044,0.38198983297022515
decode,code,9,5,0.5,0.6000000000000001,948,0.5518450140953064,0.5168776371308017
decode,code,9,6,0.6000000000000001,0.7000000000000001,667,0.6502999663352966,0.5262368815592204
decode,code,9,7,0.7000000000000001,0.8,482,0.7393786907196045,0.5995850622406639
decode,code,9,8,0.8,0.9,94,0.8286067843437195,0.6702127659574468
decode,code,9,9,0.9,1.0,41,0.9397466778755188,0.975609756097561
decode,code,10,0,0.0,0.1,33068,0.03791595995426178,0.0475384057094472
decode,code,10,1,0.1,0.2,12803,0.1444816142320633,0.14965242521284075
decode,code,10,2,0.2,0.30000000000000004,5254,0.24471408128738403,0.2384849638370765
decode,code,10,3,0.30000000000000004,0.4,2782,0.3443629741668701,0.3058950395398993
decode,code,10,4,0.4,0.5,1401,0.44368085265159607,0.39828693790149894
decode,code,10,5,0.5,0.6000000000000001,981,0.5461211800575256,0.4352701325178389
decode,code,10,6,0.6000000000000001,0.7000000000000001,707,0.6443779468536377,0.4893917963224894
decode,code,10,7,0.7000000000000001,0.8,255,0.7422972321510315,0.6274509803921569
decode,code,10,8,0.8,0.9,69,0.8466569185256958,0.8840579710144928
decode,code,10,9,0.9,1.0,24,0.9213998913764954,1.0
decode,code,11,0,0.0,0.1,30364,0.03847762197256088,0.048346726386510344
decode,code,11,1,0.1,0.2,12310,0.14470262825489044,0.14411047928513404
decode,code,11,2,0.2,0.30000000000000004,4951,0.24322491884231567,0.23671985457483335
decode,code,11,3,0.30000000000000004,0.4,2659,0.34676533937454224,0.3072583678074464
decode,code,11,4,0.4,0.5,1342,0.44449320435523987,0.37779433681073027
decode,code,11,5,0.5,0.6000000000000001,837,0.5498629808425903,0.5017921146953405
decode,code,11,6,0.6000000000000001,0.7000000000000001,523,0.646045446395874,0.5717017208413002
decode,code,11,7,0.7000000000000001,0.8,177,0.7422728538513184,0.7175141242937854
decode,code,11,8,0.8,0.9,68,0.8294475078582764,0.8529411764705882
decode,code,11,9,0.9,1.0,17,0.9258925914764404,0.8235294117647058
decode,code,12,0,0.0,0.1,28301,0.03978612273931503,0.0449100738489806
decode,code,12,1,0.1,0.2,11119,0.14526650309562683,0.16089576400755465
decode,code,12,2,0.2,0.30000000000000004,4592,0.24311940371990204,0.23954703832752614
decode,code,12,3,0.30000000000000004,0.4,2392,0.34500589966773987,0.28135451505016723
decode,code,12,4,0.4,0.5,1359,0.4449465274810791,0.41280353200883
decode,code,12,5,0.5,0.6000000000000001,651,0.546126663684845,0.5238095238095238
decode,code,12,6,0.6000000000000001,0.7000000000000001,471,0.642439067363739,0.47770700636942676
decode,code,12,7,0.7000000000000001,0.8,201,0.7346504330635071,0.6865671641791045
decode,code,12,8,0.8,0.9,44,0.8504114747047424,0.7727272727272727
decode,code,12,9,0.9,1.0,22,0.9275612235069275,0.5454545454545454
decode,code,13,0,0.0,0.1,25387,0.03831825777888298,0.04392011659510773
decode,code,13,1,0.1,0.2,10244,0.1456245630979538,0.1613627489262007
decode,code,13,2,0.2,0.30000000000000004,4579,0.24456021189689636,0.2474339375409478
decode,code,13,3,0.30000000000000004,0.4,2402,0.3455764949321747,0.2893422148209825
decode,code,13,4,0.4,0.5,1172,0.4407283067703247,0.35580204778157
decode,code,13,5,0.5,0.6000000000000001,650,0.5486750602722168,0.4815384615384615
decode,code,13,6,0.6000000000000001,0.7000000000000001,419,0.6427845358848572,0.4128878281622912
decode,code,13,7,0.7000000000000001,0.8,190,0.7307114601135254,0.6578947368421053
decode,code,13,8,0.8,0.9,13,0.8199491500854492,0.6153846153846154
decode,code,14,0,0.0,0.1,23131,0.038969047367572784,0.04656089230902252
decode,code,14,1,0.1,0.2,9153,0.14459414780139923,0.16988965366546488
decode,code,14,2,0.2,0.30000000000000004,4518,0.24424166977405548,0.22753430721558213
decode,code,14,3,0.30000000000000004,0.4,2161,0.34074386954307556,0.28690421101341973
decode,code,14,4,0.4,0.5,1035,0.4452684223651886,0.39903381642512076
decode,code,14,5,0.5,0.6000000000000001,565,0.5453190207481384,0.44424778761061945
decode,code,14,6,0.6000000000000001,0.7000000000000001,333,0.6419629454612732,0.4174174174174174
decode,code,14,7,0.7000000000000001,0.8,64,0.731825590133667,0.578125
decode,code,15,0,0.0,0.1,20940,0.03831736743450165,0.0444603629417383
decode,code,15,1,0.1,0.2,8238,0.14515630900859833,0.16885166302500607
decode,code,15,2,0.2,0.30000000000000004,3812,0.2462940663099289,0.243704092339979
decode,code,15,3,0.30000000000000004,0.4,1979,0.3430856168270111,0.34209196563921174
decode,code,15,4,0.4,0.5,1075,0.44626447558403015,0.30697674418604654
decode,code,15,5,0.5,0.6000000000000001,460,0.5377783179283142,0.44130434782608696
decode,code,15,6,0.6000000000000001,0.7000000000000001,235,0.6482862234115601,0.35319148936170214
decode,code,15,7,0.7000000000000001,0.8,118,0.7375258803367615,0.5
decode,code,15,8,0.8,0.9,7,0.809163510799408,0.7142857142857143
decode,code,16,0,0.0,0.1,18878,0.03849714994430542,0.05095878800720415
decode,code,16,1,0.1,0.2,6923,0.14479732513427734,0.17651307236747074
decode,code,16,2,0.2,0.30000000000000004,3381,0.24575315415859222,0.23898254954155576
decode,code,16,3,0.30000000000000004,0.4,1991,0.3427613377571106,0.2877950778503265
decode,code,16,4,0.4,0.5,801,0.44633737206459045,0.365792759051186
decode,code,16,5,0.5,0.6000000000000001,420,0.5444339513778687,0.28809523809523807
decode,code,16,6,0.6000000000000001,0.7000000000000001,305,0.6456990242004395,0.26885245901639343
decode,code,16,7,0.7000000000000001,0.8,69,0.7185717225074768,0.5072463768115942
decode,code,17,0,0.0,0.1,15988,0.03832762688398361,0.04534650988241181
decode,code,17,1,0.1,0.2,6366,0.14589522778987885,0.17342130065975495
decode,code,17,2,0.2,0.30000000000000004,3384,0.24277657270431519,0.25177304964539005
decode,code,17,3,0.30000000000000004,0.4,1550,0.3450758457183838,0.2787096774193548
decode,code,17,4,0.4,0.5,667,0.43938329815864563,0.3538230884557721
decode,code,17,5,0.5,0.6000000000000001,269,0.5451648831367493,0.3680297397769517
decode,code,17,6,0.6000000000000001,0.7000000000000001,316,0.6496853828430176,0.3291139240506329
decode,code,17,7,0.7000000000000001,0.8,132,0.7318916320800781,0.24242424242424243
decode,code,18,0,0.0,0.1,13619,0.038510680198669434,0.0440560980982451
decode,code,18,1,0.1,0.2,5420,0.14728684723377228,0.18081180811808117
decode,code,18,2,0.2,0.30000000000000004,3056,0.24129103124141693,0.25589005235602097
decode,code,18,3,0.30000000000000004,0.4,1462,0.34361210465431213,0.2968536251709986
decode,code,18,4,0.4,0.5,535,0.4401247501373291,0.2261682242990654
decode,code,18,5,0.5,0.6000000000000001,212,0.5534325838088989,0.35377358490566035
decode,code,18,6,0.6000000000000001,0.7000000000000001,225,0.6539247035980225,0.3022222222222222
decode,code,18,7,0.7000000000000001,0.8,47,0.7208370566368103,0.2553191489361702
decode,code,19,0,0.0,0.1,11675,0.039005640894174576,0.04334047109207709
decode,code,19,1,0.1,0.2,4391,0.1459793597459793,0.1928945570485083
decode,code,19,2,0.2,0.30000000000000004,2146,0.24500679969787598,0.27306616961789376
decode,code,19,3,0.30000000000000004,0.4,1114,0.34586045145988464,0.25583482944344704
decode,code,19,4,0.4,0.5,614,0.4424890875816345,0.28338762214983715
decode,code,19,5,0.5,0.6000000000000001,220,0.543077290058136,0.2545454545454545
decode,code,19,6,0.6000000000000001,0.7000000000000001,213,0.6478739976882935,0.3051643192488263
decode,code,19,7,0.7000000000000001,0.8,107,0.7322315573692322,0.38317757009345793
decode,code,20,0,0.0,0.1,9300,0.03844103217124939,0.04978494623655914
decode,code,20,1,0.1,0.2,3508,0.14727191627025604,0.19184720638540478
decode,code,20,2,0.2,0.30000000000000004,1761,0.24383336305618286,0.24247586598523566
decode,code,20,3,0.30000000000000004,0.4,990,0.3478795289993286,0.2818181818181818
decode,code,20,4,0.4,0.5,409,0.4436013400554657,0.19559902200489
decode,code,20,5,0.5,0.6000000000000001,154,0.5461718440055847,0.23376623376623376
decode,code,20,6,0.6000000000000001,0.7000000000000001,212,0.6472508907318115,0.37264150943396224
decode,code,20,7,0.7000000000000001,0.8,50,0.7277371287345886,0.22
decode,code,21,0,0.0,0.1,6976,0.03636820241808891,0.046875
decode,code,21,1,0.1,0.2,2769,0.14585568010807037,0.19934994582881907
decode,code,21,2,0.2,0.30000000000000004,1120,0.24207378923892975,0.2910714285714286
decode,code,21,3,0.30000000000000004,0.4,650,0.34527337551116943,0.21384615384615385
decode,code,21,4,0.4,0.5,368,0.4414685368537903,0.22010869565217392
decode,code,21,5,0.5,0.6000000000000001,192,0.5548309683799744,0.19270833333333334
decode,code,21,6,0.6000000000000001,0.7000000000000001,161,0.6440079212188721,0.2795031055900621
decode,code,21,7,0.7000000000000001,0.8,52,0.7260329127311707,0.5576923076923077
decode,code,22,0,0.0,0.1,4634,0.03741966560482979,0.04682779456193353
decode,code,22,1,0.1,0.2,1888,0.14146335422992706,0.22510593220338984
decode,code,22,2,0.2,0.30000000000000004,756,0.24761636555194855,0.25
decode,code,22,3,0.30000000000000004,0.4,456,0.33960187435150146,0.20614035087719298
decode,code,22,4,0.4,0.5,184,0.4447588324546814,0.358695652173913
decode,code,22,5,0.5,0.6000000000000001,168,0.5403512120246887,0.16071428571428573
decode,code,22,6,0.6000000000000001,0.7000000000000001,100,0.6502968072891235,0.06
decode,code,22,7,0.7000000000000001,0.8,6,0.7071675658226013,0.0
decode,code,23,0,0.0,0.1,2220,0.03458155319094658,0.051351351351351354
decode,code,23,1,0.1,0.2,1099,0.1433468461036682,0.20382165605095542
decode,code,23,2,0.2,0.30000000000000004,323,0.24321384727954865,0.3622291021671827
decode,code,23,3,0.30000000000000004,0.4,244,0.3447534143924713,0.10245901639344263
decode,code,23,4,0.4,0.5,106,0.4574299156665802,0.09433962264150944
decode,code,23,5,0.5,0.6000000000000001,46,0.547587513923645,0.13043478260869565
decode,code,23,6,0.6000000000000001,0.7000000000000001,54,0.6500811576843262,0.2962962962962963
decode,code,23,7,0.7000000000000001,0.8,4,0.7136427164077759,0.0
decode,conversation,1,0,0.0,0.1,54352,0.040492136031389236,0.04163600235501914
decode,conversation,1,1,0.1,0.2,21126,0.14396050572395325,0.13348480545299632
decode,conversation,1,2,0.2,0.30000000000000004,9085,0.24323511123657227,0.23885525591634563
decode,conversation,1,3,0.30000000000000004,0.4,4111,0.34510740637779236,0.33641449768912673
decode,conversation,1,4,0.4,0.5,2381,0.4450235068798065,0.43679126417471653
decode,conversation,1,5,0.5,0.6000000000000001,1565,0.5489104390144348,0.5884984025559106
decode,conversation,1,6,0.6000000000000001,0.7000000000000001,944,0.641218364238739,0.6758474576271186
decode,conversation,1,7,0.7000000000000001,0.8,532,0.7412664294242859,0.8214285714285714
decode,conversation,1,8,0.8,0.9,76,0.8363798260688782,0.9078947368421053
decode,conversation,1,9,0.9,1.0,36,0.9344031810760498,0.9722222222222222
decode,conversation,2,0,0.0,0.1,53057,0.04039821773767471,0.040428218708181765
decode,conversation,2,1,0.1,0.2,19225,0.1433531641960144,0.13539661898569572
decode,conversation,2,2,0.2,0.30000000000000004,8327,0.2427157461643219,0.25003002281734116
decode,conversation,2,3,0.30000000000000004,0.4,3885,0.3456302583217621,0.3305019305019305
decode,conversation,2,4,0.4,0.5,2366,0.4435848295688629,0.4353338968723584
decode,conversation,2,5,0.5,0.6000000000000001,1615,0.5464812517166138,0.556656346749226
decode,conversation,2,6,0.6000000000000001,0.7000000000000001,976,0.6442164778709412,0.6834016393442623
decode,conversation,2,7,0.7000000000000001,0.8,521,0.7400802373886108,0.8138195777351248
decode,conversation,2,8,0.8,0.9,140,0.8332657814025879,0.9285714285714286
decode,conversation,3,0,0.0,0.1,50148,0.03970003128051758,0.03734944564090293
decode,conversation,3,1,0.1,0.2,18843,0.14302517473697662,0.13713315289497427
decode,conversation,3,2,0.2,0.30000000000000004,7497,0.24408136308193207,0.24476457249566494
decode,conversation,3,3,0.30000000000000004,0.4,4061,0.34472277760505676,0.34154149224328983
decode,conversation,3,4,0.4,0.5,2328,0.44624191522598267,0.4261168384879725
decode,conversation,3,5,0.5,0.6000000000000001,1483,0.5460547804832458,0.576534052596089
decode,conversation,3,6,0.6000000000000001,0.7000000000000001,946,0.6434993147850037,0.6966173361522199
decode,conversation,3,7,0.7000000000000001,0.8,529,0.746138870716095,0.7731568998109641
decode,conversation,3,8,0.8,0.9,164,0.8349324464797974,0.8597560975609756
decode,conversation,3,9,0.9,1.0,17,0.9240670204162598,1.0
decode,conversation,4,0,0.0,0.1,48401,0.040457554161548615,0.03927604801553687
decode,conversation,4,1,0.1,0.2,17311,0.14400075376033783,0.1288198255444515
decode,conversation,4,2,0.2,0.30000000000000004,7327,0.24306076765060425,0.2580865292752832
decode,conversation,4,3,0.30000000000000004,0.4,3283,0.3470660150051117,0.33323180018275966
decode,conversation,4,4,0.4,0.5,2564,0.44566676020622253,0.4457878315132605
decode,conversation,4,5,0.5,0.6000000000000001,1514,0.5452063083648682,0.5904887714663144
decode,conversation,4,6,0.6000000000000001,0.7000000000000001,948,0.6443174481391907,0.6877637130801688
decode,conversation,4,7,0.7000000000000001,0.8,468,0.7420150637626648,0.7393162393162394
decode,conversation,4,8,0.8,0.9,88,0.8372287750244141,0.8295454545454546
decode,conversation,4,9,0.9,1.0,16,0.9308743476867676,1.0
decode,conversation,5,0,0.0,0.1,45992,0.041124045848846436,0.04107236041050617
decode,conversation,5,1,0.1,0.2,16521,0.1436724066734314,0.13213485866472974
decode,conversation,5,2,0.2,0.30000000000000004,7039,0.24209795892238617,0.2572808637590567
decode,conversation,5,3,0.30000000000000004,0.4,3352,0.34626883268356323,0.34397374701670647
decode,conversation,5,4,0.4,0.5,2215,0.44724297523498535,0.42483069977426635
decode,conversation,5,5,0.5,0.6000000000000001,1413,0.5445839166641235,0.5902335456475584
decode,conversation,5,6,0.6000000000000001,0.7000000000000001,767,0.6447324752807617,0.6558018252933507
decode,conversation,5,7,0.7000000000000001,0.8,425,0.7468613386154175,0.7552941176470588
decode,conversation,5,8,0.8,0.9,99,0.8234437704086304,0.9292929292929293
decode,conversation,5,9,0.9,1.0,1,0.9183335900306702,1.0
decode,conversation,6,0,0.0,0.1,43266,0.040425874292850494,0.041210188138492115
decode,conversation,6,1,0.1,0.2,15899,0.14437440037727356,0.1355431159192402
decode,conversation,6,2,0.2,0.30000000000000004,6597,0.24137647449970245,0.23813854782476884
decode,conversation,6,3,0.30000000000000004,0.4,3232,0.3464636504650116,0.3406559405940594
decode,conversation,6,4,0.4,0.5,2099,0.44680583477020264,0.4316341114816579
decode,conversation,6,5,0.5,0.6000000000000001,1400,0.5440734624862671,0.5614285714285714
decode,conversation,6,6,0.6000000000000001,0.7000000000000001,761,0.6394266486167908,0.7030223390275953
decode,conversation,6,7,0.7000000000000001,0.8,296,0.7467607259750366,0.7533783783783784
decode,conversation,6,8,0.8,0.9,158,0.8327286839485168,0.879746835443038
decode,conversation,6,9,0.9,1.0,20,0.926746666431427,0.85
decode,conversation,7,0,0.0,0.1,41413,0.04034525528550148,0.041412116968101806
decode,conversation,7,1,0.1,0.2,14831,0.14346899092197418,0.13175106196480346
decode,conversation,7,2,0.2,0.30000000000000004,5941,0.24438990652561188,0.25349267800033665
decode,conversation,7,3,0.30000000000000004,0.4,3255,0.3439955711364746,0.35176651305683565
decode,conversation,7,4,0.4,0.5,1804,0.4448310434818268,0.4573170731707317
decode,conversation,7,5,0.5,0.6000000000000001,1200,0.5463984608650208,0.5675
decode,conversation,7,6,0.6000000000000001,0.7000000000000001,690,0.6461442112922668,0.7043478260869566
decode,conversation,7,7,0.7000000000000001,0.8,384,0.7433205246925354,0.7682291666666666
decode,conversation,7,8,0.8,0.9,83,0.8308507800102234,0.7951807228915663
decode,conversation,7,9,0.9,1.0,31,0.9312965273857117,1.0
decode,conversation,8,0,0.0,0.1,39308,0.03938118368387222,0.03983921847969879
decode,conversation,8,1,0.1,0.2,13227,0.1431242823600769,0.14243592651394874
decode,conversation,8,2,0.2,0.30000000000000004,6048,0.24245235323905945,0.2347883597883598
decode,conversation,8,3,0.30000000000000004,0.4,3116,0.3440944254398346,0.3462772785622593
decode,conversation,8,4,0.4,0.5,1533,0.4458104074001312,0.46771037181996084
decode,conversation,8,5,0.5,0.6000000000000001,1179,0.5482128262519836,0.5937234944868532
decode,conversation,8,6,0.6000000000000001,0.7000000000000001,537,0.6438591480255127,0.664804469273743
decode,conversation,8,7,0.7000000000000001,0.8,410,0.7495080232620239,0.7682926829268293
decode,conversation,8,8,0.8,0.9,169,0.8475533127784729,0.863905325443787
decode,conversation,8,9,0.9,1.0,9,0.9278777241706848,0.8888888888888888
decode,conversation,9,0,0.0,0.1,36266,0.038590069860219955,0.036590746153421935
decode,conversation,9,1,0.1,0.2,12246,0.14403894543647766,0.13228809407153355
decode,conversation,9,2,0.2,0.30000000000000004,6351,0.2433106154203415,0.24940954180444025
decode,conversation,9,3,0.30000000000000004,0.4,2872,0.3436557650566101,0.32486072423398327
decode,conversation,9,4,0.4,0.5,1542,0.4430972635746002,0.4980544747081712
decode,conversation,9,5,0.5,0.6000000000000001,947,0.5480005145072937,0.5839493136219641
decode,conversation,9,6,0.6000000000000001,0.7000000000000001,643,0.6514104604721069,0.702954898911353
decode,conversation,9,7,0.7000000000000001,0.8,480,0.738993763923645,0.7479166666666667
decode,conversation,9,8,0.8,0.9,64,0.8295416831970215,0.859375
decode,conversation,9,9,0.9,1.0,29,0.9446095824241638,1.0
decode,conversation,10,0,0.0,0.1,33150,0.038217540830373764,0.03541478129713424
decode,conversation,10,1,0.1,0.2,12641,0.14393429458141327,0.13606518471639903
decode,conversation,10,2,0.2,0.30000000000000004,5421,0.24393658339977264,0.24755580151263604
decode,conversation,10,3,0.30000000000000004,0.4,2772,0.34460070729255676,0.35353535353535354
decode,conversation,10,4,0.4,0.5,1419,0.444555401802063,0.45454545454545453
decode,conversation,10,5,0.5,0.6000000000000001,940,0.5464701652526855,0.6117021276595744
decode,conversation,10,6,0.6000000000000001,0.7000000000000001,619,0.6455665826797485,0.7108239095315024
decode,conversation,10,7,0.7000000000000001,0.8,281,0.7380380034446716,0.7402135231316725
decode,conversation,10,8,0.8,0.9,85,0.8453640341758728,0.8235294117647058
decode,conversation,10,9,0.9,1.0,16,0.9126289486885071,0.875
decode,conversation,11,0,0.0,0.1,30410,0.03902397304773331,0.03636961525813877
decode,conversation,11,1,0.1,0.2,12014,0.145427867770195,0.14091892791742966
decode,conversation,11,2,0.2,0.30000000000000004,5287,0.2421562373638153,0.2385095517306601
decode,conversation,11,3,0.30000000000000004,0.4,2683,0.34597939252853394,0.3581811405143496
decode,conversation,11,4,0.4,0.5,1184,0.44463327527046204,0.46114864864864863
decode,conversation,11,5,0.5,0.6000000000000001,854,0.5504510402679443,0.5749414519906323
decode,conversation,11,6,0.6000000000000001,0.7000000000000001,498,0.6433391571044922,0.7008032128514057
decode,conversation,11,7,0.7000000000000001,0.8,242,0.7386833429336548,0.768595041322314
decode,conversation,11,8,0.8,0.9,58,0.8395084142684937,0.7931034482758621
decode,conversation,11,9,0.9,1.0,18,0.9192162752151489,0.9444444444444444
decode,conversation,12,0,0.0,0.1,28338,0.03929371386766434,0.036241089702872466
decode,conversation,12,1,0.1,0.2,10979,0.14575821161270142,0.13899262227889608
decode,conversation,12,2,0.2,0.30000000000000004,4712,0.2428736537694931,0.2544567062818336
decode,conversation,12,3,0.30000000000000004,0.4,2427,0.3456946313381195,0.37412443345694274
decode,conversation,12,4,0.4,0.5,1257,0.44476643204689026,0.4630071599045346
decode,conversation,12,5,0.5,0.6000000000000001,728,0.5456912517547607,0.5563186813186813
decode,conversation,12,6,0.6000000000000001,0.7000000000000001,452,0.6451659202575684,0.665929203539823
decode,conversation,12,7,0.7000000000000001,0.8,210,0.7413449883460999,0.7523809523809524
decode,conversation,12,8,0.8,0.9,33,0.8515868782997131,0.8484848484848485
decode,conversation,12,9,0.9,1.0,16,0.9404314160346985,0.625
decode,conversation,13,0,0.0,0.1,25287,0.03837627172470093,0.03772689524261478
decode,conversation,13,1,0.1,0.2,10299,0.14618508517742157,0.1340906884163511
decode,conversation,13,2,0.2,0.30000000000000004,4820,0.24442574381828308,0.2495850622406639
decode,conversation,13,3,0.30000000000000004,0.4,2304,0.3438720703125,0.3463541666666667
decode,conversation,13,4,0.4,0.5,1173,0.44296377897262573,0.4927536231884058
decode,conversation,13,5,0.5,0.6000000000000001,601,0.5481492280960083,0.562396006655574
decode,conversation,13,6,0.6000000000000001,0.7000000000000001,396,0.647541880607605,0.6540404040404041
decode,conversation,13,7,0.7000000000000001,0.8,163,0.7258803248405457,0.7177914110429447
decode,conversation,13,8,0.8,0.9,13,0.828772246837616,0.3076923076923077
decode,conversation,14,0,0.0,0.1,22818,0.03851351886987686,0.037295117889385575
decode,conversation,14,1,0.1,0.2,9273,0.14506426453590393,0.14213307451741616
decode,conversation,14,2,0.2,0.30000000000000004,4653,0.24436107277870178,0.23941543090479261
decode,conversation,14,3,0.30000000000000004,0.4,2173,0.34054863452911377,0.33410032213529683
decode,conversation,14,4,0.4,0.5,1083,0.4456692337989807,0.4533702677746999
decode,conversation,14,5,0.5,0.6000000000000001,595,0.5458008646965027,0.6067226890756302
decode,conversation,14,6,0.6000000000000001,0.7000000000000001,313,0.6438935995101929,0.7348242811501597
decode,conversation,14,7,0.7000000000000001,0.8,51,0.73187655210495,0.5686274509803921
decode,conversation,14,8,0.8,0.9,1,0.8160738348960876,0.0
decode,conversation,15,0,0.0,0.1,21123,0.03852874040603638,0.038015433413814324
decode,conversation,15,1,0.1,0.2,7870,0.1460687220096588,0.13900889453621346
decode,conversation,15,2,0.2,0.30000000000000004,3910,0.2444484531879425,0.2411764705882353
decode,conversation,15,3,0.30000000000000004,0.4,2059,0.34410643577575684,0.36328314715881493
decode,conversation,15,4,0.4,0.5,1001,0.446579247713089,0.46353646353646355
decode,conversation,15,5,0.5,0.6000000000000001,514,0.5433827042579651,0.6011673151750972
decode,conversation,15,6,0.6000000000000001,0.7000000000000001,261,0.6448284983634949,0.6590038314176245
decode,conversation,15,7,0.7000000000000001,0.8,121,0.7360994219779968,0.6033057851239669
decode,conversation,15,8,0.8,0.9,5,0.8157323598861694,0.4
decode,conversation,16,0,0.0,0.1,18877,0.03870287165045738,0.04079037982730307
decode,conversation,16,1,0.1,0.2,6900,0.14574004709720612,0.14028985507246378
decode,conversation,16,2,0.2,0.30000000000000004,3559,0.245575949549675,0.23489744310199495
decode,conversation,16,3,0.30000000000000004,0.4,1921,0.34290167689323425,0.3612701717855284
decode,conversation,16,4,0.4,0.5,762,0.44310280680656433,0.479002624671916
decode,conversation,16,5,0.5,0.6000000000000001,436,0.5471949577331543,0.5665137614678899
decode,conversation,16,6,0.6000000000000001,0.7000000000000001,248,0.6532770991325378,0.6733870967741935
decode,conversation,16,7,0.7000000000000001,0.8,65,0.719334065914154,0.7538461538461538
decode,conversation,17,0,0.0,0.1,16080,0.03825129568576813,0.03662935323383085
decode,conversation,17,1,0.1,0.2,6379,0.1460542231798172,0.1362282489418404
decode,conversation,17,2,0.2,0.30000000000000004,3233,0.241907000541687,0.2344571605320136
decode,conversation,17,3,0.30000000000000004,0.4,1648,0.3456480801105499,0.3592233009708738
decode,conversation,17,4,0.4,0.5,638,0.43833544850349426,0.5235109717868338
decode,conversation,17,5,0.5,0.6000000000000001,273,0.548681914806366,0.6190476190476191
decode,conversation,17,6,0.6000000000000001,0.7000000000000001,340,0.6469650864601135,0.6617647058823529
decode,conversation,17,7,0.7000000000000001,0.8,81,0.7308527827262878,0.5925925925925926
decode,conversation,18,0,0.0,0.1,13630,0.03848191723227501,0.0371973587674248
decode,conversation,18,1,0.1,0.2,5587,0.1464487910270691,0.13191337032396636
decode,conversation,18,2,0.2,0.30000000000000004,2922,0.24382740259170532,0.24503764544832307
decode,conversation,18,3,0.30000000000000004,0.4,1443,0.3446713984012604,0.3700623700623701
decode,conversation,18,4,0.4,0.5,504,0.43785232305526733,0.5
decode,conversation,18,5,0.5,0.6000000000000001,172,0.5492063760757446,0.5988372093023255
decode,conversation,18,6,0.6000000000000001,0.7000000000000001,259,0.6527068018913269,0.7181467181467182
decode,conversation,18,7,0.7000000000000001,0.8,59,0.7220884561538696,0.6271186440677966
decode,conversation,19,0,0.0,0.1,11640,0.03881198540329933,0.037285223367697594
decode,conversation,19,1,0.1,0.2,4332,0.14591361582279205,0.11980609418282548
decode,conversation,19,2,0.2,0.30000000000000004,2164,0.2449677288532257,0.2541589648798521
decode,conversation,19,3,0.30000000000000004,0.4,1191,0.3452780246734619,0.35516372795969775
decode,conversation,19,4,0.4,0.5,604,0.4412565529346466,0.4586092715231788
decode,conversation,19,5,0.5,0.6000000000000001,240,0.5487287640571594,0.6
decode,conversation,19,6,0.6000000000000001,0.7000000000000001,198,0.6500686407089233,0.6464646464646465
decode,conversation,19,7,0.7000000000000001,0.8,111,0.7252314686775208,0.7657657657657657
decode,conversation,20,0,0.0,0.1,9357,0.037444282323122025,0.03890135727263012
decode,conversation,20,1,0.1,0.2,3445,0.1467183232307434,0.11843251088534107
decode,conversation,20,2,0.2,0.30000000000000004,1736,0.242534339427948,0.23559907834101382
decode,conversation,20,3,0.30000000000000004,0.4,929,0.3464224934577942,0.3756727664155005
decode,conversation,20,4,0.4,0.5,461,0.4432649612426758,0.44251626898047725
decode,conversation,20,5,0.5,0.6000000000000001,142,0.5454100370407104,0.5563380281690141
decode,conversation,20,6,0.6000000000000001,0.7000000000000001,254,0.6512256264686584,0.7716535433070866
decode,conversation,20,7,0.7000000000000001,0.8,60,0.7206599116325378,0.65
decode,conversation,21,0,0.0,0.1,6880,0.03559979423880577,0.037063953488372096
decode,conversation,21,1,0.1,0.2,2896,0.1456516683101654,0.11084254143646409
decode,conversation,21,2,0.2,0.30000000000000004,1050,0.2441192865371704,0.21333333333333335
decode,conversation,21,3,0.30000000000000004,0.4,704,0.34440499544143677,0.3778409090909091
decode,conversation,21,4,0.4,0.5,338,0.44404321908950806,0.5591715976331361
decode,conversation,21,5,0.5,0.6000000000000001,159,0.5507535934448242,0.5408805031446541
decode,conversation,21,6,0.6000000000000001,0.7000000000000001,203,0.6482473015785217,0.7339901477832512
decode,conversation,21,7,0.7000000000000001,0.8,58,0.7223321199417114,0.7931034482758621
decode,conversation,22,0,0.0,0.1,4612,0.037140313535928726,0.03946227233304423
decode,conversation,22,1,0.1,0.2,1910,0.14114904403686523,0.12408376963350785
decode,conversation,22,2,0.2,0.30000000000000004,773,0.24980001151561737,0.19404915912031048
decode,conversation,22,3,0.30000000000000004,0.4,424,0.3382548987865448,0.3891509433962264
decode,conversation,22,4,0.4,0.5,184,0.4477951228618622,0.5108695652173914
decode,conversation,22,5,0.5,0.6000000000000001,173,0.5416498780250549,0.6416184971098265
decode,conversation,22,6,0.6000000000000001,0.7000000000000001,101,0.6456542015075684,0.7128712871287128
decode,conversation,22,7,0.7000000000000001,0.8,15,0.7219728827476501,0.8666666666666667
decode,conversation,23,0,0.0,0.1,2269,0.0348203182220459,0.03613926840017629
decode,conversation,23,1,0.1,0.2,1054,0.14310616254806519,0.1062618595825427
decode,conversation,23,2,0.2,0.30000000000000004,319,0.24610047042369843,0.27899686520376177
decode,conversation,23,3,0.30000000000000004,0.4,236,0.3441058099269867,0.3686440677966102
decode,conversation,23,4,0.4,0.5,107,0.45266395807266235,0.6822429906542056
decode,conversation,23,5,0.5,0.6000000000000001,46,0.549231767654419,0.6956521739130435
decode,conversation,23,6,0.6000000000000001,0.7000000000000001,56,0.6471846699714661,0.5
decode,conversation,23,7,0.7000000000000001,0.8,9,0.7517350316047668,1.0
decode,general,1,0,0.0,0.1,54729,0.040392421185970306,0.027261598055875313
decode,general,1,1,0.1,0.2,20800,0.14481095969676971,0.12971153846153846
decode,general,1,2,0.2,0.30000000000000004,8875,0.24418380856513977,0.2552112676056338
decode,general,1,3,0.30000000000000004,0.4,4015,0.34624916315078735,0.35317559153175593
decode,general,1,4,0.4,0.5,2515,0.4457123577594757,0.5240556660039761
decode,general,1,5,0.5,0.6000000000000001,1614,0.5452532172203064,0.6957868649318464
decode,general,1,6,0.6000000000000001,0.7000000000000001,885,0.6359524130821228,0.8327683615819209
decode,general,1,7,0.7000000000000001,0.8,677,0.7430874109268188,0.930576070901034
decode,general,1,8,0.8,0.9,66,0.8487699627876282,0.9545454545454546
decode,general,1,9,0.9,1.0,32,0.9269169569015503,1.0
decode,general,2,0,0.0,0.1,53187,0.040025439113378525,0.024291650215278168
decode,general,2,1,0.1,0.2,19026,0.14375388622283936,0.1401766004415011
decode,general,2,2,0.2,0.30000000000000004,8418,0.24218297004699707,0.24483250178189594
decode,general,2,3,0.30000000000000004,0.4,3732,0.3470684587955475,0.36441586280814575
decode,general,2,4,0.4,0.5,2329,0.44354742765426636,0.5478746243022756
decode,general,2,5,0.5,0.6000000000000001,1672,0.5490934252738953,0.6345693779904307
decode,general,2,6,0.6000000000000001,0.7000000000000001,1009,0.6452065706253052,0.8543111992071358
decode,general,2,7,0.7000000000000001,0.8,593,0.7419085502624512,0.9173693086003373
decode,general,2,8,0.8,0.9,146,0.8347871899604797,0.9657534246575342
decode,general,3,0,0.0,0.1,50432,0.03967186063528061,0.021950348984771575
decode,general,3,1,0.1,0.2,18699,0.14264249801635742,0.12963260067383284
decode,general,3,2,0.2,0.30000000000000004,7384,0.2437564581632614,0.2638136511375948
decode,general,3,3,0.30000000000000004,0.4,3933,0.3454655110836029,0.38672768878718533
decode,general,3,4,0.4,0.5,2308,0.44427427649497986,0.49956672443674177
decode,general,3,5,0.5,0.6000000000000001,1549,0.545356810092926,0.7140090380890898
decode,general,3,6,0.6000000000000001,0.7000000000000001,888,0.6496703028678894,0.8536036036036037
decode,general,3,7,0.7000000000000001,0.8,629,0.7462248206138611,0.8664546899841018
decode,general,3,8,0.8,0.9,164,0.8324934840202332,0.975609756097561
decode,general,3,9,0.9,1.0,30,0.9121914505958557,1.0
decode,general,4,0,0.0,0.1,48621,0.040673378854990005,0.024454453836819483
decode,general,4,1,0.1,0.2,17305,0.1437147855758667,0.12724646056053163
decode,general,4,2,0.2,0.30000000000000004,7004,0.24190811812877655,0.26527698458023985
decode,general,4,3,0.30000000000000004,0.4,3203,0.3474445343017578,0.38557602247892603
decode,general,4,4,0.4,0.5,2762,0.44720950722694397,0.503258508327299
decode,general,4,5,0.5,0.6000000000000001,1484,0.5458071231842041,0.7190026954177897
decode,general,4,6,0.6000000000000001,0.7000000000000001,1054,0.6448606848716736,0.8045540796963947
decode,general,4,7,0.7000000000000001,0.8,368,0.7478060722351074,0.9239130434782609
decode,general,4,8,0.8,0.9,93,0.8363206386566162,0.9139784946236559
decode,general,4,9,0.9,1.0,26,0.9250181913375854,1.0
decode,general,5,0,0.0,0.1,46297,0.041054196655750275,0.024839622437738948
decode,general,5,1,0.1,0.2,16251,0.1424422562122345,0.12909974770783336
decode,general,5,2,0.2,0.30000000000000004,6710,0.2418786734342575,0.27660208643815204
decode,general,5,3,0.30000000000000004,0.4,3573,0.34686553478240967,0.38175202910719286
decode,general,5,4,0.4,0.5,2224,0.4468097388744354,0.5220323741007195
decode,general,5,5,0.5,0.6000000000000001,1431,0.5441460609436035,0.6673654786862334
decode,general,5,6,0.6000000000000001,0.7000000000000001,864,0.6492347121238708,0.7881944444444444
decode,general,5,7,0.7000000000000001,0.8,400,0.7480043172836304,0.975
decode,general,5,8,0.8,0.9,74,0.8301389813423157,0.9864864864864865
decode,general,6,0,0.0,0.1,43202,0.04029546678066254,0.02319337067728346
decode,general,6,1,0.1,0.2,15955,0.14401313662528992,0.1298025697273582
decode,general,6,2,0.2,0.30000000000000004,6575,0.2403673678636551,0.26114068441064636
decode,general,6,3,0.30000000000000004,0.4,3290,0.3478306233882904,0.396048632218845
decode,general,6,4,0.4,0.5,2101,0.44774287939071655,0.5321275583055688
decode,general,6,5,0.5,0.6000000000000001,1373,0.5429729223251343,0.6970138383102695
decode,general,6,6,0.6000000000000001,0.7000000000000001,760,0.640393078327179,0.8131578947368421
decode,general,6,7,0.7000000000000001,0.8,272,0.7513347864151001,0.9154411764705882
decode,general,6,8,0.8,0.9,186,0.8321973085403442,0.9247311827956989
decode,general,6,9,0.9,1.0,14,0.924294650554657,0.6428571428571429
decode,general,7,0,0.0,0.1,41672,0.040316324681043625,0.022653100403148396
decode,general,7,1,0.1,0.2,14647,0.14494755864143372,0.13743428688468629
decode,general,7,2,0.2,0.30000000000000004,5944,0.2448788434267044,0.242092866756393
decode,general,7,3,0.30000000000000004,0.4,3222,0.3445928990840912,0.4301675977653631
decode,general,7,4,0.4,0.5,1715,0.4461304843425751,0.61399416909621
decode,general,7,5,0.5,0.6000000000000001,1209,0.5455313324928284,0.6327543424317618
decode,general,7,6,0.6000000000000001,0.7000000000000001,696,0.6462436318397522,0.8735632183908046
decode,general,7,7,0.7000000000000001,0.8,414,0.7490442991256714,0.9347826086956522
decode,general,7,8,0.8,0.9,88,0.8348709344863892,0.9545454545454546
decode,general,7,9,0.9,1.0,25,0.9422590732574463,1.0
decode,general,8,0,0.0,0.1,39371,0.03915036842226982,0.02019252749485662
decode,general,8,1,0.1,0.2,13374,0.1429411917924881,0.13840287124270972
decode,general,8,2,0.2,0.30000000000000004,5936,0.24164851009845734,0.2565700808625337
decode,general,8,3,0.30000000000000004,0.4,3089,0.3438020944595337,0.4227905471026222
decode,general,8,4,0.4,0.5,1443,0.4475710093975067,0.5883575883575883
decode,general,8,5,0.5,0.6000000000000001,1172,0.5481836795806885,0.7295221843003413
decode,general,8,6,0.6000000000000001,0.7000000000000001,506,0.6393433809280396,0.857707509881423
decode,general,8,7,0.7000000000000001,0.8,456,0.748841404914856,0.8662280701754386
decode,general,8,8,0.8,0.9,188,0.8423073887825012,0.973404255319149
decode,general,8,9,0.9,1.0,1,0.923219621181488,1.0
decode,general,9,0,0.0,0.1,36503,0.03849441558122635,0.01912171602334055
decode,general,9,1,0.1,0.2,12130,0.1441621333360672,0.13124484748557297
decode,general,9,2,0.2,0.30000000000000004,6522,0.24322789907455444,0.25068997240110397
decode,general,9,3,0.30000000000000004,0.4,2620,0.34383028745651245,0.39961832061068703
decode,general,9,4,0.4,0.5,1418,0.44156020879745483,0.6255289139633287
decode,general,9,5,0.5,0.6000000000000001,1042,0.547776997089386,0.7053742802303263
decode,general,9,6,0.6000000000000001,0.7000000000000001,604,0.6469990611076355,0.8675496688741722
decode,general,9,7,0.7000000000000001,0.8,494,0.7424265146255493,0.9210526315789473
decode,general,9,8,0.8,0.9,75,0.8376628756523132,1.0
decode,general,9,9,0.9,1.0,32,0.9352333545684814,1.0
decode,general,10,0,0.0,0.1,33456,0.038425616919994354,0.020414873266379724
decode,general,10,1,0.1,0.2,12512,0.14431752264499664,0.12324168797953965
decode,general,10,2,0.2,0.30000000000000004,5285,0.24542377889156342,0.27890255439924316
decode,general,10,3,0.30000000000000004,0.4,2709,0.34441912174224854,0.38242894056847543
decode,general,10,4,0.4,0.5,1349,0.4452006220817566,0.5930318754633062
decode,general,10,5,0.5,0.6000000000000001,930,0.5430892705917358,0.7268817204301076
decode,general,10,6,0.6000000000000001,0.7000000000000001,726,0.6508592963218689,0.8567493112947658
decode,general,10,7,0.7000000000000001,0.8,264,0.733922004699707,0.8863636363636364
decode,general,10,8,0.8,0.9,97,0.8463664054870605,0.8762886597938144
decode,general,10,9,0.9,1.0,16,0.911453366279602,1.0
decode,general,11,0,0.0,0.1,30649,0.03922656923532486,0.018923945316323534
decode,general,11,1,0.1,0.2,11970,0.14575637876987457,0.13199665831244778
decode,general,11,2,0.2,0.30000000000000004,5147,0.24211999773979187,0.2683116378472897
decode,general,11,3,0.30000000000000004,0.4,2583,0.34593063592910767,0.4343786295005807
decode,general,11,4,0.4,0.5,1299,0.44174957275390625,0.5704387990762124
decode,general,11,5,0.5,0.6000000000000001,759,0.5538523197174072,0.6930171277997365
decode,general,11,6,0.6000000000000001,0.7000000000000001,521,0.6455491781234741,0.8195777351247601
decode,general,11,7,0.7000000000000001,0.8,239,0.7392387390136719,0.9163179916317992
decode,general,11,8,0.8,0.9,69,0.8312869668006897,0.9855072463768116
decode,general,11,9,0.9,1.0,12,0.9106085896492004,1.0
decode,general,12,0,0.0,0.1,28185,0.03903905302286148,0.01947844598190527
decode,general,12,1,0.1,0.2,11354,0.14692580699920654,0.12709177382420292
decode,general,12,2,0.2,0.30000000000000004,4403,0.24372753500938416,0.27980922098569155
decode,general,12,3,0.30000000000000004,0.4,2488,0.3453177213668823,0.41559485530546625
decode,general,12,4,0.4,0.5,1313,0.4442516267299652,0.5856816450875857
decode,general,12,5,0.5,0.6000000000000001,666,0.5474470257759094,0.7252252252252253
decode,general,12,6,0.6000000000000001,0.7000000000000001,533,0.6454734802246094,0.8461538461538461
decode,general,12,7,0.7000000000000001,0.8,162,0.7334341406822205,0.8518518518518519
decode,general,12,8,0.8,0.9,39,0.8562875390052795,0.9230769230769231
decode,general,12,9,0.9,1.0,9,0.9306784868240356,1.0
decode,general,13,0,0.0,0.1,25110,0.03811575099825859,0.022341696535244922
decode,general,13,1,0.1,0.2,10597,0.1461348533630371,0.12163819949042182
decode,general,13,2,0.2,0.30000000000000004,4780,0.2446914166212082,0.2769874476987448
decode,general,13,3,0.30000000000000004,0.4,2196,0.3446345925331116,0.3911657559198543
decode,general,13,4,0.4,0.5,1191,0.4421413242816925,0.5835432409739715
decode,general,13,5,0.5,0.6000000000000001,527,0.5530272126197815,0.698292220113852
decode,general,13,6,0.6000000000000001,0.7000000000000001,434,0.649182915687561,0.783410138248848
decode,general,13,7,0.7000000000000001,0.8,213,0.7243662476539612,0.8826291079812206
decode,general,13,8,0.8,0.9,8,0.8327751755714417,1.0
decode,general,14,0,0.0,0.1,22862,0.03830927982926369,0.021520426909281777
decode,general,14,1,0.1,0.2,9371,0.14565430581569672,0.12997545619464304
decode,general,14,2,0.2,0.30000000000000004,4573,0.24335548281669617,0.27968510824404114
decode,general,14,3,0.30000000000000004,0.4,2032,0.3408280313014984,0.3646653543307087
decode,general,14,4,0.4,0.5,1158,0.4492541253566742,0.5518134715025906
decode,general,14,5,0.5,0.6000000000000001,640,0.5459593534469604,0.7359375
decode,general,14,6,0.6000000000000001,0.7000000000000001,282,0.644598126411438,0.8829787234042553
decode,general,14,7,0.7000000000000001,0.8,42,0.7274777293205261,0.7380952380952381
decode,general,15,0,0.0,0.1,20973,0.038252685219049454,0.023315691603490202
decode,general,15,1,0.1,0.2,8081,0.14577297866344452,0.12102462566514045
decode,general,15,2,0.2,0.30000000000000004,3845,0.24523323774337769,0.2676202860858257
decode,general,15,3,0.30000000000000004,0.4,1932,0.3433094620704651,0.41252587991718426
decode,general,15,4,0.4,0.5,1120,0.4442459046840668,0.5714285714285714
decode,general,15,5,0.5,0.6000000000000001,499,0.5410387516021729,0.6793587174348698
decode,general,15,6,0.6000000000000001,0.7000000000000001,292,0.6520015001296997,0.773972602739726
decode,general,15,7,0.7000000000000001,0.8,114,0.7295090556144714,0.8947368421052632
decode,general,15,8,0.8,0.9,8,0.8291655778884888,1.0
decode,general,16,0,0.0,0.1,18918,0.03848879784345627,0.02315255312400888
decode,general,16,1,0.1,0.2,6909,0.14545002579689026,0.13431755680995802
decode,general,16,2,0.2,0.30000000000000004,3497,0.24490474164485931,0.2570774949957106
decode,general,16,3,0.30000000000000004,0.4,1950,0.34226536750793457,0.4358974358974359
decode,general,16,4,0.4,0.5,781,0.44458431005477905,0.5774647887323944
decode,general,16,5,0.5,0.6000000000000001,392,0.5477163791656494,0.6326530612244898
decode,general,16,6,0.6000000000000001,0.7000000000000001,262,0.6494105458259583,0.9312977099236641
decode,general,16,7,0.7000000000000001,0.8,59,0.7200220227241516,0.6440677966101694
decode,general,17,0,0.0,0.1,15928,0.03721291199326515,0.019776494224008036
decode,general,17,1,0.1,0.2,6601,0.1464761346578598,0.12755643084381155
decode,general,17,2,0.2,0.30000000000000004,3125,0.24138396978378296,0.24448
decode,general,17,3,0.30000000000000004,0.4,1638,0.34217992424964905,0.394993894993895
decode,general,17,4,0.4,0.5,609,0.4390120506286621,0.6600985221674877
decode,general,17,5,0.5,0.6000000000000001,340,0.5527533292770386,0.7205882352941176
decode,general,17,6,0.6000000000000001,0.7000000000000001,345,0.648217499256134,0.8521739130434782
decode,general,17,7,0.7000000000000001,0.8,86,0.7265623807907104,0.872093023255814
decode,general,18,0,0.0,0.1,13639,0.03828195482492447,0.021629151697338516
decode,general,18,1,0.1,0.2,5620,0.1455441415309906,0.12206405693950179
decode,general,18,2,0.2,0.30000000000000004,2877,0.24334770441055298,0.24018074383037888
decode,general,18,3,0.30000000000000004,0.4,1453,0.34136340022087097,0.4425326909841707
decode,general,18,4,0.4,0.5,483,0.44121405482292175,0.6542443064182195
decode,general,18,5,0.5,0.6000000000000001,157,0.5495805740356445,0.8471337579617835
decode,general,18,6,0.6000000000000001,0.7000000000000001,307,0.6550686359405518,0.8762214983713354
decode,general,18,7,0.7000000000000001,0.8,40,0.7143151164054871,0.975
decode,general,19,0,0.0,0.1,11699,0.038789428770542145,0.02008718693905462
decode,general,19,1,0.1,0.2,4415,0.14540746808052063,0.10668176670441676
decode,general,19,2,0.2,0.30000000000000004,2038,0.24156175553798676,0.2757605495583906
decode,general,19,3,0.30000000000000004,0.4,1156,0.3427668511867523,0.4005190311418685
decode,general,19,4,0.4,0.5,619,0.4433075189590454,0.6219709208400647
decode,general,19,5,0.5,0.6000000000000001,237,0.5488152503967285,0.6919831223628692
decode,general,19,6,0.6000000000000001,0.7000000000000001,199,0.6474478840827942,0.8743718592964824
decode,general,19,7,0.7000000000000001,0.8,117,0.7281813025474548,0.905982905982906
decode,general,20,0,0.0,0.1,9393,0.037159934639930725,0.018843819865857554
decode,general,20,1,0.1,0.2,3543,0.14807945489883423,0.11656788032740616
decode,general,20,2,0.2,0.30000000000000004,1603,0.2431226670742035,0.23767935121646913
decode,general,20,3,0.30000000000000004,0.4,992,0.34898510575294495,0.43850806451612906
decode,general,20,4,0.4,0.5,416,0.4504905045032501,0.5745192307692307
decode,general,20,5,0.5,0.6000000000000001,134,0.5526353120803833,0.8731343283582089
decode,general,20,6,0.6000000000000001,0.7000000000000001,240,0.653507649898529,0.9625
decode,general,20,7,0.7000000000000001,0.8,63,0.7268130779266357,0.873015873015873
decode,general,21,0,0.0,0.1,6888,0.035520825535058975,0.017276422764227643
decode,general,21,1,0.1,0.2,2906,0.1455419957637787,0.1018582243633861
decode,general,21,2,0.2,0.30000000000000004,1056,0.2443782389163971,0.19602272727272727
decode,general,21,3,0.30000000000000004,0.4,635,0.3487088978290558,0.4692913385826772
decode,general,21,4,0.4,0.5,355,0.44184455275535583,0.6366197183098592
decode,general,21,5,0.5,0.6000000000000001,164,0.5440288186073303,0.7378048780487805
decode,general,21,6,0.6000000000000001,0.7000000000000001,219,0.6511961817741394,0.9315068493150684
decode,general,21,7,0.7000000000000001,0.8,65,0.7229512929916382,1.0
decode,general,22,0,0.0,0.1,4554,0.03670725226402283,0.020641194554238032
decode,general,22,1,0.1,0.2,1973,0.13722564280033112,0.12012164216928535
decode,general,22,2,0.2,0.30000000000000004,746,0.24932493269443512,0.15951742627345844
decode,general,22,3,0.30000000000000004,0.4,435,0.3406111001968384,0.45517241379310347
decode,general,22,4,0.4,0.5,218,0.45478782057762146,0.6146788990825688
decode,general,22,5,0.5,0.6000000000000001,168,0.5482665300369263,0.9345238095238095
decode,general,22,6,0.6000000000000001,0.7000000000000001,75,0.6477190256118774,0.8266666666666667
decode,general,22,7,0.7000000000000001,0.8,23,0.7385898232460022,1.0
decode,general,23,0,0.0,0.1,2220,0.03279116004705429,0.027477477477477478
decode,general,23,1,0.1,0.2,1130,0.14161066710948944,0.05929203539823009
decode,general,23,2,0.2,0.30000000000000004,265,0.24291494488716125,0.2641509433962264
decode,general,23,3,0.30000000000000004,0.4,275,0.3415149450302124,0.5018181818181818
decode,general,23,4,0.4,0.5,80,0.4569958746433258,0.825
decode,general,23,5,0.5,0.6000000000000001,69,0.5634222626686096,1.0
decode,general,23,6,0.6000000000000001,0.7000000000000001,48,0.6575838327407837,0.6666666666666666
decode,general,23,7,0.7000000000000001,0.8,9,0.7491258978843689,1.0
decode,math,1,0,0.0,0.1,54016,0.04064015671610832,0.04581975710900474
decode,math,1,1,0.1,0.2,21526,0.14354795217514038,0.14944718015423208
decode,math,1,2,0.2,0.30000000000000004,9047,0.2427036315202713,0.21355145352050403
decode,math,1,3,0.30000000000000004,0.4,4033,0.3455887734889984,0.3096950161170345
decode,math,1,4,0.4,0.5,2353,0.4475919008255005,0.42413939651508714
decode,math,1,5,0.5,0.6000000000000001,1561,0.5487869381904602,0.4894298526585522
decode,math,1,6,0.6000000000000001,0.7000000000000001,961,0.6415464282035828,0.6129032258064516
decode,math,1,7,0.7000000000000001,0.8,578,0.7466973662376404,0.740484429065744
decode,math,1,8,0.8,0.9,101,0.8379601240158081,0.9108910891089109
decode,math,1,9,0.9,1.0,32,0.9325103759765625,1.0
decode,math,2,0,0.0,0.1,52694,0.04040880873799324,0.042566516111891294
decode,math,2,1,0.1,0.2,19724,0.1435111165046692,0.15904481849523422
decode,math,2,2,0.2,0.30000000000000004,8198,0.24306702613830566,0.22847035862405465
decode,math,2,3,0.30000000000000004,0.4,3932,0.3468044400215149,0.30671414038657174
decode,math,2,4,0.4,0.5,2375,0.44555139541625977,0.40042105263157896
decode,math,2,5,0.5,0.6000000000000001,1596,0.547048807144165,0.5125313283208021
decode,math,2,6,0.6000000000000001,0.7000000000000001,921,0.644656240940094,0.5939196525515744
decode,math,2,7,0.7000000000000001,0.8,519,0.7406349778175354,0.7071290944123314
decode,math,2,8,0.8,0.9,152,0.8370215892791748,0.8026315789473685
decode,math,2,9,0.9,1.0,1,0.9365772008895874,0.0
decode,math,3,0,0.0,0.1,49671,0.03993866965174675,0.04251978015340943
decode,math,3,1,0.1,0.2,19575,0.1432695835828781,0.14830140485312898
decode,math,3,2,0.2,0.30000000000000004,7458,0.24323345720767975,0.23209975864843121
decode,math,3,3,0.30000000000000004,0.4,3893,0.3457019329071045,0.30208065759054714
decode,math,3,4,0.4,0.5,2261,0.4462958574295044,0.4029190623617868
decode,math,3,5,0.5,0.6000000000000001,1544,0.5469736456871033,0.5310880829015544
decode,math,3,6,0.6000000000000001,0.7000000000000001,941,0.6436578035354614,0.6163655685441021
decode,math,3,7,0.7000000000000001,0.8,548,0.7471916079521179,0.7554744525547445
decode,math,3,8,0.8,0.9,113,0.8323425650596619,0.8230088495575221
decode,math,3,9,0.9,1.0,12,0.924717903137207,1.0
decode,math,4,0,0.0,0.1,47978,0.04071490466594696,0.04237358789445162
decode,math,4,1,0.1,0.2,17951,0.14430490136146545,0.1526934432622138
decode,math,4,2,0.2,0.30000000000000004,7267,0.24224402010440826,0.23076923076923078
decode,math,4,3,0.30000000000000004,0.4,3249,0.34696975350379944,0.281009541397353
decode,math,4,4,0.4,0.5,2475,0.4464503526687622,0.4492929292929293
decode,math,4,5,0.5,0.6000000000000001,1512,0.5452730059623718,0.5198412698412699
decode,math,4,6,0.6000000000000001,0.7000000000000001,968,0.6449163556098938,0.6167355371900827
decode,math,4,7,0.7000000000000001,0.8,436,0.7412189245223999,0.7087155963302753
decode,math,4,8,0.8,0.9,68,0.8433212041854858,0.8235294117647058
decode,math,4,9,0.9,1.0,16,0.934205174446106,1.0
decode,math,5,0,0.0,0.1,45690,0.0411834791302681,0.04342306850514336
decode,math,5,1,0.1,0.2,17027,0.14386622607707977,0.1488811887002995
decode,math,5,2,0.2,0.30000000000000004,6824,0.2425176501274109,0.24150058616647127
decode,math,5,3,0.30000000000000004,0.4,3399,0.3452623784542084,0.3280376581347455
decode,math,5,4,0.4,0.5,2116,0.4482939839363098,0.389413988657845
decode,math,5,5,0.5,0.6000000000000001,1532,0.5471077561378479,0.5274151436031331
decode,math,5,6,0.6000000000000001,0.7000000000000001,754,0.6467621922492981,0.6405835543766578
decode,math,5,7,0.7000000000000001,0.8,398,0.743537962436676,0.6557788944723618
decode,math,5,8,0.8,0.9,83,0.8263741731643677,0.8313253012048193
decode,math,5,9,0.9,1.0,1,0.9084541201591492,1.0
decode,math,6,0,0.0,0.1,42908,0.040288928896188736,0.04234641558683695
decode,math,6,1,0.1,0.2,16156,0.14428970217704773,0.15696954691755385
decode,math,6,2,0.2,0.30000000000000004,6760,0.2412271648645401,0.22322485207100592
decode,math,6,3,0.30000000000000004,0.4,3255,0.3456604480743408,0.2927803379416283
decode,math,6,4,0.4,0.5,2112,0.4471450746059418,0.40198863636363635
decode,math,6,5,0.5,0.6000000000000001,1339,0.5425265431404114,0.5324869305451829
decode,math,6,6,0.6000000000000001,0.7000000000000001,723,0.642795741558075,0.6542185338865837
decode,math,6,7,0.7000000000000001,0.8,276,0.7431533932685852,0.7463768115942029
decode,math,6,8,0.8,0.9,176,0.835903525352478,0.8181818181818182
decode,math,6,9,0.9,1.0,23,0.924400269985199,0.6956521739130435
decode,math,7,0,0.0,0.1,41120,0.040397223085165024,0.04340953307392996
decode,math,7,1,0.1,0.2,15047,0.1441165804862976,0.1506612613810062
decode,math,7,2,0.2,0.30000000000000004,6257,0.24353891611099243,0.2303020616909062
decode,math,7,3,0.30000000000000004,0.4,3149,0.34316256642341614,0.33439187043505875
decode,math,7,4,0.4,0.5,1770,0.44662511348724365,0.4576271186440678
decode,math,7,5,0.5,0.6000000000000001,1092,0.5461961030960083,0.51007326007326
decode,math,7,6,0.6000000000000001,0.7000000000000001,642,0.6453074812889099,0.6417445482866043
decode,math,7,7,0.7000000000000001,0.8,467,0.7447490096092224,0.6595289079229122
decode,math,7,8,0.8,0.9,70,0.8278814554214478,0.7571428571428571
decode,math,7,9,0.9,1.0,18,0.9219753742218018,1.0
decode,math,8,0,0.0,0.1,38977,0.03947441279888153,0.04087025681812351
decode,math,8,1,0.1,0.2,13873,0.14343860745429993,0.1669429827722915
decode,math,8,2,0.2,0.30000000000000004,5918,0.24288155138492584,0.222710375126732
decode,math,8,3,0.30000000000000004,0.4,3081,0.3450908362865448,0.3005517689061993
decode,math,8,4,0.4,0.5,1480,0.4464155435562134,0.46013513513513515
decode,math,8,5,0.5,0.6000000000000001,1137,0.5481358170509338,0.5637642919964819
decode,math,8,6,0.6000000000000001,0.7000000000000001,528,0.6449804306030273,0.5852272727272727
decode,math,8,7,0.7000000000000001,0.8,390,0.7493194341659546,0.7230769230769231
decode,math,8,8,0.8,0.9,149,0.8438958525657654,0.825503355704698
decode,math,8,9,0.9,1.0,3,0.9089778065681458,1.0
decode,math,9,0,0.0,0.1,36250,0.03903783857822418,0.04033103448275862
decode,math,9,1,0.1,0.2,12595,0.1440339982509613,0.15045653036919412
decode,math,9,2,0.2,0.30000000000000004,6207,0.24350881576538086,0.2519735782181408
decode,math,9,3,0.30000000000000004,0.4,2794,0.3444969952106476,0.3045812455261274
decode,math,9,4,0.4,0.5,1421,0.4459376335144043,0.41731175228712175
decode,math,9,5,0.5,0.6000000000000001,927,0.5492427349090576,0.5199568500539374
decode,math,9,6,0.6000000000000001,0.7000000000000001,661,0.6515036821365356,0.6278366111951589
decode,math,9,7,0.7000000000000001,0.8,476,0.7388578653335571,0.6953781512605042
decode,math,9,8,0.8,0.9,80,0.8245372772216797,0.7625
decode,math,9,9,0.9,1.0,29,0.9434882402420044,0.896551724137931
decode,math,10,0,0.0,0.1,33063,0.03856714814901352,0.0391374043492726
decode,math,10,1,0.1,0.2,12601,0.14381656050682068,0.1550670581699865
decode,math,10,2,0.2,0.30000000000000004,5582,0.24442943930625916,0.23754926549623792
decode,math,10,3,0.30000000000000004,0.4,2801,0.34423720836639404,0.30132095680114246
decode,math,10,4,0.4,0.5,1426,0.4438985586166382,0.4228611500701262
decode,math,10,5,0.5,0.6000000000000001,847,0.5456042289733887,0.5537190082644629
decode,math,10,6,0.6000000000000001,0.7000000000000001,640,0.6463224291801453,0.6546875
decode,math,10,7,0.7000000000000001,0.8,274,0.7377806901931763,0.6423357664233577
decode,math,10,8,0.8,0.9,91,0.8456953167915344,0.7252747252747253
decode,math,10,9,0.9,1.0,19,0.9138751029968262,0.8947368421052632
decode,math,11,0,0.0,0.1,30339,0.038901664316654205,0.041959194436204224
decode,math,11,1,0.1,0.2,11986,0.14546969532966614,0.1500083430669114
decode,math,11,2,0.2,0.30000000000000004,5297,0.24268287420272827,0.22503303756843496
decode,math,11,3,0.30000000000000004,0.4,2763,0.3460020422935486,0.30510314875135724
decode,math,11,4,0.4,0.5,1234,0.4451156556606293,0.40032414910858993
decode,math,11,5,0.5,0.6000000000000001,755,0.549979031085968,0.6132450331125828
decode,math,11,6,0.6000000000000001,0.7000000000000001,596,0.6431106925010681,0.6761744966442953
decode,math,11,7,0.7000000000000001,0.8,197,0.7422232031822205,0.6802030456852792
decode,math,11,8,0.8,0.9,59,0.841643214225769,0.6101694915254238
decode,math,11,9,0.9,1.0,22,0.9130403399467468,0.9090909090909091
decode,math,12,0,0.0,0.1,28081,0.03951500356197357,0.04291157722303337
decode,math,12,1,0.1,0.2,11304,0.14518889784812927,0.14835456475583864
decode,math,12,2,0.2,0.30000000000000004,4638,0.24367476999759674,0.2382492453643812
decode,math,12,3,0.30000000000000004,0.4,2486,0.3441906273365021,0.3004827031375704
decode,math,12,4,0.4,0.5,1290,0.4454159140586853,0.4449612403100775
decode,math,12,5,0.5,0.6000000000000001,707,0.5465782880783081,0.5813295615275813
decode,math,12,6,0.6000000000000001,0.7000000000000001,467,0.6443231105804443,0.6316916488222698
decode,math,12,7,0.7000000000000001,0.8,125,0.7461445927619934,0.744
decode,math,12,8,0.8,0.9,40,0.854017436504364,0.775
decode,math,12,9,0.9,1.0,14,0.9344388246536255,0.42857142857142855
decode,math,13,0,0.0,0.1,25393,0.03890804573893547,0.04162564486275745
decode,math,13,1,0.1,0.2,10170,0.14478129148483276,0.15093411996066863
decode,math,13,2,0.2,0.30000000000000004,4778,0.2457798421382904,0.22603599832565927
decode,math,13,3,0.30000000000000004,0.4,2303,0.3436932861804962,0.3165436387320886
decode,math,13,4,0.4,0.5,1239,0.44165709614753723,0.4124293785310734
decode,math,13,5,0.5,0.6000000000000001,618,0.5490925908088684,0.5566343042071198
decode,math,13,6,0.6000000000000001,0.7000000000000001,410,0.6461262106895447,0.6878048780487804
decode,math,13,7,0.7000000000000001,0.8,135,0.7293717861175537,0.674074074074074
decode,math,13,8,0.8,0.9,10,0.8373621702194214,0.3
decode,math,14,0,0.0,0.1,23051,0.039226554334163666,0.0436857403149538
decode,math,14,1,0.1,0.2,9104,0.1449589729309082,0.14971441124780316
decode,math,14,2,0.2,0.30000000000000004,4524,0.2443559467792511,0.22281167108753316
decode,math,14,3,0.30000000000000004,0.4,2162,0.34227922558784485,0.31174838112858466
decode,math,14,4,0.4,0.5,1154,0.44460955262184143,0.4003466204506066
decode,math,14,5,0.5,0.6000000000000001,621,0.545830249786377,0.6038647342995169
decode,math,14,6,0.6000000000000001,0.7000000000000001,283,0.6460423469543457,0.6784452296819788
decode,math,14,7,0.7000000000000001,0.8,59,0.7347058057785034,0.6610169491525424
decode,math,14,8,0.8,0.9,2,0.807452380657196,0.0
decode,math,15,0,0.0,0.1,20995,0.038631539791822433,0.04415336984996428
decode,math,15,1,0.1,0.2,7933,0.14536204934120178,0.1414345140552124
decode,math,15,2,0.2,0.30000000000000004,4045,0.2456836849451065,0.23016069221260815
decode,math,15,3,0.30000000000000004,0.4,2027,0.3424728214740753,0.3482979773063641
decode,math,15,4,0.4,0.5,937,0.44639772176742554,0.4247598719316969
decode,math,15,5,0.5,0.6000000000000001,569,0.5407894253730774,0.562390158172232
decode,math,15,6,0.6000000000000001,0.7000000000000001,251,0.6464546918869019,0.5418326693227091
decode,math,15,7,0.7000000000000001,0.8,100,0.741316556930542,0.64
decode,math,15,8,0.8,0.9,7,0.8180233240127563,0.5714285714285714
decode,math,16,0,0.0,0.1,18870,0.038668736815452576,0.047747747747747746
decode,math,16,1,0.1,0.2,6817,0.14553935825824738,0.14346486724365556
decode,math,16,2,0.2,0.30000000000000004,3564,0.24491184949874878,0.22278338945005613
decode,math,16,3,0.30000000000000004,0.4,1924,0.34377697110176086,0.3284823284823285
decode,math,16,4,0.4,0.5,814,0.4412239193916321,0.4312039312039312
decode,math,16,5,0.5,0.6000000000000001,428,0.5452579855918884,0.5210280373831776
decode,math,16,6,0.6000000000000001,0.7000000000000001,269,0.6489275097846985,0.587360594795539
decode,math,16,7,0.7000000000000001,0.8,82,0.7183233499526978,0.7195121951219512
decode,math,17,0,0.0,0.1,16016,0.03823256492614746,0.04314435564435565
decode,math,17,1,0.1,0.2,6457,0.14623741805553436,0.15332197614991483
decode,math,17,2,0.2,0.30000000000000004,3268,0.2429399937391281,0.21542227662178703
decode,math,17,3,0.30000000000000004,0.4,1603,0.34516990184783936,0.30817217716781037
decode,math,17,4,0.4,0.5,606,0.43864530324935913,0.4884488448844885
decode,math,17,5,0.5,0.6000000000000001,318,0.5464127659797668,0.5660377358490566
decode,math,17,6,0.6000000000000001,0.7000000000000001,322,0.6461554765701294,0.5838509316770186
decode,math,17,7,0.7000000000000001,0.8,82,0.7330921292304993,0.5
decode,math,18,0,0.0,0.1,13631,0.038636401295661926,0.039688944318098454
decode,math,18,1,0.1,0.2,5515,0.14497676491737366,0.15376246600181323
decode,math,18,2,0.2,0.30000000000000004,2966,0.24162904918193817,0.2356709372892785
decode,math,18,3,0.30000000000000004,0.4,1460,0.3424389660358429,0.3356164383561644
decode,math,18,4,0.4,0.5,531,0.4394347369670868,0.3578154425612053
decode,math,18,5,0.5,0.6000000000000001,165,0.5497680306434631,0.6121212121212121
decode,math,18,6,0.6000000000000001,0.7000000000000001,251,0.6519749760627747,0.6932270916334662
decode,math,18,7,0.7000000000000001,0.8,57,0.7262524366378784,0.5087719298245614
decode,math,19,0,0.0,0.1,11644,0.039180103689432144,0.04302645139127448
decode,math,19,1,0.1,0.2,4353,0.14529642462730408,0.14266023432115782
decode,math,19,2,0.2,0.30000000000000004,2160,0.24382391571998596,0.23657407407407408
decode,math,19,3,0.30000000000000004,0.4,1212,0.34288540482521057,0.32838283828382836
decode,math,19,4,0.4,0.5,616,0.4420514404773712,0.3652597402597403
decode,math,19,5,0.5,0.6000000000000001,193,0.5492053031921387,0.5544041450777202
decode,math,19,6,0.6000000000000001,0.7000000000000001,187,0.6538541913032532,0.6149732620320856
decode,math,19,7,0.7000000000000001,0.8,115,0.7304559350013733,0.7130434782608696
decode,math,20,0,0.0,0.1,9290,0.03765939921140671,0.04402583423035522
decode,math,20,1,0.1,0.2,3503,0.1471048891544342,0.14987153868113046
decode,math,20,2,0.2,0.30000000000000004,1748,0.24224741756916046,0.21624713958810068
decode,math,20,3,0.30000000000000004,0.4,896,0.344808429479599,0.3158482142857143
decode,math,20,4,0.4,0.5,508,0.4418891370296478,0.3425196850393701
decode,math,20,5,0.5,0.6000000000000001,127,0.5461208820343018,0.4645669291338583
decode,math,20,6,0.6000000000000001,0.7000000000000001,232,0.6465659141540527,0.7155172413793104
decode,math,20,7,0.7000000000000001,0.8,79,0.718425452709198,0.6835443037974683
decode,math,20,8,0.8,0.9,1,0.8060785531997681,0.0
decode,math,21,0,0.0,0.1,6803,0.03556310385465622,0.044539173893870354
decode,math,21,1,0.1,0.2,2935,0.1455976516008377,0.1362862010221465
decode,math,21,2,0.2,0.30000000000000004,1111,0.24445801973342896,0.1926192619261926
decode,math,21,3,0.30000000000000004,0.4,677,0.34498661756515503,0.31314623338257014
decode,math,21,4,0.4,0.5,351,0.4441041350364685,0.41025641025641024
decode,math,21,5,0.5,0.6000000000000001,159,0.5528870820999146,0.5408805031446541
decode,math,21,6,0.6000000000000001,0.7000000000000001,202,0.6479895710945129,0.7029702970297029
decode,math,21,7,0.7000000000000001,0.8,50,0.7329924702644348,0.7
decode,math,22,0,0.0,0.1,4628,0.037383079528808594,0.04040622299049265
decode,math,22,1,0.1,0.2,1870,0.14184944331645966,0.12566844919786097
decode,math,22,2,0.2,0.30000000000000004,791,0.2496684342622757,0.24525916561314792
decode,math,22,3,0.30000000000000004,0.4,446,0.3418571949005127,0.3452914798206278
decode,math,22,4,0.4,0.5,185,0.44611650705337524,0.4810810810810811
decode,math,22,5,0.5,0.6000000000000001,155,0.539565920829773,0.5096774193548387
decode,math,22,6,0.6000000000000001,0.7000000000000001,101,0.6433706879615784,0.7227722772277227
decode,math,22,7,0.7000000000000001,0.8,16,0.7225399017333984,0.8125
decode,math,23,0,0.0,0.1,2284,0.03496382012963295,0.04509632224168126
decode,math,23,1,0.1,0.2,1038,0.14348246157169342,0.11078998073217726
decode,math,23,2,0.2,0.30000000000000004,339,0.24683129787445068,0.3274336283185841
decode,math,23,3,0.30000000000000004,0.4,228,0.34836485981941223,0.2719298245614035
decode,math,23,4,0.4,0.5,100,0.45165765285491943,0.5
decode,math,23,5,0.5,0.6000000000000001,45,0.5495629906654358,0.8222222222222222
decode,math,23,6,0.6000000000000001,0.7000000000000001,48,0.6497564911842346,0.5625
decode,math,23,7,0.7000000000000001,0.8,13,0.743816614151001,0.5384615384615384
decode,math,23,8,0.8,0.9,1,0.8079955577850342,0.0
