phase,domain,source_layer,target_layer,delta,capacity,baseline,n_tokens,routing_top_k,selection_coverage,complete_token_coverage,candidate_amplification,useful_amplification,mean_candidate_replacement_fraction,mean_candidate_jaccard
prefill,code,0,1,1,8,domain_oracle,1033,8,0.35503388189738627,0.0,1.0,2.816632583503749,0.0,1.0
prefill,code,0,1,1,8,previous_window,1033,8,0.3452323330106486,0.0,1.0,2.8966000701016474,0.001816860465116279,0.997380784590087
prefill,code,0,1,1,8,static,1033,8,0.3383349467570184,0.0,1.0,2.955650929899857,0.0,1.0
prefill,code,0,1,1,8,transition,1033,8,0.45619554695062925,0.0,1.0,2.1920424403183025,0.2913032945736434,0.56873354896611
prefill,code,0,1,1,16,domain_oracle,1033,8,0.4935866408518877,0.00968054211035818,2.0,4.051973522922285,0.0,1.0
prefill,code,0,1,1,16,previous_window,1033,8,0.4712003872216844,0.002904162633107454,2.0,4.244478685156651,0.001998546511627907,0.9972049397630794
prefill,code,0,1,1,16,static,1033,8,0.45776863504356247,0.0,2.0,4.369019296854348,0.0,1.0
prefill,code,0,1,1,16,transition,1033,8,0.6323814133591481,0.05227492739593417,2.0,3.162648296976655,0.3349079457364341,0.5116931301228828
prefill,code,0,1,1,32,domain_oracle,1033,8,0.7152710551790901,0.08906098741529525,4.0,5.592285569277618,0.0,1.0
prefill,code,0,1,1,32,previous_window,1033,8,0.6904646660212972,0.06389157792836399,4.0,5.793200140203295,0.0013020833333333333,0.9979505117054747
prefill,code,0,1,1,32,static,1033,8,0.66202807357212,0.057115198451113264,4.0,6.04203984646317,0.0,1.0
prefill,code,0,1,1,32,transition,1033,8,0.7981606969990319,0.21200387221684414,4.0,5.011522134627047,0.21002906976744187,0.6585619431425287
prefill,code,0,2,2,8,domain_oracle,1033,8,0.40029041626331074,0.0,1.0,2.498186215235792,0.0,1.0
prefill,code,0,2,2,8,previous_window,1033,8,0.38552758954501454,0.0,1.0,2.593848085373509,0.0015746124031007752,0.9976939942056223
prefill,code,0,2,2,8,static,1033,8,0.3792352371732817,0.0,1.0,2.6368857689853225,0.0,1.0
prefill,code,0,2,2,8,transition,1033,8,0.4866892545982575,0.0,1.0,2.054699154649428,0.3017199612403101,0.5548664513780823
prefill,code,0,2,2,16,domain_oracle,1033,8,0.5707889641819942,0.003872216844143272,2.0,3.5039219843120626,0.0,1.0
prefill,code,0,2,2,16,previous_window,1033,8,0.5450145208131656,0.005808325266214908,2.0,3.669626998223801,0.0012718023255813954,0.998010441890491
prefill,code,0,2,2,16,static,1033,8,0.5047192642787997,0.0,2.0,3.9625988971469672,0.0,1.0
prefill,code,0,2,2,16,transition,1033,8,0.6596079380445304,0.07163601161665054,2.0,3.032104201064025,0.28464147286821706,0.5720010815276287
prefill,code,0,2,2,32,domain_oracle,1033,8,0.792110358180058,0.19264278799612777,4.0,5.049801405438435,0.0,1.0
prefill,code,0,2,2,32,previous_window,1033,8,0.7654888673765731,0.11907066795740562,4.0,5.225418906101802,0.0010598352713178294,0.9982712611500264
prefill,code,0,2,2,32,static,1033,8,0.7202323330106486,0.12584704743465633,4.0,5.553763440860215,0.0,1.0
prefill,code,0,2,2,32,transition,1033,8,0.8299854791868344,0.25556631171345595,4.0,4.819361422947952,0.19207243217054262,0.6832495745775309
prefill,code,0,3,3,8,domain_oracle,1033,8,0.3872216844143272,0.0,1.0,2.5825,0.0,1.0
prefill,code,0,3,3,8,previous_window,1033,8,0.37524201355275894,0.0,1.0,2.6649467913576266,0.0013323643410852713,0.9979210711768852
prefill,code,0,3,3,8,static,1033,8,0.3681026137463698,0.0,1.0,2.7166337935568703,0.0,1.0
prefill,code,0,3,3,8,transition,1033,8,0.4728944820909971,0.0,1.0,2.1146366427840326,0.3062015503875969,0.5505587435820022
prefill,code,0,3,3,16,domain_oracle,1033,8,0.5621974830590513,0.002904162633107454,2.0,3.5574687903572966,0.0,1.0
prefill,code,0,3,3,16,previous_window,1033,8,0.5418683446272992,0.007744433688286544,2.0,3.6909334524341224,0.0013929263565891474,0.9978550145624812
prefill,code,0,3,3,16,static,1033,8,0.5181510164569216,0.000968054211035818,2.0,3.8598785614198974,0.0,1.0
prefill,code,0,3,3,16,transition,1033,8,0.670619554695063,0.08325266214908035,2.0,2.982316853121617,0.2813711240310077,0.5740827900519715
prefill,code,0,3,3,32,domain_oracle,1033,8,0.8166747337850919,0.26040658276863504,4.0,4.897910801600237,0.0,1.0
prefill,code,0,3,3,32,previous_window,1033,8,0.7901742497579864,0.1819941916747338,4.0,5.0621745788667685,0.0009387112403100776,0.9984410760077237
prefill,code,0,3,3,32,static,1033,8,0.7061955469506292,0.06485963213939981,4.0,5.664153529814942,0.0,1.0
prefill,code,0,3,3,32,transition,1033,8,0.8491045498547919,0.345595353339787,4.0,4.710845090494513,0.17320736434108527,0.7121379999055554
prefill,code,0,4,4,8,domain_oracle,1033,8,0.4899564375605034,0.0,1.0,2.0409977772289456,0.0,1.0
prefill,code,0,4,4,8,previous_window,1033,8,0.4803969022265247,0.0,1.0,2.0816120906801006,0.0012112403100775194,0.998062015503876
prefill,code,0,4,4,8,static,1033,8,0.40174249757986447,0.0,1.0,2.4891566265060243,0.0,1.0
prefill,code,0,4,4,8,transition,1033,8,0.550701839303001,0.01452081316553727,1.0,1.8158646451329379,0.2479408914728682,0.6190503725387515
prefill,code,0,4,4,16,domain_oracle,1033,8,0.6542836398838335,0.07647628267182963,2.0,3.0567782504161274,0.0,1.0
prefill,code,0,4,4,16,previous_window,1033,8,0.6492013552758954,0.06389157792836399,2.0,3.080708294501398,0.0009689922480620155,0.998397479486831
prefill,code,0,4,4,16,static,1033,8,0.5925701839303001,0.00968054211035818,2.0,3.3751276291607106,0.0,1.0
prefill,code,0,4,4,16,transition,1033,8,0.7357212003872217,0.09486931268151017,2.0,2.718421052631579,0.23043846899224807,0.6360691320981803
prefill,code,0,4,4,32,domain_oracle,1033,8,0.8614472410454985,0.35237173281703776,4.0,4.643348784941705,0.0,1.0
prefill,code,0,4,4,32,previous_window,1033,8,0.8484995159728945,0.3194578896418199,4.0,4.714204221334855,0.0009084302325581395,0.9984790788340361
prefill,code,0,4,4,32,static,1033,8,0.8215150048402711,0.21200387221684414,4.0,4.869052879658271,0.0,1.0
prefill,code,0,4,4,32,transition,1033,8,0.8973862536302033,0.4220716360116166,4.0,4.457389428263214,0.14053415697674418,0.7581727523796373
prefill,code,0,5,5,8,domain_oracle,1033,8,0.5045982575024202,0.0,1.0,1.9817745803357314,0.0,1.0
prefill,code,0,5,5,8,previous_window,1033,8,0.49685382381413357,0.0,1.0,2.0126643935703847,0.0012112403100775194,0.998062015503876
prefill,code,0,5,5,8,static,1033,8,0.4739835430784124,0.0,1.0,2.1097778912432985,0.0,1.0
prefill,code,0,5,5,8,transition,1033,8,0.5813165537270087,0.0,1.0,1.720233139050791,0.2323158914728682,0.6473013205571411
prefill,code,0,5,5,16,domain_oracle,1033,8,0.6969990319457889,0.09390125847047434,2.0,2.8694444444444445,0.0,1.0
prefill,code,0,5,5,16,previous_window,1033,8,0.6614230396902226,0.06292352371732816,2.0,3.0237833882180754,0.0010901162790697674,0.9982252141982865
prefill,code,0,5,5,16,static,1033,8,0.6314133591481123,0.012584704743465635,2.0,3.1674971253353776,0.0,1.0
prefill,code,0,5,5,16,transition,1033,8,0.7461277831558567,0.16844143272023232,2.0,2.6805060006487187,0.23328488372093023,0.6350485081451442
prefill,code,0,5,5,32,domain_oracle,1033,8,0.890972894482091,0.5150048402710552,4.0,4.4894743990221375,0.0,1.0
prefill,code,0,5,5,32,previous_window,1033,8,0.8595111326234269,0.4075508228460794,4.0,4.653808250035197,0.0008175872093023256,0.9986138525306213
prefill,code,0,5,5,32,static,1033,8,0.832647628267183,0.3543078412391094,4.0,4.803952913820666,0.0,1.0
prefill,code,0,5,5,32,transition,1033,8,0.882865440464666,0.46079380445304935,4.0,4.530701754385965,0.1325702519379845,0.771662124352825
prefill,code,0,6,6,8,domain_oracle,1033,8,0.5089545014520813,0.0,1.0,1.9648121730860675,0.0,1.0
prefill,code,0,6,6,8,previous_window,1033,8,0.4987899322362052,0.0,1.0,2.004852013585638,0.00048449612403100775,0.9991386735572784
prefill,code,0,6,6,8,static,1033,8,0.4915295256534366,0.0,1.0,2.034465780403742,0.0,1.0
prefill,code,0,6,6,8,transition,1033,8,0.5575992255566312,0.002904162633107454,1.0,1.7934027777777777,0.17332848837209303,0.717373797606366
prefill,code,0,6,6,16,domain_oracle,1033,8,0.712487899322362,0.09002904162633107,2.0,2.807065217391304,0.0,1.0
prefill,code,0,6,6,16,previous_window,1033,8,0.6985721200387222,0.08906098741529525,2.0,2.86298285120388,0.0006661821705426356,0.9988433425865927
prefill,code,0,6,6,16,static,1033,8,0.6796950629235237,0.05324298160696999,2.0,2.942495994303009,0.0,1.0
prefill,code,0,6,6,16,transition,1033,8,0.7886011616650532,0.21200387221684414,2.0,2.536136259014884,0.1749031007751938,0.7128746000184524
prefill,code,0,6,6,32,domain_oracle,1033,8,0.9152952565343659,0.5469506292352372,4.0,4.370174510840825,0.0,1.0
prefill,code,0,6,6,32,previous_window,1033,8,0.9000484027105518,0.484027105517909,4.0,4.444205431567625,0.0008175872093023256,0.9986047859364873
prefill,code,0,6,6,32,static,1033,8,0.843054211035818,0.271055179090029,4.0,4.744653365867662,0.0,1.0
prefill,code,0,6,6,32,transition,1033,8,0.9183204259438529,0.5663117134559535,4.0,4.355778099881407,0.14901283914728683,0.745790521166966
prefill,code,0,7,7,8,domain_oracle,1033,8,0.46575508228460794,0.0,1.0,2.147051182125227,0.0,1.0
prefill,code,0,7,7,8,previous_window,1033,8,0.44990319457889644,0.000968054211035818,1.0,2.2227003765465305,0.0015746124031007752,0.9976705034844572
prefill,code,0,7,7,8,static,1033,8,0.42255566311713455,0.0,1.0,2.3665521191294387,0.0,1.0
prefill,code,0,7,7,8,transition,1033,8,0.5396902226524686,0.001936108422071636,1.0,1.8529147982062781,0.27410368217054265,0.5887552154994056
prefill,code,0,7,7,16,domain_oracle,1033,8,0.6707405614714425,0.12971926427879962,2.0,2.981778820133502,0.0,1.0
prefill,code,0,7,7,16,previous_window,1033,8,0.6501694094869312,0.1074540174249758,2.0,3.0761213474781313,0.0009689922480620155,0.9984065460809647
prefill,code,0,7,7,16,static,1033,8,0.6153194578896418,0.005808325266214908,2.0,3.2503441494591936,0.0,1.0
prefill,code,0,7,7,16,transition,1033,8,0.7525411423039691,0.24782187802516942,2.0,2.6576620035375464,0.23576792635658914,0.632720690796118
prefill,code,0,7,7,32,domain_oracle,1033,8,0.8950871248789932,0.5062923523717329,4.0,4.468838718399351,0.0,1.0
prefill,code,0,7,7,32,previous_window,1033,8,0.8730638915779284,0.4404646660212972,4.0,4.581566181566181,0.0007873062015503876,0.9986488936917334
prefill,code,0,7,7,32,static,1033,8,0.8292594385285575,0.33204259438528555,4.0,4.823580913468554,0.0,1.0
prefill,code,0,7,7,32,transition,1033,8,0.8996853823814134,0.5343659244917716,4.0,4.445998655010087,0.12811894379844962,0.7768269373118102
prefill,code,0,8,8,8,domain_oracle,1033,8,0.4305421103581801,0.0,1.0,2.3226531759415403,0.0,1.0
prefill,code,0,8,8,8,previous_window,1033,8,0.4154162633107454,0.0,1.0,2.4072240023303233,0.001816860465116279,0.9974590869939709
prefill,code,0,8,8,8,static,1033,8,0.40646176185866406,0.0,1.0,2.4602560285799346,0.0,1.0
prefill,code,0,8,8,8,transition,1033,8,0.521297192642788,0.001936108422071636,1.0,1.9182915506035283,0.2716812015503876,0.5974031567054867
prefill,code,0,8,8,16,domain_oracle,1033,8,0.6299612778315585,0.08422071636011616,2.0,3.17479830964272,0.0,1.0
prefill,code,0,8,8,16,previous_window,1033,8,0.6102371732817038,0.08325266214908035,2.0,3.27741423755701,0.0008478682170542636,0.9985894779508431
prefill,code,0,8,8,16,static,1033,8,0.5537270087124879,0.001936108422071636,2.0,3.611888111888112,0.0,1.0
prefill,code,0,8,8,16,transition,1033,8,0.7191432720232332,0.17909002904162633,2.0,2.7810869931011273,0.2761627906976744,0.5867272030368258
prefill,code,0,8,8,32,domain_oracle,1033,8,0.8371248789932236,0.4181994191674734,4.0,4.778259612604799,0.0,1.0
prefill,code,0,8,8,32,previous_window,1033,8,0.8160696999031946,0.34172313649564373,4.0,4.901542111506524,0.0009992732558139535,0.9983531832369044
prefill,code,0,8,8,32,static,1033,8,0.7744433688286544,0.17231364956437561,4.0,5.165,0.0,1.0
prefill,code,0,8,8,32,transition,1033,8,0.8771781219748306,0.49080348499515974,4.0,4.560077252034763,0.16512233527131784,0.722641739873863
prefill,code,0,9,9,8,domain_oracle,1033,8,0.45401742497579867,0.0,1.0,2.2025586353944564,0.0,1.0
prefill,code,0,9,9,8,previous_window,1033,8,0.4489351403678606,0.0,1.0,2.2274932614555256,0.0012112403100775194,0.9980933364654297
prefill,code,0,9,9,8,static,1033,8,0.4220716360116166,0.0,1.0,2.3692660550458715,0.0,1.0
prefill,code,0,9,9,8,transition,1033,8,0.5229912875121007,0.003872216844143272,1.0,1.91207774178621,0.2705910852713178,0.5968953527093099
prefill,code,0,9,9,16,domain_oracle,1033,8,0.6317763794772507,0.19651500484027107,2.0,3.1656770733575943,0.0,1.0
prefill,code,0,9,9,16,previous_window,1033,8,0.611326234269119,0.12197483059051308,2.0,3.271575613618369,0.0011506782945736435,0.9981436148510813
prefill,code,0,9,9,16,static,1033,8,0.5962003872216844,0.03388189738625363,2.0,3.354576821595291,0.0,1.0
prefill,code,0,9,9,16,transition,1033,8,0.7308809293320426,0.22846079380445306,2.0,2.7364238410596027,0.29844961240310075,0.5620226946341961
prefill,code,0,9,9,32,domain_oracle,1033,8,0.8357938044530494,0.409486931268151,4.0,4.785869407847112,0.0,1.0
prefill,code,0,9,9,32,previous_window,1033,8,0.8015488867376573,0.30009680542110356,4.0,4.990338164251208,0.0011203972868217055,0.9981965546780098
prefill,code,0,9,9,32,static,1033,8,0.7856969990319458,0.23233301064859632,4.0,5.091021099645772,0.0,1.0
prefill,code,0,9,9,32,transition,1033,8,0.8857696030977735,0.5324298160696999,4.0,4.5158469945355195,0.21656976744186046,0.6550041896261696
prefill,code,0,10,10,8,domain_oracle,1033,8,0.3737899322362052,0.0,1.0,2.675299449660084,0.0,1.0
prefill,code,0,10,10,8,previous_window,1033,8,0.369675701839303,0.0,1.0,2.705073649754501,0.0012112403100775194,0.9981246574269831
prefill,code,0,10,10,8,static,1033,8,0.3278073572120039,0.0,1.0,3.0505721668512367,0.0,1.0
prefill,code,0,10,10,8,transition,1033,8,0.49818489835430785,0.012584704743465635,1.0,2.007286859363614,0.32703488372093026,0.5337542732891571
prefill,code,0,10,10,16,domain_oracle,1033,8,0.5833736689254598,0.12584704743465633,2.0,3.4283343704625597,0.0,1.0
prefill,code,0,10,10,16,previous_window,1033,8,0.5642545982575025,0.09486931268151017,2.0,3.5444992494102507,0.0009084302325581395,0.998498812009504
prefill,code,0,10,10,16,static,1033,8,0.51851403678606,0.006776379477250726,2.0,3.8571761960326723,0.0,1.0
prefill,code,0,10,10,16,transition,1033,8,0.6741287512100678,0.17618586640851888,2.0,2.9667923173577453,0.27077277131782945,0.5881714650715574
prefill,code,0,10,10,32,domain_oracle,1033,8,0.7918683446272992,0.3688286544046467,4.0,5.0513447432762835,0.0,1.0
prefill,code,0,10,10,32,previous_window,1033,8,0.7629477250726041,0.2681510164569216,4.0,5.242823156225218,0.0012112403100775194,0.9980676945793224
prefill,code,0,10,10,32,static,1033,8,0.7143030009680542,0.09293320425943853,4.0,5.599864475690327,0.0,1.0
prefill,code,0,10,10,32,transition,1033,8,0.8402710551790901,0.4181994191674734,4.0,4.76036866359447,0.1722686531007752,0.7132364194676122
prefill,code,0,11,11,8,domain_oracle,1033,8,0.4938286544046467,0.0,1.0,2.024993874050478,0.0,1.0
prefill,code,0,11,11,8,previous_window,1033,8,0.4826960309777348,0.0,1.0,2.071697167209827,0.0010901162790697674,0.998265601753974
prefill,code,0,11,11,8,static,1033,8,0.4365924491771539,0.0,1.0,2.2904656319290466,0.0,1.0
prefill,code,0,11,11,8,transition,1033,8,0.5407792836398838,0.01936108422071636,1.0,1.8491832624748266,0.1996124031007752,0.6883001150443094
prefill,code,0,11,11,16,domain_oracle,1033,8,0.6690464666021297,0.17037754114230397,2.0,2.989328992584554,0.0,1.0
prefill,code,0,11,11,16,previous_window,1033,8,0.6456921587608906,0.09486931268151017,2.0,3.0974512743628186,0.0011506782945736435,0.9981436148510813
prefill,code,0,11,11,16,static,1033,8,0.5865198451113263,0.001936108422071636,2.0,3.4099442954404786,0.0,1.0
prefill,code,0,11,11,16,transition,1033,8,0.744433688286544,0.20038722168441434,2.0,2.6866059817945382,0.26283914728682173,0.5993147324571959
prefill,code,0,11,11,32,domain_oracle,1033,8,0.8570909970958374,0.43272023233301066,4.0,4.6669490328956655,0.0,1.0
prefill,code,0,11,11,32,previous_window,1033,8,0.8295014520813165,0.36302032913843174,4.0,4.82217359591539,0.0010901162790697674,0.9982544428688861
prefill,code,0,11,11,32,static,1033,8,0.8148596321393998,0.29235237173281703,4.0,4.908820908820909,0.0,1.0
prefill,code,0,11,11,32,transition,1033,8,0.8697967086156825,0.452081316553727,4.0,4.598775737340011,0.14510658914728683,0.7515817038563749
prefill,code,0,12,12,8,domain_oracle,1033,8,0.46466602129719264,0.0,1.0,2.152083333333333,0.0,1.0
prefill,code,0,12,12,8,previous_window,1033,8,0.4563165537270087,0.0,1.0,2.1914611508883586,0.0008478682170542636,0.998578811369509
prefill,code,0,12,12,8,static,1033,8,0.3367618586640852,0.0,1.0,2.9694574200503054,0.0,1.0
prefill,code,0,12,12,8,transition,1033,8,0.5198451113262342,0.012584704743465635,1.0,1.9236499068901303,0.3076550387596899,0.5530445007189214
prefill,code,0,12,12,16,domain_oracle,1033,8,0.672918683446273,0.24104549854791868,2.0,2.9721273152310737,0.0,1.0
prefill,code,0,12,12,16,previous_window,1033,8,0.6616650532429816,0.1829622458857696,2.0,3.0226773957571322,0.0005450581395348837,0.999046007631939
prefill,code,0,12,12,16,static,1033,8,0.5675217812197483,0.04259438528557599,2.0,3.52409381663113,0.0,1.0
prefill,code,0,12,12,16,transition,1033,8,0.718054211035818,0.20329138431752178,2.0,2.785305021907651,0.20827277131782945,0.6714470583877754
prefill,code,0,12,12,32,domain_oracle,1033,8,0.8426911907066795,0.42013552758954503,4.0,4.746697300402068,0.0,1.0
prefill,code,0,12,12,32,previous_window,1033,8,0.8330106485963213,0.40658276863504356,4.0,4.801859384079024,0.0011203972868217055,0.9981954939727276
prefill,code,0,12,12,32,static,1033,8,0.8033639883833494,0.3659244917715392,4.0,4.979063111914445,0.0,1.0
prefill,code,0,12,12,32,transition,1033,8,0.8570909970958374,0.4782187802516941,4.0,4.6669490328956655,0.1461967054263566,0.7507129110919359
prefill,code,0,13,13,8,domain_oracle,1033,8,0.5469506292352372,0.0,1.0,1.8283185840707965,0.0,1.0
prefill,code,0,13,13,8,previous_window,1033,8,0.539811229428848,0.0,1.0,1.8524994395875365,0.0007267441860465116,0.9987941429801896
prefill,code,0,13,13,8,static,1033,8,0.45099225556631173,0.0,1.0,2.217332975583579,0.0,1.0
prefill,code,0,13,13,8,transition,1033,8,0.5332768635043562,0.0,1.0,1.8751985477649193,0.2054263565891473,0.6798733566175518
prefill,code,0,13,13,16,domain_oracle,1033,8,0.707405614714424,0.1665053242981607,2.0,2.827232295586726,0.0,1.0
prefill,code,0,13,13,16,previous_window,1033,8,0.6933688286544046,0.10939012584704744,2.0,2.8844677137870853,0.0013323643410852713,0.9979221309086671
prefill,code,0,13,13,16,static,1033,8,0.6931268151016456,0.11035818005808325,2.0,2.8854748603351954,0.0,1.0
prefill,code,0,13,13,16,transition,1033,8,0.725919651500484,0.16940948693126814,2.0,2.7551258543090515,0.15110222868217055,0.7460763811725074
prefill,code,0,13,13,32,domain_oracle,1033,8,0.8797192642787997,0.49564375605033884,4.0,4.546905089408528,0.0,1.0
prefill,code,0,13,13,32,previous_window,1033,8,0.8621732817037754,0.44724104549854793,4.0,4.639438596491228,0.0010295542635658916,0.9983087527419856
prefill,code,0,13,13,32,static,1033,8,0.7878751210067764,0.24782187802516942,4.0,5.076946705575181,0.0,1.0
prefill,code,0,13,13,32,transition,1033,8,0.8665295256534365,0.4578896418199419,4.0,4.6161150677279705,0.14634811046511628,0.7495507418880272
prefill,code,0,14,14,8,domain_oracle,1033,8,0.481243949661181,0.0,1.0,2.077948202162434,0.0,1.0
prefill,code,0,14,14,8,previous_window,1033,8,0.47204743465634075,0.0,1.0,2.1184311714944886,0.0010901162790697674,0.9982342807924205
prefill,code,0,14,14,8,static,1033,8,0.41674733785091966,0.0,1.0,2.3995354239256677,0.0,1.0
prefill,code,0,14,14,8,transition,1033,8,0.5503388189738625,0.006776379477250726,1.0,1.8170624450307828,0.2862160852713178,0.5827487757720344
prefill,code,0,14,14,16,domain_oracle,1033,8,0.6731606969990319,0.16263310745401743,2.0,2.9710587812331477,0.0,1.0
prefill,code,0,14,14,16,previous_window,1033,8,0.6565827686350436,0.12003872216844143,2.0,3.0460744563214153,0.0009084302325581395,0.9985324879305727
prefill,code,0,14,14,16,static,1033,8,0.5567521781219749,0.0,2.0,3.5922625516192133,0.0,1.0
prefill,code,0,14,14,16,transition,1033,8,0.7097047434656341,0.18489835430784124,2.0,2.818073316283035,0.25278585271317827,0.6122769735842966
prefill,code,0,14,14,32,domain_oracle,1033,8,0.8631413359148112,0.41142303969022265,4.0,4.6342352446376,0.0,1.0
prefill,code,0,14,14,32,previous_window,1033,8,0.8399080348499516,0.37947725072604066,4.0,4.762426163377035,0.0010295542635658916,0.9983153689052723
prefill,code,0,14,14,32,static,1033,8,0.7751694094869312,0.25943852855759925,4.0,5.160162347798939,0.0,1.0
prefill,code,0,14,14,32,transition,1033,8,0.8497095837366893,0.430784123910939,4.0,4.707490743377955,0.14444040697674418,0.7525599190048079
prefill,code,0,15,15,8,domain_oracle,1033,8,0.5008470474346564,0.0,1.0,1.9966175404687123,0.0,1.0
prefill,code,0,15,15,8,previous_window,1033,8,0.49322362052274926,0.000968054211035818,1.0,2.02747791952895,0.0010901162790697674,0.9982969227155276
prefill,code,0,15,15,8,static,1033,8,0.43284123910939015,0.0,1.0,2.310315907184792,0.0,1.0
prefill,code,0,15,15,8,transition,1033,8,0.5369070667957405,0.016456921587608905,1.0,1.8625197205318909,0.2222625968992248,0.6567936370262033
prefill,code,0,15,15,16,domain_oracle,1033,8,0.6780009680542111,0.1936108422071636,2.0,2.949848295555952,0.0,1.0
prefill,code,0,15,15,16,previous_window,1033,8,0.6508954501452081,0.14327202323330107,2.0,3.0726900910949992,0.0012112403100775194,0.9980943961972113
prefill,code,0,15,15,16,static,1033,8,0.5703049370764763,0.021297192642787996,2.0,3.506895820072141,0.0,1.0
prefill,code,0,15,15,16,transition,1033,8,0.6908276863504357,0.17618586640851888,2.0,2.8950779471010684,0.19107315891472867,0.6889715395995069
prefill,code,0,15,15,32,domain_oracle,1033,8,0.8655614714424008,0.4927395934172314,4.0,4.621277785544526,0.0,1.0
prefill,code,0,15,15,32,previous_window,1033,8,0.8391819941916747,0.4075508228460794,4.0,4.766546503244412,0.0011809593023255813,0.9981077397159435
prefill,code,0,15,15,32,static,1033,8,0.7895692158760891,0.31364956437560504,4.0,5.066053639846744,0.0,1.0
prefill,code,0,15,15,32,transition,1033,8,0.853460793804453,0.43852855759922554,4.0,4.686799943286545,0.1375968992248062,0.7636273663335484
prefill,code,1,2,1,8,domain_oracle,1033,8,0.40029041626331074,0.0,1.0,2.498186215235792,0.0,1.0
prefill,code,1,2,1,8,previous_window,1033,8,0.38552758954501454,0.0,1.0,2.593848085373509,0.0015746124031007752,0.9976939942056223
prefill,code,1,2,1,8,static,1033,8,0.3792352371732817,0.0,1.0,2.6368857689853225,0.0,1.0
prefill,code,1,2,1,8,transition,1033,8,0.5441674733785092,0.0,1.0,1.8376695574827664,0.328125,0.5310687159524383
prefill,code,1,2,1,16,domain_oracle,1033,8,0.5707889641819942,0.003872216844143272,2.0,3.5039219843120626,0.0,1.0
prefill,code,1,2,1,16,previous_window,1033,8,0.5450145208131656,0.005808325266214908,2.0,3.669626998223801,0.0012718023255813954,0.998010441890491
prefill,code,1,2,1,16,static,1033,8,0.5047192642787997,0.0,2.0,3.9625988971469672,0.0,1.0
prefill,code,1,2,1,16,transition,1033,8,0.7141819941916747,0.12294288480154889,2.0,2.8004066418163336,0.3123788759689923,0.5413694188793543
prefill,code,1,2,1,32,domain_oracle,1033,8,0.792110358180058,0.19264278799612777,4.0,5.049801405438435,0.0,1.0
prefill,code,1,2,1,32,previous_window,1033,8,0.7654888673765731,0.11907066795740562,4.0,5.225418906101802,0.0010598352713178294,0.9982712611500264
prefill,code,1,2,1,32,static,1033,8,0.7202323330106486,0.12584704743465633,4.0,5.553763440860215,0.0,1.0
prefill,code,1,2,1,32,transition,1033,8,0.8543078412391094,0.33010648596321396,4.0,4.682152974504249,0.2012778585271318,0.6716970372505409
prefill,code,1,3,2,8,domain_oracle,1033,8,0.3872216844143272,0.0,1.0,2.5825,0.0,1.0
prefill,code,1,3,2,8,previous_window,1033,8,0.37524201355275894,0.0,1.0,2.6649467913576266,0.0013323643410852713,0.9979210711768852
prefill,code,1,3,2,8,static,1033,8,0.3681026137463698,0.0,1.0,2.7166337935568703,0.0,1.0
prefill,code,1,3,2,8,transition,1033,8,0.5122216844143272,0.0,1.0,1.9522797070635483,0.3221899224806202,0.5351441839813942
prefill,code,1,3,2,16,domain_oracle,1033,8,0.5621974830590513,0.002904162633107454,2.0,3.5574687903572966,0.0,1.0
prefill,code,1,3,2,16,previous_window,1033,8,0.5418683446272992,0.007744433688286544,2.0,3.6909334524341224,0.0013929263565891474,0.9978550145624812
prefill,code,1,3,2,16,static,1033,8,0.5181510164569216,0.000968054211035818,2.0,3.8598785614198974,0.0,1.0
prefill,code,1,3,2,16,transition,1033,8,0.7185382381413359,0.11616650532429816,2.0,2.783428763893567,0.2921511627906977,0.5627067362247529
prefill,code,1,3,2,32,domain_oracle,1033,8,0.8166747337850919,0.26040658276863504,4.0,4.897910801600237,0.0,1.0
prefill,code,1,3,2,32,previous_window,1033,8,0.7901742497579864,0.1819941916747338,4.0,5.0621745788667685,0.0009387112403100776,0.9984410760077237
prefill,code,1,3,2,32,static,1033,8,0.7061955469506292,0.06485963213939981,4.0,5.664153529814942,0.0,1.0
prefill,code,1,3,2,32,transition,1033,8,0.8700387221684415,0.39399806389157793,4.0,4.59749652294854,0.18053536821705427,0.7005236792948437
prefill,code,1,4,3,8,domain_oracle,1033,8,0.4899564375605034,0.0,1.0,2.0409977772289456,0.0,1.0
prefill,code,1,4,3,8,previous_window,1033,8,0.4803969022265247,0.0,1.0,2.0816120906801006,0.0012112403100775194,0.998062015503876
prefill,code,1,4,3,8,static,1033,8,0.40174249757986447,0.0,1.0,2.4891566265060243,0.0,1.0
prefill,code,1,4,3,8,transition,1033,8,0.5935382381413359,0.00484027105517909,1.0,1.6848114169215087,0.27301356589147285,0.5902088867205193
prefill,code,1,4,3,16,domain_oracle,1033,8,0.6542836398838335,0.07647628267182963,2.0,3.0567782504161274,0.0,1.0
prefill,code,1,4,3,16,previous_window,1033,8,0.6492013552758954,0.06389157792836399,2.0,3.080708294501398,0.0009689922480620155,0.998397479486831
prefill,code,1,4,3,16,static,1033,8,0.5925701839303001,0.00968054211035818,2.0,3.3751276291607106,0.0,1.0
prefill,code,1,4,3,16,transition,1033,8,0.7838818973862536,0.14617618586640851,2.0,2.5514047545538747,0.2419452519379845,0.6206456240915511
prefill,code,1,4,3,32,domain_oracle,1033,8,0.8614472410454985,0.35237173281703776,4.0,4.643348784941705,0.0,1.0
prefill,code,1,4,3,32,previous_window,1033,8,0.8484995159728945,0.3194578896418199,4.0,4.714204221334855,0.0009084302325581395,0.9984790788340361
prefill,code,1,4,3,32,static,1033,8,0.8215150048402711,0.21200387221684414,4.0,4.869052879658271,0.0,1.0
prefill,code,1,4,3,32,transition,1033,8,0.9247337850919651,0.5392061955469506,4.0,4.325569222716567,0.14468265503875968,0.752179120147836
prefill,code,1,5,4,8,domain_oracle,1033,8,0.5045982575024202,0.0,1.0,1.9817745803357314,0.0,1.0
prefill,code,1,5,4,8,previous_window,1033,8,0.49685382381413357,0.0,1.0,2.0126643935703847,0.0012112403100775194,0.998062015503876
prefill,code,1,5,4,8,static,1033,8,0.4739835430784124,0.0,1.0,2.1097778912432985,0.0,1.0
prefill,code,1,5,4,8,transition,1033,8,0.6285091965150048,0.010648596321393998,1.0,1.5910666153253754,0.2715600775193798,0.5961987194545386
prefill,code,1,5,4,16,domain_oracle,1033,8,0.6969990319457889,0.09390125847047434,2.0,2.8694444444444445,0.0,1.0
prefill,code,1,5,4,16,previous_window,1033,8,0.6614230396902226,0.06292352371732816,2.0,3.0237833882180754,0.0010901162790697674,0.9982252141982865
prefill,code,1,5,4,16,static,1033,8,0.6314133591481123,0.012584704743465635,2.0,3.1674971253353776,0.0,1.0
prefill,code,1,5,4,16,transition,1033,8,0.7986447241045499,0.24394966118102615,2.0,2.5042424242424244,0.22716812015503876,0.6433764801551979
prefill,code,1,5,4,32,domain_oracle,1033,8,0.890972894482091,0.5150048402710552,4.0,4.4894743990221375,0.0,1.0
prefill,code,1,5,4,32,previous_window,1033,8,0.8595111326234269,0.4075508228460794,4.0,4.653808250035197,0.0008175872093023256,0.9986138525306213
prefill,code,1,5,4,32,static,1033,8,0.832647628267183,0.3543078412391094,4.0,4.803952913820666,0.0,1.0
prefill,code,1,5,4,32,transition,1033,8,0.9068247821878025,0.5246853823814134,4.0,4.410995463037096,0.13768774224806202,0.7628663024262394
prefill,code,1,6,5,8,domain_oracle,1033,8,0.5089545014520813,0.0,1.0,1.9648121730860675,0.0,1.0
prefill,code,1,6,5,8,previous_window,1033,8,0.4987899322362052,0.0,1.0,2.004852013585638,0.00048449612403100775,0.9991386735572784
prefill,code,1,6,5,8,static,1033,8,0.4915295256534366,0.0,1.0,2.034465780403742,0.0,1.0
prefill,code,1,6,5,8,transition,1033,8,0.6073330106485963,0.002904162633107454,1.0,1.646543136082885,0.21099806201550386,0.6684715370761971
prefill,code,1,6,5,16,domain_oracle,1033,8,0.712487899322362,0.09002904162633107,2.0,2.807065217391304,0.0,1.0
prefill,code,1,6,5,16,previous_window,1033,8,0.6985721200387222,0.08906098741529525,2.0,2.86298285120388,0.0006661821705426356,0.9988433425865927
prefill,code,1,6,5,16,static,1033,8,0.6796950629235237,0.05324298160696999,2.0,2.942495994303009,0.0,1.0
prefill,code,1,6,5,16,transition,1033,8,0.8175217812197483,0.271055179090029,2.0,2.446417998815867,0.18604651162790697,0.6991567875475121
prefill,code,1,6,5,32,domain_oracle,1033,8,0.9152952565343659,0.5469506292352372,4.0,4.370174510840825,0.0,1.0
prefill,code,1,6,5,32,previous_window,1033,8,0.9000484027105518,0.484027105517909,4.0,4.444205431567625,0.0008175872093023256,0.9986047859364873
prefill,code,1,6,5,32,static,1033,8,0.843054211035818,0.271055179090029,4.0,4.744653365867662,0.0,1.0
prefill,code,1,6,5,32,transition,1033,8,0.9317521781219749,0.6224588576960309,4.0,4.292987012987013,0.15755208333333334,0.7321186842455226
prefill,code,1,7,6,8,domain_oracle,1033,8,0.46575508228460794,0.0,1.0,2.147051182125227,0.0,1.0
prefill,code,1,7,6,8,previous_window,1033,8,0.44990319457889644,0.000968054211035818,1.0,2.2227003765465305,0.0015746124031007752,0.9976705034844572
prefill,code,1,7,6,8,static,1033,8,0.42255566311713455,0.0,1.0,2.3665521191294387,0.0,1.0
prefill,code,1,7,6,8,transition,1033,8,0.5974104549854792,0.000968054211035818,1.0,1.673891026939437,0.2842781007751938,0.578407638872759
prefill,code,1,7,6,16,domain_oracle,1033,8,0.6707405614714425,0.12971926427879962,2.0,2.981778820133502,0.0,1.0
prefill,code,1,7,6,16,previous_window,1033,8,0.6501694094869312,0.1074540174249758,2.0,3.0761213474781313,0.0009689922480620155,0.9984065460809647
prefill,code,1,7,6,16,static,1033,8,0.6153194578896418,0.005808325266214908,2.0,3.2503441494591936,0.0,1.0
prefill,code,1,7,6,16,transition,1033,8,0.8034849951597289,0.3165537270087125,2.0,2.4891566265060243,0.23752422480620156,0.6328191219037305
prefill,code,1,7,6,32,domain_oracle,1033,8,0.8950871248789932,0.5062923523717329,4.0,4.468838718399351,0.0,1.0
prefill,code,1,7,6,32,previous_window,1033,8,0.8730638915779284,0.4404646660212972,4.0,4.581566181566181,0.0007873062015503876,0.9986488936917334
prefill,code,1,7,6,32,static,1033,8,0.8292594385285575,0.33204259438528555,4.0,4.823580913468554,0.0,1.0
prefill,code,1,7,6,32,transition,1033,8,0.9185624394966118,0.5808325266214908,4.0,4.354630483467264,0.1403827519379845,0.7576333795109469
prefill,code,1,8,7,8,domain_oracle,1033,8,0.4305421103581801,0.0,1.0,2.3226531759415403,0.0,1.0
prefill,code,1,8,7,8,previous_window,1033,8,0.4154162633107454,0.0,1.0,2.4072240023303233,0.001816860465116279,0.9974590869939709
prefill,code,1,8,7,8,static,1033,8,0.40646176185866406,0.0,1.0,2.4602560285799346,0.0,1.0
prefill,code,1,8,7,8,transition,1033,8,0.5747821878025169,0.008712487899322363,1.0,1.7397894736842106,0.28379360465116277,0.5876668551087194
prefill,code,1,8,7,16,domain_oracle,1033,8,0.6299612778315585,0.08422071636011616,2.0,3.17479830964272,0.0,1.0
prefill,code,1,8,7,16,previous_window,1033,8,0.6102371732817038,0.08325266214908035,2.0,3.27741423755701,0.0008478682170542636,0.9985894779508431
prefill,code,1,8,7,16,static,1033,8,0.5537270087124879,0.001936108422071636,2.0,3.611888111888112,0.0,1.0
prefill,code,1,8,7,16,transition,1033,8,0.7660939012584704,0.25556631171345595,2.0,2.61064602748381,0.271984011627907,0.5907140661031914
prefill,code,1,8,7,32,domain_oracle,1033,8,0.8371248789932236,0.4181994191674734,4.0,4.778259612604799,0.0,1.0
prefill,code,1,8,7,32,previous_window,1033,8,0.8160696999031946,0.34172313649564373,4.0,4.901542111506524,0.0009992732558139535,0.9983531832369044
prefill,code,1,8,7,32,static,1033,8,0.7744433688286544,0.17231364956437561,4.0,5.165,0.0,1.0
prefill,code,1,8,7,32,transition,1033,8,0.9022265246853823,0.5537270087124879,4.0,4.4334763948497855,0.16603076550387597,0.7206155260700102
prefill,code,1,9,8,8,domain_oracle,1033,8,0.45401742497579867,0.0,1.0,2.2025586353944564,0.0,1.0
prefill,code,1,9,8,8,previous_window,1033,8,0.4489351403678606,0.0,1.0,2.2274932614555256,0.0012112403100775194,0.9980933364654297
prefill,code,1,9,8,8,static,1033,8,0.4220716360116166,0.0,1.0,2.3692660550458715,0.0,1.0
prefill,code,1,9,8,8,transition,1033,8,0.5739351403678606,0.007744433688286544,1.0,1.7423571579169301,0.29748062015503873,0.5666935132051453
prefill,code,1,9,8,16,domain_oracle,1033,8,0.6317763794772507,0.19651500484027107,2.0,3.1656770733575943,0.0,1.0
prefill,code,1,9,8,16,previous_window,1033,8,0.611326234269119,0.12197483059051308,2.0,3.271575613618369,0.0011506782945736435,0.9981436148510813
prefill,code,1,9,8,16,static,1033,8,0.5962003872216844,0.03388189738625363,2.0,3.354576821595291,0.0,1.0
prefill,code,1,9,8,16,transition,1033,8,0.7991287512100678,0.33107454017424975,2.0,2.5027256208358573,0.30511143410852715,0.557093099644706
prefill,code,1,9,8,32,domain_oracle,1033,8,0.8357938044530494,0.409486931268151,4.0,4.785869407847112,0.0,1.0
prefill,code,1,9,8,32,previous_window,1033,8,0.8015488867376573,0.30009680542110356,4.0,4.990338164251208,0.0011203972868217055,0.9981965546780098
prefill,code,1,9,8,32,static,1033,8,0.7856969990319458,0.23233301064859632,4.0,5.091021099645772,0.0,1.0
prefill,code,1,9,8,32,transition,1033,8,0.9221926427879962,0.6505324298160697,4.0,4.337488518567117,0.22834907945736435,0.6367624815290233
prefill,code,1,10,9,8,domain_oracle,1033,8,0.3737899322362052,0.0,1.0,2.675299449660084,0.0,1.0
prefill,code,1,10,9,8,previous_window,1033,8,0.369675701839303,0.0,1.0,2.705073649754501,0.0012112403100775194,0.9981246574269831
prefill,code,1,10,9,8,static,1033,8,0.3278073572120039,0.0,1.0,3.0505721668512367,0.0,1.0
prefill,code,1,10,9,8,transition,1033,8,0.5658276863504357,0.044530493707647625,1.0,1.76732249786142,0.34641472868217055,0.5188815921374068
prefill,code,1,10,9,16,domain_oracle,1033,8,0.5833736689254598,0.12584704743465633,2.0,3.4283343704625597,0.0,1.0
prefill,code,1,10,9,16,previous_window,1033,8,0.5642545982575025,0.09486931268151017,2.0,3.5444992494102507,0.0009084302325581395,0.998498812009504
prefill,code,1,10,9,16,static,1033,8,0.51851403678606,0.006776379477250726,2.0,3.8571761960326723,0.0,1.0
prefill,code,1,10,9,16,transition,1033,8,0.7372942884801549,0.2536302032913843,2.0,2.712621040538323,0.29493701550387597,0.5632569938305493
prefill,code,1,10,9,32,domain_oracle,1033,8,0.7918683446272992,0.3688286544046467,4.0,5.0513447432762835,0.0,1.0
prefill,code,1,10,9,32,previous_window,1033,8,0.7629477250726041,0.2681510164569216,4.0,5.242823156225218,0.0012112403100775194,0.9980676945793224
prefill,code,1,10,9,32,static,1033,8,0.7143030009680542,0.09293320425943853,4.0,5.599864475690327,0.0,1.0
prefill,code,1,10,9,32,transition,1033,8,0.8913359148112294,0.5285575992255567,4.0,4.487645940809123,0.20691012596899225,0.6646423313018904
prefill,code,1,11,10,8,domain_oracle,1033,8,0.4938286544046467,0.0,1.0,2.024993874050478,0.0,1.0
prefill,code,1,11,10,8,previous_window,1033,8,0.4826960309777348,0.0,1.0,2.071697167209827,0.0010901162790697674,0.998265601753974
prefill,code,1,11,10,8,static,1033,8,0.4365924491771539,0.0,1.0,2.2904656319290466,0.0,1.0
prefill,code,1,11,10,8,transition,1033,8,0.5976524685382382,0.02516940948693127,1.0,1.6732132010528447,0.22722868217054262,0.6565196646592063
prefill,code,1,11,10,16,domain_oracle,1033,8,0.6690464666021297,0.17037754114230397,2.0,2.989328992584554,0.0,1.0
prefill,code,1,11,10,16,previous_window,1033,8,0.6456921587608906,0.09486931268151017,2.0,3.0974512743628186,0.0011506782945736435,0.9981436148510813
prefill,code,1,11,10,16,static,1033,8,0.5865198451113263,0.001936108422071636,2.0,3.4099442954404786,0.0,1.0
prefill,code,1,11,10,16,transition,1033,8,0.7859390125847048,0.24491771539206195,2.0,2.544726712856043,0.2754360465116279,0.5849294834621042
prefill,code,1,11,10,32,domain_oracle,1033,8,0.8570909970958374,0.43272023233301066,4.0,4.6669490328956655,0.0,1.0
prefill,code,1,11,10,32,previous_window,1033,8,0.8295014520813165,0.36302032913843174,4.0,4.82217359591539,0.0010901162790697674,0.9982544428688861
prefill,code,1,11,10,32,static,1033,8,0.8148596321393998,0.29235237173281703,4.0,4.908820908820909,0.0,1.0
prefill,code,1,11,10,32,transition,1033,8,0.9059777347531461,0.5730880929332043,4.0,4.415119540536931,0.1726017441860465,0.7104600439882577
prefill,code,1,12,11,8,domain_oracle,1033,8,0.46466602129719264,0.0,1.0,2.152083333333333,0.0,1.0
prefill,code,1,12,11,8,previous_window,1033,8,0.4563165537270087,0.0,1.0,2.1914611508883586,0.0008478682170542636,0.998578811369509
prefill,code,1,12,11,8,static,1033,8,0.3367618586640852,0.0,1.0,2.9694574200503054,0.0,1.0
prefill,code,1,12,11,8,transition,1033,8,0.5813165537270087,0.012584704743465635,1.0,1.720233139050791,0.3190406976744186,0.5426875019898303
prefill,code,1,12,11,16,domain_oracle,1033,8,0.672918683446273,0.24104549854791868,2.0,2.9721273152310737,0.0,1.0
prefill,code,1,12,11,16,previous_window,1033,8,0.6616650532429816,0.1829622458857696,2.0,3.0226773957571322,0.0005450581395348837,0.999046007631939
prefill,code,1,12,11,16,static,1033,8,0.5675217812197483,0.04259438528557599,2.0,3.52409381663113,0.0,1.0
prefill,code,1,12,11,16,transition,1033,8,0.7646418199419167,0.2855759922555663,2.0,2.6156037347681593,0.2265625,0.6467794268180291
prefill,code,1,12,11,32,domain_oracle,1033,8,0.8426911907066795,0.42013552758954503,4.0,4.746697300402068,0.0,1.0
prefill,code,1,12,11,32,previous_window,1033,8,0.8330106485963213,0.40658276863504356,4.0,4.801859384079024,0.0011203972868217055,0.9981954939727276
prefill,code,1,12,11,32,static,1033,8,0.8033639883833494,0.3659244917715392,4.0,4.979063111914445,0.0,1.0
prefill,code,1,12,11,32,transition,1033,8,0.8914569215876089,0.5527589545014521,4.0,4.487036785665807,0.17556928294573643,0.7066844705761142
prefill,code,1,13,12,8,domain_oracle,1033,8,0.5469506292352372,0.0,1.0,1.8283185840707965,0.0,1.0
prefill,code,1,13,12,8,previous_window,1033,8,0.539811229428848,0.0,1.0,1.8524994395875365,0.0007267441860465116,0.9987941429801896
prefill,code,1,13,12,8,static,1033,8,0.45099225556631173,0.0,1.0,2.217332975583579,0.0,1.0
prefill,code,1,13,12,8,transition,1033,8,0.5642545982575025,0.002904162633107454,1.0,1.7722496247051254,0.20457848837209303,0.6830679226028152
prefill,code,1,13,12,16,domain_oracle,1033,8,0.707405614714424,0.1665053242981607,2.0,2.827232295586726,0.0,1.0
prefill,code,1,13,12,16,previous_window,1033,8,0.6933688286544046,0.10939012584704744,2.0,2.8844677137870853,0.0013323643410852713,0.9979221309086671
prefill,code,1,13,12,16,static,1033,8,0.6931268151016456,0.11035818005808325,2.0,2.8854748603351954,0.0,1.0
prefill,code,1,13,12,16,transition,1033,8,0.7658518877057116,0.2526621490803485,2.0,2.6114710064781166,0.1741157945736434,0.713180363550135
prefill,code,1,13,12,32,domain_oracle,1033,8,0.8797192642787997,0.49564375605033884,4.0,4.546905089408528,0.0,1.0
prefill,code,1,13,12,32,previous_window,1033,8,0.8621732817037754,0.44724104549854793,4.0,4.639438596491228,0.0010295542635658916,0.9983087527419856
prefill,code,1,13,12,32,static,1033,8,0.7878751210067764,0.24782187802516942,4.0,5.076946705575181,0.0,1.0
prefill,code,1,13,12,32,transition,1033,8,0.893272023233301,0.5508228460793805,4.0,4.477919263072338,0.16385053294573643,0.7230382473211797
prefill,code,1,14,13,8,domain_oracle,1033,8,0.481243949661181,0.0,1.0,2.077948202162434,0.0,1.0
prefill,code,1,14,13,8,previous_window,1033,8,0.47204743465634075,0.0,1.0,2.1184311714944886,0.0010901162790697674,0.9982342807924205
prefill,code,1,14,13,8,static,1033,8,0.41674733785091966,0.0,1.0,2.3995354239256677,0.0,1.0
prefill,code,1,14,13,8,transition,1033,8,0.598378509196515,0.026137463697967087,1.0,1.6711830131445904,0.2811288759689923,0.5920460246041676
prefill,code,1,14,13,16,domain_oracle,1033,8,0.6731606969990319,0.16263310745401743,2.0,2.9710587812331477,0.0,1.0
prefill,code,1,14,13,16,previous_window,1033,8,0.6565827686350436,0.12003872216844143,2.0,3.0460744563214153,0.0009084302325581395,0.9985324879305727
prefill,code,1,14,13,16,static,1033,8,0.5567521781219749,0.0,2.0,3.5922625516192133,0.0,1.0
prefill,code,1,14,13,16,transition,1033,8,0.7616166505324298,0.25556631171345595,2.0,2.6259930092151254,0.2753149224806202,0.5869235974862679
prefill,code,1,14,13,32,domain_oracle,1033,8,0.8631413359148112,0.41142303969022265,4.0,4.6342352446376,0.0,1.0
prefill,code,1,14,13,32,previous_window,1033,8,0.8399080348499516,0.37947725072604066,4.0,4.762426163377035,0.0010295542635658916,0.9983153689052723
prefill,code,1,14,13,32,static,1033,8,0.7751694094869312,0.25943852855759925,4.0,5.160162347798939,0.0,1.0
prefill,code,1,14,13,32,transition,1033,8,0.8789932236205228,0.5130687318489835,4.0,4.5506607929515415,0.16115552325581395,0.7278630077283093
prefill,code,1,15,14,8,domain_oracle,1033,8,0.5008470474346564,0.0,1.0,1.9966175404687123,0.0,1.0
prefill,code,1,15,14,8,previous_window,1033,8,0.49322362052274926,0.000968054211035818,1.0,2.02747791952895,0.0010901162790697674,0.9982969227155276
prefill,code,1,15,14,8,static,1033,8,0.43284123910939015,0.0,1.0,2.310315907184792,0.0,1.0
prefill,code,1,15,14,8,transition,1033,8,0.5710309777347532,0.010648596321393998,1.0,1.7512184784912057,0.23062015503875968,0.6506165238723445
prefill,code,1,15,14,16,domain_oracle,1033,8,0.6780009680542111,0.1936108422071636,2.0,2.949848295555952,0.0,1.0
prefill,code,1,15,14,16,previous_window,1033,8,0.6508954501452081,0.14327202323330107,2.0,3.0726900910949992,0.0012112403100775194,0.9980943961972113
prefill,code,1,15,14,16,static,1033,8,0.5703049370764763,0.021297192642787996,2.0,3.506895820072141,0.0,1.0
prefill,code,1,15,14,16,transition,1033,8,0.7389883833494676,0.22749273959341723,2.0,2.7064024889471097,0.22971172480620156,0.6371768577592436
prefill,code,1,15,14,32,domain_oracle,1033,8,0.8655614714424008,0.4927395934172314,4.0,4.621277785544526,0.0,1.0
prefill,code,1,15,14,32,previous_window,1033,8,0.8391819941916747,0.4075508228460794,4.0,4.766546503244412,0.0011809593023255813,0.9981077397159435
prefill,code,1,15,14,32,static,1033,8,0.7895692158760891,0.31364956437560504,4.0,5.066053639846744,0.0,1.0
prefill,code,1,15,14,32,transition,1033,8,0.8733059051306873,0.4762826718296225,4.0,4.580296522100596,0.15782461240310078,0.731708600251642
prefill,code,2,3,1,8,domain_oracle,1033,8,0.3872216844143272,0.0,1.0,2.5825,0.0,1.0
prefill,code,2,3,1,8,previous_window,1033,8,0.37524201355275894,0.0,1.0,2.6649467913576266,0.0013323643410852713,0.9979210711768852
prefill,code,2,3,1,8,static,1033,8,0.3681026137463698,0.0,1.0,2.7166337935568703,0.0,1.0
prefill,code,2,3,1,8,transition,1033,8,0.5792594385285575,0.006776379477250726,1.0,1.72634217672864,0.39825581395348836,0.46006921588316757
prefill,code,2,3,1,16,domain_oracle,1033,8,0.5621974830590513,0.002904162633107454,2.0,3.5574687903572966,0.0,1.0
prefill,code,2,3,1,16,previous_window,1033,8,0.5418683446272992,0.007744433688286544,2.0,3.6909334524341224,0.0013929263565891474,0.9978550145624812
prefill,code,2,3,1,16,static,1033,8,0.5181510164569216,0.000968054211035818,2.0,3.8598785614198974,0.0,1.0
prefill,code,2,3,1,16,transition,1033,8,0.7727492739593417,0.14714424007744434,2.0,2.588161603507673,0.3101380813953488,0.5533755485508768
prefill,code,2,3,1,32,domain_oracle,1033,8,0.8166747337850919,0.26040658276863504,4.0,4.897910801600237,0.0,1.0
prefill,code,2,3,1,32,previous_window,1033,8,0.7901742497579864,0.1819941916747338,4.0,5.0621745788667685,0.0009387112403100776,0.9984410760077237
prefill,code,2,3,1,32,static,1033,8,0.7061955469506292,0.06485963213939981,4.0,5.664153529814942,0.0,1.0
prefill,code,2,3,1,32,transition,1033,8,0.9163843175217812,0.5237173281703775,4.0,4.364980853030503,0.21220930232558138,0.6603080281287125
prefill,code,2,4,2,8,domain_oracle,1033,8,0.4899564375605034,0.0,1.0,2.0409977772289456,0.0,1.0
prefill,code,2,4,2,8,previous_window,1033,8,0.4803969022265247,0.0,1.0,2.0816120906801006,0.0012112403100775194,0.998062015503876
prefill,code,2,4,2,8,static,1033,8,0.40174249757986447,0.0,1.0,2.4891566265060243,0.0,1.0
prefill,code,2,4,2,8,transition,1033,8,0.6392787996127783,0.00968054211035818,1.0,1.5642627295097482,0.33587693798449614,0.5173367545460574
prefill,code,2,4,2,16,domain_oracle,1033,8,0.6542836398838335,0.07647628267182963,2.0,3.0567782504161274,0.0,1.0
prefill,code,2,4,2,16,previous_window,1033,8,0.6492013552758954,0.06389157792836399,2.0,3.080708294501398,0.0009689922480620155,0.998397479486831
prefill,code,2,4,2,16,static,1033,8,0.5925701839303001,0.00968054211035818,2.0,3.3751276291607106,0.0,1.0
prefill,code,2,4,2,16,transition,1033,8,0.8269603097773476,0.20619554695062922,2.0,2.4184957565115597,0.29893410852713176,0.562287497012923
prefill,code,2,4,2,32,domain_oracle,1033,8,0.8614472410454985,0.35237173281703776,4.0,4.643348784941705,0.0,1.0
prefill,code,2,4,2,32,previous_window,1033,8,0.8484995159728945,0.3194578896418199,4.0,4.714204221334855,0.0009084302325581395,0.9984790788340361
prefill,code,2,4,2,32,static,1033,8,0.8215150048402711,0.21200387221684414,4.0,4.869052879658271,0.0,1.0
prefill,code,2,4,2,32,transition,1033,8,0.9457889641819942,0.6282671829622459,4.0,4.229273285568065,0.18768168604651161,0.6934199015287318
prefill,code,2,5,3,8,domain_oracle,1033,8,0.5045982575024202,0.0,1.0,1.9817745803357314,0.0,1.0
prefill,code,2,5,3,8,previous_window,1033,8,0.49685382381413357,0.0,1.0,2.0126643935703847,0.0012112403100775194,0.998062015503876
prefill,code,2,5,3,8,static,1033,8,0.4739835430784124,0.0,1.0,2.1097778912432985,0.0,1.0
prefill,code,2,5,3,8,transition,1033,8,0.6470232333010648,0.00968054211035818,1.0,1.5455395548905928,0.3160125968992248,0.5576673972022836
prefill,code,2,5,3,16,domain_oracle,1033,8,0.6969990319457889,0.09390125847047434,2.0,2.8694444444444445,0.0,1.0
prefill,code,2,5,3,16,previous_window,1033,8,0.6614230396902226,0.06292352371732816,2.0,3.0237833882180754,0.0010901162790697674,0.9982252141982865
prefill,code,2,5,3,16,static,1033,8,0.6314133591481123,0.012584704743465635,2.0,3.1674971253353776,0.0,1.0
prefill,code,2,5,3,16,transition,1033,8,0.8284123910939013,0.30009680542110356,2.0,2.4142565001460707,0.2804626937984496,0.5876846443935925
prefill,code,2,5,3,32,domain_oracle,1033,8,0.890972894482091,0.5150048402710552,4.0,4.4894743990221375,0.0,1.0
prefill,code,2,5,3,32,previous_window,1033,8,0.8595111326234269,0.4075508228460794,4.0,4.653808250035197,0.0008175872093023256,0.9986138525306213
prefill,code,2,5,3,32,static,1033,8,0.832647628267183,0.3543078412391094,4.0,4.803952913820666,0.0,1.0
prefill,code,2,5,3,32,transition,1033,8,0.9348983543078412,0.611810261374637,4.0,4.278539994822677,0.18961967054263565,0.6896948837264756
prefill,code,2,6,4,8,domain_oracle,1033,8,0.5089545014520813,0.0,1.0,1.9648121730860675,0.0,1.0
prefill,code,2,6,4,8,previous_window,1033,8,0.4987899322362052,0.0,1.0,2.004852013585638,0.00048449612403100775,0.9991386735572784
prefill,code,2,6,4,8,static,1033,8,0.4915295256534366,0.0,1.0,2.034465780403742,0.0,1.0
prefill,code,2,6,4,8,transition,1033,8,0.6530735721200387,0.008712487899322363,1.0,1.5312210487307762,0.2961482558139535,0.5749865982424166
prefill,code,2,6,4,16,domain_oracle,1033,8,0.712487899322362,0.09002904162633107,2.0,2.807065217391304,0.0,1.0
prefill,code,2,6,4,16,previous_window,1033,8,0.6985721200387222,0.08906098741529525,2.0,2.86298285120388,0.0006661821705426356,0.9988433425865927
prefill,code,2,6,4,16,static,1033,8,0.6796950629235237,0.05324298160696999,2.0,2.942495994303009,0.0,1.0
prefill,code,2,6,4,16,transition,1033,8,0.8545498547918683,0.3504356243949661,2.0,2.3404134806003967,0.22523013565891473,0.6533570122358276
prefill,code,2,6,4,32,domain_oracle,1033,8,0.9152952565343659,0.5469506292352372,4.0,4.370174510840825,0.0,1.0
prefill,code,2,6,4,32,previous_window,1033,8,0.9000484027105518,0.484027105517909,4.0,4.444205431567625,0.0008175872093023256,0.9986047859364873
prefill,code,2,6,4,32,static,1033,8,0.843054211035818,0.271055179090029,4.0,4.744653365867662,0.0,1.0
prefill,code,2,6,4,32,transition,1033,8,0.9549854791868344,0.7308809293320426,4.0,4.188545362392296,0.1858345445736434,0.6942713718109671
prefill,code,2,7,5,8,domain_oracle,1033,8,0.46575508228460794,0.0,1.0,2.147051182125227,0.0,1.0
prefill,code,2,7,5,8,previous_window,1033,8,0.44990319457889644,0.000968054211035818,1.0,2.2227003765465305,0.0015746124031007752,0.9976705034844572
prefill,code,2,7,5,8,static,1033,8,0.42255566311713455,0.0,1.0,2.3665521191294387,0.0,1.0
prefill,code,2,7,5,8,transition,1033,8,0.6430300096805421,0.013552758954501452,1.0,1.5551373729770417,0.33684593023255816,0.5195844207472124
prefill,code,2,7,5,16,domain_oracle,1033,8,0.6707405614714425,0.12971926427879962,2.0,2.981778820133502,0.0,1.0
prefill,code,2,7,5,16,previous_window,1033,8,0.6501694094869312,0.1074540174249758,2.0,3.0761213474781313,0.0009689922480620155,0.9984065460809647
prefill,code,2,7,5,16,static,1033,8,0.6153194578896418,0.005808325266214908,2.0,3.2503441494591936,0.0,1.0
prefill,code,2,7,5,16,transition,1033,8,0.8361568247821878,0.36205227492739595,2.0,2.391895803183792,0.27967538759689925,0.5907410703474317
prefill,code,2,7,5,32,domain_oracle,1033,8,0.8950871248789932,0.5062923523717329,4.0,4.468838718399351,0.0,1.0
prefill,code,2,7,5,32,previous_window,1033,8,0.8730638915779284,0.4404646660212972,4.0,4.581566181566181,0.0007873062015503876,0.9986488936917334
prefill,code,2,7,5,32,static,1033,8,0.8292594385285575,0.33204259438528555,4.0,4.823580913468554,0.0,1.0
prefill,code,2,7,5,32,transition,1033,8,0.9332042594385286,0.6476282671829623,4.0,4.286307053941909,0.1824127906976744,0.6981367563595097
prefill,code,2,8,6,8,domain_oracle,1033,8,0.4305421103581801,0.0,1.0,2.3226531759415403,0.0,1.0
prefill,code,2,8,6,8,previous_window,1033,8,0.4154162633107454,0.0,1.0,2.4072240023303233,0.001816860465116279,0.9974590869939709
prefill,code,2,8,6,8,static,1033,8,0.40646176185866406,0.0,1.0,2.4602560285799346,0.0,1.0
prefill,code,2,8,6,8,transition,1033,8,0.5992255566311714,0.016456921587608905,1.0,1.6688206785137318,0.3430232558139535,0.5268440431231144
prefill,code,2,8,6,16,domain_oracle,1033,8,0.6299612778315585,0.08422071636011616,2.0,3.17479830964272,0.0,1.0
prefill,code,2,8,6,16,previous_window,1033,8,0.6102371732817038,0.08325266214908035,2.0,3.27741423755701,0.0008478682170542636,0.9985894779508431
prefill,code,2,8,6,16,static,1033,8,0.5537270087124879,0.001936108422071636,2.0,3.611888111888112,0.0,1.0
prefill,code,2,8,6,16,transition,1033,8,0.7910212971926428,0.27783155856727976,2.0,2.5283769313140585,0.3140140503875969,0.5523837532635315
prefill,code,2,8,6,32,domain_oracle,1033,8,0.8371248789932236,0.4181994191674734,4.0,4.778259612604799,0.0,1.0
prefill,code,2,8,6,32,previous_window,1033,8,0.8160696999031946,0.34172313649564373,4.0,4.901542111506524,0.0009992732558139535,0.9983531832369044
prefill,code,2,8,6,32,static,1033,8,0.7744433688286544,0.17231364956437561,4.0,5.165,0.0,1.0
prefill,code,2,8,6,32,transition,1033,8,0.9321151984511132,0.6524685382381413,4.0,4.2913150720498505,0.2094234496124031,0.6630805311993588
prefill,code,2,9,7,8,domain_oracle,1033,8,0.45401742497579867,0.0,1.0,2.2025586353944564,0.0,1.0
prefill,code,2,9,7,8,previous_window,1033,8,0.4489351403678606,0.0,1.0,2.2274932614555256,0.0012112403100775194,0.9980933364654297
prefill,code,2,9,7,8,static,1033,8,0.4220716360116166,0.0,1.0,2.3692660550458715,0.0,1.0
prefill,code,2,9,7,8,transition,1033,8,0.6072120038722169,0.013552758954501452,1.0,1.6468712634515743,0.34120639534883723,0.5190320015901422
prefill,code,2,9,7,16,domain_oracle,1033,8,0.6317763794772507,0.19651500484027107,2.0,3.1656770733575943,0.0,1.0
prefill,code,2,9,7,16,previous_window,1033,8,0.611326234269119,0.12197483059051308,2.0,3.271575613618369,0.0011506782945736435,0.9981436148510813
prefill,code,2,9,7,16,static,1033,8,0.5962003872216844,0.03388189738625363,2.0,3.354576821595291,0.0,1.0
prefill,code,2,9,7,16,transition,1033,8,0.8396660212971926,0.3978702807357212,2.0,2.3818994091367633,0.3293968023255814,0.5432237593654695
prefill,code,2,9,7,32,domain_oracle,1033,8,0.8357938044530494,0.409486931268151,4.0,4.785869407847112,0.0,1.0
prefill,code,2,9,7,32,previous_window,1033,8,0.8015488867376573,0.30009680542110356,4.0,4.990338164251208,0.0011203972868217055,0.9981965546780098
prefill,code,2,9,7,32,static,1033,8,0.7856969990319458,0.23233301064859632,4.0,5.091021099645772,0.0,1.0
prefill,code,2,9,7,32,transition,1033,8,0.9502662149080349,0.7454017424975798,4.0,4.209346746466319,0.2511809593023256,0.6123589996991444
prefill,code,2,10,8,8,domain_oracle,1033,8,0.3737899322362052,0.0,1.0,2.675299449660084,0.0,1.0
prefill,code,2,10,8,8,previous_window,1033,8,0.369675701839303,0.0,1.0,2.705073649754501,0.0012112403100775194,0.9981246574269831
prefill,code,2,10,8,8,static,1033,8,0.3278073572120039,0.0,1.0,3.0505721668512367,0.0,1.0
prefill,code,2,10,8,8,transition,1033,8,0.5924491771539206,0.018393030009680542,1.0,1.6879084967320261,0.3856589147286822,0.49032182287996107
prefill,code,2,10,8,16,domain_oracle,1033,8,0.5833736689254598,0.12584704743465633,2.0,3.4283343704625597,0.0,1.0
prefill,code,2,10,8,16,previous_window,1033,8,0.5642545982575025,0.09486931268151017,2.0,3.5444992494102507,0.0009084302325581395,0.998498812009504
prefill,code,2,10,8,16,static,1033,8,0.51851403678606,0.006776379477250726,2.0,3.8571761960326723,0.0,1.0
prefill,code,2,10,8,16,transition,1033,8,0.7831558567279767,0.3330106485963214,2.0,2.553770086526576,0.3605862403100775,0.49957325492328053
prefill,code,2,10,8,32,domain_oracle,1033,8,0.7918683446272992,0.3688286544046467,4.0,5.0513447432762835,0.0,1.0
prefill,code,2,10,8,32,previous_window,1033,8,0.7629477250726041,0.2681510164569216,4.0,5.242823156225218,0.0012112403100775194,0.9980676945793224
prefill,code,2,10,8,32,static,1033,8,0.7143030009680542,0.09293320425943853,4.0,5.599864475690327,0.0,1.0
prefill,code,2,10,8,32,transition,1033,8,0.9198935140367861,0.6224588576960309,4.0,4.34832938700342,0.2323764534883721,0.6361647917851588
prefill,code,2,11,9,8,domain_oracle,1033,8,0.4938286544046467,0.0,1.0,2.024993874050478,0.0,1.0
prefill,code,2,11,9,8,previous_window,1033,8,0.4826960309777348,0.0,1.0,2.071697167209827,0.0010901162790697674,0.998265601753974
prefill,code,2,11,9,8,static,1033,8,0.4365924491771539,0.0,1.0,2.2904656319290466,0.0,1.0
prefill,code,2,11,9,8,transition,1033,8,0.6321393998063891,0.026137463697967087,1.0,1.5819295558958653,0.26950096899224807,0.6027235899328984
prefill,code,2,11,9,16,domain_oracle,1033,8,0.6690464666021297,0.17037754114230397,2.0,2.989328992584554,0.0,1.0
prefill,code,2,11,9,16,previous_window,1033,8,0.6456921587608906,0.09486931268151017,2.0,3.0974512743628186,0.0011506782945736435,0.9981436148510813
prefill,code,2,11,9,16,static,1033,8,0.5865198451113263,0.001936108422071636,2.0,3.4099442954404786,0.0,1.0
prefill,code,2,11,9,16,transition,1033,8,0.8265972894482091,0.3378509196515005,2.0,2.4195578978187675,0.2967538759689923,0.5704271823656452
prefill,code,2,11,9,32,domain_oracle,1033,8,0.8570909970958374,0.43272023233301066,4.0,4.6669490328956655,0.0,1.0
prefill,code,2,11,9,32,previous_window,1033,8,0.8295014520813165,0.36302032913843174,4.0,4.82217359591539,0.0010901162790697674,0.9982544428688861
prefill,code,2,11,9,32,static,1033,8,0.8148596321393998,0.29235237173281703,4.0,4.908820908820909,0.0,1.0
prefill,code,2,11,9,32,transition,1033,8,0.9373184898354308,0.7086156824782188,4.0,4.267492899561064,0.2157218992248062,0.6554815709165559
prefill,code,2,12,10,8,domain_oracle,1033,8,0.46466602129719264,0.0,1.0,2.152083333333333,0.0,1.0
prefill,code,2,12,10,8,previous_window,1033,8,0.4563165537270087,0.0,1.0,2.1914611508883586,0.0008478682170542636,0.998578811369509
prefill,code,2,12,10,8,static,1033,8,0.3367618586640852,0.0,1.0,2.9694574200503054,0.0,1.0
prefill,code,2,12,10,8,transition,1033,8,0.6075750242013552,0.05033881897386254,1.0,1.6458872734515038,0.31455910852713176,0.5588952391278
prefill,code,2,12,10,16,domain_oracle,1033,8,0.672918683446273,0.24104549854791868,2.0,2.9721273152310737,0.0,1.0
prefill,code,2,12,10,16,previous_window,1033,8,0.6616650532429816,0.1829622458857696,2.0,3.0226773957571322,0.0005450581395348837,0.999046007631939
prefill,code,2,12,10,16,static,1033,8,0.5675217812197483,0.04259438528557599,2.0,3.52409381663113,0.0,1.0
prefill,code,2,12,10,16,transition,1033,8,0.7803727008712488,0.31364956437560504,2.0,2.5628779655760585,0.27210513565891475,0.5952540234633109
prefill,code,2,12,10,32,domain_oracle,1033,8,0.8426911907066795,0.42013552758954503,4.0,4.746697300402068,0.0,1.0
prefill,code,2,12,10,32,previous_window,1033,8,0.8330106485963213,0.40658276863504356,4.0,4.801859384079024,0.0011203972868217055,0.9981954939727276
prefill,code,2,12,10,32,static,1033,8,0.8033639883833494,0.3659244917715392,4.0,4.979063111914445,0.0,1.0
prefill,code,2,12,10,32,transition,1033,8,0.9200145208131656,0.6534365924491772,4.0,4.347757464158884,0.20984738372093023,0.6617083095459838
prefill,code,2,13,11,8,domain_oracle,1033,8,0.5469506292352372,0.0,1.0,1.8283185840707965,0.0,1.0
prefill,code,2,13,11,8,previous_window,1033,8,0.539811229428848,0.0,1.0,1.8524994395875365,0.0007267441860465116,0.9987941429801896
prefill,code,2,13,11,8,static,1033,8,0.45099225556631173,0.0,1.0,2.217332975583579,0.0,1.0
prefill,code,2,13,11,8,transition,1033,8,0.6043078412391094,0.002904162633107454,1.0,1.6547857428914698,0.22638081395348839,0.6580007847449784
prefill,code,2,13,11,16,domain_oracle,1033,8,0.707405614714424,0.1665053242981607,2.0,2.827232295586726,0.0,1.0
prefill,code,2,13,11,16,previous_window,1033,8,0.6933688286544046,0.10939012584704744,2.0,2.8844677137870853,0.0013323643410852713,0.9979221309086671
prefill,code,2,13,11,16,static,1033,8,0.6931268151016456,0.11035818005808325,2.0,2.8854748603351954,0.0,1.0
prefill,code,2,13,11,16,transition,1033,8,0.7939254598257502,0.28654404646660214,2.0,2.519128181679622,0.1877422480620155,0.6975511491522648
prefill,code,2,13,11,32,domain_oracle,1033,8,0.8797192642787997,0.49564375605033884,4.0,4.546905089408528,0.0,1.0
prefill,code,2,13,11,32,previous_window,1033,8,0.8621732817037754,0.44724104549854793,4.0,4.639438596491228,0.0010295542635658916,0.9983087527419856
prefill,code,2,13,11,32,static,1033,8,0.7878751210067764,0.24782187802516942,4.0,5.076946705575181,0.0,1.0
prefill,code,2,13,11,32,transition,1033,8,0.9225556631171346,0.6631171345595354,4.0,4.335781741867786,0.20179263565891473,0.6727027486721217
prefill,code,2,14,12,8,domain_oracle,1033,8,0.481243949661181,0.0,1.0,2.077948202162434,0.0,1.0
prefill,code,2,14,12,8,previous_window,1033,8,0.47204743465634075,0.0,1.0,2.1184311714944886,0.0010901162790697674,0.9982342807924205
prefill,code,2,14,12,8,static,1033,8,0.41674733785091966,0.0,1.0,2.3995354239256677,0.0,1.0
prefill,code,2,14,12,8,transition,1033,8,0.6265730880929332,0.036786060019361085,1.0,1.5959830050212438,0.31443798449612403,0.5646098948424557
prefill,code,2,14,12,16,domain_oracle,1033,8,0.6731606969990319,0.16263310745401743,2.0,2.9710587812331477,0.0,1.0
prefill,code,2,14,12,16,previous_window,1033,8,0.6565827686350436,0.12003872216844143,2.0,3.0460744563214153,0.0009084302325581395,0.9985324879305727
prefill,code,2,14,12,16,static,1033,8,0.5567521781219749,0.0,2.0,3.5922625516192133,0.0,1.0
prefill,code,2,14,12,16,transition,1033,8,0.7860600193610843,0.2749273959341723,2.0,2.544334975369458,0.30862403100775193,0.5555950497914253
prefill,code,2,14,12,32,domain_oracle,1033,8,0.8631413359148112,0.41142303969022265,4.0,4.6342352446376,0.0,1.0
prefill,code,2,14,12,32,previous_window,1033,8,0.8399080348499516,0.37947725072604066,4.0,4.762426163377035,0.0010295542635658916,0.9983153689052723
prefill,code,2,14,12,32,static,1033,8,0.7751694094869312,0.25943852855759925,4.0,5.160162347798939,0.0,1.0
prefill,code,2,14,12,32,transition,1033,8,0.9128751210067764,0.611810261374637,4.0,4.381760339342524,0.21257267441860464,0.658387671074141
prefill,code,2,15,13,8,domain_oracle,1033,8,0.5008470474346564,0.0,1.0,1.9966175404687123,0.0,1.0
prefill,code,2,15,13,8,previous_window,1033,8,0.49322362052274926,0.000968054211035818,1.0,2.02747791952895,0.0010901162790697674,0.9982969227155276
prefill,code,2,15,13,8,static,1033,8,0.43284123910939015,0.0,1.0,2.310315907184792,0.0,1.0
prefill,code,2,15,13,8,transition,1033,8,0.596079380445305,0.030977734753146177,1.0,1.6776289078359723,0.25641957364341084,0.6246114350765576
prefill,code,2,15,13,16,domain_oracle,1033,8,0.6780009680542111,0.1936108422071636,2.0,2.949848295555952,0.0,1.0
prefill,code,2,15,13,16,previous_window,1033,8,0.6508954501452081,0.14327202323330107,2.0,3.0726900910949992,0.0012112403100775194,0.9980943961972113
prefill,code,2,15,13,16,static,1033,8,0.5703049370764763,0.021297192642787996,2.0,3.506895820072141,0.0,1.0
prefill,code,2,15,13,16,transition,1033,8,0.7808567279767668,0.30396902226524686,2.0,2.561289322795599,0.26168846899224807,0.6018175344599046
prefill,code,2,15,13,32,domain_oracle,1033,8,0.8655614714424008,0.4927395934172314,4.0,4.621277785544526,0.0,1.0
prefill,code,2,15,13,32,previous_window,1033,8,0.8391819941916747,0.4075508228460794,4.0,4.766546503244412,0.0011809593023255813,0.9981077397159435
prefill,code,2,15,13,32,static,1033,8,0.7895692158760891,0.31364956437560504,4.0,5.066053639846744,0.0,1.0
prefill,code,2,15,13,32,transition,1033,8,0.9083978702807357,0.6079380445304937,4.0,4.403356866924204,0.19161821705426357,0.6858696962403958
prefill,code,3,4,1,8,domain_oracle,1033,8,0.4899564375605034,0.0,1.0,2.0409977772289456,0.0,1.0
prefill,code,3,4,1,8,previous_window,1033,8,0.4803969022265247,0.0,1.0,2.0816120906801006,0.0012112403100775194,0.998062015503876
prefill,code,3,4,1,8,static,1033,8,0.40174249757986447,0.0,1.0,2.4891566265060243,0.0,1.0
prefill,code,3,4,1,8,transition,1033,8,0.657187802516941,0.023233301064859633,1.0,1.5216350580003684,0.34762596899224807,0.5080046138185668
prefill,code,3,4,1,16,domain_oracle,1033,8,0.6542836398838335,0.07647628267182963,2.0,3.0567782504161274,0.0,1.0
prefill,code,3,4,1,16,previous_window,1033,8,0.6492013552758954,0.06389157792836399,2.0,3.080708294501398,0.0009689922480620155,0.998397479486831
prefill,code,3,4,1,16,static,1033,8,0.5925701839303001,0.00968054211035818,2.0,3.3751276291607106,0.0,1.0
prefill,code,3,4,1,16,transition,1033,8,0.8533397870280736,0.28654404646660214,2.0,2.3437322745320475,0.34035852713178294,0.521457295921777
prefill,code,3,4,1,32,domain_oracle,1033,8,0.8614472410454985,0.35237173281703776,4.0,4.643348784941705,0.0,1.0
prefill,code,3,4,1,32,previous_window,1033,8,0.8484995159728945,0.3194578896418199,4.0,4.714204221334855,0.0009084302325581395,0.9984790788340361
prefill,code,3,4,1,32,static,1033,8,0.8215150048402711,0.21200387221684414,4.0,4.869052879658271,0.0,1.0
prefill,code,3,4,1,32,transition,1033,8,0.9500242013552759,0.6679574056147144,4.0,4.210419054897465,0.24530644379844962,0.6199771184822357
prefill,code,3,5,2,8,domain_oracle,1033,8,0.5045982575024202,0.0,1.0,1.9817745803357314,0.0,1.0
prefill,code,3,5,2,8,previous_window,1033,8,0.49685382381413357,0.0,1.0,2.0126643935703847,0.0012112403100775194,0.998062015503876
prefill,code,3,5,2,8,static,1033,8,0.4739835430784124,0.0,1.0,2.1097778912432985,0.0,1.0
prefill,code,3,5,2,8,transition,1033,8,0.6804211035818006,0.016456921587608905,1.0,1.469678107771652,0.35767926356589147,0.5106581618209511
prefill,code,3,5,2,16,domain_oracle,1033,8,0.6969990319457889,0.09390125847047434,2.0,2.8694444444444445,0.0,1.0
prefill,code,3,5,2,16,previous_window,1033,8,0.6614230396902226,0.06292352371732816,2.0,3.0237833882180754,0.0010901162790697674,0.9982252141982865
prefill,code,3,5,2,16,static,1033,8,0.6314133591481123,0.012584704743465635,2.0,3.1674971253353776,0.0,1.0
prefill,code,3,5,2,16,transition,1033,8,0.8499515972894482,0.30396902226524686,2.0,2.353075170842825,0.3236434108527132,0.5462979298752073
prefill,code,3,5,2,32,domain_oracle,1033,8,0.890972894482091,0.5150048402710552,4.0,4.4894743990221375,0.0,1.0
prefill,code,3,5,2,32,previous_window,1033,8,0.8595111326234269,0.4075508228460794,4.0,4.653808250035197,0.0008175872093023256,0.9986138525306213
prefill,code,3,5,2,32,static,1033,8,0.832647628267183,0.3543078412391094,4.0,4.803952913820666,0.0,1.0
prefill,code,3,5,2,32,transition,1033,8,0.9598257502420136,0.739593417231365,4.0,4.167423096318709,0.2442466085271318,0.6258706345313082
prefill,code,3,6,3,8,domain_oracle,1033,8,0.5089545014520813,0.0,1.0,1.9648121730860675,0.0,1.0
prefill,code,3,6,3,8,previous_window,1033,8,0.4987899322362052,0.0,1.0,2.004852013585638,0.00048449612403100775,0.9991386735572784
prefill,code,3,6,3,8,static,1033,8,0.4915295256534366,0.0,1.0,2.034465780403742,0.0,1.0
prefill,code,3,6,3,8,transition,1033,8,0.6937318489835431,0.022265246853823813,1.0,1.44147915576487,0.36700581395348836,0.49415881276346246
prefill,code,3,6,3,16,domain_oracle,1033,8,0.712487899322362,0.09002904162633107,2.0,2.807065217391304,0.0,1.0
prefill,code,3,6,3,16,previous_window,1033,8,0.6985721200387222,0.08906098741529525,2.0,2.86298285120388,0.0006661821705426356,0.9988433425865927
prefill,code,3,6,3,16,static,1033,8,0.6796950629235237,0.05324298160696999,2.0,2.942495994303009,0.0,1.0
prefill,code,3,6,3,16,transition,1033,8,0.8900048402710552,0.4453049370764763,2.0,2.247178789938817,0.2682291666666667,0.5996509708765166
prefill,code,3,6,3,32,domain_oracle,1033,8,0.9152952565343659,0.5469506292352372,4.0,4.370174510840825,0.0,1.0
prefill,code,3,6,3,32,previous_window,1033,8,0.9000484027105518,0.484027105517909,4.0,4.444205431567625,0.0008175872093023256,0.9986047859364873
prefill,code,3,6,3,32,static,1033,8,0.843054211035818,0.271055179090029,4.0,4.744653365867662,0.0,1.0
prefill,code,3,6,3,32,transition,1033,8,0.9675701839303001,0.7860600193610843,4.0,4.134067033516758,0.22132388565891473,0.6518671634690453
prefill,code,3,7,4,8,domain_oracle,1033,8,0.46575508228460794,0.0,1.0,2.147051182125227,0.0,1.0
prefill,code,3,7,4,8,previous_window,1033,8,0.44990319457889644,0.000968054211035818,1.0,2.2227003765465305,0.0015746124031007752,0.9976705034844572
prefill,code,3,7,4,8,static,1033,8,0.42255566311713455,0.0,1.0,2.3665521191294387,0.0,1.0
prefill,code,3,7,4,8,transition,1033,8,0.6840513068731849,0.01936108422071636,1.0,1.4618786485052184,0.38335755813953487,0.4756813384720358
prefill,code,3,7,4,16,domain_oracle,1033,8,0.6707405614714425,0.12971926427879962,2.0,2.981778820133502,0.0,1.0
prefill,code,3,7,4,16,previous_window,1033,8,0.6501694094869312,0.1074540174249758,2.0,3.0761213474781313,0.0009689922480620155,0.9984065460809647
prefill,code,3,7,4,16,static,1033,8,0.6153194578896418,0.005808325266214908,2.0,3.2503441494591936,0.0,1.0
prefill,code,3,7,4,16,transition,1033,8,0.8700387221684415,0.452081316553727,2.0,2.29874826147427,0.3250968992248062,0.5403711209139105
prefill,code,3,7,4,32,domain_oracle,1033,8,0.8950871248789932,0.5062923523717329,4.0,4.468838718399351,0.0,1.0
prefill,code,3,7,4,32,previous_window,1033,8,0.8730638915779284,0.4404646660212972,4.0,4.581566181566181,0.0007873062015503876,0.9986488936917334
prefill,code,3,7,4,32,static,1033,8,0.8292594385285575,0.33204259438528555,4.0,4.823580913468554,0.0,1.0
prefill,code,3,7,4,32,transition,1033,8,0.9486931268151017,0.7086156824782188,4.0,4.216326530612245,0.21820494186046513,0.6554369162501984
prefill,code,3,8,5,8,domain_oracle,1033,8,0.4305421103581801,0.0,1.0,2.3226531759415403,0.0,1.0
prefill,code,3,8,5,8,previous_window,1033,8,0.4154162633107454,0.0,1.0,2.4072240023303233,0.001816860465116279,0.9974590869939709
prefill,code,3,8,5,8,static,1033,8,0.40646176185866406,0.0,1.0,2.4602560285799346,0.0,1.0
prefill,code,3,8,5,8,transition,1033,8,0.6375847047434656,0.017424975798644726,1.0,1.5684190548491175,0.390625,0.4749942563896039
prefill,code,3,8,5,16,domain_oracle,1033,8,0.6299612778315585,0.08422071636011616,2.0,3.17479830964272,0.0,1.0
prefill,code,3,8,5,16,previous_window,1033,8,0.6102371732817038,0.08325266214908035,2.0,3.27741423755701,0.0008478682170542636,0.9985894779508431
prefill,code,3,8,5,16,static,1033,8,0.5537270087124879,0.001936108422071636,2.0,3.611888111888112,0.0,1.0
prefill,code,3,8,5,16,transition,1033,8,0.8350677637947725,0.34462729912875123,2.0,2.3950152151862047,0.3594961240310077,0.50910785260421
prefill,code,3,8,5,32,domain_oracle,1033,8,0.8371248789932236,0.4181994191674734,4.0,4.778259612604799,0.0,1.0
prefill,code,3,8,5,32,previous_window,1033,8,0.8160696999031946,0.34172313649564373,4.0,4.901542111506524,0.0009992732558139535,0.9983531832369044
prefill,code,3,8,5,32,static,1033,8,0.7744433688286544,0.17231364956437561,4.0,5.165,0.0,1.0
prefill,code,3,8,5,32,transition,1033,8,0.957405614714424,0.7483059051306873,4.0,4.177957532861476,0.25563226744186046,0.6128628070845318
prefill,code,3,9,6,8,domain_oracle,1033,8,0.45401742497579867,0.0,1.0,2.2025586353944564,0.0,1.0
prefill,code,3,9,6,8,previous_window,1033,8,0.4489351403678606,0.0,1.0,2.2274932614555256,0.0012112403100775194,0.9980933364654297
prefill,code,3,9,6,8,static,1033,8,0.4220716360116166,0.0,1.0,2.3692660550458715,0.0,1.0
prefill,code,3,9,6,8,transition,1033,8,0.6494433688286544,0.01452081316553727,1.0,1.5397801378796347,0.3913517441860465,0.46879782577456924
prefill,code,3,9,6,16,domain_oracle,1033,8,0.6317763794772507,0.19651500484027107,2.0,3.1656770733575943,0.0,1.0
prefill,code,3,9,6,16,previous_window,1033,8,0.611326234269119,0.12197483059051308,2.0,3.271575613618369,0.0011506782945736435,0.9981436148510813
prefill,code,3,9,6,16,static,1033,8,0.5962003872216844,0.03388189738625363,2.0,3.354576821595291,0.0,1.0
prefill,code,3,9,6,16,transition,1033,8,0.8729428848015489,0.47047434656340753,2.0,2.291100637649016,0.3857800387596899,0.48742860717417874
prefill,code,3,9,6,32,domain_oracle,1033,8,0.8357938044530494,0.409486931268151,4.0,4.785869407847112,0.0,1.0
prefill,code,3,9,6,32,previous_window,1033,8,0.8015488867376573,0.30009680542110356,4.0,4.990338164251208,0.0011203972868217055,0.9981965546780098
prefill,code,3,9,6,32,static,1033,8,0.7856969990319458,0.23233301064859632,4.0,5.091021099645772,0.0,1.0
prefill,code,3,9,6,32,transition,1033,8,0.96297192642788,0.78702807357212,4.0,4.1538074893189245,0.2979348352713178,0.5661809675195711
prefill,code,3,10,7,8,domain_oracle,1033,8,0.3737899322362052,0.0,1.0,2.675299449660084,0.0,1.0
prefill,code,3,10,7,8,previous_window,1033,8,0.369675701839303,0.0,1.0,2.705073649754501,0.0012112403100775194,0.9981246574269831
prefill,code,3,10,7,8,static,1033,8,0.3278073572120039,0.0,1.0,3.0505721668512367,0.0,1.0
prefill,code,3,10,7,8,transition,1033,8,0.6287512100677638,0.04259438528557599,1.0,1.5904541955350269,0.45675872093023256,0.4290111266855437
prefill,code,3,10,7,16,domain_oracle,1033,8,0.5833736689254598,0.12584704743465633,2.0,3.4283343704625597,0.0,1.0
prefill,code,3,10,7,16,previous_window,1033,8,0.5642545982575025,0.09486931268151017,2.0,3.5444992494102507,0.0009084302325581395,0.998498812009504
prefill,code,3,10,7,16,static,1033,8,0.51851403678606,0.006776379477250726,2.0,3.8571761960326723,0.0,1.0
prefill,code,3,10,7,16,transition,1033,8,0.8280493707647628,0.3688286544046467,2.0,2.4153149203565687,0.41660610465116277,0.4495603331923902
prefill,code,3,10,7,32,domain_oracle,1033,8,0.7918683446272992,0.3688286544046467,4.0,5.0513447432762835,0.0,1.0
prefill,code,3,10,7,32,previous_window,1033,8,0.7629477250726041,0.2681510164569216,4.0,5.242823156225218,0.0012112403100775194,0.9980676945793224
prefill,code,3,10,7,32,static,1033,8,0.7143030009680542,0.09293320425943853,4.0,5.599864475690327,0.0,1.0
prefill,code,3,10,7,32,transition,1033,8,0.9440948693126815,0.7028073572120038,4.0,4.236862342988977,0.2869125484496124,0.575377575384303
prefill,code,3,11,8,8,domain_oracle,1033,8,0.4938286544046467,0.0,1.0,2.024993874050478,0.0,1.0
prefill,code,3,11,8,8,previous_window,1033,8,0.4826960309777348,0.0,1.0,2.071697167209827,0.0010901162790697674,0.998265601753974
prefill,code,3,11,8,8,static,1033,8,0.4365924491771539,0.0,1.0,2.2904656319290466,0.0,1.0
prefill,code,3,11,8,8,transition,1033,8,0.6586398838334947,0.03581800580832527,1.0,1.5182803600955355,0.3077761627906977,0.5622035587151893
prefill,code,3,11,8,16,domain_oracle,1033,8,0.6690464666021297,0.17037754114230397,2.0,2.989328992584554,0.0,1.0
prefill,code,3,11,8,16,previous_window,1033,8,0.6456921587608906,0.09486931268151017,2.0,3.0974512743628186,0.0011506782945736435,0.9981436148510813
prefill,code,3,11,8,16,static,1033,8,0.5865198451113263,0.001936108422071636,2.0,3.4099442954404786,0.0,1.0
prefill,code,3,11,8,16,transition,1033,8,0.8465634075508228,0.3697967086156825,2.0,2.3624928530588907,0.32697432170542634,0.5419137849844942
prefill,code,3,11,8,32,domain_oracle,1033,8,0.8570909970958374,0.43272023233301066,4.0,4.6669490328956655,0.0,1.0
prefill,code,3,11,8,32,previous_window,1033,8,0.8295014520813165,0.36302032913843174,4.0,4.82217359591539,0.0010901162790697674,0.9982544428688861
prefill,code,3,11,8,32,static,1033,8,0.8148596321393998,0.29235237173281703,4.0,4.908820908820909,0.0,1.0
prefill,code,3,11,8,32,transition,1033,8,0.9557115198451114,0.7666989351403679,4.0,4.185363383134971,0.26886506782945735,0.5927082474508637
prefill,code,3,12,9,8,domain_oracle,1033,8,0.46466602129719264,0.0,1.0,2.152083333333333,0.0,1.0
prefill,code,3,12,9,8,previous_window,1033,8,0.4563165537270087,0.0,1.0,2.1914611508883586,0.0008478682170542636,0.998578811369509
prefill,code,3,12,9,8,static,1033,8,0.3367618586640852,0.0,1.0,2.9694574200503054,0.0,1.0
prefill,code,3,12,9,8,transition,1033,8,0.6264520813165537,0.04549854791868345,1.0,1.59629128839096,0.35174418604651164,0.5193457705085608
prefill,code,3,12,9,16,domain_oracle,1033,8,0.672918683446273,0.24104549854791868,2.0,2.9721273152310737,0.0,1.0
prefill,code,3,12,9,16,previous_window,1033,8,0.6616650532429816,0.1829622458857696,2.0,3.0226773957571322,0.0005450581395348837,0.999046007631939
prefill,code,3,12,9,16,static,1033,8,0.5675217812197483,0.04259438528557599,2.0,3.52409381663113,0.0,1.0
prefill,code,3,12,9,16,transition,1033,8,0.8078412391093901,0.33591481122942884,2.0,2.475733972438586,0.3235222868217054,0.5428625348113786
prefill,code,3,12,9,32,domain_oracle,1033,8,0.8426911907066795,0.42013552758954503,4.0,4.746697300402068,0.0,1.0
prefill,code,3,12,9,32,previous_window,1033,8,0.8330106485963213,0.40658276863504356,4.0,4.801859384079024,0.0011203972868217055,0.9981954939727276
prefill,code,3,12,9,32,static,1033,8,0.8033639883833494,0.3659244917715392,4.0,4.979063111914445,0.0,1.0
prefill,code,3,12,9,32,transition,1033,8,0.9342933204259438,0.6902226524685382,4.0,4.281310711047792,0.25115067829457366,0.615879174819493
prefill,code,3,13,10,8,domain_oracle,1033,8,0.5469506292352372,0.0,1.0,1.8283185840707965,0.0,1.0
prefill,code,3,13,10,8,previous_window,1033,8,0.539811229428848,0.0,1.0,1.8524994395875365,0.0007267441860465116,0.9987941429801896
prefill,code,3,13,10,8,static,1033,8,0.45099225556631173,0.0,1.0,2.217332975583579,0.0,1.0
prefill,code,3,13,10,8,transition,1033,8,0.6181026137463698,0.003872216844143272,1.0,1.6178543461237276,0.26380813953488375,0.6176068548161628
prefill,code,3,13,10,16,domain_oracle,1033,8,0.707405614714424,0.1665053242981607,2.0,2.827232295586726,0.0,1.0
prefill,code,3,13,10,16,previous_window,1033,8,0.6933688286544046,0.10939012584704744,2.0,2.8844677137870853,0.0013323643410852713,0.9979221309086671
prefill,code,3,13,10,16,static,1033,8,0.6931268151016456,0.11035818005808325,2.0,2.8854748603351954,0.0,1.0
prefill,code,3,13,10,16,transition,1033,8,0.8178848015488868,0.32236205227492737,2.0,2.445332149726291,0.24812257751937986,0.6229194554774089
prefill,code,3,13,10,32,domain_oracle,1033,8,0.8797192642787997,0.49564375605033884,4.0,4.546905089408528,0.0,1.0
prefill,code,3,13,10,32,previous_window,1033,8,0.8621732817037754,0.44724104549854793,4.0,4.639438596491228,0.0010295542635658916,0.9983087527419856
prefill,code,3,13,10,32,static,1033,8,0.7878751210067764,0.24782187802516942,4.0,5.076946705575181,0.0,1.0
prefill,code,3,13,10,32,transition,1033,8,0.9384075508228461,0.707647628267183,4.0,4.262540296582849,0.24600290697674418,0.6192853272911382
prefill,code,3,14,11,8,domain_oracle,1033,8,0.481243949661181,0.0,1.0,2.077948202162434,0.0,1.0
prefill,code,3,14,11,8,previous_window,1033,8,0.47204743465634075,0.0,1.0,2.1184311714944886,0.0010901162790697674,0.9982342807924205
prefill,code,3,14,11,8,static,1033,8,0.41674733785091966,0.0,1.0,2.3995354239256677,0.0,1.0
prefill,code,3,14,11,8,transition,1033,8,0.6430300096805421,0.028073572120038724,1.0,1.5551373729770417,0.33987403100775193,0.5331088807833002
prefill,code,3,14,11,16,domain_oracle,1033,8,0.6731606969990319,0.16263310745401743,2.0,2.9710587812331477,0.0,1.0
prefill,code,3,14,11,16,previous_window,1033,8,0.6565827686350436,0.12003872216844143,2.0,3.0460744563214153,0.0009084302325581395,0.9985324879305727
prefill,code,3,14,11,16,static,1033,8,0.5567521781219749,0.0,2.0,3.5922625516192133,0.0,1.0
prefill,code,3,14,11,16,transition,1033,8,0.8132865440464666,0.3155856727976767,2.0,2.4591578634131825,0.3482921511627907,0.5179910242844584
prefill,code,3,14,11,32,domain_oracle,1033,8,0.8631413359148112,0.41142303969022265,4.0,4.6342352446376,0.0,1.0
prefill,code,3,14,11,32,previous_window,1033,8,0.8399080348499516,0.37947725072604066,4.0,4.762426163377035,0.0010295542635658916,0.9983153689052723
prefill,code,3,14,11,32,static,1033,8,0.7751694094869312,0.25943852855759925,4.0,5.160162347798939,0.0,1.0
prefill,code,3,14,11,32,transition,1033,8,0.9303000968054211,0.6611810261374637,4.0,4.299687825182102,0.2609011627906977,0.6025974784600598
prefill,code,3,15,12,8,domain_oracle,1033,8,0.5008470474346564,0.0,1.0,1.9966175404687123,0.0,1.0
prefill,code,3,15,12,8,previous_window,1033,8,0.49322362052274926,0.000968054211035818,1.0,2.02747791952895,0.0010901162790697674,0.9982969227155276
prefill,code,3,15,12,8,static,1033,8,0.43284123910939015,0.0,1.0,2.310315907184792,0.0,1.0
prefill,code,3,15,12,8,transition,1033,8,0.6015246853823815,0.011616650532429816,1.0,1.6624421645544156,0.31516472868217055,0.5517742808440493
prefill,code,3,15,12,16,domain_oracle,1033,8,0.6780009680542111,0.1936108422071636,2.0,2.949848295555952,0.0,1.0
prefill,code,3,15,12,16,previous_window,1033,8,0.6508954501452081,0.14327202323330107,2.0,3.0726900910949992,0.0012112403100775194,0.9980943961972113
prefill,code,3,15,12,16,static,1033,8,0.5703049370764763,0.021297192642787996,2.0,3.506895820072141,0.0,1.0
prefill,code,3,15,12,16,transition,1033,8,0.8069941916747337,0.33688286544046464,2.0,2.4783325835957415,0.3166182170542636,0.5411561993889137
prefill,code,3,15,12,32,domain_oracle,1033,8,0.8655614714424008,0.4927395934172314,4.0,4.621277785544526,0.0,1.0
prefill,code,3,15,12,32,previous_window,1033,8,0.8391819941916747,0.4075508228460794,4.0,4.766546503244412,0.0011809593023255813,0.9981077397159435
prefill,code,3,15,12,32,static,1033,8,0.7895692158760891,0.31364956437560504,4.0,5.066053639846744,0.0,1.0
prefill,code,3,15,12,32,transition,1033,8,0.9266698935140368,0.6573088092933205,4.0,4.31653173152259,0.23149830426356588,0.6371128661615477
prefill,code,4,5,1,8,domain_oracle,1033,8,0.5045982575024202,0.0,1.0,1.9817745803357314,0.0,1.0
prefill,code,4,5,1,8,previous_window,1033,8,0.49685382381413357,0.0,1.0,2.0126643935703847,0.0012112403100775194,0.998062015503876
prefill,code,4,5,1,8,static,1033,8,0.4739835430784124,0.0,1.0,2.1097778912432985,0.0,1.0
prefill,code,4,5,1,8,transition,1033,8,0.6755808325266215,0.016456921587608905,1.0,1.4802077735984238,0.3018410852713178,0.5650591011056154
prefill,code,4,5,1,16,domain_oracle,1033,8,0.6969990319457889,0.09390125847047434,2.0,2.8694444444444445,0.0,1.0
prefill,code,4,5,1,16,previous_window,1033,8,0.6614230396902226,0.06292352371732816,2.0,3.0237833882180754,0.0010901162790697674,0.9982252141982865
prefill,code,4,5,1,16,static,1033,8,0.6314133591481123,0.012584704743465635,2.0,3.1674971253353776,0.0,1.0
prefill,code,4,5,1,16,transition,1033,8,0.8441432720232332,0.324298160696999,2.0,2.3692660550458715,0.25714631782945735,0.6146816340167158
prefill,code,4,5,1,32,domain_oracle,1033,8,0.890972894482091,0.5150048402710552,4.0,4.4894743990221375,0.0,1.0
prefill,code,4,5,1,32,previous_window,1033,8,0.8595111326234269,0.4075508228460794,4.0,4.653808250035197,0.0008175872093023256,0.9986138525306213
prefill,code,4,5,1,32,static,1033,8,0.832647628267183,0.3543078412391094,4.0,4.803952913820666,0.0,1.0
prefill,code,4,5,1,32,transition,1033,8,0.9484511132623427,0.6727976766698935,4.0,4.217402398571064,0.1892562984496124,0.6912357939383824
prefill,code,4,6,2,8,domain_oracle,1033,8,0.5089545014520813,0.0,1.0,1.9648121730860675,0.0,1.0
prefill,code,4,6,2,8,previous_window,1033,8,0.4987899322362052,0.0,1.0,2.004852013585638,0.00048449612403100775,0.9991386735572784
prefill,code,4,6,2,8,static,1033,8,0.4915295256534366,0.0,1.0,2.034465780403742,0.0,1.0
prefill,code,4,6,2,8,transition,1033,8,0.6674733785091965,0.012584704743465635,1.0,1.4981870920957214,0.2607800387596899,0.6107340549201079
prefill,code,4,6,2,16,domain_oracle,1033,8,0.712487899322362,0.09002904162633107,2.0,2.807065217391304,0.0,1.0
prefill,code,4,6,2,16,previous_window,1033,8,0.6985721200387222,0.08906098741529525,2.0,2.86298285120388,0.0006661821705426356,0.9988433425865927
prefill,code,4,6,2,16,static,1033,8,0.6796950629235237,0.05324298160696999,2.0,2.942495994303009,0.0,1.0
prefill,code,4,6,2,16,transition,1033,8,0.8651984511132623,0.38528557599225555,2.0,2.3116083916083916,0.20197432170542637,0.6832241584445286
prefill,code,4,6,2,32,domain_oracle,1033,8,0.9152952565343659,0.5469506292352372,4.0,4.370174510840825,0.0,1.0
prefill,code,4,6,2,32,previous_window,1033,8,0.9000484027105518,0.484027105517909,4.0,4.444205431567625,0.0008175872093023256,0.9986047859364873
prefill,code,4,6,2,32,static,1033,8,0.843054211035818,0.271055179090029,4.0,4.744653365867662,0.0,1.0
prefill,code,4,6,2,32,transition,1033,8,0.9676911907066795,0.8005808325266215,4.0,4.13355008128048,0.1782642926356589,0.7061309533665463
prefill,code,4,7,3,8,domain_oracle,1033,8,0.46575508228460794,0.0,1.0,2.147051182125227,0.0,1.0
prefill,code,4,7,3,8,previous_window,1033,8,0.44990319457889644,0.000968054211035818,1.0,2.2227003765465305,0.0015746124031007752,0.9976705034844572
prefill,code,4,7,3,8,static,1033,8,0.42255566311713455,0.0,1.0,2.3665521191294387,0.0,1.0
prefill,code,4,7,3,8,transition,1033,8,0.6769119070667957,0.03969022265246854,1.0,1.4772971040400429,0.3340600775193798,0.5258329956004392
prefill,code,4,7,3,16,domain_oracle,1033,8,0.6707405614714425,0.12971926427879962,2.0,2.981778820133502,0.0,1.0
prefill,code,4,7,3,16,previous_window,1033,8,0.6501694094869312,0.1074540174249758,2.0,3.0761213474781313,0.0009689922480620155,0.9984065460809647
prefill,code,4,7,3,16,static,1033,8,0.6153194578896418,0.005808325266214908,2.0,3.2503441494591936,0.0,1.0
prefill,code,4,7,3,16,transition,1033,8,0.8592691190706679,0.3969022265246854,2.0,2.3275594986621604,0.24945494186046513,0.6249497025690068
prefill,code,4,7,3,32,domain_oracle,1033,8,0.8950871248789932,0.5062923523717329,4.0,4.468838718399351,0.0,1.0
prefill,code,4,7,3,32,previous_window,1033,8,0.8730638915779284,0.4404646660212972,4.0,4.581566181566181,0.0007873062015503876,0.9986488936917334
prefill,code,4,7,3,32,static,1033,8,0.8292594385285575,0.33204259438528555,4.0,4.823580913468554,0.0,1.0
prefill,code,4,7,3,32,transition,1033,8,0.9434898354307841,0.686350435624395,4.0,4.239579325381557,0.16802931201550386,0.7204419614239447
prefill,code,4,8,4,8,domain_oracle,1033,8,0.4305421103581801,0.0,1.0,2.3226531759415403,0.0,1.0
prefill,code,4,8,4,8,previous_window,1033,8,0.4154162633107454,0.0,1.0,2.4072240023303233,0.001816860465116279,0.9974590869939709
prefill,code,4,8,4,8,static,1033,8,0.40646176185866406,0.0,1.0,2.4602560285799346,0.0,1.0
prefill,code,4,8,4,8,transition,1033,8,0.633107454017425,0.013552758954501452,1.0,1.5795107033639144,0.32061531007751937,0.551531887578402
prefill,code,4,8,4,16,domain_oracle,1033,8,0.6299612778315585,0.08422071636011616,2.0,3.17479830964272,0.0,1.0
prefill,code,4,8,4,16,previous_window,1033,8,0.6102371732817038,0.08325266214908035,2.0,3.27741423755701,0.0008478682170542636,0.9985894779508431
prefill,code,4,8,4,16,static,1033,8,0.5537270087124879,0.001936108422071636,2.0,3.611888111888112,0.0,1.0
prefill,code,4,8,4,16,transition,1033,8,0.8120764762826719,0.2962245885769603,2.0,2.4628222321561615,0.28355135658914726,0.5870985551430092
prefill,code,4,8,4,32,domain_oracle,1033,8,0.8371248789932236,0.4181994191674734,4.0,4.778259612604799,0.0,1.0
prefill,code,4,8,4,32,previous_window,1033,8,0.8160696999031946,0.34172313649564373,4.0,4.901542111506524,0.0009992732558139535,0.9983531832369044
prefill,code,4,8,4,32,static,1033,8,0.7744433688286544,0.17231364956437561,4.0,5.165,0.0,1.0
prefill,code,4,8,4,32,transition,1033,8,0.9449419167473379,0.7144240077444337,4.0,4.23306441285696,0.1973716085271318,0.6810879468716927
prefill,code,4,9,5,8,domain_oracle,1033,8,0.45401742497579867,0.0,1.0,2.2025586353944564,0.0,1.0
prefill,code,4,9,5,8,previous_window,1033,8,0.4489351403678606,0.0,1.0,2.2274932614555256,0.0012112403100775194,0.9980933364654297
prefill,code,4,9,5,8,static,1033,8,0.4220716360116166,0.0,1.0,2.3692660550458715,0.0,1.0
prefill,code,4,9,5,8,transition,1033,8,0.6335914811229428,0.016456921587608905,1.0,1.5783040488922842,0.3112887596899225,0.5591935626819373
prefill,code,4,9,5,16,domain_oracle,1033,8,0.6317763794772507,0.19651500484027107,2.0,3.1656770733575943,0.0,1.0
prefill,code,4,9,5,16,previous_window,1033,8,0.611326234269119,0.12197483059051308,2.0,3.271575613618369,0.0011506782945736435,0.9981436148510813
prefill,code,4,9,5,16,static,1033,8,0.5962003872216844,0.03388189738625363,2.0,3.354576821595291,0.0,1.0
prefill,code,4,9,5,16,transition,1033,8,0.8474104549854792,0.4269119070667957,2.0,2.3601313722690276,0.3084423449612403,0.5642129887739002
prefill,code,4,9,5,32,domain_oracle,1033,8,0.8357938044530494,0.409486931268151,4.0,4.785869407847112,0.0,1.0
prefill,code,4,9,5,32,previous_window,1033,8,0.8015488867376573,0.30009680542110356,4.0,4.990338164251208,0.0011203972868217055,0.9981965546780098
prefill,code,4,9,5,32,static,1033,8,0.7856969990319458,0.23233301064859632,4.0,5.091021099645772,0.0,1.0
prefill,code,4,9,5,32,transition,1033,8,0.9597047434656341,0.782187802516941,4.0,4.167948556298071,0.23619186046511628,0.6346232167738899
prefill,code,4,10,6,8,domain_oracle,1033,8,0.3737899322362052,0.0,1.0,2.675299449660084,0.0,1.0
prefill,code,4,10,6,8,previous_window,1033,8,0.369675701839303,0.0,1.0,2.705073649754501,0.0012112403100775194,0.9981246574269831
prefill,code,4,10,6,8,static,1033,8,0.3278073572120039,0.0,1.0,3.0505721668512367,0.0,1.0
prefill,code,4,10,6,8,transition,1033,8,0.5876089060987415,0.030977734753146177,1.0,1.7018121911037891,0.33599806201550386,0.5400561109863449
prefill,code,4,10,6,16,domain_oracle,1033,8,0.5833736689254598,0.12584704743465633,2.0,3.4283343704625597,0.0,1.0
prefill,code,4,10,6,16,previous_window,1033,8,0.5642545982575025,0.09486931268151017,2.0,3.5444992494102507,0.0009084302325581395,0.998498812009504
prefill,code,4,10,6,16,static,1033,8,0.51851403678606,0.006776379477250726,2.0,3.8571761960326723,0.0,1.0
prefill,code,4,10,6,16,transition,1033,8,0.7860600193610843,0.3330106485963214,2.0,2.544334975369458,0.3192829457364341,0.5456732946394663
prefill,code,4,10,6,32,domain_oracle,1033,8,0.7918683446272992,0.3688286544046467,4.0,5.0513447432762835,0.0,1.0
prefill,code,4,10,6,32,previous_window,1033,8,0.7629477250726041,0.2681510164569216,4.0,5.242823156225218,0.0012112403100775194,0.9980676945793224
prefill,code,4,10,6,32,static,1033,8,0.7143030009680542,0.09293320425943853,4.0,5.599864475690327,0.0,1.0
prefill,code,4,10,6,32,transition,1033,8,0.9266698935140368,0.6544046466602129,4.0,4.31653173152259,0.22907582364341086,0.6409916077067995
prefill,code,4,11,7,8,domain_oracle,1033,8,0.4938286544046467,0.0,1.0,2.024993874050478,0.0,1.0
prefill,code,4,11,7,8,previous_window,1033,8,0.4826960309777348,0.0,1.0,2.071697167209827,0.0010901162790697674,0.998265601753974
prefill,code,4,11,7,8,static,1033,8,0.4365924491771539,0.0,1.0,2.2904656319290466,0.0,1.0
prefill,code,4,11,7,8,transition,1033,8,0.6421829622458858,0.03291384317521781,1.0,1.5571886188053514,0.23873546511627908,0.6511939825893374
prefill,code,4,11,7,16,domain_oracle,1033,8,0.6690464666021297,0.17037754114230397,2.0,2.989328992584554,0.0,1.0
prefill,code,4,11,7,16,previous_window,1033,8,0.6456921587608906,0.09486931268151017,2.0,3.0974512743628186,0.0011506782945736435,0.9981436148510813
prefill,code,4,11,7,16,static,1033,8,0.5865198451113263,0.001936108422071636,2.0,3.4099442954404786,0.0,1.0
prefill,code,4,11,7,16,transition,1033,8,0.8284123910939013,0.3465634075508228,2.0,2.4142565001460707,0.2711967054263566,0.6010327207332965
prefill,code,4,11,7,32,domain_oracle,1033,8,0.8570909970958374,0.43272023233301066,4.0,4.6669490328956655,0.0,1.0
prefill,code,4,11,7,32,previous_window,1033,8,0.8295014520813165,0.36302032913843174,4.0,4.82217359591539,0.0010901162790697674,0.9982544428688861
prefill,code,4,11,7,32,static,1033,8,0.8148596321393998,0.29235237173281703,4.0,4.908820908820909,0.0,1.0
prefill,code,4,11,7,32,transition,1033,8,0.9449419167473379,0.7279767666989352,4.0,4.23306441285696,0.2087875484496124,0.6655480785030293
prefill,code,4,12,8,8,domain_oracle,1033,8,0.46466602129719264,0.0,1.0,2.152083333333333,0.0,1.0
prefill,code,4,12,8,8,previous_window,1033,8,0.4563165537270087,0.0,1.0,2.1914611508883586,0.0008478682170542636,0.998578811369509
prefill,code,4,12,8,8,static,1033,8,0.3367618586640852,0.0,1.0,2.9694574200503054,0.0,1.0
prefill,code,4,12,8,8,transition,1033,8,0.6185866408518877,0.041626331074540175,1.0,1.6165884194053208,0.2697432170542636,0.6152064989274353
prefill,code,4,12,8,16,domain_oracle,1033,8,0.672918683446273,0.24104549854791868,2.0,2.9721273152310737,0.0,1.0
prefill,code,4,12,8,16,previous_window,1033,8,0.6616650532429816,0.1829622458857696,2.0,3.0226773957571322,0.0005450581395348837,0.999046007631939
prefill,code,4,12,8,16,static,1033,8,0.5675217812197483,0.04259438528557599,2.0,3.52409381663113,0.0,1.0
prefill,code,4,12,8,16,transition,1033,8,0.7948935140367861,0.33591481122942884,2.0,2.51606028314812,0.24509447674418605,0.6316657143858037
prefill,code,4,12,8,32,domain_oracle,1033,8,0.8426911907066795,0.42013552758954503,4.0,4.746697300402068,0.0,1.0
prefill,code,4,12,8,32,previous_window,1033,8,0.8330106485963213,0.40658276863504356,4.0,4.801859384079024,0.0011203972868217055,0.9981954939727276
prefill,code,4,12,8,32,static,1033,8,0.8033639883833494,0.3659244917715392,4.0,4.979063111914445,0.0,1.0
prefill,code,4,12,8,32,transition,1033,8,0.9188044530493708,0.6505324298160697,4.0,4.353483471618596,0.1890140503875969,0.6917386631794518
prefill,code,4,13,9,8,domain_oracle,1033,8,0.5469506292352372,0.0,1.0,1.8283185840707965,0.0,1.0
prefill,code,4,13,9,8,previous_window,1033,8,0.539811229428848,0.0,1.0,1.8524994395875365,0.0007267441860465116,0.9987941429801896
prefill,code,4,13,9,8,static,1033,8,0.45099225556631173,0.0,1.0,2.217332975583579,0.0,1.0
prefill,code,4,13,9,8,transition,1033,8,0.6106001936108422,0.003872216844143272,1.0,1.6377328577090764,0.19694767441860464,0.6936409843386678
prefill,code,4,13,9,16,domain_oracle,1033,8,0.707405614714424,0.1665053242981607,2.0,2.827232295586726,0.0,1.0
prefill,code,4,13,9,16,previous_window,1033,8,0.6933688286544046,0.10939012584704744,2.0,2.8844677137870853,0.0013323643410852713,0.9979221309086671
prefill,code,4,13,9,16,static,1033,8,0.6931268151016456,0.11035818005808325,2.0,2.8854748603351954,0.0,1.0
prefill,code,4,13,9,16,transition,1033,8,0.8010648596321394,0.3233301064859632,2.0,2.496676737160121,0.1821705426356589,0.7045721758826022
prefill,code,4,13,9,32,domain_oracle,1033,8,0.8797192642787997,0.49564375605033884,4.0,4.546905089408528,0.0,1.0
prefill,code,4,13,9,32,previous_window,1033,8,0.8621732817037754,0.44724104549854793,4.0,4.639438596491228,0.0010295542635658916,0.9983087527419856
prefill,code,4,13,9,32,static,1033,8,0.7878751210067764,0.24782187802516942,4.0,5.076946705575181,0.0,1.0
prefill,code,4,13,9,32,transition,1033,8,0.9269119070667957,0.6931268151016456,4.0,4.315404699738903,0.19446463178294573,0.6857702584738473
prefill,code,4,14,10,8,domain_oracle,1033,8,0.481243949661181,0.0,1.0,2.077948202162434,0.0,1.0
prefill,code,4,14,10,8,previous_window,1033,8,0.47204743465634075,0.0,1.0,2.1184311714944886,0.0010901162790697674,0.9982342807924205
prefill,code,4,14,10,8,static,1033,8,0.41674733785091966,0.0,1.0,2.3995354239256677,0.0,1.0
prefill,code,4,14,10,8,transition,1033,8,0.6223378509196515,0.030977734753146177,1.0,1.6068442543262687,0.27313468992248063,0.6082796187447398
prefill,code,4,14,10,16,domain_oracle,1033,8,0.6731606969990319,0.16263310745401743,2.0,2.9710587812331477,0.0,1.0
prefill,code,4,14,10,16,previous_window,1033,8,0.6565827686350436,0.12003872216844143,2.0,3.0460744563214153,0.0009084302325581395,0.9985324879305727
prefill,code,4,14,10,16,static,1033,8,0.5567521781219749,0.0,2.0,3.5922625516192133,0.0,1.0
prefill,code,4,14,10,16,transition,1033,8,0.7917473378509197,0.29816069699903197,2.0,2.526058383004738,0.25314922480620156,0.621218801890506
prefill,code,4,14,10,32,domain_oracle,1033,8,0.8631413359148112,0.41142303969022265,4.0,4.6342352446376,0.0,1.0
prefill,code,4,14,10,32,previous_window,1033,8,0.8399080348499516,0.37947725072604066,4.0,4.762426163377035,0.0010295542635658916,0.9983153689052723
prefill,code,4,14,10,32,static,1033,8,0.7751694094869312,0.25943852855759925,4.0,5.160162347798939,0.0,1.0
prefill,code,4,14,10,32,transition,1033,8,0.9166263310745402,0.6185866408518877,4.0,4.363828382838284,0.20645591085271317,0.6682266569544792
prefill,code,4,15,11,8,domain_oracle,1033,8,0.5008470474346564,0.0,1.0,1.9966175404687123,0.0,1.0
prefill,code,4,15,11,8,previous_window,1033,8,0.49322362052274926,0.000968054211035818,1.0,2.02747791952895,0.0010901162790697674,0.9982969227155276
prefill,code,4,15,11,8,static,1033,8,0.43284123910939015,0.0,1.0,2.310315907184792,0.0,1.0
prefill,code,4,15,11,8,transition,1033,8,0.5970474346563408,0.05808325266214908,1.0,1.674908796108634,0.20978682170542637,0.6798865217469948
prefill,code,4,15,11,16,domain_oracle,1033,8,0.6780009680542111,0.1936108422071636,2.0,2.949848295555952,0.0,1.0
prefill,code,4,15,11,16,previous_window,1033,8,0.6508954501452081,0.14327202323330107,2.0,3.0726900910949992,0.0012112403100775194,0.9980943961972113
prefill,code,4,15,11,16,static,1033,8,0.5703049370764763,0.021297192642787996,2.0,3.506895820072141,0.0,1.0
prefill,code,4,15,11,16,transition,1033,8,0.7777105517909003,0.2855759922555663,2.0,2.571650847985063,0.23037790697674418,0.6403047137678275
prefill,code,4,15,11,32,domain_oracle,1033,8,0.8655614714424008,0.4927395934172314,4.0,4.621277785544526,0.0,1.0
prefill,code,4,15,11,32,previous_window,1033,8,0.8391819941916747,0.4075508228460794,4.0,4.766546503244412,0.0011809593023255813,0.9981077397159435
prefill,code,4,15,11,32,static,1033,8,0.7895692158760891,0.31364956437560504,4.0,5.066053639846744,0.0,1.0
prefill,code,4,15,11,32,transition,1033,8,0.9128751210067764,0.6311713455953534,4.0,4.381760339342524,0.1829578488372093,0.6990708910487021
prefill,code,5,6,1,8,domain_oracle,1033,8,0.5089545014520813,0.0,1.0,1.9648121730860675,0.0,1.0
prefill,code,5,6,1,8,previous_window,1033,8,0.4987899322362052,0.0,1.0,2.004852013585638,0.00048449612403100775,0.9991386735572784
prefill,code,5,6,1,8,static,1033,8,0.4915295256534366,0.0,1.0,2.034465780403742,0.0,1.0
prefill,code,5,6,1,8,transition,1033,8,0.6864714424007744,0.030977734753146177,1.0,1.4567248369469417,0.29748062015503873,0.5686727140215563
prefill,code,5,6,1,16,domain_oracle,1033,8,0.712487899322362,0.09002904162633107,2.0,2.807065217391304,0.0,1.0
prefill,code,5,6,1,16,previous_window,1033,8,0.6985721200387222,0.08906098741529525,2.0,2.86298285120388,0.0006661821705426356,0.9988433425865927
prefill,code,5,6,1,16,static,1033,8,0.6796950629235237,0.05324298160696999,2.0,2.942495994303009,0.0,1.0
prefill,code,5,6,1,16,transition,1033,8,0.8735479186834463,0.39399806389157793,2.0,2.2895137830724477,0.210453003875969,0.6728321021192812
prefill,code,5,6,1,32,domain_oracle,1033,8,0.9152952565343659,0.5469506292352372,4.0,4.370174510840825,0.0,1.0
prefill,code,5,6,1,32,previous_window,1033,8,0.9000484027105518,0.484027105517909,4.0,4.444205431567625,0.0008175872093023256,0.9986047859364873
prefill,code,5,6,1,32,static,1033,8,0.843054211035818,0.271055179090029,4.0,4.744653365867662,0.0,1.0
prefill,code,5,6,1,32,transition,1033,8,0.9704743465634076,0.814133591481123,4.0,4.121695760598504,0.1860767926356589,0.6994608738673691
prefill,code,5,7,2,8,domain_oracle,1033,8,0.46575508228460794,0.0,1.0,2.147051182125227,0.0,1.0
prefill,code,5,7,2,8,previous_window,1033,8,0.44990319457889644,0.000968054211035818,1.0,2.2227003765465305,0.0015746124031007752,0.9976705034844572
prefill,code,5,7,2,8,static,1033,8,0.42255566311713455,0.0,1.0,2.3665521191294387,0.0,1.0
prefill,code,5,7,2,8,transition,1033,8,0.6796950629235237,0.02420135527589545,1.0,1.4712479971515044,0.3488372093023256,0.5084678026538475
prefill,code,5,7,2,16,domain_oracle,1033,8,0.6707405614714425,0.12971926427879962,2.0,2.981778820133502,0.0,1.0
prefill,code,5,7,2,16,previous_window,1033,8,0.6501694094869312,0.1074540174249758,2.0,3.0761213474781313,0.0009689922480620155,0.9984065460809647
prefill,code,5,7,2,16,static,1033,8,0.6153194578896418,0.005808325266214908,2.0,3.2503441494591936,0.0,1.0
prefill,code,5,7,2,16,transition,1033,8,0.8621732817037754,0.4181994191674734,2.0,2.319719298245614,0.2579336240310077,0.6153215178894254
prefill,code,5,7,2,32,domain_oracle,1033,8,0.8950871248789932,0.5062923523717329,4.0,4.468838718399351,0.0,1.0
prefill,code,5,7,2,32,previous_window,1033,8,0.8730638915779284,0.4404646660212972,4.0,4.581566181566181,0.0007873062015503876,0.9986488936917334
prefill,code,5,7,2,32,static,1033,8,0.8292594385285575,0.33204259438528555,4.0,4.823580913468554,0.0,1.0
prefill,code,5,7,2,32,transition,1033,8,0.9528073572120038,0.7376573088092934,4.0,4.1981203962407925,0.17208696705426357,0.7183484908927782
prefill,code,5,8,3,8,domain_oracle,1033,8,0.4305421103581801,0.0,1.0,2.3226531759415403,0.0,1.0
prefill,code,5,8,3,8,previous_window,1033,8,0.4154162633107454,0.0,1.0,2.4072240023303233,0.001816860465116279,0.9974590869939709
prefill,code,5,8,3,8,static,1033,8,0.40646176185866406,0.0,1.0,2.4602560285799346,0.0,1.0
prefill,code,5,8,3,8,transition,1033,8,0.6391577928363988,0.008712487899322363,1.0,1.5645588792124194,0.34459786821705424,0.5218272683388974
prefill,code,5,8,3,16,domain_oracle,1033,8,0.6299612778315585,0.08422071636011616,2.0,3.17479830964272,0.0,1.0
prefill,code,5,8,3,16,previous_window,1033,8,0.6102371732817038,0.08325266214908035,2.0,3.27741423755701,0.0008478682170542636,0.9985894779508431
prefill,code,5,8,3,16,static,1033,8,0.5537270087124879,0.001936108422071636,2.0,3.611888111888112,0.0,1.0
prefill,code,5,8,3,16,transition,1033,8,0.8339787028073572,0.3107454017424976,2.0,2.3981427742309926,0.31007751937984496,0.5646210675211706
prefill,code,5,8,3,32,domain_oracle,1033,8,0.8371248789932236,0.4181994191674734,4.0,4.778259612604799,0.0,1.0
prefill,code,5,8,3,32,previous_window,1033,8,0.8160696999031946,0.34172313649564373,4.0,4.901542111506524,0.0009992732558139535,0.9983531832369044
prefill,code,5,8,3,32,static,1033,8,0.7744433688286544,0.17231364956437561,4.0,5.165,0.0,1.0
prefill,code,5,8,3,32,transition,1033,8,0.9568005808325266,0.7618586640851888,4.0,4.180599468825092,0.21011991279069767,0.6663427582691486
prefill,code,5,9,4,8,domain_oracle,1033,8,0.45401742497579867,0.0,1.0,2.2025586353944564,0.0,1.0
prefill,code,5,9,4,8,previous_window,1033,8,0.4489351403678606,0.0,1.0,2.2274932614555256,0.0012112403100775194,0.9980933364654297
prefill,code,5,9,4,8,static,1033,8,0.4220716360116166,0.0,1.0,2.3692660550458715,0.0,1.0
prefill,code,5,9,4,8,transition,1033,8,0.630324298160697,0.011616650532429816,1.0,1.5864849299289692,0.32170542635658916,0.544361022268001
prefill,code,5,9,4,16,domain_oracle,1033,8,0.6317763794772507,0.19651500484027107,2.0,3.1656770733575943,0.0,1.0
prefill,code,5,9,4,16,previous_window,1033,8,0.611326234269119,0.12197483059051308,2.0,3.271575613618369,0.0011506782945736435,0.9981436148510813
prefill,code,5,9,4,16,static,1033,8,0.5962003872216844,0.03388189738625363,2.0,3.354576821595291,0.0,1.0
prefill,code,5,9,4,16,transition,1033,8,0.8633833494675702,0.45595353339787026,2.0,2.316468114926419,0.3316375968992248,0.5392626694758493
prefill,code,5,9,4,32,domain_oracle,1033,8,0.8357938044530494,0.409486931268151,4.0,4.785869407847112,0.0,1.0
prefill,code,5,9,4,32,previous_window,1033,8,0.8015488867376573,0.30009680542110356,4.0,4.990338164251208,0.0011203972868217055,0.9981965546780098
prefill,code,5,9,4,32,static,1033,8,0.7856969990319458,0.23233301064859632,4.0,5.091021099645772,0.0,1.0
prefill,code,5,9,4,32,transition,1033,8,0.9684172313649564,0.8199419167473379,4.0,4.130451080844683,0.25148376937984496,0.6184592880116035
prefill,code,5,10,5,8,domain_oracle,1033,8,0.3737899322362052,0.0,1.0,2.675299449660084,0.0,1.0
prefill,code,5,10,5,8,previous_window,1033,8,0.369675701839303,0.0,1.0,2.705073649754501,0.0012112403100775194,0.9981246574269831
prefill,code,5,10,5,8,static,1033,8,0.3278073572120039,0.0,1.0,3.0505721668512367,0.0,1.0
prefill,code,5,10,5,8,transition,1033,8,0.6030977734753146,0.01936108422071636,1.0,1.6581059390048154,0.37269864341085274,0.5006016808342377
prefill,code,5,10,5,16,domain_oracle,1033,8,0.5833736689254598,0.12584704743465633,2.0,3.4283343704625597,0.0,1.0
prefill,code,5,10,5,16,previous_window,1033,8,0.5642545982575025,0.09486931268151017,2.0,3.5444992494102507,0.0009084302325581395,0.998498812009504
prefill,code,5,10,5,16,static,1033,8,0.51851403678606,0.006776379477250726,2.0,3.8571761960326723,0.0,1.0
prefill,code,5,10,5,16,transition,1033,8,0.8071151984511132,0.3204259438528558,2.0,2.477961019490255,0.3100169573643411,0.5584047933607895
prefill,code,5,10,5,32,domain_oracle,1033,8,0.7918683446272992,0.3688286544046467,4.0,5.0513447432762835,0.0,1.0
prefill,code,5,10,5,32,previous_window,1033,8,0.7629477250726041,0.2681510164569216,4.0,5.242823156225218,0.0012112403100775194,0.9980676945793224
prefill,code,5,10,5,32,static,1033,8,0.7143030009680542,0.09293320425943853,4.0,5.599864475690327,0.0,1.0
prefill,code,5,10,5,32,transition,1033,8,0.9402226524685382,0.6844143272023233,4.0,4.254311454311455,0.2506359011627907,0.6201664057253102
prefill,code,5,11,6,8,domain_oracle,1033,8,0.4938286544046467,0.0,1.0,2.024993874050478,0.0,1.0
prefill,code,5,11,6,8,previous_window,1033,8,0.4826960309777348,0.0,1.0,2.071697167209827,0.0010901162790697674,0.998265601753974
prefill,code,5,11,6,8,static,1033,8,0.4365924491771539,0.0,1.0,2.2904656319290466,0.0,1.0
prefill,code,5,11,6,8,transition,1033,8,0.6337124878993223,0.026137463697967087,1.0,1.5780026732862327,0.2777374031007752,0.5955456257781883
prefill,code,5,11,6,16,domain_oracle,1033,8,0.6690464666021297,0.17037754114230397,2.0,2.989328992584554,0.0,1.0
prefill,code,5,11,6,16,previous_window,1033,8,0.6456921587608906,0.09486931268151017,2.0,3.0974512743628186,0.0011506782945736435,0.9981436148510813
prefill,code,5,11,6,16,static,1033,8,0.5865198451113263,0.001936108422071636,2.0,3.4099442954404786,0.0,1.0
prefill,code,5,11,6,16,transition,1033,8,0.8359148112294289,0.345595353339787,2.0,2.392588303416329,0.2767078488372093,0.6006661884199311
prefill,code,5,11,6,32,domain_oracle,1033,8,0.8570909970958374,0.43272023233301066,4.0,4.6669490328956655,0.0,1.0
prefill,code,5,11,6,32,previous_window,1033,8,0.8295014520813165,0.36302032913843174,4.0,4.82217359591539,0.0010901162790697674,0.9982544428688861
prefill,code,5,11,6,32,static,1033,8,0.8148596321393998,0.29235237173281703,4.0,4.908820908820909,0.0,1.0
prefill,code,5,11,6,32,transition,1033,8,0.9508712487899322,0.7531461761858664,4.0,4.20666836345126,0.22756177325581395,0.6448438014947041
prefill,code,5,12,7,8,domain_oracle,1033,8,0.46466602129719264,0.0,1.0,2.152083333333333,0.0,1.0
prefill,code,5,12,7,8,previous_window,1033,8,0.4563165537270087,0.0,1.0,2.1914611508883586,0.0008478682170542636,0.998578811369509
prefill,code,5,12,7,8,static,1033,8,0.3367618586640852,0.0,1.0,2.9694574200503054,0.0,1.0
prefill,code,5,12,7,8,transition,1033,8,0.6214908034849952,0.041626331074540175,1.0,1.6090342679127725,0.2956637596899225,0.579495224844065
prefill,code,5,12,7,16,domain_oracle,1033,8,0.672918683446273,0.24104549854791868,2.0,2.9721273152310737,0.0,1.0
prefill,code,5,12,7,16,previous_window,1033,8,0.6616650532429816,0.1829622458857696,2.0,3.0226773957571322,0.0005450581395348837,0.999046007631939
prefill,code,5,12,7,16,static,1033,8,0.5675217812197483,0.04259438528557599,2.0,3.52409381663113,0.0,1.0
prefill,code,5,12,7,16,transition,1033,8,0.8026379477250726,0.33591481122942884,2.0,2.49178350670888,0.24576065891472867,0.6356844836699622
prefill,code,5,12,7,32,domain_oracle,1033,8,0.8426911907066795,0.42013552758954503,4.0,4.746697300402068,0.0,1.0
prefill,code,5,12,7,32,previous_window,1033,8,0.8330106485963213,0.40658276863504356,4.0,4.801859384079024,0.0011203972868217055,0.9981954939727276
prefill,code,5,12,7,32,static,1033,8,0.8033639883833494,0.3659244917715392,4.0,4.979063111914445,0.0,1.0
prefill,code,5,12,7,32,transition,1033,8,0.9318731848983544,0.68054211035818,4.0,4.292429554603299,0.22189922480620156,0.6494444979788028
prefill,code,5,13,8,8,domain_oracle,1033,8,0.5469506292352372,0.0,1.0,1.8283185840707965,0.0,1.0
prefill,code,5,13,8,8,previous_window,1033,8,0.539811229428848,0.0,1.0,1.8524994395875365,0.0007267441860465116,0.9987941429801896
prefill,code,5,13,8,8,static,1033,8,0.45099225556631173,0.0,1.0,2.217332975583579,0.0,1.0
prefill,code,5,13,8,8,transition,1033,8,0.6005566311713456,0.00484027105517909,1.0,1.6651219020753576,0.2038517441860465,0.6879499484150728
prefill,code,5,13,8,16,domain_oracle,1033,8,0.707405614714424,0.1665053242981607,2.0,2.827232295586726,0.0,1.0
prefill,code,5,13,8,16,previous_window,1033,8,0.6933688286544046,0.10939012584704744,2.0,2.8844677137870853,0.0013323643410852713,0.9979221309086671
prefill,code,5,13,8,16,static,1033,8,0.6931268151016456,0.11035818005808325,2.0,2.8854748603351954,0.0,1.0
prefill,code,5,13,8,16,transition,1033,8,0.811108422071636,0.31364956437560504,2.0,2.4657615992839026,0.19870397286821706,0.6857316678300797
prefill,code,5,13,8,32,domain_oracle,1033,8,0.8797192642787997,0.49564375605033884,4.0,4.546905089408528,0.0,1.0
prefill,code,5,13,8,32,previous_window,1033,8,0.8621732817037754,0.44724104549854793,4.0,4.639438596491228,0.0010295542635658916,0.9983087527419856
prefill,code,5,13,8,32,static,1033,8,0.7878751210067764,0.24782187802516942,4.0,5.076946705575181,0.0,1.0
prefill,code,5,13,8,32,transition,1033,8,0.9378025169409487,0.7095837366892546,4.0,4.265290322580645,0.21193677325581395,0.6652914032353917
prefill,code,5,14,9,8,domain_oracle,1033,8,0.481243949661181,0.0,1.0,2.077948202162434,0.0,1.0
prefill,code,5,14,9,8,previous_window,1033,8,0.47204743465634075,0.0,1.0,2.1184311714944886,0.0010901162790697674,0.9982342807924205
prefill,code,5,14,9,8,static,1033,8,0.41674733785091966,0.0,1.0,2.3995354239256677,0.0,1.0
prefill,code,5,14,9,8,transition,1033,8,0.6288722168441433,0.02516940948693127,1.0,1.5901481624013853,0.3094718992248062,0.5654651980233406
prefill,code,5,14,9,16,domain_oracle,1033,8,0.6731606969990319,0.16263310745401743,2.0,2.9710587812331477,0.0,1.0
prefill,code,5,14,9,16,previous_window,1033,8,0.6565827686350436,0.12003872216844143,2.0,3.0460744563214153,0.0009084302325581395,0.9985324879305727
prefill,code,5,14,9,16,static,1033,8,0.5567521781219749,0.0,2.0,3.5922625516192133,0.0,1.0
prefill,code,5,14,9,16,transition,1033,8,0.8067521781219749,0.30977734753146174,2.0,2.47907604619769,0.2757994186046512,0.5973808424162428
prefill,code,5,14,9,32,domain_oracle,1033,8,0.8631413359148112,0.41142303969022265,4.0,4.6342352446376,0.0,1.0
prefill,code,5,14,9,32,previous_window,1033,8,0.8399080348499516,0.37947725072604066,4.0,4.762426163377035,0.0010295542635658916,0.9983153689052723
prefill,code,5,14,9,32,static,1033,8,0.7751694094869312,0.25943852855759925,4.0,5.160162347798939,0.0,1.0
prefill,code,5,14,9,32,transition,1033,8,0.9294530493707648,0.6737657308809293,4.0,4.303606301262857,0.2232921511627907,0.6503247231795712
prefill,code,5,15,10,8,domain_oracle,1033,8,0.5008470474346564,0.0,1.0,1.9966175404687123,0.0,1.0
prefill,code,5,15,10,8,previous_window,1033,8,0.49322362052274926,0.000968054211035818,1.0,2.02747791952895,0.0010901162790697674,0.9982969227155276
prefill,code,5,15,10,8,static,1033,8,0.43284123910939015,0.0,1.0,2.310315907184792,0.0,1.0
prefill,code,5,15,10,8,transition,1033,8,0.5866408518877058,0.02032913843175218,1.0,1.7046204620462047,0.23280038759689922,0.6520510067021759
prefill,code,5,15,10,16,domain_oracle,1033,8,0.6780009680542111,0.1936108422071636,2.0,2.949848295555952,0.0,1.0
prefill,code,5,15,10,16,previous_window,1033,8,0.6508954501452081,0.14327202323330107,2.0,3.0726900910949992,0.0012112403100775194,0.9980943961972113
prefill,code,5,15,10,16,static,1033,8,0.5703049370764763,0.021297192642787996,2.0,3.506895820072141,0.0,1.0
prefill,code,5,15,10,16,transition,1033,8,0.7889641819941917,0.30880929332042595,2.0,2.5349693251533743,0.2567829457364341,0.6122866656476625
prefill,code,5,15,10,32,domain_oracle,1033,8,0.8655614714424008,0.4927395934172314,4.0,4.621277785544526,0.0,1.0
prefill,code,5,15,10,32,previous_window,1033,8,0.8391819941916747,0.4075508228460794,4.0,4.766546503244412,0.0011809593023255813,0.9981077397159435
prefill,code,5,15,10,32,static,1033,8,0.7895692158760891,0.31364956437560504,4.0,5.066053639846744,0.0,1.0
prefill,code,5,15,10,32,transition,1033,8,0.9267909002904162,0.6679574056147144,4.0,4.315968142055098,0.19246608527131784,0.6883917567783716
prefill,code,6,7,1,8,domain_oracle,1033,8,0.46575508228460794,0.0,1.0,2.147051182125227,0.0,1.0
prefill,code,6,7,1,8,previous_window,1033,8,0.44990319457889644,0.000968054211035818,1.0,2.2227003765465305,0.0015746124031007752,0.9976705034844572
prefill,code,6,7,1,8,static,1033,8,0.42255566311713455,0.0,1.0,2.3665521191294387,0.0,1.0
prefill,code,6,7,1,8,transition,1033,8,0.7035333978702807,0.044530493707647625,1.0,1.4213966288269695,0.3489583333333333,0.5137516230539484
prefill,code,6,7,1,16,domain_oracle,1033,8,0.6707405614714425,0.12971926427879962,2.0,2.981778820133502,0.0,1.0
prefill,code,6,7,1,16,previous_window,1033,8,0.6501694094869312,0.1074540174249758,2.0,3.0761213474781313,0.0009689922480620155,0.9984065460809647
prefill,code,6,7,1,16,static,1033,8,0.6153194578896418,0.005808325266214908,2.0,3.2503441494591936,0.0,1.0
prefill,code,6,7,1,16,transition,1033,8,0.8719748305905131,0.4346563407550823,2.0,2.2936441854010545,0.2704699612403101,0.6009653230386487
prefill,code,6,7,1,32,domain_oracle,1033,8,0.8950871248789932,0.5062923523717329,4.0,4.468838718399351,0.0,1.0
prefill,code,6,7,1,32,previous_window,1033,8,0.8730638915779284,0.4404646660212972,4.0,4.581566181566181,0.0007873062015503876,0.9986488936917334
prefill,code,6,7,1,32,static,1033,8,0.8292594385285575,0.33204259438528555,4.0,4.823580913468554,0.0,1.0
prefill,code,6,7,1,32,transition,1033,8,0.9509922555663117,0.7376573088092934,4.0,4.206133095813716,0.17396438953488372,0.7156813656351109
prefill,code,6,8,2,8,domain_oracle,1033,8,0.4305421103581801,0.0,1.0,2.3226531759415403,0.0,1.0
prefill,code,6,8,2,8,previous_window,1033,8,0.4154162633107454,0.0,1.0,2.4072240023303233,0.001816860465116279,0.9974590869939709
prefill,code,6,8,2,8,static,1033,8,0.40646176185866406,0.0,1.0,2.4602560285799346,0.0,1.0
prefill,code,6,8,2,8,transition,1033,8,0.6579138431752178,0.01452081316553727,1.0,1.519955858009932,0.3594961240310077,0.5081531302461539
prefill,code,6,8,2,16,domain_oracle,1033,8,0.6299612778315585,0.08422071636011616,2.0,3.17479830964272,0.0,1.0
prefill,code,6,8,2,16,previous_window,1033,8,0.6102371732817038,0.08325266214908035,2.0,3.27741423755701,0.0008478682170542636,0.9985894779508431
prefill,code,6,8,2,16,static,1033,8,0.5537270087124879,0.001936108422071636,2.0,3.611888111888112,0.0,1.0
prefill,code,6,8,2,16,transition,1033,8,0.8406340755082284,0.33204259438528555,2.0,2.3791564704188857,0.31940406976744184,0.5534510952749209
prefill,code,6,8,2,32,domain_oracle,1033,8,0.8371248789932236,0.4181994191674734,4.0,4.778259612604799,0.0,1.0
prefill,code,6,8,2,32,previous_window,1033,8,0.8160696999031946,0.34172313649564373,4.0,4.901542111506524,0.0009992732558139535,0.9983531832369044
prefill,code,6,8,2,32,static,1033,8,0.7744433688286544,0.17231364956437561,4.0,5.165,0.0,1.0
prefill,code,6,8,2,32,transition,1033,8,0.9534123910939013,0.7376573088092934,4.0,4.19545627617718,0.2074249031007752,0.6719101581284089
prefill,code,6,9,3,8,domain_oracle,1033,8,0.45401742497579867,0.0,1.0,2.2025586353944564,0.0,1.0
prefill,code,6,9,3,8,previous_window,1033,8,0.4489351403678606,0.0,1.0,2.2274932614555256,0.0012112403100775194,0.9980933364654297
prefill,code,6,9,3,8,static,1033,8,0.4220716360116166,0.0,1.0,2.3692660550458715,0.0,1.0
prefill,code,6,9,3,8,transition,1033,8,0.6397628267182962,0.00484027105517909,1.0,1.5630792509930016,0.344234496124031,0.5218906416580844
prefill,code,6,9,3,16,domain_oracle,1033,8,0.6317763794772507,0.19651500484027107,2.0,3.1656770733575943,0.0,1.0
prefill,code,6,9,3,16,previous_window,1033,8,0.611326234269119,0.12197483059051308,2.0,3.271575613618369,0.0011506782945736435,0.9981436148510813
prefill,code,6,9,3,16,static,1033,8,0.5962003872216844,0.03388189738625363,2.0,3.354576821595291,0.0,1.0
prefill,code,6,9,3,16,transition,1033,8,0.8690706679574056,0.45595353339787026,2.0,2.301308827624617,0.3430232558139535,0.5302605795864425
prefill,code,6,9,3,32,domain_oracle,1033,8,0.8357938044530494,0.409486931268151,4.0,4.785869407847112,0.0,1.0
prefill,code,6,9,3,32,previous_window,1033,8,0.8015488867376573,0.30009680542110356,4.0,4.990338164251208,0.0011203972868217055,0.9981965546780098
prefill,code,6,9,3,32,static,1033,8,0.7856969990319458,0.23233301064859632,4.0,5.091021099645772,0.0,1.0
prefill,code,6,9,3,32,transition,1033,8,0.9662391093901258,0.8257502420135527,4.0,4.139762053850971,0.25657097868217055,0.6115167558628276
prefill,code,6,10,4,8,domain_oracle,1033,8,0.3737899322362052,0.0,1.0,2.675299449660084,0.0,1.0
prefill,code,6,10,4,8,previous_window,1033,8,0.369675701839303,0.0,1.0,2.705073649754501,0.0012112403100775194,0.9981246574269831
prefill,code,6,10,4,8,static,1033,8,0.3278073572120039,0.0,1.0,3.0505721668512367,0.0,1.0
prefill,code,6,10,4,8,transition,1033,8,0.6072120038722169,0.013552758954501452,1.0,1.6468712634515743,0.3845687984496124,0.4954387559038711
prefill,code,6,10,4,16,domain_oracle,1033,8,0.5833736689254598,0.12584704743465633,2.0,3.4283343704625597,0.0,1.0
prefill,code,6,10,4,16,previous_window,1033,8,0.5642545982575025,0.09486931268151017,2.0,3.5444992494102507,0.0009084302325581395,0.998498812009504
prefill,code,6,10,4,16,static,1033,8,0.51851403678606,0.006776379477250726,2.0,3.8571761960326723,0.0,1.0
prefill,code,6,10,4,16,transition,1033,8,0.8128025169409487,0.34849951597289447,2.0,2.4606223016227484,0.3369670542635659,0.5296273320110386
prefill,code,6,10,4,32,domain_oracle,1033,8,0.7918683446272992,0.3688286544046467,4.0,5.0513447432762835,0.0,1.0
prefill,code,6,10,4,32,previous_window,1033,8,0.7629477250726041,0.2681510164569216,4.0,5.242823156225218,0.0012112403100775194,0.9980676945793224
prefill,code,6,10,4,32,static,1033,8,0.7143030009680542,0.09293320425943853,4.0,5.599864475690327,0.0,1.0
prefill,code,6,10,4,32,transition,1033,8,0.9346563407550823,0.6892545982575025,4.0,4.27964785085448,0.24236918604651161,0.6307487317138498
prefill,code,6,11,5,8,domain_oracle,1033,8,0.4938286544046467,0.0,1.0,2.024993874050478,0.0,1.0
prefill,code,6,11,5,8,previous_window,1033,8,0.4826960309777348,0.0,1.0,2.071697167209827,0.0010901162790697674,0.998265601753974
prefill,code,6,11,5,8,static,1033,8,0.4365924491771539,0.0,1.0,2.2904656319290466,0.0,1.0
prefill,code,6,11,5,8,transition,1033,8,0.6623910939012585,0.02420135527589545,1.0,1.5096821337230544,0.28258236434108525,0.5984311984312024
prefill,code,6,11,5,16,domain_oracle,1033,8,0.6690464666021297,0.17037754114230397,2.0,2.989328992584554,0.0,1.0
prefill,code,6,11,5,16,previous_window,1033,8,0.6456921587608906,0.09486931268151017,2.0,3.0974512743628186,0.0011506782945736435,0.9981436148510813
prefill,code,6,11,5,16,static,1033,8,0.5865198451113263,0.001936108422071636,2.0,3.4099442954404786,0.0,1.0
prefill,code,6,11,5,16,transition,1033,8,0.8401500484027106,0.3639883833494676,2.0,2.3805271496471265,0.2989946705426357,0.572985394277428
prefill,code,6,11,5,32,domain_oracle,1033,8,0.8570909970958374,0.43272023233301066,4.0,4.6669490328956655,0.0,1.0
prefill,code,6,11,5,32,previous_window,1033,8,0.8295014520813165,0.36302032913843174,4.0,4.82217359591539,0.0010901162790697674,0.9982544428688861
prefill,code,6,11,5,32,static,1033,8,0.8148596321393998,0.29235237173281703,4.0,4.908820908820909,0.0,1.0
prefill,code,6,11,5,32,transition,1033,8,0.9436108422071636,0.7492739593417231,4.0,4.239035650166709,0.22283793604651161,0.6498954781050559
prefill,code,6,12,6,8,domain_oracle,1033,8,0.46466602129719264,0.0,1.0,2.152083333333333,0.0,1.0
prefill,code,6,12,6,8,previous_window,1033,8,0.4563165537270087,0.0,1.0,2.1914611508883586,0.0008478682170542636,0.998578811369509
prefill,code,6,12,6,8,static,1033,8,0.3367618586640852,0.0,1.0,2.9694574200503054,0.0,1.0
prefill,code,6,12,6,8,transition,1033,8,0.6334704743465635,0.04743465634075508,1.0,1.5786055396370582,0.3070494186046512,0.5745718536416247
prefill,code,6,12,6,16,domain_oracle,1033,8,0.672918683446273,0.24104549854791868,2.0,2.9721273152310737,0.0,1.0
prefill,code,6,12,6,16,previous_window,1033,8,0.6616650532429816,0.1829622458857696,2.0,3.0226773957571322,0.0005450581395348837,0.999046007631939
prefill,code,6,12,6,16,static,1033,8,0.5675217812197483,0.04259438528557599,2.0,3.52409381663113,0.0,1.0
prefill,code,6,12,6,16,transition,1033,8,0.8107454017424975,0.36786060019361083,2.0,2.466865671641791,0.2613856589147287,0.6119515875269642
prefill,code,6,12,6,32,domain_oracle,1033,8,0.8426911907066795,0.42013552758954503,4.0,4.746697300402068,0.0,1.0
prefill,code,6,12,6,32,previous_window,1033,8,0.8330106485963213,0.40658276863504356,4.0,4.801859384079024,0.0011203972868217055,0.9981954939727276
prefill,code,6,12,6,32,static,1033,8,0.8033639883833494,0.3659244917715392,4.0,4.979063111914445,0.0,1.0
prefill,code,6,12,6,32,transition,1033,8,0.9215876089060987,0.6795740561471443,4.0,4.340336134453781,0.2097565406976744,0.6650504770880161
prefill,code,6,13,7,8,domain_oracle,1033,8,0.5469506292352372,0.0,1.0,1.8283185840707965,0.0,1.0
prefill,code,6,13,7,8,previous_window,1033,8,0.539811229428848,0.0,1.0,1.8524994395875365,0.0007267441860465116,0.9987941429801896
prefill,code,6,13,7,8,static,1033,8,0.45099225556631173,0.0,1.0,2.217332975583579,0.0,1.0
prefill,code,6,13,7,8,transition,1033,8,0.6182236205227493,0.008712487899322363,1.0,1.6175376786063809,0.22298934108527133,0.6656647400833517
prefill,code,6,13,7,16,domain_oracle,1033,8,0.707405614714424,0.1665053242981607,2.0,2.827232295586726,0.0,1.0
prefill,code,6,13,7,16,previous_window,1033,8,0.6933688286544046,0.10939012584704744,2.0,2.8844677137870853,0.0013323643410852713,0.9979221309086671
prefill,code,6,13,7,16,static,1033,8,0.6931268151016456,0.11035818005808325,2.0,2.8854748603351954,0.0,1.0
prefill,code,6,13,7,16,transition,1033,8,0.8067521781219749,0.32720232333010646,2.0,2.47907604619769,0.20784883720930233,0.6730093370565436
prefill,code,6,13,7,32,domain_oracle,1033,8,0.8797192642787997,0.49564375605033884,4.0,4.546905089408528,0.0,1.0
prefill,code,6,13,7,32,previous_window,1033,8,0.8621732817037754,0.44724104549854793,4.0,4.639438596491228,0.0010295542635658916,0.9983087527419856
prefill,code,6,13,7,32,static,1033,8,0.7878751210067764,0.24782187802516942,4.0,5.076946705575181,0.0,1.0
prefill,code,6,13,7,32,transition,1033,8,0.9328412391093901,0.7163601161665053,4.0,4.287975094045921,0.2081516472868217,0.6697198953622788
prefill,code,6,14,8,8,domain_oracle,1033,8,0.481243949661181,0.0,1.0,2.077948202162434,0.0,1.0
prefill,code,6,14,8,8,previous_window,1033,8,0.47204743465634075,0.0,1.0,2.1184311714944886,0.0010901162790697674,0.9982342807924205
prefill,code,6,14,8,8,static,1033,8,0.41674733785091966,0.0,1.0,2.3995354239256677,0.0,1.0
prefill,code,6,14,8,8,transition,1033,8,0.6444820909970959,0.031945788964181994,1.0,1.5516334960570786,0.3074127906976744,0.5692839890514341
prefill,code,6,14,8,16,domain_oracle,1033,8,0.6731606969990319,0.16263310745401743,2.0,2.9710587812331477,0.0,1.0
prefill,code,6,14,8,16,previous_window,1033,8,0.6565827686350436,0.12003872216844143,2.0,3.0460744563214153,0.0009084302325581395,0.9985324879305727
prefill,code,6,14,8,16,static,1033,8,0.5567521781219749,0.0,2.0,3.5922625516192133,0.0,1.0
prefill,code,6,14,8,16,transition,1033,8,0.8118344627299129,0.3465634075508228,2.0,2.4635564167536144,0.30153827519379844,0.5669527641220057
prefill,code,6,14,8,32,domain_oracle,1033,8,0.8631413359148112,0.41142303969022265,4.0,4.6342352446376,0.0,1.0
prefill,code,6,14,8,32,previous_window,1033,8,0.8399080348499516,0.37947725072604066,4.0,4.762426163377035,0.0010295542635658916,0.9983153689052723
prefill,code,6,14,8,32,static,1033,8,0.7751694094869312,0.25943852855759925,4.0,5.160162347798939,0.0,1.0
prefill,code,6,14,8,32,transition,1033,8,0.920619554695063,0.6602129719264279,4.0,4.344900105152471,0.22038517441860464,0.6545183974495632
prefill,code,6,15,9,8,domain_oracle,1033,8,0.5008470474346564,0.0,1.0,1.9966175404687123,0.0,1.0
prefill,code,6,15,9,8,previous_window,1033,8,0.49322362052274926,0.000968054211035818,1.0,2.02747791952895,0.0010901162790697674,0.9982969227155276
prefill,code,6,15,9,8,static,1033,8,0.43284123910939015,0.0,1.0,2.310315907184792,0.0,1.0
prefill,code,6,15,9,8,transition,1033,8,0.6087850919651501,0.04065827686350436,1.0,1.642615782150666,0.2612645348837209,0.6153257380001623
prefill,code,6,15,9,16,domain_oracle,1033,8,0.6780009680542111,0.1936108422071636,2.0,2.949848295555952,0.0,1.0
prefill,code,6,15,9,16,previous_window,1033,8,0.6508954501452081,0.14327202323330107,2.0,3.0726900910949992,0.0012112403100775194,0.9980943961972113
prefill,code,6,15,9,16,static,1033,8,0.5703049370764763,0.021297192642787996,2.0,3.506895820072141,0.0,1.0
prefill,code,6,15,9,16,transition,1033,8,0.7959825750242013,0.3378509196515005,2.0,2.5126178169656432,0.23897771317829458,0.6385452275055998
prefill,code,6,15,9,32,domain_oracle,1033,8,0.8655614714424008,0.4927395934172314,4.0,4.621277785544526,0.0,1.0
prefill,code,6,15,9,32,previous_window,1033,8,0.8391819941916747,0.4075508228460794,4.0,4.766546503244412,0.0011809593023255813,0.9981077397159435
prefill,code,6,15,9,32,static,1033,8,0.7895692158760891,0.31364956437560504,4.0,5.066053639846744,0.0,1.0
prefill,code,6,15,9,32,transition,1033,8,0.922676669893514,0.6611810261374637,4.0,4.335213114754098,0.20482073643410853,0.6718428616243063
prefill,code,7,8,1,8,domain_oracle,1033,8,0.4305421103581801,0.0,1.0,2.3226531759415403,0.0,1.0
prefill,code,7,8,1,8,previous_window,1033,8,0.4154162633107454,0.0,1.0,2.4072240023303233,0.001816860465116279,0.9974590869939709
prefill,code,7,8,1,8,static,1033,8,0.40646176185866406,0.0,1.0,2.4602560285799346,0.0,1.0
prefill,code,7,8,1,8,transition,1033,8,0.6662633107454018,0.02516940948693127,1.0,1.5009081002542681,0.391593992248062,0.48352913236634204
prefill,code,7,8,1,16,domain_oracle,1033,8,0.6299612778315585,0.08422071636011616,2.0,3.17479830964272,0.0,1.0
prefill,code,7,8,1,16,previous_window,1033,8,0.6102371732817038,0.08325266214908035,2.0,3.27741423755701,0.0008478682170542636,0.9985894779508431
prefill,code,7,8,1,16,static,1033,8,0.5537270087124879,0.001936108422071636,2.0,3.611888111888112,0.0,1.0
prefill,code,7,8,1,16,transition,1033,8,0.8408760890609874,0.3204259438528558,2.0,2.378471722550007,0.319343507751938,0.5631717280577635
prefill,code,7,8,1,32,domain_oracle,1033,8,0.8371248789932236,0.4181994191674734,4.0,4.778259612604799,0.0,1.0
prefill,code,7,8,1,32,previous_window,1033,8,0.8160696999031946,0.34172313649564373,4.0,4.901542111506524,0.0009992732558139535,0.9983531832369044
prefill,code,7,8,1,32,static,1033,8,0.7744433688286544,0.17231364956437561,4.0,5.165,0.0,1.0
prefill,code,7,8,1,32,transition,1033,8,0.9641819941916747,0.782187802516941,4.0,4.14859437751004,0.22335271317829458,0.6541330055223777
prefill,code,7,9,2,8,domain_oracle,1033,8,0.45401742497579867,0.0,1.0,2.2025586353944564,0.0,1.0
prefill,code,7,9,2,8,previous_window,1033,8,0.4489351403678606,0.0,1.0,2.2274932614555256,0.0012112403100775194,0.9980933364654297
prefill,code,7,9,2,8,static,1033,8,0.4220716360116166,0.0,1.0,2.3692660550458715,0.0,1.0
prefill,code,7,9,2,8,transition,1033,8,0.6427879961277831,0.002904162633107454,1.0,1.555722891566265,0.37245639534883723,0.5088485158252606
prefill,code,7,9,2,16,domain_oracle,1033,8,0.6317763794772507,0.19651500484027107,2.0,3.1656770733575943,0.0,1.0
prefill,code,7,9,2,16,previous_window,1033,8,0.611326234269119,0.12197483059051308,2.0,3.271575613618369,0.0011506782945736435,0.9981436148510813
prefill,code,7,9,2,16,static,1033,8,0.5962003872216844,0.03388189738625363,2.0,3.354576821595291,0.0,1.0
prefill,code,7,9,2,16,transition,1033,8,0.8757260406582769,0.46563407550822844,2.0,2.28381926212519,0.3411458333333333,0.5484416943503904
prefill,code,7,9,2,32,domain_oracle,1033,8,0.8357938044530494,0.409486931268151,4.0,4.785869407847112,0.0,1.0
prefill,code,7,9,2,32,previous_window,1033,8,0.8015488867376573,0.30009680542110356,4.0,4.990338164251208,0.0011203972868217055,0.9981965546780098
prefill,code,7,9,2,32,static,1033,8,0.7856969990319458,0.23233301064859632,4.0,5.091021099645772,0.0,1.0
prefill,code,7,9,2,32,transition,1033,8,0.9713213939980639,0.8334946757018393,4.0,4.118101407748847,0.26062863372093026,0.6102425436191307
prefill,code,7,10,3,8,domain_oracle,1033,8,0.3737899322362052,0.0,1.0,2.675299449660084,0.0,1.0
prefill,code,7,10,3,8,previous_window,1033,8,0.369675701839303,0.0,1.0,2.705073649754501,0.0012112403100775194,0.9981246574269831
prefill,code,7,10,3,8,static,1033,8,0.3278073572120039,0.0,1.0,3.0505721668512367,0.0,1.0
prefill,code,7,10,3,8,transition,1033,8,0.629840271055179,0.021297192642787996,1.0,1.587704130643612,0.42102713178294576,0.469483832274531
prefill,code,7,10,3,16,domain_oracle,1033,8,0.5833736689254598,0.12584704743465633,2.0,3.4283343704625597,0.0,1.0
prefill,code,7,10,3,16,previous_window,1033,8,0.5642545982575025,0.09486931268151017,2.0,3.5444992494102507,0.0009084302325581395,0.998498812009504
prefill,code,7,10,3,16,static,1033,8,0.51851403678606,0.006776379477250726,2.0,3.8571761960326723,0.0,1.0
prefill,code,7,10,3,16,transition,1033,8,0.8347047434656341,0.3969022265246854,2.0,2.396056828066106,0.35646802325581395,0.5294552492577383
prefill,code,7,10,3,32,domain_oracle,1033,8,0.7918683446272992,0.3688286544046467,4.0,5.0513447432762835,0.0,1.0
prefill,code,7,10,3,32,previous_window,1033,8,0.7629477250726041,0.2681510164569216,4.0,5.242823156225218,0.0012112403100775194,0.9980676945793224
prefill,code,7,10,3,32,static,1033,8,0.7143030009680542,0.09293320425943853,4.0,5.599864475690327,0.0,1.0
prefill,code,7,10,3,32,transition,1033,8,0.9456679574056147,0.7153920619554696,4.0,4.229814459373,0.2624454941860465,0.6092632859455015
prefill,code,7,11,4,8,domain_oracle,1033,8,0.4938286544046467,0.0,1.0,2.024993874050478,0.0,1.0
prefill,code,7,11,4,8,previous_window,1033,8,0.4826960309777348,0.0,1.0,2.071697167209827,0.0010901162790697674,0.998265601753974
prefill,code,7,11,4,8,static,1033,8,0.4365924491771539,0.0,1.0,2.2904656319290466,0.0,1.0
prefill,code,7,11,4,8,transition,1033,8,0.6564617618586641,0.03291384317521781,1.0,1.5233179723502304,0.31589147286821706,0.5724019305414676
prefill,code,7,11,4,16,domain_oracle,1033,8,0.6690464666021297,0.17037754114230397,2.0,2.989328992584554,0.0,1.0
prefill,code,7,11,4,16,previous_window,1033,8,0.6456921587608906,0.09486931268151017,2.0,3.0974512743628186,0.0011506782945736435,0.9981436148510813
prefill,code,7,11,4,16,static,1033,8,0.5865198451113263,0.001936108422071636,2.0,3.4099442954404786,0.0,1.0
prefill,code,7,11,4,16,transition,1033,8,0.8526137463697967,0.3910939012584705,2.0,2.345728072665342,0.29772286821705424,0.5778057019221885
prefill,code,7,11,4,32,domain_oracle,1033,8,0.8570909970958374,0.43272023233301066,4.0,4.6669490328956655,0.0,1.0
prefill,code,7,11,4,32,previous_window,1033,8,0.8295014520813165,0.36302032913843174,4.0,4.82217359591539,0.0010901162790697674,0.9982544428688861
prefill,code,7,11,4,32,static,1033,8,0.8148596321393998,0.29235237173281703,4.0,4.908820908820909,0.0,1.0
prefill,code,7,11,4,32,transition,1033,8,0.9610358180058083,0.7996127783155856,4.0,4.16217577436414,0.24621487403100775,0.6244525477702447
prefill,code,7,12,5,8,domain_oracle,1033,8,0.46466602129719264,0.0,1.0,2.152083333333333,0.0,1.0
prefill,code,7,12,5,8,previous_window,1033,8,0.4563165537270087,0.0,1.0,2.1914611508883586,0.0008478682170542636,0.998578811369509
prefill,code,7,12,5,8,static,1033,8,0.3367618586640852,0.0,1.0,2.9694574200503054,0.0,1.0
prefill,code,7,12,5,8,transition,1033,8,0.6315343659244917,0.03969022265246854,1.0,1.5834451044261353,0.357921511627907,0.5238126645103404
prefill,code,7,12,5,16,domain_oracle,1033,8,0.672918683446273,0.24104549854791868,2.0,2.9721273152310737,0.0,1.0
prefill,code,7,12,5,16,previous_window,1033,8,0.6616650532429816,0.1829622458857696,2.0,3.0226773957571322,0.0005450581395348837,0.999046007631939
prefill,code,7,12,5,16,static,1033,8,0.5675217812197483,0.04259438528557599,2.0,3.52409381663113,0.0,1.0
prefill,code,7,12,5,16,transition,1033,8,0.8163117134559535,0.3814133591481123,2.0,2.4500444707975095,0.28185562015503873,0.601868849992965
prefill,code,7,12,5,32,domain_oracle,1033,8,0.8426911907066795,0.42013552758954503,4.0,4.746697300402068,0.0,1.0
prefill,code,7,12,5,32,previous_window,1033,8,0.8330106485963213,0.40658276863504356,4.0,4.801859384079024,0.0011203972868217055,0.9981954939727276
prefill,code,7,12,5,32,static,1033,8,0.8033639883833494,0.3659244917715392,4.0,4.979063111914445,0.0,1.0
prefill,code,7,12,5,32,transition,1033,8,0.9341723136495643,0.7037754114230397,4.0,4.281865284974093,0.23049903100775193,0.6415390277037367
prefill,code,7,13,6,8,domain_oracle,1033,8,0.5469506292352372,0.0,1.0,1.8283185840707965,0.0,1.0
prefill,code,7,13,6,8,previous_window,1033,8,0.539811229428848,0.0,1.0,1.8524994395875365,0.0007267441860465116,0.9987941429801896
prefill,code,7,13,6,8,static,1033,8,0.45099225556631173,0.0,1.0,2.217332975583579,0.0,1.0
prefill,code,7,13,6,8,transition,1033,8,0.6103581800580833,0.001936108422071636,1.0,1.6383822363203806,0.28161337209302323,0.6061304974095717
prefill,code,7,13,6,16,domain_oracle,1033,8,0.707405614714424,0.1665053242981607,2.0,2.827232295586726,0.0,1.0
prefill,code,7,13,6,16,previous_window,1033,8,0.6933688286544046,0.10939012584704744,2.0,2.8844677137870853,0.0013323643410852713,0.9979221309086671
prefill,code,7,13,6,16,static,1033,8,0.6931268151016456,0.11035818005808325,2.0,2.8854748603351954,0.0,1.0
prefill,code,7,13,6,16,transition,1033,8,0.8186108422071636,0.32720232333010646,2.0,2.4431633407243165,0.21747819767441862,0.6703194779146262
prefill,code,7,13,6,32,domain_oracle,1033,8,0.8797192642787997,0.49564375605033884,4.0,4.546905089408528,0.0,1.0
prefill,code,7,13,6,32,previous_window,1033,8,0.8621732817037754,0.44724104549854793,4.0,4.639438596491228,0.0010295542635658916,0.9983087527419856
prefill,code,7,13,6,32,static,1033,8,0.7878751210067764,0.24782187802516942,4.0,5.076946705575181,0.0,1.0
prefill,code,7,13,6,32,transition,1033,8,0.9426427879961278,0.7521781219748306,4.0,4.243388960205391,0.23591933139534885,0.6355066509227838
prefill,code,7,14,7,8,domain_oracle,1033,8,0.481243949661181,0.0,1.0,2.077948202162434,0.0,1.0
prefill,code,7,14,7,8,previous_window,1033,8,0.47204743465634075,0.0,1.0,2.1184311714944886,0.0010901162790697674,0.9982342807924205
prefill,code,7,14,7,8,static,1033,8,0.41674733785091966,0.0,1.0,2.3995354239256677,0.0,1.0
prefill,code,7,14,7,8,transition,1033,8,0.6320183930300097,0.02420135527589545,1.0,1.5822324334673559,0.3213420542635659,0.568859263045312
prefill,code,7,14,7,16,domain_oracle,1033,8,0.6731606969990319,0.16263310745401743,2.0,2.9710587812331477,0.0,1.0
prefill,code,7,14,7,16,previous_window,1033,8,0.6565827686350436,0.12003872216844143,2.0,3.0460744563214153,0.0009084302325581395,0.9985324879305727
prefill,code,7,14,7,16,static,1033,8,0.5567521781219749,0.0,2.0,3.5922625516192133,0.0,1.0
prefill,code,7,14,7,16,transition,1033,8,0.8148596321393998,0.33978702807357214,2.0,2.4544104544104544,0.29820736434108525,0.5853884009476747
prefill,code,7,14,7,32,domain_oracle,1033,8,0.8631413359148112,0.41142303969022265,4.0,4.6342352446376,0.0,1.0
prefill,code,7,14,7,32,previous_window,1033,8,0.8399080348499516,0.37947725072604066,4.0,4.762426163377035,0.0010295542635658916,0.9983153689052723
prefill,code,7,14,7,32,static,1033,8,0.7751694094869312,0.25943852855759925,4.0,5.160162347798939,0.0,1.0
prefill,code,7,14,7,32,transition,1033,8,0.9330832526621491,0.68054211035818,4.0,4.286862923096875,0.24600290697674418,0.6240551828755172
prefill,code,7,15,8,8,domain_oracle,1033,8,0.5008470474346564,0.0,1.0,1.9966175404687123,0.0,1.0
prefill,code,7,15,8,8,previous_window,1033,8,0.49322362052274926,0.000968054211035818,1.0,2.02747791952895,0.0010901162790697674,0.9982969227155276
prefill,code,7,15,8,8,static,1033,8,0.43284123910939015,0.0,1.0,2.310315907184792,0.0,1.0
prefill,code,7,15,8,8,transition,1033,8,0.6131413359148112,0.05033881897386254,1.0,1.6309453325439116,0.2762839147286822,0.609042636949618
prefill,code,7,15,8,16,domain_oracle,1033,8,0.6780009680542111,0.1936108422071636,2.0,2.949848295555952,0.0,1.0
prefill,code,7,15,8,16,previous_window,1033,8,0.6508954501452081,0.14327202323330107,2.0,3.0726900910949992,0.0012112403100775194,0.9980943961972113
prefill,code,7,15,8,16,static,1033,8,0.5703049370764763,0.021297192642787996,2.0,3.506895820072141,0.0,1.0
prefill,code,7,15,8,16,transition,1033,8,0.8034849951597289,0.3339787028073572,2.0,2.4891566265060243,0.2794937015503876,0.5977129858356536
prefill,code,7,15,8,32,domain_oracle,1033,8,0.8655614714424008,0.4927395934172314,4.0,4.621277785544526,0.0,1.0
prefill,code,7,15,8,32,previous_window,1033,8,0.8391819941916747,0.4075508228460794,4.0,4.766546503244412,0.0011809593023255813,0.9981077397159435
prefill,code,7,15,8,32,static,1033,8,0.7895692158760891,0.31364956437560504,4.0,5.066053639846744,0.0,1.0
prefill,code,7,15,8,32,transition,1033,8,0.9339303000968054,0.6960309777347532,4.0,4.282974863954393,0.22341327519379844,0.6512590312275756
prefill,code,8,9,1,8,domain_oracle,1033,8,0.45401742497579867,0.0,1.0,2.2025586353944564,0.0,1.0
prefill,code,8,9,1,8,previous_window,1033,8,0.4489351403678606,0.0,1.0,2.2274932614555256,0.0012112403100775194,0.9980933364654297
prefill,code,8,9,1,8,static,1033,8,0.4220716360116166,0.0,1.0,2.3692660550458715,0.0,1.0
prefill,code,8,9,1,8,transition,1033,8,0.6782429816069699,0.016456921587608905,1.0,1.4743978590544158,0.4015261627906977,0.47803871408522663
prefill,code,8,9,1,16,domain_oracle,1033,8,0.6317763794772507,0.19651500484027107,2.0,3.1656770733575943,0.0,1.0
prefill,code,8,9,1,16,previous_window,1033,8,0.611326234269119,0.12197483059051308,2.0,3.271575613618369,0.0011506782945736435,0.9981436148510813
prefill,code,8,9,1,16,static,1033,8,0.5962003872216844,0.03388189738625363,2.0,3.354576821595291,0.0,1.0
prefill,code,8,9,1,16,transition,1033,8,0.9036786060019361,0.5179090029041626,2.0,2.213176218532405,0.3799660852713178,0.4971824747796504
prefill,code,8,9,1,32,domain_oracle,1033,8,0.8357938044530494,0.409486931268151,4.0,4.785869407847112,0.0,1.0
prefill,code,8,9,1,32,previous_window,1033,8,0.8015488867376573,0.30009680542110356,4.0,4.990338164251208,0.0011203972868217055,0.9981965546780098
prefill,code,8,9,1,32,static,1033,8,0.7856969990319458,0.23233301064859632,4.0,5.091021099645772,0.0,1.0
prefill,code,8,9,1,32,transition,1033,8,0.9829380445304937,0.8906098741529526,4.0,4.069432475686323,0.28455062984496127,0.582009416001628
prefill,code,8,10,2,8,domain_oracle,1033,8,0.3737899322362052,0.0,1.0,2.675299449660084,0.0,1.0
prefill,code,8,10,2,8,previous_window,1033,8,0.369675701839303,0.0,1.0,2.705073649754501,0.0012112403100775194,0.9981246574269831
prefill,code,8,10,2,8,static,1033,8,0.3278073572120039,0.0,1.0,3.0505721668512367,0.0,1.0
prefill,code,8,10,2,8,transition,1033,8,0.6636011616650532,0.011616650532429816,1.0,1.5069292487235595,0.42914244186046513,0.4680532000299432
prefill,code,8,10,2,16,domain_oracle,1033,8,0.5833736689254598,0.12584704743465633,2.0,3.4283343704625597,0.0,1.0
prefill,code,8,10,2,16,previous_window,1033,8,0.5642545982575025,0.09486931268151017,2.0,3.5444992494102507,0.0009084302325581395,0.998498812009504
prefill,code,8,10,2,16,static,1033,8,0.51851403678606,0.006776379477250726,2.0,3.8571761960326723,0.0,1.0
prefill,code,8,10,2,16,transition,1033,8,0.8650774443368828,0.42400774443368827,2.0,2.311931738704714,0.4040092054263566,0.4720695757369622
prefill,code,8,10,2,32,domain_oracle,1033,8,0.7918683446272992,0.3688286544046467,4.0,5.0513447432762835,0.0,1.0
prefill,code,8,10,2,32,previous_window,1033,8,0.7629477250726041,0.2681510164569216,4.0,5.242823156225218,0.0012112403100775194,0.9980676945793224
prefill,code,8,10,2,32,static,1033,8,0.7143030009680542,0.09293320425943853,4.0,5.599864475690327,0.0,1.0
prefill,code,8,10,2,32,transition,1033,8,0.9564375605033882,0.7541142303969022,4.0,4.182186234817814,0.27776768410852715,0.5891633790083867
prefill,code,8,11,3,8,domain_oracle,1033,8,0.4938286544046467,0.0,1.0,2.024993874050478,0.0,1.0
prefill,code,8,11,3,8,previous_window,1033,8,0.4826960309777348,0.0,1.0,2.071697167209827,0.0010901162790697674,0.998265601753974
prefill,code,8,11,3,8,static,1033,8,0.4365924491771539,0.0,1.0,2.2904656319290466,0.0,1.0
prefill,code,8,11,3,8,transition,1033,8,0.6881655372700871,0.03388189738625363,1.0,1.453138737471426,0.3324854651162791,0.561208644929577
prefill,code,8,11,3,16,domain_oracle,1033,8,0.6690464666021297,0.17037754114230397,2.0,2.989328992584554,0.0,1.0
prefill,code,8,11,3,16,previous_window,1033,8,0.6456921587608906,0.09486931268151017,2.0,3.0974512743628186,0.0011506782945736435,0.9981436148510813
prefill,code,8,11,3,16,static,1033,8,0.5865198451113263,0.001936108422071636,2.0,3.4099442954404786,0.0,1.0
prefill,code,8,11,3,16,transition,1033,8,0.8771781219748306,0.44336882865440463,2.0,2.2800386260173817,0.3314559108527132,0.5376235523690415
prefill,code,8,11,3,32,domain_oracle,1033,8,0.8570909970958374,0.43272023233301066,4.0,4.6669490328956655,0.0,1.0
prefill,code,8,11,3,32,previous_window,1033,8,0.8295014520813165,0.36302032913843174,4.0,4.82217359591539,0.0010901162790697674,0.9982544428688861
prefill,code,8,11,3,32,static,1033,8,0.8148596321393998,0.29235237173281703,4.0,4.908820908820909,0.0,1.0
prefill,code,8,11,3,32,transition,1033,8,0.9630929332042595,0.7938044530493708,4.0,4.153285588641789,0.26096172480620156,0.6044805680442167
prefill,code,8,12,4,8,domain_oracle,1033,8,0.46466602129719264,0.0,1.0,2.152083333333333,0.0,1.0
prefill,code,8,12,4,8,previous_window,1033,8,0.4563165537270087,0.0,1.0,2.1914611508883586,0.0008478682170542636,0.998578811369509
prefill,code,8,12,4,8,static,1033,8,0.3367618586640852,0.0,1.0,2.9694574200503054,0.0,1.0
prefill,code,8,12,4,8,transition,1033,8,0.6610600193610843,0.06292352371732816,1.0,1.5127219476478126,0.3553779069767442,0.5321923124248714
prefill,code,8,12,4,16,domain_oracle,1033,8,0.672918683446273,0.24104549854791868,2.0,2.9721273152310737,0.0,1.0
prefill,code,8,12,4,16,previous_window,1033,8,0.6616650532429816,0.1829622458857696,2.0,3.0226773957571322,0.0005450581395348837,0.999046007631939
prefill,code,8,12,4,16,static,1033,8,0.5675217812197483,0.04259438528557599,2.0,3.52409381663113,0.0,1.0
prefill,code,8,12,4,16,transition,1033,8,0.8345837366892546,0.3639883833494676,2.0,2.396404233724808,0.31789001937984496,0.5568080789205561
prefill,code,8,12,4,32,domain_oracle,1033,8,0.8426911907066795,0.42013552758954503,4.0,4.746697300402068,0.0,1.0
prefill,code,8,12,4,32,previous_window,1033,8,0.8330106485963213,0.40658276863504356,4.0,4.801859384079024,0.0011203972868217055,0.9981954939727276
prefill,code,8,12,4,32,static,1033,8,0.8033639883833494,0.3659244917715392,4.0,4.979063111914445,0.0,1.0
prefill,code,8,12,4,32,transition,1033,8,0.94905614714424,0.7424975798644724,4.0,4.214713757490756,0.25157461240310075,0.6132987020772604
prefill,code,8,13,5,8,domain_oracle,1033,8,0.5469506292352372,0.0,1.0,1.8283185840707965,0.0,1.0
prefill,code,8,13,5,8,previous_window,1033,8,0.539811229428848,0.0,1.0,1.8524994395875365,0.0007267441860465116,0.9987941429801896
prefill,code,8,13,5,8,static,1033,8,0.45099225556631173,0.0,1.0,2.217332975583579,0.0,1.0
prefill,code,8,13,5,8,transition,1033,8,0.6341965150048403,0.010648596321393998,1.0,1.57679832093112,0.30862403100775193,0.5730222834874024
prefill,code,8,13,5,16,domain_oracle,1033,8,0.707405614714424,0.1665053242981607,2.0,2.827232295586726,0.0,1.0
prefill,code,8,13,5,16,previous_window,1033,8,0.6933688286544046,0.10939012584704744,2.0,2.8844677137870853,0.0013323643410852713,0.9979221309086671
prefill,code,8,13,5,16,static,1033,8,0.6931268151016456,0.11035818005808325,2.0,2.8854748603351954,0.0,1.0
prefill,code,8,13,5,16,transition,1033,8,0.8443852855759922,0.3688286544046467,2.0,2.3685869876755516,0.26035610465116277,0.6100278950332755
prefill,code,8,13,5,32,domain_oracle,1033,8,0.8797192642787997,0.49564375605033884,4.0,4.546905089408528,0.0,1.0
prefill,code,8,13,5,32,previous_window,1033,8,0.8621732817037754,0.44724104549854793,4.0,4.639438596491228,0.0010295542635658916,0.9983087527419856
prefill,code,8,13,5,32,static,1033,8,0.7878751210067764,0.24782187802516942,4.0,5.076946705575181,0.0,1.0
prefill,code,8,13,5,32,transition,1033,8,0.9552274927395934,0.7831558567279767,4.0,4.187484165188751,0.23873546511627908,0.6313420533843868
prefill,code,8,14,6,8,domain_oracle,1033,8,0.481243949661181,0.0,1.0,2.077948202162434,0.0,1.0
prefill,code,8,14,6,8,previous_window,1033,8,0.47204743465634075,0.0,1.0,2.1184311714944886,0.0010901162790697674,0.9982342807924205
prefill,code,8,14,6,8,static,1033,8,0.41674733785091966,0.0,1.0,2.3995354239256677,0.0,1.0
prefill,code,8,14,6,8,transition,1033,8,0.6505324298160697,0.028073572120038724,1.0,1.537202380952381,0.34411337209302323,0.5377323795928456
prefill,code,8,14,6,16,domain_oracle,1033,8,0.6731606969990319,0.16263310745401743,2.0,2.9710587812331477,0.0,1.0
prefill,code,8,14,6,16,previous_window,1033,8,0.6565827686350436,0.12003872216844143,2.0,3.0460744563214153,0.0009084302325581395,0.9985324879305727
prefill,code,8,14,6,16,static,1033,8,0.5567521781219749,0.0,2.0,3.5922625516192133,0.0,1.0
prefill,code,8,14,6,16,transition,1033,8,0.8425701839303001,0.398838334946757,2.0,2.373689501651587,0.3404796511627907,0.5280309685965333
prefill,code,8,14,6,32,domain_oracle,1033,8,0.8631413359148112,0.41142303969022265,4.0,4.6342352446376,0.0,1.0
prefill,code,8,14,6,32,previous_window,1033,8,0.8399080348499516,0.37947725072604066,4.0,4.762426163377035,0.0010295542635658916,0.9983153689052723
prefill,code,8,14,6,32,static,1033,8,0.7751694094869312,0.25943852855759925,4.0,5.160162347798939,0.0,1.0
prefill,code,8,14,6,32,transition,1033,8,0.9471200387221684,0.7192642787996127,4.0,4.2233295004471705,0.2485767926356589,0.6179883391083092
prefill,code,8,15,7,8,domain_oracle,1033,8,0.5008470474346564,0.0,1.0,1.9966175404687123,0.0,1.0
prefill,code,8,15,7,8,previous_window,1033,8,0.49322362052274926,0.000968054211035818,1.0,2.02747791952895,0.0010901162790697674,0.9982969227155276
prefill,code,8,15,7,8,static,1033,8,0.43284123910939015,0.0,1.0,2.310315907184792,0.0,1.0
prefill,code,8,15,7,8,transition,1033,8,0.6334704743465635,0.08325266214908035,1.0,1.5786055396370582,0.2917877906976744,0.5943468676026851
prefill,code,8,15,7,16,domain_oracle,1033,8,0.6780009680542111,0.1936108422071636,2.0,2.949848295555952,0.0,1.0
prefill,code,8,15,7,16,previous_window,1033,8,0.6508954501452081,0.14327202323330107,2.0,3.0726900910949992,0.0012112403100775194,0.9980943961972113
prefill,code,8,15,7,16,static,1033,8,0.5703049370764763,0.021297192642787996,2.0,3.506895820072141,0.0,1.0
prefill,code,8,15,7,16,transition,1033,8,0.8221200387221684,0.35721200387221685,2.0,2.4327347659699736,0.29172722868217055,0.5789758635810154
prefill,code,8,15,7,32,domain_oracle,1033,8,0.8655614714424008,0.4927395934172314,4.0,4.621277785544526,0.0,1.0
prefill,code,8,15,7,32,previous_window,1033,8,0.8391819941916747,0.4075508228460794,4.0,4.766546503244412,0.0011809593023255813,0.9981077397159435
prefill,code,8,15,7,32,static,1033,8,0.7895692158760891,0.31364956437560504,4.0,5.066053639846744,0.0,1.0
prefill,code,8,15,7,32,transition,1033,8,0.936350435624395,0.68054211035818,4.0,4.2719048849832,0.22535125968992248,0.6481330586928918
prefill,code,9,10,1,8,domain_oracle,1033,8,0.3737899322362052,0.0,1.0,2.675299449660084,0.0,1.0
prefill,code,9,10,1,8,previous_window,1033,8,0.369675701839303,0.0,1.0,2.705073649754501,0.0012112403100775194,0.9981246574269831
prefill,code,9,10,1,8,static,1033,8,0.3278073572120039,0.0,1.0,3.0505721668512367,0.0,1.0
prefill,code,9,10,1,8,transition,1033,8,0.6847773475314618,0.031945788964181994,1.0,1.460328679978795,0.4325339147286822,0.4716721693465875
prefill,code,9,10,1,16,domain_oracle,1033,8,0.5833736689254598,0.12584704743465633,2.0,3.4283343704625597,0.0,1.0
prefill,code,9,10,1,16,previous_window,1033,8,0.5642545982575025,0.09486931268151017,2.0,3.5444992494102507,0.0009084302325581395,0.998498812009504
prefill,code,9,10,1,16,static,1033,8,0.51851403678606,0.006776379477250726,2.0,3.8571761960326723,0.0,1.0
prefill,code,9,10,1,16,transition,1033,8,0.8843175217812197,0.4782187802516941,2.0,2.261631089217296,0.3981952519379845,0.4831333823001918
prefill,code,9,10,1,32,domain_oracle,1033,8,0.7918683446272992,0.3688286544046467,4.0,5.0513447432762835,0.0,1.0
prefill,code,9,10,1,32,previous_window,1033,8,0.7629477250726041,0.2681510164569216,4.0,5.242823156225218,0.0012112403100775194,0.9980676945793224
prefill,code,9,10,1,32,static,1033,8,0.7143030009680542,0.09293320425943853,4.0,5.599864475690327,0.0,1.0
prefill,code,9,10,1,32,transition,1033,8,0.9698693126815101,0.8102613746369797,4.0,4.12426699937617,0.2694404069767442,0.5987840910482028
prefill,code,9,11,2,8,domain_oracle,1033,8,0.4938286544046467,0.0,1.0,2.024993874050478,0.0,1.0
prefill,code,9,11,2,8,previous_window,1033,8,0.4826960309777348,0.0,1.0,2.071697167209827,0.0010901162790697674,0.998265601753974
prefill,code,9,11,2,8,static,1033,8,0.4365924491771539,0.0,1.0,2.2904656319290466,0.0,1.0
prefill,code,9,11,2,8,transition,1033,8,0.7007502420135527,0.03969022265246854,1.0,1.4270419616646521,0.3485949612403101,0.5422741126229522
prefill,code,9,11,2,16,domain_oracle,1033,8,0.6690464666021297,0.17037754114230397,2.0,2.989328992584554,0.0,1.0
prefill,code,9,11,2,16,previous_window,1033,8,0.6456921587608906,0.09486931268151017,2.0,3.0974512743628186,0.0011506782945736435,0.9981436148510813
prefill,code,9,11,2,16,static,1033,8,0.5865198451113263,0.001936108422071636,2.0,3.4099442954404786,0.0,1.0
prefill,code,9,11,2,16,transition,1033,8,0.8912149080348499,0.49564375605033884,2.0,2.2441276306856754,0.3273982558139535,0.5451382128749159
prefill,code,9,11,2,32,domain_oracle,1033,8,0.8570909970958374,0.43272023233301066,4.0,4.6669490328956655,0.0,1.0
prefill,code,9,11,2,32,previous_window,1033,8,0.8295014520813165,0.36302032913843174,4.0,4.82217359591539,0.0010901162790697674,0.9982544428688861
prefill,code,9,11,2,32,static,1033,8,0.8148596321393998,0.29235237173281703,4.0,4.908820908820909,0.0,1.0
prefill,code,9,11,2,32,transition,1033,8,0.9709583736689255,0.8160696999031946,4.0,4.119641076769691,0.2602955426356589,0.6065317724525284
prefill,code,9,12,3,8,domain_oracle,1033,8,0.46466602129719264,0.0,1.0,2.152083333333333,0.0,1.0
prefill,code,9,12,3,8,previous_window,1033,8,0.4563165537270087,0.0,1.0,2.1914611508883586,0.0008478682170542636,0.998578811369509
prefill,code,9,12,3,8,static,1033,8,0.3367618586640852,0.0,1.0,2.9694574200503054,0.0,1.0
prefill,code,9,12,3,8,transition,1033,8,0.6598499515972894,0.04549854791868345,1.0,1.5154960572162113,0.35876937984496127,0.5294684428405368
prefill,code,9,12,3,16,domain_oracle,1033,8,0.672918683446273,0.24104549854791868,2.0,2.9721273152310737,0.0,1.0
prefill,code,9,12,3,16,previous_window,1033,8,0.6616650532429816,0.1829622458857696,2.0,3.0226773957571322,0.0005450581395348837,0.999046007631939
prefill,code,9,12,3,16,static,1033,8,0.5675217812197483,0.04259438528557599,2.0,3.52409381663113,0.0,1.0
prefill,code,9,12,3,16,transition,1033,8,0.8549128751210068,0.4259438528557599,2.0,2.3394196744515217,0.3215843023255814,0.5585193264697529
prefill,code,9,12,3,32,domain_oracle,1033,8,0.8426911907066795,0.42013552758954503,4.0,4.746697300402068,0.0,1.0
prefill,code,9,12,3,32,previous_window,1033,8,0.8330106485963213,0.40658276863504356,4.0,4.801859384079024,0.0011203972868217055,0.9981954939727276
prefill,code,9,12,3,32,static,1033,8,0.8033639883833494,0.3659244917715392,4.0,4.979063111914445,0.0,1.0
prefill,code,9,12,3,32,transition,1033,8,0.957405614714424,0.7879961277831559,4.0,4.177957532861476,0.2508175872093023,0.6158669557163652
prefill,code,9,13,4,8,domain_oracle,1033,8,0.5469506292352372,0.0,1.0,1.8283185840707965,0.0,1.0
prefill,code,9,13,4,8,previous_window,1033,8,0.539811229428848,0.0,1.0,1.8524994395875365,0.0007267441860465116,0.9987941429801896
prefill,code,9,13,4,8,static,1033,8,0.45099225556631173,0.0,1.0,2.217332975583579,0.0,1.0
prefill,code,9,13,4,8,transition,1033,8,0.6423039690222653,0.008712487899322363,1.0,1.5568952524491333,0.3399951550387597,0.5449975519742983
prefill,code,9,13,4,16,domain_oracle,1033,8,0.707405614714424,0.1665053242981607,2.0,2.827232295586726,0.0,1.0
prefill,code,9,13,4,16,previous_window,1033,8,0.6933688286544046,0.10939012584704744,2.0,2.8844677137870853,0.0013323643410852713,0.9979221309086671
prefill,code,9,13,4,16,static,1033,8,0.6931268151016456,0.11035818005808325,2.0,2.8854748603351954,0.0,1.0
prefill,code,9,13,4,16,transition,1033,8,0.8530977734753146,0.39303000968054214,2.0,2.3443971631205676,0.2734375,0.600870026744962
prefill,code,9,13,4,32,domain_oracle,1033,8,0.8797192642787997,0.49564375605033884,4.0,4.546905089408528,0.0,1.0
prefill,code,9,13,4,32,previous_window,1033,8,0.8621732817037754,0.44724104549854793,4.0,4.639438596491228,0.0010295542635658916,0.9983087527419856
prefill,code,9,13,4,32,static,1033,8,0.7878751210067764,0.24782187802516942,4.0,5.076946705575181,0.0,1.0
prefill,code,9,13,4,32,transition,1033,8,0.960188770571152,0.7996127783155856,4.0,4.165847511027095,0.24488250968992248,0.6240387360064474
prefill,code,9,14,5,8,domain_oracle,1033,8,0.481243949661181,0.0,1.0,2.077948202162434,0.0,1.0
prefill,code,9,14,5,8,previous_window,1033,8,0.47204743465634075,0.0,1.0,2.1184311714944886,0.0010901162790697674,0.9982342807924205
prefill,code,9,14,5,8,static,1033,8,0.41674733785091966,0.0,1.0,2.3995354239256677,0.0,1.0
prefill,code,9,14,5,8,transition,1033,8,0.6611810261374637,0.036786060019361085,1.0,1.5124450951683748,0.3747577519379845,0.5095439014043663
prefill,code,9,14,5,16,domain_oracle,1033,8,0.6731606969990319,0.16263310745401743,2.0,2.9710587812331477,0.0,1.0
prefill,code,9,14,5,16,previous_window,1033,8,0.6565827686350436,0.12003872216844143,2.0,3.0460744563214153,0.0009084302325581395,0.9985324879305727
prefill,code,9,14,5,16,static,1033,8,0.5567521781219749,0.0,2.0,3.5922625516192133,0.0,1.0
prefill,code,9,14,5,16,transition,1033,8,0.8495885769603098,0.42884801548886736,2.0,2.3540806152969664,0.33508963178294576,0.5438326392093839
prefill,code,9,14,5,32,domain_oracle,1033,8,0.8631413359148112,0.41142303969022265,4.0,4.6342352446376,0.0,1.0
prefill,code,9,14,5,32,previous_window,1033,8,0.8399080348499516,0.37947725072604066,4.0,4.762426163377035,0.0010295542635658916,0.9983153689052723
prefill,code,9,14,5,32,static,1033,8,0.7751694094869312,0.25943852855759925,4.0,5.160162347798939,0.0,1.0
prefill,code,9,14,5,32,transition,1033,8,0.9517182962245886,0.7424975798644724,4.0,4.202924348378894,0.25990188953488375,0.6073381416855584
prefill,code,9,15,6,8,domain_oracle,1033,8,0.5008470474346564,0.0,1.0,1.9966175404687123,0.0,1.0
prefill,code,9,15,6,8,previous_window,1033,8,0.49322362052274926,0.000968054211035818,1.0,2.02747791952895,0.0010901162790697674,0.9982969227155276
prefill,code,9,15,6,8,static,1033,8,0.43284123910939015,0.0,1.0,2.310315907184792,0.0,1.0
prefill,code,9,15,6,8,transition,1033,8,0.6401258470474347,0.061955469506292354,1.0,1.5621928166351606,0.31068313953488375,0.5785525628548913
prefill,code,9,15,6,16,domain_oracle,1033,8,0.6780009680542111,0.1936108422071636,2.0,2.949848295555952,0.0,1.0
prefill,code,9,15,6,16,previous_window,1033,8,0.6508954501452081,0.14327202323330107,2.0,3.0726900910949992,0.0012112403100775194,0.9980943961972113
prefill,code,9,15,6,16,static,1033,8,0.5703049370764763,0.021297192642787996,2.0,3.506895820072141,0.0,1.0
prefill,code,9,15,6,16,transition,1033,8,0.834946757018393,0.41045498547918685,2.0,2.3953623188405797,0.30698885658914726,0.5655458658998233
prefill,code,9,15,6,32,domain_oracle,1033,8,0.8655614714424008,0.4927395934172314,4.0,4.621277785544526,0.0,1.0
prefill,code,9,15,6,32,previous_window,1033,8,0.8391819941916747,0.4075508228460794,4.0,4.766546503244412,0.0011809593023255813,0.9981077397159435
prefill,code,9,15,6,32,static,1033,8,0.7895692158760891,0.31364956437560504,4.0,5.066053639846744,0.0,1.0
prefill,code,9,15,6,32,transition,1033,8,0.9424007744433688,0.7318489835430784,4.0,4.244478685156651,0.2386749031007752,0.631707366877505
prefill,code,10,11,1,8,domain_oracle,1033,8,0.4938286544046467,0.0,1.0,2.024993874050478,0.0,1.0
prefill,code,10,11,1,8,previous_window,1033,8,0.4826960309777348,0.0,1.0,2.071697167209827,0.0010901162790697674,0.998265601753974
prefill,code,10,11,1,8,static,1033,8,0.4365924491771539,0.0,1.0,2.2904656319290466,0.0,1.0
prefill,code,10,11,1,8,transition,1033,8,0.7063165537270087,0.041626331074540175,1.0,1.4157957855062533,0.3810562015503876,0.5145027022934007
prefill,code,10,11,1,16,domain_oracle,1033,8,0.6690464666021297,0.17037754114230397,2.0,2.989328992584554,0.0,1.0
prefill,code,10,11,1,16,previous_window,1033,8,0.6456921587608906,0.09486931268151017,2.0,3.0974512743628186,0.0011506782945736435,0.9981436148510813
prefill,code,10,11,1,16,static,1033,8,0.5865198451113263,0.001936108422071636,2.0,3.4099442954404786,0.0,1.0
prefill,code,10,11,1,16,transition,1033,8,0.9052516940948693,0.5382381413359149,2.0,2.2093303034353697,0.3708817829457364,0.49587643429392086
prefill,code,10,11,1,32,domain_oracle,1033,8,0.8570909970958374,0.43272023233301066,4.0,4.6669490328956655,0.0,1.0
prefill,code,10,11,1,32,previous_window,1033,8,0.8295014520813165,0.36302032913843174,4.0,4.82217359591539,0.0010901162790697674,0.9982544428688861
prefill,code,10,11,1,32,static,1033,8,0.8148596321393998,0.29235237173281703,4.0,4.908820908820909,0.0,1.0
prefill,code,10,11,1,32,transition,1033,8,0.9748305905130688,0.8576960309777347,4.0,4.1032770605759685,0.290515988372093,0.5736694790496478
prefill,code,10,12,2,8,domain_oracle,1033,8,0.46466602129719264,0.0,1.0,2.152083333333333,0.0,1.0
prefill,code,10,12,2,8,previous_window,1033,8,0.4563165537270087,0.0,1.0,2.1914611508883586,0.0008478682170542636,0.998578811369509
prefill,code,10,12,2,8,static,1033,8,0.3367618586640852,0.0,1.0,2.9694574200503054,0.0,1.0
prefill,code,10,12,2,8,transition,1033,8,0.6811471442400775,0.05227492739593417,1.0,1.4681115651092556,0.39195736434108525,0.4941272766854169
prefill,code,10,12,2,16,domain_oracle,1033,8,0.672918683446273,0.24104549854791868,2.0,2.9721273152310737,0.0,1.0
prefill,code,10,12,2,16,previous_window,1033,8,0.6616650532429816,0.1829622458857696,2.0,3.0226773957571322,0.0005450581395348837,0.999046007631939
prefill,code,10,12,2,16,static,1033,8,0.5675217812197483,0.04259438528557599,2.0,3.52409381663113,0.0,1.0
prefill,code,10,12,2,16,transition,1033,8,0.8782671829622459,0.441432720232333,2.0,2.2772113529898044,0.3558624031007752,0.5233160841626984
prefill,code,10,12,2,32,domain_oracle,1033,8,0.8426911907066795,0.42013552758954503,4.0,4.746697300402068,0.0,1.0
prefill,code,10,12,2,32,previous_window,1033,8,0.8330106485963213,0.40658276863504356,4.0,4.801859384079024,0.0011203972868217055,0.9981954939727276
prefill,code,10,12,2,32,static,1033,8,0.8033639883833494,0.3659244917715392,4.0,4.979063111914445,0.0,1.0
prefill,code,10,12,2,32,transition,1033,8,0.9685382381413359,0.8325266214908035,4.0,4.1299350324837585,0.2752240794573643,0.5910856751784527
prefill,code,10,13,3,8,domain_oracle,1033,8,0.5469506292352372,0.0,1.0,1.8283185840707965,0.0,1.0
prefill,code,10,13,3,8,previous_window,1033,8,0.539811229428848,0.0,1.0,1.8524994395875365,0.0007267441860465116,0.9987941429801896
prefill,code,10,13,3,8,static,1033,8,0.45099225556631173,0.0,1.0,2.217332975583579,0.0,1.0
prefill,code,10,13,3,8,transition,1033,8,0.6395208131655372,0.001936108422071636,1.0,1.5636707663197729,0.4032218992248062,0.4886385148013049
prefill,code,10,13,3,16,domain_oracle,1033,8,0.707405614714424,0.1665053242981607,2.0,2.827232295586726,0.0,1.0
prefill,code,10,13,3,16,previous_window,1033,8,0.6933688286544046,0.10939012584704744,2.0,2.8844677137870853,0.0013323643410852713,0.9979221309086671
prefill,code,10,13,3,16,static,1033,8,0.6931268151016456,0.11035818005808325,2.0,2.8854748603351954,0.0,1.0
prefill,code,10,13,3,16,transition,1033,8,0.8768151016456922,0.45014520813165537,2.0,2.280982611095777,0.33091085271317827,0.5375286555427379
prefill,code,10,13,3,32,domain_oracle,1033,8,0.8797192642787997,0.49564375605033884,4.0,4.546905089408528,0.0,1.0
prefill,code,10,13,3,32,previous_window,1033,8,0.8621732817037754,0.44724104549854793,4.0,4.639438596491228,0.0010295542635658916,0.9983087527419856
prefill,code,10,13,3,32,static,1033,8,0.7878751210067764,0.24782187802516942,4.0,5.076946705575181,0.0,1.0
prefill,code,10,13,3,32,transition,1033,8,0.9673281703775412,0.8422071636011617,4.0,4.135101325994496,0.2668968023255814,0.5988589918446708
prefill,code,10,14,4,8,domain_oracle,1033,8,0.481243949661181,0.0,1.0,2.077948202162434,0.0,1.0
prefill,code,10,14,4,8,previous_window,1033,8,0.47204743465634075,0.0,1.0,2.1184311714944886,0.0010901162790697674,0.9982342807924205
prefill,code,10,14,4,8,static,1033,8,0.41674733785091966,0.0,1.0,2.3995354239256677,0.0,1.0
prefill,code,10,14,4,8,transition,1033,8,0.6704985479186835,0.03969022265246854,1.0,1.4914275401552066,0.4500968992248062,0.4299956933677873
prefill,code,10,14,4,16,domain_oracle,1033,8,0.6731606969990319,0.16263310745401743,2.0,2.9710587812331477,0.0,1.0
prefill,code,10,14,4,16,previous_window,1033,8,0.6565827686350436,0.12003872216844143,2.0,3.0460744563214153,0.0009084302325581395,0.9985324879305727
prefill,code,10,14,4,16,static,1033,8,0.5567521781219749,0.0,2.0,3.5922625516192133,0.0,1.0
prefill,code,10,14,4,16,transition,1033,8,0.8691916747337851,0.4578896418199419,2.0,2.30098844493944,0.37445494186046513,0.5001583211167528
prefill,code,10,14,4,32,domain_oracle,1033,8,0.8631413359148112,0.41142303969022265,4.0,4.6342352446376,0.0,1.0
prefill,code,10,14,4,32,previous_window,1033,8,0.8399080348499516,0.37947725072604066,4.0,4.762426163377035,0.0010295542635658916,0.9983153689052723
prefill,code,10,14,4,32,static,1033,8,0.7751694094869312,0.25943852855759925,4.0,5.160162347798939,0.0,1.0
prefill,code,10,14,4,32,transition,1033,8,0.9628509196515005,0.8092933204259438,4.0,4.154329521176323,0.2839752906976744,0.5798921969174728
prefill,code,10,15,5,8,domain_oracle,1033,8,0.5008470474346564,0.0,1.0,1.9966175404687123,0.0,1.0
prefill,code,10,15,5,8,previous_window,1033,8,0.49322362052274926,0.000968054211035818,1.0,2.02747791952895,0.0010901162790697674,0.9982969227155276
prefill,code,10,15,5,8,static,1033,8,0.43284123910939015,0.0,1.0,2.310315907184792,0.0,1.0
prefill,code,10,15,5,8,transition,1033,8,0.6640851887705711,0.06292352371732816,1.0,1.5058309037900874,0.3863856589147287,0.49397516781237644
prefill,code,10,15,5,16,domain_oracle,1033,8,0.6780009680542111,0.1936108422071636,2.0,2.949848295555952,0.0,1.0
prefill,code,10,15,5,16,previous_window,1033,8,0.6508954501452081,0.14327202323330107,2.0,3.0726900910949992,0.0012112403100775194,0.9980943961972113
prefill,code,10,15,5,16,static,1033,8,0.5703049370764763,0.021297192642787996,2.0,3.506895820072141,0.0,1.0
prefill,code,10,15,5,16,transition,1033,8,0.8580590513068732,0.4317521781219748,2.0,2.330841912283176,0.3558018410852713,0.5132050684141272
prefill,code,10,15,5,32,domain_oracle,1033,8,0.8655614714424008,0.4927395934172314,4.0,4.621277785544526,0.0,1.0
prefill,code,10,15,5,32,previous_window,1033,8,0.8391819941916747,0.4075508228460794,4.0,4.766546503244412,0.0011809593023255813,0.9981077397159435
prefill,code,10,15,5,32,static,1033,8,0.7895692158760891,0.31364956437560504,4.0,5.066053639846744,0.0,1.0
prefill,code,10,15,5,32,transition,1033,8,0.9553484995159729,0.7831558567279767,4.0,4.186953768207727,0.2710755813953488,0.59335912634401
prefill,code,11,12,1,8,domain_oracle,1033,8,0.46466602129719264,0.0,1.0,2.152083333333333,0.0,1.0
prefill,code,11,12,1,8,previous_window,1033,8,0.4563165537270087,0.0,1.0,2.1914611508883586,0.0008478682170542636,0.998578811369509
prefill,code,11,12,1,8,static,1033,8,0.3367618586640852,0.0,1.0,2.9694574200503054,0.0,1.0
prefill,code,11,12,1,8,transition,1033,8,0.7007502420135527,0.0696999031945789,1.0,1.4270419616646521,0.3444767441860465,0.5487751266821048
prefill,code,11,12,1,16,domain_oracle,1033,8,0.672918683446273,0.24104549854791868,2.0,2.9721273152310737,0.0,1.0
prefill,code,11,12,1,16,previous_window,1033,8,0.6616650532429816,0.1829622458857696,2.0,3.0226773957571322,0.0005450581395348837,0.999046007631939
prefill,code,11,12,1,16,static,1033,8,0.5675217812197483,0.04259438528557599,2.0,3.52409381663113,0.0,1.0
prefill,code,11,12,1,16,transition,1033,8,0.8759680542110359,0.45014520813165537,2.0,2.283188285674817,0.3023255813953488,0.5699712497831658
prefill,code,11,12,1,32,domain_oracle,1033,8,0.8426911907066795,0.42013552758954503,4.0,4.746697300402068,0.0,1.0
prefill,code,11,12,1,32,previous_window,1033,8,0.8330106485963213,0.40658276863504356,4.0,4.801859384079024,0.0011203972868217055,0.9981954939727276
prefill,code,11,12,1,32,static,1033,8,0.8033639883833494,0.3659244917715392,4.0,4.979063111914445,0.0,1.0
prefill,code,11,12,1,32,transition,1033,8,0.9632139399806389,0.7938044530493708,4.0,4.152763819095477,0.21584302325581395,0.6587073336245983
prefill,code,11,13,2,8,domain_oracle,1033,8,0.5469506292352372,0.0,1.0,1.8283185840707965,0.0,1.0
prefill,code,11,13,2,8,previous_window,1033,8,0.539811229428848,0.0,1.0,1.8524994395875365,0.0007267441860465116,0.9987941429801896
prefill,code,11,13,2,8,static,1033,8,0.45099225556631173,0.0,1.0,2.217332975583579,0.0,1.0
prefill,code,11,13,2,8,transition,1033,8,0.6833252662149081,0.008712487899322363,1.0,1.4634319107490703,0.31443798449612403,0.5666933626235979
prefill,code,11,13,2,16,domain_oracle,1033,8,0.707405614714424,0.1665053242981607,2.0,2.827232295586726,0.0,1.0
prefill,code,11,13,2,16,previous_window,1033,8,0.6933688286544046,0.10939012584704744,2.0,2.8844677137870853,0.0013323643410852713,0.9979221309086671
prefill,code,11,13,2,16,static,1033,8,0.6931268151016456,0.11035818005808325,2.0,2.8854748603351954,0.0,1.0
prefill,code,11,13,2,16,transition,1033,8,0.8787512100677638,0.4569215876089061,2.0,2.275957036629028,0.25648013565891475,0.6159642561556099
prefill,code,11,13,2,32,domain_oracle,1033,8,0.8797192642787997,0.49564375605033884,4.0,4.546905089408528,0.0,1.0
prefill,code,11,13,2,32,previous_window,1033,8,0.8621732817037754,0.44724104549854793,4.0,4.639438596491228,0.0010295542635658916,0.9983087527419856
prefill,code,11,13,2,32,static,1033,8,0.7878751210067764,0.24782187802516942,4.0,5.076946705575181,0.0,1.0
prefill,code,11,13,2,32,transition,1033,8,0.9714424007744433,0.8480154888673765,4.0,4.117588440458396,0.21890140503875968,0.6563147974635157
prefill,code,11,14,3,8,domain_oracle,1033,8,0.481243949661181,0.0,1.0,2.077948202162434,0.0,1.0
prefill,code,11,14,3,8,previous_window,1033,8,0.47204743465634075,0.0,1.0,2.1184311714944886,0.0010901162790697674,0.9982342807924205
prefill,code,11,14,3,8,static,1033,8,0.41674733785091966,0.0,1.0,2.3995354239256677,0.0,1.0
prefill,code,11,14,3,8,transition,1033,8,0.7001452081316554,0.030009680542110357,1.0,1.4282751469063255,0.35671027131782945,0.520931415698858
prefill,code,11,14,3,16,domain_oracle,1033,8,0.6731606969990319,0.16263310745401743,2.0,2.9710587812331477,0.0,1.0
prefill,code,11,14,3,16,previous_window,1033,8,0.6565827686350436,0.12003872216844143,2.0,3.0460744563214153,0.0009084302325581395,0.9985324879305727
prefill,code,11,14,3,16,static,1033,8,0.5567521781219749,0.0,2.0,3.5922625516192133,0.0,1.0
prefill,code,11,14,3,16,transition,1033,8,0.8707647628267183,0.4578896418199419,2.0,2.2968315730961644,0.3323643410852713,0.537151028432699
prefill,code,11,14,3,32,domain_oracle,1033,8,0.8631413359148112,0.41142303969022265,4.0,4.6342352446376,0.0,1.0
prefill,code,11,14,3,32,previous_window,1033,8,0.8399080348499516,0.37947725072604066,4.0,4.762426163377035,0.0010295542635658916,0.9983153689052723
prefill,code,11,14,3,32,static,1033,8,0.7751694094869312,0.25943852855759925,4.0,5.160162347798939,0.0,1.0
prefill,code,11,14,3,32,transition,1033,8,0.9597047434656341,0.7763794772507261,4.0,4.167948556298071,0.2254421027131783,0.6489846207632355
prefill,code,11,15,4,8,domain_oracle,1033,8,0.5008470474346564,0.0,1.0,1.9966175404687123,0.0,1.0
prefill,code,11,15,4,8,previous_window,1033,8,0.49322362052274926,0.000968054211035818,1.0,2.02747791952895,0.0010901162790697674,0.9982969227155276
prefill,code,11,15,4,8,static,1033,8,0.43284123910939015,0.0,1.0,2.310315907184792,0.0,1.0
prefill,code,11,15,4,8,transition,1033,8,0.6600919651500484,0.09874152952565343,1.0,1.5149404216315308,0.2980862403100775,0.5988307773191515
prefill,code,11,15,4,16,domain_oracle,1033,8,0.6780009680542111,0.1936108422071636,2.0,2.949848295555952,0.0,1.0
prefill,code,11,15,4,16,previous_window,1033,8,0.6508954501452081,0.14327202323330107,2.0,3.0726900910949992,0.0012112403100775194,0.9980943961972113
prefill,code,11,15,4,16,static,1033,8,0.5703049370764763,0.021297192642787996,2.0,3.506895820072141,0.0,1.0
prefill,code,11,15,4,16,transition,1033,8,0.8512826718296225,0.40561471442400776,2.0,2.3493958777540866,0.27210513565891475,0.6052507498873634
prefill,code,11,15,4,32,domain_oracle,1033,8,0.8655614714424008,0.4927395934172314,4.0,4.621277785544526,0.0,1.0
prefill,code,11,15,4,32,previous_window,1033,8,0.8391819941916747,0.4075508228460794,4.0,4.766546503244412,0.0011809593023255813,0.9981077397159435
prefill,code,11,15,4,32,static,1033,8,0.7895692158760891,0.31364956437560504,4.0,5.066053639846744,0.0,1.0
prefill,code,11,15,4,32,transition,1033,8,0.9478460793804453,0.7376573088092934,4.0,4.220094472105196,0.20672843992248063,0.6725343121245013
prefill,code,12,13,1,8,domain_oracle,1033,8,0.5469506292352372,0.0,1.0,1.8283185840707965,0.0,1.0
prefill,code,12,13,1,8,previous_window,1033,8,0.539811229428848,0.0,1.0,1.8524994395875365,0.0007267441860465116,0.9987941429801896
prefill,code,12,13,1,8,static,1033,8,0.45099225556631173,0.0,1.0,2.217332975583579,0.0,1.0
prefill,code,12,13,1,8,transition,1033,8,0.6953049370764763,0.015488867376573089,1.0,1.4382178907065786,0.329578488372093,0.5583050885376494
prefill,code,12,13,1,16,domain_oracle,1033,8,0.707405614714424,0.1665053242981607,2.0,2.827232295586726,0.0,1.0
prefill,code,12,13,1,16,previous_window,1033,8,0.6933688286544046,0.10939012584704744,2.0,2.8844677137870853,0.0013323643410852713,0.9979221309086671
prefill,code,12,13,1,16,static,1033,8,0.6931268151016456,0.11035818005808325,2.0,2.8854748603351954,0.0,1.0
prefill,code,12,13,1,16,transition,1033,8,0.8982333010648597,0.49177153920619554,2.0,2.226593021689344,0.2687136627906977,0.6066569342771999
prefill,code,12,13,1,32,domain_oracle,1033,8,0.8797192642787997,0.49564375605033884,4.0,4.546905089408528,0.0,1.0
prefill,code,12,13,1,32,previous_window,1033,8,0.8621732817037754,0.44724104549854793,4.0,4.639438596491228,0.0010295542635658916,0.9983087527419856
prefill,code,12,13,1,32,static,1033,8,0.7878751210067764,0.24782187802516942,4.0,5.076946705575181,0.0,1.0
prefill,code,12,13,1,32,transition,1033,8,0.9772507260406583,0.8780251694094869,4.0,4.0931154036651805,0.22150557170542637,0.6539116749223799
prefill,code,12,14,2,8,domain_oracle,1033,8,0.481243949661181,0.0,1.0,2.077948202162434,0.0,1.0
prefill,code,12,14,2,8,previous_window,1033,8,0.47204743465634075,0.0,1.0,2.1184311714944886,0.0010901162790697674,0.9982342807924205
prefill,code,12,14,2,8,static,1033,8,0.41674733785091966,0.0,1.0,2.3995354239256677,0.0,1.0
prefill,code,12,14,2,8,transition,1033,8,0.7069215876089061,0.03484995159728945,1.0,1.4145840465593975,0.3626453488372093,0.5271514445933059
prefill,code,12,14,2,16,domain_oracle,1033,8,0.6731606969990319,0.16263310745401743,2.0,2.9710587812331477,0.0,1.0
prefill,code,12,14,2,16,previous_window,1033,8,0.6565827686350436,0.12003872216844143,2.0,3.0460744563214153,0.0009084302325581395,0.9985324879305727
prefill,code,12,14,2,16,static,1033,8,0.5567521781219749,0.0,2.0,3.5922625516192133,0.0,1.0
prefill,code,12,14,2,16,transition,1033,8,0.8838334946757018,0.49080348499515974,2.0,2.262869660460022,0.3250363372093023,0.5546834895249492
prefill,code,12,14,2,32,domain_oracle,1033,8,0.8631413359148112,0.41142303969022265,4.0,4.6342352446376,0.0,1.0
prefill,code,12,14,2,32,previous_window,1033,8,0.8399080348499516,0.37947725072604066,4.0,4.762426163377035,0.0010295542635658916,0.9983153689052723
prefill,code,12,14,2,32,static,1033,8,0.7751694094869312,0.25943852855759925,4.0,5.160162347798939,0.0,1.0
prefill,code,12,14,2,32,transition,1033,8,0.9675701839303001,0.8131655372700871,4.0,4.134067033516758,0.24300508720930233,0.6262548837930244
prefill,code,12,15,3,8,domain_oracle,1033,8,0.5008470474346564,0.0,1.0,1.9966175404687123,0.0,1.0
prefill,code,12,15,3,8,previous_window,1033,8,0.49322362052274926,0.000968054211035818,1.0,2.02747791952895,0.0010901162790697674,0.9982969227155276
prefill,code,12,15,3,8,static,1033,8,0.43284123910939015,0.0,1.0,2.310315907184792,0.0,1.0
prefill,code,12,15,3,8,transition,1033,8,0.6817521781219749,0.09874152952565343,1.0,1.4668086616968405,0.32061531007751937,0.5670786577763339
prefill,code,12,15,3,16,domain_oracle,1033,8,0.6780009680542111,0.1936108422071636,2.0,2.949848295555952,0.0,1.0
prefill,code,12,15,3,16,previous_window,1033,8,0.6508954501452081,0.14327202323330107,2.0,3.0726900910949992,0.0012112403100775194,0.9980943961972113
prefill,code,12,15,3,16,static,1033,8,0.5703049370764763,0.021297192642787996,2.0,3.506895820072141,0.0,1.0
prefill,code,12,15,3,16,transition,1033,8,0.8662875121006777,0.45111326234269117,2.0,2.3087023327280347,0.29015261627906974,0.5859436849742545
prefill,code,12,15,3,32,domain_oracle,1033,8,0.8655614714424008,0.4927395934172314,4.0,4.621277785544526,0.0,1.0
prefill,code,12,15,3,32,previous_window,1033,8,0.8391819941916747,0.4075508228460794,4.0,4.766546503244412,0.0011809593023255813,0.9981077397159435
prefill,code,12,15,3,32,static,1033,8,0.7895692158760891,0.31364956437560504,4.0,5.066053639846744,0.0,1.0
prefill,code,12,15,3,32,transition,1033,8,0.9553484995159729,0.7918683446272992,4.0,4.186953768207727,0.22804626937984496,0.6463450368403169
prefill,code,13,14,1,8,domain_oracle,1033,8,0.481243949661181,0.0,1.0,2.077948202162434,0.0,1.0
prefill,code,13,14,1,8,previous_window,1033,8,0.47204743465634075,0.0,1.0,2.1184311714944886,0.0010901162790697674,0.9982342807924205
prefill,code,13,14,1,8,static,1033,8,0.41674733785091966,0.0,1.0,2.3995354239256677,0.0,1.0
prefill,code,13,14,1,8,transition,1033,8,0.6980880929332043,0.017424975798644726,1.0,1.4324839660253077,0.36216085271317827,0.5097321928717272
prefill,code,13,14,1,16,domain_oracle,1033,8,0.6731606969990319,0.16263310745401743,2.0,2.9710587812331477,0.0,1.0
prefill,code,13,14,1,16,previous_window,1033,8,0.6565827686350436,0.12003872216844143,2.0,3.0460744563214153,0.0009084302325581395,0.9985324879305727
prefill,code,13,14,1,16,static,1033,8,0.5567521781219749,0.0,2.0,3.5922625516192133,0.0,1.0
prefill,code,13,14,1,16,transition,1033,8,0.8745159728944821,0.45014520813165537,2.0,2.2869793828697937,0.2999031007751938,0.5750938474335935
prefill,code,13,14,1,32,domain_oracle,1033,8,0.8631413359148112,0.41142303969022265,4.0,4.6342352446376,0.0,1.0
prefill,code,13,14,1,32,previous_window,1033,8,0.8399080348499516,0.37947725072604066,4.0,4.762426163377035,0.0010295542635658916,0.9983153689052723
prefill,code,13,14,1,32,static,1033,8,0.7751694094869312,0.25943852855759925,4.0,5.160162347798939,0.0,1.0
prefill,code,13,14,1,32,transition,1033,8,0.9628509196515005,0.7899322362052275,4.0,4.154329521176323,0.23410247093023256,0.6357165755483399
prefill,code,13,15,2,8,domain_oracle,1033,8,0.5008470474346564,0.0,1.0,1.9966175404687123,0.0,1.0
prefill,code,13,15,2,8,previous_window,1033,8,0.49322362052274926,0.000968054211035818,1.0,2.02747791952895,0.0010901162790697674,0.9982969227155276
prefill,code,13,15,2,8,static,1033,8,0.43284123910939015,0.0,1.0,2.310315907184792,0.0,1.0
prefill,code,13,15,2,8,transition,1033,8,0.6700145208131656,0.02420135527589545,1.0,1.4925049665884054,0.3126211240310077,0.5657931861420258
prefill,code,13,15,2,16,domain_oracle,1033,8,0.6780009680542111,0.1936108422071636,2.0,2.949848295555952,0.0,1.0
prefill,code,13,15,2,16,previous_window,1033,8,0.6508954501452081,0.14327202323330107,2.0,3.0726900910949992,0.0012112403100775194,0.9980943961972113
prefill,code,13,15,2,16,static,1033,8,0.5703049370764763,0.021297192642787996,2.0,3.506895820072141,0.0,1.0
prefill,code,13,15,2,16,transition,1033,8,0.8695546950629235,0.4617618586640852,2.0,2.300027831895352,0.29645106589147285,0.5731423163965907
prefill,code,13,15,2,32,domain_oracle,1033,8,0.8655614714424008,0.4927395934172314,4.0,4.621277785544526,0.0,1.0
prefill,code,13,15,2,32,previous_window,1033,8,0.8391819941916747,0.4075508228460794,4.0,4.766546503244412,0.0011809593023255813,0.9981077397159435
prefill,code,13,15,2,32,static,1033,8,0.7895692158760891,0.31364956437560504,4.0,5.066053639846744,0.0,1.0
prefill,code,13,15,2,32,transition,1033,8,0.9497821878025169,0.7637947725072604,4.0,4.211491909797426,0.2196887112403101,0.6525736904082867
prefill,code,14,15,1,8,domain_oracle,1033,8,0.5008470474346564,0.0,1.0,1.9966175404687123,0.0,1.0
prefill,code,14,15,1,8,previous_window,1033,8,0.49322362052274926,0.000968054211035818,1.0,2.02747791952895,0.0010901162790697674,0.9982969227155276
prefill,code,14,15,1,8,static,1033,8,0.43284123910939015,0.0,1.0,2.310315907184792,0.0,1.0
prefill,code,14,15,1,8,transition,1033,8,0.7216844143272023,0.13262342691190707,1.0,1.3856472166331322,0.35901162790697677,0.5173372062906938
prefill,code,14,15,1,16,domain_oracle,1033,8,0.6780009680542111,0.1936108422071636,2.0,2.949848295555952,0.0,1.0
prefill,code,14,15,1,16,previous_window,1033,8,0.6508954501452081,0.14327202323330107,2.0,3.0726900910949992,0.0012112403100775194,0.9980943961972113
prefill,code,14,15,1,16,static,1033,8,0.5703049370764763,0.021297192642787996,2.0,3.506895820072141,0.0,1.0
prefill,code,14,15,1,16,transition,1033,8,0.8880687318489835,0.494675701839303,2.0,2.252077939773811,0.31268168604651164,0.5574880764005283
prefill,code,14,15,1,32,domain_oracle,1033,8,0.8655614714424008,0.4927395934172314,4.0,4.621277785544526,0.0,1.0
prefill,code,14,15,1,32,previous_window,1033,8,0.8391819941916747,0.4075508228460794,4.0,4.766546503244412,0.0011809593023255813,0.9981077397159435
prefill,code,14,15,1,32,static,1033,8,0.7895692158760891,0.31364956437560504,4.0,5.066053639846744,0.0,1.0
prefill,code,14,15,1,32,transition,1033,8,0.965513068731849,0.8063891577928364,4.0,4.142875046998371,0.23452640503875968,0.6339332081460899
prefill,conversation,0,1,1,8,domain_oracle,421,8,0.16181710213776723,0.0,1.0,6.179816513761468,0.0,1.0
prefill,conversation,0,1,1,8,previous_window,421,8,0.19061757719714964,0.0,1.0,5.246105919003115,0.003273809523809524,0.9961276818419674
prefill,conversation,0,1,1,8,static,421,8,0.14459619952494063,0.0,1.0,6.915811088295688,0.0,1.0
prefill,conversation,0,1,1,8,transition,421,8,0.29720902612826605,0.0,1.0,3.364635364635365,0.4270833333333333,0.4191741591741593
prefill,conversation,0,1,1,16,domain_oracle,421,8,0.3414489311163896,0.0,2.0,5.857391304347826,0.0,1.0
prefill,conversation,0,1,1,16,previous_window,421,8,0.3497624703087886,0.0,2.0,5.718166383701188,0.002232142857142857,0.9969870129870129
prefill,conversation,0,1,1,16,static,421,8,0.3022565320665083,0.0023752969121140144,2.0,6.616895874263261,0.0,1.0
prefill,conversation,0,1,1,16,transition,421,8,0.5240498812351544,0.014251781472684086,2.0,3.81643059490085,0.39747023809523807,0.4430317471637401
prefill,conversation,0,1,1,32,domain_oracle,421,8,0.6365795724465558,0.040380047505938245,4.0,6.2835820895522385,0.0,1.0
prefill,conversation,0,1,1,32,previous_window,421,8,0.6247030878859857,0.05463182897862233,4.0,6.403041825095057,0.0013392857142857143,0.9979094076655053
prefill,conversation,0,1,1,32,static,421,8,0.6321258907363421,0.05463182897862233,4.0,6.327853452325035,0.0,1.0
prefill,conversation,0,1,1,32,transition,421,8,0.7666270783847982,0.20190023752969122,4.0,5.217660728117738,0.24598214285714284,0.6113518596181896
prefill,conversation,0,2,2,8,domain_oracle,421,8,0.13450118764845606,0.0,1.0,7.434878587196468,0.0,1.0
prefill,conversation,0,2,2,8,previous_window,421,8,0.14637767220902612,0.0,1.0,6.831643002028398,0.0035714285714285713,0.9959462759462759
prefill,conversation,0,2,2,8,static,421,8,0.10866983372921615,0.0,1.0,9.202185792349727,0.0,1.0
prefill,conversation,0,2,2,8,transition,421,8,0.22980997624703087,0.0,1.0,4.351421188630491,0.4556547619047619,0.3988795331652469
prefill,conversation,0,2,2,16,domain_oracle,421,8,0.2776128266033254,0.0,2.0,7.20427807486631,0.0,1.0
prefill,conversation,0,2,2,16,previous_window,421,8,0.29839667458432306,0.0,2.0,6.702487562189055,0.0028273809523809523,0.9965099083111504
prefill,conversation,0,2,2,16,static,421,8,0.23782660332541566,0.0,2.0,8.409488139825218,0.0,1.0
prefill,conversation,0,2,2,16,transition,421,8,0.41152019002375295,0.0,2.0,4.86002886002886,0.38452380952380955,0.4607148588960221
prefill,conversation,0,2,2,32,domain_oracle,421,8,0.5911520190023754,0.004750593824228029,4.0,6.766449020592667,0.0,1.0
prefill,conversation,0,2,2,32,previous_window,421,8,0.5926365795724465,0.011876484560570071,4.0,6.749498997995992,0.0014136904761904762,0.9978294573643411
prefill,conversation,0,2,2,32,static,421,8,0.5112826603325415,0.004750593824228029,4.0,7.823461091753774,0.0,1.0
prefill,conversation,0,2,2,32,transition,421,8,0.6730997624703088,0.08788598574821853,4.0,5.942655491839435,0.2365327380952381,0.6254183813203398
prefill,conversation,0,3,3,8,domain_oracle,421,8,0.18557007125890737,0.0,1.0,5.3888,0.0,1.0
prefill,conversation,0,3,3,8,previous_window,421,8,0.16448931116389548,0.0,1.0,6.07942238267148,0.003869047619047619,0.9957369614512472
prefill,conversation,0,3,3,8,static,421,8,0.13984560570071258,0.0,1.0,7.150743099787686,0.0,1.0
prefill,conversation,0,3,3,8,transition,421,8,0.27820665083135393,0.0,1.0,3.594450373532551,0.4363095238095238,0.418361955504812
prefill,conversation,0,3,3,16,domain_oracle,421,8,0.33966745843230406,0.0,2.0,5.888111888111888,0.0,1.0
prefill,conversation,0,3,3,16,previous_window,421,8,0.3429334916864608,0.0,2.0,5.832034632034632,0.0026785714285714286,0.9966106893643126
prefill,conversation,0,3,3,16,static,421,8,0.3248218527315915,0.0,2.0,6.157221206581353,0.0,1.0
prefill,conversation,0,3,3,16,transition,421,8,0.5086104513064132,0.0166270783847981,2.0,3.932282545242265,0.3712797619047619,0.4783585823919417
prefill,conversation,0,3,3,32,domain_oracle,421,8,0.6445961995249406,0.05463182897862233,4.0,6.205435283279595,0.0,1.0
prefill,conversation,0,3,3,32,previous_window,421,8,0.6306413301662708,0.0332541567695962,4.0,6.342749529190207,0.0012648809523809524,0.9980023228803717
prefill,conversation,0,3,3,32,static,421,8,0.665083135391924,0.052256532066508314,4.0,6.014285714285714,0.0,1.0
prefill,conversation,0,3,3,32,transition,421,8,0.7731591448931117,0.1828978622327791,4.0,5.17357910906298,0.21026785714285715,0.6608301370198715
prefill,conversation,0,4,4,8,domain_oracle,421,8,0.14192399049881235,0.0,1.0,7.046025104602511,0.0,1.0
prefill,conversation,0,4,4,8,previous_window,421,8,0.17992874109263657,0.0,1.0,5.557755775577558,0.003869047619047619,0.9957369614512472
prefill,conversation,0,4,4,8,static,421,8,0.13598574821852732,0.0,1.0,7.353711790393013,0.0,1.0
prefill,conversation,0,4,4,8,transition,421,8,0.21169833729216153,0.0,1.0,4.723702664796634,0.3357142857142857,0.5142947000089865
prefill,conversation,0,4,4,16,domain_oracle,421,8,0.30700712589073637,0.0,2.0,6.5145067698259185,0.0,1.0
prefill,conversation,0,4,4,16,previous_window,421,8,0.3411520190023753,0.004750593824228029,2.0,5.862489120974761,0.0026785714285714286,0.9965811965811965
prefill,conversation,0,4,4,16,static,421,8,0.2838479809976247,0.0,2.0,7.046025104602511,0.0,1.0
prefill,conversation,0,4,4,16,transition,421,8,0.41181710213776723,0.004750593824228029,2.0,4.856524873828406,0.3032738095238095,0.5472332218999905
prefill,conversation,0,4,4,32,domain_oracle,421,8,0.6347980997624703,0.06413301662707839,4.0,6.301216089803555,0.0,1.0
prefill,conversation,0,4,4,32,previous_window,421,8,0.6235154394299287,0.0332541567695962,4.0,6.415238095238095,0.0014136904761904762,0.9978294573643411
prefill,conversation,0,4,4,32,static,421,8,0.5534441805225653,0.019002375296912115,4.0,7.227467811158799,0.0,1.0
prefill,conversation,0,4,4,32,transition,421,8,0.6787410926365796,0.0997624703087886,4.0,5.89326334208224,0.19122023809523808,0.6870909540207841
prefill,conversation,0,5,5,8,domain_oracle,421,8,0.15795724465558195,0.0,1.0,6.330827067669173,0.0,1.0
prefill,conversation,0,5,5,8,previous_window,421,8,0.1748812351543943,0.0,1.0,5.718166383701188,0.002976190476190476,0.9964790764790764
prefill,conversation,0,5,5,8,static,421,8,0.10362232779097387,0.0,1.0,9.650429799426934,0.0,1.0
prefill,conversation,0,5,5,8,transition,421,8,0.21852731591448932,0.0,1.0,4.576086956521739,0.3678571428571429,0.48332598618312944
prefill,conversation,0,5,5,16,domain_oracle,421,8,0.32838479809976245,0.0,2.0,6.090415913200723,0.0,1.0
prefill,conversation,0,5,5,16,previous_window,421,8,0.3429334916864608,0.0,2.0,5.832034632034632,0.002380952380952381,0.9968364389233954
prefill,conversation,0,5,5,16,static,421,8,0.25534441805225655,0.0,2.0,7.832558139534884,0.0,1.0
prefill,conversation,0,5,5,16,transition,421,8,0.40617577197149646,0.007125890736342043,2.0,4.923976608187134,0.3205357142857143,0.5312433473559813
prefill,conversation,0,5,5,32,domain_oracle,421,8,0.543646080760095,0.04513064133016627,4.0,7.357728017476789,0.0,1.0
prefill,conversation,0,5,5,32,previous_window,421,8,0.5810570071258907,0.05463182897862233,4.0,6.8840061318344405,0.0015625,0.9976960237829804
prefill,conversation,0,5,5,32,static,421,8,0.4982185273159145,0.030878859857482184,4.0,8.028605482717522,0.0,1.0
prefill,conversation,0,5,5,32,transition,421,8,0.6448931116389549,0.05938242280285035,4.0,6.202578268876612,0.17760416666666667,0.7077312337383778
prefill,conversation,0,6,6,8,domain_oracle,421,8,0.18557007125890737,0.0,1.0,5.3888,0.0,1.0
prefill,conversation,0,6,6,8,previous_window,421,8,0.19714964370546317,0.0,1.0,5.072289156626506,0.0035714285714285713,0.9959462759462759
prefill,conversation,0,6,6,8,static,421,8,0.1680522565320665,0.0,1.0,5.950530035335689,0.0,1.0
prefill,conversation,0,6,6,8,transition,421,8,0.22505938242280285,0.0,1.0,4.443271767810026,0.24345238095238095,0.6285146599432297
prefill,conversation,0,6,6,16,domain_oracle,421,8,0.3147268408551069,0.0,2.0,6.354716981132076,0.0,1.0
prefill,conversation,0,6,6,16,previous_window,421,8,0.33461995249406173,0.0,2.0,5.9769299023957405,0.0028273809523809523,0.9965099083111504
prefill,conversation,0,6,6,16,static,421,8,0.29720902612826605,0.0023752969121140144,2.0,6.72927072927073,0.0,1.0
prefill,conversation,0,6,6,16,transition,421,8,0.42844418052256533,0.009501187648456057,2.0,4.668052668052668,0.26592261904761905,0.5954856532895475
prefill,conversation,0,6,6,32,domain_oracle,421,8,0.5644299287410927,0.04275534441805225,4.0,7.086796422935297,0.0,1.0
prefill,conversation,0,6,6,32,previous_window,421,8,0.5890736342042755,0.0498812351543943,4.0,6.790322580645161,0.0014136904761904762,0.9979072239941806
prefill,conversation,0,6,6,32,static,421,8,0.5665083135391924,0.021377672209026127,4.0,7.060796645702306,0.0,1.0
prefill,conversation,0,6,6,32,transition,421,8,0.6677553444180523,0.09263657957244656,4.0,5.990217874610938,0.17916666666666667,0.7030706286266191
prefill,conversation,0,7,7,8,domain_oracle,421,8,0.18200712589073634,0.0,1.0,5.494290375203915,0.0,1.0
prefill,conversation,0,7,7,8,previous_window,421,8,0.18824228028503562,0.0,1.0,5.312302839116719,0.003273809523809524,0.9961276818419674
prefill,conversation,0,7,7,8,static,421,8,0.16389548693586697,0.0,1.0,6.101449275362318,0.0,1.0
prefill,conversation,0,7,7,8,transition,421,8,0.2666270783847981,0.0,1.0,3.750556792873051,0.3794642857142857,0.4729539243824952
prefill,conversation,0,7,7,16,domain_oracle,421,8,0.36163895486935865,0.0,2.0,5.530377668308703,0.0,1.0
prefill,conversation,0,7,7,16,previous_window,421,8,0.3503562945368171,0.0,2.0,5.708474576271186,0.002380952380952381,0.9968364389233954
prefill,conversation,0,7,7,16,static,421,8,0.2820665083135392,0.0,2.0,7.090526315789473,0.0,1.0
prefill,conversation,0,7,7,16,transition,421,8,0.45219714964370544,0.009501187648456057,2.0,4.42284963887065,0.3462797619047619,0.5058944971820253
prefill,conversation,0,7,7,32,domain_oracle,421,8,0.621437054631829,0.05463182897862233,4.0,6.436693741041567,0.0,1.0
prefill,conversation,0,7,7,32,previous_window,421,8,0.6327197149643705,0.06413301662707839,4.0,6.321914594087283,0.0011160714285714285,0.9982028241335045
prefill,conversation,0,7,7,32,static,421,8,0.5905581947743468,0.05463182897862233,4.0,6.77325289089995,0.0,1.0
prefill,conversation,0,7,7,32,transition,421,8,0.7125890736342043,0.12589073634204276,4.0,5.613333333333333,0.1738095238095238,0.7118657439311196
prefill,conversation,0,8,8,8,domain_oracle,421,8,0.17131828978622327,0.0,1.0,5.837088388214904,0.0,1.0
prefill,conversation,0,8,8,8,previous_window,421,8,0.19625890736342042,0.0,1.0,5.095310136157337,0.003273809523809524,0.9961276818419674
prefill,conversation,0,8,8,8,static,421,8,0.13687648456057008,0.0,1.0,7.3058568329718,0.0,1.0
prefill,conversation,0,8,8,8,transition,421,8,0.2752375296912114,0.0,1.0,3.633225458468177,0.4148809523809524,0.441874421874421
prefill,conversation,0,8,8,16,domain_oracle,421,8,0.28711401425178146,0.0023752969121140144,2.0,6.965873836608067,0.0,1.0
prefill,conversation,0,8,8,16,previous_window,421,8,0.333729216152019,0.0023752969121140144,2.0,5.99288256227758,0.002380952380952381,0.9968697968697968
prefill,conversation,0,8,8,16,static,421,8,0.3108669833729216,0.0,2.0,6.433619866284623,0.0,1.0
prefill,conversation,0,8,8,16,transition,421,8,0.48782660332541566,0.040380047505938245,2.0,4.099817407181984,0.36889880952380955,0.4823989248866785
prefill,conversation,0,8,8,32,domain_oracle,421,8,0.6000593824228029,0.035629453681710214,4.0,6.666006927263731,0.0,1.0
prefill,conversation,0,8,8,32,previous_window,421,8,0.5985748218527316,0.03800475059382423,4.0,6.682539682539683,0.0013392857142857143,0.9979271374620212
prefill,conversation,0,8,8,32,static,421,8,0.6137173396674585,0.04275534441805225,4.0,6.517658442186744,0.0,1.0
prefill,conversation,0,8,8,32,transition,421,8,0.7289192399049881,0.17814726840855108,4.0,5.487576374745418,0.19635416666666666,0.6805939970886368
prefill,conversation,0,9,9,8,domain_oracle,421,8,0.1404394299287411,0.0,1.0,7.120507399577167,0.0,1.0
prefill,conversation,0,9,9,8,previous_window,421,8,0.15112826603325416,0.0,1.0,6.616895874263261,0.0035714285714285713,0.9959462759462759
prefill,conversation,0,9,9,8,static,421,8,0.11906175771971496,0.0,1.0,8.399002493765586,0.0,1.0
prefill,conversation,0,9,9,8,transition,421,8,0.2746437054631829,0.0,1.0,3.641081081081081,0.430952380952381,0.41849388706531515
prefill,conversation,0,9,9,16,domain_oracle,421,8,0.2776128266033254,0.0,2.0,7.20427807486631,0.0,1.0
prefill,conversation,0,9,9,16,previous_window,421,8,0.3171021377672209,0.0,2.0,6.307116104868914,0.002380952380952381,0.9969261778785589
prefill,conversation,0,9,9,16,static,421,8,0.2556413301662708,0.0,2.0,7.823461091753774,0.0,1.0
prefill,conversation,0,9,9,16,transition,421,8,0.49287410926365793,0.019002375296912115,2.0,4.057831325301205,0.43407738095238096,0.4206565111568803
prefill,conversation,0,9,9,32,domain_oracle,421,8,0.6006532066508313,0.019002375296912115,4.0,6.659416707859615,0.0,1.0
prefill,conversation,0,9,9,32,previous_window,421,8,0.5932304038004751,0.021377672209026127,4.0,6.742742742742743,0.0014136904761904762,0.9978294573643411
prefill,conversation,0,9,9,32,static,421,8,0.5754156769596199,0.014251781472684086,4.0,6.951496388028896,0.0,1.0
prefill,conversation,0,9,9,32,transition,421,8,0.7609857482185273,0.20665083135391923,4.0,5.256340226297308,0.27514880952380955,0.582230246306608
prefill,conversation,0,10,10,8,domain_oracle,421,8,0.1754750593824228,0.0,1.0,5.698815566835871,0.0,1.0
prefill,conversation,0,10,10,8,previous_window,421,8,0.18111638954869358,0.0,1.0,5.521311475409836,0.0026785714285714286,0.9965811965811965
prefill,conversation,0,10,10,8,static,421,8,0.12232779097387174,0.0,1.0,8.174757281553399,0.0,1.0
prefill,conversation,0,10,10,8,transition,421,8,0.28652019002375295,0.0,1.0,3.4901554404145076,0.47886904761904764,0.3756232656232648
prefill,conversation,0,10,10,16,domain_oracle,421,8,0.342042755344418,0.0,2.0,5.847222222222222,0.0,1.0
prefill,conversation,0,10,10,16,previous_window,421,8,0.36163895486935865,0.0,2.0,5.530377668308703,0.001636904761904762,0.9975983436853003
prefill,conversation,0,10,10,16,static,421,8,0.27197149643705465,0.0,2.0,7.353711790393013,0.0,1.0
prefill,conversation,0,10,10,16,transition,421,8,0.47268408551068886,0.009501187648456057,2.0,4.231155778894473,0.3848214285714286,0.46364312505908317
prefill,conversation,0,10,10,32,domain_oracle,421,8,0.5953087885985748,0.04513064133016627,4.0,6.719201995012469,0.0,1.0
prefill,conversation,0,10,10,32,previous_window,421,8,0.6065914489311164,0.08788598574821853,4.0,6.594224180127264,0.0017113095238095238,0.9975579975579977
prefill,conversation,0,10,10,32,static,421,8,0.6036223277909739,0.040380047505938245,4.0,6.626660108214462,0.0,1.0
prefill,conversation,0,10,10,32,transition,421,8,0.7354513064133017,0.1876484560570071,4.0,5.4388373031893416,0.21882440476190476,0.6502824944792709
prefill,conversation,0,11,11,8,domain_oracle,421,8,0.1582541567695962,0.0,1.0,6.318949343339587,0.0,1.0
prefill,conversation,0,11,11,8,previous_window,421,8,0.1490498812351544,0.0,1.0,6.709163346613546,0.004166666666666667,0.9955782312925169
prefill,conversation,0,11,11,8,static,421,8,0.12915676959619954,0.0,1.0,7.742528735632184,0.0,1.0
prefill,conversation,0,11,11,8,transition,421,8,0.22891923990498814,0.0,1.0,4.368352788586251,0.28809523809523807,0.5721086321086318
prefill,conversation,0,11,11,16,domain_oracle,421,8,0.3078978622327791,0.0023752969121140144,2.0,6.49566055930569,0.0,1.0
prefill,conversation,0,11,11,16,previous_window,421,8,0.3251187648456057,0.0023752969121140144,2.0,6.151598173515982,0.002529761904761905,0.9967192228061793
prefill,conversation,0,11,11,16,static,421,8,0.27256532066508316,0.0,2.0,7.337690631808279,0.0,1.0
prefill,conversation,0,11,11,16,transition,421,8,0.43942992874109266,0.014251781472684086,2.0,4.551351351351351,0.32648809523809524,0.5237367525269369
prefill,conversation,0,11,11,32,domain_oracle,421,8,0.6113420427553444,0.026128266033254157,4.0,6.5429820301117045,0.0,1.0
prefill,conversation,0,11,11,32,previous_window,421,8,0.6241092636579573,0.052256532066508314,4.0,6.4091341579448144,0.0010416666666666667,0.9983736750514159
prefill,conversation,0,11,11,32,static,421,8,0.5507719714964371,0.035629453681710214,4.0,7.262533692722372,0.0,1.0
prefill,conversation,0,11,11,32,transition,421,8,0.6760688836104513,0.0831353919239905,4.0,5.916556873078612,0.1825892857142857,0.6990965151962872
prefill,conversation,0,12,12,8,domain_oracle,421,8,0.17755344418052257,0.0,1.0,5.632107023411371,0.0,1.0
prefill,conversation,0,12,12,8,previous_window,421,8,0.17399049881235154,0.0,1.0,5.747440273037543,0.002976190476190476,0.9963369963369964
prefill,conversation,0,12,12,8,static,421,8,0.12054631828978622,0.0,1.0,8.295566502463053,0.0,1.0
prefill,conversation,0,12,12,8,transition,421,8,0.25415676959619954,0.0,1.0,3.9345794392523366,0.3663690476190476,0.4835032692175556
prefill,conversation,0,12,12,16,domain_oracle,421,8,0.35391923990498814,0.007125890736342043,2.0,5.651006711409396,0.0,1.0
prefill,conversation,0,12,12,16,previous_window,421,8,0.36193586698337293,0.0023752969121140144,2.0,5.525840853158327,0.0020833333333333333,0.9971519274376417
prefill,conversation,0,12,12,16,static,421,8,0.26247030878859856,0.0,2.0,7.619909502262443,0.0,1.0
prefill,conversation,0,12,12,16,transition,421,8,0.44002375296912116,0.0166270783847981,2.0,4.545209176788124,0.30907738095238096,0.5436788402755485
prefill,conversation,0,12,12,32,domain_oracle,421,8,0.6205463182897862,0.040380047505938245,4.0,6.445933014354067,0.0,1.0
prefill,conversation,0,12,12,32,previous_window,421,8,0.6416270783847982,0.07125890736342043,4.0,6.2341508560851455,0.0013392857142857143,0.9979494190020507
prefill,conversation,0,12,12,32,static,421,8,0.5736342042755345,0.05938242280285035,4.0,6.9730848861283645,0.0,1.0
prefill,conversation,0,12,12,32,transition,421,8,0.6775534441805225,0.15201900237529692,4.0,5.903593339176162,0.18467261904761906,0.6959435636041956
prefill,conversation,0,13,13,8,domain_oracle,421,8,0.1748812351543943,0.0,1.0,5.718166383701188,0.0,1.0
prefill,conversation,0,13,13,8,previous_window,421,8,0.18438242280285036,0.0,1.0,5.423510466988728,0.003273809523809524,0.9961276818419674
prefill,conversation,0,13,13,8,static,421,8,0.10005938242280285,0.0,1.0,9.99406528189911,0.0,1.0
prefill,conversation,0,13,13,8,transition,421,8,0.22446555819477435,0.0,1.0,4.455026455026455,0.34970238095238093,0.5125135182278033
prefill,conversation,0,13,13,16,domain_oracle,421,8,0.35184085510688834,0.007125890736342043,2.0,5.684388185654009,0.0,1.0
prefill,conversation,0,13,13,16,previous_window,421,8,0.36223277909738716,0.0,2.0,5.521311475409836,0.0020833333333333333,0.9971519274376417
prefill,conversation,0,13,13,16,static,421,8,0.27315914489311166,0.0,2.0,7.321739130434783,0.0,1.0
prefill,conversation,0,13,13,16,transition,421,8,0.37351543942992876,0.007125890736342043,2.0,5.354531001589825,0.234375,0.6341883911921775
prefill,conversation,0,13,13,32,domain_oracle,421,8,0.6220308788598575,0.04275534441805225,4.0,6.430548926014319,0.0,1.0
prefill,conversation,0,13,13,32,previous_window,421,8,0.6282660332541568,0.05938242280285035,4.0,6.366729678638942,0.0012648809523809524,0.9980299586174739
prefill,conversation,0,13,13,32,static,421,8,0.5843230403800475,0.04275534441805225,4.0,6.845528455284553,0.0,1.0
prefill,conversation,0,13,13,32,transition,421,8,0.66270783847981,0.11401425178147269,4.0,6.03584229390681,0.1462797619047619,0.7489381063838706
prefill,conversation,0,14,14,8,domain_oracle,421,8,0.16419239904988123,0.0,1.0,6.090415913200723,0.0,1.0
prefill,conversation,0,14,14,8,previous_window,421,8,0.17844418052256533,0.0,1.0,5.603993344425957,0.003273809523809524,0.9961276818419674
prefill,conversation,0,14,14,8,static,421,8,0.10985748218527316,0.0,1.0,9.102702702702702,0.0,1.0
prefill,conversation,0,14,14,8,transition,421,8,0.22387173396674584,0.0,1.0,4.4668435013262595,0.4035714285714286,0.44921137063994204
prefill,conversation,0,14,14,16,domain_oracle,421,8,0.29780285035629456,0.0023752969121140144,2.0,6.715852442671984,0.0,1.0
prefill,conversation,0,14,14,16,previous_window,421,8,0.33907363420427555,0.0023752969121140144,2.0,5.898423817863398,0.002380952380952381,0.9970068027210884
prefill,conversation,0,14,14,16,static,421,8,0.29334916864608074,0.0,2.0,6.817813765182186,0.0,1.0
prefill,conversation,0,14,14,16,transition,421,8,0.42013064133016625,0.007125890736342043,2.0,4.7604240282685515,0.34077380952380953,0.5072480209263154
prefill,conversation,0,14,14,32,domain_oracle,421,8,0.6294536817102138,0.052256532066508314,4.0,6.354716981132076,0.0,1.0
prefill,conversation,0,14,14,32,previous_window,421,8,0.630938242280285,0.057007125890736345,4.0,6.339764705882353,0.0014136904761904762,0.9978465978465979
prefill,conversation,0,14,14,32,static,421,8,0.5573040380047506,0.023752969121140142,4.0,7.177410761854023,0.0,1.0
prefill,conversation,0,14,14,32,transition,421,8,0.6941805225653207,0.11401425178147269,4.0,5.76218990590248,0.17894345238095238,0.7030065828584681
prefill,conversation,0,15,15,8,domain_oracle,421,8,0.21080760095011877,0.0,1.0,4.743661971830986,0.0,1.0
prefill,conversation,0,15,15,8,previous_window,421,8,0.21169833729216153,0.0,1.0,4.723702664796634,0.0026785714285714286,0.9965811965811965
prefill,conversation,0,15,15,8,static,421,8,0.1514251781472684,0.0,1.0,6.603921568627451,0.0,1.0
prefill,conversation,0,15,15,8,transition,421,8,0.22743467933491687,0.0,1.0,4.396866840731071,0.2714285714285714,0.5895260295260283
prefill,conversation,0,15,15,16,domain_oracle,421,8,0.3847980997624703,0.0,2.0,5.197530864197531,0.0,1.0
prefill,conversation,0,15,15,16,previous_window,421,8,0.3824228028503563,0.0023752969121140144,2.0,5.229813664596273,0.0019345238095238096,0.9972789115646259
prefill,conversation,0,15,15,16,static,421,8,0.3233372921615202,0.0,2.0,6.185491276400367,0.0,1.0
prefill,conversation,0,15,15,16,transition,421,8,0.42042755344418054,0.009501187648456057,2.0,4.757062146892656,0.26220238095238096,0.5961793891115638
prefill,conversation,0,15,15,32,domain_oracle,421,8,0.7125890736342043,0.0831353919239905,4.0,5.613333333333333,0.0,1.0
prefill,conversation,0,15,15,32,previous_window,421,8,0.7137767220902613,0.14251781472684086,4.0,5.603993344425957,0.000818452380952381,0.9986161986161985
prefill,conversation,0,15,15,32,static,421,8,0.6252969121140143,0.028503562945368172,4.0,6.39696106362773,0.0,1.0
prefill,conversation,0,15,15,32,transition,421,8,0.7078384798099763,0.09738717339667459,4.0,5.651006711409396,0.15052083333333333,0.7428707893303342
prefill,conversation,1,2,1,8,domain_oracle,421,8,0.13450118764845606,0.0,1.0,7.434878587196468,0.0,1.0
prefill,conversation,1,2,1,8,previous_window,421,8,0.14637767220902612,0.0,1.0,6.831643002028398,0.0035714285714285713,0.9959462759462759
prefill,conversation,1,2,1,8,static,421,8,0.10866983372921615,0.0,1.0,9.202185792349727,0.0,1.0
prefill,conversation,1,2,1,8,transition,421,8,0.32422802850356297,0.0,1.0,3.0842490842490844,0.5476190476190477,0.31496640925212244
prefill,conversation,1,2,1,16,domain_oracle,421,8,0.2776128266033254,0.0,2.0,7.20427807486631,0.0,1.0
prefill,conversation,1,2,1,16,previous_window,421,8,0.29839667458432306,0.0,2.0,6.702487562189055,0.0028273809523809523,0.9965099083111504
prefill,conversation,1,2,1,16,static,421,8,0.23782660332541566,0.0,2.0,8.409488139825218,0.0,1.0
prefill,conversation,1,2,1,16,transition,421,8,0.5344418052256532,0.028503562945368172,2.0,3.7422222222222223,0.4608630952380952,0.3856084406426345
prefill,conversation,1,2,1,32,domain_oracle,421,8,0.5911520190023754,0.004750593824228029,4.0,6.766449020592667,0.0,1.0
prefill,conversation,1,2,1,32,previous_window,421,8,0.5926365795724465,0.011876484560570071,4.0,6.749498997995992,0.0014136904761904762,0.9978294573643411
prefill,conversation,1,2,1,32,static,421,8,0.5112826603325415,0.004750593824228029,4.0,7.823461091753774,0.0,1.0
prefill,conversation,1,2,1,32,transition,421,8,0.7969121140142518,0.17339667458432304,4.0,5.019374068554397,0.27001488095238096,0.5831098533943474
prefill,conversation,1,3,2,8,domain_oracle,421,8,0.18557007125890737,0.0,1.0,5.3888,0.0,1.0
prefill,conversation,1,3,2,8,previous_window,421,8,0.16448931116389548,0.0,1.0,6.07942238267148,0.003869047619047619,0.9957369614512472
prefill,conversation,1,3,2,8,static,421,8,0.13984560570071258,0.0,1.0,7.150743099787686,0.0,1.0
prefill,conversation,1,3,2,8,transition,421,8,0.3752969121140142,0.0,1.0,2.6645569620253164,0.5196428571428572,0.3419466776609624
prefill,conversation,1,3,2,16,domain_oracle,421,8,0.33966745843230406,0.0,2.0,5.888111888111888,0.0,1.0
prefill,conversation,1,3,2,16,previous_window,421,8,0.3429334916864608,0.0,2.0,5.832034632034632,0.0026785714285714286,0.9966106893643126
prefill,conversation,1,3,2,16,static,421,8,0.3248218527315915,0.0,2.0,6.157221206581353,0.0,1.0
prefill,conversation,1,3,2,16,transition,421,8,0.6068883610451307,0.04275534441805225,2.0,3.295499021526419,0.3918154761904762,0.4539077569552691
prefill,conversation,1,3,2,32,domain_oracle,421,8,0.6445961995249406,0.05463182897862233,4.0,6.205435283279595,0.0,1.0
prefill,conversation,1,3,2,32,previous_window,421,8,0.6306413301662708,0.0332541567695962,4.0,6.342749529190207,0.0012648809523809524,0.9980023228803717
prefill,conversation,1,3,2,32,static,421,8,0.665083135391924,0.052256532066508314,4.0,6.014285714285714,0.0,1.0
prefill,conversation,1,3,2,32,transition,421,8,0.827790973871734,0.29453681710213775,4.0,4.832137733142037,0.2134672619047619,0.655437764385545
prefill,conversation,1,4,3,8,domain_oracle,421,8,0.14192399049881235,0.0,1.0,7.046025104602511,0.0,1.0
prefill,conversation,1,4,3,8,previous_window,421,8,0.17992874109263657,0.0,1.0,5.557755775577558,0.003869047619047619,0.9957369614512472
prefill,conversation,1,4,3,8,static,421,8,0.13598574821852732,0.0,1.0,7.353711790393013,0.0,1.0
prefill,conversation,1,4,3,8,transition,421,8,0.28919239904988125,0.0,1.0,3.457905544147844,0.39464285714285713,0.45290096147239
prefill,conversation,1,4,3,16,domain_oracle,421,8,0.30700712589073637,0.0,2.0,6.5145067698259185,0.0,1.0
prefill,conversation,1,4,3,16,previous_window,421,8,0.3411520190023753,0.004750593824228029,2.0,5.862489120974761,0.0026785714285714286,0.9965811965811965
prefill,conversation,1,4,3,16,static,421,8,0.2838479809976247,0.0,2.0,7.046025104602511,0.0,1.0
prefill,conversation,1,4,3,16,transition,421,8,0.502375296912114,0.007125890736342043,2.0,3.9810874704491725,0.32395833333333335,0.5240798585941489
prefill,conversation,1,4,3,32,domain_oracle,421,8,0.6347980997624703,0.06413301662707839,4.0,6.301216089803555,0.0,1.0
prefill,conversation,1,4,3,32,previous_window,421,8,0.6235154394299287,0.0332541567695962,4.0,6.415238095238095,0.0014136904761904762,0.9978294573643411
prefill,conversation,1,4,3,32,static,421,8,0.5534441805225653,0.019002375296912115,4.0,7.227467811158799,0.0,1.0
prefill,conversation,1,4,3,32,transition,421,8,0.7482185273159145,0.14251781472684086,4.0,5.346031746031746,0.2140625,0.6540537623705763
prefill,conversation,1,5,4,8,domain_oracle,421,8,0.15795724465558195,0.0,1.0,6.330827067669173,0.0,1.0
prefill,conversation,1,5,4,8,previous_window,421,8,0.1748812351543943,0.0,1.0,5.718166383701188,0.002976190476190476,0.9964790764790764
prefill,conversation,1,5,4,8,static,421,8,0.10362232779097387,0.0,1.0,9.650429799426934,0.0,1.0
prefill,conversation,1,5,4,8,transition,421,8,0.2826603325415677,0.0,1.0,3.53781512605042,0.4050595238095238,0.4518731004445287
prefill,conversation,1,5,4,16,domain_oracle,421,8,0.32838479809976245,0.0,2.0,6.090415913200723,0.0,1.0
prefill,conversation,1,5,4,16,previous_window,421,8,0.3429334916864608,0.0,2.0,5.832034632034632,0.002380952380952381,0.9968364389233954
prefill,conversation,1,5,4,16,static,421,8,0.25534441805225655,0.0,2.0,7.832558139534884,0.0,1.0
prefill,conversation,1,5,4,16,transition,421,8,0.47090261282660334,0.014251781472684086,2.0,4.2471626733921815,0.325,0.5256602206888399
prefill,conversation,1,5,4,32,domain_oracle,421,8,0.543646080760095,0.04513064133016627,4.0,7.357728017476789,0.0,1.0
prefill,conversation,1,5,4,32,previous_window,421,8,0.5810570071258907,0.05463182897862233,4.0,6.8840061318344405,0.0015625,0.9976960237829804
prefill,conversation,1,5,4,32,static,421,8,0.4982185273159145,0.030878859857482184,4.0,8.028605482717522,0.0,1.0
prefill,conversation,1,5,4,32,transition,421,8,0.7125890736342043,0.09026128266033254,4.0,5.613333333333333,0.1931547619047619,0.6829862000393301
prefill,conversation,1,6,5,8,domain_oracle,421,8,0.18557007125890737,0.0,1.0,5.3888,0.0,1.0
prefill,conversation,1,6,5,8,previous_window,421,8,0.19714964370546317,0.0,1.0,5.072289156626506,0.0035714285714285713,0.9959462759462759
prefill,conversation,1,6,5,8,static,421,8,0.1680522565320665,0.0,1.0,5.950530035335689,0.0,1.0
prefill,conversation,1,6,5,8,transition,421,8,0.31442992874109266,0.0,1.0,3.1803588290840414,0.34910714285714284,0.5082815597101302
prefill,conversation,1,6,5,16,domain_oracle,421,8,0.3147268408551069,0.0,2.0,6.354716981132076,0.0,1.0
prefill,conversation,1,6,5,16,previous_window,421,8,0.33461995249406173,0.0,2.0,5.9769299023957405,0.0028273809523809523,0.9965099083111504
prefill,conversation,1,6,5,16,static,421,8,0.29720902612826605,0.0023752969121140144,2.0,6.72927072927073,0.0,1.0
prefill,conversation,1,6,5,16,transition,421,8,0.5071258907363421,0.019002375296912115,2.0,3.9437939110070257,0.29151785714285716,0.5632410830302728
prefill,conversation,1,6,5,32,domain_oracle,421,8,0.5644299287410927,0.04275534441805225,4.0,7.086796422935297,0.0,1.0
prefill,conversation,1,6,5,32,previous_window,421,8,0.5890736342042755,0.0498812351543943,4.0,6.790322580645161,0.0014136904761904762,0.9979072239941806
prefill,conversation,1,6,5,32,static,421,8,0.5665083135391924,0.021377672209026127,4.0,7.060796645702306,0.0,1.0
prefill,conversation,1,6,5,32,transition,421,8,0.7128859857482185,0.10688836104513064,4.0,5.610995418575594,0.18742559523809524,0.6908651953475565
prefill,conversation,1,7,6,8,domain_oracle,421,8,0.18200712589073634,0.0,1.0,5.494290375203915,0.0,1.0
prefill,conversation,1,7,6,8,previous_window,421,8,0.18824228028503562,0.0,1.0,5.312302839116719,0.003273809523809524,0.9961276818419674
prefill,conversation,1,7,6,8,static,421,8,0.16389548693586697,0.0,1.0,6.101449275362318,0.0,1.0
prefill,conversation,1,7,6,8,transition,421,8,0.3485748218527316,0.0,1.0,2.868824531516184,0.4172619047619048,0.43305097019382705
prefill,conversation,1,7,6,16,domain_oracle,421,8,0.36163895486935865,0.0,2.0,5.530377668308703,0.0,1.0
prefill,conversation,1,7,6,16,previous_window,421,8,0.3503562945368171,0.0,2.0,5.708474576271186,0.002380952380952381,0.9968364389233954
prefill,conversation,1,7,6,16,static,421,8,0.2820665083135392,0.0,2.0,7.090526315789473,0.0,1.0
prefill,conversation,1,7,6,16,transition,421,8,0.5454275534441805,0.023752969121140142,2.0,3.6668481219379423,0.3699404761904762,0.4759299864888906
prefill,conversation,1,7,6,32,domain_oracle,421,8,0.621437054631829,0.05463182897862233,4.0,6.436693741041567,0.0,1.0
prefill,conversation,1,7,6,32,previous_window,421,8,0.6327197149643705,0.06413301662707839,4.0,6.321914594087283,0.0011160714285714285,0.9982028241335045
prefill,conversation,1,7,6,32,static,421,8,0.5905581947743468,0.05463182897862233,4.0,6.77325289089995,0.0,1.0
prefill,conversation,1,7,6,32,transition,421,8,0.7698931116389549,0.16864608076009502,4.0,5.195526417277285,0.1953125,0.6799711672100928
prefill,conversation,1,8,7,8,domain_oracle,421,8,0.17131828978622327,0.0,1.0,5.837088388214904,0.0,1.0
prefill,conversation,1,8,7,8,previous_window,421,8,0.19625890736342042,0.0,1.0,5.095310136157337,0.003273809523809524,0.9961276818419674
prefill,conversation,1,8,7,8,static,421,8,0.13687648456057008,0.0,1.0,7.3058568329718,0.0,1.0
prefill,conversation,1,8,7,8,transition,421,8,0.3922209026128266,0.0,1.0,2.5495836487509465,0.4708333333333333,0.39118489975632725
prefill,conversation,1,8,7,16,domain_oracle,421,8,0.28711401425178146,0.0023752969121140144,2.0,6.965873836608067,0.0,1.0
prefill,conversation,1,8,7,16,previous_window,421,8,0.333729216152019,0.0023752969121140144,2.0,5.99288256227758,0.002380952380952381,0.9968697968697968
prefill,conversation,1,8,7,16,static,421,8,0.3108669833729216,0.0,2.0,6.433619866284623,0.0,1.0
prefill,conversation,1,8,7,16,transition,421,8,0.5703681710213777,0.06413301662707839,2.0,3.506507027589797,0.37202380952380953,0.47741335386160977
prefill,conversation,1,8,7,32,domain_oracle,421,8,0.6000593824228029,0.035629453681710214,4.0,6.666006927263731,0.0,1.0
prefill,conversation,1,8,7,32,previous_window,421,8,0.5985748218527316,0.03800475059382423,4.0,6.682539682539683,0.0013392857142857143,0.9979271374620212
prefill,conversation,1,8,7,32,static,421,8,0.6137173396674585,0.04275534441805225,4.0,6.517658442186744,0.0,1.0
prefill,conversation,1,8,7,32,transition,421,8,0.7894893111638955,0.24228028503562946,4.0,5.066566378337721,0.20714285714285716,0.6639178207837821
prefill,conversation,1,9,8,8,domain_oracle,421,8,0.1404394299287411,0.0,1.0,7.120507399577167,0.0,1.0
prefill,conversation,1,9,8,8,previous_window,421,8,0.15112826603325416,0.0,1.0,6.616895874263261,0.0035714285714285713,0.9959462759462759
prefill,conversation,1,9,8,8,static,421,8,0.11906175771971496,0.0,1.0,8.399002493765586,0.0,1.0
prefill,conversation,1,9,8,8,transition,421,8,0.3928147268408551,0.0,1.0,2.54572940287226,0.5101190476190476,0.34791726791726685
prefill,conversation,1,9,8,16,domain_oracle,421,8,0.2776128266033254,0.0,2.0,7.20427807486631,0.0,1.0
prefill,conversation,1,9,8,16,previous_window,421,8,0.3171021377672209,0.0,2.0,6.307116104868914,0.002380952380952381,0.9969261778785589
prefill,conversation,1,9,8,16,static,421,8,0.2556413301662708,0.0,2.0,7.823461091753774,0.0,1.0
prefill,conversation,1,9,8,16,transition,421,8,0.6422209026128266,0.07600950118764846,2.0,3.11419325011558,0.4549107142857143,0.395005594520054
prefill,conversation,1,9,8,32,domain_oracle,421,8,0.6006532066508313,0.019002375296912115,4.0,6.659416707859615,0.0,1.0
prefill,conversation,1,9,8,32,previous_window,421,8,0.5932304038004751,0.021377672209026127,4.0,6.742742742742743,0.0014136904761904762,0.9978294573643411
prefill,conversation,1,9,8,32,static,421,8,0.5754156769596199,0.014251781472684086,4.0,6.951496388028896,0.0,1.0
prefill,conversation,1,9,8,32,transition,421,8,0.836104513064133,0.29453681710213775,4.0,4.784090909090909,0.2819196428571429,0.5714313734948866
prefill,conversation,1,10,9,8,domain_oracle,421,8,0.1754750593824228,0.0,1.0,5.698815566835871,0.0,1.0
prefill,conversation,1,10,9,8,previous_window,421,8,0.18111638954869358,0.0,1.0,5.521311475409836,0.0026785714285714286,0.9965811965811965
prefill,conversation,1,10,9,8,static,421,8,0.12232779097387174,0.0,1.0,8.174757281553399,0.0,1.0
prefill,conversation,1,10,9,8,transition,421,8,0.3999406175771972,0.0,1.0,2.5003711952487007,0.5327380952380952,0.332414675271817
prefill,conversation,1,10,9,16,domain_oracle,421,8,0.342042755344418,0.0,2.0,5.847222222222222,0.0,1.0
prefill,conversation,1,10,9,16,previous_window,421,8,0.36163895486935865,0.0,2.0,5.530377668308703,0.001636904761904762,0.9975983436853003
prefill,conversation,1,10,9,16,static,421,8,0.27197149643705465,0.0,2.0,7.353711790393013,0.0,1.0
prefill,conversation,1,10,9,16,transition,421,8,0.6095605700712589,0.06175771971496437,2.0,3.2810521188504627,0.41904761904761906,0.4281510783859523
prefill,conversation,1,10,9,32,domain_oracle,421,8,0.5953087885985748,0.04513064133016627,4.0,6.719201995012469,0.0,1.0
prefill,conversation,1,10,9,32,previous_window,421,8,0.6065914489311164,0.08788598574821853,4.0,6.594224180127264,0.0017113095238095238,0.9975579975579977
prefill,conversation,1,10,9,32,static,421,8,0.6036223277909739,0.040380047505938245,4.0,6.626660108214462,0.0,1.0
prefill,conversation,1,10,9,32,transition,421,8,0.8435273159144893,0.3515439429928741,4.0,4.7419922562478,0.25104166666666666,0.6081618268965006
prefill,conversation,1,11,10,8,domain_oracle,421,8,0.1582541567695962,0.0,1.0,6.318949343339587,0.0,1.0
prefill,conversation,1,11,10,8,previous_window,421,8,0.1490498812351544,0.0,1.0,6.709163346613546,0.004166666666666667,0.9955782312925169
prefill,conversation,1,11,10,8,static,421,8,0.12915676959619954,0.0,1.0,7.742528735632184,0.0,1.0
prefill,conversation,1,11,10,8,transition,421,8,0.32838479809976245,0.0,1.0,3.0452079566003616,0.38392857142857145,0.4671934414791561
prefill,conversation,1,11,10,16,domain_oracle,421,8,0.3078978622327791,0.0023752969121140144,2.0,6.49566055930569,0.0,1.0
prefill,conversation,1,11,10,16,previous_window,421,8,0.3251187648456057,0.0023752969121140144,2.0,6.151598173515982,0.002529761904761905,0.9967192228061793
prefill,conversation,1,11,10,16,static,421,8,0.27256532066508316,0.0,2.0,7.337690631808279,0.0,1.0
prefill,conversation,1,11,10,16,transition,421,8,0.5353325415676959,0.035629453681710214,2.0,3.7359955629506376,0.33779761904761907,0.50958650422748
prefill,conversation,1,11,10,32,domain_oracle,421,8,0.6113420427553444,0.026128266033254157,4.0,6.5429820301117045,0.0,1.0
prefill,conversation,1,11,10,32,previous_window,421,8,0.6241092636579573,0.052256532066508314,4.0,6.4091341579448144,0.0010416666666666667,0.9983736750514159
prefill,conversation,1,11,10,32,static,421,8,0.5507719714964371,0.035629453681710214,4.0,7.262533692722372,0.0,1.0
prefill,conversation,1,11,10,32,transition,421,8,0.7651425178147269,0.15201900237529692,4.0,5.2277842452464105,0.21004464285714286,0.6601382254285514
prefill,conversation,1,12,11,8,domain_oracle,421,8,0.17755344418052257,0.0,1.0,5.632107023411371,0.0,1.0
prefill,conversation,1,12,11,8,previous_window,421,8,0.17399049881235154,0.0,1.0,5.747440273037543,0.002976190476190476,0.9963369963369964
prefill,conversation,1,12,11,8,static,421,8,0.12054631828978622,0.0,1.0,8.295566502463053,0.0,1.0
prefill,conversation,1,12,11,8,transition,421,8,0.3411520190023753,0.0,1.0,2.9312445604873805,0.4139880952380952,0.4374817246245822
prefill,conversation,1,12,11,16,domain_oracle,421,8,0.35391923990498814,0.007125890736342043,2.0,5.651006711409396,0.0,1.0
prefill,conversation,1,12,11,16,previous_window,421,8,0.36193586698337293,0.0023752969121140144,2.0,5.525840853158327,0.0020833333333333333,0.9971519274376417
prefill,conversation,1,12,11,16,static,421,8,0.26247030878859856,0.0,2.0,7.619909502262443,0.0,1.0
prefill,conversation,1,12,11,16,transition,421,8,0.5308788598574822,0.03800475059382423,2.0,3.767337807606264,0.33169642857142856,0.5194561316509153
prefill,conversation,1,12,11,32,domain_oracle,421,8,0.6205463182897862,0.040380047505938245,4.0,6.445933014354067,0.0,1.0
prefill,conversation,1,12,11,32,previous_window,421,8,0.6416270783847982,0.07125890736342043,4.0,6.2341508560851455,0.0013392857142857143,0.9979494190020507
prefill,conversation,1,12,11,32,static,421,8,0.5736342042755345,0.05938242280285035,4.0,6.9730848861283645,0.0,1.0
prefill,conversation,1,12,11,32,transition,421,8,0.7767220902612827,0.22802850356294538,4.0,5.149847094801223,0.21339285714285713,0.6554595413855993
prefill,conversation,1,13,12,8,domain_oracle,421,8,0.1748812351543943,0.0,1.0,5.718166383701188,0.0,1.0
prefill,conversation,1,13,12,8,previous_window,421,8,0.18438242280285036,0.0,1.0,5.423510466988728,0.003273809523809524,0.9961276818419674
prefill,conversation,1,13,12,8,static,421,8,0.10005938242280285,0.0,1.0,9.99406528189911,0.0,1.0
prefill,conversation,1,13,12,8,transition,421,8,0.30463182897862234,0.0,1.0,3.2826510721247564,0.42738095238095236,0.4279972408543829
prefill,conversation,1,13,12,16,domain_oracle,421,8,0.35184085510688834,0.007125890736342043,2.0,5.684388185654009,0.0,1.0
prefill,conversation,1,13,12,16,previous_window,421,8,0.36223277909738716,0.0,2.0,5.521311475409836,0.0020833333333333333,0.9971519274376417
prefill,conversation,1,13,12,16,static,421,8,0.27315914489311166,0.0,2.0,7.321739130434783,0.0,1.0
prefill,conversation,1,13,12,16,transition,421,8,0.44566508313539194,0.019002375296912115,2.0,4.487674883411059,0.2825892857142857,0.5731478115945924
prefill,conversation,1,13,12,32,domain_oracle,421,8,0.6220308788598575,0.04275534441805225,4.0,6.430548926014319,0.0,1.0
prefill,conversation,1,13,12,32,previous_window,421,8,0.6282660332541568,0.05938242280285035,4.0,6.366729678638942,0.0012648809523809524,0.9980299586174739
prefill,conversation,1,13,12,32,static,421,8,0.5843230403800475,0.04275534441805225,4.0,6.845528455284553,0.0,1.0
prefill,conversation,1,13,12,32,transition,421,8,0.7283254156769596,0.171021377672209,4.0,5.492050550346515,0.17061011904761905,0.7144873260930946
prefill,conversation,1,14,13,8,domain_oracle,421,8,0.16419239904988123,0.0,1.0,6.090415913200723,0.0,1.0
prefill,conversation,1,14,13,8,previous_window,421,8,0.17844418052256533,0.0,1.0,5.603993344425957,0.003273809523809524,0.9961276818419674
prefill,conversation,1,14,13,8,static,421,8,0.10985748218527316,0.0,1.0,9.102702702702702,0.0,1.0
prefill,conversation,1,14,13,8,transition,421,8,0.3251187648456057,0.0,1.0,3.075799086757991,0.4961309523809524,0.3609125794840071
prefill,conversation,1,14,13,16,domain_oracle,421,8,0.29780285035629456,0.0023752969121140144,2.0,6.715852442671984,0.0,1.0
prefill,conversation,1,14,13,16,previous_window,421,8,0.33907363420427555,0.0023752969121140144,2.0,5.898423817863398,0.002380952380952381,0.9970068027210884
prefill,conversation,1,14,13,16,static,421,8,0.29334916864608074,0.0,2.0,6.817813765182186,0.0,1.0
prefill,conversation,1,14,13,16,transition,421,8,0.5231591448931117,0.011876484560570071,2.0,3.822928490351873,0.3703869047619048,0.47419186072361197
prefill,conversation,1,14,13,32,domain_oracle,421,8,0.6294536817102138,0.052256532066508314,4.0,6.354716981132076,0.0,1.0
prefill,conversation,1,14,13,32,previous_window,421,8,0.630938242280285,0.057007125890736345,4.0,6.339764705882353,0.0014136904761904762,0.9978465978465979
prefill,conversation,1,14,13,32,static,421,8,0.5573040380047506,0.023752969121140142,4.0,7.177410761854023,0.0,1.0
prefill,conversation,1,14,13,32,transition,421,8,0.7592042755344418,0.19714964370546317,4.0,5.268674227610481,0.1976190476190476,0.6765567167144962
prefill,conversation,1,15,14,8,domain_oracle,421,8,0.21080760095011877,0.0,1.0,4.743661971830986,0.0,1.0
prefill,conversation,1,15,14,8,previous_window,421,8,0.21169833729216153,0.0,1.0,4.723702664796634,0.0026785714285714286,0.9965811965811965
prefill,conversation,1,15,14,8,static,421,8,0.1514251781472684,0.0,1.0,6.603921568627451,0.0,1.0
prefill,conversation,1,15,14,8,transition,421,8,0.29720902612826605,0.0,1.0,3.364635364635365,0.3413690476190476,0.511130033987176
prefill,conversation,1,15,14,16,domain_oracle,421,8,0.3847980997624703,0.0,2.0,5.197530864197531,0.0,1.0
prefill,conversation,1,15,14,16,previous_window,421,8,0.3824228028503563,0.0023752969121140144,2.0,5.229813664596273,0.0019345238095238096,0.9972789115646259
prefill,conversation,1,15,14,16,static,421,8,0.3233372921615202,0.0,2.0,6.185491276400367,0.0,1.0
prefill,conversation,1,15,14,16,transition,421,8,0.5050475059382423,0.0166270783847981,2.0,3.960023515579071,0.29017857142857145,0.5602581534566983
prefill,conversation,1,15,14,32,domain_oracle,421,8,0.7125890736342043,0.0831353919239905,4.0,5.613333333333333,0.0,1.0
prefill,conversation,1,15,14,32,previous_window,421,8,0.7137767220902613,0.14251781472684086,4.0,5.603993344425957,0.000818452380952381,0.9986161986161985
prefill,conversation,1,15,14,32,static,421,8,0.6252969121140143,0.028503562945368172,4.0,6.39696106362773,0.0,1.0
prefill,conversation,1,15,14,32,transition,421,8,0.7618764845605701,0.14489311163895488,4.0,5.250194855806703,0.1665922619047619,0.7198073153273183
prefill,conversation,2,3,1,8,domain_oracle,421,8,0.18557007125890737,0.0,1.0,5.3888,0.0,1.0
prefill,conversation,2,3,1,8,previous_window,421,8,0.16448931116389548,0.0,1.0,6.07942238267148,0.003869047619047619,0.9957369614512472
prefill,conversation,2,3,1,8,static,421,8,0.13984560570071258,0.0,1.0,7.150743099787686,0.0,1.0
prefill,conversation,2,3,1,8,transition,421,8,0.45546318289786225,0.0,1.0,2.195567144719687,0.5485119047619048,0.3296248196248182
prefill,conversation,2,3,1,16,domain_oracle,421,8,0.33966745843230406,0.0,2.0,5.888111888111888,0.0,1.0
prefill,conversation,2,3,1,16,previous_window,421,8,0.3429334916864608,0.0,2.0,5.832034632034632,0.0026785714285714286,0.9966106893643126
prefill,conversation,2,3,1,16,static,421,8,0.3248218527315915,0.0,2.0,6.157221206581353,0.0,1.0
prefill,conversation,2,3,1,16,transition,421,8,0.6852731591448931,0.0498812351543943,2.0,2.918544194107452,0.4114583333333333,0.444221188638572
prefill,conversation,2,3,1,32,domain_oracle,421,8,0.6445961995249406,0.05463182897862233,4.0,6.205435283279595,0.0,1.0
prefill,conversation,2,3,1,32,previous_window,421,8,0.6306413301662708,0.0332541567695962,4.0,6.342749529190207,0.0012648809523809524,0.9980023228803717
prefill,conversation,2,3,1,32,static,421,8,0.665083135391924,0.052256532066508314,4.0,6.014285714285714,0.0,1.0
prefill,conversation,2,3,1,32,transition,421,8,0.8791567695961995,0.4156769596199525,4.0,4.549814251941911,0.23735119047619047,0.6283152170379744
prefill,conversation,2,4,2,8,domain_oracle,421,8,0.14192399049881235,0.0,1.0,7.046025104602511,0.0,1.0
prefill,conversation,2,4,2,8,previous_window,421,8,0.17992874109263657,0.0,1.0,5.557755775577558,0.003869047619047619,0.9957369614512472
prefill,conversation,2,4,2,8,static,421,8,0.13598574821852732,0.0,1.0,7.353711790393013,0.0,1.0
prefill,conversation,2,4,2,8,transition,421,8,0.36223277909738716,0.0,1.0,2.760655737704918,0.4392857142857143,0.41622377622377577
prefill,conversation,2,4,2,16,domain_oracle,421,8,0.30700712589073637,0.0,2.0,6.5145067698259185,0.0,1.0
prefill,conversation,2,4,2,16,previous_window,421,8,0.3411520190023753,0.004750593824228029,2.0,5.862489120974761,0.0026785714285714286,0.9965811965811965
prefill,conversation,2,4,2,16,static,421,8,0.2838479809976247,0.0,2.0,7.046025104602511,0.0,1.0
prefill,conversation,2,4,2,16,transition,421,8,0.5727434679334917,0.0166270783847981,2.0,3.4919647485743908,0.34538690476190476,0.5063337007255885
prefill,conversation,2,4,2,32,domain_oracle,421,8,0.6347980997624703,0.06413301662707839,4.0,6.301216089803555,0.0,1.0
prefill,conversation,2,4,2,32,previous_window,421,8,0.6235154394299287,0.0332541567695962,4.0,6.415238095238095,0.0014136904761904762,0.9978294573643411
prefill,conversation,2,4,2,32,static,421,8,0.5534441805225653,0.019002375296912115,4.0,7.227467811158799,0.0,1.0
prefill,conversation,2,4,2,32,transition,421,8,0.8269002375296912,0.25415676959619954,4.0,4.837342908438061,0.24047619047619048,0.6246348401963326
prefill,conversation,2,5,3,8,domain_oracle,421,8,0.15795724465558195,0.0,1.0,6.330827067669173,0.0,1.0
prefill,conversation,2,5,3,8,previous_window,421,8,0.1748812351543943,0.0,1.0,5.718166383701188,0.002976190476190476,0.9964790764790764
prefill,conversation,2,5,3,8,static,421,8,0.10362232779097387,0.0,1.0,9.650429799426934,0.0,1.0
prefill,conversation,2,5,3,8,transition,421,8,0.34471496437054633,0.0,1.0,2.900947459086994,0.45148809523809524,0.41357621214763984
prefill,conversation,2,5,3,16,domain_oracle,421,8,0.32838479809976245,0.0,2.0,6.090415913200723,0.0,1.0
prefill,conversation,2,5,3,16,previous_window,421,8,0.3429334916864608,0.0,2.0,5.832034632034632,0.002380952380952381,0.9968364389233954
prefill,conversation,2,5,3,16,static,421,8,0.25534441805225655,0.0,2.0,7.832558139534884,0.0,1.0
prefill,conversation,2,5,3,16,transition,421,8,0.5442399049881235,0.019002375296912115,2.0,3.674849972722313,0.3517857142857143,0.507004703445559
prefill,conversation,2,5,3,32,domain_oracle,421,8,0.543646080760095,0.04513064133016627,4.0,7.357728017476789,0.0,1.0
prefill,conversation,2,5,3,32,previous_window,421,8,0.5810570071258907,0.05463182897862233,4.0,6.8840061318344405,0.0015625,0.9976960237829804
prefill,conversation,2,5,3,32,static,421,8,0.4982185273159145,0.030878859857482184,4.0,8.028605482717522,0.0,1.0
prefill,conversation,2,5,3,32,transition,421,8,0.7957244655581948,0.21377672209026127,4.0,5.026865671641791,0.22931547619047618,0.6388229404508975
prefill,conversation,2,6,4,8,domain_oracle,421,8,0.18557007125890737,0.0,1.0,5.3888,0.0,1.0
prefill,conversation,2,6,4,8,previous_window,421,8,0.19714964370546317,0.0,1.0,5.072289156626506,0.0035714285714285713,0.9959462759462759
prefill,conversation,2,6,4,8,static,421,8,0.1680522565320665,0.0,1.0,5.950530035335689,0.0,1.0
prefill,conversation,2,6,4,8,transition,421,8,0.3681710213776722,0.0,1.0,2.7161290322580647,0.4095238095238095,0.45219103647674974
prefill,conversation,2,6,4,16,domain_oracle,421,8,0.3147268408551069,0.0,2.0,6.354716981132076,0.0,1.0
prefill,conversation,2,6,4,16,previous_window,421,8,0.33461995249406173,0.0,2.0,5.9769299023957405,0.0028273809523809523,0.9965099083111504
prefill,conversation,2,6,4,16,static,421,8,0.29720902612826605,0.0023752969121140144,2.0,6.72927072927073,0.0,1.0
prefill,conversation,2,6,4,16,transition,421,8,0.5647268408551069,0.030878859857482184,2.0,3.541535226077813,0.3168154761904762,0.5425276752356591
prefill,conversation,2,6,4,32,domain_oracle,421,8,0.5644299287410927,0.04275534441805225,4.0,7.086796422935297,0.0,1.0
prefill,conversation,2,6,4,32,previous_window,421,8,0.5890736342042755,0.0498812351543943,4.0,6.790322580645161,0.0014136904761904762,0.9979072239941806
prefill,conversation,2,6,4,32,static,421,8,0.5665083135391924,0.021377672209026127,4.0,7.060796645702306,0.0,1.0
prefill,conversation,2,6,4,32,transition,421,8,0.7642517814726841,0.1828978622327791,4.0,5.233877233877234,0.21949404761904762,0.6504166877079666
prefill,conversation,2,7,5,8,domain_oracle,421,8,0.18200712589073634,0.0,1.0,5.494290375203915,0.0,1.0
prefill,conversation,2,7,5,8,previous_window,421,8,0.18824228028503562,0.0,1.0,5.312302839116719,0.003273809523809524,0.9961276818419674
prefill,conversation,2,7,5,8,static,421,8,0.16389548693586697,0.0,1.0,6.101449275362318,0.0,1.0
prefill,conversation,2,7,5,8,transition,421,8,0.4168646080760095,0.0,1.0,2.398860398860399,0.44702380952380955,0.4136478336478324
prefill,conversation,2,7,5,16,domain_oracle,421,8,0.36163895486935865,0.0,2.0,5.530377668308703,0.0,1.0
prefill,conversation,2,7,5,16,previous_window,421,8,0.3503562945368171,0.0,2.0,5.708474576271186,0.002380952380952381,0.9968364389233954
prefill,conversation,2,7,5,16,static,421,8,0.2820665083135392,0.0,2.0,7.090526315789473,0.0,1.0
prefill,conversation,2,7,5,16,transition,421,8,0.6149049881235155,0.047505938242280284,2.0,3.252535007242878,0.37410714285714286,0.4821191944716265
prefill,conversation,2,7,5,32,domain_oracle,421,8,0.621437054631829,0.05463182897862233,4.0,6.436693741041567,0.0,1.0
prefill,conversation,2,7,5,32,previous_window,421,8,0.6327197149643705,0.06413301662707839,4.0,6.321914594087283,0.0011160714285714285,0.9982028241335045
prefill,conversation,2,7,5,32,static,421,8,0.5905581947743468,0.05463182897862233,4.0,6.77325289089995,0.0,1.0
prefill,conversation,2,7,5,32,transition,421,8,0.8286817102137767,0.2755344418052256,4.0,4.82694374776066,0.22924107142857142,0.638025090211782
prefill,conversation,2,8,6,8,domain_oracle,421,8,0.17131828978622327,0.0,1.0,5.837088388214904,0.0,1.0
prefill,conversation,2,8,6,8,previous_window,421,8,0.19625890736342042,0.0,1.0,5.095310136157337,0.003273809523809524,0.9961276818419674
prefill,conversation,2,8,6,8,static,421,8,0.13687648456057008,0.0,1.0,7.3058568329718,0.0,1.0
prefill,conversation,2,8,6,8,transition,421,8,0.4358669833729216,0.0,1.0,2.2942779291553133,0.5026785714285714,0.3701642273070828
prefill,conversation,2,8,6,16,domain_oracle,421,8,0.28711401425178146,0.0023752969121140144,2.0,6.965873836608067,0.0,1.0
prefill,conversation,2,8,6,16,previous_window,421,8,0.333729216152019,0.0023752969121140144,2.0,5.99288256227758,0.002380952380952381,0.9968697968697968
prefill,conversation,2,8,6,16,static,421,8,0.3108669833729216,0.0,2.0,6.433619866284623,0.0,1.0
prefill,conversation,2,8,6,16,transition,421,8,0.6347980997624703,0.0997624703087886,2.0,3.1506080449017775,0.3882440476190476,0.46969224815664645
prefill,conversation,2,8,6,32,domain_oracle,421,8,0.6000593824228029,0.035629453681710214,4.0,6.666006927263731,0.0,1.0
prefill,conversation,2,8,6,32,previous_window,421,8,0.5985748218527316,0.03800475059382423,4.0,6.682539682539683,0.0013392857142857143,0.9979271374620212
prefill,conversation,2,8,6,32,static,421,8,0.6137173396674585,0.04275534441805225,4.0,6.517658442186744,0.0,1.0
prefill,conversation,2,8,6,32,transition,421,8,0.8435273159144893,0.3159144893111639,4.0,4.7419922562478,0.22805059523809523,0.6396881702641767
prefill,conversation,2,9,7,8,domain_oracle,421,8,0.1404394299287411,0.0,1.0,7.120507399577167,0.0,1.0
prefill,conversation,2,9,7,8,previous_window,421,8,0.15112826603325416,0.0,1.0,6.616895874263261,0.0035714285714285713,0.9959462759462759
prefill,conversation,2,9,7,8,static,421,8,0.11906175771971496,0.0,1.0,8.399002493765586,0.0,1.0
prefill,conversation,2,9,7,8,transition,421,8,0.46318289786223277,0.004750593824228029,1.0,2.158974358974359,0.5452380952380952,0.328944441801583
prefill,conversation,2,9,7,16,domain_oracle,421,8,0.2776128266033254,0.0,2.0,7.20427807486631,0.0,1.0
prefill,conversation,2,9,7,16,previous_window,421,8,0.3171021377672209,0.0,2.0,6.307116104868914,0.002380952380952381,0.9969261778785589
prefill,conversation,2,9,7,16,static,421,8,0.2556413301662708,0.0,2.0,7.823461091753774,0.0,1.0
prefill,conversation,2,9,7,16,transition,421,8,0.7054631828978623,0.12589073634204276,2.0,2.835016835016835,0.4523809523809524,0.41117714262505456
prefill,conversation,2,9,7,32,domain_oracle,421,8,0.6006532066508313,0.019002375296912115,4.0,6.659416707859615,0.0,1.0
prefill,conversation,2,9,7,32,previous_window,421,8,0.5932304038004751,0.021377672209026127,4.0,6.742742742742743,0.0014136904761904762,0.9978294573643411
prefill,conversation,2,9,7,32,static,421,8,0.5754156769596199,0.014251781472684086,4.0,6.951496388028896,0.0,1.0
prefill,conversation,2,9,7,32,transition,421,8,0.8684679334916865,0.37292161520190026,4.0,4.605811965811966,0.27686011904761904,0.5834278575428086
prefill,conversation,2,10,8,8,domain_oracle,421,8,0.1754750593824228,0.0,1.0,5.698815566835871,0.0,1.0
prefill,conversation,2,10,8,8,previous_window,421,8,0.18111638954869358,0.0,1.0,5.521311475409836,0.0026785714285714286,0.9965811965811965
prefill,conversation,2,10,8,8,static,421,8,0.12232779097387174,0.0,1.0,8.174757281553399,0.0,1.0
prefill,conversation,2,10,8,8,transition,421,8,0.45338479809976245,0.0,1.0,2.205631958087754,0.580654761904762,0.30271844557558697
prefill,conversation,2,10,8,16,domain_oracle,421,8,0.342042755344418,0.0,2.0,5.847222222222222,0.0,1.0
prefill,conversation,2,10,8,16,previous_window,421,8,0.36163895486935865,0.0,2.0,5.530377668308703,0.001636904761904762,0.9975983436853003
prefill,conversation,2,10,8,16,static,421,8,0.27197149643705465,0.0,2.0,7.353711790393013,0.0,1.0
prefill,conversation,2,10,8,16,transition,421,8,0.6846793349168646,0.1187648456057007,2.0,2.9210754553339116,0.43913690476190476,0.4179808583250607
prefill,conversation,2,10,8,32,domain_oracle,421,8,0.5953087885985748,0.04513064133016627,4.0,6.719201995012469,0.0,1.0
prefill,conversation,2,10,8,32,previous_window,421,8,0.6065914489311164,0.08788598574821853,4.0,6.594224180127264,0.0017113095238095238,0.9975579975579977
prefill,conversation,2,10,8,32,static,421,8,0.6036223277909739,0.040380047505938245,4.0,6.626660108214462,0.0,1.0
prefill,conversation,2,10,8,32,transition,421,8,0.8836104513064132,0.4655581947743468,4.0,4.526881720430108,0.25833333333333336,0.6043326294681471
prefill,conversation,2,11,9,8,domain_oracle,421,8,0.1582541567695962,0.0,1.0,6.318949343339587,0.0,1.0
prefill,conversation,2,11,9,8,previous_window,421,8,0.1490498812351544,0.0,1.0,6.709163346613546,0.004166666666666667,0.9955782312925169
prefill,conversation,2,11,9,8,static,421,8,0.12915676959619954,0.0,1.0,7.742528735632184,0.0,1.0
prefill,conversation,2,11,9,8,transition,421,8,0.373812351543943,0.0,1.0,2.6751389992057186,0.43392857142857144,0.4252974010116859
prefill,conversation,2,11,9,16,domain_oracle,421,8,0.3078978622327791,0.0023752969121140144,2.0,6.49566055930569,0.0,1.0
prefill,conversation,2,11,9,16,previous_window,421,8,0.3251187648456057,0.0023752969121140144,2.0,6.151598173515982,0.002529761904761905,0.9967192228061793
prefill,conversation,2,11,9,16,static,421,8,0.27256532066508316,0.0,2.0,7.337690631808279,0.0,1.0
prefill,conversation,2,11,9,16,transition,421,8,0.5935273159144893,0.052256532066508314,2.0,3.3696848424212105,0.35773809523809524,0.49736947311123125
prefill,conversation,2,11,9,32,domain_oracle,421,8,0.6113420427553444,0.026128266033254157,4.0,6.5429820301117045,0.0,1.0
prefill,conversation,2,11,9,32,previous_window,421,8,0.6241092636579573,0.052256532066508314,4.0,6.4091341579448144,0.0010416666666666667,0.9983736750514159
prefill,conversation,2,11,9,32,static,421,8,0.5507719714964371,0.035629453681710214,4.0,7.262533692722372,0.0,1.0
prefill,conversation,2,11,9,32,transition,421,8,0.8263064133016627,0.27790973871733965,4.0,4.8408192597915916,0.23251488095238096,0.6350031585915806
prefill,conversation,2,12,10,8,domain_oracle,421,8,0.17755344418052257,0.0,1.0,5.632107023411371,0.0,1.0
prefill,conversation,2,12,10,8,previous_window,421,8,0.17399049881235154,0.0,1.0,5.747440273037543,0.002976190476190476,0.9963369963369964
prefill,conversation,2,12,10,8,static,421,8,0.12054631828978622,0.0,1.0,8.295566502463053,0.0,1.0
prefill,conversation,2,12,10,8,transition,421,8,0.38212589073634207,0.0,1.0,2.616938616938617,0.4318452380952381,0.4290004175718451
prefill,conversation,2,12,10,16,domain_oracle,421,8,0.35391923990498814,0.007125890736342043,2.0,5.651006711409396,0.0,1.0
prefill,conversation,2,12,10,16,previous_window,421,8,0.36193586698337293,0.0023752969121140144,2.0,5.525840853158327,0.0020833333333333333,0.9971519274376417
prefill,conversation,2,12,10,16,static,421,8,0.26247030878859856,0.0,2.0,7.619909502262443,0.0,1.0
prefill,conversation,2,12,10,16,transition,421,8,0.5783847980997625,0.0498812351543943,2.0,3.457905544147844,0.34732142857142856,0.5087060872359735
prefill,conversation,2,12,10,32,domain_oracle,421,8,0.6205463182897862,0.040380047505938245,4.0,6.445933014354067,0.0,1.0
prefill,conversation,2,12,10,32,previous_window,421,8,0.6416270783847982,0.07125890736342043,4.0,6.2341508560851455,0.0013392857142857143,0.9979494190020507
prefill,conversation,2,12,10,32,static,421,8,0.5736342042755345,0.05938242280285035,4.0,6.9730848861283645,0.0,1.0
prefill,conversation,2,12,10,32,transition,421,8,0.8310570071258907,0.342042755344418,4.0,4.813147552697392,0.2369047619047619,0.628206955793318
prefill,conversation,2,13,11,8,domain_oracle,421,8,0.1748812351543943,0.0,1.0,5.718166383701188,0.0,1.0
prefill,conversation,2,13,11,8,previous_window,421,8,0.18438242280285036,0.0,1.0,5.423510466988728,0.003273809523809524,0.9961276818419674
prefill,conversation,2,13,11,8,static,421,8,0.10005938242280285,0.0,1.0,9.99406528189911,0.0,1.0
prefill,conversation,2,13,11,8,transition,421,8,0.3331353919239905,0.0,1.0,3.001782531194296,0.4711309523809524,0.3940663569234988
prefill,conversation,2,13,11,16,domain_oracle,421,8,0.35184085510688834,0.007125890736342043,2.0,5.684388185654009,0.0,1.0
prefill,conversation,2,13,11,16,previous_window,421,8,0.36223277909738716,0.0,2.0,5.521311475409836,0.0020833333333333333,0.9971519274376417
prefill,conversation,2,13,11,16,static,421,8,0.27315914489311166,0.0,2.0,7.321739130434783,0.0,1.0
prefill,conversation,2,13,11,16,transition,421,8,0.5106888361045131,0.019002375296912115,2.0,3.916279069767442,0.3148809523809524,0.5398926582511507
prefill,conversation,2,13,11,32,domain_oracle,421,8,0.6220308788598575,0.04275534441805225,4.0,6.430548926014319,0.0,1.0
prefill,conversation,2,13,11,32,previous_window,421,8,0.6282660332541568,0.05938242280285035,4.0,6.366729678638942,0.0012648809523809524,0.9980299586174739
prefill,conversation,2,13,11,32,static,421,8,0.5843230403800475,0.04275534441805225,4.0,6.845528455284553,0.0,1.0
prefill,conversation,2,13,11,32,transition,421,8,0.7788004750593824,0.2517814726840855,4.0,5.136103698055662,0.19709821428571428,0.6799031109832077
prefill,conversation,2,14,12,8,domain_oracle,421,8,0.16419239904988123,0.0,1.0,6.090415913200723,0.0,1.0
prefill,conversation,2,14,12,8,previous_window,421,8,0.17844418052256533,0.0,1.0,5.603993344425957,0.003273809523809524,0.9961276818419674
prefill,conversation,2,14,12,8,static,421,8,0.10985748218527316,0.0,1.0,9.102702702702702,0.0,1.0
prefill,conversation,2,14,12,8,transition,421,8,0.3836104513064133,0.0,1.0,2.606811145510836,0.5294642857142857,0.34733034161605447
prefill,conversation,2,14,12,16,domain_oracle,421,8,0.29780285035629456,0.0023752969121140144,2.0,6.715852442671984,0.0,1.0
prefill,conversation,2,14,12,16,previous_window,421,8,0.33907363420427555,0.0023752969121140144,2.0,5.898423817863398,0.002380952380952381,0.9970068027210884
prefill,conversation,2,14,12,16,static,421,8,0.29334916864608074,0.0,2.0,6.817813765182186,0.0,1.0
prefill,conversation,2,14,12,16,transition,421,8,0.5822446555819477,0.0332541567695962,2.0,3.434982151963284,0.3912202380952381,0.46424723042841914
prefill,conversation,2,14,12,32,domain_oracle,421,8,0.6294536817102138,0.052256532066508314,4.0,6.354716981132076,0.0,1.0
prefill,conversation,2,14,12,32,previous_window,421,8,0.630938242280285,0.057007125890736345,4.0,6.339764705882353,0.0014136904761904762,0.9978465978465979
prefill,conversation,2,14,12,32,static,421,8,0.5573040380047506,0.023752969121140142,4.0,7.177410761854023,0.0,1.0
prefill,conversation,2,14,12,32,transition,421,8,0.8182897862232779,0.26365795724465557,4.0,4.888243831640058,0.21197916666666666,0.6607310641834518
prefill,conversation,2,15,13,8,domain_oracle,421,8,0.21080760095011877,0.0,1.0,4.743661971830986,0.0,1.0
prefill,conversation,2,15,13,8,previous_window,421,8,0.21169833729216153,0.0,1.0,4.723702664796634,0.0026785714285714286,0.9965811965811965
prefill,conversation,2,15,13,8,static,421,8,0.1514251781472684,0.0,1.0,6.603921568627451,0.0,1.0
prefill,conversation,2,15,13,8,transition,421,8,0.34026128266033256,0.0,1.0,2.93891797556719,0.4005952380952381,0.45902013330584696
prefill,conversation,2,15,13,16,domain_oracle,421,8,0.3847980997624703,0.0,2.0,5.197530864197531,0.0,1.0
prefill,conversation,2,15,13,16,previous_window,421,8,0.3824228028503563,0.0023752969121140144,2.0,5.229813664596273,0.0019345238095238096,0.9972789115646259
prefill,conversation,2,15,13,16,static,421,8,0.3233372921615202,0.0,2.0,6.185491276400367,0.0,1.0
prefill,conversation,2,15,13,16,transition,421,8,0.5457244655581948,0.0166270783847981,2.0,3.6648531011969534,0.32336309523809526,0.5307528138683332
prefill,conversation,2,15,13,32,domain_oracle,421,8,0.7125890736342043,0.0831353919239905,4.0,5.613333333333333,0.0,1.0
prefill,conversation,2,15,13,32,previous_window,421,8,0.7137767220902613,0.14251781472684086,4.0,5.603993344425957,0.000818452380952381,0.9986161986161985
prefill,conversation,2,15,13,32,static,421,8,0.6252969121140143,0.028503562945368172,4.0,6.39696106362773,0.0,1.0
prefill,conversation,2,15,13,32,transition,421,8,0.7992874109263658,0.2327790973871734,4.0,5.00445765230312,0.19166666666666668,0.6882848686530052
prefill,conversation,3,4,1,8,domain_oracle,421,8,0.14192399049881235,0.0,1.0,7.046025104602511,0.0,1.0
prefill,conversation,3,4,1,8,previous_window,421,8,0.17992874109263657,0.0,1.0,5.557755775577558,0.003869047619047619,0.9957369614512472
prefill,conversation,3,4,1,8,static,421,8,0.13598574821852732,0.0,1.0,7.353711790393013,0.0,1.0
prefill,conversation,3,4,1,8,transition,421,8,0.4165676959619953,0.0,1.0,2.400570206699929,0.4842261904761905,0.3770267298838717
prefill,conversation,3,4,1,16,domain_oracle,421,8,0.30700712589073637,0.0,2.0,6.5145067698259185,0.0,1.0
prefill,conversation,3,4,1,16,previous_window,421,8,0.3411520190023753,0.004750593824228029,2.0,5.862489120974761,0.0026785714285714286,0.9965811965811965
prefill,conversation,3,4,1,16,static,421,8,0.2838479809976247,0.0,2.0,7.046025104602511,0.0,1.0
prefill,conversation,3,4,1,16,transition,421,8,0.6359857482185273,0.047505938242280284,2.0,3.1447245564892623,0.39732142857142855,0.4585309976028816
prefill,conversation,3,4,1,32,domain_oracle,421,8,0.6347980997624703,0.06413301662707839,4.0,6.301216089803555,0.0,1.0
prefill,conversation,3,4,1,32,previous_window,421,8,0.6235154394299287,0.0332541567695962,4.0,6.415238095238095,0.0014136904761904762,0.9978294573643411
prefill,conversation,3,4,1,32,static,421,8,0.5534441805225653,0.019002375296912115,4.0,7.227467811158799,0.0,1.0
prefill,conversation,3,4,1,32,transition,421,8,0.8640142517814727,0.32779097387173395,4.0,4.629553264604811,0.2819196428571429,0.5791574315808888
prefill,conversation,3,5,2,8,domain_oracle,421,8,0.15795724465558195,0.0,1.0,6.330827067669173,0.0,1.0
prefill,conversation,3,5,2,8,previous_window,421,8,0.1748812351543943,0.0,1.0,5.718166383701188,0.002976190476190476,0.9964790764790764
prefill,conversation,3,5,2,8,static,421,8,0.10362232779097387,0.0,1.0,9.650429799426934,0.0,1.0
prefill,conversation,3,5,2,8,transition,421,8,0.38776722090261284,0.0,1.0,2.578866768759571,0.48988095238095236,0.38232365518079686
prefill,conversation,3,5,2,16,domain_oracle,421,8,0.32838479809976245,0.0,2.0,6.090415913200723,0.0,1.0
prefill,conversation,3,5,2,16,previous_window,421,8,0.3429334916864608,0.0,2.0,5.832034632034632,0.002380952380952381,0.9968364389233954
prefill,conversation,3,5,2,16,static,421,8,0.25534441805225655,0.0,2.0,7.832558139534884,0.0,1.0
prefill,conversation,3,5,2,16,transition,421,8,0.5902612826603325,0.026128266033254157,2.0,3.3883299798792756,0.3933035714285714,0.46832821502739735
prefill,conversation,3,5,2,32,domain_oracle,421,8,0.543646080760095,0.04513064133016627,4.0,7.357728017476789,0.0,1.0
prefill,conversation,3,5,2,32,previous_window,421,8,0.5810570071258907,0.05463182897862233,4.0,6.8840061318344405,0.0015625,0.9976960237829804
prefill,conversation,3,5,2,32,static,421,8,0.4982185273159145,0.030878859857482184,4.0,8.028605482717522,0.0,1.0
prefill,conversation,3,5,2,32,transition,421,8,0.8509501187648456,0.32779097387173395,4.0,4.700628053035589,0.28020833333333334,0.5816127169914099
prefill,conversation,3,6,3,8,domain_oracle,421,8,0.18557007125890737,0.0,1.0,5.3888,0.0,1.0
prefill,conversation,3,6,3,8,previous_window,421,8,0.19714964370546317,0.0,1.0,5.072289156626506,0.0035714285714285713,0.9959462759462759
prefill,conversation,3,6,3,8,static,421,8,0.1680522565320665,0.0,1.0,5.950530035335689,0.0,1.0
prefill,conversation,3,6,3,8,transition,421,8,0.4236935866983373,0.0,1.0,2.360196215837421,0.49255952380952384,0.37587550016121346
prefill,conversation,3,6,3,16,domain_oracle,421,8,0.3147268408551069,0.0,2.0,6.354716981132076,0.0,1.0
prefill,conversation,3,6,3,16,previous_window,421,8,0.33461995249406173,0.0,2.0,5.9769299023957405,0.0028273809523809523,0.9965099083111504
prefill,conversation,3,6,3,16,static,421,8,0.29720902612826605,0.0023752969121140144,2.0,6.72927072927073,0.0,1.0
prefill,conversation,3,6,3,16,transition,421,8,0.6152019002375297,0.040380047505938245,2.0,3.250965250965251,0.3678571428571429,0.4881415098631821
prefill,conversation,3,6,3,32,domain_oracle,421,8,0.5644299287410927,0.04275534441805225,4.0,7.086796422935297,0.0,1.0
prefill,conversation,3,6,3,32,previous_window,421,8,0.5890736342042755,0.0498812351543943,4.0,6.790322580645161,0.0014136904761904762,0.9979072239941806
prefill,conversation,3,6,3,32,static,421,8,0.5665083135391924,0.021377672209026127,4.0,7.060796645702306,0.0,1.0
prefill,conversation,3,6,3,32,transition,421,8,0.8117577197149644,0.26365795724465557,4.0,4.927578639356255,0.23876488095238096,0.6320472186859623
prefill,conversation,3,7,4,8,domain_oracle,421,8,0.18200712589073634,0.0,1.0,5.494290375203915,0.0,1.0
prefill,conversation,3,7,4,8,previous_window,421,8,0.18824228028503562,0.0,1.0,5.312302839116719,0.003273809523809524,0.9961276818419674
prefill,conversation,3,7,4,8,static,421,8,0.16389548693586697,0.0,1.0,6.101449275362318,0.0,1.0
prefill,conversation,3,7,4,8,transition,421,8,0.4605106888361045,0.0,1.0,2.1715022566086395,0.5169642857142858,0.3537889095031939
prefill,conversation,3,7,4,16,domain_oracle,421,8,0.36163895486935865,0.0,2.0,5.530377668308703,0.0,1.0
prefill,conversation,3,7,4,16,previous_window,421,8,0.3503562945368171,0.0,2.0,5.708474576271186,0.002380952380952381,0.9968364389233954
prefill,conversation,3,7,4,16,static,421,8,0.2820665083135392,0.0,2.0,7.090526315789473,0.0,1.0
prefill,conversation,3,7,4,16,transition,421,8,0.668646080760095,0.047505938242280284,2.0,2.991119005328597,0.42083333333333334,0.4414770497329709
prefill,conversation,3,7,4,32,domain_oracle,421,8,0.621437054631829,0.05463182897862233,4.0,6.436693741041567,0.0,1.0
prefill,conversation,3,7,4,32,previous_window,421,8,0.6327197149643705,0.06413301662707839,4.0,6.321914594087283,0.0011160714285714285,0.9982028241335045
prefill,conversation,3,7,4,32,static,421,8,0.5905581947743468,0.05463182897862233,4.0,6.77325289089995,0.0,1.0
prefill,conversation,3,7,4,32,transition,421,8,0.8693586698337292,0.3847980997624703,4.0,4.601092896174864,0.27507440476190476,0.5894036010696573
prefill,conversation,3,8,5,8,domain_oracle,421,8,0.17131828978622327,0.0,1.0,5.837088388214904,0.0,1.0
prefill,conversation,3,8,5,8,previous_window,421,8,0.19625890736342042,0.0,1.0,5.095310136157337,0.003273809523809524,0.9961276818419674
prefill,conversation,3,8,5,8,static,421,8,0.13687648456057008,0.0,1.0,7.3058568329718,0.0,1.0
prefill,conversation,3,8,5,8,transition,421,8,0.4839667458432304,0.0,1.0,2.0662576687116565,0.5446428571428571,0.34551358694215734
prefill,conversation,3,8,5,16,domain_oracle,421,8,0.28711401425178146,0.0023752969121140144,2.0,6.965873836608067,0.0,1.0
prefill,conversation,3,8,5,16,previous_window,421,8,0.333729216152019,0.0023752969121140144,2.0,5.99288256227758,0.002380952380952381,0.9968697968697968
prefill,conversation,3,8,5,16,static,421,8,0.3108669833729216,0.0,2.0,6.433619866284623,0.0,1.0
prefill,conversation,3,8,5,16,transition,421,8,0.6953681710213777,0.1163895486935867,2.0,2.8761742100768575,0.4380952380952381,0.4301490283953021
prefill,conversation,3,8,5,32,domain_oracle,421,8,0.6000593824228029,0.035629453681710214,4.0,6.666006927263731,0.0,1.0
prefill,conversation,3,8,5,32,previous_window,421,8,0.5985748218527316,0.03800475059382423,4.0,6.682539682539683,0.0013392857142857143,0.9979271374620212
prefill,conversation,3,8,5,32,static,421,8,0.6137173396674585,0.04275534441805225,4.0,6.517658442186744,0.0,1.0
prefill,conversation,3,8,5,32,transition,421,8,0.8960807600950119,0.4323040380047506,4.0,4.46388336646786,0.2715029761904762,0.5920718677056135
prefill,conversation,3,9,6,8,domain_oracle,421,8,0.1404394299287411,0.0,1.0,7.120507399577167,0.0,1.0
prefill,conversation,3,9,6,8,previous_window,421,8,0.15112826603325416,0.0,1.0,6.616895874263261,0.0035714285714285713,0.9959462759462759
prefill,conversation,3,9,6,8,static,421,8,0.11906175771971496,0.0,1.0,8.399002493765586,0.0,1.0
prefill,conversation,3,9,6,8,transition,421,8,0.5201900237529691,0.0023752969121140144,1.0,1.9223744292237444,0.5836309523809524,0.30469504040932455
prefill,conversation,3,9,6,16,domain_oracle,421,8,0.2776128266033254,0.0,2.0,7.20427807486631,0.0,1.0
prefill,conversation,3,9,6,16,previous_window,421,8,0.3171021377672209,0.0,2.0,6.307116104868914,0.002380952380952381,0.9969261778785589
prefill,conversation,3,9,6,16,static,421,8,0.2556413301662708,0.0,2.0,7.823461091753774,0.0,1.0
prefill,conversation,3,9,6,16,transition,421,8,0.7538598574821853,0.1496437054631829,2.0,2.653012997243009,0.49166666666666664,0.3888186822744158
prefill,conversation,3,9,6,32,domain_oracle,421,8,0.6006532066508313,0.019002375296912115,4.0,6.659416707859615,0.0,1.0
prefill,conversation,3,9,6,32,previous_window,421,8,0.5932304038004751,0.021377672209026127,4.0,6.742742742742743,0.0014136904761904762,0.9978294573643411
prefill,conversation,3,9,6,32,static,421,8,0.5754156769596199,0.014251781472684086,4.0,6.951496388028896,0.0,1.0
prefill,conversation,3,9,6,32,transition,421,8,0.9097387173396675,0.48693586698337293,4.0,4.396866840731071,0.32313988095238094,0.5381881199819841
prefill,conversation,3,10,7,8,domain_oracle,421,8,0.1754750593824228,0.0,1.0,5.698815566835871,0.0,1.0
prefill,conversation,3,10,7,8,previous_window,421,8,0.18111638954869358,0.0,1.0,5.521311475409836,0.0026785714285714286,0.9965811965811965
prefill,conversation,3,10,7,8,static,421,8,0.12232779097387174,0.0,1.0,8.174757281553399,0.0,1.0
prefill,conversation,3,10,7,8,transition,421,8,0.49910926365795727,0.007125890736342043,1.0,2.003569303985723,0.6193452380952381,0.2875285032427878
prefill,conversation,3,10,7,16,domain_oracle,421,8,0.342042755344418,0.0,2.0,5.847222222222222,0.0,1.0
prefill,conversation,3,10,7,16,previous_window,421,8,0.36163895486935865,0.0,2.0,5.530377668308703,0.001636904761904762,0.9975983436853003
prefill,conversation,3,10,7,16,static,421,8,0.27197149643705465,0.0,2.0,7.353711790393013,0.0,1.0
prefill,conversation,3,10,7,16,transition,421,8,0.75,0.171021377672209,2.0,2.6666666666666665,0.5049107142857143,0.3715072092148397
prefill,conversation,3,10,7,32,domain_oracle,421,8,0.5953087885985748,0.04513064133016627,4.0,6.719201995012469,0.0,1.0
prefill,conversation,3,10,7,32,previous_window,421,8,0.6065914489311164,0.08788598574821853,4.0,6.594224180127264,0.0017113095238095238,0.9975579975579977
prefill,conversation,3,10,7,32,static,421,8,0.6036223277909739,0.040380047505938245,4.0,6.626660108214462,0.0,1.0
prefill,conversation,3,10,7,32,transition,421,8,0.915083135391924,0.5320665083135392,4.0,4.371187540558079,0.3033482142857143,0.5568677385143427
prefill,conversation,3,11,8,8,domain_oracle,421,8,0.1582541567695962,0.0,1.0,6.318949343339587,0.0,1.0
prefill,conversation,3,11,8,8,previous_window,421,8,0.1490498812351544,0.0,1.0,6.709163346613546,0.004166666666666667,0.9955782312925169
prefill,conversation,3,11,8,8,static,421,8,0.12915676959619954,0.0,1.0,7.742528735632184,0.0,1.0
prefill,conversation,3,11,8,8,transition,421,8,0.41775534441805223,0.0,1.0,2.3937455579246625,0.49404761904761907,0.37499627356770115
prefill,conversation,3,11,8,16,domain_oracle,421,8,0.3078978622327791,0.0023752969121140144,2.0,6.49566055930569,0.0,1.0
prefill,conversation,3,11,8,16,previous_window,421,8,0.3251187648456057,0.0023752969121140144,2.0,6.151598173515982,0.002529761904761905,0.9967192228061793
prefill,conversation,3,11,8,16,static,421,8,0.27256532066508316,0.0,2.0,7.337690631808279,0.0,1.0
prefill,conversation,3,11,8,16,transition,421,8,0.6359857482185273,0.07838479809976247,2.0,3.1447245564892623,0.39598214285714284,0.46510170128050676
prefill,conversation,3,11,8,32,domain_oracle,421,8,0.6113420427553444,0.026128266033254157,4.0,6.5429820301117045,0.0,1.0
prefill,conversation,3,11,8,32,previous_window,421,8,0.6241092636579573,0.052256532066508314,4.0,6.4091341579448144,0.0010416666666666667,0.9983736750514159
prefill,conversation,3,11,8,32,static,421,8,0.5507719714964371,0.035629453681710214,4.0,7.262533692722372,0.0,1.0
prefill,conversation,3,11,8,32,transition,421,8,0.8616389548693587,0.342042755344418,4.0,4.642315644383184,0.26465773809523807,0.5984067765323648
prefill,conversation,3,12,9,8,domain_oracle,421,8,0.17755344418052257,0.0,1.0,5.632107023411371,0.0,1.0
prefill,conversation,3,12,9,8,previous_window,421,8,0.17399049881235154,0.0,1.0,5.747440273037543,0.002976190476190476,0.9963369963369964
prefill,conversation,3,12,9,8,static,421,8,0.12054631828978622,0.0,1.0,8.295566502463053,0.0,1.0
prefill,conversation,3,12,9,8,transition,421,8,0.4094418052256532,0.0,1.0,2.4423495286439447,0.46279761904761907,0.4068518254232526
prefill,conversation,3,12,9,16,domain_oracle,421,8,0.35391923990498814,0.007125890736342043,2.0,5.651006711409396,0.0,1.0
prefill,conversation,3,12,9,16,previous_window,421,8,0.36193586698337293,0.0023752969121140144,2.0,5.525840853158327,0.0020833333333333333,0.9971519274376417
prefill,conversation,3,12,9,16,static,421,8,0.26247030878859856,0.0,2.0,7.619909502262443,0.0,1.0
prefill,conversation,3,12,9,16,transition,421,8,0.6333135391923991,0.0688836104513064,2.0,3.1579934364744493,0.39107142857142857,0.46718047666758417
prefill,conversation,3,12,9,32,domain_oracle,421,8,0.6205463182897862,0.040380047505938245,4.0,6.445933014354067,0.0,1.0
prefill,conversation,3,12,9,32,previous_window,421,8,0.6416270783847982,0.07125890736342043,4.0,6.2341508560851455,0.0013392857142857143,0.9979494190020507
prefill,conversation,3,12,9,32,static,421,8,0.5736342042755345,0.05938242280285035,4.0,6.9730848861283645,0.0,1.0
prefill,conversation,3,12,9,32,transition,421,8,0.8717339667458432,0.43942992874109266,4.0,4.5885558583106265,0.27172619047619045,0.5899940222119906
prefill,conversation,3,13,10,8,domain_oracle,421,8,0.1748812351543943,0.0,1.0,5.718166383701188,0.0,1.0
prefill,conversation,3,13,10,8,previous_window,421,8,0.18438242280285036,0.0,1.0,5.423510466988728,0.003273809523809524,0.9961276818419674
prefill,conversation,3,13,10,8,static,421,8,0.10005938242280285,0.0,1.0,9.99406528189911,0.0,1.0
prefill,conversation,3,13,10,8,transition,421,8,0.36549881235154397,0.0,1.0,2.735987002437043,0.5306547619047619,0.3549572649572639
prefill,conversation,3,13,10,16,domain_oracle,421,8,0.35184085510688834,0.007125890736342043,2.0,5.684388185654009,0.0,1.0
prefill,conversation,3,13,10,16,previous_window,421,8,0.36223277909738716,0.0,2.0,5.521311475409836,0.0020833333333333333,0.9971519274376417
prefill,conversation,3,13,10,16,static,421,8,0.27315914489311166,0.0,2.0,7.321739130434783,0.0,1.0
prefill,conversation,3,13,10,16,transition,421,8,0.547209026128266,0.030878859857482184,2.0,3.6549104720564296,0.3674107142857143,0.48992300378584197
prefill,conversation,3,13,10,32,domain_oracle,421,8,0.6220308788598575,0.04275534441805225,4.0,6.430548926014319,0.0,1.0
prefill,conversation,3,13,10,32,previous_window,421,8,0.6282660332541568,0.05938242280285035,4.0,6.366729678638942,0.0012648809523809524,0.9980299586174739
prefill,conversation,3,13,10,32,static,421,8,0.5843230403800475,0.04275534441805225,4.0,6.845528455284553,0.0,1.0
prefill,conversation,3,13,10,32,transition,421,8,0.8040380047505938,0.27078384798099764,4.0,4.974889217134416,0.22827380952380952,0.6404442167180481
prefill,conversation,3,14,11,8,domain_oracle,421,8,0.16419239904988123,0.0,1.0,6.090415913200723,0.0,1.0
prefill,conversation,3,14,11,8,previous_window,421,8,0.17844418052256533,0.0,1.0,5.603993344425957,0.003273809523809524,0.9961276818419674
prefill,conversation,3,14,11,8,static,421,8,0.10985748218527316,0.0,1.0,9.102702702702702,0.0,1.0
prefill,conversation,3,14,11,8,transition,421,8,0.41953681710213775,0.0,1.0,2.383581033262562,0.5589285714285714,0.3354097754097742
prefill,conversation,3,14,11,16,domain_oracle,421,8,0.29780285035629456,0.0023752969121140144,2.0,6.715852442671984,0.0,1.0
prefill,conversation,3,14,11,16,previous_window,421,8,0.33907363420427555,0.0023752969121140144,2.0,5.898423817863398,0.002380952380952381,0.9970068027210884
prefill,conversation,3,14,11,16,static,421,8,0.29334916864608074,0.0,2.0,6.817813765182186,0.0,1.0
prefill,conversation,3,14,11,16,transition,421,8,0.6157957244655582,0.047505938242280284,2.0,3.247830279652845,0.42782738095238093,0.4395246643138107
prefill,conversation,3,14,11,32,domain_oracle,421,8,0.6294536817102138,0.052256532066508314,4.0,6.354716981132076,0.0,1.0
prefill,conversation,3,14,11,32,previous_window,421,8,0.630938242280285,0.057007125890736345,4.0,6.339764705882353,0.0014136904761904762,0.9978465978465979
prefill,conversation,3,14,11,32,static,421,8,0.5573040380047506,0.023752969121140142,4.0,7.177410761854023,0.0,1.0
prefill,conversation,3,14,11,32,transition,421,8,0.8580760095011877,0.35629453681710216,4.0,4.6615916955017305,0.25825892857142857,0.6049094189389705
prefill,conversation,3,15,12,8,domain_oracle,421,8,0.21080760095011877,0.0,1.0,4.743661971830986,0.0,1.0
prefill,conversation,3,15,12,8,previous_window,421,8,0.21169833729216153,0.0,1.0,4.723702664796634,0.0026785714285714286,0.9965811965811965
prefill,conversation,3,15,12,8,static,421,8,0.1514251781472684,0.0,1.0,6.603921568627451,0.0,1.0
prefill,conversation,3,15,12,8,transition,421,8,0.3669833729216152,0.0,1.0,2.7249190938511325,0.4363095238095238,0.43549550978122287
prefill,conversation,3,15,12,16,domain_oracle,421,8,0.3847980997624703,0.0,2.0,5.197530864197531,0.0,1.0
prefill,conversation,3,15,12,16,previous_window,421,8,0.3824228028503563,0.0023752969121140144,2.0,5.229813664596273,0.0019345238095238096,0.9972789115646259
prefill,conversation,3,15,12,16,static,421,8,0.3233372921615202,0.0,2.0,6.185491276400367,0.0,1.0
prefill,conversation,3,15,12,16,transition,421,8,0.5890736342042755,0.0332541567695962,2.0,3.3951612903225805,0.3632440476190476,0.4931824770431069
prefill,conversation,3,15,12,32,domain_oracle,421,8,0.7125890736342043,0.0831353919239905,4.0,5.613333333333333,0.0,1.0
prefill,conversation,3,15,12,32,previous_window,421,8,0.7137767220902613,0.14251781472684086,4.0,5.603993344425957,0.000818452380952381,0.9986161986161985
prefill,conversation,3,15,12,32,static,421,8,0.6252969121140143,0.028503562945368172,4.0,6.39696106362773,0.0,1.0
prefill,conversation,3,15,12,32,transition,421,8,0.8494655581947743,0.332541567695962,4.0,4.70884306186648,0.21294642857142856,0.6602844238798825
prefill,conversation,4,5,1,8,domain_oracle,421,8,0.15795724465558195,0.0,1.0,6.330827067669173,0.0,1.0
prefill,conversation,4,5,1,8,previous_window,421,8,0.1748812351543943,0.0,1.0,5.718166383701188,0.002976190476190476,0.9964790764790764
prefill,conversation,4,5,1,8,static,421,8,0.10362232779097387,0.0,1.0,9.650429799426934,0.0,1.0
prefill,conversation,4,5,1,8,transition,421,8,0.4192399049881235,0.0,1.0,2.3852691218130313,0.5086309523809524,0.36783237926094964
prefill,conversation,4,5,1,16,domain_oracle,421,8,0.32838479809976245,0.0,2.0,6.090415913200723,0.0,1.0
prefill,conversation,4,5,1,16,previous_window,421,8,0.3429334916864608,0.0,2.0,5.832034632034632,0.002380952380952381,0.9968364389233954
prefill,conversation,4,5,1,16,static,421,8,0.25534441805225655,0.0,2.0,7.832558139534884,0.0,1.0
prefill,conversation,4,5,1,16,transition,421,8,0.6371733966745843,0.04275534441805225,2.0,3.1388630009319662,0.39895833333333336,0.46509940716205295
prefill,conversation,4,5,1,32,domain_oracle,421,8,0.543646080760095,0.04513064133016627,4.0,7.357728017476789,0.0,1.0
prefill,conversation,4,5,1,32,previous_window,421,8,0.5810570071258907,0.05463182897862233,4.0,6.8840061318344405,0.0015625,0.9976960237829804
prefill,conversation,4,5,1,32,static,421,8,0.4982185273159145,0.030878859857482184,4.0,8.028605482717522,0.0,1.0
prefill,conversation,4,5,1,32,transition,421,8,0.8836104513064132,0.37054631828978624,4.0,4.526881720430108,0.2511904761904762,0.6166094934628199
prefill,conversation,4,6,2,8,domain_oracle,421,8,0.18557007125890737,0.0,1.0,5.3888,0.0,1.0
prefill,conversation,4,6,2,8,previous_window,421,8,0.19714964370546317,0.0,1.0,5.072289156626506,0.0035714285714285713,0.9959462759462759
prefill,conversation,4,6,2,8,static,421,8,0.1680522565320665,0.0,1.0,5.950530035335689,0.0,1.0
prefill,conversation,4,6,2,8,transition,421,8,0.4477434679334917,0.0,1.0,2.2334217506631298,0.4758928571428571,0.3990480419051837
prefill,conversation,4,6,2,16,domain_oracle,421,8,0.3147268408551069,0.0,2.0,6.354716981132076,0.0,1.0
prefill,conversation,4,6,2,16,previous_window,421,8,0.33461995249406173,0.0,2.0,5.9769299023957405,0.0028273809523809523,0.9965099083111504
prefill,conversation,4,6,2,16,static,421,8,0.29720902612826605,0.0023752969121140144,2.0,6.72927072927073,0.0,1.0
prefill,conversation,4,6,2,16,transition,421,8,0.6235154394299287,0.030878859857482184,2.0,3.2076190476190476,0.35907738095238095,0.5048851712553696
prefill,conversation,4,6,2,32,domain_oracle,421,8,0.5644299287410927,0.04275534441805225,4.0,7.086796422935297,0.0,1.0
prefill,conversation,4,6,2,32,previous_window,421,8,0.5890736342042755,0.0498812351543943,4.0,6.790322580645161,0.0014136904761904762,0.9979072239941806
prefill,conversation,4,6,2,32,static,421,8,0.5665083135391924,0.021377672209026127,4.0,7.060796645702306,0.0,1.0
prefill,conversation,4,6,2,32,transition,421,8,0.8521377672209026,0.31353919239904987,4.0,4.694076655052265,0.23266369047619048,0.6392761191024415
prefill,conversation,4,7,3,8,domain_oracle,421,8,0.18200712589073634,0.0,1.0,5.494290375203915,0.0,1.0
prefill,conversation,4,7,3,8,previous_window,421,8,0.18824228028503562,0.0,1.0,5.312302839116719,0.003273809523809524,0.9961276818419674
prefill,conversation,4,7,3,8,static,421,8,0.16389548693586697,0.0,1.0,6.101449275362318,0.0,1.0
prefill,conversation,4,7,3,8,transition,421,8,0.49287410926365793,0.0,1.0,2.0289156626506024,0.5104166666666666,0.36172319743748216
prefill,conversation,4,7,3,16,domain_oracle,421,8,0.36163895486935865,0.0,2.0,5.530377668308703,0.0,1.0
prefill,conversation,4,7,3,16,previous_window,421,8,0.3503562945368171,0.0,2.0,5.708474576271186,0.002380952380952381,0.9968364389233954
prefill,conversation,4,7,3,16,static,421,8,0.2820665083135392,0.0,2.0,7.090526315789473,0.0,1.0
prefill,conversation,4,7,3,16,transition,421,8,0.7102137767220903,0.0855106888361045,2.0,2.8160535117056855,0.4101190476190476,0.4492044218105952
prefill,conversation,4,7,3,32,domain_oracle,421,8,0.621437054631829,0.05463182897862233,4.0,6.436693741041567,0.0,1.0
prefill,conversation,4,7,3,32,previous_window,421,8,0.6327197149643705,0.06413301662707839,4.0,6.321914594087283,0.0011160714285714285,0.9982028241335045
prefill,conversation,4,7,3,32,static,421,8,0.5905581947743468,0.05463182897862233,4.0,6.77325289089995,0.0,1.0
prefill,conversation,4,7,3,32,transition,421,8,0.8948931116389549,0.4418052256532066,4.0,4.469807564698075,0.24680059523809525,0.6221869106506074
prefill,conversation,4,8,4,8,domain_oracle,421,8,0.17131828978622327,0.0,1.0,5.837088388214904,0.0,1.0
prefill,conversation,4,8,4,8,previous_window,421,8,0.19625890736342042,0.0,1.0,5.095310136157337,0.003273809523809524,0.9961276818419674
prefill,conversation,4,8,4,8,static,421,8,0.13687648456057008,0.0,1.0,7.3058568329718,0.0,1.0
prefill,conversation,4,8,4,8,transition,421,8,0.49673396674584325,0.0023752969121140144,1.0,2.0131500298864315,0.525,0.3645175988033118
prefill,conversation,4,8,4,16,domain_oracle,421,8,0.28711401425178146,0.0023752969121140144,2.0,6.965873836608067,0.0,1.0
prefill,conversation,4,8,4,16,previous_window,421,8,0.333729216152019,0.0023752969121140144,2.0,5.99288256227758,0.002380952380952381,0.9968697968697968
prefill,conversation,4,8,4,16,static,421,8,0.3108669833729216,0.0,2.0,6.433619866284623,0.0,1.0
prefill,conversation,4,8,4,16,transition,421,8,0.7149643705463183,0.1163895486935867,2.0,2.79734219269103,0.41904761904761906,0.4489577002822145
prefill,conversation,4,8,4,32,domain_oracle,421,8,0.6000593824228029,0.035629453681710214,4.0,6.666006927263731,0.0,1.0
prefill,conversation,4,8,4,32,previous_window,421,8,0.5985748218527316,0.03800475059382423,4.0,6.682539682539683,0.0013392857142857143,0.9979271374620212
prefill,conversation,4,8,4,32,static,421,8,0.6137173396674585,0.04275534441805225,4.0,6.517658442186744,0.0,1.0
prefill,conversation,4,8,4,32,transition,421,8,0.9076603325415677,0.5083135391923991,4.0,4.406934903500163,0.25736607142857143,0.6108002993537069
prefill,conversation,4,9,5,8,domain_oracle,421,8,0.1404394299287411,0.0,1.0,7.120507399577167,0.0,1.0
prefill,conversation,4,9,5,8,previous_window,421,8,0.15112826603325416,0.0,1.0,6.616895874263261,0.0035714285714285713,0.9959462759462759
prefill,conversation,4,9,5,8,static,421,8,0.11906175771971496,0.0,1.0,8.399002493765586,0.0,1.0
prefill,conversation,4,9,5,8,transition,421,8,0.53770783847981,0.004750593824228029,1.0,1.8597459966869132,0.5633928571428571,0.32584494870208985
prefill,conversation,4,9,5,16,domain_oracle,421,8,0.2776128266033254,0.0,2.0,7.20427807486631,0.0,1.0
prefill,conversation,4,9,5,16,previous_window,421,8,0.3171021377672209,0.0,2.0,6.307116104868914,0.002380952380952381,0.9969261778785589
prefill,conversation,4,9,5,16,static,421,8,0.2556413301662708,0.0,2.0,7.823461091753774,0.0,1.0
prefill,conversation,4,9,5,16,transition,421,8,0.767814726840855,0.14014251781472684,2.0,2.6047950502706883,0.4610119047619048,0.41128847665434115
prefill,conversation,4,9,5,32,domain_oracle,421,8,0.6006532066508313,0.019002375296912115,4.0,6.659416707859615,0.0,1.0
prefill,conversation,4,9,5,32,previous_window,421,8,0.5932304038004751,0.021377672209026127,4.0,6.742742742742743,0.0014136904761904762,0.9978294573643411
prefill,conversation,4,9,5,32,static,421,8,0.5754156769596199,0.014251781472684086,4.0,6.951496388028896,0.0,1.0
prefill,conversation,4,9,5,32,transition,421,8,0.9242874109263658,0.5653206650831354,4.0,4.327658207516865,0.29799107142857145,0.5670930500327069
prefill,conversation,4,10,6,8,domain_oracle,421,8,0.1754750593824228,0.0,1.0,5.698815566835871,0.0,1.0
prefill,conversation,4,10,6,8,previous_window,421,8,0.18111638954869358,0.0,1.0,5.521311475409836,0.0026785714285714286,0.9965811965811965
prefill,conversation,4,10,6,8,static,421,8,0.12232779097387174,0.0,1.0,8.174757281553399,0.0,1.0
prefill,conversation,4,10,6,8,transition,421,8,0.502375296912114,0.0,1.0,1.9905437352245863,0.5830357142857143,0.3171121999693415
prefill,conversation,4,10,6,16,domain_oracle,421,8,0.342042755344418,0.0,2.0,5.847222222222222,0.0,1.0
prefill,conversation,4,10,6,16,previous_window,421,8,0.36163895486935865,0.0,2.0,5.530377668308703,0.001636904761904762,0.9975983436853003
prefill,conversation,4,10,6,16,static,421,8,0.27197149643705465,0.0,2.0,7.353711790393013,0.0,1.0
prefill,conversation,4,10,6,16,transition,421,8,0.7351543942992874,0.171021377672209,2.0,2.7205169628432957,0.45982142857142855,0.4092724568845603
prefill,conversation,4,10,6,32,domain_oracle,421,8,0.5953087885985748,0.04513064133016627,4.0,6.719201995012469,0.0,1.0
prefill,conversation,4,10,6,32,previous_window,421,8,0.6065914489311164,0.08788598574821853,4.0,6.594224180127264,0.0017113095238095238,0.9975579975579977
prefill,conversation,4,10,6,32,static,421,8,0.6036223277909739,0.040380047505938245,4.0,6.626660108214462,0.0,1.0
prefill,conversation,4,10,6,32,transition,421,8,0.9153800475059383,0.5581947743467933,4.0,4.369769704832955,0.27879464285714284,0.5896191167597141
prefill,conversation,4,11,7,8,domain_oracle,421,8,0.1582541567695962,0.0,1.0,6.318949343339587,0.0,1.0
prefill,conversation,4,11,7,8,previous_window,421,8,0.1490498812351544,0.0,1.0,6.709163346613546,0.004166666666666667,0.9955782312925169
prefill,conversation,4,11,7,8,static,421,8,0.12915676959619954,0.0,1.0,7.742528735632184,0.0,1.0
prefill,conversation,4,11,7,8,transition,421,8,0.4266627078384798,0.0,1.0,2.3437717466945025,0.4973214285714286,0.37950536236250404
prefill,conversation,4,11,7,16,domain_oracle,421,8,0.3078978622327791,0.0023752969121140144,2.0,6.49566055930569,0.0,1.0
prefill,conversation,4,11,7,16,previous_window,421,8,0.3251187648456057,0.0023752969121140144,2.0,6.151598173515982,0.002529761904761905,0.9967192228061793
prefill,conversation,4,11,7,16,static,421,8,0.27256532066508316,0.0,2.0,7.337690631808279,0.0,1.0
prefill,conversation,4,11,7,16,transition,421,8,0.6469714964370546,0.05938242280285035,2.0,3.091326296466269,0.38764880952380953,0.4739602065841826
prefill,conversation,4,11,7,32,domain_oracle,421,8,0.6113420427553444,0.026128266033254157,4.0,6.5429820301117045,0.0,1.0
prefill,conversation,4,11,7,32,previous_window,421,8,0.6241092636579573,0.052256532066508314,4.0,6.4091341579448144,0.0010416666666666667,0.9983736750514159
prefill,conversation,4,11,7,32,static,421,8,0.5507719714964371,0.035629453681710214,4.0,7.262533692722372,0.0,1.0
prefill,conversation,4,11,7,32,transition,421,8,0.8595605700712589,0.31116389548693585,4.0,4.653540587219344,0.2425595238095238,0.6283902442940659
prefill,conversation,4,12,8,8,domain_oracle,421,8,0.17755344418052257,0.0,1.0,5.632107023411371,0.0,1.0
prefill,conversation,4,12,8,8,previous_window,421,8,0.17399049881235154,0.0,1.0,5.747440273037543,0.002976190476190476,0.9963369963369964
prefill,conversation,4,12,8,8,static,421,8,0.12054631828978622,0.0,1.0,8.295566502463053,0.0,1.0
prefill,conversation,4,12,8,8,transition,421,8,0.40172209026128264,0.0,1.0,2.4892830746489283,0.4538690476190476,0.4098076526647945
prefill,conversation,4,12,8,16,domain_oracle,421,8,0.35391923990498814,0.007125890736342043,2.0,5.651006711409396,0.0,1.0
prefill,conversation,4,12,8,16,previous_window,421,8,0.36193586698337293,0.0023752969121140144,2.0,5.525840853158327,0.0020833333333333333,0.9971519274376417
prefill,conversation,4,12,8,16,static,421,8,0.26247030878859856,0.0,2.0,7.619909502262443,0.0,1.0
prefill,conversation,4,12,8,16,transition,421,8,0.6252969121140143,0.057007125890736345,2.0,3.198480531813865,0.3617559523809524,0.5020680838109235
prefill,conversation,4,12,8,32,domain_oracle,421,8,0.6205463182897862,0.040380047505938245,4.0,6.445933014354067,0.0,1.0
prefill,conversation,4,12,8,32,previous_window,421,8,0.6416270783847982,0.07125890736342043,4.0,6.2341508560851455,0.0013392857142857143,0.9979494190020507
prefill,conversation,4,12,8,32,static,421,8,0.5736342042755345,0.05938242280285035,4.0,6.9730848861283645,0.0,1.0
prefill,conversation,4,12,8,32,transition,421,8,0.8741092636579573,0.4489311163895487,4.0,4.576086956521739,0.24694940476190477,0.6206535774012237
prefill,conversation,4,13,9,8,domain_oracle,421,8,0.1748812351543943,0.0,1.0,5.718166383701188,0.0,1.0
prefill,conversation,4,13,9,8,previous_window,421,8,0.18438242280285036,0.0,1.0,5.423510466988728,0.003273809523809524,0.9961276818419674
prefill,conversation,4,13,9,8,static,421,8,0.10005938242280285,0.0,1.0,9.99406528189911,0.0,1.0
prefill,conversation,4,13,9,8,transition,421,8,0.3806413301662708,0.0023752969121140144,1.0,2.627145085803432,0.49910714285714286,0.3805574319860023
prefill,conversation,4,13,9,16,domain_oracle,421,8,0.35184085510688834,0.007125890736342043,2.0,5.684388185654009,0.0,1.0
prefill,conversation,4,13,9,16,previous_window,421,8,0.36223277909738716,0.0,2.0,5.521311475409836,0.0020833333333333333,0.9971519274376417
prefill,conversation,4,13,9,16,static,421,8,0.27315914489311166,0.0,2.0,7.321739130434783,0.0,1.0
prefill,conversation,4,13,9,16,transition,421,8,0.5641330166270784,0.028503562945368172,2.0,3.5452631578947367,0.35193452380952384,0.5066082061887213
prefill,conversation,4,13,9,32,domain_oracle,421,8,0.6220308788598575,0.04275534441805225,4.0,6.430548926014319,0.0,1.0
prefill,conversation,4,13,9,32,previous_window,421,8,0.6282660332541568,0.05938242280285035,4.0,6.366729678638942,0.0012648809523809524,0.9980299586174739
prefill,conversation,4,13,9,32,static,421,8,0.5843230403800475,0.04275534441805225,4.0,6.845528455284553,0.0,1.0
prefill,conversation,4,13,9,32,transition,421,8,0.8031472684085511,0.2494061757719715,4.0,4.980406654343808,0.21927083333333333,0.6541221254212882
prefill,conversation,4,14,10,8,domain_oracle,421,8,0.16419239904988123,0.0,1.0,6.090415913200723,0.0,1.0
prefill,conversation,4,14,10,8,previous_window,421,8,0.17844418052256533,0.0,1.0,5.603993344425957,0.003273809523809524,0.9961276818419674
prefill,conversation,4,14,10,8,static,421,8,0.10985748218527316,0.0,1.0,9.102702702702702,0.0,1.0
prefill,conversation,4,14,10,8,transition,421,8,0.4100356294536817,0.0,1.0,2.4388124547429397,0.5166666666666667,0.3694184122755539
prefill,conversation,4,14,10,16,domain_oracle,421,8,0.29780285035629456,0.0023752969121140144,2.0,6.715852442671984,0.0,1.0
prefill,conversation,4,14,10,16,previous_window,421,8,0.33907363420427555,0.0023752969121140144,2.0,5.898423817863398,0.002380952380952381,0.9970068027210884
prefill,conversation,4,14,10,16,static,421,8,0.29334916864608074,0.0,2.0,6.817813765182186,0.0,1.0
prefill,conversation,4,14,10,16,transition,421,8,0.6223277909738717,0.05938242280285035,2.0,3.213740458015267,0.3982142857142857,0.46570735230459404
prefill,conversation,4,14,10,32,domain_oracle,421,8,0.6294536817102138,0.052256532066508314,4.0,6.354716981132076,0.0,1.0
prefill,conversation,4,14,10,32,previous_window,421,8,0.630938242280285,0.057007125890736345,4.0,6.339764705882353,0.0014136904761904762,0.9978465978465979
prefill,conversation,4,14,10,32,static,421,8,0.5573040380047506,0.023752969121140142,4.0,7.177410761854023,0.0,1.0
prefill,conversation,4,14,10,32,transition,421,8,0.8521377672209026,0.35629453681710216,4.0,4.694076655052265,0.22745535714285714,0.6464409672713308
prefill,conversation,4,15,11,8,domain_oracle,421,8,0.21080760095011877,0.0,1.0,4.743661971830986,0.0,1.0
prefill,conversation,4,15,11,8,previous_window,421,8,0.21169833729216153,0.0,1.0,4.723702664796634,0.0026785714285714286,0.9965811965811965
prefill,conversation,4,15,11,8,static,421,8,0.1514251781472684,0.0,1.0,6.603921568627451,0.0,1.0
prefill,conversation,4,15,11,8,transition,421,8,0.34649643705463185,0.0,1.0,2.886032562125107,0.38898809523809524,0.47634962920677154
prefill,conversation,4,15,11,16,domain_oracle,421,8,0.3847980997624703,0.0,2.0,5.197530864197531,0.0,1.0
prefill,conversation,4,15,11,16,previous_window,421,8,0.3824228028503563,0.0023752969121140144,2.0,5.229813664596273,0.0019345238095238096,0.9972789115646259
prefill,conversation,4,15,11,16,static,421,8,0.3233372921615202,0.0,2.0,6.185491276400367,0.0,1.0
prefill,conversation,4,15,11,16,transition,421,8,0.5816508313539193,0.023752969121140142,2.0,3.4384890250127618,0.32589285714285715,0.5325559862161203
prefill,conversation,4,15,11,32,domain_oracle,421,8,0.7125890736342043,0.0831353919239905,4.0,5.613333333333333,0.0,1.0
prefill,conversation,4,15,11,32,previous_window,421,8,0.7137767220902613,0.14251781472684086,4.0,5.603993344425957,0.000818452380952381,0.9986161986161985
prefill,conversation,4,15,11,32,static,421,8,0.6252969121140143,0.028503562945368172,4.0,6.39696106362773,0.0,1.0
prefill,conversation,4,15,11,32,transition,421,8,0.8390736342042755,0.35629453681710216,4.0,4.767162066525124,0.19791666666666666,0.6835865120763611
prefill,conversation,5,6,1,8,domain_oracle,421,8,0.18557007125890737,0.0,1.0,5.3888,0.0,1.0
prefill,conversation,5,6,1,8,previous_window,421,8,0.19714964370546317,0.0,1.0,5.072289156626506,0.0035714285714285713,0.9959462759462759
prefill,conversation,5,6,1,8,static,421,8,0.1680522565320665,0.0,1.0,5.950530035335689,0.0,1.0
prefill,conversation,5,6,1,8,transition,421,8,0.46407363420427555,0.004750593824228029,1.0,2.1548304542546384,0.4797619047619048,0.39779374065088263
prefill,conversation,5,6,1,16,domain_oracle,421,8,0.3147268408551069,0.0,2.0,6.354716981132076,0.0,1.0
prefill,conversation,5,6,1,16,previous_window,421,8,0.33461995249406173,0.0,2.0,5.9769299023957405,0.0028273809523809523,0.9965099083111504
prefill,conversation,5,6,1,16,static,421,8,0.29720902612826605,0.0023752969121140144,2.0,6.72927072927073,0.0,1.0
prefill,conversation,5,6,1,16,transition,421,8,0.6416270783847982,0.05463182897862233,2.0,3.1170754280425728,0.3913690476190476,0.4681796843834752
prefill,conversation,5,6,1,32,domain_oracle,421,8,0.5644299287410927,0.04275534441805225,4.0,7.086796422935297,0.0,1.0
prefill,conversation,5,6,1,32,previous_window,421,8,0.5890736342042755,0.0498812351543943,4.0,6.790322580645161,0.0014136904761904762,0.9979072239941806
prefill,conversation,5,6,1,32,static,421,8,0.5665083135391924,0.021377672209026127,4.0,7.060796645702306,0.0,1.0
prefill,conversation,5,6,1,32,transition,421,8,0.8527315914489311,0.35391923990498814,4.0,4.690807799442897,0.23973214285714287,0.6306047379300939
prefill,conversation,5,7,2,8,domain_oracle,421,8,0.18200712589073634,0.0,1.0,5.494290375203915,0.0,1.0
prefill,conversation,5,7,2,8,previous_window,421,8,0.18824228028503562,0.0,1.0,5.312302839116719,0.003273809523809524,0.9961276818419674
prefill,conversation,5,7,2,8,static,421,8,0.16389548693586697,0.0,1.0,6.101449275362318,0.0,1.0
prefill,conversation,5,7,2,8,transition,421,8,0.48634204275534443,0.0,1.0,2.056166056166056,0.5556547619047619,0.322011216296929
prefill,conversation,5,7,2,16,domain_oracle,421,8,0.36163895486935865,0.0,2.0,5.530377668308703,0.0,1.0
prefill,conversation,5,7,2,16,previous_window,421,8,0.3503562945368171,0.0,2.0,5.708474576271186,0.002380952380952381,0.9968364389233954
prefill,conversation,5,7,2,16,static,421,8,0.2820665083135392,0.0,2.0,7.090526315789473,0.0,1.0
prefill,conversation,5,7,2,16,transition,421,8,0.706353919239905,0.0831353919239905,2.0,2.8314417822614546,0.4126488095238095,0.44639386840185863
prefill,conversation,5,7,2,32,domain_oracle,421,8,0.621437054631829,0.05463182897862233,4.0,6.436693741041567,0.0,1.0
prefill,conversation,5,7,2,32,previous_window,421,8,0.6327197149643705,0.06413301662707839,4.0,6.321914594087283,0.0011160714285714285,0.9982028241335045
prefill,conversation,5,7,2,32,static,421,8,0.5905581947743468,0.05463182897862233,4.0,6.77325289089995,0.0,1.0
prefill,conversation,5,7,2,32,transition,421,8,0.9011282660332541,0.47980997624703087,4.0,4.438879736408567,0.2484375,0.621651388563024
prefill,conversation,5,8,3,8,domain_oracle,421,8,0.17131828978622327,0.0,1.0,5.837088388214904,0.0,1.0
prefill,conversation,5,8,3,8,previous_window,421,8,0.19625890736342042,0.0,1.0,5.095310136157337,0.003273809523809524,0.9961276818419674
prefill,conversation,5,8,3,8,static,421,8,0.13687648456057008,0.0,1.0,7.3058568329718,0.0,1.0
prefill,conversation,5,8,3,8,transition,421,8,0.5056413301662708,0.009501187648456057,1.0,1.9776864357017028,0.5654761904761905,0.31977488120345143
prefill,conversation,5,8,3,16,domain_oracle,421,8,0.28711401425178146,0.0023752969121140144,2.0,6.965873836608067,0.0,1.0
prefill,conversation,5,8,3,16,previous_window,421,8,0.333729216152019,0.0023752969121140144,2.0,5.99288256227758,0.002380952380952381,0.9968697968697968
prefill,conversation,5,8,3,16,static,421,8,0.3108669833729216,0.0,2.0,6.433619866284623,0.0,1.0
prefill,conversation,5,8,3,16,transition,421,8,0.7128859857482185,0.14489311163895488,2.0,2.805497709287797,0.4337797619047619,0.42983840490046027
prefill,conversation,5,8,3,32,domain_oracle,421,8,0.6000593824228029,0.035629453681710214,4.0,6.666006927263731,0.0,1.0
prefill,conversation,5,8,3,32,previous_window,421,8,0.5985748218527316,0.03800475059382423,4.0,6.682539682539683,0.0013392857142857143,0.9979271374620212
prefill,conversation,5,8,3,32,static,421,8,0.6137173396674585,0.04275534441805225,4.0,6.517658442186744,0.0,1.0
prefill,conversation,5,8,3,32,transition,421,8,0.9109263657957245,0.5344418052256532,4.0,4.391134289439374,0.2611607142857143,0.6065141318604794
prefill,conversation,5,9,4,8,domain_oracle,421,8,0.1404394299287411,0.0,1.0,7.120507399577167,0.0,1.0
prefill,conversation,5,9,4,8,previous_window,421,8,0.15112826603325416,0.0,1.0,6.616895874263261,0.0035714285714285713,0.9959462759462759
prefill,conversation,5,9,4,8,static,421,8,0.11906175771971496,0.0,1.0,8.399002493765586,0.0,1.0
prefill,conversation,5,9,4,8,transition,421,8,0.5383016627078385,0.007125890736342043,1.0,1.8576944291230006,0.593452380952381,0.292539893968464
prefill,conversation,5,9,4,16,domain_oracle,421,8,0.2776128266033254,0.0,2.0,7.20427807486631,0.0,1.0
prefill,conversation,5,9,4,16,previous_window,421,8,0.3171021377672209,0.0,2.0,6.307116104868914,0.002380952380952381,0.9969261778785589
prefill,conversation,5,9,4,16,static,421,8,0.2556413301662708,0.0,2.0,7.823461091753774,0.0,1.0
prefill,conversation,5,9,4,16,transition,421,8,0.7790973871733967,0.16152019002375298,2.0,2.567073170731707,0.49107142857142855,0.38160038845192307
prefill,conversation,5,9,4,32,domain_oracle,421,8,0.6006532066508313,0.019002375296912115,4.0,6.659416707859615,0.0,1.0
prefill,conversation,5,9,4,32,previous_window,421,8,0.5932304038004751,0.021377672209026127,4.0,6.742742742742743,0.0014136904761904762,0.9978294573643411
prefill,conversation,5,9,4,32,static,421,8,0.5754156769596199,0.014251781472684086,4.0,6.951496388028896,0.0,1.0
prefill,conversation,5,9,4,32,transition,421,8,0.9219121140142518,0.5320665083135392,4.0,4.338808373590982,0.2955357142857143,0.5713681901045458
prefill,conversation,5,10,5,8,domain_oracle,421,8,0.1754750593824228,0.0,1.0,5.698815566835871,0.0,1.0
prefill,conversation,5,10,5,8,previous_window,421,8,0.18111638954869358,0.0,1.0,5.521311475409836,0.0026785714285714286,0.9965811965811965
prefill,conversation,5,10,5,8,static,421,8,0.12232779097387174,0.0,1.0,8.174757281553399,0.0,1.0
prefill,conversation,5,10,5,8,transition,421,8,0.5077197149643705,0.004750593824228029,1.0,1.9695906432748538,0.6208333333333333,0.2803613846470978
prefill,conversation,5,10,5,16,domain_oracle,421,8,0.342042755344418,0.0,2.0,5.847222222222222,0.0,1.0
prefill,conversation,5,10,5,16,previous_window,421,8,0.36163895486935865,0.0,2.0,5.530377668308703,0.001636904761904762,0.9975983436853003
prefill,conversation,5,10,5,16,static,421,8,0.27197149643705465,0.0,2.0,7.353711790393013,0.0,1.0
prefill,conversation,5,10,5,16,transition,421,8,0.7446555819477435,0.1543942992874109,2.0,2.685805422647528,0.4733630952380952,0.3931914119513108
prefill,conversation,5,10,5,32,domain_oracle,421,8,0.5953087885985748,0.04513064133016627,4.0,6.719201995012469,0.0,1.0
prefill,conversation,5,10,5,32,previous_window,421,8,0.6065914489311164,0.08788598574821853,4.0,6.594224180127264,0.0017113095238095238,0.9975579975579977
prefill,conversation,5,10,5,32,static,421,8,0.6036223277909739,0.040380047505938245,4.0,6.626660108214462,0.0,1.0
prefill,conversation,5,10,5,32,transition,421,8,0.9192399049881235,0.5558194774346793,4.0,4.351421188630491,0.27834821428571427,0.5951459634176828
prefill,conversation,5,11,6,8,domain_oracle,421,8,0.1582541567695962,0.0,1.0,6.318949343339587,0.0,1.0
prefill,conversation,5,11,6,8,previous_window,421,8,0.1490498812351544,0.0,1.0,6.709163346613546,0.004166666666666667,0.9955782312925169
prefill,conversation,5,11,6,8,static,421,8,0.12915676959619954,0.0,1.0,7.742528735632184,0.0,1.0
prefill,conversation,5,11,6,8,transition,421,8,0.44536817102137766,0.0023752969121140144,1.0,2.2453333333333334,0.5613095238095238,0.31952359809502523
prefill,conversation,5,11,6,16,domain_oracle,421,8,0.3078978622327791,0.0023752969121140144,2.0,6.49566055930569,0.0,1.0
prefill,conversation,5,11,6,16,previous_window,421,8,0.3251187648456057,0.0023752969121140144,2.0,6.151598173515982,0.002529761904761905,0.9967192228061793
prefill,conversation,5,11,6,16,static,421,8,0.27256532066508316,0.0,2.0,7.337690631808279,0.0,1.0
prefill,conversation,5,11,6,16,transition,421,8,0.6582541567695962,0.0831353919239905,2.0,3.038340099233198,0.4086309523809524,0.45153667933894753
prefill,conversation,5,11,6,32,domain_oracle,421,8,0.6113420427553444,0.026128266033254157,4.0,6.5429820301117045,0.0,1.0
prefill,conversation,5,11,6,32,previous_window,421,8,0.6241092636579573,0.052256532066508314,4.0,6.4091341579448144,0.0010416666666666667,0.9983736750514159
prefill,conversation,5,11,6,32,static,421,8,0.5507719714964371,0.035629453681710214,4.0,7.262533692722372,0.0,1.0
prefill,conversation,5,11,6,32,transition,421,8,0.8735154394299287,0.3919239904988123,4.0,4.57919782460911,0.24032738095238096,0.6356908780865762
prefill,conversation,5,12,7,8,domain_oracle,421,8,0.17755344418052257,0.0,1.0,5.632107023411371,0.0,1.0
prefill,conversation,5,12,7,8,previous_window,421,8,0.17399049881235154,0.0,1.0,5.747440273037543,0.002976190476190476,0.9963369963369964
prefill,conversation,5,12,7,8,static,421,8,0.12054631828978622,0.0,1.0,8.295566502463053,0.0,1.0
prefill,conversation,5,12,7,8,transition,421,8,0.43497624703087884,0.0,1.0,2.298976109215017,0.493452380952381,0.38029314600743036
prefill,conversation,5,12,7,16,domain_oracle,421,8,0.35391923990498814,0.007125890736342043,2.0,5.651006711409396,0.0,1.0
prefill,conversation,5,12,7,16,previous_window,421,8,0.36193586698337293,0.0023752969121140144,2.0,5.525840853158327,0.0020833333333333333,0.9971519274376417
prefill,conversation,5,12,7,16,static,421,8,0.26247030878859856,0.0,2.0,7.619909502262443,0.0,1.0
prefill,conversation,5,12,7,16,transition,421,8,0.6401425178147269,0.0688836104513064,2.0,3.12430426716141,0.37202380952380953,0.49046038455610314
prefill,conversation,5,12,7,32,domain_oracle,421,8,0.6205463182897862,0.040380047505938245,4.0,6.445933014354067,0.0,1.0
prefill,conversation,5,12,7,32,previous_window,421,8,0.6416270783847982,0.07125890736342043,4.0,6.2341508560851455,0.0013392857142857143,0.9979494190020507
prefill,conversation,5,12,7,32,static,421,8,0.5736342042755345,0.05938242280285035,4.0,6.9730848861283645,0.0,1.0
prefill,conversation,5,12,7,32,transition,421,8,0.8755938242280285,0.43705463182897863,4.0,4.568328246863343,0.25944940476190476,0.6056957360734088
prefill,conversation,5,13,8,8,domain_oracle,421,8,0.1748812351543943,0.0,1.0,5.718166383701188,0.0,1.0
prefill,conversation,5,13,8,8,previous_window,421,8,0.18438242280285036,0.0,1.0,5.423510466988728,0.003273809523809524,0.9961276818419674
prefill,conversation,5,13,8,8,static,421,8,0.10005938242280285,0.0,1.0,9.99406528189911,0.0,1.0
prefill,conversation,5,13,8,8,transition,421,8,0.39073634204275537,0.0,1.0,2.559270516717325,0.5041666666666667,0.37821421964278995
prefill,conversation,5,13,8,16,domain_oracle,421,8,0.35184085510688834,0.007125890736342043,2.0,5.684388185654009,0.0,1.0
prefill,conversation,5,13,8,16,previous_window,421,8,0.36223277909738716,0.0,2.0,5.521311475409836,0.0020833333333333333,0.9971519274376417
prefill,conversation,5,13,8,16,static,421,8,0.27315914489311166,0.0,2.0,7.321739130434783,0.0,1.0
prefill,conversation,5,13,8,16,transition,421,8,0.5858076009501187,0.03800475059382423,2.0,3.41409021794222,0.38095238095238093,0.4790783469201718
prefill,conversation,5,13,8,32,domain_oracle,421,8,0.6220308788598575,0.04275534441805225,4.0,6.430548926014319,0.0,1.0
prefill,conversation,5,13,8,32,previous_window,421,8,0.6282660332541568,0.05938242280285035,4.0,6.366729678638942,0.0012648809523809524,0.9980299586174739
prefill,conversation,5,13,8,32,static,421,8,0.5843230403800475,0.04275534441805225,4.0,6.845528455284553,0.0,1.0
prefill,conversation,5,13,8,32,transition,421,8,0.8135391923990499,0.29453681710213775,4.0,4.916788321167883,0.2324404761904762,0.6368752480311227
prefill,conversation,5,14,9,8,domain_oracle,421,8,0.16419239904988123,0.0,1.0,6.090415913200723,0.0,1.0
prefill,conversation,5,14,9,8,previous_window,421,8,0.17844418052256533,0.0,1.0,5.603993344425957,0.003273809523809524,0.9961276818419674
prefill,conversation,5,14,9,8,static,421,8,0.10985748218527316,0.0,1.0,9.102702702702702,0.0,1.0
prefill,conversation,5,14,9,8,transition,421,8,0.4346793349168646,0.0,1.0,2.300546448087432,0.562797619047619,0.32124584410298573
prefill,conversation,5,14,9,16,domain_oracle,421,8,0.29780285035629456,0.0023752969121140144,2.0,6.715852442671984,0.0,1.0
prefill,conversation,5,14,9,16,previous_window,421,8,0.33907363420427555,0.0023752969121140144,2.0,5.898423817863398,0.002380952380952381,0.9970068027210884
prefill,conversation,5,14,9,16,static,421,8,0.29334916864608074,0.0,2.0,6.817813765182186,0.0,1.0
prefill,conversation,5,14,9,16,transition,421,8,0.6353919239904988,0.057007125890736345,2.0,3.147663551401869,0.4261904761904762,0.4368729510685246
prefill,conversation,5,14,9,32,domain_oracle,421,8,0.6294536817102138,0.052256532066508314,4.0,6.354716981132076,0.0,1.0
prefill,conversation,5,14,9,32,previous_window,421,8,0.630938242280285,0.057007125890736345,4.0,6.339764705882353,0.0014136904761904762,0.9978465978465979
prefill,conversation,5,14,9,32,static,421,8,0.5573040380047506,0.023752969121140142,4.0,7.177410761854023,0.0,1.0
prefill,conversation,5,14,9,32,transition,421,8,0.8637173396674585,0.38004750593824227,4.0,4.631144723272603,0.240625,0.6305178515030034
prefill,conversation,5,15,10,8,domain_oracle,421,8,0.21080760095011877,0.0,1.0,4.743661971830986,0.0,1.0
prefill,conversation,5,15,10,8,previous_window,421,8,0.21169833729216153,0.0,1.0,4.723702664796634,0.0026785714285714286,0.9965811965811965
prefill,conversation,5,15,10,8,static,421,8,0.1514251781472684,0.0,1.0,6.603921568627451,0.0,1.0
prefill,conversation,5,15,10,8,transition,421,8,0.3767814726840855,0.0,1.0,2.6540583136327816,0.4544642857142857,0.4072025329168176
prefill,conversation,5,15,10,16,domain_oracle,421,8,0.3847980997624703,0.0,2.0,5.197530864197531,0.0,1.0
prefill,conversation,5,15,10,16,previous_window,421,8,0.3824228028503563,0.0023752969121140144,2.0,5.229813664596273,0.0019345238095238096,0.9972789115646259
prefill,conversation,5,15,10,16,static,421,8,0.3233372921615202,0.0,2.0,6.185491276400367,0.0,1.0
prefill,conversation,5,15,10,16,transition,421,8,0.5878859857482185,0.030878859857482184,2.0,3.402020202020202,0.3430059523809524,0.5119482210692586
prefill,conversation,5,15,10,32,domain_oracle,421,8,0.7125890736342043,0.0831353919239905,4.0,5.613333333333333,0.0,1.0
prefill,conversation,5,15,10,32,previous_window,421,8,0.7137767220902613,0.14251781472684086,4.0,5.603993344425957,0.000818452380952381,0.9986161986161985
prefill,conversation,5,15,10,32,static,421,8,0.6252969121140143,0.028503562945368172,4.0,6.39696106362773,0.0,1.0
prefill,conversation,5,15,10,32,transition,421,8,0.8485748218527316,0.37054631828978624,4.0,4.7137858642407275,0.2086309523809524,0.6684340881605307
prefill,conversation,6,7,1,8,domain_oracle,421,8,0.18200712589073634,0.0,1.0,5.494290375203915,0.0,1.0
prefill,conversation,6,7,1,8,previous_window,421,8,0.18824228028503562,0.0,1.0,5.312302839116719,0.003273809523809524,0.9961276818419674
prefill,conversation,6,7,1,8,static,421,8,0.16389548693586697,0.0,1.0,6.101449275362318,0.0,1.0
prefill,conversation,6,7,1,8,transition,421,8,0.5181116389548693,0.0023752969121140144,1.0,1.9300859598853868,0.5544642857142857,0.32233723948009513
prefill,conversation,6,7,1,16,domain_oracle,421,8,0.36163895486935865,0.0,2.0,5.530377668308703,0.0,1.0
prefill,conversation,6,7,1,16,previous_window,421,8,0.3503562945368171,0.0,2.0,5.708474576271186,0.002380952380952381,0.9968364389233954
prefill,conversation,6,7,1,16,static,421,8,0.2820665083135392,0.0,2.0,7.090526315789473,0.0,1.0
prefill,conversation,6,7,1,16,transition,421,8,0.7292161520190024,0.09501187648456057,2.0,2.742671009771987,0.4299107142857143,0.433299354490585
prefill,conversation,6,7,1,32,domain_oracle,421,8,0.621437054631829,0.05463182897862233,4.0,6.436693741041567,0.0,1.0
prefill,conversation,6,7,1,32,previous_window,421,8,0.6327197149643705,0.06413301662707839,4.0,6.321914594087283,0.0011160714285714285,0.9982028241335045
prefill,conversation,6,7,1,32,static,421,8,0.5905581947743468,0.05463182897862233,4.0,6.77325289089995,0.0,1.0
prefill,conversation,6,7,1,32,transition,421,8,0.919833729216152,0.517814726840855,4.0,4.348612007746934,0.26852678571428573,0.5987153134004819
prefill,conversation,6,8,2,8,domain_oracle,421,8,0.17131828978622327,0.0,1.0,5.837088388214904,0.0,1.0
prefill,conversation,6,8,2,8,previous_window,421,8,0.19625890736342042,0.0,1.0,5.095310136157337,0.003273809523809524,0.9961276818419674
prefill,conversation,6,8,2,8,static,421,8,0.13687648456057008,0.0,1.0,7.3058568329718,0.0,1.0
prefill,conversation,6,8,2,8,transition,421,8,0.5519596199524941,0.004750593824228029,1.0,1.8117267348036579,0.5723214285714285,0.3177099619956749
prefill,conversation,6,8,2,16,domain_oracle,421,8,0.28711401425178146,0.0023752969121140144,2.0,6.965873836608067,0.0,1.0
prefill,conversation,6,8,2,16,previous_window,421,8,0.333729216152019,0.0023752969121140144,2.0,5.99288256227758,0.002380952380952381,0.9968697968697968
prefill,conversation,6,8,2,16,static,421,8,0.3108669833729216,0.0,2.0,6.433619866284623,0.0,1.0
prefill,conversation,6,8,2,16,transition,421,8,0.7597980997624703,0.16152019002375298,2.0,2.632278233685033,0.4583333333333333,0.4081232801219849
prefill,conversation,6,8,2,32,domain_oracle,421,8,0.6000593824228029,0.035629453681710214,4.0,6.666006927263731,0.0,1.0
prefill,conversation,6,8,2,32,previous_window,421,8,0.5985748218527316,0.03800475059382423,4.0,6.682539682539683,0.0013392857142857143,0.9979271374620212
prefill,conversation,6,8,2,32,static,421,8,0.6137173396674585,0.04275534441805225,4.0,6.517658442186744,0.0,1.0
prefill,conversation,6,8,2,32,transition,421,8,0.9415083135391924,0.6508313539192399,4.0,4.248502049826553,0.28757440476190477,0.575672835140117
prefill,conversation,6,9,3,8,domain_oracle,421,8,0.1404394299287411,0.0,1.0,7.120507399577167,0.0,1.0
prefill,conversation,6,9,3,8,previous_window,421,8,0.15112826603325416,0.0,1.0,6.616895874263261,0.0035714285714285713,0.9959462759462759
prefill,conversation,6,9,3,8,static,421,8,0.11906175771971496,0.0,1.0,8.399002493765586,0.0,1.0
prefill,conversation,6,9,3,8,transition,421,8,0.5739311163895487,0.0023752969121140144,1.0,1.7423693740300052,0.6044642857142857,0.2876206333349176
prefill,conversation,6,9,3,16,domain_oracle,421,8,0.2776128266033254,0.0,2.0,7.20427807486631,0.0,1.0
prefill,conversation,6,9,3,16,previous_window,421,8,0.3171021377672209,0.0,2.0,6.307116104868914,0.002380952380952381,0.9969261778785589
prefill,conversation,6,9,3,16,static,421,8,0.2556413301662708,0.0,2.0,7.823461091753774,0.0,1.0
prefill,conversation,6,9,3,16,transition,421,8,0.7927553444180523,0.19477434679334918,2.0,2.5228464419475656,0.5032738095238095,0.37301672663308555
prefill,conversation,6,9,3,32,domain_oracle,421,8,0.6006532066508313,0.019002375296912115,4.0,6.659416707859615,0.0,1.0
prefill,conversation,6,9,3,32,previous_window,421,8,0.5932304038004751,0.021377672209026127,4.0,6.742742742742743,0.0014136904761904762,0.9978294573643411
prefill,conversation,6,9,3,32,static,421,8,0.5754156769596199,0.014251781472684086,4.0,6.951496388028896,0.0,1.0
prefill,conversation,6,9,3,32,transition,421,8,0.9483372921615202,0.7030878859857482,4.0,4.217908578584846,0.3158482142857143,0.5453564337032983
prefill,conversation,6,10,4,8,domain_oracle,421,8,0.1754750593824228,0.0,1.0,5.698815566835871,0.0,1.0
prefill,conversation,6,10,4,8,previous_window,421,8,0.18111638954869358,0.0,1.0,5.521311475409836,0.0026785714285714286,0.9965811965811965
prefill,conversation,6,10,4,8,static,421,8,0.12232779097387174,0.0,1.0,8.174757281553399,0.0,1.0
prefill,conversation,6,10,4,8,transition,421,8,0.544833729216152,0.004750593824228029,1.0,1.8354223433242507,0.6181547619047619,0.2798607741464872
prefill,conversation,6,10,4,16,domain_oracle,421,8,0.342042755344418,0.0,2.0,5.847222222222222,0.0,1.0
prefill,conversation,6,10,4,16,previous_window,421,8,0.36163895486935865,0.0,2.0,5.530377668308703,0.001636904761904762,0.9975983436853003
prefill,conversation,6,10,4,16,static,421,8,0.27197149643705465,0.0,2.0,7.353711790393013,0.0,1.0
prefill,conversation,6,10,4,16,transition,421,8,0.7734560570071259,0.17814726840855108,2.0,2.5857965451055662,0.5072916666666667,0.3645094421745267
prefill,conversation,6,10,4,32,domain_oracle,421,8,0.5953087885985748,0.04513064133016627,4.0,6.719201995012469,0.0,1.0
prefill,conversation,6,10,4,32,previous_window,421,8,0.6065914489311164,0.08788598574821853,4.0,6.594224180127264,0.0017113095238095238,0.9975579975579977
prefill,conversation,6,10,4,32,static,421,8,0.6036223277909739,0.040380047505938245,4.0,6.626660108214462,0.0,1.0
prefill,conversation,6,10,4,32,transition,421,8,0.9323040380047506,0.6413301662707839,4.0,4.290445859872611,0.311235119047619,0.5530947301935467
prefill,conversation,6,11,5,8,domain_oracle,421,8,0.1582541567695962,0.0,1.0,6.318949343339587,0.0,1.0
prefill,conversation,6,11,5,8,previous_window,421,8,0.1490498812351544,0.0,1.0,6.709163346613546,0.004166666666666667,0.9955782312925169
prefill,conversation,6,11,5,8,static,421,8,0.12915676959619954,0.0,1.0,7.742528735632184,0.0,1.0
prefill,conversation,6,11,5,8,transition,421,8,0.4735748218527316,0.0,1.0,2.111598746081505,0.5550595238095238,0.33114060542631835
prefill,conversation,6,11,5,16,domain_oracle,421,8,0.3078978622327791,0.0023752969121140144,2.0,6.49566055930569,0.0,1.0
prefill,conversation,6,11,5,16,previous_window,421,8,0.3251187648456057,0.0023752969121140144,2.0,6.151598173515982,0.002529761904761905,0.9967192228061793
prefill,conversation,6,11,5,16,static,421,8,0.27256532066508316,0.0,2.0,7.337690631808279,0.0,1.0
prefill,conversation,6,11,5,16,transition,421,8,0.6882422802850356,0.09026128266033254,2.0,2.90595340811044,0.43125,0.4305905816265752
prefill,conversation,6,11,5,32,domain_oracle,421,8,0.6113420427553444,0.026128266033254157,4.0,6.5429820301117045,0.0,1.0
prefill,conversation,6,11,5,32,previous_window,421,8,0.6241092636579573,0.052256532066508314,4.0,6.4091341579448144,0.0010416666666666667,0.9983736750514159
prefill,conversation,6,11,5,32,static,421,8,0.5507719714964371,0.035629453681710214,4.0,7.262533692722372,0.0,1.0
prefill,conversation,6,11,5,32,transition,421,8,0.8818289786223278,0.4085510688836104,4.0,4.536026936026936,0.26592261904761905,0.6004147289544102
prefill,conversation,6,12,6,8,domain_oracle,421,8,0.17755344418052257,0.0,1.0,5.632107023411371,0.0,1.0
prefill,conversation,6,12,6,8,previous_window,421,8,0.17399049881235154,0.0,1.0,5.747440273037543,0.002976190476190476,0.9963369963369964
prefill,conversation,6,12,6,8,static,421,8,0.12054631828978622,0.0,1.0,8.295566502463053,0.0,1.0
prefill,conversation,6,12,6,8,transition,421,8,0.4584323040380047,0.0,1.0,2.1813471502590676,0.5169642857142858,0.35596007167435606
prefill,conversation,6,12,6,16,domain_oracle,421,8,0.35391923990498814,0.007125890736342043,2.0,5.651006711409396,0.0,1.0
prefill,conversation,6,12,6,16,previous_window,421,8,0.36193586698337293,0.0023752969121140144,2.0,5.525840853158327,0.0020833333333333333,0.9971519274376417
prefill,conversation,6,12,6,16,static,421,8,0.26247030878859856,0.0,2.0,7.619909502262443,0.0,1.0
prefill,conversation,6,12,6,16,transition,421,8,0.6736935866983373,0.1021377672209026,2.0,2.968708682238872,0.412797619047619,0.4459572735890367
prefill,conversation,6,12,6,32,domain_oracle,421,8,0.6205463182897862,0.040380047505938245,4.0,6.445933014354067,0.0,1.0
prefill,conversation,6,12,6,32,previous_window,421,8,0.6416270783847982,0.07125890736342043,4.0,6.2341508560851455,0.0013392857142857143,0.9979494190020507
prefill,conversation,6,12,6,32,static,421,8,0.5736342042755345,0.05938242280285035,4.0,6.9730848861283645,0.0,1.0
prefill,conversation,6,12,6,32,transition,421,8,0.8824228028503563,0.4750593824228028,4.0,4.532974427994616,0.2700892857142857,0.5947789526724152
prefill,conversation,6,13,7,8,domain_oracle,421,8,0.1748812351543943,0.0,1.0,5.718166383701188,0.0,1.0
prefill,conversation,6,13,7,8,previous_window,421,8,0.18438242280285036,0.0,1.0,5.423510466988728,0.003273809523809524,0.9961276818419674
prefill,conversation,6,13,7,8,static,421,8,0.10005938242280285,0.0,1.0,9.99406528189911,0.0,1.0
prefill,conversation,6,13,7,8,transition,421,8,0.4100356294536817,0.0,1.0,2.4388124547429397,0.5238095238095238,0.355962344533772
prefill,conversation,6,13,7,16,domain_oracle,421,8,0.35184085510688834,0.007125890736342043,2.0,5.684388185654009,0.0,1.0
prefill,conversation,6,13,7,16,previous_window,421,8,0.36223277909738716,0.0,2.0,5.521311475409836,0.0020833333333333333,0.9971519274376417
prefill,conversation,6,13,7,16,static,421,8,0.27315914489311166,0.0,2.0,7.321739130434783,0.0,1.0
prefill,conversation,6,13,7,16,transition,421,8,0.5979809976247031,0.04275534441805225,2.0,3.3445878848063555,0.3882440476190476,0.4716974674687382
prefill,conversation,6,13,7,32,domain_oracle,421,8,0.6220308788598575,0.04275534441805225,4.0,6.430548926014319,0.0,1.0
prefill,conversation,6,13,7,32,previous_window,421,8,0.6282660332541568,0.05938242280285035,4.0,6.366729678638942,0.0012648809523809524,0.9980299586174739
prefill,conversation,6,13,7,32,static,421,8,0.5843230403800475,0.04275534441805225,4.0,6.845528455284553,0.0,1.0
prefill,conversation,6,13,7,32,transition,421,8,0.828978622327791,0.31116389548693585,4.0,4.825214899713467,0.25089285714285714,0.6138442290750791
prefill,conversation,6,14,8,8,domain_oracle,421,8,0.16419239904988123,0.0,1.0,6.090415913200723,0.0,1.0
prefill,conversation,6,14,8,8,previous_window,421,8,0.17844418052256533,0.0,1.0,5.603993344425957,0.003273809523809524,0.9961276818419674
prefill,conversation,6,14,8,8,static,421,8,0.10985748218527316,0.0,1.0,9.102702702702702,0.0,1.0
prefill,conversation,6,14,8,8,transition,421,8,0.4346793349168646,0.0023752969121140144,1.0,2.300546448087432,0.5428571428571428,0.3435785907214465
prefill,conversation,6,14,8,16,domain_oracle,421,8,0.29780285035629456,0.0023752969121140144,2.0,6.715852442671984,0.0,1.0
prefill,conversation,6,14,8,16,previous_window,421,8,0.33907363420427555,0.0023752969121140144,2.0,5.898423817863398,0.002380952380952381,0.9970068027210884
prefill,conversation,6,14,8,16,static,421,8,0.29334916864608074,0.0,2.0,6.817813765182186,0.0,1.0
prefill,conversation,6,14,8,16,transition,421,8,0.6564726840855107,0.0688836104513064,2.0,3.0465852555404793,0.4407738095238095,0.422234546443413
prefill,conversation,6,14,8,32,domain_oracle,421,8,0.6294536817102138,0.052256532066508314,4.0,6.354716981132076,0.0,1.0
prefill,conversation,6,14,8,32,previous_window,421,8,0.630938242280285,0.057007125890736345,4.0,6.339764705882353,0.0014136904761904762,0.9978465978465979
prefill,conversation,6,14,8,32,static,421,8,0.5573040380047506,0.023752969121140142,4.0,7.177410761854023,0.0,1.0
prefill,conversation,6,14,8,32,transition,421,8,0.869061757719715,0.3752969121140142,4.0,4.602664844550734,0.25669642857142855,0.6066303003042632
prefill,conversation,6,15,9,8,domain_oracle,421,8,0.21080760095011877,0.0,1.0,4.743661971830986,0.0,1.0
prefill,conversation,6,15,9,8,previous_window,421,8,0.21169833729216153,0.0,1.0,4.723702664796634,0.0026785714285714286,0.9965811965811965
prefill,conversation,6,15,9,8,static,421,8,0.1514251781472684,0.0,1.0,6.603921568627451,0.0,1.0
prefill,conversation,6,15,9,8,transition,421,8,0.3945961995249406,0.0,1.0,2.5342362678705794,0.4699404761904762,0.4005623477052034
prefill,conversation,6,15,9,16,domain_oracle,421,8,0.3847980997624703,0.0,2.0,5.197530864197531,0.0,1.0
prefill,conversation,6,15,9,16,previous_window,421,8,0.3824228028503563,0.0023752969121140144,2.0,5.229813664596273,0.0019345238095238096,0.9972789115646259
prefill,conversation,6,15,9,16,static,421,8,0.3233372921615202,0.0,2.0,6.185491276400367,0.0,1.0
prefill,conversation,6,15,9,16,transition,421,8,0.607185273159145,0.030878859857482184,2.0,3.293887530562347,0.36041666666666666,0.4927749127198345
prefill,conversation,6,15,9,32,domain_oracle,421,8,0.7125890736342043,0.0831353919239905,4.0,5.613333333333333,0.0,1.0
prefill,conversation,6,15,9,32,previous_window,421,8,0.7137767220902613,0.14251781472684086,4.0,5.603993344425957,0.000818452380952381,0.9986161986161985
prefill,conversation,6,15,9,32,static,421,8,0.6252969121140143,0.028503562945368172,4.0,6.39696106362773,0.0,1.0
prefill,conversation,6,15,9,32,transition,421,8,0.8595605700712589,0.3847980997624703,4.0,4.653540587219344,0.21889880952380952,0.6552190544002756
prefill,conversation,7,8,1,8,domain_oracle,421,8,0.17131828978622327,0.0,1.0,5.837088388214904,0.0,1.0
prefill,conversation,7,8,1,8,previous_window,421,8,0.19625890736342042,0.0,1.0,5.095310136157337,0.003273809523809524,0.9961276818419674
prefill,conversation,7,8,1,8,static,421,8,0.13687648456057008,0.0,1.0,7.3058568329718,0.0,1.0
prefill,conversation,7,8,1,8,transition,421,8,0.5380047505938242,0.011876484560570071,1.0,1.858719646799117,0.59375,0.3041671555957255
prefill,conversation,7,8,1,16,domain_oracle,421,8,0.28711401425178146,0.0023752969121140144,2.0,6.965873836608067,0.0,1.0
prefill,conversation,7,8,1,16,previous_window,421,8,0.333729216152019,0.0023752969121140144,2.0,5.99288256227758,0.002380952380952381,0.9968697968697968
prefill,conversation,7,8,1,16,static,421,8,0.3108669833729216,0.0,2.0,6.433619866284623,0.0,1.0
prefill,conversation,7,8,1,16,transition,421,8,0.747624703087886,0.1496437054631829,2.0,2.6751389992057186,0.4607142857142857,0.4102590201286959
prefill,conversation,7,8,1,32,domain_oracle,421,8,0.6000593824228029,0.035629453681710214,4.0,6.666006927263731,0.0,1.0
prefill,conversation,7,8,1,32,previous_window,421,8,0.5985748218527316,0.03800475059382423,4.0,6.682539682539683,0.0013392857142857143,0.9979271374620212
prefill,conversation,7,8,1,32,static,421,8,0.6137173396674585,0.04275534441805225,4.0,6.517658442186744,0.0,1.0
prefill,conversation,7,8,1,32,transition,421,8,0.9290380047505938,0.5748218527315915,4.0,4.305528922978588,0.2836309523809524,0.5781505009761593
prefill,conversation,7,9,2,8,domain_oracle,421,8,0.1404394299287411,0.0,1.0,7.120507399577167,0.0,1.0
prefill,conversation,7,9,2,8,previous_window,421,8,0.15112826603325416,0.0,1.0,6.616895874263261,0.0035714285714285713,0.9959462759462759
prefill,conversation,7,9,2,8,static,421,8,0.11906175771971496,0.0,1.0,8.399002493765586,0.0,1.0
prefill,conversation,7,9,2,8,transition,421,8,0.5769002375296912,0.0,1.0,1.7334019557385487,0.6196428571428572,0.275412365412364
prefill,conversation,7,9,2,16,domain_oracle,421,8,0.2776128266033254,0.0,2.0,7.20427807486631,0.0,1.0
prefill,conversation,7,9,2,16,previous_window,421,8,0.3171021377672209,0.0,2.0,6.307116104868914,0.002380952380952381,0.9969261778785589
prefill,conversation,7,9,2,16,static,421,8,0.2556413301662708,0.0,2.0,7.823461091753774,0.0,1.0
prefill,conversation,7,9,2,16,transition,421,8,0.8105700712589073,0.23040380047505937,2.0,2.4673992673992675,0.5197916666666667,0.3608611034774267
prefill,conversation,7,9,2,32,domain_oracle,421,8,0.6006532066508313,0.019002375296912115,4.0,6.659416707859615,0.0,1.0
prefill,conversation,7,9,2,32,previous_window,421,8,0.5932304038004751,0.021377672209026127,4.0,6.742742742742743,0.0014136904761904762,0.9978294573643411
prefill,conversation,7,9,2,32,static,421,8,0.5754156769596199,0.014251781472684086,4.0,6.951496388028896,0.0,1.0
prefill,conversation,7,9,2,32,transition,421,8,0.940914489311164,0.6460807600950119,4.0,4.251183338592616,0.3259672619047619,0.5356140807776304
prefill,conversation,7,10,3,8,domain_oracle,421,8,0.1754750593824228,0.0,1.0,5.698815566835871,0.0,1.0
prefill,conversation,7,10,3,8,previous_window,421,8,0.18111638954869358,0.0,1.0,5.521311475409836,0.0026785714285714286,0.9965811965811965
prefill,conversation,7,10,3,8,static,421,8,0.12232779097387174,0.0,1.0,8.174757281553399,0.0,1.0
prefill,conversation,7,10,3,8,transition,421,8,0.5632422802850356,0.007125890736342043,1.0,1.775434897206115,0.6502976190476191,0.2587261944404791
prefill,conversation,7,10,3,16,domain_oracle,421,8,0.342042755344418,0.0,2.0,5.847222222222222,0.0,1.0
prefill,conversation,7,10,3,16,previous_window,421,8,0.36163895486935865,0.0,2.0,5.530377668308703,0.001636904761904762,0.9975983436853003
prefill,conversation,7,10,3,16,static,421,8,0.27197149643705465,0.0,2.0,7.353711790393013,0.0,1.0
prefill,conversation,7,10,3,16,transition,421,8,0.7820665083135392,0.20902612826603326,2.0,2.557327258921792,0.5302083333333333,0.34813899849986657
prefill,conversation,7,10,3,32,domain_oracle,421,8,0.5953087885985748,0.04513064133016627,4.0,6.719201995012469,0.0,1.0
prefill,conversation,7,10,3,32,previous_window,421,8,0.6065914489311164,0.08788598574821853,4.0,6.594224180127264,0.0017113095238095238,0.9975579975579977
prefill,conversation,7,10,3,32,static,421,8,0.6036223277909739,0.040380047505938245,4.0,6.626660108214462,0.0,1.0
prefill,conversation,7,10,3,32,transition,421,8,0.9308194774346793,0.6033254156769596,4.0,4.297288676236045,0.30714285714285716,0.5613412651801272
prefill,conversation,7,11,4,8,domain_oracle,421,8,0.1582541567695962,0.0,1.0,6.318949343339587,0.0,1.0
prefill,conversation,7,11,4,8,previous_window,421,8,0.1490498812351544,0.0,1.0,6.709163346613546,0.004166666666666667,0.9955782312925169
prefill,conversation,7,11,4,8,static,421,8,0.12915676959619954,0.0,1.0,7.742528735632184,0.0,1.0
prefill,conversation,7,11,4,8,transition,421,8,0.47951306413301664,0.0023752969121140144,1.0,2.085448916408669,0.5764880952380952,0.3132786261357675
prefill,conversation,7,11,4,16,domain_oracle,421,8,0.3078978622327791,0.0023752969121140144,2.0,6.49566055930569,0.0,1.0
prefill,conversation,7,11,4,16,previous_window,421,8,0.3251187648456057,0.0023752969121140144,2.0,6.151598173515982,0.002529761904761905,0.9967192228061793
prefill,conversation,7,11,4,16,static,421,8,0.27256532066508316,0.0,2.0,7.337690631808279,0.0,1.0
prefill,conversation,7,11,4,16,transition,421,8,0.6799287410926366,0.09263657957244656,2.0,2.941484716157205,0.43392857142857144,0.4287123765406379
prefill,conversation,7,11,4,32,domain_oracle,421,8,0.6113420427553444,0.026128266033254157,4.0,6.5429820301117045,0.0,1.0
prefill,conversation,7,11,4,32,previous_window,421,8,0.6241092636579573,0.052256532066508314,4.0,6.4091341579448144,0.0010416666666666667,0.9983736750514159
prefill,conversation,7,11,4,32,static,421,8,0.5507719714964371,0.035629453681710214,4.0,7.262533692722372,0.0,1.0
prefill,conversation,7,11,4,32,transition,421,8,0.8945961995249406,0.4418052256532066,4.0,4.471291072021241,0.26904761904761904,0.599581359203455
prefill,conversation,7,12,5,8,domain_oracle,421,8,0.17755344418052257,0.0,1.0,5.632107023411371,0.0,1.0
prefill,conversation,7,12,5,8,previous_window,421,8,0.17399049881235154,0.0,1.0,5.747440273037543,0.002976190476190476,0.9963369963369964
prefill,conversation,7,12,5,8,static,421,8,0.12054631828978622,0.0,1.0,8.295566502463053,0.0,1.0
prefill,conversation,7,12,5,8,transition,421,8,0.461104513064133,0.0,1.0,2.1687057308435285,0.5258928571428572,0.352344110915538
prefill,conversation,7,12,5,16,domain_oracle,421,8,0.35391923990498814,0.007125890736342043,2.0,5.651006711409396,0.0,1.0
prefill,conversation,7,12,5,16,previous_window,421,8,0.36193586698337293,0.0023752969121140144,2.0,5.525840853158327,0.0020833333333333333,0.9971519274376417
prefill,conversation,7,12,5,16,static,421,8,0.26247030878859856,0.0,2.0,7.619909502262443,0.0,1.0
prefill,conversation,7,12,5,16,transition,421,8,0.6769596199524941,0.10926365795724466,2.0,2.9543859649122806,0.40133928571428573,0.4589589262909442
prefill,conversation,7,12,5,32,domain_oracle,421,8,0.6205463182897862,0.040380047505938245,4.0,6.445933014354067,0.0,1.0
prefill,conversation,7,12,5,32,previous_window,421,8,0.6416270783847982,0.07125890736342043,4.0,6.2341508560851455,0.0013392857142857143,0.9979494190020507
prefill,conversation,7,12,5,32,static,421,8,0.5736342042755345,0.05938242280285035,4.0,6.9730848861283645,0.0,1.0
prefill,conversation,7,12,5,32,transition,421,8,0.892814726840855,0.498812351543943,4.0,4.480212836714333,0.2819940476190476,0.5794232120247176
prefill,conversation,7,13,6,8,domain_oracle,421,8,0.1748812351543943,0.0,1.0,5.718166383701188,0.0,1.0
prefill,conversation,7,13,6,8,previous_window,421,8,0.18438242280285036,0.0,1.0,5.423510466988728,0.003273809523809524,0.9961276818419674
prefill,conversation,7,13,6,8,static,421,8,0.10005938242280285,0.0,1.0,9.99406528189911,0.0,1.0
prefill,conversation,7,13,6,8,transition,421,8,0.4278503562945368,0.0,1.0,2.337265787647467,0.5532738095238096,0.33285714285714124
prefill,conversation,7,13,6,16,domain_oracle,421,8,0.35184085510688834,0.007125890736342043,2.0,5.684388185654009,0.0,1.0
prefill,conversation,7,13,6,16,previous_window,421,8,0.36223277909738716,0.0,2.0,5.521311475409836,0.0020833333333333333,0.9971519274376417
prefill,conversation,7,13,6,16,static,421,8,0.27315914489311166,0.0,2.0,7.321739130434783,0.0,1.0
prefill,conversation,7,13,6,16,transition,421,8,0.6122327790973872,0.040380047505938245,2.0,3.2667313288069835,0.403125,0.4592984217645209
prefill,conversation,7,13,6,32,domain_oracle,421,8,0.6220308788598575,0.04275534441805225,4.0,6.430548926014319,0.0,1.0
prefill,conversation,7,13,6,32,previous_window,421,8,0.6282660332541568,0.05938242280285035,4.0,6.366729678638942,0.0012648809523809524,0.9980299586174739
prefill,conversation,7,13,6,32,static,421,8,0.5843230403800475,0.04275534441805225,4.0,6.845528455284553,0.0,1.0
prefill,conversation,7,13,6,32,transition,421,8,0.8242280285035629,0.3182897862232779,4.0,4.8530259365994235,0.25885416666666666,0.6038266178803171
prefill,conversation,7,14,7,8,domain_oracle,421,8,0.16419239904988123,0.0,1.0,6.090415913200723,0.0,1.0
prefill,conversation,7,14,7,8,previous_window,421,8,0.17844418052256533,0.0,1.0,5.603993344425957,0.003273809523809524,0.9961276818419674
prefill,conversation,7,14,7,8,static,421,8,0.10985748218527316,0.0,1.0,9.102702702702702,0.0,1.0
prefill,conversation,7,14,7,8,transition,421,8,0.45516627078384797,0.0023752969121140144,1.0,2.196999347684279,0.5910714285714286,0.31180533751962175
prefill,conversation,7,14,7,16,domain_oracle,421,8,0.29780285035629456,0.0023752969121140144,2.0,6.715852442671984,0.0,1.0
prefill,conversation,7,14,7,16,previous_window,421,8,0.33907363420427555,0.0023752969121140144,2.0,5.898423817863398,0.002380952380952381,0.9970068027210884
prefill,conversation,7,14,7,16,static,421,8,0.29334916864608074,0.0,2.0,6.817813765182186,0.0,1.0
prefill,conversation,7,14,7,16,transition,421,8,0.671021377672209,0.08076009501187649,2.0,2.9805309734513274,0.4523809523809524,0.41470942702471203
prefill,conversation,7,14,7,32,domain_oracle,421,8,0.6294536817102138,0.052256532066508314,4.0,6.354716981132076,0.0,1.0
prefill,conversation,7,14,7,32,previous_window,421,8,0.630938242280285,0.057007125890736345,4.0,6.339764705882353,0.0014136904761904762,0.9978465978465979
prefill,conversation,7,14,7,32,static,421,8,0.5573040380047506,0.023752969121140142,4.0,7.177410761854023,0.0,1.0
prefill,conversation,7,14,7,32,transition,421,8,0.8862826603325415,0.4323040380047506,4.0,4.513232830820771,0.26205357142857144,0.6022339998459616
prefill,conversation,7,15,8,8,domain_oracle,421,8,0.21080760095011877,0.0,1.0,4.743661971830986,0.0,1.0
prefill,conversation,7,15,8,8,previous_window,421,8,0.21169833729216153,0.0,1.0,4.723702664796634,0.0026785714285714286,0.9965811965811965
prefill,conversation,7,15,8,8,static,421,8,0.1514251781472684,0.0,1.0,6.603921568627451,0.0,1.0
prefill,conversation,7,15,8,8,transition,421,8,0.41597387173396677,0.0,1.0,2.4039971448965023,0.49970238095238095,0.37644329215757655
prefill,conversation,7,15,8,16,domain_oracle,421,8,0.3847980997624703,0.0,2.0,5.197530864197531,0.0,1.0
prefill,conversation,7,15,8,16,previous_window,421,8,0.3824228028503563,0.0023752969121140144,2.0,5.229813664596273,0.0019345238095238096,0.9972789115646259
prefill,conversation,7,15,8,16,static,421,8,0.3233372921615202,0.0,2.0,6.185491276400367,0.0,1.0
prefill,conversation,7,15,8,16,transition,421,8,0.6220308788598575,0.04513064133016627,2.0,3.2152744630071597,0.3886904761904762,0.47010512166960616
prefill,conversation,7,15,8,32,domain_oracle,421,8,0.7125890736342043,0.0831353919239905,4.0,5.613333333333333,0.0,1.0
prefill,conversation,7,15,8,32,previous_window,421,8,0.7137767220902613,0.14251781472684086,4.0,5.603993344425957,0.000818452380952381,0.9986161986161985
prefill,conversation,7,15,8,32,static,421,8,0.6252969121140143,0.028503562945368172,4.0,6.39696106362773,0.0,1.0
prefill,conversation,7,15,8,32,transition,421,8,0.8592636579572447,0.37054631828978624,4.0,4.655148583275743,0.23065476190476192,0.6410454193267732
prefill,conversation,8,9,1,8,domain_oracle,421,8,0.1404394299287411,0.0,1.0,7.120507399577167,0.0,1.0
prefill,conversation,8,9,1,8,previous_window,421,8,0.15112826603325416,0.0,1.0,6.616895874263261,0.0035714285714285713,0.9959462759462759
prefill,conversation,8,9,1,8,static,421,8,0.11906175771971496,0.0,1.0,8.399002493765586,0.0,1.0
prefill,conversation,8,9,1,8,transition,421,8,0.6119358669833729,0.009501187648456057,1.0,1.6341581756428918,0.65,0.2572767444196008
prefill,conversation,8,9,1,16,domain_oracle,421,8,0.2776128266033254,0.0,2.0,7.20427807486631,0.0,1.0
prefill,conversation,8,9,1,16,previous_window,421,8,0.3171021377672209,0.0,2.0,6.307116104868914,0.002380952380952381,0.9969261778785589
prefill,conversation,8,9,1,16,static,421,8,0.2556413301662708,0.0,2.0,7.823461091753774,0.0,1.0
prefill,conversation,8,9,1,16,transition,421,8,0.8331353919239906,0.2161520190023753,2.0,2.400570206699929,0.55625,0.3341275330763021
prefill,conversation,8,9,1,32,domain_oracle,421,8,0.6006532066508313,0.019002375296912115,4.0,6.659416707859615,0.0,1.0
prefill,conversation,8,9,1,32,previous_window,421,8,0.5932304038004751,0.021377672209026127,4.0,6.742742742742743,0.0014136904761904762,0.9978294573643411
prefill,conversation,8,9,1,32,static,421,8,0.5754156769596199,0.014251781472684086,4.0,6.951496388028896,0.0,1.0
prefill,conversation,8,9,1,32,transition,421,8,0.9688242280285035,0.7957244655581948,4.0,4.128715905608336,0.3535714285714286,0.5136704377328942
prefill,conversation,8,10,2,8,domain_oracle,421,8,0.1754750593824228,0.0,1.0,5.698815566835871,0.0,1.0
prefill,conversation,8,10,2,8,previous_window,421,8,0.18111638954869358,0.0,1.0,5.521311475409836,0.0026785714285714286,0.9965811965811965
prefill,conversation,8,10,2,8,static,421,8,0.12232779097387174,0.0,1.0,8.174757281553399,0.0,1.0
prefill,conversation,8,10,2,8,transition,421,8,0.5947149643705463,0.0023752969121140144,1.0,1.6814777833250125,0.6925595238095238,0.22896664182378396
prefill,conversation,8,10,2,16,domain_oracle,421,8,0.342042755344418,0.0,2.0,5.847222222222222,0.0,1.0
prefill,conversation,8,10,2,16,previous_window,421,8,0.36163895486935865,0.0,2.0,5.530377668308703,0.001636904761904762,0.9975983436853003
prefill,conversation,8,10,2,16,static,421,8,0.27197149643705465,0.0,2.0,7.353711790393013,0.0,1.0
prefill,conversation,8,10,2,16,transition,421,8,0.8120546318289786,0.2327790973871734,2.0,2.462888482632541,0.5556547619047619,0.3363244650217774
prefill,conversation,8,10,2,32,domain_oracle,421,8,0.5953087885985748,0.04513064133016627,4.0,6.719201995012469,0.0,1.0
prefill,conversation,8,10,2,32,previous_window,421,8,0.6065914489311164,0.08788598574821853,4.0,6.594224180127264,0.0017113095238095238,0.9975579975579977
prefill,conversation,8,10,2,32,static,421,8,0.6036223277909739,0.040380047505938245,4.0,6.626660108214462,0.0,1.0
prefill,conversation,8,10,2,32,transition,421,8,0.9548693586698337,0.7244655581947743,4.0,4.189054726368159,0.34412202380952384,0.5231134067493248
prefill,conversation,8,11,3,8,domain_oracle,421,8,0.1582541567695962,0.0,1.0,6.318949343339587,0.0,1.0
prefill,conversation,8,11,3,8,previous_window,421,8,0.1490498812351544,0.0,1.0,6.709163346613546,0.004166666666666667,0.9955782312925169
prefill,conversation,8,11,3,8,static,421,8,0.12915676959619954,0.0,1.0,7.742528735632184,0.0,1.0
prefill,conversation,8,11,3,8,transition,421,8,0.5258313539192399,0.0,1.0,1.901750423489554,0.6336309523809524,0.26900047042904074
prefill,conversation,8,11,3,16,domain_oracle,421,8,0.3078978622327791,0.0023752969121140144,2.0,6.49566055930569,0.0,1.0
prefill,conversation,8,11,3,16,previous_window,421,8,0.3251187648456057,0.0023752969121140144,2.0,6.151598173515982,0.002529761904761905,0.9967192228061793
prefill,conversation,8,11,3,16,static,421,8,0.27256532066508316,0.0,2.0,7.337690631808279,0.0,1.0
prefill,conversation,8,11,3,16,transition,421,8,0.7247624703087886,0.13539192399049882,2.0,2.7595247849242113,0.46904761904761905,0.3998431774810191
prefill,conversation,8,11,3,32,domain_oracle,421,8,0.6113420427553444,0.026128266033254157,4.0,6.5429820301117045,0.0,1.0
prefill,conversation,8,11,3,32,previous_window,421,8,0.6241092636579573,0.052256532066508314,4.0,6.4091341579448144,0.0010416666666666667,0.9983736750514159
prefill,conversation,8,11,3,32,static,421,8,0.5507719714964371,0.035629453681710214,4.0,7.262533692722372,0.0,1.0
prefill,conversation,8,11,3,32,transition,421,8,0.9085510688836105,0.5296912114014252,4.0,4.402614379084968,0.29985119047619047,0.5662030143828501
prefill,conversation,8,12,4,8,domain_oracle,421,8,0.17755344418052257,0.0,1.0,5.632107023411371,0.0,1.0
prefill,conversation,8,12,4,8,previous_window,421,8,0.17399049881235154,0.0,1.0,5.747440273037543,0.002976190476190476,0.9963369963369964
prefill,conversation,8,12,4,8,static,421,8,0.12054631828978622,0.0,1.0,8.295566502463053,0.0,1.0
prefill,conversation,8,12,4,8,transition,421,8,0.5074228028503563,0.0023752969121140144,1.0,1.970743124634289,0.5779761904761904,0.30832601261172543
prefill,conversation,8,12,4,16,domain_oracle,421,8,0.35391923990498814,0.007125890736342043,2.0,5.651006711409396,0.0,1.0
prefill,conversation,8,12,4,16,previous_window,421,8,0.36193586698337293,0.0023752969121140144,2.0,5.525840853158327,0.0020833333333333333,0.9971519274376417
prefill,conversation,8,12,4,16,static,421,8,0.26247030878859856,0.0,2.0,7.619909502262443,0.0,1.0
prefill,conversation,8,12,4,16,transition,421,8,0.7214964370546318,0.1543942992874109,2.0,2.7720164609053497,0.46056547619047616,0.4040552393587804
prefill,conversation,8,12,4,32,domain_oracle,421,8,0.6205463182897862,0.040380047505938245,4.0,6.445933014354067,0.0,1.0
prefill,conversation,8,12,4,32,previous_window,421,8,0.6416270783847982,0.07125890736342043,4.0,6.2341508560851455,0.0013392857142857143,0.9979494190020507
prefill,conversation,8,12,4,32,static,421,8,0.5736342042755345,0.05938242280285035,4.0,6.9730848861283645,0.0,1.0
prefill,conversation,8,12,4,32,transition,421,8,0.9067695961995249,0.5510688836104513,4.0,4.411263916175508,0.30565476190476193,0.5557927618568587
prefill,conversation,8,13,5,8,domain_oracle,421,8,0.1748812351543943,0.0,1.0,5.718166383701188,0.0,1.0
prefill,conversation,8,13,5,8,previous_window,421,8,0.18438242280285036,0.0,1.0,5.423510466988728,0.003273809523809524,0.9961276818419674
prefill,conversation,8,13,5,8,static,421,8,0.10005938242280285,0.0,1.0,9.99406528189911,0.0,1.0
prefill,conversation,8,13,5,8,transition,421,8,0.47001187648456055,0.0,1.0,2.127605811749842,0.6125,0.2844844573415989
prefill,conversation,8,13,5,16,domain_oracle,421,8,0.35184085510688834,0.007125890736342043,2.0,5.684388185654009,0.0,1.0
prefill,conversation,8,13,5,16,previous_window,421,8,0.36223277909738716,0.0,2.0,5.521311475409836,0.0020833333333333333,0.9971519274376417
prefill,conversation,8,13,5,16,static,421,8,0.27315914489311166,0.0,2.0,7.321739130434783,0.0,1.0
prefill,conversation,8,13,5,16,transition,421,8,0.6445961995249406,0.0665083135391924,2.0,3.1027176416397975,0.4700892857142857,0.3962771124181138
prefill,conversation,8,13,5,32,domain_oracle,421,8,0.6220308788598575,0.04275534441805225,4.0,6.430548926014319,0.0,1.0
prefill,conversation,8,13,5,32,previous_window,421,8,0.6282660332541568,0.05938242280285035,4.0,6.366729678638942,0.0012648809523809524,0.9980299586174739
prefill,conversation,8,13,5,32,static,421,8,0.5843230403800475,0.04275534441805225,4.0,6.845528455284553,0.0,1.0
prefill,conversation,8,13,5,32,transition,421,8,0.8559976247030879,0.3919239904988123,4.0,4.6729101630246275,0.28802083333333334,0.5715143835479416
prefill,conversation,8,14,6,8,domain_oracle,421,8,0.16419239904988123,0.0,1.0,6.090415913200723,0.0,1.0
prefill,conversation,8,14,6,8,previous_window,421,8,0.17844418052256533,0.0,1.0,5.603993344425957,0.003273809523809524,0.9961276818419674
prefill,conversation,8,14,6,8,static,421,8,0.10985748218527316,0.0,1.0,9.102702702702702,0.0,1.0
prefill,conversation,8,14,6,8,transition,421,8,0.4943586698337292,0.004750593824228029,1.0,2.022822822822823,0.64375,0.2672833515690648
prefill,conversation,8,14,6,16,domain_oracle,421,8,0.29780285035629456,0.0023752969121140144,2.0,6.715852442671984,0.0,1.0
prefill,conversation,8,14,6,16,previous_window,421,8,0.33907363420427555,0.0023752969121140144,2.0,5.898423817863398,0.002380952380952381,0.9970068027210884
prefill,conversation,8,14,6,16,static,421,8,0.29334916864608074,0.0,2.0,6.817813765182186,0.0,1.0
prefill,conversation,8,14,6,16,transition,421,8,0.7021971496437055,0.11401425178147269,2.0,2.848202959830867,0.4953869047619048,0.38324892790290777
prefill,conversation,8,14,6,32,domain_oracle,421,8,0.6294536817102138,0.052256532066508314,4.0,6.354716981132076,0.0,1.0
prefill,conversation,8,14,6,32,previous_window,421,8,0.630938242280285,0.057007125890736345,4.0,6.339764705882353,0.0014136904761904762,0.9978465978465979
prefill,conversation,8,14,6,32,static,421,8,0.5573040380047506,0.023752969121140142,4.0,7.177410761854023,0.0,1.0
prefill,conversation,8,14,6,32,transition,421,8,0.8868764845605701,0.4323040380047506,4.0,4.510210913960496,0.2910714285714286,0.5689744863990988
prefill,conversation,8,15,7,8,domain_oracle,421,8,0.21080760095011877,0.0,1.0,4.743661971830986,0.0,1.0
prefill,conversation,8,15,7,8,previous_window,421,8,0.21169833729216153,0.0,1.0,4.723702664796634,0.0026785714285714286,0.9965811965811965
prefill,conversation,8,15,7,8,static,421,8,0.1514251781472684,0.0,1.0,6.603921568627451,0.0,1.0
prefill,conversation,8,15,7,8,transition,421,8,0.44358669833729214,0.0,1.0,2.254350736278447,0.5535714285714286,0.3367198938627498
prefill,conversation,8,15,7,16,domain_oracle,421,8,0.3847980997624703,0.0,2.0,5.197530864197531,0.0,1.0
prefill,conversation,8,15,7,16,previous_window,421,8,0.3824228028503563,0.0023752969121140144,2.0,5.229813664596273,0.0019345238095238096,0.9972789115646259
prefill,conversation,8,15,7,16,static,421,8,0.3233372921615202,0.0,2.0,6.185491276400367,0.0,1.0
prefill,conversation,8,15,7,16,transition,421,8,0.6472684085510689,0.052256532066508314,2.0,3.089908256880734,0.4299107142857143,0.43251487773205455
prefill,conversation,8,15,7,32,domain_oracle,421,8,0.7125890736342043,0.0831353919239905,4.0,5.613333333333333,0.0,1.0
prefill,conversation,8,15,7,32,previous_window,421,8,0.7137767220902613,0.14251781472684086,4.0,5.603993344425957,0.000818452380952381,0.9986161986161985
prefill,conversation,8,15,7,32,static,421,8,0.6252969121140143,0.028503562945368172,4.0,6.39696106362773,0.0,1.0
prefill,conversation,8,15,7,32,transition,421,8,0.878562945368171,0.45605700712589076,4.0,4.552889489692464,0.2598214285714286,0.606361105950153
prefill,conversation,9,10,1,8,domain_oracle,421,8,0.1754750593824228,0.0,1.0,5.698815566835871,0.0,1.0
prefill,conversation,9,10,1,8,previous_window,421,8,0.18111638954869358,0.0,1.0,5.521311475409836,0.0026785714285714286,0.9965811965811965
prefill,conversation,9,10,1,8,static,421,8,0.12232779097387174,0.0,1.0,8.174757281553399,0.0,1.0
prefill,conversation,9,10,1,8,transition,421,8,0.6356888361045131,0.009501187648456057,1.0,1.5730966837926204,0.7255952380952381,0.20482850482850448
prefill,conversation,9,10,1,16,domain_oracle,421,8,0.342042755344418,0.0,2.0,5.847222222222222,0.0,1.0
prefill,conversation,9,10,1,16,previous_window,421,8,0.36163895486935865,0.0,2.0,5.530377668308703,0.001636904761904762,0.9975983436853003
prefill,conversation,9,10,1,16,static,421,8,0.27197149643705465,0.0,2.0,7.353711790393013,0.0,1.0
prefill,conversation,9,10,1,16,transition,421,8,0.8441211401425178,0.30641330166270786,2.0,2.369328174463595,0.5793154761904762,0.30814678764639963
prefill,conversation,9,10,1,32,domain_oracle,421,8,0.5953087885985748,0.04513064133016627,4.0,6.719201995012469,0.0,1.0
prefill,conversation,9,10,1,32,previous_window,421,8,0.6065914489311164,0.08788598574821853,4.0,6.594224180127264,0.0017113095238095238,0.9975579975579977
prefill,conversation,9,10,1,32,static,421,8,0.6036223277909739,0.040380047505938245,4.0,6.626660108214462,0.0,1.0
prefill,conversation,9,10,1,32,transition,421,8,0.9646674584323041,0.7624703087885986,4.0,4.146506617420745,0.36949404761904764,0.48847496314484945
prefill,conversation,9,11,2,8,domain_oracle,421,8,0.1582541567695962,0.0,1.0,6.318949343339587,0.0,1.0
prefill,conversation,9,11,2,8,previous_window,421,8,0.1490498812351544,0.0,1.0,6.709163346613546,0.004166666666666667,0.9955782312925169
prefill,conversation,9,11,2,8,static,421,8,0.12915676959619954,0.0,1.0,7.742528735632184,0.0,1.0
prefill,conversation,9,11,2,8,transition,421,8,0.5635391923990499,0.007125890736342043,1.0,1.7744994731296102,0.6619047619047619,0.2477545206116628
prefill,conversation,9,11,2,16,domain_oracle,421,8,0.3078978622327791,0.0023752969121140144,2.0,6.49566055930569,0.0,1.0
prefill,conversation,9,11,2,16,previous_window,421,8,0.3251187648456057,0.0023752969121140144,2.0,6.151598173515982,0.002529761904761905,0.9967192228061793
prefill,conversation,9,11,2,16,static,421,8,0.27256532066508316,0.0,2.0,7.337690631808279,0.0,1.0
prefill,conversation,9,11,2,16,transition,421,8,0.7467339667458432,0.11163895486935867,2.0,2.6783300198807156,0.4889880952380952,0.37605938508872877
prefill,conversation,9,11,2,32,domain_oracle,421,8,0.6113420427553444,0.026128266033254157,4.0,6.5429820301117045,0.0,1.0
prefill,conversation,9,11,2,32,previous_window,421,8,0.6241092636579573,0.052256532066508314,4.0,6.4091341579448144,0.0010416666666666667,0.9983736750514159
prefill,conversation,9,11,2,32,static,421,8,0.5507719714964371,0.035629453681710214,4.0,7.262533692722372,0.0,1.0
prefill,conversation,9,11,2,32,transition,421,8,0.9317102137767221,0.6199524940617577,4.0,4.293180369662205,0.33191964285714287,0.5232526690077709
prefill,conversation,9,12,3,8,domain_oracle,421,8,0.17755344418052257,0.0,1.0,5.632107023411371,0.0,1.0
prefill,conversation,9,12,3,8,previous_window,421,8,0.17399049881235154,0.0,1.0,5.747440273037543,0.002976190476190476,0.9963369963369964
prefill,conversation,9,12,3,8,static,421,8,0.12054631828978622,0.0,1.0,8.295566502463053,0.0,1.0
prefill,conversation,9,12,3,8,transition,421,8,0.5243467933491687,0.0,1.0,1.9071347678369195,0.6095238095238096,0.28411392839964134
prefill,conversation,9,12,3,16,domain_oracle,421,8,0.35391923990498814,0.007125890736342043,2.0,5.651006711409396,0.0,1.0
prefill,conversation,9,12,3,16,previous_window,421,8,0.36193586698337293,0.0023752969121140144,2.0,5.525840853158327,0.0020833333333333333,0.9971519274376417
prefill,conversation,9,12,3,16,static,421,8,0.26247030878859856,0.0,2.0,7.619909502262443,0.0,1.0
prefill,conversation,9,12,3,16,transition,421,8,0.7550475059382423,0.15676959619952494,2.0,2.64883995281164,0.49851190476190477,0.3663228194125572
prefill,conversation,9,12,3,32,domain_oracle,421,8,0.6205463182897862,0.040380047505938245,4.0,6.445933014354067,0.0,1.0
prefill,conversation,9,12,3,32,previous_window,421,8,0.6416270783847982,0.07125890736342043,4.0,6.2341508560851455,0.0013392857142857143,0.9979494190020507
prefill,conversation,9,12,3,32,static,421,8,0.5736342042755345,0.05938242280285035,4.0,6.9730848861283645,0.0,1.0
prefill,conversation,9,12,3,32,transition,421,8,0.9260688836104513,0.6057007125890737,4.0,4.319333119589612,0.3352678571428571,0.5186858420375325
prefill,conversation,9,13,4,8,domain_oracle,421,8,0.1748812351543943,0.0,1.0,5.718166383701188,0.0,1.0
prefill,conversation,9,13,4,8,previous_window,421,8,0.18438242280285036,0.0,1.0,5.423510466988728,0.003273809523809524,0.9961276818419674
prefill,conversation,9,13,4,8,static,421,8,0.10005938242280285,0.0,1.0,9.99406528189911,0.0,1.0
prefill,conversation,9,13,4,8,transition,421,8,0.49287410926365793,0.0023752969121140144,1.0,2.0289156626506024,0.6580357142857143,0.25107215535786886
prefill,conversation,9,13,4,16,domain_oracle,421,8,0.35184085510688834,0.007125890736342043,2.0,5.684388185654009,0.0,1.0
prefill,conversation,9,13,4,16,previous_window,421,8,0.36223277909738716,0.0,2.0,5.521311475409836,0.0020833333333333333,0.9971519274376417
prefill,conversation,9,13,4,16,static,421,8,0.27315914489311166,0.0,2.0,7.321739130434783,0.0,1.0
prefill,conversation,9,13,4,16,transition,421,8,0.6805225653206651,0.0665083135391924,2.0,2.93891797556719,0.5092261904761904,0.3595531623670979
prefill,conversation,9,13,4,32,domain_oracle,421,8,0.6220308788598575,0.04275534441805225,4.0,6.430548926014319,0.0,1.0
prefill,conversation,9,13,4,32,previous_window,421,8,0.6282660332541568,0.05938242280285035,4.0,6.366729678638942,0.0012648809523809524,0.9980299586174739
prefill,conversation,9,13,4,32,static,421,8,0.5843230403800475,0.04275534441805225,4.0,6.845528455284553,0.0,1.0
prefill,conversation,9,13,4,32,transition,421,8,0.8812351543942993,0.44418052256532065,4.0,4.539083557951482,0.3327380952380952,0.5195478548693658
prefill,conversation,9,14,5,8,domain_oracle,421,8,0.16419239904988123,0.0,1.0,6.090415913200723,0.0,1.0
prefill,conversation,9,14,5,8,previous_window,421,8,0.17844418052256533,0.0,1.0,5.603993344425957,0.003273809523809524,0.9961276818419674
prefill,conversation,9,14,5,8,static,421,8,0.10985748218527316,0.0,1.0,9.102702702702702,0.0,1.0
prefill,conversation,9,14,5,8,transition,421,8,0.5249406175771971,0.007125890736342043,1.0,1.9049773755656108,0.6922619047619047,0.22866292437720942
prefill,conversation,9,14,5,16,domain_oracle,421,8,0.29780285035629456,0.0023752969121140144,2.0,6.715852442671984,0.0,1.0
prefill,conversation,9,14,5,16,previous_window,421,8,0.33907363420427555,0.0023752969121140144,2.0,5.898423817863398,0.002380952380952381,0.9970068027210884
prefill,conversation,9,14,5,16,static,421,8,0.29334916864608074,0.0,2.0,6.817813765182186,0.0,1.0
prefill,conversation,9,14,5,16,transition,421,8,0.745249406175772,0.14014251781472684,2.0,2.6836653386454183,0.540327380952381,0.3391917123228728
prefill,conversation,9,14,5,32,domain_oracle,421,8,0.6294536817102138,0.052256532066508314,4.0,6.354716981132076,0.0,1.0
prefill,conversation,9,14,5,32,previous_window,421,8,0.630938242280285,0.057007125890736345,4.0,6.339764705882353,0.0014136904761904762,0.9978465978465979
prefill,conversation,9,14,5,32,static,421,8,0.5573040380047506,0.023752969121140142,4.0,7.177410761854023,0.0,1.0
prefill,conversation,9,14,5,32,transition,421,8,0.9180522565320665,0.5748218527315915,4.0,4.357050452781372,0.3247767857142857,0.5276090353442721
prefill,conversation,9,15,6,8,domain_oracle,421,8,0.21080760095011877,0.0,1.0,4.743661971830986,0.0,1.0
prefill,conversation,9,15,6,8,previous_window,421,8,0.21169833729216153,0.0,1.0,4.723702664796634,0.0026785714285714286,0.9965811965811965
prefill,conversation,9,15,6,8,static,421,8,0.1514251781472684,0.0,1.0,6.603921568627451,0.0,1.0
prefill,conversation,9,15,6,8,transition,421,8,0.4771377672209026,0.0,1.0,2.0958307405102676,0.606845238095238,0.2951285222713781
prefill,conversation,9,15,6,16,domain_oracle,421,8,0.3847980997624703,0.0,2.0,5.197530864197531,0.0,1.0
prefill,conversation,9,15,6,16,previous_window,421,8,0.3824228028503563,0.0023752969121140144,2.0,5.229813664596273,0.0019345238095238096,0.9972789115646259
prefill,conversation,9,15,6,16,static,421,8,0.3233372921615202,0.0,2.0,6.185491276400367,0.0,1.0
prefill,conversation,9,15,6,16,transition,421,8,0.6772565320665083,0.07363420427553444,2.0,2.9530907496711967,0.4705357142857143,0.3934110923519299
prefill,conversation,9,15,6,32,domain_oracle,421,8,0.7125890736342043,0.0831353919239905,4.0,5.613333333333333,0.0,1.0
prefill,conversation,9,15,6,32,previous_window,421,8,0.7137767220902613,0.14251781472684086,4.0,5.603993344425957,0.000818452380952381,0.9986161986161985
prefill,conversation,9,15,6,32,static,421,8,0.6252969121140143,0.028503562945368172,4.0,6.39696106362773,0.0,1.0
prefill,conversation,9,15,6,32,transition,421,8,0.8922209026128266,0.5344418052256532,4.0,4.483194675540766,0.29382440476190474,0.5607456175359354
prefill,conversation,10,11,1,8,domain_oracle,421,8,0.1582541567695962,0.0,1.0,6.318949343339587,0.0,1.0
prefill,conversation,10,11,1,8,previous_window,421,8,0.1490498812351544,0.0,1.0,6.709163346613546,0.004166666666666667,0.9955782312925169
prefill,conversation,10,11,1,8,static,421,8,0.12915676959619954,0.0,1.0,7.742528735632184,0.0,1.0
prefill,conversation,10,11,1,8,transition,421,8,0.5831353919239906,0.0,1.0,1.7148676171079429,0.6383928571428571,0.2649843278414696
prefill,conversation,10,11,1,16,domain_oracle,421,8,0.3078978622327791,0.0023752969121140144,2.0,6.49566055930569,0.0,1.0
prefill,conversation,10,11,1,16,previous_window,421,8,0.3251187648456057,0.0023752969121140144,2.0,6.151598173515982,0.002529761904761905,0.9967192228061793
prefill,conversation,10,11,1,16,static,421,8,0.27256532066508316,0.0,2.0,7.337690631808279,0.0,1.0
prefill,conversation,10,11,1,16,transition,421,8,0.7698931116389549,0.1377672209026128,2.0,2.5977632086386424,0.48660714285714285,0.3742627734729946
prefill,conversation,10,11,1,32,domain_oracle,421,8,0.6113420427553444,0.026128266033254157,4.0,6.5429820301117045,0.0,1.0
prefill,conversation,10,11,1,32,previous_window,421,8,0.6241092636579573,0.052256532066508314,4.0,6.4091341579448144,0.0010416666666666667,0.9983736750514159
prefill,conversation,10,11,1,32,static,421,8,0.5507719714964371,0.035629453681710214,4.0,7.262533692722372,0.0,1.0
prefill,conversation,10,11,1,32,transition,421,8,0.9328978622327792,0.5819477434679335,4.0,4.287714831317632,0.33764880952380955,0.5163820865827398
prefill,conversation,10,12,2,8,domain_oracle,421,8,0.17755344418052257,0.0,1.0,5.632107023411371,0.0,1.0
prefill,conversation,10,12,2,8,previous_window,421,8,0.17399049881235154,0.0,1.0,5.747440273037543,0.002976190476190476,0.9963369963369964
prefill,conversation,10,12,2,8,static,421,8,0.12054631828978622,0.0,1.0,8.295566502463053,0.0,1.0
prefill,conversation,10,12,2,8,transition,421,8,0.5662114014251781,0.0023752969121140144,1.0,1.7661248033560566,0.606845238095238,0.28409833552690555
prefill,conversation,10,12,2,16,domain_oracle,421,8,0.35391923990498814,0.007125890736342043,2.0,5.651006711409396,0.0,1.0
prefill,conversation,10,12,2,16,previous_window,421,8,0.36193586698337293,0.0023752969121140144,2.0,5.525840853158327,0.0020833333333333333,0.9971519274376417
prefill,conversation,10,12,2,16,static,421,8,0.26247030878859856,0.0,2.0,7.619909502262443,0.0,1.0
prefill,conversation,10,12,2,16,transition,421,8,0.791270783847981,0.17814726840855108,2.0,2.527579737335835,0.5007440476190477,0.36383826927369145
prefill,conversation,10,12,2,32,domain_oracle,421,8,0.6205463182897862,0.040380047505938245,4.0,6.445933014354067,0.0,1.0
prefill,conversation,10,12,2,32,previous_window,421,8,0.6416270783847982,0.07125890736342043,4.0,6.2341508560851455,0.0013392857142857143,0.9979494190020507
prefill,conversation,10,12,2,32,static,421,8,0.5736342042755345,0.05938242280285035,4.0,6.9730848861283645,0.0,1.0
prefill,conversation,10,12,2,32,transition,421,8,0.9349762470308789,0.6128266033254157,4.0,4.2781835503334396,0.34486607142857145,0.5075834773484368
prefill,conversation,10,13,3,8,domain_oracle,421,8,0.1748812351543943,0.0,1.0,5.718166383701188,0.0,1.0
prefill,conversation,10,13,3,8,previous_window,421,8,0.18438242280285036,0.0,1.0,5.423510466988728,0.003273809523809524,0.9961276818419674
prefill,conversation,10,13,3,8,static,421,8,0.10005938242280285,0.0,1.0,9.99406528189911,0.0,1.0
prefill,conversation,10,13,3,8,transition,421,8,0.5296912114014252,0.0,1.0,1.8878923766816142,0.6946428571428571,0.2277590134732986
prefill,conversation,10,13,3,16,domain_oracle,421,8,0.35184085510688834,0.007125890736342043,2.0,5.684388185654009,0.0,1.0
prefill,conversation,10,13,3,16,previous_window,421,8,0.36223277909738716,0.0,2.0,5.521311475409836,0.0020833333333333333,0.9971519274376417
prefill,conversation,10,13,3,16,static,421,8,0.27315914489311166,0.0,2.0,7.321739130434783,0.0,1.0
prefill,conversation,10,13,3,16,transition,421,8,0.7137767220902613,0.08076009501187649,2.0,2.8019966722129785,0.5075892857142857,0.35709760810216706
prefill,conversation,10,13,3,32,domain_oracle,421,8,0.6220308788598575,0.04275534441805225,4.0,6.430548926014319,0.0,1.0
prefill,conversation,10,13,3,32,previous_window,421,8,0.6282660332541568,0.05938242280285035,4.0,6.366729678638942,0.0012648809523809524,0.9980299586174739
prefill,conversation,10,13,3,32,static,421,8,0.5843230403800475,0.04275534441805225,4.0,6.845528455284553,0.0,1.0
prefill,conversation,10,13,3,32,transition,421,8,0.8940023752969121,0.5154394299287411,4.0,4.474261042842909,0.33236607142857144,0.5181128294204931
prefill,conversation,10,14,4,8,domain_oracle,421,8,0.16419239904988123,0.0,1.0,6.090415913200723,0.0,1.0
prefill,conversation,10,14,4,8,previous_window,421,8,0.17844418052256533,0.0,1.0,5.603993344425957,0.003273809523809524,0.9961276818419674
prefill,conversation,10,14,4,8,static,421,8,0.10985748218527316,0.0,1.0,9.102702702702702,0.0,1.0
prefill,conversation,10,14,4,8,transition,421,8,0.5673990498812351,0.007125890736342043,1.0,1.7624280481423338,0.7119047619047619,0.21959395102252183
prefill,conversation,10,14,4,16,domain_oracle,421,8,0.29780285035629456,0.0023752969121140144,2.0,6.715852442671984,0.0,1.0
prefill,conversation,10,14,4,16,previous_window,421,8,0.33907363420427555,0.0023752969121140144,2.0,5.898423817863398,0.002380952380952381,0.9970068027210884
prefill,conversation,10,14,4,16,static,421,8,0.29334916864608074,0.0,2.0,6.817813765182186,0.0,1.0
prefill,conversation,10,14,4,16,transition,421,8,0.7722684085510689,0.14251781472684086,2.0,2.589773164167628,0.5433035714285714,0.3314899519410844
prefill,conversation,10,14,4,32,domain_oracle,421,8,0.6294536817102138,0.052256532066508314,4.0,6.354716981132076,0.0,1.0
prefill,conversation,10,14,4,32,previous_window,421,8,0.630938242280285,0.057007125890736345,4.0,6.339764705882353,0.0014136904761904762,0.9978465978465979
prefill,conversation,10,14,4,32,static,421,8,0.5573040380047506,0.023752969121140142,4.0,7.177410761854023,0.0,1.0
prefill,conversation,10,14,4,32,transition,421,8,0.9290380047505938,0.6057007125890737,4.0,4.305528922978588,0.3366071428571429,0.5141170592572128
prefill,conversation,10,15,5,8,domain_oracle,421,8,0.21080760095011877,0.0,1.0,4.743661971830986,0.0,1.0
prefill,conversation,10,15,5,8,previous_window,421,8,0.21169833729216153,0.0,1.0,4.723702664796634,0.0026785714285714286,0.9965811965811965
prefill,conversation,10,15,5,8,static,421,8,0.1514251781472684,0.0,1.0,6.603921568627451,0.0,1.0
prefill,conversation,10,15,5,8,transition,421,8,0.517814726840855,0.0023752969121140144,1.0,1.9311926605504588,0.6086309523809523,0.28983133268847416
prefill,conversation,10,15,5,16,domain_oracle,421,8,0.3847980997624703,0.0,2.0,5.197530864197531,0.0,1.0
prefill,conversation,10,15,5,16,previous_window,421,8,0.3824228028503563,0.0023752969121140144,2.0,5.229813664596273,0.0019345238095238096,0.9972789115646259
prefill,conversation,10,15,5,16,static,421,8,0.3233372921615202,0.0,2.0,6.185491276400367,0.0,1.0
prefill,conversation,10,15,5,16,transition,421,8,0.702790973871734,0.09501187648456057,2.0,2.8457963667089143,0.4744047619047619,0.3911856204204952
prefill,conversation,10,15,5,32,domain_oracle,421,8,0.7125890736342043,0.0831353919239905,4.0,5.613333333333333,0.0,1.0
prefill,conversation,10,15,5,32,previous_window,421,8,0.7137767220902613,0.14251781472684086,4.0,5.603993344425957,0.000818452380952381,0.9986161986161985
prefill,conversation,10,15,5,32,static,421,8,0.6252969121140143,0.028503562945368172,4.0,6.39696106362773,0.0,1.0
prefill,conversation,10,15,5,32,transition,421,8,0.9026128266033254,0.5320665083135392,4.0,4.431578947368421,0.3122767857142857,0.5402703005483778
prefill,conversation,11,12,1,8,domain_oracle,421,8,0.17755344418052257,0.0,1.0,5.632107023411371,0.0,1.0
prefill,conversation,11,12,1,8,previous_window,421,8,0.17399049881235154,0.0,1.0,5.747440273037543,0.002976190476190476,0.9963369963369964
prefill,conversation,11,12,1,8,static,421,8,0.12054631828978622,0.0,1.0,8.295566502463053,0.0,1.0
prefill,conversation,11,12,1,8,transition,421,8,0.6000593824228029,0.0,1.0,1.6665017318159328,0.6083333333333333,0.2775468446897005
prefill,conversation,11,12,1,16,domain_oracle,421,8,0.35391923990498814,0.007125890736342043,2.0,5.651006711409396,0.0,1.0
prefill,conversation,11,12,1,16,previous_window,421,8,0.36193586698337293,0.0023752969121140144,2.0,5.525840853158327,0.0020833333333333333,0.9971519274376417
prefill,conversation,11,12,1,16,static,421,8,0.26247030878859856,0.0,2.0,7.619909502262443,0.0,1.0
prefill,conversation,11,12,1,16,transition,421,8,0.8156175771971497,0.21377672209026127,2.0,2.452129595922825,0.4936011904761905,0.3723998269758558
prefill,conversation,11,12,1,32,domain_oracle,421,8,0.6205463182897862,0.040380047505938245,4.0,6.445933014354067,0.0,1.0
prefill,conversation,11,12,1,32,previous_window,421,8,0.6416270783847982,0.07125890736342043,4.0,6.2341508560851455,0.0013392857142857143,0.9979494190020507
prefill,conversation,11,12,1,32,static,421,8,0.5736342042755345,0.05938242280285035,4.0,6.9730848861283645,0.0,1.0
prefill,conversation,11,12,1,32,transition,421,8,0.9474465558194775,0.667458432304038,4.0,4.221874020683171,0.3296875,0.5230026202348782
prefill,conversation,11,13,2,8,domain_oracle,421,8,0.1748812351543943,0.0,1.0,5.718166383701188,0.0,1.0
prefill,conversation,11,13,2,8,previous_window,421,8,0.18438242280285036,0.0,1.0,5.423510466988728,0.003273809523809524,0.9961276818419674
prefill,conversation,11,13,2,8,static,421,8,0.10005938242280285,0.0,1.0,9.99406528189911,0.0,1.0
prefill,conversation,11,13,2,8,transition,421,8,0.5771971496437055,0.004750593824228029,1.0,1.7325102880658436,0.6654761904761904,0.2461353461353453
prefill,conversation,11,13,2,16,domain_oracle,421,8,0.35184085510688834,0.007125890736342043,2.0,5.684388185654009,0.0,1.0
prefill,conversation,11,13,2,16,previous_window,421,8,0.36223277909738716,0.0,2.0,5.521311475409836,0.0020833333333333333,0.9971519274376417
prefill,conversation,11,13,2,16,static,421,8,0.27315914489311166,0.0,2.0,7.321739130434783,0.0,1.0
prefill,conversation,11,13,2,16,transition,421,8,0.7580166270783848,0.1543942992874109,2.0,2.63846455150803,0.5102678571428572,0.3560599919230591
prefill,conversation,11,13,2,32,domain_oracle,421,8,0.6220308788598575,0.04275534441805225,4.0,6.430548926014319,0.0,1.0
prefill,conversation,11,13,2,32,previous_window,421,8,0.6282660332541568,0.05938242280285035,4.0,6.366729678638942,0.0012648809523809524,0.9980299586174739
prefill,conversation,11,13,2,32,static,421,8,0.5843230403800475,0.04275534441805225,4.0,6.845528455284553,0.0,1.0
prefill,conversation,11,13,2,32,transition,421,8,0.9106294536817102,0.5463182897862233,4.0,4.392566025432019,0.325,0.5265599954108965
prefill,conversation,11,14,3,8,domain_oracle,421,8,0.16419239904988123,0.0,1.0,6.090415913200723,0.0,1.0
prefill,conversation,11,14,3,8,previous_window,421,8,0.17844418052256533,0.0,1.0,5.603993344425957,0.003273809523809524,0.9961276818419674
prefill,conversation,11,14,3,8,static,421,8,0.10985748218527316,0.0,1.0,9.102702702702702,0.0,1.0
prefill,conversation,11,14,3,8,transition,421,8,0.6143111638954869,0.004750593824228029,1.0,1.6278395360077331,0.6892857142857143,0.23514104942676292
prefill,conversation,11,14,3,16,domain_oracle,421,8,0.29780285035629456,0.0023752969121140144,2.0,6.715852442671984,0.0,1.0
prefill,conversation,11,14,3,16,previous_window,421,8,0.33907363420427555,0.0023752969121140144,2.0,5.898423817863398,0.002380952380952381,0.9970068027210884
prefill,conversation,11,14,3,16,static,421,8,0.29334916864608074,0.0,2.0,6.817813765182186,0.0,1.0
prefill,conversation,11,14,3,16,transition,421,8,0.8102731591448931,0.19714964370546317,2.0,2.4683034078417,0.5525297619047619,0.3256740383423793
prefill,conversation,11,14,3,32,domain_oracle,421,8,0.6294536817102138,0.052256532066508314,4.0,6.354716981132076,0.0,1.0
prefill,conversation,11,14,3,32,previous_window,421,8,0.630938242280285,0.057007125890736345,4.0,6.339764705882353,0.0014136904761904762,0.9978465978465979
prefill,conversation,11,14,3,32,static,421,8,0.5573040380047506,0.023752969121140142,4.0,7.177410761854023,0.0,1.0
prefill,conversation,11,14,3,32,transition,421,8,0.9367577197149644,0.6223277909738717,4.0,4.270047543581616,0.3175595238095238,0.5363245128377254
prefill,conversation,11,15,4,8,domain_oracle,421,8,0.21080760095011877,0.0,1.0,4.743661971830986,0.0,1.0
prefill,conversation,11,15,4,8,previous_window,421,8,0.21169833729216153,0.0,1.0,4.723702664796634,0.0026785714285714286,0.9965811965811965
prefill,conversation,11,15,4,8,static,421,8,0.1514251781472684,0.0,1.0,6.603921568627451,0.0,1.0
prefill,conversation,11,15,4,8,transition,421,8,0.5362232779097387,0.0023752969121140144,1.0,1.8648947951273533,0.6029761904761904,0.2976787762502034
prefill,conversation,11,15,4,16,domain_oracle,421,8,0.3847980997624703,0.0,2.0,5.197530864197531,0.0,1.0
prefill,conversation,11,15,4,16,previous_window,421,8,0.3824228028503563,0.0023752969121140144,2.0,5.229813664596273,0.0019345238095238096,0.9972789115646259
prefill,conversation,11,15,4,16,static,421,8,0.3233372921615202,0.0,2.0,6.185491276400367,0.0,1.0
prefill,conversation,11,15,4,16,transition,421,8,0.7283254156769596,0.13064133016627077,2.0,2.7460252751732575,0.4724702380952381,0.3943930561105953
prefill,conversation,11,15,4,32,domain_oracle,421,8,0.7125890736342043,0.0831353919239905,4.0,5.613333333333333,0.0,1.0
prefill,conversation,11,15,4,32,previous_window,421,8,0.7137767220902613,0.14251781472684086,4.0,5.603993344425957,0.000818452380952381,0.9986161986161985
prefill,conversation,11,15,4,32,static,421,8,0.6252969121140143,0.028503562945368172,4.0,6.39696106362773,0.0,1.0
prefill,conversation,11,15,4,32,transition,421,8,0.9159738717339667,0.6080760095011877,4.0,4.366936790923825,0.29203869047619047,0.5629701070664208
prefill,conversation,12,13,1,8,domain_oracle,421,8,0.1748812351543943,0.0,1.0,5.718166383701188,0.0,1.0
prefill,conversation,12,13,1,8,previous_window,421,8,0.18438242280285036,0.0,1.0,5.423510466988728,0.003273809523809524,0.9961276818419674
prefill,conversation,12,13,1,8,static,421,8,0.10005938242280285,0.0,1.0,9.99406528189911,0.0,1.0
prefill,conversation,12,13,1,8,transition,421,8,0.5964964370546318,0.014251781472684086,1.0,1.6764559482329517,0.6880952380952381,0.22840032982890052
prefill,conversation,12,13,1,16,domain_oracle,421,8,0.35184085510688834,0.007125890736342043,2.0,5.684388185654009,0.0,1.0
prefill,conversation,12,13,1,16,previous_window,421,8,0.36223277909738716,0.0,2.0,5.521311475409836,0.0020833333333333333,0.9971519274376417
prefill,conversation,12,13,1,16,static,421,8,0.27315914489311166,0.0,2.0,7.321739130434783,0.0,1.0
prefill,conversation,12,13,1,16,transition,421,8,0.774643705463183,0.1496437054631829,2.0,2.581832119586048,0.5223214285714286,0.35219275862700045
prefill,conversation,12,13,1,32,domain_oracle,421,8,0.6220308788598575,0.04275534441805225,4.0,6.430548926014319,0.0,1.0
prefill,conversation,12,13,1,32,previous_window,421,8,0.6282660332541568,0.05938242280285035,4.0,6.366729678638942,0.0012648809523809524,0.9980299586174739
prefill,conversation,12,13,1,32,static,421,8,0.5843230403800475,0.04275534441805225,4.0,6.845528455284553,0.0,1.0
prefill,conversation,12,13,1,32,transition,421,8,0.9263657957244655,0.5890736342042755,4.0,4.317948717948718,0.3341517857142857,0.5208310502339283
prefill,conversation,12,14,2,8,domain_oracle,421,8,0.16419239904988123,0.0,1.0,6.090415913200723,0.0,1.0
prefill,conversation,12,14,2,8,previous_window,421,8,0.17844418052256533,0.0,1.0,5.603993344425957,0.003273809523809524,0.9961276818419674
prefill,conversation,12,14,2,8,static,421,8,0.10985748218527316,0.0,1.0,9.102702702702702,0.0,1.0
prefill,conversation,12,14,2,8,transition,421,8,0.6247030878859857,0.009501187648456057,1.0,1.6007604562737643,0.6994047619047619,0.22729466300894804
prefill,conversation,12,14,2,16,domain_oracle,421,8,0.29780285035629456,0.0023752969121140144,2.0,6.715852442671984,0.0,1.0
prefill,conversation,12,14,2,16,previous_window,421,8,0.33907363420427555,0.0023752969121140144,2.0,5.898423817863398,0.002380952380952381,0.9970068027210884
prefill,conversation,12,14,2,16,static,421,8,0.29334916864608074,0.0,2.0,6.817813765182186,0.0,1.0
prefill,conversation,12,14,2,16,transition,421,8,0.8248218527315915,0.2375296912114014,2.0,2.4247660187185027,0.5641369047619048,0.3226833366402518
prefill,conversation,12,14,2,32,domain_oracle,421,8,0.6294536817102138,0.052256532066508314,4.0,6.354716981132076,0.0,1.0
prefill,conversation,12,14,2,32,previous_window,421,8,0.630938242280285,0.057007125890736345,4.0,6.339764705882353,0.0014136904761904762,0.9978465978465979
prefill,conversation,12,14,2,32,static,421,8,0.5573040380047506,0.023752969121140142,4.0,7.177410761854023,0.0,1.0
prefill,conversation,12,14,2,32,transition,421,8,0.9459619952494062,0.6603325415676959,4.0,4.2284996861268045,0.3379464285714286,0.517095187069305
prefill,conversation,12,15,3,8,domain_oracle,421,8,0.21080760095011877,0.0,1.0,4.743661971830986,0.0,1.0
prefill,conversation,12,15,3,8,previous_window,421,8,0.21169833729216153,0.0,1.0,4.723702664796634,0.0026785714285714286,0.9965811965811965
prefill,conversation,12,15,3,8,static,421,8,0.1514251781472684,0.0,1.0,6.603921568627451,0.0,1.0
prefill,conversation,12,15,3,8,transition,421,8,0.5581947743467933,0.0023752969121140144,1.0,1.7914893617021277,0.6166666666666667,0.28581556010127296
prefill,conversation,12,15,3,16,domain_oracle,421,8,0.3847980997624703,0.0,2.0,5.197530864197531,0.0,1.0
prefill,conversation,12,15,3,16,previous_window,421,8,0.3824228028503563,0.0023752969121140144,2.0,5.229813664596273,0.0019345238095238096,0.9972789115646259
prefill,conversation,12,15,3,16,static,421,8,0.3233372921615202,0.0,2.0,6.185491276400367,0.0,1.0
prefill,conversation,12,15,3,16,transition,421,8,0.7660332541567696,0.19002375296912113,2.0,2.6108527131782946,0.4913690476190476,0.38629516931922403
prefill,conversation,12,15,3,32,domain_oracle,421,8,0.7125890736342043,0.0831353919239905,4.0,5.613333333333333,0.0,1.0
prefill,conversation,12,15,3,32,previous_window,421,8,0.7137767220902613,0.14251781472684086,4.0,5.603993344425957,0.000818452380952381,0.9986161986161985
prefill,conversation,12,15,3,32,static,421,8,0.6252969121140143,0.028503562945368172,4.0,6.39696106362773,0.0,1.0
prefill,conversation,12,15,3,32,transition,421,8,0.9245843230403801,0.6484560570071259,4.0,4.326268464996788,0.3090029761904762,0.5479091028088324
prefill,conversation,13,14,1,8,domain_oracle,421,8,0.16419239904988123,0.0,1.0,6.090415913200723,0.0,1.0
prefill,conversation,13,14,1,8,previous_window,421,8,0.17844418052256533,0.0,1.0,5.603993344425957,0.003273809523809524,0.9961276818419674
prefill,conversation,13,14,1,8,static,421,8,0.10985748218527316,0.0,1.0,9.102702702702702,0.0,1.0
prefill,conversation,13,14,1,8,transition,421,8,0.629750593824228,0.004750593824228029,1.0,1.587930221593588,0.6866071428571429,0.23814222814222755
prefill,conversation,13,14,1,16,domain_oracle,421,8,0.29780285035629456,0.0023752969121140144,2.0,6.715852442671984,0.0,1.0
prefill,conversation,13,14,1,16,previous_window,421,8,0.33907363420427555,0.0023752969121140144,2.0,5.898423817863398,0.002380952380952381,0.9970068027210884
prefill,conversation,13,14,1,16,static,421,8,0.29334916864608074,0.0,2.0,6.817813765182186,0.0,1.0
prefill,conversation,13,14,1,16,transition,421,8,0.838479809976247,0.2517814726840855,2.0,2.3852691218130313,0.5607142857142857,0.3213287607283372
prefill,conversation,13,14,1,32,domain_oracle,421,8,0.6294536817102138,0.052256532066508314,4.0,6.354716981132076,0.0,1.0
prefill,conversation,13,14,1,32,previous_window,421,8,0.630938242280285,0.057007125890736345,4.0,6.339764705882353,0.0014136904761904762,0.9978465978465979
prefill,conversation,13,14,1,32,static,421,8,0.5573040380047506,0.023752969121140142,4.0,7.177410761854023,0.0,1.0
prefill,conversation,13,14,1,32,transition,421,8,0.9483372921615202,0.6579572446555819,4.0,4.217908578584846,0.32507440476190474,0.5278537973987639
prefill,conversation,13,15,2,8,domain_oracle,421,8,0.21080760095011877,0.0,1.0,4.743661971830986,0.0,1.0
prefill,conversation,13,15,2,8,previous_window,421,8,0.21169833729216153,0.0,1.0,4.723702664796634,0.0026785714285714286,0.9965811965811965
prefill,conversation,13,15,2,8,static,421,8,0.1514251781472684,0.0,1.0,6.603921568627451,0.0,1.0
prefill,conversation,13,15,2,8,transition,421,8,0.5760095011876485,0.0023752969121140144,1.0,1.7360824742268042,0.625,0.27955531241245424
prefill,conversation,13,15,2,16,domain_oracle,421,8,0.3847980997624703,0.0,2.0,5.197530864197531,0.0,1.0
prefill,conversation,13,15,2,16,previous_window,421,8,0.3824228028503563,0.0023752969121140144,2.0,5.229813664596273,0.0019345238095238096,0.9972789115646259
prefill,conversation,13,15,2,16,static,421,8,0.3233372921615202,0.0,2.0,6.185491276400367,0.0,1.0
prefill,conversation,13,15,2,16,transition,421,8,0.7749406175771971,0.18052256532066507,2.0,2.5808429118773946,0.48392857142857143,0.38534256730618177
prefill,conversation,13,15,2,32,domain_oracle,421,8,0.7125890736342043,0.0831353919239905,4.0,5.613333333333333,0.0,1.0
prefill,conversation,13,15,2,32,previous_window,421,8,0.7137767220902613,0.14251781472684086,4.0,5.603993344425957,0.000818452380952381,0.9986161986161985
prefill,conversation,13,15,2,32,static,421,8,0.6252969121140143,0.028503562945368172,4.0,6.39696106362773,0.0,1.0
prefill,conversation,13,15,2,32,transition,421,8,0.9317102137767221,0.665083135391924,4.0,4.293180369662205,0.2882440476190476,0.56865851948178
prefill,conversation,14,15,1,8,domain_oracle,421,8,0.21080760095011877,0.0,1.0,4.743661971830986,0.0,1.0
prefill,conversation,14,15,1,8,previous_window,421,8,0.21169833729216153,0.0,1.0,4.723702664796634,0.0026785714285714286,0.9965811965811965
prefill,conversation,14,15,1,8,static,421,8,0.1514251781472684,0.0,1.0,6.603921568627451,0.0,1.0
prefill,conversation,14,15,1,8,transition,421,8,0.5739311163895487,0.0023752969121140144,1.0,1.7423693740300052,0.6193452380952381,0.2888867746010591
prefill,conversation,14,15,1,16,domain_oracle,421,8,0.3847980997624703,0.0,2.0,5.197530864197531,0.0,1.0
prefill,conversation,14,15,1,16,previous_window,421,8,0.3824228028503563,0.0023752969121140144,2.0,5.229813664596273,0.0019345238095238096,0.9972789115646259
prefill,conversation,14,15,1,16,static,421,8,0.3233372921615202,0.0,2.0,6.185491276400367,0.0,1.0
prefill,conversation,14,15,1,16,transition,421,8,0.7755344418052257,0.166270783847981,2.0,2.578866768759571,0.4915178571428571,0.38702121424107894
prefill,conversation,14,15,1,32,domain_oracle,421,8,0.7125890736342043,0.0831353919239905,4.0,5.613333333333333,0.0,1.0
prefill,conversation,14,15,1,32,previous_window,421,8,0.7137767220902613,0.14251781472684086,4.0,5.603993344425957,0.000818452380952381,0.9986161986161985
prefill,conversation,14,15,1,32,static,421,8,0.6252969121140143,0.028503562945368172,4.0,6.39696106362773,0.0,1.0
prefill,conversation,14,15,1,32,transition,421,8,0.9331947743467933,0.665083135391924,4.0,4.286350620426345,0.3040178571428571,0.5530153193448734
prefill,general,0,1,1,8,domain_oracle,1500,8,0.23316666666666666,0.0,1.0,4.288777698355968,0.0,1.0
prefill,general,0,1,1,8,previous_window,1500,8,0.2055,0.0,1.0,4.866180048661801,0.0012508338892595063,0.9983143385411563
prefill,general,0,1,1,8,static,1500,8,0.17716666666666667,0.0,1.0,5.644402634054563,0.0,1.0
prefill,general,0,1,1,8,transition,1500,8,0.34458333333333335,0.0,1.0,2.902055622732769,0.4384589726484323,0.4156409893568047
prefill,general,0,1,1,16,domain_oracle,1500,8,0.3864166666666667,0.0,2.0,5.175760189777874,0.0,1.0
prefill,general,0,1,1,16,previous_window,1500,8,0.3576666666666667,0.0006666666666666666,2.0,5.591798695246971,0.0011257505003335556,0.9984280429377159
prefill,general,0,1,1,16,static,1500,8,0.35358333333333336,0.0,2.0,5.6563752062220125,0.0,1.0
prefill,general,0,1,1,16,transition,1500,8,0.5515,0.042666666666666665,2.0,3.626473254759746,0.39467978652434954,0.4490471571214939
prefill,general,0,1,1,32,domain_oracle,1500,8,0.65125,0.038,4.0,6.142034548944338,0.0,1.0
prefill,general,0,1,1,32,previous_window,1500,8,0.6345833333333334,0.034,4.0,6.303348653972423,0.0006879586390927285,0.9989119383988535
prefill,general,0,1,1,32,static,1500,8,0.63825,0.058666666666666666,4.0,6.267136701919311,0.0,1.0
prefill,general,0,1,1,32,transition,1500,8,0.7600833333333333,0.188,4.0,5.262580857362131,0.24295363575717144,0.6169291789362903
prefill,general,0,2,2,8,domain_oracle,1500,8,0.20266666666666666,0.0,1.0,4.934210526315789,0.0,1.0
prefill,general,0,2,2,8,previous_window,1500,8,0.19991666666666666,0.0,1.0,5.00208420175073,0.001751167444963309,0.9978984768844676
prefill,general,0,2,2,8,static,1500,8,0.14183333333333334,0.0,1.0,7.050528789659224,0.0,1.0
prefill,general,0,2,2,8,transition,1500,8,0.269,0.0,1.0,3.717472118959108,0.4613909272848566,0.39631538871032207
prefill,general,0,2,2,16,domain_oracle,1500,8,0.369,0.0013333333333333333,2.0,5.420054200542006,0.0,1.0
prefill,general,0,2,2,16,previous_window,1500,8,0.3625833333333333,0.0,2.0,5.515973339462192,0.00133422281521014,0.9982307396850425
prefill,general,0,2,2,16,static,1500,8,0.29733333333333334,0.0,2.0,6.726457399103139,0.0,1.0
prefill,general,0,2,2,16,transition,1500,8,0.4685,0.016666666666666666,2.0,4.268943436499466,0.37862741827885255,0.4680323621341716
prefill,general,0,2,2,32,domain_oracle,1500,8,0.6489166666666667,0.07133333333333333,4.0,6.16411968665725,0.0,1.0
prefill,general,0,2,2,32,previous_window,1500,8,0.62775,0.043333333333333335,4.0,6.371963361210673,0.0007921947965310207,0.9987947307774562
prefill,general,0,2,2,32,static,1500,8,0.5938333333333333,0.06,4.0,6.735896716250351,0.0,1.0
prefill,general,0,2,2,32,transition,1500,8,0.74925,0.19333333333333333,4.0,5.338672005338672,0.2371581054036024,0.6249997177416364
prefill,general,0,3,3,8,domain_oracle,1500,8,0.20116666666666666,0.0,1.0,4.971002485501243,0.0,1.0
prefill,general,0,3,3,8,previous_window,1500,8,0.20583333333333334,0.0,1.0,4.8582995951417,0.0015010006671114075,0.9980939674068426
prefill,general,0,3,3,8,static,1500,8,0.13333333333333333,0.0,1.0,7.5,0.0,1.0
prefill,general,0,3,3,8,transition,1500,8,0.28458333333333335,0.0,1.0,3.513909224011713,0.4478819212808539,0.4113922546210787
prefill,general,0,3,3,16,domain_oracle,1500,8,0.39475,0.0006666666666666666,2.0,5.06649778340722,0.0,1.0
prefill,general,0,3,3,16,previous_window,1500,8,0.37183333333333335,0.0006666666666666666,2.0,5.378753922008068,0.0010840560373582388,0.9984641244611658
prefill,general,0,3,3,16,static,1500,8,0.31366666666666665,0.0,2.0,6.376195536663125,0.0,1.0
prefill,general,0,3,3,16,transition,1500,8,0.5073333333333333,0.02666666666666667,2.0,3.942181340341656,0.3806287525016678,0.4691002126838235
prefill,general,0,3,3,32,domain_oracle,1500,8,0.6743333333333333,0.05733333333333333,4.0,5.931784478497281,0.0,1.0
prefill,general,0,3,3,32,previous_window,1500,8,0.6585833333333333,0.03666666666666667,4.0,6.073642920409971,0.00066711140760507,0.99893797201476
prefill,general,0,3,3,32,static,1500,8,0.6075833333333334,0.042666666666666665,4.0,6.583459059113976,0.0,1.0
prefill,general,0,3,3,32,transition,1500,8,0.7590833333333333,0.206,4.0,5.269513667801076,0.21080720480320214,0.6615488087220468
prefill,general,0,4,4,8,domain_oracle,1500,8,0.2415,0.0,1.0,4.140786749482402,0.0,1.0
prefill,general,0,4,4,8,previous_window,1500,8,0.231,0.0,1.0,4.329004329004329,0.00133422281521014,0.9982334765523557
prefill,general,0,4,4,8,static,1500,8,0.15875,0.0,1.0,6.299212598425197,0.0,1.0
prefill,general,0,4,4,8,transition,1500,8,0.25675,0.0,1.0,3.8948393378773125,0.33180453635757173,0.5203234242593939
prefill,general,0,4,4,16,domain_oracle,1500,8,0.41175,0.0006666666666666666,2.0,4.857316332726168,0.0,1.0
prefill,general,0,4,4,16,previous_window,1500,8,0.395,0.0,2.0,5.063291139240507,0.0010840560373582388,0.9984676401998093
prefill,general,0,4,4,16,static,1500,8,0.31975,0.0,2.0,6.254886630179828,0.0,1.0
prefill,general,0,4,4,16,transition,1500,8,0.47683333333333333,0.007333333333333333,2.0,4.194337644180356,0.30003335557038024,0.5536105357863654
prefill,general,0,4,4,32,domain_oracle,1500,8,0.676,0.06333333333333334,4.0,5.9171597633136095,0.0,1.0
prefill,general,0,4,4,32,previous_window,1500,8,0.6679166666666667,0.050666666666666665,4.0,5.988771054273237,0.0007088058705803869,0.9988871444789427
prefill,general,0,4,4,32,static,1500,8,0.61475,0.03933333333333333,4.0,6.506710044733632,0.0,1.0
prefill,general,0,4,4,32,transition,1500,8,0.7520833333333333,0.16866666666666666,4.0,5.3185595567867034,0.1943170446964643,0.6819656460391411
prefill,general,0,5,5,8,domain_oracle,1500,8,0.2595,0.0,1.0,3.8535645472061657,0.0,1.0
prefill,general,0,5,5,8,previous_window,1500,8,0.20125,0.0,1.0,4.968944099378882,0.0015843895930620414,0.9980379860299807
prefill,general,0,5,5,8,static,1500,8,0.12683333333333333,0.0,1.0,7.884362680683312,0.0,1.0
prefill,general,0,5,5,8,transition,1500,8,0.2325,0.0,1.0,4.301075268817204,0.3574883255503669,0.49929447914772535
prefill,general,0,5,5,16,domain_oracle,1500,8,0.428,0.002,2.0,4.672897196261682,0.0,1.0
prefill,general,0,5,5,16,previous_window,1500,8,0.37166666666666665,0.0,2.0,5.381165919282512,0.0012925283522348232,0.9982628032214713
prefill,general,0,5,5,16,static,1500,8,0.3065,0.0,2.0,6.525285481239805,0.0,1.0
prefill,general,0,5,5,16,transition,1500,8,0.46525,0.004,2.0,4.29876410531972,0.3155020013342228,0.5375009547753319
prefill,general,0,5,5,32,domain_oracle,1500,8,0.695,0.06466666666666666,4.0,5.755395683453237,0.0,1.0
prefill,general,0,5,5,32,previous_window,1500,8,0.6374166666666666,0.032,4.0,6.275330108510916,0.0007505003335557038,0.9988409376281994
prefill,general,0,5,5,32,static,1500,8,0.6195833333333334,0.054,4.0,6.4559515803631475,0.0,1.0
prefill,general,0,5,5,32,transition,1500,8,0.7531666666666667,0.184,4.0,5.310909493250719,0.18020346897931955,0.7026514024527775
prefill,general,0,6,6,8,domain_oracle,1500,8,0.22325,0.0,1.0,4.479283314669653,0.0,1.0
prefill,general,0,6,6,8,previous_window,1500,8,0.24491666666666667,0.0,1.0,4.0830214358625385,0.0014176117411607739,0.9981526145635552
prefill,general,0,6,6,8,static,1500,8,0.12625,0.0,1.0,7.920792079207921,0.0,1.0
prefill,general,0,6,6,8,transition,1500,8,0.21091666666666667,0.0,1.0,4.7412090082971154,0.27876917945296864,0.5837826394197465
prefill,general,0,6,6,16,domain_oracle,1500,8,0.43475,0.0013333333333333333,2.0,4.6003450258769405,0.0,1.0
prefill,general,0,6,6,16,previous_window,1500,8,0.39458333333333334,0.0006666666666666666,2.0,5.068637803590285,0.0014176117411607739,0.9981557084135614
prefill,general,0,6,6,16,static,1500,8,0.28391666666666665,0.0,2.0,7.044320516583505,0.0,1.0
prefill,general,0,6,6,16,transition,1500,8,0.42766666666666664,0.006666666666666667,2.0,4.676539360872954,0.274474649766511,0.5844392920240705
prefill,general,0,6,6,32,domain_oracle,1500,8,0.7180833333333333,0.08333333333333333,4.0,5.570384124405246,0.0,1.0
prefill,general,0,6,6,32,previous_window,1500,8,0.6701666666666667,0.04066666666666666,4.0,5.968664511315593,0.0007088058705803869,0.9988971154309451
prefill,general,0,6,6,32,static,1500,8,0.6469166666666667,0.054,4.0,6.183176606981837,0.0,1.0
prefill,general,0,6,6,32,transition,1500,8,0.77175,0.184,4.0,5.183025591188857,0.1814751501000667,0.6999794289504714
prefill,general,0,7,7,8,domain_oracle,1500,8,0.24383333333333335,0.0,1.0,4.101161995898838,0.0,1.0
prefill,general,0,7,7,8,previous_window,1500,8,0.252,0.0,1.0,3.9682539682539684,0.0007505003335557038,0.9988733229560448
prefill,general,0,7,7,8,static,1500,8,0.14491666666666667,0.0,1.0,6.900517538815411,0.0,1.0
prefill,general,0,7,7,8,transition,1500,8,0.2778333333333333,0.0,1.0,3.599280143971206,0.3875917278185457,0.46696256823008864
prefill,general,0,7,7,16,domain_oracle,1500,8,0.42383333333333334,0.0006666666666666666,2.0,4.71883602044829,0.0,1.0
prefill,general,0,7,7,16,previous_window,1500,8,0.39008333333333334,0.0013333333333333333,2.0,5.127109591967528,0.0010840560373582388,0.9984782677754803
prefill,general,0,7,7,16,static,1500,8,0.33508333333333334,0.0,2.0,5.968664511315593,0.0,1.0
prefill,general,0,7,7,16,transition,1500,8,0.5060833333333333,0.006666666666666667,2.0,3.9519183270212417,0.34673115410273514,0.5060612751953122
prefill,general,0,7,7,32,domain_oracle,1500,8,0.70575,0.096,4.0,5.667729365922777,0.0,1.0
prefill,general,0,7,7,32,previous_window,1500,8,0.6696666666666666,0.05333333333333334,4.0,5.973120955699353,0.0007296531020680453,0.998855760596108
prefill,general,0,7,7,32,static,1500,8,0.6171666666666666,0.036,4.0,6.481231433972455,0.0,1.0
prefill,general,0,7,7,32,transition,1500,8,0.7308333333333333,0.13733333333333334,4.0,5.473204104903079,0.18114159439626418,0.7017887621631657
prefill,general,0,8,8,8,domain_oracle,1500,8,0.25616666666666665,0.0,1.0,3.903708523096942,0.0,1.0
prefill,general,0,8,8,8,previous_window,1500,8,0.22466666666666665,0.0,1.0,4.451038575667655,0.0015010006671114075,0.998084192880724
prefill,general,0,8,8,8,static,1500,8,0.14733333333333334,0.0,1.0,6.787330316742081,0.0,1.0
prefill,general,0,8,8,8,transition,1500,8,0.2936666666666667,0.0,1.0,3.4052213393870603,0.41410940627084725,0.4488794135225158
prefill,general,0,8,8,16,domain_oracle,1500,8,0.43266666666666664,0.0033333333333333335,2.0,4.622496147919877,0.0,1.0
prefill,general,0,8,8,16,previous_window,1500,8,0.38275,0.0,2.0,5.225342913128674,0.0012925283522348232,0.9982721496774345
prefill,general,0,8,8,16,static,1500,8,0.319,0.0,2.0,6.269592476489028,0.0,1.0
prefill,general,0,8,8,16,transition,1500,8,0.5095,0.018666666666666668,2.0,3.9254170755642788,0.3646180787191461,0.488493327509727
prefill,general,0,8,8,32,domain_oracle,1500,8,0.70125,0.11533333333333333,4.0,5.704099821746881,0.0,1.0
prefill,general,0,8,8,32,previous_window,1500,8,0.6753333333333333,0.05466666666666667,4.0,5.923000987166831,0.00066711140760507,0.9989365315582794
prefill,general,0,8,8,32,static,1500,8,0.6523333333333333,0.07133333333333333,4.0,6.131834440470107,0.0,1.0
prefill,general,0,8,8,32,transition,1500,8,0.8,0.30333333333333334,4.0,5.0,0.1953177118078719,0.6818092441468431
prefill,general,0,9,9,8,domain_oracle,1500,8,0.22833333333333333,0.0,1.0,4.37956204379562,0.0,1.0
prefill,general,0,9,9,8,previous_window,1500,8,0.19841666666666666,0.0,1.0,5.03989920201596,0.001751167444963309,0.9979160710314813
prefill,general,0,9,9,8,static,1500,8,0.11541666666666667,0.0,1.0,8.664259927797834,0.0,1.0
prefill,general,0,9,9,8,transition,1500,8,0.2895,0.0,1.0,3.454231433506045,0.4325383589059373,0.4181553381019745
prefill,general,0,9,9,16,domain_oracle,1500,8,0.3904166666666667,0.0,2.0,5.122732123799359,0.0,1.0
prefill,general,0,9,9,16,previous_window,1500,8,0.361,0.0,2.0,5.54016620498615,0.001042361574382922,0.9985324566746505
prefill,general,0,9,9,16,static,1500,8,0.2708333333333333,0.0,2.0,7.384615384615385,0.0,1.0
prefill,general,0,9,9,16,transition,1500,8,0.5249166666666667,0.027333333333333334,2.0,3.8101285918399745,0.42374082721814543,0.43150453410939105
prefill,general,0,9,9,32,domain_oracle,1500,8,0.6719166666666667,0.08866666666666667,4.0,5.9531191864070445,0.0,1.0
prefill,general,0,9,9,32,previous_window,1500,8,0.6606666666666666,0.058666666666666666,4.0,6.054490413723512,0.0006045697131420948,0.9990305359824279
prefill,general,0,9,9,32,static,1500,8,0.5885833333333333,0.021333333333333333,4.0,6.795979045731276,0.0,1.0
prefill,general,0,9,9,32,transition,1500,8,0.7983333333333333,0.32666666666666666,4.0,5.010438413361169,0.28195880587058036,0.5748393455582607
prefill,general,0,10,10,8,domain_oracle,1500,8,0.2520833333333333,0.0,1.0,3.9669421487603307,0.0,1.0
prefill,general,0,10,10,8,previous_window,1500,8,0.22458333333333333,0.0,1.0,4.452690166975882,0.00133422281521014,0.9982459168583251
prefill,general,0,10,10,8,static,1500,8,0.17033333333333334,0.0,1.0,5.870841487279844,0.0,1.0
prefill,general,0,10,10,8,transition,1500,8,0.32508333333333334,0.0,1.0,3.076134324532171,0.45805537024683124,0.39926791761348535
prefill,general,0,10,10,16,domain_oracle,1500,8,0.41883333333333334,0.0026666666666666666,2.0,4.77516912057302,0.0,1.0
prefill,general,0,10,10,16,previous_window,1500,8,0.38866666666666666,0.0033333333333333335,2.0,5.145797598627787,0.0011674449633088727,0.9983867782110087
prefill,general,0,10,10,16,static,1500,8,0.293,0.0,2.0,6.825938566552901,0.0,1.0
prefill,general,0,10,10,16,transition,1500,8,0.5221666666666667,0.023333333333333334,2.0,3.8301947015639963,0.38104569713142095,0.46931057946711346
prefill,general,0,10,10,32,domain_oracle,1500,8,0.6685,0.13,4.0,5.983545250560957,0.0,1.0
prefill,general,0,10,10,32,previous_window,1500,8,0.65075,0.12,4.0,6.146753745678064,0.0007296531020680453,0.9988594885549066
prefill,general,0,10,10,32,static,1500,8,0.6050833333333333,0.020666666666666667,4.0,6.610659688748107,0.0,1.0
prefill,general,0,10,10,32,transition,1500,8,0.7564166666666666,0.222,4.0,5.288090778891704,0.2259631420947298,0.6411695808196335
prefill,general,0,11,11,8,domain_oracle,1500,8,0.232,0.0,1.0,4.310344827586207,0.0,1.0
prefill,general,0,11,11,8,previous_window,1500,8,0.1885,0.0,1.0,5.305039787798409,0.0018345563709139426,0.9978300552016361
prefill,general,0,11,11,8,static,1500,8,0.15716666666666668,0.0,1.0,6.362672322375397,0.0,1.0
prefill,general,0,11,11,8,transition,1500,8,0.27308333333333334,0.0,1.0,3.66188587122368,0.2907771847898599,0.571519992867572
prefill,general,0,11,11,16,domain_oracle,1500,8,0.4211666666666667,0.0006666666666666666,2.0,4.748713889988128,0.0,1.0
prefill,general,0,11,11,16,previous_window,1500,8,0.37366666666666665,0.0006666666666666666,2.0,5.352363960749331,0.0012925283522348232,0.9982628032214713
prefill,general,0,11,11,16,static,1500,8,0.31708333333333333,0.0006666666666666666,2.0,6.307490144546649,0.0,1.0
prefill,general,0,11,11,16,transition,1500,8,0.48991666666666667,0.012666666666666666,2.0,4.082326926348018,0.3086224149432955,0.5448754267801525
prefill,general,0,11,11,32,domain_oracle,1500,8,0.6871666666666667,0.11066666666666666,4.0,5.821004123211254,0.0,1.0
prefill,general,0,11,11,32,previous_window,1500,8,0.6855,0.09933333333333333,4.0,5.835156819839534,0.0006045697131420948,0.9990245161973683
prefill,general,0,11,11,32,static,1500,8,0.5918333333333333,0.028666666666666667,4.0,6.758659532526049,0.0,1.0
prefill,general,0,11,11,32,transition,1500,8,0.73725,0.16333333333333333,4.0,5.425567989148864,0.18716644429619747,0.6927491024922534
prefill,general,0,12,12,8,domain_oracle,1500,8,0.25566666666666665,0.0,1.0,3.911342894393742,0.0,1.0
prefill,general,0,12,12,8,previous_window,1500,8,0.22441666666666665,0.0,1.0,4.455997029335314,0.0014176117411607739,0.998193667573254
prefill,general,0,12,12,8,static,1500,8,0.20025,0.0,1.0,4.9937578027465666,0.0,1.0
prefill,general,0,12,12,8,transition,1500,8,0.30783333333333335,0.0,1.0,3.2485110990795887,0.3387258172114743,0.5162621678966021
prefill,general,0,12,12,16,domain_oracle,1500,8,0.43866666666666665,0.0013333333333333333,2.0,4.5592705167173255,0.0,1.0
prefill,general,0,12,12,16,previous_window,1500,8,0.418,0.006666666666666667,2.0,4.784688995215311,0.0009589726484322882,0.9986033477114487
prefill,general,0,12,12,16,static,1500,8,0.3446666666666667,0.002,2.0,5.802707930367505,0.0,1.0
prefill,general,0,12,12,16,transition,1500,8,0.5156666666666667,0.021333333333333333,2.0,3.878474466709761,0.28881754503002,0.5691621110280483
prefill,general,0,12,12,32,domain_oracle,1500,8,0.6798333333333333,0.12,4.0,5.883795047805835,0.0,1.0
prefill,general,0,12,12,32,previous_window,1500,8,0.6755833333333333,0.098,4.0,5.920809177254225,0.0006462641761174116,0.9989720663534213
prefill,general,0,12,12,32,static,1500,8,0.6251666666666666,0.09666666666666666,4.0,6.398293788323114,0.0,1.0
prefill,general,0,12,12,32,transition,1500,8,0.7435,0.22866666666666666,4.0,5.379959650302623,0.19521347565043362,0.6809615206208751
prefill,general,0,13,13,8,domain_oracle,1500,8,0.21708333333333332,0.0,1.0,4.606525911708253,0.0,1.0
prefill,general,0,13,13,8,previous_window,1500,8,0.1885,0.0,1.0,5.305039787798409,0.0018345563709139426,0.9978300552016363
prefill,general,0,13,13,8,static,1500,8,0.11183333333333334,0.0,1.0,8.941877794336811,0.0,1.0
prefill,general,0,13,13,8,transition,1500,8,0.24541666666666667,0.0,1.0,4.074702886247878,0.35698799199466313,0.5047700502003469
prefill,general,0,13,13,16,domain_oracle,1500,8,0.40258333333333335,0.0013333333333333333,2.0,4.967915545435727,0.0,1.0
prefill,general,0,13,13,16,previous_window,1500,8,0.3893333333333333,0.0013333333333333333,2.0,5.136986301369863,0.001042361574382922,0.9985022953378669
prefill,general,0,13,13,16,static,1500,8,0.25975,0.0006666666666666666,2.0,7.699711260827719,0.0,1.0
prefill,general,0,13,13,16,transition,1500,8,0.41275,0.006,2.0,4.845548152634767,0.24466310873915945,0.6221044997401715
prefill,general,0,13,13,32,domain_oracle,1500,8,0.6899166666666666,0.08866666666666667,4.0,5.797801666867979,0.0,1.0
prefill,general,0,13,13,32,previous_window,1500,8,0.6634166666666667,0.068,4.0,6.029393292299963,0.0007296531020680453,0.9988734747166113
prefill,general,0,13,13,32,static,1500,8,0.6194166666666666,0.038,4.0,6.4576886855912825,0.0,1.0
prefill,general,0,13,13,32,transition,1500,8,0.6970833333333334,0.12733333333333333,4.0,5.738194859533771,0.14743162108072047,0.747542422479185
prefill,general,0,14,14,8,domain_oracle,1500,8,0.2559166666666667,0.0,1.0,3.9075219798111362,0.0,1.0
prefill,general,0,14,14,8,previous_window,1500,8,0.2255,0.0,1.0,4.434589800443459,0.0015843895930620414,0.9980255457240115
prefill,general,0,14,14,8,static,1500,8,0.13841666666666666,0.0,1.0,7.2245635159542445,0.0,1.0
prefill,general,0,14,14,8,transition,1500,8,0.265,0.0,1.0,3.7735849056603774,0.40502001334222815,0.4547680471629843
prefill,general,0,14,14,16,domain_oracle,1500,8,0.42075,0.008,2.0,4.753416518122401,0.0,1.0
prefill,general,0,14,14,16,previous_window,1500,8,0.40408333333333335,0.004,2.0,4.949474118374923,0.0011257505003335556,0.9984254513360875
prefill,general,0,14,14,16,static,1500,8,0.34341666666666665,0.0006666666666666666,2.0,5.823829167677748,0.0,1.0
prefill,general,0,14,14,16,transition,1500,8,0.48883333333333334,0.014666666666666666,2.0,4.091374019774975,0.3310957304869913,0.519781786643069
prefill,general,0,14,14,32,domain_oracle,1500,8,0.7023333333333334,0.11333333333333333,4.0,5.695301376364499,0.0,1.0
prefill,general,0,14,14,32,previous_window,1500,8,0.67875,0.06733333333333333,4.0,5.893186003683241,0.0006879586390927285,0.9989274818108076
prefill,general,0,14,14,32,static,1500,8,0.62075,0.04066666666666666,4.0,6.443817962142569,0.0,1.0
prefill,general,0,14,14,32,transition,1500,8,0.74375,0.19266666666666668,4.0,5.378151260504202,0.179077718478986,0.7031861439884449
prefill,general,0,15,15,8,domain_oracle,1500,8,0.278,0.0,1.0,3.597122302158273,0.0,1.0
prefill,general,0,15,15,8,previous_window,1500,8,0.2648333333333333,0.0,1.0,3.775959723096287,0.00133422281521014,0.998233476552356
prefill,general,0,15,15,8,static,1500,8,0.16475,0.0,1.0,6.0698027314112295,0.0,1.0
prefill,general,0,15,15,8,transition,1500,8,0.24733333333333332,0.0,1.0,4.0431266846361185,0.29486324216144094,0.5660150389970411
prefill,general,0,15,15,16,domain_oracle,1500,8,0.4683333333333333,0.006,2.0,4.270462633451957,0.0,1.0
prefill,general,0,15,15,16,previous_window,1500,8,0.43816666666666665,0.004666666666666667,2.0,4.564473183720046,0.0009172781854569713,0.9986555075271734
prefill,general,0,15,15,16,static,1500,8,0.35208333333333336,0.0,2.0,5.680473372781065,0.0,1.0
prefill,general,0,15,15,16,transition,1500,8,0.46316666666666667,0.006666666666666667,2.0,4.318100035984167,0.2541277518345564,0.6077020016069151
prefill,general,0,15,15,32,domain_oracle,1500,8,0.7421666666666666,0.188,4.0,5.389624971929036,0.0,1.0
prefill,general,0,15,15,32,previous_window,1500,8,0.7125833333333333,0.12133333333333333,4.0,5.6133785522161155,0.0005837224816544363,0.9990565695983343
prefill,general,0,15,15,32,static,1500,8,0.6706666666666666,0.04933333333333333,4.0,5.964214711729622,0.0,1.0
prefill,general,0,15,15,32,transition,1500,8,0.7675,0.192,4.0,5.2117263843648205,0.16298365577051369,0.7251272188355026
prefill,general,1,2,1,8,domain_oracle,1500,8,0.20266666666666666,0.0,1.0,4.934210526315789,0.0,1.0
prefill,general,1,2,1,8,previous_window,1500,8,0.19991666666666666,0.0,1.0,5.00208420175073,0.001751167444963309,0.9978984768844676
prefill,general,1,2,1,8,static,1500,8,0.14183333333333334,0.0,1.0,7.050528789659224,0.0,1.0
prefill,general,1,2,1,8,transition,1500,8,0.3413333333333333,0.0,1.0,2.9296875,0.5072548365577051,0.35671633977171047
prefill,general,1,2,1,16,domain_oracle,1500,8,0.369,0.0013333333333333333,2.0,5.420054200542006,0.0,1.0
prefill,general,1,2,1,16,previous_window,1500,8,0.3625833333333333,0.0,2.0,5.515973339462192,0.00133422281521014,0.9982307396850425
prefill,general,1,2,1,16,static,1500,8,0.29733333333333334,0.0,2.0,6.726457399103139,0.0,1.0
prefill,general,1,2,1,16,transition,1500,8,0.5695,0.076,2.0,3.5118525021949076,0.4167361574382922,0.4317848645518294
prefill,general,1,2,1,32,domain_oracle,1500,8,0.6489166666666667,0.07133333333333333,4.0,6.16411968665725,0.0,1.0
prefill,general,1,2,1,32,previous_window,1500,8,0.62775,0.043333333333333335,4.0,6.371963361210673,0.0007921947965310207,0.9987947307774562
prefill,general,1,2,1,32,static,1500,8,0.5938333333333333,0.06,4.0,6.735896716250351,0.0,1.0
prefill,general,1,2,1,32,transition,1500,8,0.801,0.2613333333333333,4.0,4.9937578027465666,0.24835306871247498,0.6104906289275985
prefill,general,1,3,2,8,domain_oracle,1500,8,0.20116666666666666,0.0,1.0,4.971002485501243,0.0,1.0
prefill,general,1,3,2,8,previous_window,1500,8,0.20583333333333334,0.0,1.0,4.8582995951417,0.0015010006671114075,0.9980939674068426
prefill,general,1,3,2,8,static,1500,8,0.13333333333333333,0.0,1.0,7.5,0.0,1.0
prefill,general,1,3,2,8,transition,1500,8,0.3455,0.0,1.0,2.894356005788712,0.47006337558372246,0.39130662532931043
prefill,general,1,3,2,16,domain_oracle,1500,8,0.39475,0.0006666666666666666,2.0,5.06649778340722,0.0,1.0
prefill,general,1,3,2,16,previous_window,1500,8,0.37183333333333335,0.0006666666666666666,2.0,5.378753922008068,0.0010840560373582388,0.9984641244611658
prefill,general,1,3,2,16,static,1500,8,0.31366666666666665,0.0,2.0,6.376195536663125,0.0,1.0
prefill,general,1,3,2,16,transition,1500,8,0.5641666666666667,0.035333333333333335,2.0,3.5450516986706058,0.37420780520346897,0.47359506921828326
prefill,general,1,3,2,32,domain_oracle,1500,8,0.6743333333333333,0.05733333333333333,4.0,5.931784478497281,0.0,1.0
prefill,general,1,3,2,32,previous_window,1500,8,0.6585833333333333,0.03666666666666667,4.0,6.073642920409971,0.00066711140760507,0.99893797201476
prefill,general,1,3,2,32,static,1500,8,0.6075833333333334,0.042666666666666665,4.0,6.583459059113976,0.0,1.0
prefill,general,1,3,2,32,transition,1500,8,0.8050833333333334,0.2653333333333333,4.0,4.968429769175033,0.21041110740493663,0.6594351396683367
prefill,general,1,4,3,8,domain_oracle,1500,8,0.2415,0.0,1.0,4.140786749482402,0.0,1.0
prefill,general,1,4,3,8,previous_window,1500,8,0.231,0.0,1.0,4.329004329004329,0.00133422281521014,0.9982334765523557
prefill,general,1,4,3,8,static,1500,8,0.15875,0.0,1.0,6.299212598425197,0.0,1.0
prefill,general,1,4,3,8,transition,1500,8,0.3135,0.0,1.0,3.189792663476874,0.35948965977318215,0.49230225707878467
prefill,general,1,4,3,16,domain_oracle,1500,8,0.41175,0.0006666666666666666,2.0,4.857316332726168,0.0,1.0
prefill,general,1,4,3,16,previous_window,1500,8,0.395,0.0,2.0,5.063291139240507,0.0010840560373582388,0.9984676401998093
prefill,general,1,4,3,16,static,1500,8,0.31975,0.0,2.0,6.254886630179828,0.0,1.0
prefill,general,1,4,3,16,transition,1500,8,0.5346666666666666,0.007333333333333333,2.0,3.7406483790523692,0.3029102735156771,0.5506889176788664
prefill,general,1,4,3,32,domain_oracle,1500,8,0.676,0.06333333333333334,4.0,5.9171597633136095,0.0,1.0
prefill,general,1,4,3,32,previous_window,1500,8,0.6679166666666667,0.050666666666666665,4.0,5.988771054273237,0.0007088058705803869,0.9988871444789427
prefill,general,1,4,3,32,static,1500,8,0.61475,0.03933333333333333,4.0,6.506710044733632,0.0,1.0
prefill,general,1,4,3,32,transition,1500,8,0.79275,0.20333333333333334,4.0,5.045726900031536,0.19996664442961976,0.673795989721004
prefill,general,1,5,4,8,domain_oracle,1500,8,0.2595,0.0,1.0,3.8535645472061657,0.0,1.0
prefill,general,1,5,4,8,previous_window,1500,8,0.20125,0.0,1.0,4.968944099378882,0.0015843895930620414,0.9980379860299807
prefill,general,1,5,4,8,static,1500,8,0.12683333333333333,0.0,1.0,7.884362680683312,0.0,1.0
prefill,general,1,5,4,8,transition,1500,8,0.27308333333333334,0.0,1.0,3.66188587122368,0.37166444296197465,0.48451296683452355
prefill,general,1,5,4,16,domain_oracle,1500,8,0.428,0.002,2.0,4.672897196261682,0.0,1.0
prefill,general,1,5,4,16,previous_window,1500,8,0.37166666666666665,0.0,2.0,5.381165919282512,0.0012925283522348232,0.9982628032214713
prefill,general,1,5,4,16,static,1500,8,0.3065,0.0,2.0,6.525285481239805,0.0,1.0
prefill,general,1,5,4,16,transition,1500,8,0.5213333333333333,0.018,2.0,3.836317135549872,0.30395263509006004,0.5516804056382021
prefill,general,1,5,4,32,domain_oracle,1500,8,0.695,0.06466666666666666,4.0,5.755395683453237,0.0,1.0
prefill,general,1,5,4,32,previous_window,1500,8,0.6374166666666666,0.032,4.0,6.275330108510916,0.0007505003335557038,0.9988409376281994
prefill,general,1,5,4,32,static,1500,8,0.6195833333333334,0.054,4.0,6.4559515803631475,0.0,1.0
prefill,general,1,5,4,32,transition,1500,8,0.7908333333333334,0.22333333333333333,4.0,5.05795574288725,0.18160023348899265,0.699082091912256
prefill,general,1,6,5,8,domain_oracle,1500,8,0.22325,0.0,1.0,4.479283314669653,0.0,1.0
prefill,general,1,6,5,8,previous_window,1500,8,0.24491666666666667,0.0,1.0,4.0830214358625385,0.0014176117411607739,0.9981526145635552
prefill,general,1,6,5,8,static,1500,8,0.12625,0.0,1.0,7.920792079207921,0.0,1.0
prefill,general,1,6,5,8,transition,1500,8,0.2663333333333333,0.0,1.0,3.7546933667083855,0.3243829219479653,0.5313061706657555
prefill,general,1,6,5,16,domain_oracle,1500,8,0.43475,0.0013333333333333333,2.0,4.6003450258769405,0.0,1.0
prefill,general,1,6,5,16,previous_window,1500,8,0.39458333333333334,0.0006666666666666666,2.0,5.068637803590285,0.0014176117411607739,0.9981557084135614
prefill,general,1,6,5,16,static,1500,8,0.28391666666666665,0.0,2.0,7.044320516583505,0.0,1.0
prefill,general,1,6,5,16,transition,1500,8,0.49333333333333335,0.014666666666666666,2.0,4.054054054054054,0.2742244829886591,0.5862579735615695
prefill,general,1,6,5,32,domain_oracle,1500,8,0.7180833333333333,0.08333333333333333,4.0,5.570384124405246,0.0,1.0
prefill,general,1,6,5,32,previous_window,1500,8,0.6701666666666667,0.04066666666666666,4.0,5.968664511315593,0.0007088058705803869,0.9988971154309451
prefill,general,1,6,5,32,static,1500,8,0.6469166666666667,0.054,4.0,6.183176606981837,0.0,1.0
prefill,general,1,6,5,32,transition,1500,8,0.7935833333333333,0.216,4.0,5.040428436417096,0.17845230153435623,0.7031817954649848
prefill,general,1,7,6,8,domain_oracle,1500,8,0.24383333333333335,0.0,1.0,4.101161995898838,0.0,1.0
prefill,general,1,7,6,8,previous_window,1500,8,0.252,0.0,1.0,3.9682539682539684,0.0007505003335557038,0.9988733229560448
prefill,general,1,7,6,8,static,1500,8,0.14491666666666667,0.0,1.0,6.900517538815411,0.0,1.0
prefill,general,1,7,6,8,transition,1500,8,0.32575,0.0,1.0,3.0698388334612434,0.38900933955970646,0.46244081320799985
prefill,general,1,7,6,16,domain_oracle,1500,8,0.42383333333333334,0.0006666666666666666,2.0,4.71883602044829,0.0,1.0
prefill,general,1,7,6,16,previous_window,1500,8,0.39008333333333334,0.0013333333333333333,2.0,5.127109591967528,0.0010840560373582388,0.9984782677754803
prefill,general,1,7,6,16,static,1500,8,0.33508333333333334,0.0,2.0,5.968664511315593,0.0,1.0
prefill,general,1,7,6,16,transition,1500,8,0.5564166666666667,0.018,2.0,3.594428635614797,0.3421864576384256,0.5107006987705234
prefill,general,1,7,6,32,domain_oracle,1500,8,0.70575,0.096,4.0,5.667729365922777,0.0,1.0
prefill,general,1,7,6,32,previous_window,1500,8,0.6696666666666666,0.05333333333333334,4.0,5.973120955699353,0.0007296531020680453,0.998855760596108
prefill,general,1,7,6,32,static,1500,8,0.6171666666666666,0.036,4.0,6.481231433972455,0.0,1.0
prefill,general,1,7,6,32,transition,1500,8,0.7705833333333333,0.176,4.0,5.190872715475289,0.18697881921280854,0.6912851379467249
prefill,general,1,8,7,8,domain_oracle,1500,8,0.25616666666666665,0.0,1.0,3.903708523096942,0.0,1.0
prefill,general,1,8,7,8,previous_window,1500,8,0.22466666666666665,0.0,1.0,4.451038575667655,0.0015010006671114075,0.998084192880724
prefill,general,1,8,7,8,static,1500,8,0.14733333333333334,0.0,1.0,6.787330316742081,0.0,1.0
prefill,general,1,8,7,8,transition,1500,8,0.35741666666666666,0.0,1.0,2.7978549778503146,0.43445630420280185,0.428109952459524
prefill,general,1,8,7,16,domain_oracle,1500,8,0.43266666666666664,0.0033333333333333335,2.0,4.622496147919877,0.0,1.0
prefill,general,1,8,7,16,previous_window,1500,8,0.38275,0.0,2.0,5.225342913128674,0.0012925283522348232,0.9982721496774345
prefill,general,1,8,7,16,static,1500,8,0.319,0.0,2.0,6.269592476489028,0.0,1.0
prefill,general,1,8,7,16,transition,1500,8,0.569,0.04933333333333333,2.0,3.51493848857645,0.35486157438292193,0.49847130944384116
prefill,general,1,8,7,32,domain_oracle,1500,8,0.70125,0.11533333333333333,4.0,5.704099821746881,0.0,1.0
prefill,general,1,8,7,32,previous_window,1500,8,0.6753333333333333,0.05466666666666667,4.0,5.923000987166831,0.00066711140760507,0.9989365315582794
prefill,general,1,8,7,32,static,1500,8,0.6523333333333333,0.07133333333333333,4.0,6.131834440470107,0.0,1.0
prefill,general,1,8,7,32,transition,1500,8,0.8325,0.3506666666666667,4.0,4.804804804804805,0.19360823882588393,0.6828468801395652
prefill,general,1,9,8,8,domain_oracle,1500,8,0.22833333333333333,0.0,1.0,4.37956204379562,0.0,1.0
prefill,general,1,9,8,8,previous_window,1500,8,0.19841666666666666,0.0,1.0,5.03989920201596,0.001751167444963309,0.9979160710314813
prefill,general,1,9,8,8,static,1500,8,0.11541666666666667,0.0,1.0,8.664259927797834,0.0,1.0
prefill,general,1,9,8,8,transition,1500,8,0.35733333333333334,0.0,1.0,2.798507462686567,0.4536357571714476,0.4048325405230044
prefill,general,1,9,8,16,domain_oracle,1500,8,0.3904166666666667,0.0,2.0,5.122732123799359,0.0,1.0
prefill,general,1,9,8,16,previous_window,1500,8,0.361,0.0,2.0,5.54016620498615,0.001042361574382922,0.9985324566746505
prefill,general,1,9,8,16,static,1500,8,0.2708333333333333,0.0,2.0,7.384615384615385,0.0,1.0
prefill,general,1,9,8,16,transition,1500,8,0.6263333333333333,0.084,2.0,3.1931878658861095,0.42182288192128087,0.43226071727137755
prefill,general,1,9,8,32,domain_oracle,1500,8,0.6719166666666667,0.08866666666666667,4.0,5.9531191864070445,0.0,1.0
prefill,general,1,9,8,32,previous_window,1500,8,0.6606666666666666,0.058666666666666666,4.0,6.054490413723512,0.0006045697131420948,0.9990305359824279
prefill,general,1,9,8,32,static,1500,8,0.5885833333333333,0.021333333333333333,4.0,6.795979045731276,0.0,1.0
prefill,general,1,9,8,32,transition,1500,8,0.847,0.4246666666666667,4.0,4.7225501770956315,0.2723690793862575,0.5826582104593664
prefill,general,1,10,9,8,domain_oracle,1500,8,0.2520833333333333,0.0,1.0,3.9669421487603307,0.0,1.0
prefill,general,1,10,9,8,previous_window,1500,8,0.22458333333333333,0.0,1.0,4.452690166975882,0.00133422281521014,0.9982459168583251
prefill,general,1,10,9,8,static,1500,8,0.17033333333333334,0.0,1.0,5.870841487279844,0.0,1.0
prefill,general,1,10,9,8,transition,1500,8,0.3874166666666667,0.0,1.0,2.5812002581200257,0.4874082721814543,0.3769770663699963
prefill,general,1,10,9,16,domain_oracle,1500,8,0.41883333333333334,0.0026666666666666666,2.0,4.77516912057302,0.0,1.0
prefill,general,1,10,9,16,previous_window,1500,8,0.38866666666666666,0.0033333333333333335,2.0,5.145797598627787,0.0011674449633088727,0.9983867782110087
prefill,general,1,10,9,16,static,1500,8,0.293,0.0,2.0,6.825938566552901,0.0,1.0
prefill,general,1,10,9,16,transition,1500,8,0.6064166666666667,0.06066666666666667,2.0,3.298062388346846,0.38925950633755835,0.4610998682668582
prefill,general,1,10,9,32,domain_oracle,1500,8,0.6685,0.13,4.0,5.983545250560957,0.0,1.0
prefill,general,1,10,9,32,previous_window,1500,8,0.65075,0.12,4.0,6.146753745678064,0.0007296531020680453,0.9988594885549066
prefill,general,1,10,9,32,static,1500,8,0.6050833333333333,0.020666666666666667,4.0,6.610659688748107,0.0,1.0
prefill,general,1,10,9,32,transition,1500,8,0.8379166666666666,0.33866666666666667,4.0,4.773744405768275,0.23603235490326885,0.6276297670732883
prefill,general,1,11,10,8,domain_oracle,1500,8,0.232,0.0,1.0,4.310344827586207,0.0,1.0
prefill,general,1,11,10,8,previous_window,1500,8,0.1885,0.0,1.0,5.305039787798409,0.0018345563709139426,0.9978300552016361
prefill,general,1,11,10,8,static,1500,8,0.15716666666666668,0.0,1.0,6.362672322375397,0.0,1.0
prefill,general,1,11,10,8,transition,1500,8,0.3284166666666667,0.0,1.0,3.0449124587668104,0.3405603735823883,0.5183154107770627
prefill,general,1,11,10,16,domain_oracle,1500,8,0.4211666666666667,0.0006666666666666666,2.0,4.748713889988128,0.0,1.0
prefill,general,1,11,10,16,previous_window,1500,8,0.37366666666666665,0.0006666666666666666,2.0,5.352363960749331,0.0012925283522348232,0.9982628032214713
prefill,general,1,11,10,16,static,1500,8,0.31708333333333333,0.0006666666666666666,2.0,6.307490144546649,0.0,1.0
prefill,general,1,11,10,16,transition,1500,8,0.556,0.037333333333333336,2.0,3.597122302158273,0.3182121414276184,0.5333999236383195
prefill,general,1,11,10,32,domain_oracle,1500,8,0.6871666666666667,0.11066666666666666,4.0,5.821004123211254,0.0,1.0
prefill,general,1,11,10,32,previous_window,1500,8,0.6855,0.09933333333333333,4.0,5.835156819839534,0.0006045697131420948,0.9990245161973683
prefill,general,1,11,10,32,static,1500,8,0.5918333333333333,0.028666666666666667,4.0,6.758659532526049,0.0,1.0
prefill,general,1,11,10,32,transition,1500,8,0.7935833333333333,0.21133333333333335,4.0,5.040428436417096,0.20027935290193463,0.6732230584351113
prefill,general,1,12,11,8,domain_oracle,1500,8,0.25566666666666665,0.0,1.0,3.911342894393742,0.0,1.0
prefill,general,1,12,11,8,previous_window,1500,8,0.22441666666666665,0.0,1.0,4.455997029335314,0.0014176117411607739,0.998193667573254
prefill,general,1,12,11,8,static,1500,8,0.20025,0.0,1.0,4.9937578027465666,0.0,1.0
prefill,general,1,12,11,8,transition,1500,8,0.359,0.0,1.0,2.785515320334262,0.36791194129419613,0.48550277089304056
prefill,general,1,12,11,16,domain_oracle,1500,8,0.43866666666666665,0.0013333333333333333,2.0,4.5592705167173255,0.0,1.0
prefill,general,1,12,11,16,previous_window,1500,8,0.418,0.006666666666666667,2.0,4.784688995215311,0.0009589726484322882,0.9986033477114487
prefill,general,1,12,11,16,static,1500,8,0.3446666666666667,0.002,2.0,5.802707930367505,0.0,1.0
prefill,general,1,12,11,16,transition,1500,8,0.5616666666666666,0.06266666666666666,2.0,3.5608308605341246,0.3072048032021348,0.5488954767996377
prefill,general,1,12,11,32,domain_oracle,1500,8,0.6798333333333333,0.12,4.0,5.883795047805835,0.0,1.0
prefill,general,1,12,11,32,previous_window,1500,8,0.6755833333333333,0.098,4.0,5.920809177254225,0.0006462641761174116,0.9989720663534213
prefill,general,1,12,11,32,static,1500,8,0.6251666666666666,0.09666666666666666,4.0,6.398293788323114,0.0,1.0
prefill,general,1,12,11,32,transition,1500,8,0.8023333333333333,0.2986666666666667,4.0,4.985459077690071,0.2015927284856571,0.6717991606434178
prefill,general,1,13,12,8,domain_oracle,1500,8,0.21708333333333332,0.0,1.0,4.606525911708253,0.0,1.0
prefill,general,1,13,12,8,previous_window,1500,8,0.1885,0.0,1.0,5.305039787798409,0.0018345563709139426,0.9978300552016363
prefill,general,1,13,12,8,static,1500,8,0.11183333333333334,0.0,1.0,8.941877794336811,0.0,1.0
prefill,general,1,13,12,8,transition,1500,8,0.27825,0.0,1.0,3.5938903863432166,0.3947631754503002,0.46713947234294945
prefill,general,1,13,12,16,domain_oracle,1500,8,0.40258333333333335,0.0013333333333333333,2.0,4.967915545435727,0.0,1.0
prefill,general,1,13,12,16,previous_window,1500,8,0.3893333333333333,0.0013333333333333333,2.0,5.136986301369863,0.001042361574382922,0.9985022953378669
prefill,general,1,13,12,16,static,1500,8,0.25975,0.0006666666666666666,2.0,7.699711260827719,0.0,1.0
prefill,general,1,13,12,16,transition,1500,8,0.45166666666666666,0.004,2.0,4.428044280442805,0.2595480320213476,0.6039232650504005
prefill,general,1,13,12,32,domain_oracle,1500,8,0.6899166666666666,0.08866666666666667,4.0,5.797801666867979,0.0,1.0
prefill,general,1,13,12,32,previous_window,1500,8,0.6634166666666667,0.068,4.0,6.029393292299963,0.0007296531020680453,0.9988734747166113
prefill,general,1,13,12,32,static,1500,8,0.6194166666666666,0.038,4.0,6.4576886855912825,0.0,1.0
prefill,general,1,13,12,32,transition,1500,8,0.7544166666666666,0.172,4.0,5.302109797857064,0.16536024016010673,0.7211164070043106
prefill,general,1,14,13,8,domain_oracle,1500,8,0.2559166666666667,0.0,1.0,3.9075219798111362,0.0,1.0
prefill,general,1,14,13,8,previous_window,1500,8,0.2255,0.0,1.0,4.434589800443459,0.0015843895930620414,0.9980255457240115
prefill,general,1,14,13,8,static,1500,8,0.13841666666666666,0.0,1.0,7.2245635159542445,0.0,1.0
prefill,general,1,14,13,8,transition,1500,8,0.32033333333333336,0.0006666666666666666,1.0,3.121748178980229,0.4534689793195464,0.40370584866916104
prefill,general,1,14,13,16,domain_oracle,1500,8,0.42075,0.008,2.0,4.753416518122401,0.0,1.0
prefill,general,1,14,13,16,previous_window,1500,8,0.40408333333333335,0.004,2.0,4.949474118374923,0.0011257505003335556,0.9984254513360875
prefill,general,1,14,13,16,static,1500,8,0.34341666666666665,0.0006666666666666666,2.0,5.823829167677748,0.0,1.0
prefill,general,1,14,13,16,transition,1500,8,0.5443333333333333,0.05,2.0,3.674219228413962,0.3423949299533022,0.5063617173347025
prefill,general,1,14,13,32,domain_oracle,1500,8,0.7023333333333334,0.11333333333333333,4.0,5.695301376364499,0.0,1.0
prefill,general,1,14,13,32,previous_window,1500,8,0.67875,0.06733333333333333,4.0,5.893186003683241,0.0006879586390927285,0.9989274818108076
prefill,general,1,14,13,32,static,1500,8,0.62075,0.04066666666666666,4.0,6.443817962142569,0.0,1.0
prefill,general,1,14,13,32,transition,1500,8,0.7848333333333334,0.23266666666666666,4.0,5.096623486939903,0.18808372248165445,0.6908414550585258
prefill,general,1,15,14,8,domain_oracle,1500,8,0.278,0.0,1.0,3.597122302158273,0.0,1.0
prefill,general,1,15,14,8,previous_window,1500,8,0.2648333333333333,0.0,1.0,3.775959723096287,0.00133422281521014,0.998233476552356
prefill,general,1,15,14,8,static,1500,8,0.16475,0.0,1.0,6.0698027314112295,0.0,1.0
prefill,general,1,15,14,8,transition,1500,8,0.2815,0.0,1.0,3.552397868561279,0.3162941961307538,0.5429349243892397
prefill,general,1,15,14,16,domain_oracle,1500,8,0.4683333333333333,0.006,2.0,4.270462633451957,0.0,1.0
prefill,general,1,15,14,16,previous_window,1500,8,0.43816666666666665,0.004666666666666667,2.0,4.564473183720046,0.0009172781854569713,0.9986555075271734
prefill,general,1,15,14,16,static,1500,8,0.35208333333333336,0.0,2.0,5.680473372781065,0.0,1.0
prefill,general,1,15,14,16,transition,1500,8,0.5184166666666666,0.03333333333333333,2.0,3.8579006590580294,0.27614242828552366,0.5770468950304777
prefill,general,1,15,14,32,domain_oracle,1500,8,0.7421666666666666,0.188,4.0,5.389624971929036,0.0,1.0
prefill,general,1,15,14,32,previous_window,1500,8,0.7125833333333333,0.12133333333333333,4.0,5.6133785522161155,0.0005837224816544363,0.9990565695983343
prefill,general,1,15,14,32,static,1500,8,0.6706666666666666,0.04933333333333333,4.0,5.964214711729622,0.0,1.0
prefill,general,1,15,14,32,transition,1500,8,0.79825,0.25066666666666665,4.0,5.010961478233636,0.16450550366911273,0.7224413511446438
prefill,general,2,3,1,8,domain_oracle,1500,8,0.20116666666666666,0.0,1.0,4.971002485501243,0.0,1.0
prefill,general,2,3,1,8,previous_window,1500,8,0.20583333333333334,0.0,1.0,4.8582995951417,0.0015010006671114075,0.9980939674068426
prefill,general,2,3,1,8,static,1500,8,0.13333333333333333,0.0,1.0,7.5,0.0,1.0
prefill,general,2,3,1,8,transition,1500,8,0.45925,0.0,1.0,2.1774632553075666,0.5495330220146765,0.33419593526331315
prefill,general,2,3,1,16,domain_oracle,1500,8,0.39475,0.0006666666666666666,2.0,5.06649778340722,0.0,1.0
prefill,general,2,3,1,16,previous_window,1500,8,0.37183333333333335,0.0006666666666666666,2.0,5.378753922008068,0.0010840560373582388,0.9984641244611658
prefill,general,2,3,1,16,static,1500,8,0.31366666666666665,0.0,2.0,6.376195536663125,0.0,1.0
prefill,general,2,3,1,16,transition,1500,8,0.6679166666666667,0.058,2.0,2.9943855271366187,0.4071464309539693,0.45262218981617747
prefill,general,2,3,1,32,domain_oracle,1500,8,0.6743333333333333,0.05733333333333333,4.0,5.931784478497281,0.0,1.0
prefill,general,2,3,1,32,previous_window,1500,8,0.6585833333333333,0.03666666666666667,4.0,6.073642920409971,0.00066711140760507,0.99893797201476
prefill,general,2,3,1,32,static,1500,8,0.6075833333333334,0.042666666666666665,4.0,6.583459059113976,0.0,1.0
prefill,general,2,3,1,32,transition,1500,8,0.8783333333333333,0.416,4.0,4.554079696394687,0.23978485657104737,0.6259444303978531
prefill,general,2,4,2,8,domain_oracle,1500,8,0.2415,0.0,1.0,4.140786749482402,0.0,1.0
prefill,general,2,4,2,8,previous_window,1500,8,0.231,0.0,1.0,4.329004329004329,0.00133422281521014,0.9982334765523557
prefill,general,2,4,2,8,static,1500,8,0.15875,0.0,1.0,6.299212598425197,0.0,1.0
prefill,general,2,4,2,8,transition,1500,8,0.40641666666666665,0.0,1.0,2.4605290137379536,0.4334556370913943,0.42739696001871313
prefill,general,2,4,2,16,domain_oracle,1500,8,0.41175,0.0006666666666666666,2.0,4.857316332726168,0.0,1.0
prefill,general,2,4,2,16,previous_window,1500,8,0.395,0.0,2.0,5.063291139240507,0.0010840560373582388,0.9984676401998093
prefill,general,2,4,2,16,static,1500,8,0.31975,0.0,2.0,6.254886630179828,0.0,1.0
prefill,general,2,4,2,16,transition,1500,8,0.6401666666666667,0.04066666666666666,2.0,3.124186409789117,0.3492745163442295,0.5083329572396891
prefill,general,2,4,2,32,domain_oracle,1500,8,0.676,0.06333333333333334,4.0,5.9171597633136095,0.0,1.0
prefill,general,2,4,2,32,previous_window,1500,8,0.6679166666666667,0.050666666666666665,4.0,5.988771054273237,0.0007088058705803869,0.9988871444789427
prefill,general,2,4,2,32,static,1500,8,0.61475,0.03933333333333333,4.0,6.506710044733632,0.0,1.0
prefill,general,2,4,2,32,transition,1500,8,0.87025,0.36933333333333335,4.0,4.596380350474002,0.24524683122081387,0.6191449991753333
prefill,general,2,5,3,8,domain_oracle,1500,8,0.2595,0.0,1.0,3.8535645472061657,0.0,1.0
prefill,general,2,5,3,8,previous_window,1500,8,0.20125,0.0,1.0,4.968944099378882,0.0015843895930620414,0.9980379860299807
prefill,general,2,5,3,8,static,1500,8,0.12683333333333333,0.0,1.0,7.884362680683312,0.0,1.0
prefill,general,2,5,3,8,transition,1500,8,0.371,0.0,1.0,2.6954177897574123,0.460390260173449,0.4055326187414288
prefill,general,2,5,3,16,domain_oracle,1500,8,0.428,0.002,2.0,4.672897196261682,0.0,1.0
prefill,general,2,5,3,16,previous_window,1500,8,0.37166666666666665,0.0,2.0,5.381165919282512,0.0012925283522348232,0.9982628032214713
prefill,general,2,5,3,16,static,1500,8,0.3065,0.0,2.0,6.525285481239805,0.0,1.0
prefill,general,2,5,3,16,transition,1500,8,0.6140833333333333,0.037333333333333336,2.0,3.256886958881802,0.3455637091394263,0.5172365825040961
prefill,general,2,5,3,32,domain_oracle,1500,8,0.695,0.06466666666666666,4.0,5.755395683453237,0.0,1.0
prefill,general,2,5,3,32,previous_window,1500,8,0.6374166666666666,0.032,4.0,6.275330108510916,0.0007505003335557038,0.9988409376281994
prefill,general,2,5,3,32,static,1500,8,0.6195833333333334,0.054,4.0,6.4559515803631475,0.0,1.0
prefill,general,2,5,3,32,transition,1500,8,0.85575,0.364,4.0,4.674262342973999,0.216185790527018,0.6555093184976523
prefill,general,2,6,4,8,domain_oracle,1500,8,0.22325,0.0,1.0,4.479283314669653,0.0,1.0
prefill,general,2,6,4,8,previous_window,1500,8,0.24491666666666667,0.0,1.0,4.0830214358625385,0.0014176117411607739,0.9981526145635552
prefill,general,2,6,4,8,static,1500,8,0.12625,0.0,1.0,7.920792079207921,0.0,1.0
prefill,general,2,6,4,8,transition,1500,8,0.37775,0.0,1.0,2.6472534745201854,0.4372915276851234,0.425791197905946
prefill,general,2,6,4,16,domain_oracle,1500,8,0.43475,0.0013333333333333333,2.0,4.6003450258769405,0.0,1.0
prefill,general,2,6,4,16,previous_window,1500,8,0.39458333333333334,0.0006666666666666666,2.0,5.068637803590285,0.0014176117411607739,0.9981557084135614
prefill,general,2,6,4,16,static,1500,8,0.28391666666666665,0.0,2.0,7.044320516583505,0.0,1.0
prefill,general,2,6,4,16,transition,1500,8,0.603,0.023333333333333334,2.0,3.316749585406302,0.32108905937291526,0.5416791390352782
prefill,general,2,6,4,32,domain_oracle,1500,8,0.7180833333333333,0.08333333333333333,4.0,5.570384124405246,0.0,1.0
prefill,general,2,6,4,32,previous_window,1500,8,0.6701666666666667,0.04066666666666666,4.0,5.968664511315593,0.0007088058705803869,0.9988971154309451
prefill,general,2,6,4,32,static,1500,8,0.6469166666666667,0.054,4.0,6.183176606981837,0.0,1.0
prefill,general,2,6,4,32,transition,1500,8,0.8585,0.384,4.0,4.6592894583576,0.2088267178118746,0.6648292543159413
prefill,general,2,7,5,8,domain_oracle,1500,8,0.24383333333333335,0.0,1.0,4.101161995898838,0.0,1.0
prefill,general,2,7,5,8,previous_window,1500,8,0.252,0.0,1.0,3.9682539682539684,0.0007505003335557038,0.9988733229560448
prefill,general,2,7,5,8,static,1500,8,0.14491666666666667,0.0,1.0,6.900517538815411,0.0,1.0
prefill,general,2,7,5,8,transition,1500,8,0.42233333333333334,0.0,1.0,2.367797947908445,0.4312875250166778,0.4306162594354783
prefill,general,2,7,5,16,domain_oracle,1500,8,0.42383333333333334,0.0006666666666666666,2.0,4.71883602044829,0.0,1.0
prefill,general,2,7,5,16,previous_window,1500,8,0.39008333333333334,0.0013333333333333333,2.0,5.127109591967528,0.0010840560373582388,0.9984782677754803
prefill,general,2,7,5,16,static,1500,8,0.33508333333333334,0.0,2.0,5.968664511315593,0.0,1.0
prefill,general,2,7,5,16,transition,1500,8,0.6355833333333333,0.030666666666666665,2.0,3.1467156155762424,0.369079386257505,0.4928049809521051
prefill,general,2,7,5,32,domain_oracle,1500,8,0.70575,0.096,4.0,5.667729365922777,0.0,1.0
prefill,general,2,7,5,32,previous_window,1500,8,0.6696666666666666,0.05333333333333334,4.0,5.973120955699353,0.0007296531020680453,0.998855760596108
prefill,general,2,7,5,32,static,1500,8,0.6171666666666666,0.036,4.0,6.481231433972455,0.0,1.0
prefill,general,2,7,5,32,transition,1500,8,0.8480833333333333,0.3353333333333333,4.0,4.71651763781075,0.22713058705803868,0.6410195357398323
prefill,general,2,8,6,8,domain_oracle,1500,8,0.25616666666666665,0.0,1.0,3.903708523096942,0.0,1.0
prefill,general,2,8,6,8,previous_window,1500,8,0.22466666666666665,0.0,1.0,4.451038575667655,0.0015010006671114075,0.998084192880724
prefill,general,2,8,6,8,static,1500,8,0.14733333333333334,0.0,1.0,6.787330316742081,0.0,1.0
prefill,general,2,8,6,8,transition,1500,8,0.439,0.0006666666666666666,1.0,2.277904328018223,0.48182121414276186,0.3951400167544303
prefill,general,2,8,6,16,domain_oracle,1500,8,0.43266666666666664,0.0033333333333333335,2.0,4.622496147919877,0.0,1.0
prefill,general,2,8,6,16,previous_window,1500,8,0.38275,0.0,2.0,5.225342913128674,0.0012925283522348232,0.9982721496774345
prefill,general,2,8,6,16,static,1500,8,0.319,0.0,2.0,6.269592476489028,0.0,1.0
prefill,general,2,8,6,16,transition,1500,8,0.6655833333333333,0.07666666666666666,2.0,3.004882934769,0.3787108072048032,0.48639993622522654
prefill,general,2,8,6,32,domain_oracle,1500,8,0.70125,0.11533333333333333,4.0,5.704099821746881,0.0,1.0
prefill,general,2,8,6,32,previous_window,1500,8,0.6753333333333333,0.05466666666666667,4.0,5.923000987166831,0.00066711140760507,0.9989365315582794
prefill,general,2,8,6,32,static,1500,8,0.6523333333333333,0.07133333333333333,4.0,6.131834440470107,0.0,1.0
prefill,general,2,8,6,32,transition,1500,8,0.8941666666666667,0.5193333333333333,4.0,4.473438956197577,0.2260256837891928,0.6431144402224774
prefill,general,2,9,7,8,domain_oracle,1500,8,0.22833333333333333,0.0,1.0,4.37956204379562,0.0,1.0
prefill,general,2,9,7,8,previous_window,1500,8,0.19841666666666666,0.0,1.0,5.03989920201596,0.001751167444963309,0.9979160710314813
prefill,general,2,9,7,8,static,1500,8,0.11541666666666667,0.0,1.0,8.664259927797834,0.0,1.0
prefill,general,2,9,7,8,transition,1500,8,0.4628333333333333,0.0006666666666666666,1.0,2.1606049693914295,0.5200133422281521,0.35572797227233643
prefill,general,2,9,7,16,domain_oracle,1500,8,0.3904166666666667,0.0,2.0,5.122732123799359,0.0,1.0
prefill,general,2,9,7,16,previous_window,1500,8,0.361,0.0,2.0,5.54016620498615,0.001042361574382922,0.9985324566746505
prefill,general,2,9,7,16,static,1500,8,0.2708333333333333,0.0,2.0,7.384615384615385,0.0,1.0
prefill,general,2,9,7,16,transition,1500,8,0.7248333333333333,0.168,2.0,2.7592550011496897,0.43783355570380256,0.43195978134716984
prefill,general,2,9,7,32,domain_oracle,1500,8,0.6719166666666667,0.08866666666666667,4.0,5.9531191864070445,0.0,1.0
prefill,general,2,9,7,32,previous_window,1500,8,0.6606666666666666,0.058666666666666666,4.0,6.054490413723512,0.0006045697131420948,0.9990305359824279
prefill,general,2,9,7,32,static,1500,8,0.5885833333333333,0.021333333333333333,4.0,6.795979045731276,0.0,1.0
prefill,general,2,9,7,32,transition,1500,8,0.90375,0.5873333333333334,4.0,4.426002766251729,0.2815001667778519,0.5781444036803869
prefill,general,2,10,8,8,domain_oracle,1500,8,0.2520833333333333,0.0,1.0,3.9669421487603307,0.0,1.0
prefill,general,2,10,8,8,previous_window,1500,8,0.22458333333333333,0.0,1.0,4.452690166975882,0.00133422281521014,0.9982459168583251
prefill,general,2,10,8,8,static,1500,8,0.17033333333333334,0.0,1.0,5.870841487279844,0.0,1.0
prefill,general,2,10,8,8,transition,1500,8,0.47358333333333336,0.0026666666666666666,1.0,2.111560795354566,0.5577051367578385,0.327882035687239
prefill,general,2,10,8,16,domain_oracle,1500,8,0.41883333333333334,0.0026666666666666666,2.0,4.77516912057302,0.0,1.0
prefill,general,2,10,8,16,previous_window,1500,8,0.38866666666666666,0.0033333333333333335,2.0,5.145797598627787,0.0011674449633088727,0.9983867782110087
prefill,general,2,10,8,16,static,1500,8,0.293,0.0,2.0,6.825938566552901,0.0,1.0
prefill,general,2,10,8,16,transition,1500,8,0.6976666666666667,0.108,2.0,2.866698518872432,0.42469979986657774,0.43934324320368606
prefill,general,2,10,8,32,domain_oracle,1500,8,0.6685,0.13,4.0,5.983545250560957,0.0,1.0
prefill,general,2,10,8,32,previous_window,1500,8,0.65075,0.12,4.0,6.146753745678064,0.0007296531020680453,0.9988594885549066
prefill,general,2,10,8,32,static,1500,8,0.6050833333333333,0.020666666666666667,4.0,6.610659688748107,0.0,1.0
prefill,general,2,10,8,32,transition,1500,8,0.8933333333333333,0.49933333333333335,4.0,4.477611940298507,0.2652393262174783,0.596239602449016
prefill,general,2,11,9,8,domain_oracle,1500,8,0.232,0.0,1.0,4.310344827586207,0.0,1.0
prefill,general,2,11,9,8,previous_window,1500,8,0.1885,0.0,1.0,5.305039787798409,0.0018345563709139426,0.9978300552016361
prefill,general,2,11,9,8,static,1500,8,0.15716666666666668,0.0,1.0,6.362672322375397,0.0,1.0
prefill,general,2,11,9,8,transition,1500,8,0.39466666666666667,0.0,1.0,2.5337837837837838,0.412108072048032,0.44924225577995397
prefill,general,2,11,9,16,domain_oracle,1500,8,0.4211666666666667,0.0006666666666666666,2.0,4.748713889988128,0.0,1.0
prefill,general,2,11,9,16,previous_window,1500,8,0.37366666666666665,0.0006666666666666666,2.0,5.352363960749331,0.0012925283522348232,0.9982628032214713
prefill,general,2,11,9,16,static,1500,8,0.31708333333333333,0.0006666666666666666,2.0,6.307490144546649,0.0,1.0
prefill,general,2,11,9,16,transition,1500,8,0.6230833333333333,0.04533333333333334,2.0,3.209843520128394,0.34631420947298197,0.5128337676301933
prefill,general,2,11,9,32,domain_oracle,1500,8,0.6871666666666667,0.11066666666666666,4.0,5.821004123211254,0.0,1.0
prefill,general,2,11,9,32,previous_window,1500,8,0.6855,0.09933333333333333,4.0,5.835156819839534,0.0006045697131420948,0.9990245161973683
prefill,general,2,11,9,32,static,1500,8,0.5918333333333333,0.028666666666666667,4.0,6.758659532526049,0.0,1.0
prefill,general,2,11,9,32,transition,1500,8,0.8645,0.37133333333333335,4.0,4.626951995373048,0.23388509006004002,0.6332915609118334
prefill,general,2,12,10,8,domain_oracle,1500,8,0.25566666666666665,0.0,1.0,3.911342894393742,0.0,1.0
prefill,general,2,12,10,8,previous_window,1500,8,0.22441666666666665,0.0,1.0,4.455997029335314,0.0014176117411607739,0.998193667573254
prefill,general,2,12,10,8,static,1500,8,0.20025,0.0,1.0,4.9937578027465666,0.0,1.0
prefill,general,2,12,10,8,transition,1500,8,0.40341666666666665,0.0,1.0,2.4788266887006816,0.41952968645763844,0.44111703284485815
prefill,general,2,12,10,16,domain_oracle,1500,8,0.43866666666666665,0.0013333333333333333,2.0,4.5592705167173255,0.0,1.0
prefill,general,2,12,10,16,previous_window,1500,8,0.418,0.006666666666666667,2.0,4.784688995215311,0.0009589726484322882,0.9986033477114487
prefill,general,2,12,10,16,static,1500,8,0.3446666666666667,0.002,2.0,5.802707930367505,0.0,1.0
prefill,general,2,12,10,16,transition,1500,8,0.6314166666666666,0.074,2.0,3.1674805331925566,0.3349316210807205,0.5266397661873
prefill,general,2,12,10,32,domain_oracle,1500,8,0.6798333333333333,0.12,4.0,5.883795047805835,0.0,1.0
prefill,general,2,12,10,32,previous_window,1500,8,0.6755833333333333,0.098,4.0,5.920809177254225,0.0006462641761174116,0.9989720663534213
prefill,general,2,12,10,32,static,1500,8,0.6251666666666666,0.09666666666666666,4.0,6.398293788323114,0.0,1.0
prefill,general,2,12,10,32,transition,1500,8,0.8689166666666667,0.434,4.0,4.60343339407308,0.23934706470980655,0.6248939444242609
prefill,general,2,13,11,8,domain_oracle,1500,8,0.21708333333333332,0.0,1.0,4.606525911708253,0.0,1.0
prefill,general,2,13,11,8,previous_window,1500,8,0.1885,0.0,1.0,5.305039787798409,0.0018345563709139426,0.9978300552016363
prefill,general,2,13,11,8,static,1500,8,0.11183333333333334,0.0,1.0,8.941877794336811,0.0,1.0
prefill,general,2,13,11,8,transition,1500,8,0.33875,0.0,1.0,2.952029520295203,0.47815210140093395,0.39172102080708215
prefill,general,2,13,11,16,domain_oracle,1500,8,0.40258333333333335,0.0013333333333333333,2.0,4.967915545435727,0.0,1.0
prefill,general,2,13,11,16,previous_window,1500,8,0.3893333333333333,0.0013333333333333333,2.0,5.136986301369863,0.001042361574382922,0.9985022953378669
prefill,general,2,13,11,16,static,1500,8,0.25975,0.0006666666666666666,2.0,7.699711260827719,0.0,1.0
prefill,general,2,13,11,16,transition,1500,8,0.5213333333333333,0.020666666666666667,2.0,3.836317135549872,0.3177951967978652,0.5388509031596183
prefill,general,2,13,11,32,domain_oracle,1500,8,0.6899166666666666,0.08866666666666667,4.0,5.797801666867979,0.0,1.0
prefill,general,2,13,11,32,previous_window,1500,8,0.6634166666666667,0.068,4.0,6.029393292299963,0.0007296531020680453,0.9988734747166113
prefill,general,2,13,11,32,static,1500,8,0.6194166666666666,0.038,4.0,6.4576886855912825,0.0,1.0
prefill,general,2,13,11,32,transition,1500,8,0.8028333333333333,0.252,4.0,4.982354162341706,0.20240577051367578,0.6732072360233006
prefill,general,2,14,12,8,domain_oracle,1500,8,0.2559166666666667,0.0,1.0,3.9075219798111362,0.0,1.0
prefill,general,2,14,12,8,previous_window,1500,8,0.2255,0.0,1.0,4.434589800443459,0.0015843895930620414,0.9980255457240115
prefill,general,2,14,12,8,static,1500,8,0.13841666666666666,0.0,1.0,7.2245635159542445,0.0,1.0
prefill,general,2,14,12,8,transition,1500,8,0.3934166666666667,0.0013333333333333333,1.0,2.541834357127727,0.5342728485657104,0.34519045553068284
prefill,general,2,14,12,16,domain_oracle,1500,8,0.42075,0.008,2.0,4.753416518122401,0.0,1.0
prefill,general,2,14,12,16,previous_window,1500,8,0.40408333333333335,0.004,2.0,4.949474118374923,0.0011257505003335556,0.9984254513360875
prefill,general,2,14,12,16,static,1500,8,0.34341666666666665,0.0006666666666666666,2.0,5.823829167677748,0.0,1.0
prefill,general,2,14,12,16,transition,1500,8,0.6095833333333334,0.068,2.0,3.2809295967190706,0.3807121414276184,0.47782739955711623
prefill,general,2,14,12,32,domain_oracle,1500,8,0.7023333333333334,0.11333333333333333,4.0,5.695301376364499,0.0,1.0
prefill,general,2,14,12,32,previous_window,1500,8,0.67875,0.06733333333333333,4.0,5.893186003683241,0.0006879586390927285,0.9989274818108076
prefill,general,2,14,12,32,static,1500,8,0.62075,0.04066666666666666,4.0,6.443817962142569,0.0,1.0
prefill,general,2,14,12,32,transition,1500,8,0.83875,0.32466666666666666,4.0,4.769001490312966,0.21383005336891261,0.6586310604446503
prefill,general,2,15,13,8,domain_oracle,1500,8,0.278,0.0,1.0,3.597122302158273,0.0,1.0
prefill,general,2,15,13,8,previous_window,1500,8,0.2648333333333333,0.0,1.0,3.775959723096287,0.00133422281521014,0.998233476552356
prefill,general,2,15,13,8,static,1500,8,0.16475,0.0,1.0,6.0698027314112295,0.0,1.0
prefill,general,2,15,13,8,transition,1500,8,0.34908333333333336,0.0,1.0,2.86464550011936,0.3999332888592395,0.4610805842293574
prefill,general,2,15,13,16,domain_oracle,1500,8,0.4683333333333333,0.006,2.0,4.270462633451957,0.0,1.0
prefill,general,2,15,13,16,previous_window,1500,8,0.43816666666666665,0.004666666666666667,2.0,4.564473183720046,0.0009172781854569713,0.9986555075271734
prefill,general,2,15,13,16,static,1500,8,0.35208333333333336,0.0,2.0,5.680473372781065,0.0,1.0
prefill,general,2,15,13,16,transition,1500,8,0.5911666666666666,0.042,2.0,3.383140682266704,0.321839559706471,0.5327436962188601
prefill,general,2,15,13,32,domain_oracle,1500,8,0.7421666666666666,0.188,4.0,5.389624971929036,0.0,1.0
prefill,general,2,15,13,32,previous_window,1500,8,0.7125833333333333,0.12133333333333333,4.0,5.6133785522161155,0.0005837224816544363,0.9990565695983343
prefill,general,2,15,13,32,static,1500,8,0.6706666666666666,0.04933333333333333,4.0,5.964214711729622,0.0,1.0
prefill,general,2,15,13,32,transition,1500,8,0.8394166666666667,0.346,4.0,4.76521393825077,0.19394179452968646,0.6845111623138432
prefill,general,3,4,1,8,domain_oracle,1500,8,0.2415,0.0,1.0,4.140786749482402,0.0,1.0
prefill,general,3,4,1,8,previous_window,1500,8,0.231,0.0,1.0,4.329004329004329,0.00133422281521014,0.9982334765523557
prefill,general,3,4,1,8,static,1500,8,0.15875,0.0,1.0,6.299212598425197,0.0,1.0
prefill,general,3,4,1,8,transition,1500,8,0.4498333333333333,0.0,1.0,2.223045572434235,0.4874082721814543,0.3840636422357603
prefill,general,3,4,1,16,domain_oracle,1500,8,0.41175,0.0006666666666666666,2.0,4.857316332726168,0.0,1.0
prefill,general,3,4,1,16,previous_window,1500,8,0.395,0.0,2.0,5.063291139240507,0.0010840560373582388,0.9984676401998093
prefill,general,3,4,1,16,static,1500,8,0.31975,0.0,2.0,6.254886630179828,0.0,1.0
prefill,general,3,4,1,16,transition,1500,8,0.6971666666666667,0.07866666666666666,2.0,2.8687544824288786,0.383422281521014,0.48088675011885507
prefill,general,3,4,1,32,domain_oracle,1500,8,0.676,0.06333333333333334,4.0,5.9171597633136095,0.0,1.0
prefill,general,3,4,1,32,previous_window,1500,8,0.6679166666666667,0.050666666666666665,4.0,5.988771054273237,0.0007088058705803869,0.9988871444789427
prefill,general,3,4,1,32,static,1500,8,0.61475,0.03933333333333333,4.0,6.506710044733632,0.0,1.0
prefill,general,3,4,1,32,transition,1500,8,0.8953333333333333,0.442,4.0,4.467609828741623,0.2681579386257505,0.5976632501235779
prefill,general,3,5,2,8,domain_oracle,1500,8,0.2595,0.0,1.0,3.8535645472061657,0.0,1.0
prefill,general,3,5,2,8,previous_window,1500,8,0.20125,0.0,1.0,4.968944099378882,0.0015843895930620414,0.9980379860299807
prefill,general,3,5,2,8,static,1500,8,0.12683333333333333,0.0,1.0,7.884362680683312,0.0,1.0
prefill,general,3,5,2,8,transition,1500,8,0.4141666666666667,0.0,1.0,2.414486921529175,0.4919112741827885,0.38312952335634387
prefill,general,3,5,2,16,domain_oracle,1500,8,0.428,0.002,2.0,4.672897196261682,0.0,1.0
prefill,general,3,5,2,16,previous_window,1500,8,0.37166666666666665,0.0,2.0,5.381165919282512,0.0012925283522348232,0.9982628032214713
prefill,general,3,5,2,16,static,1500,8,0.3065,0.0,2.0,6.525285481239805,0.0,1.0
prefill,general,3,5,2,16,transition,1500,8,0.66325,0.06466666666666666,2.0,3.015454202789295,0.37958639092728486,0.4869427931700812
prefill,general,3,5,2,32,domain_oracle,1500,8,0.695,0.06466666666666666,4.0,5.755395683453237,0.0,1.0
prefill,general,3,5,2,32,previous_window,1500,8,0.6374166666666666,0.032,4.0,6.275330108510916,0.0007505003335557038,0.9988409376281994
prefill,general,3,5,2,32,static,1500,8,0.6195833333333334,0.054,4.0,6.4559515803631475,0.0,1.0
prefill,general,3,5,2,32,transition,1500,8,0.8995833333333333,0.49133333333333334,4.0,4.44650301065308,0.2548574049366244,0.613677935992641
prefill,general,3,6,3,8,domain_oracle,1500,8,0.22325,0.0,1.0,4.479283314669653,0.0,1.0
prefill,general,3,6,3,8,previous_window,1500,8,0.24491666666666667,0.0,1.0,4.0830214358625385,0.0014176117411607739,0.9981526145635552
prefill,general,3,6,3,8,static,1500,8,0.12625,0.0,1.0,7.920792079207921,0.0,1.0
prefill,general,3,6,3,8,transition,1500,8,0.43066666666666664,0.0,1.0,2.321981424148607,0.4894096064042695,0.3867434914799852
prefill,general,3,6,3,16,domain_oracle,1500,8,0.43475,0.0013333333333333333,2.0,4.6003450258769405,0.0,1.0
prefill,general,3,6,3,16,previous_window,1500,8,0.39458333333333334,0.0006666666666666666,2.0,5.068637803590285,0.0014176117411607739,0.9981557084135614
prefill,general,3,6,3,16,static,1500,8,0.28391666666666665,0.0,2.0,7.044320516583505,0.0,1.0
prefill,general,3,6,3,16,transition,1500,8,0.6591666666666667,0.059333333333333335,2.0,3.034134007585335,0.37433288859239494,0.4904622333404234
prefill,general,3,6,3,32,domain_oracle,1500,8,0.7180833333333333,0.08333333333333333,4.0,5.570384124405246,0.0,1.0
prefill,general,3,6,3,32,previous_window,1500,8,0.6701666666666667,0.04066666666666666,4.0,5.968664511315593,0.0007088058705803869,0.9988971154309451
prefill,general,3,6,3,32,static,1500,8,0.6469166666666667,0.054,4.0,6.183176606981837,0.0,1.0
prefill,general,3,6,3,32,transition,1500,8,0.88275,0.45,4.0,4.5312942509204195,0.22931954636424282,0.6445541160025697
prefill,general,3,7,4,8,domain_oracle,1500,8,0.24383333333333335,0.0,1.0,4.101161995898838,0.0,1.0
prefill,general,3,7,4,8,previous_window,1500,8,0.252,0.0,1.0,3.9682539682539684,0.0007505003335557038,0.9988733229560448
prefill,general,3,7,4,8,static,1500,8,0.14491666666666667,0.0,1.0,6.900517538815411,0.0,1.0
prefill,general,3,7,4,8,transition,1500,8,0.47208333333333335,0.0,1.0,2.118270079435128,0.48874249499666444,0.38732682335084295
prefill,general,3,7,4,16,domain_oracle,1500,8,0.42383333333333334,0.0006666666666666666,2.0,4.71883602044829,0.0,1.0
prefill,general,3,7,4,16,previous_window,1500,8,0.39008333333333334,0.0013333333333333333,2.0,5.127109591967528,0.0010840560373582388,0.9984782677754803
prefill,general,3,7,4,16,static,1500,8,0.33508333333333334,0.0,2.0,5.968664511315593,0.0,1.0
prefill,general,3,7,4,16,transition,1500,8,0.685,0.05466666666666667,2.0,2.9197080291970803,0.40485323549032687,0.4622697152985031
prefill,general,3,7,4,32,domain_oracle,1500,8,0.70575,0.096,4.0,5.667729365922777,0.0,1.0
prefill,general,3,7,4,32,previous_window,1500,8,0.6696666666666666,0.05333333333333334,4.0,5.973120955699353,0.0007296531020680453,0.998855760596108
prefill,general,3,7,4,32,static,1500,8,0.6171666666666666,0.036,4.0,6.481231433972455,0.0,1.0
prefill,general,3,7,4,32,transition,1500,8,0.8819166666666667,0.42933333333333334,4.0,4.535575923651138,0.26111157438292193,0.6066771212231353
prefill,general,3,8,5,8,domain_oracle,1500,8,0.25616666666666665,0.0,1.0,3.903708523096942,0.0,1.0
prefill,general,3,8,5,8,previous_window,1500,8,0.22466666666666665,0.0,1.0,4.451038575667655,0.0015010006671114075,0.998084192880724
prefill,general,3,8,5,8,static,1500,8,0.14733333333333334,0.0,1.0,6.787330316742081,0.0,1.0
prefill,general,3,8,5,8,transition,1500,8,0.49675,0.0006666666666666666,1.0,2.0130850528434827,0.5327718478985991,0.3614750085730746
prefill,general,3,8,5,16,domain_oracle,1500,8,0.43266666666666664,0.0033333333333333335,2.0,4.622496147919877,0.0,1.0
prefill,general,3,8,5,16,previous_window,1500,8,0.38275,0.0,2.0,5.225342913128674,0.0012925283522348232,0.9982721496774345
prefill,general,3,8,5,16,static,1500,8,0.319,0.0,2.0,6.269592476489028,0.0,1.0
prefill,general,3,8,5,16,transition,1500,8,0.71725,0.11066666666666666,2.0,2.788428023701638,0.41465143428952633,0.45821109904850804
prefill,general,3,8,5,32,domain_oracle,1500,8,0.70125,0.11533333333333333,4.0,5.704099821746881,0.0,1.0
prefill,general,3,8,5,32,previous_window,1500,8,0.6753333333333333,0.05466666666666667,4.0,5.923000987166831,0.00066711140760507,0.9989365315582794
prefill,general,3,8,5,32,static,1500,8,0.6523333333333333,0.07133333333333333,4.0,6.131834440470107,0.0,1.0
prefill,general,3,8,5,32,transition,1500,8,0.92975,0.6233333333333333,4.0,4.302231782737295,0.25756754503002,0.6105743017186063
prefill,general,3,9,6,8,domain_oracle,1500,8,0.22833333333333333,0.0,1.0,4.37956204379562,0.0,1.0
prefill,general,3,9,6,8,previous_window,1500,8,0.19841666666666666,0.0,1.0,5.03989920201596,0.001751167444963309,0.9979160710314813
prefill,general,3,9,6,8,static,1500,8,0.11541666666666667,0.0,1.0,8.664259927797834,0.0,1.0
prefill,general,3,9,6,8,transition,1500,8,0.51425,0.0033333333333333335,1.0,1.9445794846864366,0.5478652434956638,0.3426978773209592
prefill,general,3,9,6,16,domain_oracle,1500,8,0.3904166666666667,0.0,2.0,5.122732123799359,0.0,1.0
prefill,general,3,9,6,16,previous_window,1500,8,0.361,0.0,2.0,5.54016620498615,0.001042361574382922,0.9985324566746505
prefill,general,3,9,6,16,static,1500,8,0.2708333333333333,0.0,2.0,7.384615384615385,0.0,1.0
prefill,general,3,9,6,16,transition,1500,8,0.7605,0.21733333333333332,2.0,2.6298487836949374,0.4690627084723149,0.4139457298019286
prefill,general,3,9,6,32,domain_oracle,1500,8,0.6719166666666667,0.08866666666666667,4.0,5.9531191864070445,0.0,1.0
prefill,general,3,9,6,32,previous_window,1500,8,0.6606666666666666,0.058666666666666666,4.0,6.054490413723512,0.0006045697131420948,0.9990305359824279
prefill,general,3,9,6,32,static,1500,8,0.5885833333333333,0.021333333333333333,4.0,6.795979045731276,0.0,1.0
prefill,general,3,9,6,32,transition,1500,8,0.9341666666666667,0.6626666666666666,4.0,4.281891168599465,0.305724649766511,0.5603522847865778
prefill,general,3,10,7,8,domain_oracle,1500,8,0.2520833333333333,0.0,1.0,3.9669421487603307,0.0,1.0
prefill,general,3,10,7,8,previous_window,1500,8,0.22458333333333333,0.0,1.0,4.452690166975882,0.00133422281521014,0.9982459168583251
prefill,general,3,10,7,8,static,1500,8,0.17033333333333334,0.0,1.0,5.870841487279844,0.0,1.0
prefill,general,3,10,7,8,transition,1500,8,0.5175,0.006,1.0,1.932367149758454,0.5829719813208806,0.3201966219978222
prefill,general,3,10,7,16,domain_oracle,1500,8,0.41883333333333334,0.0026666666666666666,2.0,4.77516912057302,0.0,1.0
prefill,general,3,10,7,16,previous_window,1500,8,0.38866666666666666,0.0033333333333333335,2.0,5.145797598627787,0.0011674449633088727,0.9983867782110087
prefill,general,3,10,7,16,static,1500,8,0.293,0.0,2.0,6.825938566552901,0.0,1.0
prefill,general,3,10,7,16,transition,1500,8,0.7525,0.14866666666666667,2.0,2.6578073089700998,0.46472648432288194,0.412500307332252
prefill,general,3,10,7,32,domain_oracle,1500,8,0.6685,0.13,4.0,5.983545250560957,0.0,1.0
prefill,general,3,10,7,32,previous_window,1500,8,0.65075,0.12,4.0,6.146753745678064,0.0007296531020680453,0.9988594885549066
prefill,general,3,10,7,32,static,1500,8,0.6050833333333333,0.020666666666666667,4.0,6.610659688748107,0.0,1.0
prefill,general,3,10,7,32,transition,1500,8,0.92,0.5706666666666667,4.0,4.3478260869565215,0.28373082054703136,0.5830372208930804
prefill,general,3,11,8,8,domain_oracle,1500,8,0.232,0.0,1.0,4.310344827586207,0.0,1.0
prefill,general,3,11,8,8,previous_window,1500,8,0.1885,0.0,1.0,5.305039787798409,0.0018345563709139426,0.9978300552016361
prefill,general,3,11,8,8,static,1500,8,0.15716666666666668,0.0,1.0,6.362672322375397,0.0,1.0
prefill,general,3,11,8,8,transition,1500,8,0.44483333333333336,0.0,1.0,2.2480329711502436,0.46597731821214144,0.4092009835839105
prefill,general,3,11,8,16,domain_oracle,1500,8,0.4211666666666667,0.0006666666666666666,2.0,4.748713889988128,0.0,1.0
prefill,general,3,11,8,16,previous_window,1500,8,0.37366666666666665,0.0006666666666666666,2.0,5.352363960749331,0.0012925283522348232,0.9982628032214713
prefill,general,3,11,8,16,static,1500,8,0.31708333333333333,0.0006666666666666666,2.0,6.307490144546649,0.0,1.0
prefill,general,3,11,8,16,transition,1500,8,0.6705833333333333,0.06266666666666666,2.0,2.98247794209022,0.3804619746497665,0.48467434147556654
prefill,general,3,11,8,32,domain_oracle,1500,8,0.6871666666666667,0.11066666666666666,4.0,5.821004123211254,0.0,1.0
prefill,general,3,11,8,32,previous_window,1500,8,0.6855,0.09933333333333333,4.0,5.835156819839534,0.0006045697131420948,0.9990245161973683
prefill,general,3,11,8,32,static,1500,8,0.5918333333333333,0.028666666666666667,4.0,6.758659532526049,0.0,1.0
prefill,general,3,11,8,32,transition,1500,8,0.89375,0.444,4.0,4.475524475524476,0.25325216811207474,0.6150894608462824
prefill,general,3,12,9,8,domain_oracle,1500,8,0.25566666666666665,0.0,1.0,3.911342894393742,0.0,1.0
prefill,general,3,12,9,8,previous_window,1500,8,0.22441666666666665,0.0,1.0,4.455997029335314,0.0014176117411607739,0.998193667573254
prefill,general,3,12,9,8,static,1500,8,0.20025,0.0,1.0,4.9937578027465666,0.0,1.0
prefill,general,3,12,9,8,transition,1500,8,0.4455,0.0013333333333333333,1.0,2.244668911335578,0.4482154769846564,0.4246001718983753
prefill,general,3,12,9,16,domain_oracle,1500,8,0.43866666666666665,0.0013333333333333333,2.0,4.5592705167173255,0.0,1.0
prefill,general,3,12,9,16,previous_window,1500,8,0.418,0.006666666666666667,2.0,4.784688995215311,0.0009589726484322882,0.9986033477114487
prefill,general,3,12,9,16,static,1500,8,0.3446666666666667,0.002,2.0,5.802707930367505,0.0,1.0
prefill,general,3,12,9,16,transition,1500,8,0.6851666666666667,0.11933333333333333,2.0,2.918997810751642,0.3736657771847899,0.49070210269040704
prefill,general,3,12,9,32,domain_oracle,1500,8,0.6798333333333333,0.12,4.0,5.883795047805835,0.0,1.0
prefill,general,3,12,9,32,previous_window,1500,8,0.6755833333333333,0.098,4.0,5.920809177254225,0.0006462641761174116,0.9989720663534213
prefill,general,3,12,9,32,static,1500,8,0.6251666666666666,0.09666666666666666,4.0,6.398293788323114,0.0,1.0
prefill,general,3,12,9,32,transition,1500,8,0.9020833333333333,0.5166666666666667,4.0,4.434180138568129,0.2650308539026017,0.6011933704079175
prefill,general,3,13,10,8,domain_oracle,1500,8,0.21708333333333332,0.0,1.0,4.606525911708253,0.0,1.0
prefill,general,3,13,10,8,previous_window,1500,8,0.1885,0.0,1.0,5.305039787798409,0.0018345563709139426,0.9978300552016363
prefill,general,3,13,10,8,static,1500,8,0.11183333333333334,0.0,1.0,8.941877794336811,0.0,1.0
prefill,general,3,13,10,8,transition,1500,8,0.38183333333333336,0.0013333333333333333,1.0,2.618943692710607,0.5112575050033356,0.3737994419782304
prefill,general,3,13,10,16,domain_oracle,1500,8,0.40258333333333335,0.0013333333333333333,2.0,4.967915545435727,0.0,1.0
prefill,general,3,13,10,16,previous_window,1500,8,0.3893333333333333,0.0013333333333333333,2.0,5.136986301369863,0.001042361574382922,0.9985022953378669
prefill,general,3,13,10,16,static,1500,8,0.25975,0.0006666666666666666,2.0,7.699711260827719,0.0,1.0
prefill,general,3,13,10,16,transition,1500,8,0.57425,0.044,2.0,3.48280365694384,0.35803035356904606,0.5029744830667829
prefill,general,3,13,10,32,domain_oracle,1500,8,0.6899166666666666,0.08866666666666667,4.0,5.797801666867979,0.0,1.0
prefill,general,3,13,10,32,previous_window,1500,8,0.6634166666666667,0.068,4.0,6.029393292299963,0.0007296531020680453,0.9988734747166113
prefill,general,3,13,10,32,static,1500,8,0.6194166666666666,0.038,4.0,6.4576886855912825,0.0,1.0
prefill,general,3,13,10,32,transition,1500,8,0.8328333333333333,0.31133333333333335,4.0,4.802881729037423,0.22984072715143428,0.6400596936161285
prefill,general,3,14,11,8,domain_oracle,1500,8,0.2559166666666667,0.0,1.0,3.9075219798111362,0.0,1.0
prefill,general,3,14,11,8,previous_window,1500,8,0.2255,0.0,1.0,4.434589800443459,0.0015843895930620414,0.9980255457240115
prefill,general,3,14,11,8,static,1500,8,0.13841666666666666,0.0,1.0,7.2245635159542445,0.0,1.0
prefill,general,3,14,11,8,transition,1500,8,0.4504166666666667,0.002,1.0,2.2201665124884364,0.5621247498332221,0.33303735772047927
prefill,general,3,14,11,16,domain_oracle,1500,8,0.42075,0.008,2.0,4.753416518122401,0.0,1.0
prefill,general,3,14,11,16,previous_window,1500,8,0.40408333333333335,0.004,2.0,4.949474118374923,0.0011257505003335556,0.9984254513360875
prefill,general,3,14,11,16,static,1500,8,0.34341666666666665,0.0006666666666666666,2.0,5.823829167677748,0.0,1.0
prefill,general,3,14,11,16,transition,1500,8,0.6525833333333333,0.098,2.0,3.06474268931171,0.4124833222148099,0.45722642147558507
prefill,general,3,14,11,32,domain_oracle,1500,8,0.7023333333333334,0.11333333333333333,4.0,5.695301376364499,0.0,1.0
prefill,general,3,14,11,32,previous_window,1500,8,0.67875,0.06733333333333333,4.0,5.893186003683241,0.0006879586390927285,0.9989274818108076
prefill,general,3,14,11,32,static,1500,8,0.62075,0.04066666666666666,4.0,6.443817962142569,0.0,1.0
prefill,general,3,14,11,32,transition,1500,8,0.86225,0.38866666666666666,4.0,4.639025804581038,0.24287024683122083,0.6258903528830989
prefill,general,3,15,12,8,domain_oracle,1500,8,0.278,0.0,1.0,3.597122302158273,0.0,1.0
prefill,general,3,15,12,8,previous_window,1500,8,0.2648333333333333,0.0,1.0,3.775959723096287,0.00133422281521014,0.998233476552356
prefill,general,3,15,12,8,static,1500,8,0.16475,0.0,1.0,6.0698027314112295,0.0,1.0
prefill,general,3,15,12,8,transition,1500,8,0.39808333333333334,0.0,1.0,2.5120368432070337,0.4399599733155437,0.4330764780397936
prefill,general,3,15,12,16,domain_oracle,1500,8,0.4683333333333333,0.006,2.0,4.270462633451957,0.0,1.0
prefill,general,3,15,12,16,previous_window,1500,8,0.43816666666666665,0.004666666666666667,2.0,4.564473183720046,0.0009172781854569713,0.9986555075271734
prefill,general,3,15,12,16,static,1500,8,0.35208333333333336,0.0,2.0,5.680473372781065,0.0,1.0
prefill,general,3,15,12,16,transition,1500,8,0.6406666666666667,0.07466666666666667,2.0,3.121748178980229,0.35565376917945296,0.5037990159278873
prefill,general,3,15,12,32,domain_oracle,1500,8,0.7421666666666666,0.188,4.0,5.389624971929036,0.0,1.0
prefill,general,3,15,12,32,previous_window,1500,8,0.7125833333333333,0.12133333333333333,4.0,5.6133785522161155,0.0005837224816544363,0.9990565695983343
prefill,general,3,15,12,32,static,1500,8,0.6706666666666666,0.04933333333333333,4.0,5.964214711729622,0.0,1.0
prefill,general,3,15,12,32,transition,1500,8,0.8664166666666666,0.40066666666666667,4.0,4.616716360488603,0.21412191460973984,0.6600952901369713
prefill,general,4,5,1,8,domain_oracle,1500,8,0.2595,0.0,1.0,3.8535645472061657,0.0,1.0
prefill,general,4,5,1,8,previous_window,1500,8,0.20125,0.0,1.0,4.968944099378882,0.0015843895930620414,0.9980379860299807
prefill,general,4,5,1,8,static,1500,8,0.12683333333333333,0.0,1.0,7.884362680683312,0.0,1.0
prefill,general,4,5,1,8,transition,1500,8,0.45075,0.0,1.0,2.218524681087077,0.4909106070713809,0.3862722852716212
prefill,general,4,5,1,16,domain_oracle,1500,8,0.428,0.002,2.0,4.672897196261682,0.0,1.0
prefill,general,4,5,1,16,previous_window,1500,8,0.37166666666666665,0.0,2.0,5.381165919282512,0.0012925283522348232,0.9982628032214713
prefill,general,4,5,1,16,static,1500,8,0.3065,0.0,2.0,6.525285481239805,0.0,1.0
prefill,general,4,5,1,16,transition,1500,8,0.68575,0.07666666666666666,2.0,2.916514764855997,0.36382588392261506,0.5046511829484635
prefill,general,4,5,1,32,domain_oracle,1500,8,0.695,0.06466666666666666,4.0,5.755395683453237,0.0,1.0
prefill,general,4,5,1,32,previous_window,1500,8,0.6374166666666666,0.032,4.0,6.275330108510916,0.0007505003335557038,0.9988409376281994
prefill,general,4,5,1,32,static,1500,8,0.6195833333333334,0.054,4.0,6.4559515803631475,0.0,1.0
prefill,general,4,5,1,32,transition,1500,8,0.9025,0.478,4.0,4.43213296398892,0.23765843895930622,0.6349958688708407
prefill,general,4,6,2,8,domain_oracle,1500,8,0.22325,0.0,1.0,4.479283314669653,0.0,1.0
prefill,general,4,6,2,8,previous_window,1500,8,0.24491666666666667,0.0,1.0,4.0830214358625385,0.0014176117411607739,0.9981526145635552
prefill,general,4,6,2,8,static,1500,8,0.12625,0.0,1.0,7.920792079207921,0.0,1.0
prefill,general,4,6,2,8,transition,1500,8,0.46216666666666667,0.0006666666666666666,1.0,2.163721601153985,0.48749166110740494,0.39062908776051225
prefill,general,4,6,2,16,domain_oracle,1500,8,0.43475,0.0013333333333333333,2.0,4.6003450258769405,0.0,1.0
prefill,general,4,6,2,16,previous_window,1500,8,0.39458333333333334,0.0006666666666666666,2.0,5.068637803590285,0.0014176117411607739,0.9981557084135614
prefill,general,4,6,2,16,static,1500,8,0.28391666666666665,0.0,2.0,7.044320516583505,0.0,1.0
prefill,general,4,6,2,16,transition,1500,8,0.668,0.04533333333333334,2.0,2.9940119760479043,0.3560290193462308,0.5131568035482679
prefill,general,4,6,2,32,domain_oracle,1500,8,0.7180833333333333,0.08333333333333333,4.0,5.570384124405246,0.0,1.0
prefill,general,4,6,2,32,previous_window,1500,8,0.6701666666666667,0.04066666666666666,4.0,5.968664511315593,0.0007088058705803869,0.9988971154309451
prefill,general,4,6,2,32,static,1500,8,0.6469166666666667,0.054,4.0,6.183176606981837,0.0,1.0
prefill,general,4,6,2,32,transition,1500,8,0.8974166666666666,0.472,4.0,4.45723836939363,0.2207513342228152,0.655127328754954
prefill,general,4,7,3,8,domain_oracle,1500,8,0.24383333333333335,0.0,1.0,4.101161995898838,0.0,1.0
prefill,general,4,7,3,8,previous_window,1500,8,0.252,0.0,1.0,3.9682539682539684,0.0007505003335557038,0.9988733229560448
prefill,general,4,7,3,8,static,1500,8,0.14491666666666667,0.0,1.0,6.900517538815411,0.0,1.0
prefill,general,4,7,3,8,transition,1500,8,0.48541666666666666,0.0,1.0,2.060085836909871,0.4922448298865911,0.3847755239349667
prefill,general,4,7,3,16,domain_oracle,1500,8,0.42383333333333334,0.0006666666666666666,2.0,4.71883602044829,0.0,1.0
prefill,general,4,7,3,16,previous_window,1500,8,0.39008333333333334,0.0013333333333333333,2.0,5.127109591967528,0.0010840560373582388,0.9984782677754803
prefill,general,4,7,3,16,static,1500,8,0.33508333333333334,0.0,2.0,5.968664511315593,0.0,1.0
prefill,general,4,7,3,16,transition,1500,8,0.7014166666666667,0.06933333333333333,2.0,2.851372222882262,0.3812124749833222,0.48135609995431367
prefill,general,4,7,3,32,domain_oracle,1500,8,0.70575,0.096,4.0,5.667729365922777,0.0,1.0
prefill,general,4,7,3,32,previous_window,1500,8,0.6696666666666666,0.05333333333333334,4.0,5.973120955699353,0.0007296531020680453,0.998855760596108
prefill,general,4,7,3,32,static,1500,8,0.6171666666666666,0.036,4.0,6.481231433972455,0.0,1.0
prefill,general,4,7,3,32,transition,1500,8,0.8909166666666667,0.44266666666666665,4.0,4.48975774015527,0.2372623415610407,0.6362592403878563
prefill,general,4,8,4,8,domain_oracle,1500,8,0.25616666666666665,0.0,1.0,3.903708523096942,0.0,1.0
prefill,general,4,8,4,8,previous_window,1500,8,0.22466666666666665,0.0,1.0,4.451038575667655,0.0015010006671114075,0.998084192880724
prefill,general,4,8,4,8,static,1500,8,0.14733333333333334,0.0,1.0,6.787330316742081,0.0,1.0
prefill,general,4,8,4,8,transition,1500,8,0.513,0.0013333333333333333,1.0,1.949317738791423,0.5019179452968646,0.38979863809750687
prefill,general,4,8,4,16,domain_oracle,1500,8,0.43266666666666664,0.0033333333333333335,2.0,4.622496147919877,0.0,1.0
prefill,general,4,8,4,16,previous_window,1500,8,0.38275,0.0,2.0,5.225342913128674,0.0012925283522348232,0.9982721496774345
prefill,general,4,8,4,16,static,1500,8,0.319,0.0,2.0,6.269592476489028,0.0,1.0
prefill,general,4,8,4,16,transition,1500,8,0.7378333333333333,0.13066666666666665,2.0,2.710639259091936,0.39809873248832556,0.4740049425705453
prefill,general,4,8,4,32,domain_oracle,1500,8,0.70125,0.11533333333333333,4.0,5.704099821746881,0.0,1.0
prefill,general,4,8,4,32,previous_window,1500,8,0.6753333333333333,0.05466666666666667,4.0,5.923000987166831,0.00066711140760507,0.9989365315582794
prefill,general,4,8,4,32,static,1500,8,0.6523333333333333,0.07133333333333333,4.0,6.131834440470107,0.0,1.0
prefill,general,4,8,4,32,transition,1500,8,0.9364166666666667,0.6573333333333333,4.0,4.2716027409450925,0.24324549699799866,0.6289899864037033
prefill,general,4,9,5,8,domain_oracle,1500,8,0.22833333333333333,0.0,1.0,4.37956204379562,0.0,1.0
prefill,general,4,9,5,8,previous_window,1500,8,0.19841666666666666,0.0,1.0,5.03989920201596,0.001751167444963309,0.9979160710314813
prefill,general,4,9,5,8,static,1500,8,0.11541666666666667,0.0,1.0,8.664259927797834,0.0,1.0
prefill,general,4,9,5,8,transition,1500,8,0.5300833333333334,0.0026666666666666666,1.0,1.8864958339883666,0.5290193462308206,0.3596515707256211
prefill,general,4,9,5,16,domain_oracle,1500,8,0.3904166666666667,0.0,2.0,5.122732123799359,0.0,1.0
prefill,general,4,9,5,16,previous_window,1500,8,0.361,0.0,2.0,5.54016620498615,0.001042361574382922,0.9985324566746505
prefill,general,4,9,5,16,static,1500,8,0.2708333333333333,0.0,2.0,7.384615384615385,0.0,1.0
prefill,general,4,9,5,16,transition,1500,8,0.7825833333333333,0.212,2.0,2.5556383771696307,0.4428785857238159,0.4316950171436487
prefill,general,4,9,5,32,domain_oracle,1500,8,0.6719166666666667,0.08866666666666667,4.0,5.9531191864070445,0.0,1.0
prefill,general,4,9,5,32,previous_window,1500,8,0.6606666666666666,0.058666666666666666,4.0,6.054490413723512,0.0006045697131420948,0.9990305359824279
prefill,general,4,9,5,32,static,1500,8,0.5885833333333333,0.021333333333333333,4.0,6.795979045731276,0.0,1.0
prefill,general,4,9,5,32,transition,1500,8,0.9464166666666667,0.7033333333333334,4.0,4.226468257462358,0.279477985323549,0.5908763223381075
prefill,general,4,10,6,8,domain_oracle,1500,8,0.2520833333333333,0.0,1.0,3.9669421487603307,0.0,1.0
prefill,general,4,10,6,8,previous_window,1500,8,0.22458333333333333,0.0,1.0,4.452690166975882,0.00133422281521014,0.9982459168583251
prefill,general,4,10,6,8,static,1500,8,0.17033333333333334,0.0,1.0,5.870841487279844,0.0,1.0
prefill,general,4,10,6,8,transition,1500,8,0.5221666666666667,0.0033333333333333335,1.0,1.9150973507819982,0.5451967978652434,0.35097001434559777
prefill,general,4,10,6,16,domain_oracle,1500,8,0.41883333333333334,0.0026666666666666666,2.0,4.77516912057302,0.0,1.0
prefill,general,4,10,6,16,previous_window,1500,8,0.38866666666666666,0.0033333333333333335,2.0,5.145797598627787,0.0011674449633088727,0.9983867782110087
prefill,general,4,10,6,16,static,1500,8,0.293,0.0,2.0,6.825938566552901,0.0,1.0
prefill,general,4,10,6,16,transition,1500,8,0.7464166666666666,0.15933333333333333,2.0,2.6794685720665403,0.4269096064042695,0.44232581094652107
prefill,general,4,10,6,32,domain_oracle,1500,8,0.6685,0.13,4.0,5.983545250560957,0.0,1.0
prefill,general,4,10,6,32,previous_window,1500,8,0.65075,0.12,4.0,6.146753745678064,0.0007296531020680453,0.9988594885549066
prefill,general,4,10,6,32,static,1500,8,0.6050833333333333,0.020666666666666667,4.0,6.610659688748107,0.0,1.0
prefill,general,4,10,6,32,transition,1500,8,0.9226666666666666,0.5813333333333334,4.0,4.335260115606936,0.2641552701801201,0.6090889517197154
prefill,general,4,11,7,8,domain_oracle,1500,8,0.232,0.0,1.0,4.310344827586207,0.0,1.0
prefill,general,4,11,7,8,previous_window,1500,8,0.1885,0.0,1.0,5.305039787798409,0.0018345563709139426,0.9978300552016361
prefill,general,4,11,7,8,static,1500,8,0.15716666666666668,0.0,1.0,6.362672322375397,0.0,1.0
prefill,general,4,11,7,8,transition,1500,8,0.46016666666666667,0.0006666666666666666,1.0,2.1731256791017746,0.45947298198799197,0.4166997482541224
prefill,general,4,11,7,16,domain_oracle,1500,8,0.4211666666666667,0.0006666666666666666,2.0,4.748713889988128,0.0,1.0
prefill,general,4,11,7,16,previous_window,1500,8,0.37366666666666665,0.0006666666666666666,2.0,5.352363960749331,0.0012925283522348232,0.9982628032214713
prefill,general,4,11,7,16,static,1500,8,0.31708333333333333,0.0006666666666666666,2.0,6.307490144546649,0.0,1.0
prefill,general,4,11,7,16,transition,1500,8,0.6806666666666666,0.078,2.0,2.9382957884427032,0.3552368245496998,0.508501055148095
prefill,general,4,11,7,32,domain_oracle,1500,8,0.6871666666666667,0.11066666666666666,4.0,5.821004123211254,0.0,1.0
prefill,general,4,11,7,32,previous_window,1500,8,0.6855,0.09933333333333333,4.0,5.835156819839534,0.0006045697131420948,0.9990245161973683
prefill,general,4,11,7,32,static,1500,8,0.5918333333333333,0.028666666666666667,4.0,6.758659532526049,0.0,1.0
prefill,general,4,11,7,32,transition,1500,8,0.8913333333333333,0.45266666666666666,4.0,4.487658937920718,0.22829803202134757,0.6497754464080175
prefill,general,4,12,8,8,domain_oracle,1500,8,0.25566666666666665,0.0,1.0,3.911342894393742,0.0,1.0
prefill,general,4,12,8,8,previous_window,1500,8,0.22441666666666665,0.0,1.0,4.455997029335314,0.0014176117411607739,0.998193667573254
prefill,general,4,12,8,8,static,1500,8,0.20025,0.0,1.0,4.9937578027465666,0.0,1.0
prefill,general,4,12,8,8,transition,1500,8,0.44866666666666666,0.0006666666666666666,1.0,2.2288261515601784,0.44221147431621083,0.4243474559685419
prefill,general,4,12,8,16,domain_oracle,1500,8,0.43866666666666665,0.0013333333333333333,2.0,4.5592705167173255,0.0,1.0
prefill,general,4,12,8,16,previous_window,1500,8,0.418,0.006666666666666667,2.0,4.784688995215311,0.0009589726484322882,0.9986033477114487
prefill,general,4,12,8,16,static,1500,8,0.3446666666666667,0.002,2.0,5.802707930367505,0.0,1.0
prefill,general,4,12,8,16,transition,1500,8,0.689,0.102,2.0,2.9027576197387517,0.34489659773182124,0.5211077784178055
prefill,general,4,12,8,32,domain_oracle,1500,8,0.6798333333333333,0.12,4.0,5.883795047805835,0.0,1.0
prefill,general,4,12,8,32,previous_window,1500,8,0.6755833333333333,0.098,4.0,5.920809177254225,0.0006462641761174116,0.9989720663534213
prefill,general,4,12,8,32,static,1500,8,0.6251666666666666,0.09666666666666666,4.0,6.398293788323114,0.0,1.0
prefill,general,4,12,8,32,transition,1500,8,0.8960833333333333,0.49933333333333335,4.0,4.463870547754115,0.24028519012675117,0.6334742837664951
prefill,general,4,13,9,8,domain_oracle,1500,8,0.21708333333333332,0.0,1.0,4.606525911708253,0.0,1.0
prefill,general,4,13,9,8,previous_window,1500,8,0.1885,0.0,1.0,5.305039787798409,0.0018345563709139426,0.9978300552016363
prefill,general,4,13,9,8,static,1500,8,0.11183333333333334,0.0,1.0,8.941877794336811,0.0,1.0
prefill,general,4,13,9,8,transition,1500,8,0.3909166666666667,0.0006666666666666666,1.0,2.558089959496909,0.4759006004002668,0.406274327555187
prefill,general,4,13,9,16,domain_oracle,1500,8,0.40258333333333335,0.0013333333333333333,2.0,4.967915545435727,0.0,1.0
prefill,general,4,13,9,16,previous_window,1500,8,0.3893333333333333,0.0013333333333333333,2.0,5.136986301369863,0.001042361574382922,0.9985022953378669
prefill,general,4,13,9,16,static,1500,8,0.25975,0.0006666666666666666,2.0,7.699711260827719,0.0,1.0
prefill,general,4,13,9,16,transition,1500,8,0.5845833333333333,0.035333333333333335,2.0,3.421240199572345,0.3418112074716478,0.5197797205291427
prefill,general,4,13,9,32,domain_oracle,1500,8,0.6899166666666666,0.08866666666666667,4.0,5.797801666867979,0.0,1.0
prefill,general,4,13,9,32,previous_window,1500,8,0.6634166666666667,0.068,4.0,6.029393292299963,0.0007296531020680453,0.9988734747166113
prefill,general,4,13,9,32,static,1500,8,0.6194166666666666,0.038,4.0,6.4576886855912825,0.0,1.0
prefill,general,4,13,9,32,transition,1500,8,0.8319166666666666,0.328,4.0,4.808173895622558,0.21205803869246165,0.66551892462811
prefill,general,4,14,10,8,domain_oracle,1500,8,0.2559166666666667,0.0,1.0,3.9075219798111362,0.0,1.0
prefill,general,4,14,10,8,previous_window,1500,8,0.2255,0.0,1.0,4.434589800443459,0.0015843895930620414,0.9980255457240115
prefill,general,4,14,10,8,static,1500,8,0.13841666666666666,0.0,1.0,7.2245635159542445,0.0,1.0
prefill,general,4,14,10,8,transition,1500,8,0.44075,0.004,1.0,2.2688598979013044,0.5035857238158773,0.38150902540495873
prefill,general,4,14,10,16,domain_oracle,1500,8,0.42075,0.008,2.0,4.753416518122401,0.0,1.0
prefill,general,4,14,10,16,previous_window,1500,8,0.40408333333333335,0.004,2.0,4.949474118374923,0.0011257505003335556,0.9984254513360875
prefill,general,4,14,10,16,static,1500,8,0.34341666666666665,0.0006666666666666666,2.0,5.823829167677748,0.0,1.0
prefill,general,4,14,10,16,transition,1500,8,0.65175,0.08733333333333333,2.0,3.0686612965093976,0.38229653102068045,0.48376413158345605
prefill,general,4,14,10,32,domain_oracle,1500,8,0.7023333333333334,0.11333333333333333,4.0,5.695301376364499,0.0,1.0
prefill,general,4,14,10,32,previous_window,1500,8,0.67875,0.06733333333333333,4.0,5.893186003683241,0.0006879586390927285,0.9989274818108076
prefill,general,4,14,10,32,static,1500,8,0.62075,0.04066666666666666,4.0,6.443817962142569,0.0,1.0
prefill,general,4,14,10,32,transition,1500,8,0.8600833333333333,0.36533333333333334,4.0,4.650712140296483,0.21591477651767846,0.6626311416873193
prefill,general,4,15,11,8,domain_oracle,1500,8,0.278,0.0,1.0,3.597122302158273,0.0,1.0
prefill,general,4,15,11,8,previous_window,1500,8,0.2648333333333333,0.0,1.0,3.775959723096287,0.00133422281521014,0.998233476552356
prefill,general,4,15,11,8,static,1500,8,0.16475,0.0,1.0,6.0698027314112295,0.0,1.0
prefill,general,4,15,11,8,transition,1500,8,0.38266666666666665,0.0013333333333333333,1.0,2.6132404181184667,0.38200466977985326,0.4883053644894963
prefill,general,4,15,11,16,domain_oracle,1500,8,0.4683333333333333,0.006,2.0,4.270462633451957,0.0,1.0
prefill,general,4,15,11,16,previous_window,1500,8,0.43816666666666665,0.004666666666666667,2.0,4.564473183720046,0.0009172781854569713,0.9986555075271734
prefill,general,4,15,11,16,static,1500,8,0.35208333333333336,0.0,2.0,5.680473372781065,0.0,1.0
prefill,general,4,15,11,16,transition,1500,8,0.6303333333333333,0.06266666666666666,2.0,3.1729243786356425,0.31929619746497667,0.5432064066109089
prefill,general,4,15,11,32,domain_oracle,1500,8,0.7421666666666666,0.188,4.0,5.389624971929036,0.0,1.0
prefill,general,4,15,11,32,previous_window,1500,8,0.7125833333333333,0.12133333333333333,4.0,5.6133785522161155,0.0005837224816544363,0.9990565695983343
prefill,general,4,15,11,32,static,1500,8,0.6706666666666666,0.04933333333333333,4.0,5.964214711729622,0.0,1.0
prefill,general,4,15,11,32,transition,1500,8,0.8630833333333333,0.4206666666666667,4.0,4.6345466834025295,0.19202384923282187,0.6921364757680556
prefill,general,5,6,1,8,domain_oracle,1500,8,0.22325,0.0,1.0,4.479283314669653,0.0,1.0
prefill,general,5,6,1,8,previous_window,1500,8,0.24491666666666667,0.0,1.0,4.0830214358625385,0.0014176117411607739,0.9981526145635552
prefill,general,5,6,1,8,static,1500,8,0.12625,0.0,1.0,7.920792079207921,0.0,1.0
prefill,general,5,6,1,8,transition,1500,8,0.49291666666666667,0.0006666666666666666,1.0,2.0287404902789516,0.48749166110740494,0.3955361220204476
prefill,general,5,6,1,16,domain_oracle,1500,8,0.43475,0.0013333333333333333,2.0,4.6003450258769405,0.0,1.0
prefill,general,5,6,1,16,previous_window,1500,8,0.39458333333333334,0.0006666666666666666,2.0,5.068637803590285,0.0014176117411607739,0.9981557084135614
prefill,general,5,6,1,16,static,1500,8,0.28391666666666665,0.0,2.0,7.044320516583505,0.0,1.0
prefill,general,5,6,1,16,transition,1500,8,0.7135833333333333,0.09133333333333334,2.0,2.802756043442719,0.3709139426284189,0.4982342031596598
prefill,general,5,6,1,32,domain_oracle,1500,8,0.7180833333333333,0.08333333333333333,4.0,5.570384124405246,0.0,1.0
prefill,general,5,6,1,32,previous_window,1500,8,0.6701666666666667,0.04066666666666666,4.0,5.968664511315593,0.0007088058705803869,0.9988971154309451
prefill,general,5,6,1,32,static,1500,8,0.6469166666666667,0.054,4.0,6.183176606981837,0.0,1.0
prefill,general,5,6,1,32,transition,1500,8,0.9096666666666666,0.5253333333333333,4.0,4.397215097105167,0.22110573715810541,0.6559062868311727
prefill,general,5,7,2,8,domain_oracle,1500,8,0.24383333333333335,0.0,1.0,4.101161995898838,0.0,1.0
prefill,general,5,7,2,8,previous_window,1500,8,0.252,0.0,1.0,3.9682539682539684,0.0007505003335557038,0.9988733229560448
prefill,general,5,7,2,8,static,1500,8,0.14491666666666667,0.0,1.0,6.900517538815411,0.0,1.0
prefill,general,5,7,2,8,transition,1500,8,0.5216666666666666,0.0,1.0,1.9169329073482428,0.49808205470313544,0.38644603487832535
prefill,general,5,7,2,16,domain_oracle,1500,8,0.42383333333333334,0.0006666666666666666,2.0,4.71883602044829,0.0,1.0
prefill,general,5,7,2,16,previous_window,1500,8,0.39008333333333334,0.0013333333333333333,2.0,5.127109591967528,0.0010840560373582388,0.9984782677754803
prefill,general,5,7,2,16,static,1500,8,0.33508333333333334,0.0,2.0,5.968664511315593,0.0,1.0
prefill,general,5,7,2,16,transition,1500,8,0.72525,0.088,2.0,2.757669769045157,0.3776684456304203,0.4881315699628264
prefill,general,5,7,2,32,domain_oracle,1500,8,0.70575,0.096,4.0,5.667729365922777,0.0,1.0
prefill,general,5,7,2,32,previous_window,1500,8,0.6696666666666666,0.05333333333333334,4.0,5.973120955699353,0.0007296531020680453,0.998855760596108
prefill,general,5,7,2,32,static,1500,8,0.6171666666666666,0.036,4.0,6.481231433972455,0.0,1.0
prefill,general,5,7,2,32,transition,1500,8,0.9076666666666666,0.502,4.0,4.406904149834741,0.22723482321547697,0.6501016396999328
prefill,general,5,8,3,8,domain_oracle,1500,8,0.25616666666666665,0.0,1.0,3.903708523096942,0.0,1.0
prefill,general,5,8,3,8,previous_window,1500,8,0.22466666666666665,0.0,1.0,4.451038575667655,0.0015010006671114075,0.998084192880724
prefill,general,5,8,3,8,static,1500,8,0.14733333333333334,0.0,1.0,6.787330316742081,0.0,1.0
prefill,general,5,8,3,8,transition,1500,8,0.5394166666666667,0.005333333333333333,1.0,1.8538544724239148,0.5336057371581054,0.35936020098795374
prefill,general,5,8,3,16,domain_oracle,1500,8,0.43266666666666664,0.0033333333333333335,2.0,4.622496147919877,0.0,1.0
prefill,general,5,8,3,16,previous_window,1500,8,0.38275,0.0,2.0,5.225342913128674,0.0012925283522348232,0.9982721496774345
prefill,general,5,8,3,16,static,1500,8,0.319,0.0,2.0,6.269592476489028,0.0,1.0
prefill,general,5,8,3,16,transition,1500,8,0.757,0.15533333333333332,2.0,2.642007926023778,0.4019346230820547,0.4709386054873181
prefill,general,5,8,3,32,domain_oracle,1500,8,0.70125,0.11533333333333333,4.0,5.704099821746881,0.0,1.0
prefill,general,5,8,3,32,previous_window,1500,8,0.6753333333333333,0.05466666666666667,4.0,5.923000987166831,0.00066711140760507,0.9989365315582794
prefill,general,5,8,3,32,static,1500,8,0.6523333333333333,0.07133333333333333,4.0,6.131834440470107,0.0,1.0
prefill,general,5,8,3,32,transition,1500,8,0.937,0.648,4.0,4.268943436499466,0.2326967978652435,0.6437182407418219
prefill,general,5,9,4,8,domain_oracle,1500,8,0.22833333333333333,0.0,1.0,4.37956204379562,0.0,1.0
prefill,general,5,9,4,8,previous_window,1500,8,0.19841666666666666,0.0,1.0,5.03989920201596,0.001751167444963309,0.9979160710314813
prefill,general,5,9,4,8,static,1500,8,0.11541666666666667,0.0,1.0,8.664259927797834,0.0,1.0
prefill,general,5,9,4,8,transition,1500,8,0.5408333333333334,0.002,1.0,1.8489984591679507,0.537358238825884,0.35070644276781726
prefill,general,5,9,4,16,domain_oracle,1500,8,0.3904166666666667,0.0,2.0,5.122732123799359,0.0,1.0
prefill,general,5,9,4,16,previous_window,1500,8,0.361,0.0,2.0,5.54016620498615,0.001042361574382922,0.9985324566746505
prefill,general,5,9,4,16,static,1500,8,0.2708333333333333,0.0,2.0,7.384615384615385,0.0,1.0
prefill,general,5,9,4,16,transition,1500,8,0.7963333333333333,0.25266666666666665,2.0,2.5115110925073254,0.44600567044696465,0.4319655091897182
prefill,general,5,9,4,32,domain_oracle,1500,8,0.6719166666666667,0.08866666666666667,4.0,5.9531191864070445,0.0,1.0
prefill,general,5,9,4,32,previous_window,1500,8,0.6606666666666666,0.058666666666666666,4.0,6.054490413723512,0.0006045697131420948,0.9990305359824279
prefill,general,5,9,4,32,static,1500,8,0.5885833333333333,0.021333333333333333,4.0,6.795979045731276,0.0,1.0
prefill,general,5,9,4,32,transition,1500,8,0.94275,0.6746666666666666,4.0,4.242906390877751,0.2753085390260173,0.5964136513684496
prefill,general,5,10,5,8,domain_oracle,1500,8,0.2520833333333333,0.0,1.0,3.9669421487603307,0.0,1.0
prefill,general,5,10,5,8,previous_window,1500,8,0.22458333333333333,0.0,1.0,4.452690166975882,0.00133422281521014,0.9982459168583251
prefill,general,5,10,5,8,static,1500,8,0.17033333333333334,0.0,1.0,5.870841487279844,0.0,1.0
prefill,general,5,10,5,8,transition,1500,8,0.5345833333333333,0.0026666666666666666,1.0,1.8706157443491815,0.5566210807204803,0.34329332368024823
prefill,general,5,10,5,16,domain_oracle,1500,8,0.41883333333333334,0.0026666666666666666,2.0,4.77516912057302,0.0,1.0
prefill,general,5,10,5,16,previous_window,1500,8,0.38866666666666666,0.0033333333333333335,2.0,5.145797598627787,0.0011674449633088727,0.9983867782110087
prefill,general,5,10,5,16,static,1500,8,0.293,0.0,2.0,6.825938566552901,0.0,1.0
prefill,general,5,10,5,16,transition,1500,8,0.7473333333333333,0.15133333333333332,2.0,2.6761819803746656,0.4337891927951968,0.439547833665864
prefill,general,5,10,5,32,domain_oracle,1500,8,0.6685,0.13,4.0,5.983545250560957,0.0,1.0
prefill,general,5,10,5,32,previous_window,1500,8,0.65075,0.12,4.0,6.146753745678064,0.0007296531020680453,0.9988594885549066
prefill,general,5,10,5,32,static,1500,8,0.6050833333333333,0.020666666666666667,4.0,6.610659688748107,0.0,1.0
prefill,general,5,10,5,32,transition,1500,8,0.9210833333333334,0.5833333333333334,4.0,4.342712385777617,0.2589851567711808,0.6196022194446327
prefill,general,5,11,6,8,domain_oracle,1500,8,0.232,0.0,1.0,4.310344827586207,0.0,1.0
prefill,general,5,11,6,8,previous_window,1500,8,0.1885,0.0,1.0,5.305039787798409,0.0018345563709139426,0.9978300552016361
prefill,general,5,11,6,8,static,1500,8,0.15716666666666668,0.0,1.0,6.362672322375397,0.0,1.0
prefill,general,5,11,6,8,transition,1500,8,0.46891666666666665,0.0006666666666666666,1.0,2.1325750844144302,0.47665110073382255,0.40326885330221335
prefill,general,5,11,6,16,domain_oracle,1500,8,0.4211666666666667,0.0006666666666666666,2.0,4.748713889988128,0.0,1.0
prefill,general,5,11,6,16,previous_window,1500,8,0.37366666666666665,0.0006666666666666666,2.0,5.352363960749331,0.0012925283522348232,0.9982628032214713
prefill,general,5,11,6,16,static,1500,8,0.31708333333333333,0.0006666666666666666,2.0,6.307490144546649,0.0,1.0
prefill,general,5,11,6,16,transition,1500,8,0.6958333333333333,0.098,2.0,2.874251497005988,0.36941294196130753,0.49800201453022314
prefill,general,5,11,6,32,domain_oracle,1500,8,0.6871666666666667,0.11066666666666666,4.0,5.821004123211254,0.0,1.0
prefill,general,5,11,6,32,previous_window,1500,8,0.6855,0.09933333333333333,4.0,5.835156819839534,0.0006045697131420948,0.9990245161973683
prefill,general,5,11,6,32,static,1500,8,0.5918333333333333,0.028666666666666667,4.0,6.758659532526049,0.0,1.0
prefill,general,5,11,6,32,transition,1500,8,0.9015,0.498,4.0,4.437049362174154,0.22925700466977986,0.6499859835796532
prefill,general,5,12,7,8,domain_oracle,1500,8,0.25566666666666665,0.0,1.0,3.911342894393742,0.0,1.0
prefill,general,5,12,7,8,previous_window,1500,8,0.22441666666666665,0.0,1.0,4.455997029335314,0.0014176117411607739,0.998193667573254
prefill,general,5,12,7,8,static,1500,8,0.20025,0.0,1.0,4.9937578027465666,0.0,1.0
prefill,general,5,12,7,8,transition,1500,8,0.4713333333333333,0.0026666666666666666,1.0,2.1216407355021216,0.4607238158772515,0.41717942571845595
prefill,general,5,12,7,16,domain_oracle,1500,8,0.43866666666666665,0.0013333333333333333,2.0,4.5592705167173255,0.0,1.0
prefill,general,5,12,7,16,previous_window,1500,8,0.418,0.006666666666666667,2.0,4.784688995215311,0.0009589726484322882,0.9986033477114487
prefill,general,5,12,7,16,static,1500,8,0.3446666666666667,0.002,2.0,5.802707930367505,0.0,1.0
prefill,general,5,12,7,16,transition,1500,8,0.7016666666666667,0.116,2.0,2.8503562945368173,0.35465310206804534,0.5144756379957468
prefill,general,5,12,7,32,domain_oracle,1500,8,0.6798333333333333,0.12,4.0,5.883795047805835,0.0,1.0
prefill,general,5,12,7,32,previous_window,1500,8,0.6755833333333333,0.098,4.0,5.920809177254225,0.0006462641761174116,0.9989720663534213
prefill,general,5,12,7,32,static,1500,8,0.6251666666666666,0.09666666666666666,4.0,6.398293788323114,0.0,1.0
prefill,general,5,12,7,32,transition,1500,8,0.91025,0.5546666666666666,4.0,4.394397143641856,0.2444337891927952,0.6298675120807732
prefill,general,5,13,8,8,domain_oracle,1500,8,0.21708333333333332,0.0,1.0,4.606525911708253,0.0,1.0
prefill,general,5,13,8,8,previous_window,1500,8,0.1885,0.0,1.0,5.305039787798409,0.0018345563709139426,0.9978300552016363
prefill,general,5,13,8,8,static,1500,8,0.11183333333333334,0.0,1.0,8.941877794336811,0.0,1.0
prefill,general,5,13,8,8,transition,1500,8,0.40575,0.0006666666666666666,1.0,2.4645717806531113,0.4898265510340227,0.39514105344659445
prefill,general,5,13,8,16,domain_oracle,1500,8,0.40258333333333335,0.0013333333333333333,2.0,4.967915545435727,0.0,1.0
prefill,general,5,13,8,16,previous_window,1500,8,0.3893333333333333,0.0013333333333333333,2.0,5.136986301369863,0.001042361574382922,0.9985022953378669
prefill,general,5,13,8,16,static,1500,8,0.25975,0.0006666666666666666,2.0,7.699711260827719,0.0,1.0
prefill,general,5,13,8,16,transition,1500,8,0.6146666666666667,0.03866666666666667,2.0,3.2537960954446854,0.3496914609739827,0.5164537834428736
prefill,general,5,13,8,32,domain_oracle,1500,8,0.6899166666666666,0.08866666666666667,4.0,5.797801666867979,0.0,1.0
prefill,general,5,13,8,32,previous_window,1500,8,0.6634166666666667,0.068,4.0,6.029393292299963,0.0007296531020680453,0.9988734747166113
prefill,general,5,13,8,32,static,1500,8,0.6194166666666666,0.038,4.0,6.4576886855912825,0.0,1.0
prefill,general,5,13,8,32,transition,1500,8,0.8471666666666666,0.3486666666666667,4.0,4.721621089907535,0.22540026684456305,0.6489782845485453
prefill,general,5,14,9,8,domain_oracle,1500,8,0.2559166666666667,0.0,1.0,3.9075219798111362,0.0,1.0
prefill,general,5,14,9,8,previous_window,1500,8,0.2255,0.0,1.0,4.434589800443459,0.0015843895930620414,0.9980255457240115
prefill,general,5,14,9,8,static,1500,8,0.13841666666666666,0.0,1.0,7.2245635159542445,0.0,1.0
prefill,general,5,14,9,8,transition,1500,8,0.46641666666666665,0.0013333333333333333,1.0,2.1440057173485796,0.5206804536357572,0.36474866027901504
prefill,general,5,14,9,16,domain_oracle,1500,8,0.42075,0.008,2.0,4.753416518122401,0.0,1.0
prefill,general,5,14,9,16,previous_window,1500,8,0.40408333333333335,0.004,2.0,4.949474118374923,0.0011257505003335556,0.9984254513360875
prefill,general,5,14,9,16,static,1500,8,0.34341666666666665,0.0006666666666666666,2.0,5.823829167677748,0.0,1.0
prefill,general,5,14,9,16,transition,1500,8,0.6819166666666666,0.09933333333333333,2.0,2.9329096908224366,0.38521514342895263,0.48314398801186315
prefill,general,5,14,9,32,domain_oracle,1500,8,0.7023333333333334,0.11333333333333333,4.0,5.695301376364499,0.0,1.0
prefill,general,5,14,9,32,previous_window,1500,8,0.67875,0.06733333333333333,4.0,5.893186003683241,0.0006879586390927285,0.9989274818108076
prefill,general,5,14,9,32,static,1500,8,0.62075,0.04066666666666666,4.0,6.443817962142569,0.0,1.0
prefill,general,5,14,9,32,transition,1500,8,0.8743333333333333,0.41133333333333333,4.0,4.574914220358369,0.22510840560373582,0.6520255171741951
prefill,general,5,15,10,8,domain_oracle,1500,8,0.278,0.0,1.0,3.597122302158273,0.0,1.0
prefill,general,5,15,10,8,previous_window,1500,8,0.2648333333333333,0.0,1.0,3.775959723096287,0.00133422281521014,0.998233476552356
prefill,general,5,15,10,8,static,1500,8,0.16475,0.0,1.0,6.0698027314112295,0.0,1.0
prefill,general,5,15,10,8,transition,1500,8,0.41075,0.0,1.0,2.4345709068776626,0.4172781854569713,0.4526828445440917
prefill,general,5,15,10,16,domain_oracle,1500,8,0.4683333333333333,0.006,2.0,4.270462633451957,0.0,1.0
prefill,general,5,15,10,16,previous_window,1500,8,0.43816666666666665,0.004666666666666667,2.0,4.564473183720046,0.0009172781854569713,0.9986555075271734
prefill,general,5,15,10,16,static,1500,8,0.35208333333333336,0.0,2.0,5.680473372781065,0.0,1.0
prefill,general,5,15,10,16,transition,1500,8,0.6585,0.082,2.0,3.0372057706909645,0.3163775850567045,0.5459194062273482
prefill,general,5,15,10,32,domain_oracle,1500,8,0.7421666666666666,0.188,4.0,5.389624971929036,0.0,1.0
prefill,general,5,15,10,32,previous_window,1500,8,0.7125833333333333,0.12133333333333333,4.0,5.6133785522161155,0.0005837224816544363,0.9990565695983343
prefill,general,5,15,10,32,static,1500,8,0.6706666666666666,0.04933333333333333,4.0,5.964214711729622,0.0,1.0
prefill,general,5,15,10,32,transition,1500,8,0.8744166666666666,0.424,4.0,4.574478223577623,0.2019888258839226,0.6785039033575584
prefill,general,6,7,1,8,domain_oracle,1500,8,0.24383333333333335,0.0,1.0,4.101161995898838,0.0,1.0
prefill,general,6,7,1,8,previous_window,1500,8,0.252,0.0,1.0,3.9682539682539684,0.0007505003335557038,0.9988733229560448
prefill,general,6,7,1,8,static,1500,8,0.14491666666666667,0.0,1.0,6.900517538815411,0.0,1.0
prefill,general,6,7,1,8,transition,1500,8,0.5404166666666667,0.0006666666666666666,1.0,1.8504240555127216,0.518679119412942,0.3698594489788639
prefill,general,6,7,1,16,domain_oracle,1500,8,0.42383333333333334,0.0006666666666666666,2.0,4.71883602044829,0.0,1.0
prefill,general,6,7,1,16,previous_window,1500,8,0.39008333333333334,0.0013333333333333333,2.0,5.127109591967528,0.0010840560373582388,0.9984782677754803
prefill,general,6,7,1,16,static,1500,8,0.33508333333333334,0.0,2.0,5.968664511315593,0.0,1.0
prefill,general,6,7,1,16,transition,1500,8,0.7425833333333334,0.10466666666666667,2.0,2.693300415217147,0.4046864576384256,0.46473358981580165
prefill,general,6,7,1,32,domain_oracle,1500,8,0.70575,0.096,4.0,5.667729365922777,0.0,1.0
prefill,general,6,7,1,32,previous_window,1500,8,0.6696666666666666,0.05333333333333334,4.0,5.973120955699353,0.0007296531020680453,0.998855760596108
prefill,general,6,7,1,32,static,1500,8,0.6171666666666666,0.036,4.0,6.481231433972455,0.0,1.0
prefill,general,6,7,1,32,transition,1500,8,0.9263333333333333,0.57,4.0,4.318100035984167,0.2486866244162775,0.6223543112795491
prefill,general,6,8,2,8,domain_oracle,1500,8,0.25616666666666665,0.0,1.0,3.903708523096942,0.0,1.0
prefill,general,6,8,2,8,previous_window,1500,8,0.22466666666666665,0.0,1.0,4.451038575667655,0.0015010006671114075,0.998084192880724
prefill,general,6,8,2,8,static,1500,8,0.14733333333333334,0.0,1.0,6.787330316742081,0.0,1.0
prefill,general,6,8,2,8,transition,1500,8,0.5831666666666667,0.009333333333333334,1.0,1.7147756501857674,0.5458639092728486,0.3542054713502352
prefill,general,6,8,2,16,domain_oracle,1500,8,0.43266666666666664,0.0033333333333333335,2.0,4.622496147919877,0.0,1.0
prefill,general,6,8,2,16,previous_window,1500,8,0.38275,0.0,2.0,5.225342913128674,0.0012925283522348232,0.9982721496774345
prefill,general,6,8,2,16,static,1500,8,0.319,0.0,2.0,6.269592476489028,0.0,1.0
prefill,general,6,8,2,16,transition,1500,8,0.7948333333333333,0.198,2.0,2.5162507863283707,0.42403268845897263,0.4511059804320089
prefill,general,6,8,2,32,domain_oracle,1500,8,0.70125,0.11533333333333333,4.0,5.704099821746881,0.0,1.0
prefill,general,6,8,2,32,previous_window,1500,8,0.6753333333333333,0.05466666666666667,4.0,5.923000987166831,0.00066711140760507,0.9989365315582794
prefill,general,6,8,2,32,static,1500,8,0.6523333333333333,0.07133333333333333,4.0,6.131834440470107,0.0,1.0
prefill,general,6,8,2,32,transition,1500,8,0.954,0.722,4.0,4.1928721174004195,0.2599858238825884,0.6100888078326705
prefill,general,6,9,3,8,domain_oracle,1500,8,0.22833333333333333,0.0,1.0,4.37956204379562,0.0,1.0
prefill,general,6,9,3,8,previous_window,1500,8,0.19841666666666666,0.0,1.0,5.03989920201596,0.001751167444963309,0.9979160710314813
prefill,general,6,9,3,8,static,1500,8,0.11541666666666667,0.0,1.0,8.664259927797834,0.0,1.0
prefill,general,6,9,3,8,transition,1500,8,0.5786666666666667,0.008,1.0,1.728110599078341,0.5720480320213476,0.327591258345093
prefill,general,6,9,3,16,domain_oracle,1500,8,0.3904166666666667,0.0,2.0,5.122732123799359,0.0,1.0
prefill,general,6,9,3,16,previous_window,1500,8,0.361,0.0,2.0,5.54016620498615,0.001042361574382922,0.9985324566746505
prefill,general,6,9,3,16,static,1500,8,0.2708333333333333,0.0,2.0,7.384615384615385,0.0,1.0
prefill,general,6,9,3,16,transition,1500,8,0.81925,0.292,2.0,2.4412572474824534,0.47414943295530354,0.40977245636945814
prefill,general,6,9,3,32,domain_oracle,1500,8,0.6719166666666667,0.08866666666666667,4.0,5.9531191864070445,0.0,1.0
prefill,general,6,9,3,32,previous_window,1500,8,0.6606666666666666,0.058666666666666666,4.0,6.054490413723512,0.0006045697131420948,0.9990305359824279
prefill,general,6,9,3,32,static,1500,8,0.5885833333333333,0.021333333333333333,4.0,6.795979045731276,0.0,1.0
prefill,general,6,9,3,32,transition,1500,8,0.959,0.7586666666666667,4.0,4.1710114702815435,0.29427951967978655,0.5736696909149266
prefill,general,6,10,4,8,domain_oracle,1500,8,0.2520833333333333,0.0,1.0,3.9669421487603307,0.0,1.0
prefill,general,6,10,4,8,previous_window,1500,8,0.22458333333333333,0.0,1.0,4.452690166975882,0.00133422281521014,0.9982459168583251
prefill,general,6,10,4,8,static,1500,8,0.17033333333333334,0.0,1.0,5.870841487279844,0.0,1.0
prefill,general,6,10,4,8,transition,1500,8,0.5715833333333333,0.006,1.0,1.7495261699956262,0.5805537024683122,0.323657722456921
prefill,general,6,10,4,16,domain_oracle,1500,8,0.41883333333333334,0.0026666666666666666,2.0,4.77516912057302,0.0,1.0
prefill,general,6,10,4,16,previous_window,1500,8,0.38866666666666666,0.0033333333333333335,2.0,5.145797598627787,0.0011674449633088727,0.9983867782110087
prefill,general,6,10,4,16,static,1500,8,0.293,0.0,2.0,6.825938566552901,0.0,1.0
prefill,general,6,10,4,16,transition,1500,8,0.7968333333333333,0.23,2.0,2.5099351600083666,0.47123082054703136,0.40795048372099013
prefill,general,6,10,4,32,domain_oracle,1500,8,0.6685,0.13,4.0,5.983545250560957,0.0,1.0
prefill,general,6,10,4,32,previous_window,1500,8,0.65075,0.12,4.0,6.146753745678064,0.0007296531020680453,0.9988594885549066
prefill,general,6,10,4,32,static,1500,8,0.6050833333333333,0.020666666666666667,4.0,6.610659688748107,0.0,1.0
prefill,general,6,10,4,32,transition,1500,8,0.945,0.6913333333333334,4.0,4.232804232804233,0.2847731821214143,0.5883810955964077
prefill,general,6,11,5,8,domain_oracle,1500,8,0.232,0.0,1.0,4.310344827586207,0.0,1.0
prefill,general,6,11,5,8,previous_window,1500,8,0.1885,0.0,1.0,5.305039787798409,0.0018345563709139426,0.9978300552016361
prefill,general,6,11,5,8,static,1500,8,0.15716666666666668,0.0,1.0,6.362672322375397,0.0,1.0
prefill,general,6,11,5,8,transition,1500,8,0.5133333333333333,0.0006666666666666666,1.0,1.948051948051948,0.5162608405603736,0.37212365871472153
prefill,general,6,11,5,16,domain_oracle,1500,8,0.4211666666666667,0.0006666666666666666,2.0,4.748713889988128,0.0,1.0
prefill,general,6,11,5,16,previous_window,1500,8,0.37366666666666665,0.0006666666666666666,2.0,5.352363960749331,0.0012925283522348232,0.9982628032214713
prefill,general,6,11,5,16,static,1500,8,0.31708333333333333,0.0006666666666666666,2.0,6.307490144546649,0.0,1.0
prefill,general,6,11,5,16,transition,1500,8,0.7288333333333333,0.10666666666666667,2.0,2.744111593871484,0.39584723148765844,0.4737366254897498
prefill,general,6,11,5,32,domain_oracle,1500,8,0.6871666666666667,0.11066666666666666,4.0,5.821004123211254,0.0,1.0
prefill,general,6,11,5,32,previous_window,1500,8,0.6855,0.09933333333333333,4.0,5.835156819839534,0.0006045697131420948,0.9990245161973683
prefill,general,6,11,5,32,static,1500,8,0.5918333333333333,0.028666666666666667,4.0,6.758659532526049,0.0,1.0
prefill,general,6,11,5,32,transition,1500,8,0.9069166666666667,0.5046666666666667,4.0,4.410548561977396,0.24872831887925284,0.6247103210107409
prefill,general,6,12,6,8,domain_oracle,1500,8,0.25566666666666665,0.0,1.0,3.911342894393742,0.0,1.0
prefill,general,6,12,6,8,previous_window,1500,8,0.22441666666666665,0.0,1.0,4.455997029335314,0.0014176117411607739,0.998193667573254
prefill,general,6,12,6,8,static,1500,8,0.20025,0.0,1.0,4.9937578027465666,0.0,1.0
prefill,general,6,12,6,8,transition,1500,8,0.5065,0.007333333333333333,1.0,1.9743336623889438,0.48757505003335555,0.392274940240254
prefill,general,6,12,6,16,domain_oracle,1500,8,0.43866666666666665,0.0013333333333333333,2.0,4.5592705167173255,0.0,1.0
prefill,general,6,12,6,16,previous_window,1500,8,0.418,0.006666666666666667,2.0,4.784688995215311,0.0009589726484322882,0.9986033477114487
prefill,general,6,12,6,16,static,1500,8,0.3446666666666667,0.002,2.0,5.802707930367505,0.0,1.0
prefill,general,6,12,6,16,transition,1500,8,0.7231666666666666,0.154,2.0,2.7656141968195436,0.388550700466978,0.47748490636284574
prefill,general,6,12,6,32,domain_oracle,1500,8,0.6798333333333333,0.12,4.0,5.883795047805835,0.0,1.0
prefill,general,6,12,6,32,previous_window,1500,8,0.6755833333333333,0.098,4.0,5.920809177254225,0.0006462641761174116,0.9989720663534213
prefill,general,6,12,6,32,static,1500,8,0.6251666666666666,0.09666666666666666,4.0,6.398293788323114,0.0,1.0
prefill,general,6,12,6,32,transition,1500,8,0.9156666666666666,0.5886666666666667,4.0,4.368401892974154,0.25840143428952633,0.6138564177236229
prefill,general,6,13,7,8,domain_oracle,1500,8,0.21708333333333332,0.0,1.0,4.606525911708253,0.0,1.0
prefill,general,6,13,7,8,previous_window,1500,8,0.1885,0.0,1.0,5.305039787798409,0.0018345563709139426,0.9978300552016363
prefill,general,6,13,7,8,static,1500,8,0.11183333333333334,0.0,1.0,8.941877794336811,0.0,1.0
prefill,general,6,13,7,8,transition,1500,8,0.44425,0.002,1.0,2.2509848058525606,0.5217645096731154,0.3691884425706987
prefill,general,6,13,7,16,domain_oracle,1500,8,0.40258333333333335,0.0013333333333333333,2.0,4.967915545435727,0.0,1.0
prefill,general,6,13,7,16,previous_window,1500,8,0.3893333333333333,0.0013333333333333333,2.0,5.136986301369863,0.001042361574382922,0.9985022953378669
prefill,general,6,13,7,16,static,1500,8,0.25975,0.0006666666666666666,2.0,7.699711260827719,0.0,1.0
prefill,general,6,13,7,16,transition,1500,8,0.6400833333333333,0.06333333333333334,2.0,3.124593151933342,0.3819629753168779,0.4820781672534613
prefill,general,6,13,7,32,domain_oracle,1500,8,0.6899166666666666,0.08866666666666667,4.0,5.797801666867979,0.0,1.0
prefill,general,6,13,7,32,previous_window,1500,8,0.6634166666666667,0.068,4.0,6.029393292299963,0.0007296531020680453,0.9988734747166113
prefill,general,6,13,7,32,static,1500,8,0.6194166666666666,0.038,4.0,6.4576886855912825,0.0,1.0
prefill,general,6,13,7,32,transition,1500,8,0.857,0.378,4.0,4.667444574095683,0.23738742494996665,0.6347524014337593
prefill,general,6,14,8,8,domain_oracle,1500,8,0.2559166666666667,0.0,1.0,3.9075219798111362,0.0,1.0
prefill,general,6,14,8,8,previous_window,1500,8,0.2255,0.0,1.0,4.434589800443459,0.0015843895930620414,0.9980255457240115
prefill,general,6,14,8,8,static,1500,8,0.13841666666666666,0.0,1.0,7.2245635159542445,0.0,1.0
prefill,general,6,14,8,8,transition,1500,8,0.48841666666666667,0.0033333333333333335,1.0,2.047432178809077,0.529352901934623,0.3610824724900788
prefill,general,6,14,8,16,domain_oracle,1500,8,0.42075,0.008,2.0,4.753416518122401,0.0,1.0
prefill,general,6,14,8,16,previous_window,1500,8,0.40408333333333335,0.004,2.0,4.949474118374923,0.0011257505003335556,0.9984254513360875
prefill,general,6,14,8,16,static,1500,8,0.34341666666666665,0.0006666666666666666,2.0,5.823829167677748,0.0,1.0
prefill,general,6,14,8,16,transition,1500,8,0.6974166666666667,0.12666666666666668,2.0,2.867726132154379,0.4108989326217478,0.46090916554399597
prefill,general,6,14,8,32,domain_oracle,1500,8,0.7023333333333334,0.11333333333333333,4.0,5.695301376364499,0.0,1.0
prefill,general,6,14,8,32,previous_window,1500,8,0.67875,0.06733333333333333,4.0,5.893186003683241,0.0006879586390927285,0.9989274818108076
prefill,general,6,14,8,32,static,1500,8,0.62075,0.04066666666666666,4.0,6.443817962142569,0.0,1.0
prefill,general,6,14,8,32,transition,1500,8,0.88375,0.44866666666666666,4.0,4.526166902404526,0.23974316210807206,0.6313939476387861
prefill,general,6,15,9,8,domain_oracle,1500,8,0.278,0.0,1.0,3.597122302158273,0.0,1.0
prefill,general,6,15,9,8,previous_window,1500,8,0.2648333333333333,0.0,1.0,3.775959723096287,0.00133422281521014,0.998233476552356
prefill,general,6,15,9,8,static,1500,8,0.16475,0.0,1.0,6.0698027314112295,0.0,1.0
prefill,general,6,15,9,8,transition,1500,8,0.4553333333333333,0.004666666666666667,1.0,2.1961932650073206,0.4480486991327552,0.4280004481472176
prefill,general,6,15,9,16,domain_oracle,1500,8,0.4683333333333333,0.006,2.0,4.270462633451957,0.0,1.0
prefill,general,6,15,9,16,previous_window,1500,8,0.43816666666666665,0.004666666666666667,2.0,4.564473183720046,0.0009172781854569713,0.9986555075271734
prefill,general,6,15,9,16,static,1500,8,0.35208333333333336,0.0,2.0,5.680473372781065,0.0,1.0
prefill,general,6,15,9,16,transition,1500,8,0.6743333333333333,0.10533333333333333,2.0,2.9658922392486406,0.34151934623082053,0.5212273482165012
prefill,general,6,15,9,32,domain_oracle,1500,8,0.7421666666666666,0.188,4.0,5.389624971929036,0.0,1.0
prefill,general,6,15,9,32,previous_window,1500,8,0.7125833333333333,0.12133333333333333,4.0,5.6133785522161155,0.0005837224816544363,0.9990565695983343
prefill,general,6,15,9,32,static,1500,8,0.6706666666666666,0.04933333333333333,4.0,5.964214711729622,0.0,1.0
prefill,general,6,15,9,32,transition,1500,8,0.8811666666666667,0.4513333333333333,4.0,4.539436353319463,0.2107655103402268,0.668656298098971
prefill,general,7,8,1,8,domain_oracle,1500,8,0.25616666666666665,0.0,1.0,3.903708523096942,0.0,1.0
prefill,general,7,8,1,8,previous_window,1500,8,0.22466666666666665,0.0,1.0,4.451038575667655,0.0015010006671114075,0.998084192880724
prefill,general,7,8,1,8,static,1500,8,0.14733333333333334,0.0,1.0,6.787330316742081,0.0,1.0
prefill,general,7,8,1,8,transition,1500,8,0.5703333333333334,0.006,1.0,1.7533606078316775,0.5599566377585057,0.3480918458903788
prefill,general,7,8,1,16,domain_oracle,1500,8,0.43266666666666664,0.0033333333333333335,2.0,4.622496147919877,0.0,1.0
prefill,general,7,8,1,16,previous_window,1500,8,0.38275,0.0,2.0,5.225342913128674,0.0012925283522348232,0.9982721496774345
prefill,general,7,8,1,16,static,1500,8,0.319,0.0,2.0,6.269592476489028,0.0,1.0
prefill,general,7,8,1,16,transition,1500,8,0.7894166666666667,0.184,2.0,2.5335163095112425,0.43195463642428283,0.4454213372482672
prefill,general,7,8,1,32,domain_oracle,1500,8,0.70125,0.11533333333333333,4.0,5.704099821746881,0.0,1.0
prefill,general,7,8,1,32,previous_window,1500,8,0.6753333333333333,0.05466666666666667,4.0,5.923000987166831,0.00066711140760507,0.9989365315582794
prefill,general,7,8,1,32,static,1500,8,0.6523333333333333,0.07133333333333333,4.0,6.131834440470107,0.0,1.0
prefill,general,7,8,1,32,transition,1500,8,0.9546666666666667,0.7173333333333334,4.0,4.189944134078212,0.25325216811207474,0.6184921978492246
prefill,general,7,9,2,8,domain_oracle,1500,8,0.22833333333333333,0.0,1.0,4.37956204379562,0.0,1.0
prefill,general,7,9,2,8,previous_window,1500,8,0.19841666666666666,0.0,1.0,5.03989920201596,0.001751167444963309,0.9979160710314813
prefill,general,7,9,2,8,static,1500,8,0.11541666666666667,0.0,1.0,8.664259927797834,0.0,1.0
prefill,general,7,9,2,8,transition,1500,8,0.5779166666666666,0.004,1.0,1.7303532804614274,0.582638425617078,0.32453680779231125
prefill,general,7,9,2,16,domain_oracle,1500,8,0.3904166666666667,0.0,2.0,5.122732123799359,0.0,1.0
prefill,general,7,9,2,16,previous_window,1500,8,0.361,0.0,2.0,5.54016620498615,0.001042361574382922,0.9985324566746505
prefill,general,7,9,2,16,static,1500,8,0.2708333333333333,0.0,2.0,7.384615384615385,0.0,1.0
prefill,general,7,9,2,16,transition,1500,8,0.8259166666666666,0.308,2.0,2.4215518111189587,0.4904519679786524,0.3980577594754645
prefill,general,7,9,2,32,domain_oracle,1500,8,0.6719166666666667,0.08866666666666667,4.0,5.9531191864070445,0.0,1.0
prefill,general,7,9,2,32,previous_window,1500,8,0.6606666666666666,0.058666666666666666,4.0,6.054490413723512,0.0006045697131420948,0.9990305359824279
prefill,general,7,9,2,32,static,1500,8,0.5885833333333333,0.021333333333333333,4.0,6.795979045731276,0.0,1.0
prefill,general,7,9,2,32,transition,1500,8,0.9593333333333334,0.7686666666666667,4.0,4.169562195969423,0.2967394929953302,0.5701735448737306
prefill,general,7,10,3,8,domain_oracle,1500,8,0.2520833333333333,0.0,1.0,3.9669421487603307,0.0,1.0
prefill,general,7,10,3,8,previous_window,1500,8,0.22458333333333333,0.0,1.0,4.452690166975882,0.00133422281521014,0.9982459168583251
prefill,general,7,10,3,8,static,1500,8,0.17033333333333334,0.0,1.0,5.870841487279844,0.0,1.0
prefill,general,7,10,3,8,transition,1500,8,0.5663333333333334,0.005333333333333333,1.0,1.7657445556209534,0.5971480987324883,0.3128074653091321
prefill,general,7,10,3,16,domain_oracle,1500,8,0.41883333333333334,0.0026666666666666666,2.0,4.77516912057302,0.0,1.0
prefill,general,7,10,3,16,previous_window,1500,8,0.38866666666666666,0.0033333333333333335,2.0,5.145797598627787,0.0011674449633088727,0.9983867782110087
prefill,general,7,10,3,16,static,1500,8,0.293,0.0,2.0,6.825938566552901,0.0,1.0
prefill,general,7,10,3,16,transition,1500,8,0.7876666666666666,0.192,2.0,2.5391451544646637,0.48461474316210806,0.4000053962314668
prefill,general,7,10,3,32,domain_oracle,1500,8,0.6685,0.13,4.0,5.983545250560957,0.0,1.0
prefill,general,7,10,3,32,previous_window,1500,8,0.65075,0.12,4.0,6.146753745678064,0.0007296531020680453,0.9988594885549066
prefill,general,7,10,3,32,static,1500,8,0.6050833333333333,0.020666666666666667,4.0,6.610659688748107,0.0,1.0
prefill,general,7,10,3,32,transition,1500,8,0.9478333333333333,0.6893333333333334,4.0,4.220151222085458,0.28562791861240827,0.587444965624035
prefill,general,7,11,4,8,domain_oracle,1500,8,0.232,0.0,1.0,4.310344827586207,0.0,1.0
prefill,general,7,11,4,8,previous_window,1500,8,0.1885,0.0,1.0,5.305039787798409,0.0018345563709139426,0.9978300552016361
prefill,general,7,11,4,8,static,1500,8,0.15716666666666668,0.0,1.0,6.362672322375397,0.0,1.0
prefill,general,7,11,4,8,transition,1500,8,0.5101666666666667,0.0006666666666666666,1.0,1.9601437438745508,0.5386924616410941,0.35904871942230293
prefill,general,7,11,4,16,domain_oracle,1500,8,0.4211666666666667,0.0006666666666666666,2.0,4.748713889988128,0.0,1.0
prefill,general,7,11,4,16,previous_window,1500,8,0.37366666666666665,0.0006666666666666666,2.0,5.352363960749331,0.0012925283522348232,0.9982628032214713
prefill,general,7,11,4,16,static,1500,8,0.31708333333333333,0.0006666666666666666,2.0,6.307490144546649,0.0,1.0
prefill,general,7,11,4,16,transition,1500,8,0.7266666666666667,0.112,2.0,2.7522935779816513,0.40101734489659774,0.46982680315112935
prefill,general,7,11,4,32,domain_oracle,1500,8,0.6871666666666667,0.11066666666666666,4.0,5.821004123211254,0.0,1.0
prefill,general,7,11,4,32,previous_window,1500,8,0.6855,0.09933333333333333,4.0,5.835156819839534,0.0006045697131420948,0.9990245161973683
prefill,general,7,11,4,32,static,1500,8,0.5918333333333333,0.028666666666666667,4.0,6.758659532526049,0.0,1.0
prefill,general,7,11,4,32,transition,1500,8,0.9218333333333333,0.5826666666666667,4.0,4.339179171939975,0.25733822548365576,0.6153714579619246
prefill,general,7,12,5,8,domain_oracle,1500,8,0.25566666666666665,0.0,1.0,3.911342894393742,0.0,1.0
prefill,general,7,12,5,8,previous_window,1500,8,0.22441666666666665,0.0,1.0,4.455997029335314,0.0014176117411607739,0.998193667573254
prefill,general,7,12,5,8,static,1500,8,0.20025,0.0,1.0,4.9937578027465666,0.0,1.0
prefill,general,7,12,5,8,transition,1500,8,0.4945833333333333,0.0013333333333333333,1.0,2.0219039595619206,0.494996664442962,0.3918213429887916
prefill,general,7,12,5,16,domain_oracle,1500,8,0.43866666666666665,0.0013333333333333333,2.0,4.5592705167173255,0.0,1.0
prefill,general,7,12,5,16,previous_window,1500,8,0.418,0.006666666666666667,2.0,4.784688995215311,0.0009589726484322882,0.9986033477114487
prefill,general,7,12,5,16,static,1500,8,0.3446666666666667,0.002,2.0,5.802707930367505,0.0,1.0
prefill,general,7,12,5,16,transition,1500,8,0.731,0.16266666666666665,2.0,2.735978112175103,0.3945547031354236,0.4783570030975407
prefill,general,7,12,5,32,domain_oracle,1500,8,0.6798333333333333,0.12,4.0,5.883795047805835,0.0,1.0
prefill,general,7,12,5,32,previous_window,1500,8,0.6755833333333333,0.098,4.0,5.920809177254225,0.0006462641761174116,0.9989720663534213
prefill,general,7,12,5,32,static,1500,8,0.6251666666666666,0.09666666666666666,4.0,6.398293788323114,0.0,1.0
prefill,general,7,12,5,32,transition,1500,8,0.92575,0.6226666666666667,4.0,4.320820955981636,0.2674074382921948,0.6013559767696457
prefill,general,7,13,6,8,domain_oracle,1500,8,0.21708333333333332,0.0,1.0,4.606525911708253,0.0,1.0
prefill,general,7,13,6,8,previous_window,1500,8,0.1885,0.0,1.0,5.305039787798409,0.0018345563709139426,0.9978300552016363
prefill,general,7,13,6,8,static,1500,8,0.11183333333333334,0.0,1.0,8.941877794336811,0.0,1.0
prefill,general,7,13,6,8,transition,1500,8,0.4405833333333333,0.0026666666666666666,1.0,2.2697181766597314,0.5414442961974649,0.353534983288153
prefill,general,7,13,6,16,domain_oracle,1500,8,0.40258333333333335,0.0013333333333333333,2.0,4.967915545435727,0.0,1.0
prefill,general,7,13,6,16,previous_window,1500,8,0.3893333333333333,0.0013333333333333333,2.0,5.136986301369863,0.001042361574382922,0.9985022953378669
prefill,general,7,13,6,16,static,1500,8,0.25975,0.0006666666666666666,2.0,7.699711260827719,0.0,1.0
prefill,general,7,13,6,16,transition,1500,8,0.64425,0.05733333333333333,2.0,3.104384943733023,0.3945547031354236,0.47630300986695195
prefill,general,7,13,6,32,domain_oracle,1500,8,0.6899166666666666,0.08866666666666667,4.0,5.797801666867979,0.0,1.0
prefill,general,7,13,6,32,previous_window,1500,8,0.6634166666666667,0.068,4.0,6.029393292299963,0.0007296531020680453,0.9988734747166113
prefill,general,7,13,6,32,static,1500,8,0.6194166666666666,0.038,4.0,6.4576886855912825,0.0,1.0
prefill,general,7,13,6,32,transition,1500,8,0.8671666666666666,0.404,4.0,4.612723428791082,0.25022931954636424,0.6192897645377442
prefill,general,7,14,7,8,domain_oracle,1500,8,0.2559166666666667,0.0,1.0,3.9075219798111362,0.0,1.0
prefill,general,7,14,7,8,previous_window,1500,8,0.2255,0.0,1.0,4.434589800443459,0.0015843895930620414,0.9980255457240115
prefill,general,7,14,7,8,static,1500,8,0.13841666666666666,0.0,1.0,7.2245635159542445,0.0,1.0
prefill,general,7,14,7,8,transition,1500,8,0.49366666666666664,0.0006666666666666666,1.0,2.025658338960162,0.5517011340893929,0.3515020003345556
prefill,general,7,14,7,16,domain_oracle,1500,8,0.42075,0.008,2.0,4.753416518122401,0.0,1.0
prefill,general,7,14,7,16,previous_window,1500,8,0.40408333333333335,0.004,2.0,4.949474118374923,0.0011257505003335556,0.9984254513360875
prefill,general,7,14,7,16,static,1500,8,0.34341666666666665,0.0006666666666666666,2.0,5.823829167677748,0.0,1.0
prefill,general,7,14,7,16,transition,1500,8,0.71,0.13333333333333333,2.0,2.816901408450704,0.43987658438959304,0.4361716849639018
prefill,general,7,14,7,32,domain_oracle,1500,8,0.7023333333333334,0.11333333333333333,4.0,5.695301376364499,0.0,1.0
prefill,general,7,14,7,32,previous_window,1500,8,0.67875,0.06733333333333333,4.0,5.893186003683241,0.0006879586390927285,0.9989274818108076
prefill,general,7,14,7,32,static,1500,8,0.62075,0.04066666666666666,4.0,6.443817962142569,0.0,1.0
prefill,general,7,14,7,32,transition,1500,8,0.89275,0.4693333333333333,4.0,4.480537664519742,0.24981237491661107,0.6203783871290305
prefill,general,7,15,8,8,domain_oracle,1500,8,0.278,0.0,1.0,3.597122302158273,0.0,1.0
prefill,general,7,15,8,8,previous_window,1500,8,0.2648333333333333,0.0,1.0,3.775959723096287,0.00133422281521014,0.998233476552356
prefill,general,7,15,8,8,static,1500,8,0.16475,0.0,1.0,6.0698027314112295,0.0,1.0
prefill,general,7,15,8,8,transition,1500,8,0.4414166666666667,0.0006666666666666666,1.0,2.265433264111761,0.4762341561040694,0.4124530869027254
prefill,general,7,15,8,16,domain_oracle,1500,8,0.4683333333333333,0.006,2.0,4.270462633451957,0.0,1.0
prefill,general,7,15,8,16,previous_window,1500,8,0.43816666666666665,0.004666666666666667,2.0,4.564473183720046,0.0009172781854569713,0.9986555075271734
prefill,general,7,15,8,16,static,1500,8,0.35208333333333336,0.0,2.0,5.680473372781065,0.0,1.0
prefill,general,7,15,8,16,transition,1500,8,0.6968333333333333,0.10666666666666667,2.0,2.8701267639320736,0.36516010673782523,0.5002495588666215
prefill,general,7,15,8,32,domain_oracle,1500,8,0.7421666666666666,0.188,4.0,5.389624971929036,0.0,1.0
prefill,general,7,15,8,32,previous_window,1500,8,0.7125833333333333,0.12133333333333333,4.0,5.6133785522161155,0.0005837224816544363,0.9990565695983343
prefill,general,7,15,8,32,static,1500,8,0.6706666666666666,0.04933333333333333,4.0,5.964214711729622,0.0,1.0
prefill,general,7,15,8,32,transition,1500,8,0.88375,0.44466666666666665,4.0,4.526166902404526,0.2267344896597732,0.6481880972682845
prefill,general,8,9,1,8,domain_oracle,1500,8,0.22833333333333333,0.0,1.0,4.37956204379562,0.0,1.0
prefill,general,8,9,1,8,previous_window,1500,8,0.19841666666666666,0.0,1.0,5.03989920201596,0.001751167444963309,0.9979160710314813
prefill,general,8,9,1,8,static,1500,8,0.11541666666666667,0.0,1.0,8.664259927797834,0.0,1.0
prefill,general,8,9,1,8,transition,1500,8,0.6025833333333334,0.004,1.0,1.6595215046328309,0.6057371581054036,0.3034306291144173
prefill,general,8,9,1,16,domain_oracle,1500,8,0.3904166666666667,0.0,2.0,5.122732123799359,0.0,1.0
prefill,general,8,9,1,16,previous_window,1500,8,0.361,0.0,2.0,5.54016620498615,0.001042361574382922,0.9985324566746505
prefill,general,8,9,1,16,static,1500,8,0.2708333333333333,0.0,2.0,7.384615384615385,0.0,1.0
prefill,general,8,9,1,16,transition,1500,8,0.85225,0.3353333333333333,2.0,2.3467292461132296,0.5111324216144096,0.3787007367179122
prefill,general,8,9,1,32,domain_oracle,1500,8,0.6719166666666667,0.08866666666666667,4.0,5.9531191864070445,0.0,1.0
prefill,general,8,9,1,32,previous_window,1500,8,0.6606666666666666,0.058666666666666666,4.0,6.054490413723512,0.0006045697131420948,0.9990305359824279
prefill,general,8,9,1,32,static,1500,8,0.5885833333333333,0.021333333333333333,4.0,6.795979045731276,0.0,1.0
prefill,general,8,9,1,32,transition,1500,8,0.97475,0.832,4.0,4.103616311874839,0.32803118745830556,0.544942608856732
prefill,general,8,10,2,8,domain_oracle,1500,8,0.2520833333333333,0.0,1.0,3.9669421487603307,0.0,1.0
prefill,general,8,10,2,8,previous_window,1500,8,0.22458333333333333,0.0,1.0,4.452690166975882,0.00133422281521014,0.9982459168583251
prefill,general,8,10,2,8,static,1500,8,0.17033333333333334,0.0,1.0,5.870841487279844,0.0,1.0
prefill,general,8,10,2,8,transition,1500,8,0.60825,0.006,1.0,1.6440608302507194,0.6256671114076051,0.291912120197643
prefill,general,8,10,2,16,domain_oracle,1500,8,0.41883333333333334,0.0026666666666666666,2.0,4.77516912057302,0.0,1.0
prefill,general,8,10,2,16,previous_window,1500,8,0.38866666666666666,0.0033333333333333335,2.0,5.145797598627787,0.0011674449633088727,0.9983867782110087
prefill,general,8,10,2,16,static,1500,8,0.293,0.0,2.0,6.825938566552901,0.0,1.0
prefill,general,8,10,2,16,transition,1500,8,0.8206666666666667,0.25333333333333335,2.0,2.4370430544272947,0.5097565043362241,0.3813778065710319
prefill,general,8,10,2,32,domain_oracle,1500,8,0.6685,0.13,4.0,5.983545250560957,0.0,1.0
prefill,general,8,10,2,32,previous_window,1500,8,0.65075,0.12,4.0,6.146753745678064,0.0007296531020680453,0.9988594885549066
prefill,general,8,10,2,32,static,1500,8,0.6050833333333333,0.020666666666666667,4.0,6.610659688748107,0.0,1.0
prefill,general,8,10,2,32,transition,1500,8,0.9618333333333333,0.768,4.0,4.158724657771617,0.32186040693795864,0.5503308113362818
prefill,general,8,11,3,8,domain_oracle,1500,8,0.232,0.0,1.0,4.310344827586207,0.0,1.0
prefill,general,8,11,3,8,previous_window,1500,8,0.1885,0.0,1.0,5.305039787798409,0.0018345563709139426,0.9978300552016361
prefill,general,8,11,3,8,static,1500,8,0.15716666666666668,0.0,1.0,6.362672322375397,0.0,1.0
prefill,general,8,11,3,8,transition,1500,8,0.54675,0.0006666666666666666,1.0,1.828989483310471,0.5773849232821882,0.3292487958265139
prefill,general,8,11,3,16,domain_oracle,1500,8,0.4211666666666667,0.0006666666666666666,2.0,4.748713889988128,0.0,1.0
prefill,general,8,11,3,16,previous_window,1500,8,0.37366666666666665,0.0006666666666666666,2.0,5.352363960749331,0.0012925283522348232,0.9982628032214713
prefill,general,8,11,3,16,static,1500,8,0.31708333333333333,0.0006666666666666666,2.0,6.307490144546649,0.0,1.0
prefill,general,8,11,3,16,transition,1500,8,0.75575,0.13666666666666666,2.0,2.6463777704267284,0.4269513008672448,0.4429961886723041
prefill,general,8,11,3,32,domain_oracle,1500,8,0.6871666666666667,0.11066666666666666,4.0,5.821004123211254,0.0,1.0
prefill,general,8,11,3,32,previous_window,1500,8,0.6855,0.09933333333333333,4.0,5.835156819839534,0.0006045697131420948,0.9990245161973683
prefill,general,8,11,3,32,static,1500,8,0.5918333333333333,0.028666666666666667,4.0,6.758659532526049,0.0,1.0
prefill,general,8,11,3,32,transition,1500,8,0.9225,0.5606666666666666,4.0,4.336043360433604,0.28487741827885255,0.5846165109306125
prefill,general,8,12,4,8,domain_oracle,1500,8,0.25566666666666665,0.0,1.0,3.911342894393742,0.0,1.0
prefill,general,8,12,4,8,previous_window,1500,8,0.22441666666666665,0.0,1.0,4.455997029335314,0.0014176117411607739,0.998193667573254
prefill,general,8,12,4,8,static,1500,8,0.20025,0.0,1.0,4.9937578027465666,0.0,1.0
prefill,general,8,12,4,8,transition,1500,8,0.5215833333333333,0.0033333333333333335,1.0,1.9172391755871545,0.5401934623082054,0.35145268340732083
prefill,general,8,12,4,16,domain_oracle,1500,8,0.43866666666666665,0.0013333333333333333,2.0,4.5592705167173255,0.0,1.0
prefill,general,8,12,4,16,previous_window,1500,8,0.418,0.006666666666666667,2.0,4.784688995215311,0.0009589726484322882,0.9986033477114487
prefill,general,8,12,4,16,static,1500,8,0.3446666666666667,0.002,2.0,5.802707930367505,0.0,1.0
prefill,general,8,12,4,16,transition,1500,8,0.7601666666666667,0.20066666666666666,2.0,2.6310019732514798,0.4322881921280854,0.43719060207553406
prefill,general,8,12,4,32,domain_oracle,1500,8,0.6798333333333333,0.12,4.0,5.883795047805835,0.0,1.0
prefill,general,8,12,4,32,previous_window,1500,8,0.6755833333333333,0.098,4.0,5.920809177254225,0.0006462641761174116,0.9989720663534213
prefill,general,8,12,4,32,static,1500,8,0.6251666666666666,0.09666666666666666,4.0,6.398293788323114,0.0,1.0
prefill,general,8,12,4,32,transition,1500,8,0.9351666666666667,0.6533333333333333,4.0,4.277312422028159,0.29242411607738494,0.5774067858750622
prefill,general,8,13,5,8,domain_oracle,1500,8,0.21708333333333332,0.0,1.0,4.606525911708253,0.0,1.0
prefill,general,8,13,5,8,previous_window,1500,8,0.1885,0.0,1.0,5.305039787798409,0.0018345563709139426,0.9978300552016363
prefill,general,8,13,5,8,static,1500,8,0.11183333333333334,0.0,1.0,8.941877794336811,0.0,1.0
prefill,general,8,13,5,8,transition,1500,8,0.472,0.0006666666666666666,1.0,2.1186440677966103,0.579469646430954,0.32296349414428094
prefill,general,8,13,5,16,domain_oracle,1500,8,0.40258333333333335,0.0013333333333333333,2.0,4.967915545435727,0.0,1.0
prefill,general,8,13,5,16,previous_window,1500,8,0.3893333333333333,0.0013333333333333333,2.0,5.136986301369863,0.001042361574382922,0.9985022953378669
prefill,general,8,13,5,16,static,1500,8,0.25975,0.0006666666666666666,2.0,7.699711260827719,0.0,1.0
prefill,general,8,13,5,16,transition,1500,8,0.65925,0.054,2.0,3.0337504740235115,0.4453385590393596,0.42730997340434446
prefill,general,8,13,5,32,domain_oracle,1500,8,0.6899166666666666,0.08866666666666667,4.0,5.797801666867979,0.0,1.0
prefill,general,8,13,5,32,previous_window,1500,8,0.6634166666666667,0.068,4.0,6.029393292299963,0.0007296531020680453,0.9988734747166113
prefill,general,8,13,5,32,static,1500,8,0.6194166666666666,0.038,4.0,6.4576886855912825,0.0,1.0
prefill,general,8,13,5,32,transition,1500,8,0.8755,0.428,4.0,4.568817818389491,0.27159773182121416,0.5957646655307777
prefill,general,8,14,6,8,domain_oracle,1500,8,0.2559166666666667,0.0,1.0,3.9075219798111362,0.0,1.0
prefill,general,8,14,6,8,previous_window,1500,8,0.2255,0.0,1.0,4.434589800443459,0.0015843895930620414,0.9980255457240115
prefill,general,8,14,6,8,static,1500,8,0.13841666666666666,0.0,1.0,7.2245635159542445,0.0,1.0
prefill,general,8,14,6,8,transition,1500,8,0.5165833333333333,0.006666666666666667,1.0,1.9357960961445395,0.6043195463642428,0.30918296735508205
prefill,general,8,14,6,16,domain_oracle,1500,8,0.42075,0.008,2.0,4.753416518122401,0.0,1.0
prefill,general,8,14,6,16,previous_window,1500,8,0.40408333333333335,0.004,2.0,4.949474118374923,0.0011257505003335556,0.9984254513360875
prefill,general,8,14,6,16,static,1500,8,0.34341666666666665,0.0006666666666666666,2.0,5.823829167677748,0.0,1.0
prefill,general,8,14,6,16,transition,1500,8,0.7095833333333333,0.13933333333333334,2.0,2.8185554903112156,0.46531020680453633,0.41359575074068416
prefill,general,8,14,6,32,domain_oracle,1500,8,0.7023333333333334,0.11333333333333333,4.0,5.695301376364499,0.0,1.0
prefill,general,8,14,6,32,previous_window,1500,8,0.67875,0.06733333333333333,4.0,5.893186003683241,0.0006879586390927285,0.9989274818108076
prefill,general,8,14,6,32,static,1500,8,0.62075,0.04066666666666666,4.0,6.443817962142569,0.0,1.0
prefill,general,8,14,6,32,transition,1500,8,0.9024166666666666,0.506,4.0,4.432542247668298,0.272035523682455,0.5948922639951246
prefill,general,8,15,7,8,domain_oracle,1500,8,0.278,0.0,1.0,3.597122302158273,0.0,1.0
prefill,general,8,15,7,8,previous_window,1500,8,0.2648333333333333,0.0,1.0,3.775959723096287,0.00133422281521014,0.998233476552356
prefill,general,8,15,7,8,static,1500,8,0.16475,0.0,1.0,6.0698027314112295,0.0,1.0
prefill,general,8,15,7,8,transition,1500,8,0.454,0.004,1.0,2.202643171806167,0.5283522348232155,0.3670733832174813
prefill,general,8,15,7,16,domain_oracle,1500,8,0.4683333333333333,0.006,2.0,4.270462633451957,0.0,1.0
prefill,general,8,15,7,16,previous_window,1500,8,0.43816666666666665,0.004666666666666667,2.0,4.564473183720046,0.0009172781854569713,0.9986555075271734
prefill,general,8,15,7,16,static,1500,8,0.35208333333333336,0.0,2.0,5.680473372781065,0.0,1.0
prefill,general,8,15,7,16,transition,1500,8,0.6946666666666667,0.12266666666666666,2.0,2.8790786948176583,0.39684789859906605,0.4702905703530386
prefill,general,8,15,7,32,domain_oracle,1500,8,0.7421666666666666,0.188,4.0,5.389624971929036,0.0,1.0
prefill,general,8,15,7,32,previous_window,1500,8,0.7125833333333333,0.12133333333333333,4.0,5.6133785522161155,0.0005837224816544363,0.9990565695983343
prefill,general,8,15,7,32,static,1500,8,0.6706666666666666,0.04933333333333333,4.0,5.964214711729622,0.0,1.0
prefill,general,8,15,7,32,transition,1500,8,0.88775,0.484,4.0,4.505773021684033,0.25223065376917947,0.6172010299281981
prefill,general,9,10,1,8,domain_oracle,1500,8,0.2520833333333333,0.0,1.0,3.9669421487603307,0.0,1.0
prefill,general,9,10,1,8,previous_window,1500,8,0.22458333333333333,0.0,1.0,4.452690166975882,0.00133422281521014,0.9982459168583251
prefill,general,9,10,1,8,static,1500,8,0.17033333333333334,0.0,1.0,5.870841487279844,0.0,1.0
prefill,general,9,10,1,8,transition,1500,8,0.6433333333333333,0.007333333333333333,1.0,1.5544041450777202,0.6706971314209473,0.2555314524627393
prefill,general,9,10,1,16,domain_oracle,1500,8,0.41883333333333334,0.0026666666666666666,2.0,4.77516912057302,0.0,1.0
prefill,general,9,10,1,16,previous_window,1500,8,0.38866666666666666,0.0033333333333333335,2.0,5.145797598627787,0.0011674449633088727,0.9983867782110087
prefill,general,9,10,1,16,static,1500,8,0.293,0.0,2.0,6.825938566552901,0.0,1.0
prefill,general,9,10,1,16,transition,1500,8,0.8528333333333333,0.30533333333333335,2.0,2.345124096150088,0.5409856571047365,0.3486906627305387
prefill,general,9,10,1,32,domain_oracle,1500,8,0.6685,0.13,4.0,5.983545250560957,0.0,1.0
prefill,general,9,10,1,32,previous_window,1500,8,0.65075,0.12,4.0,6.146753745678064,0.0007296531020680453,0.9988594885549066
prefill,general,9,10,1,32,static,1500,8,0.6050833333333333,0.020666666666666667,4.0,6.610659688748107,0.0,1.0
prefill,general,9,10,1,32,transition,1500,8,0.9740833333333333,0.8286666666666667,4.0,4.106424843870306,0.35154686457638423,0.514836376015301
prefill,general,9,11,2,8,domain_oracle,1500,8,0.232,0.0,1.0,4.310344827586207,0.0,1.0
prefill,general,9,11,2,8,previous_window,1500,8,0.1885,0.0,1.0,5.305039787798409,0.0018345563709139426,0.9978300552016361
prefill,general,9,11,2,8,static,1500,8,0.15716666666666668,0.0,1.0,6.362672322375397,0.0,1.0
prefill,general,9,11,2,8,transition,1500,8,0.5911666666666666,0.004666666666666667,1.0,1.691570341133352,0.6128252168112075,0.2984137647246382
prefill,general,9,11,2,16,domain_oracle,1500,8,0.4211666666666667,0.0006666666666666666,2.0,4.748713889988128,0.0,1.0
prefill,general,9,11,2,16,previous_window,1500,8,0.37366666666666665,0.0006666666666666666,2.0,5.352363960749331,0.0012925283522348232,0.9982628032214713
prefill,general,9,11,2,16,static,1500,8,0.31708333333333333,0.0006666666666666666,2.0,6.307490144546649,0.0,1.0
prefill,general,9,11,2,16,transition,1500,8,0.7918333333333333,0.184,2.0,2.5257840454641127,0.45813875917278185,0.41031247668588194
prefill,general,9,11,2,32,domain_oracle,1500,8,0.6871666666666667,0.11066666666666666,4.0,5.821004123211254,0.0,1.0
prefill,general,9,11,2,32,previous_window,1500,8,0.6855,0.09933333333333333,4.0,5.835156819839534,0.0006045697131420948,0.9990245161973683
prefill,general,9,11,2,32,static,1500,8,0.5918333333333333,0.028666666666666667,4.0,6.758659532526049,0.0,1.0
prefill,general,9,11,2,32,transition,1500,8,0.9384166666666667,0.6253333333333333,4.0,4.262498889974247,0.31944212808539024,0.5432888884513759
prefill,general,9,12,3,8,domain_oracle,1500,8,0.25566666666666665,0.0,1.0,3.911342894393742,0.0,1.0
prefill,general,9,12,3,8,previous_window,1500,8,0.22441666666666665,0.0,1.0,4.455997029335314,0.0014176117411607739,0.998193667573254
prefill,general,9,12,3,8,static,1500,8,0.20025,0.0,1.0,4.9937578027465666,0.0,1.0
prefill,general,9,12,3,8,transition,1500,8,0.5626666666666666,0.005333333333333333,1.0,1.7772511848341233,0.5838058705803869,0.3167982562245406
prefill,general,9,12,3,16,domain_oracle,1500,8,0.43866666666666665,0.0013333333333333333,2.0,4.5592705167173255,0.0,1.0
prefill,general,9,12,3,16,previous_window,1500,8,0.418,0.006666666666666667,2.0,4.784688995215311,0.0009589726484322882,0.9986033477114487
prefill,general,9,12,3,16,static,1500,8,0.3446666666666667,0.002,2.0,5.802707930367505,0.0,1.0
prefill,general,9,12,3,16,transition,1500,8,0.7944166666666667,0.256,2.0,2.5175705444246304,0.46260006671114073,0.4074042531565299
prefill,general,9,12,3,32,domain_oracle,1500,8,0.6798333333333333,0.12,4.0,5.883795047805835,0.0,1.0
prefill,general,9,12,3,32,previous_window,1500,8,0.6755833333333333,0.098,4.0,5.920809177254225,0.0006462641761174116,0.9989720663534213
prefill,general,9,12,3,32,static,1500,8,0.6251666666666666,0.09666666666666666,4.0,6.398293788323114,0.0,1.0
prefill,general,9,12,3,32,transition,1500,8,0.9450833333333334,0.6893333333333334,4.0,4.232431002557094,0.3185665443629086,0.5451480909999922
prefill,general,9,13,4,8,domain_oracle,1500,8,0.21708333333333332,0.0,1.0,4.606525911708253,0.0,1.0
prefill,general,9,13,4,8,previous_window,1500,8,0.1885,0.0,1.0,5.305039787798409,0.0018345563709139426,0.9978300552016363
prefill,general,9,13,4,8,static,1500,8,0.11183333333333334,0.0,1.0,8.941877794336811,0.0,1.0
prefill,general,9,13,4,8,transition,1500,8,0.5013333333333333,0.002,1.0,1.9946808510638299,0.6129919946631087,0.3002305529323536
prefill,general,9,13,4,16,domain_oracle,1500,8,0.40258333333333335,0.0013333333333333333,2.0,4.967915545435727,0.0,1.0
prefill,general,9,13,4,16,previous_window,1500,8,0.3893333333333333,0.0013333333333333333,2.0,5.136986301369863,0.001042361574382922,0.9985022953378669
prefill,general,9,13,4,16,static,1500,8,0.25975,0.0006666666666666666,2.0,7.699711260827719,0.0,1.0
prefill,general,9,13,4,16,transition,1500,8,0.685,0.074,2.0,2.9197080291970803,0.48507338225483654,0.3879134172633213
prefill,general,9,13,4,32,domain_oracle,1500,8,0.6899166666666666,0.08866666666666667,4.0,5.797801666867979,0.0,1.0
prefill,general,9,13,4,32,previous_window,1500,8,0.6634166666666667,0.068,4.0,6.029393292299963,0.0007296531020680453,0.9988734747166113
prefill,general,9,13,4,32,static,1500,8,0.6194166666666666,0.038,4.0,6.4576886855912825,0.0,1.0
prefill,general,9,13,4,32,transition,1500,8,0.8918333333333334,0.47933333333333333,4.0,4.485142963931976,0.30605820547031354,0.5548858699921954
prefill,general,9,14,5,8,domain_oracle,1500,8,0.2559166666666667,0.0,1.0,3.9075219798111362,0.0,1.0
prefill,general,9,14,5,8,previous_window,1500,8,0.2255,0.0,1.0,4.434589800443459,0.0015843895930620414,0.9980255457240115
prefill,general,9,14,5,8,static,1500,8,0.13841666666666666,0.0,1.0,7.2245635159542445,0.0,1.0
prefill,general,9,14,5,8,transition,1500,8,0.5633333333333334,0.010666666666666666,1.0,1.7751479289940828,0.649599733155437,0.2747138859213574
prefill,general,9,14,5,16,domain_oracle,1500,8,0.42075,0.008,2.0,4.753416518122401,0.0,1.0
prefill,general,9,14,5,16,previous_window,1500,8,0.40408333333333335,0.004,2.0,4.949474118374923,0.0011257505003335556,0.9984254513360875
prefill,general,9,14,5,16,static,1500,8,0.34341666666666665,0.0006666666666666666,2.0,5.823829167677748,0.0,1.0
prefill,general,9,14,5,16,transition,1500,8,0.7494166666666666,0.18,2.0,2.6687423551651284,0.5061290860573716,0.3761619879372008
prefill,general,9,14,5,32,domain_oracle,1500,8,0.7023333333333334,0.11333333333333333,4.0,5.695301376364499,0.0,1.0
prefill,general,9,14,5,32,previous_window,1500,8,0.67875,0.06733333333333333,4.0,5.893186003683241,0.0006879586390927285,0.9989274818108076
prefill,general,9,14,5,32,static,1500,8,0.62075,0.04066666666666666,4.0,6.443817962142569,0.0,1.0
prefill,general,9,14,5,32,transition,1500,8,0.91625,0.5633333333333334,4.0,4.365620736698499,0.30459889926617745,0.5547044639242152
prefill,general,9,15,6,8,domain_oracle,1500,8,0.278,0.0,1.0,3.597122302158273,0.0,1.0
prefill,general,9,15,6,8,previous_window,1500,8,0.2648333333333333,0.0,1.0,3.775959723096287,0.00133422281521014,0.998233476552356
prefill,general,9,15,6,8,static,1500,8,0.16475,0.0,1.0,6.0698027314112295,0.0,1.0
prefill,general,9,15,6,8,transition,1500,8,0.48175,0.004,1.0,2.075765438505449,0.5788025350233489,0.3231898929030353
prefill,general,9,15,6,16,domain_oracle,1500,8,0.4683333333333333,0.006,2.0,4.270462633451957,0.0,1.0
prefill,general,9,15,6,16,previous_window,1500,8,0.43816666666666665,0.004666666666666667,2.0,4.564473183720046,0.0009172781854569713,0.9986555075271734
prefill,general,9,15,6,16,static,1500,8,0.35208333333333336,0.0,2.0,5.680473372781065,0.0,1.0
prefill,general,9,15,6,16,transition,1500,8,0.7235,0.16933333333333334,2.0,2.7643400138217,0.4407104736490994,0.42762311425874305
prefill,general,9,15,6,32,domain_oracle,1500,8,0.7421666666666666,0.188,4.0,5.389624971929036,0.0,1.0
prefill,general,9,15,6,32,previous_window,1500,8,0.7125833333333333,0.12133333333333333,4.0,5.6133785522161155,0.0005837224816544363,0.9990565695983343
prefill,general,9,15,6,32,static,1500,8,0.6706666666666666,0.04933333333333333,4.0,5.964214711729622,0.0,1.0
prefill,general,9,15,6,32,transition,1500,8,0.8994166666666666,0.5266666666666666,4.0,4.447326971185027,0.28489826551034025,0.5760371346090484
prefill,general,10,11,1,8,domain_oracle,1500,8,0.232,0.0,1.0,4.310344827586207,0.0,1.0
prefill,general,10,11,1,8,previous_window,1500,8,0.1885,0.0,1.0,5.305039787798409,0.0018345563709139426,0.9978300552016361
prefill,general,10,11,1,8,static,1500,8,0.15716666666666668,0.0,1.0,6.362672322375397,0.0,1.0
prefill,general,10,11,1,8,transition,1500,8,0.60325,0.002,1.0,1.6576875259013677,0.6224149432955304,0.28400255885245895
prefill,general,10,11,1,16,domain_oracle,1500,8,0.4211666666666667,0.0006666666666666666,2.0,4.748713889988128,0.0,1.0
prefill,general,10,11,1,16,previous_window,1500,8,0.37366666666666665,0.0006666666666666666,2.0,5.352363960749331,0.0012925283522348232,0.9982628032214713
prefill,general,10,11,1,16,static,1500,8,0.31708333333333333,0.0006666666666666666,2.0,6.307490144546649,0.0,1.0
prefill,general,10,11,1,16,transition,1500,8,0.8096666666666666,0.178,2.0,2.470152326060107,0.4664359573048699,0.3978632318533663
prefill,general,10,11,1,32,domain_oracle,1500,8,0.6871666666666667,0.11066666666666666,4.0,5.821004123211254,0.0,1.0
prefill,general,10,11,1,32,previous_window,1500,8,0.6855,0.09933333333333333,4.0,5.835156819839534,0.0006045697131420948,0.9990245161973683
prefill,general,10,11,1,32,static,1500,8,0.5918333333333333,0.028666666666666667,4.0,6.758659532526049,0.0,1.0
prefill,general,10,11,1,32,transition,1500,8,0.9461666666666667,0.6706666666666666,4.0,4.227584992073278,0.31652351567711806,0.5441165491162345
prefill,general,10,12,2,8,domain_oracle,1500,8,0.25566666666666665,0.0,1.0,3.911342894393742,0.0,1.0
prefill,general,10,12,2,8,previous_window,1500,8,0.22441666666666665,0.0,1.0,4.455997029335314,0.0014176117411607739,0.998193667573254
prefill,general,10,12,2,8,static,1500,8,0.20025,0.0,1.0,4.9937578027465666,0.0,1.0
prefill,general,10,12,2,8,transition,1500,8,0.5905,0.002,1.0,1.6934801016088061,0.5975650433622415,0.2985784951095165
prefill,general,10,12,2,16,domain_oracle,1500,8,0.43866666666666665,0.0013333333333333333,2.0,4.5592705167173255,0.0,1.0
prefill,general,10,12,2,16,previous_window,1500,8,0.418,0.006666666666666667,2.0,4.784688995215311,0.0009589726484322882,0.9986033477114487
prefill,general,10,12,2,16,static,1500,8,0.3446666666666667,0.002,2.0,5.802707930367505,0.0,1.0
prefill,general,10,12,2,16,transition,1500,8,0.8281666666666667,0.2853333333333333,2.0,2.414972831555645,0.48448965977318215,0.3845107751723717
prefill,general,10,12,2,32,domain_oracle,1500,8,0.6798333333333333,0.12,4.0,5.883795047805835,0.0,1.0
prefill,general,10,12,2,32,previous_window,1500,8,0.6755833333333333,0.098,4.0,5.920809177254225,0.0006462641761174116,0.9989720663534213
prefill,general,10,12,2,32,static,1500,8,0.6251666666666666,0.09666666666666666,4.0,6.398293788323114,0.0,1.0
prefill,general,10,12,2,32,transition,1500,8,0.9565,0.7406666666666667,4.0,4.181913225300575,0.31518929286190794,0.5470492594568276
prefill,general,10,13,3,8,domain_oracle,1500,8,0.21708333333333332,0.0,1.0,4.606525911708253,0.0,1.0
prefill,general,10,13,3,8,previous_window,1500,8,0.1885,0.0,1.0,5.305039787798409,0.0018345563709139426,0.9978300552016363
prefill,general,10,13,3,8,static,1500,8,0.11183333333333334,0.0,1.0,8.941877794336811,0.0,1.0
prefill,general,10,13,3,8,transition,1500,8,0.53175,0.0033333333333333335,1.0,1.8805829807240244,0.659606404269513,0.25912573824515117
prefill,general,10,13,3,16,domain_oracle,1500,8,0.40258333333333335,0.0013333333333333333,2.0,4.967915545435727,0.0,1.0
prefill,general,10,13,3,16,previous_window,1500,8,0.3893333333333333,0.0013333333333333333,2.0,5.136986301369863,0.001042361574382922,0.9985022953378669
prefill,general,10,13,3,16,static,1500,8,0.25975,0.0006666666666666666,2.0,7.699711260827719,0.0,1.0
prefill,general,10,13,3,16,transition,1500,8,0.7230833333333333,0.10933333333333334,2.0,2.7659329261265415,0.49120246831220815,0.3785844601800666
prefill,general,10,13,3,32,domain_oracle,1500,8,0.6899166666666666,0.08866666666666667,4.0,5.797801666867979,0.0,1.0
prefill,general,10,13,3,32,previous_window,1500,8,0.6634166666666667,0.068,4.0,6.029393292299963,0.0007296531020680453,0.9988734747166113
prefill,general,10,13,3,32,static,1500,8,0.6194166666666666,0.038,4.0,6.4576886855912825,0.0,1.0
prefill,general,10,13,3,32,transition,1500,8,0.91125,0.5506666666666666,4.0,4.3895747599451305,0.30503669112741827,0.5547540756543273
prefill,general,10,14,4,8,domain_oracle,1500,8,0.2559166666666667,0.0,1.0,3.9075219798111362,0.0,1.0
prefill,general,10,14,4,8,previous_window,1500,8,0.2255,0.0,1.0,4.434589800443459,0.0015843895930620414,0.9980255457240115
prefill,general,10,14,4,8,static,1500,8,0.13841666666666666,0.0,1.0,7.2245635159542445,0.0,1.0
prefill,general,10,14,4,8,transition,1500,8,0.595,0.010666666666666666,1.0,1.680672268907563,0.6832054703135424,0.24516764089812756
prefill,general,10,14,4,16,domain_oracle,1500,8,0.42075,0.008,2.0,4.753416518122401,0.0,1.0
prefill,general,10,14,4,16,previous_window,1500,8,0.40408333333333335,0.004,2.0,4.949474118374923,0.0011257505003335556,0.9984254513360875
prefill,general,10,14,4,16,static,1500,8,0.34341666666666665,0.0006666666666666666,2.0,5.823829167677748,0.0,1.0
prefill,general,10,14,4,16,transition,1500,8,0.78075,0.22,2.0,2.5616394492475183,0.5178452301534356,0.36098368299055156
prefill,general,10,14,4,32,domain_oracle,1500,8,0.7023333333333334,0.11333333333333333,4.0,5.695301376364499,0.0,1.0
prefill,general,10,14,4,32,previous_window,1500,8,0.67875,0.06733333333333333,4.0,5.893186003683241,0.0006879586390927285,0.9989274818108076
prefill,general,10,14,4,32,static,1500,8,0.62075,0.04066666666666666,4.0,6.443817962142569,0.0,1.0
prefill,general,10,14,4,32,transition,1500,8,0.9326666666666666,0.61,4.0,4.288777698355968,0.30855987324883255,0.5497605690399873
prefill,general,10,15,5,8,domain_oracle,1500,8,0.278,0.0,1.0,3.597122302158273,0.0,1.0
prefill,general,10,15,5,8,previous_window,1500,8,0.2648333333333333,0.0,1.0,3.775959723096287,0.00133422281521014,0.998233476552356
prefill,general,10,15,5,8,static,1500,8,0.16475,0.0,1.0,6.0698027314112295,0.0,1.0
prefill,general,10,15,5,8,transition,1500,8,0.5175833333333333,0.0026666666666666666,1.0,1.9320560296248592,0.592895263509006,0.30944550224069856
prefill,general,10,15,5,16,domain_oracle,1500,8,0.4683333333333333,0.006,2.0,4.270462633451957,0.0,1.0
prefill,general,10,15,5,16,previous_window,1500,8,0.43816666666666665,0.004666666666666667,2.0,4.564473183720046,0.0009172781854569713,0.9986555075271734
prefill,general,10,15,5,16,static,1500,8,0.35208333333333336,0.0,2.0,5.680473372781065,0.0,1.0
prefill,general,10,15,5,16,transition,1500,8,0.7551666666666667,0.20733333333333334,2.0,2.64842198190245,0.46335056704469646,0.4052411206526768
prefill,general,10,15,5,32,domain_oracle,1500,8,0.7421666666666666,0.188,4.0,5.389624971929036,0.0,1.0
prefill,general,10,15,5,32,previous_window,1500,8,0.7125833333333333,0.12133333333333333,4.0,5.6133785522161155,0.0005837224816544363,0.9990565695983343
prefill,general,10,15,5,32,static,1500,8,0.6706666666666666,0.04933333333333333,4.0,5.964214711729622,0.0,1.0
prefill,general,10,15,5,32,transition,1500,8,0.9156666666666666,0.5986666666666667,4.0,4.368401892974154,0.2909856571047365,0.5681003515560816
prefill,general,11,12,1,8,domain_oracle,1500,8,0.25566666666666665,0.0,1.0,3.911342894393742,0.0,1.0
prefill,general,11,12,1,8,previous_window,1500,8,0.22441666666666665,0.0,1.0,4.455997029335314,0.0014176117411607739,0.998193667573254
prefill,general,11,12,1,8,static,1500,8,0.20025,0.0,1.0,4.9937578027465666,0.0,1.0
prefill,general,11,12,1,8,transition,1500,8,0.6148333333333333,0.0006666666666666666,1.0,1.626457034426674,0.5796364242828552,0.3149457909964915
prefill,general,11,12,1,16,domain_oracle,1500,8,0.43866666666666665,0.0013333333333333333,2.0,4.5592705167173255,0.0,1.0
prefill,general,11,12,1,16,previous_window,1500,8,0.418,0.006666666666666667,2.0,4.784688995215311,0.0009589726484322882,0.9986033477114487
prefill,general,11,12,1,16,static,1500,8,0.3446666666666667,0.002,2.0,5.802707930367505,0.0,1.0
prefill,general,11,12,1,16,transition,1500,8,0.8499166666666667,0.3006666666666667,2.0,2.353171879596039,0.4683122081387592,0.4008196578996812
prefill,general,11,12,1,32,domain_oracle,1500,8,0.6798333333333333,0.12,4.0,5.883795047805835,0.0,1.0
prefill,general,11,12,1,32,previous_window,1500,8,0.6755833333333333,0.098,4.0,5.920809177254225,0.0006462641761174116,0.9989720663534213
prefill,general,11,12,1,32,static,1500,8,0.6251666666666666,0.09666666666666666,4.0,6.398293788323114,0.0,1.0
prefill,general,11,12,1,32,transition,1500,8,0.9660833333333333,0.7766666666666666,4.0,4.140429569567843,0.30649599733155436,0.5524666646446872
prefill,general,11,13,2,8,domain_oracle,1500,8,0.21708333333333332,0.0,1.0,4.606525911708253,0.0,1.0
prefill,general,11,13,2,8,previous_window,1500,8,0.1885,0.0,1.0,5.305039787798409,0.0018345563709139426,0.9978300552016363
prefill,general,11,13,2,8,static,1500,8,0.11183333333333334,0.0,1.0,8.941877794336811,0.0,1.0
prefill,general,11,13,2,8,transition,1500,8,0.5619166666666666,0.0006666666666666666,1.0,1.7796233130654011,0.6239993328885924,0.2864333057795361
prefill,general,11,13,2,16,domain_oracle,1500,8,0.40258333333333335,0.0013333333333333333,2.0,4.967915545435727,0.0,1.0
prefill,general,11,13,2,16,previous_window,1500,8,0.3893333333333333,0.0013333333333333333,2.0,5.136986301369863,0.001042361574382922,0.9985022953378669
prefill,general,11,13,2,16,static,1500,8,0.25975,0.0006666666666666666,2.0,7.699711260827719,0.0,1.0
prefill,general,11,13,2,16,transition,1500,8,0.7595,0.13,2.0,2.633311389071758,0.48728318879252835,0.3834666336502682
prefill,general,11,13,2,32,domain_oracle,1500,8,0.6899166666666666,0.08866666666666667,4.0,5.797801666867979,0.0,1.0
prefill,general,11,13,2,32,previous_window,1500,8,0.6634166666666667,0.068,4.0,6.029393292299963,0.0007296531020680453,0.9988734747166113
prefill,general,11,13,2,32,static,1500,8,0.6194166666666666,0.038,4.0,6.4576886855912825,0.0,1.0
prefill,general,11,13,2,32,transition,1500,8,0.9269166666666667,0.5813333333333334,4.0,4.315382540681471,0.30088809206137423,0.5582794363348685
prefill,general,11,14,3,8,domain_oracle,1500,8,0.2559166666666667,0.0,1.0,3.9075219798111362,0.0,1.0
prefill,general,11,14,3,8,previous_window,1500,8,0.2255,0.0,1.0,4.434589800443459,0.0015843895930620414,0.9980255457240115
prefill,general,11,14,3,8,static,1500,8,0.13841666666666666,0.0,1.0,7.2245635159542445,0.0,1.0
prefill,general,11,14,3,8,transition,1500,8,0.6219166666666667,0.010666666666666666,1.0,1.6079324668363928,0.6607738492328219,0.26872931382604404
prefill,general,11,14,3,16,domain_oracle,1500,8,0.42075,0.008,2.0,4.753416518122401,0.0,1.0
prefill,general,11,14,3,16,previous_window,1500,8,0.40408333333333335,0.004,2.0,4.949474118374923,0.0011257505003335556,0.9984254513360875
prefill,general,11,14,3,16,static,1500,8,0.34341666666666665,0.0006666666666666666,2.0,5.823829167677748,0.0,1.0
prefill,general,11,14,3,16,transition,1500,8,0.811,0.244,2.0,2.466091245376079,0.5110907271514343,0.3672225020216072
prefill,general,11,14,3,32,domain_oracle,1500,8,0.7023333333333334,0.11333333333333333,4.0,5.695301376364499,0.0,1.0
prefill,general,11,14,3,32,previous_window,1500,8,0.67875,0.06733333333333333,4.0,5.893186003683241,0.0006879586390927285,0.9989274818108076
prefill,general,11,14,3,32,static,1500,8,0.62075,0.04066666666666666,4.0,6.443817962142569,0.0,1.0
prefill,general,11,14,3,32,transition,1500,8,0.9450833333333334,0.656,4.0,4.232431002557094,0.29553035356904606,0.5638679215549932
prefill,general,11,15,4,8,domain_oracle,1500,8,0.278,0.0,1.0,3.597122302158273,0.0,1.0
prefill,general,11,15,4,8,previous_window,1500,8,0.2648333333333333,0.0,1.0,3.775959723096287,0.00133422281521014,0.998233476552356
prefill,general,11,15,4,8,static,1500,8,0.16475,0.0,1.0,6.0698027314112295,0.0,1.0
prefill,general,11,15,4,8,transition,1500,8,0.53425,0.006,1.0,1.8717828731867103,0.5750500333555704,0.3284088826450399
prefill,general,11,15,4,16,domain_oracle,1500,8,0.4683333333333333,0.006,2.0,4.270462633451957,0.0,1.0
prefill,general,11,15,4,16,previous_window,1500,8,0.43816666666666665,0.004666666666666667,2.0,4.564473183720046,0.0009172781854569713,0.9986555075271734
prefill,general,11,15,4,16,static,1500,8,0.35208333333333336,0.0,2.0,5.680473372781065,0.0,1.0
prefill,general,11,15,4,16,transition,1500,8,0.767,0.20666666666666667,2.0,2.607561929595828,0.4482988659106071,0.42102334380959683
prefill,general,11,15,4,32,domain_oracle,1500,8,0.7421666666666666,0.188,4.0,5.389624971929036,0.0,1.0
prefill,general,11,15,4,32,previous_window,1500,8,0.7125833333333333,0.12133333333333333,4.0,5.6133785522161155,0.0005837224816544363,0.9990565695983343
prefill,general,11,15,4,32,static,1500,8,0.6706666666666666,0.04933333333333333,4.0,5.964214711729622,0.0,1.0
prefill,general,11,15,4,32,transition,1500,8,0.933,0.6266666666666667,4.0,4.287245444801715,0.28398098732488325,0.5752523711233438
prefill,general,12,13,1,8,domain_oracle,1500,8,0.21708333333333332,0.0,1.0,4.606525911708253,0.0,1.0
prefill,general,12,13,1,8,previous_window,1500,8,0.1885,0.0,1.0,5.305039787798409,0.0018345563709139426,0.9978300552016363
prefill,general,12,13,1,8,static,1500,8,0.11183333333333334,0.0,1.0,8.941877794336811,0.0,1.0
prefill,general,12,13,1,8,transition,1500,8,0.5863333333333334,0.004666666666666667,1.0,1.7055144968732234,0.6374249499666444,0.27242417355826243
prefill,general,12,13,1,16,domain_oracle,1500,8,0.40258333333333335,0.0013333333333333333,2.0,4.967915545435727,0.0,1.0
prefill,general,12,13,1,16,previous_window,1500,8,0.3893333333333333,0.0013333333333333333,2.0,5.136986301369863,0.001042361574382922,0.9985022953378669
prefill,general,12,13,1,16,static,1500,8,0.25975,0.0006666666666666666,2.0,7.699711260827719,0.0,1.0
prefill,general,12,13,1,16,transition,1500,8,0.7768333333333334,0.13733333333333334,2.0,2.5745548165629693,0.48978485657104737,0.38049569347382867
prefill,general,12,13,1,32,domain_oracle,1500,8,0.6899166666666666,0.08866666666666667,4.0,5.797801666867979,0.0,1.0
prefill,general,12,13,1,32,previous_window,1500,8,0.6634166666666667,0.068,4.0,6.029393292299963,0.0007296531020680453,0.9988734747166113
prefill,general,12,13,1,32,static,1500,8,0.6194166666666666,0.038,4.0,6.4576886855912825,0.0,1.0
prefill,general,12,13,1,32,transition,1500,8,0.9320833333333334,0.6106666666666667,4.0,4.29146177916853,0.29319546364242827,0.5678535034407568
prefill,general,12,14,2,8,domain_oracle,1500,8,0.2559166666666667,0.0,1.0,3.9075219798111362,0.0,1.0
prefill,general,12,14,2,8,previous_window,1500,8,0.2255,0.0,1.0,4.434589800443459,0.0015843895930620414,0.9980255457240115
prefill,general,12,14,2,8,static,1500,8,0.13841666666666666,0.0,1.0,7.2245635159542445,0.0,1.0
prefill,general,12,14,2,8,transition,1500,8,0.6561666666666667,0.008666666666666666,1.0,1.524003048006096,0.6806204136090727,0.24702617818028064
prefill,general,12,14,2,16,domain_oracle,1500,8,0.42075,0.008,2.0,4.753416518122401,0.0,1.0
prefill,general,12,14,2,16,previous_window,1500,8,0.40408333333333335,0.004,2.0,4.949474118374923,0.0011257505003335556,0.9984254513360875
prefill,general,12,14,2,16,static,1500,8,0.34341666666666665,0.0006666666666666666,2.0,5.823829167677748,0.0,1.0
prefill,general,12,14,2,16,transition,1500,8,0.8360833333333333,0.2753333333333333,2.0,2.3921060500348847,0.524599733155437,0.355519213585689
prefill,general,12,14,2,32,domain_oracle,1500,8,0.7023333333333334,0.11333333333333333,4.0,5.695301376364499,0.0,1.0
prefill,general,12,14,2,32,previous_window,1500,8,0.67875,0.06733333333333333,4.0,5.893186003683241,0.0006879586390927285,0.9989274818108076
prefill,general,12,14,2,32,static,1500,8,0.62075,0.04066666666666666,4.0,6.443817962142569,0.0,1.0
prefill,general,12,14,2,32,transition,1500,8,0.9493333333333334,0.6733333333333333,4.0,4.213483146067416,0.3019513008672448,0.5570459048936296
prefill,general,12,15,3,8,domain_oracle,1500,8,0.278,0.0,1.0,3.597122302158273,0.0,1.0
prefill,general,12,15,3,8,previous_window,1500,8,0.2648333333333333,0.0,1.0,3.775959723096287,0.00133422281521014,0.998233476552356
prefill,general,12,15,3,8,static,1500,8,0.16475,0.0,1.0,6.0698027314112295,0.0,1.0
prefill,general,12,15,3,8,transition,1500,8,0.5601666666666667,0.006666666666666667,1.0,1.7851829812555786,0.5845563709139426,0.3134048517637573
prefill,general,12,15,3,16,domain_oracle,1500,8,0.4683333333333333,0.006,2.0,4.270462633451957,0.0,1.0
prefill,general,12,15,3,16,previous_window,1500,8,0.43816666666666665,0.004666666666666667,2.0,4.564473183720046,0.0009172781854569713,0.9986555075271734
prefill,general,12,15,3,16,static,1500,8,0.35208333333333336,0.0,2.0,5.680473372781065,0.0,1.0
prefill,general,12,15,3,16,transition,1500,8,0.801,0.252,2.0,2.4968789013732833,0.45538692461641095,0.41619473809039015
prefill,general,12,15,3,32,domain_oracle,1500,8,0.7421666666666666,0.188,4.0,5.389624971929036,0.0,1.0
prefill,general,12,15,3,32,previous_window,1500,8,0.7125833333333333,0.12133333333333333,4.0,5.6133785522161155,0.0005837224816544363,0.9990565695983343
prefill,general,12,15,3,32,static,1500,8,0.6706666666666666,0.04933333333333333,4.0,5.964214711729622,0.0,1.0
prefill,general,12,15,3,32,transition,1500,8,0.9393333333333334,0.6786666666666666,4.0,4.258339247693399,0.28790026684456305,0.5736894704442327
prefill,general,13,14,1,8,domain_oracle,1500,8,0.2559166666666667,0.0,1.0,3.9075219798111362,0.0,1.0
prefill,general,13,14,1,8,previous_window,1500,8,0.2255,0.0,1.0,4.434589800443459,0.0015843895930620414,0.9980255457240115
prefill,general,13,14,1,8,static,1500,8,0.13841666666666666,0.0,1.0,7.2245635159542445,0.0,1.0
prefill,general,13,14,1,8,transition,1500,8,0.6593333333333333,0.021333333333333333,1.0,1.5166835187057635,0.6637758505670447,0.2614734757496595
prefill,general,13,14,1,16,domain_oracle,1500,8,0.42075,0.008,2.0,4.753416518122401,0.0,1.0
prefill,general,13,14,1,16,previous_window,1500,8,0.40408333333333335,0.004,2.0,4.949474118374923,0.0011257505003335556,0.9984254513360875
prefill,general,13,14,1,16,static,1500,8,0.34341666666666665,0.0006666666666666666,2.0,5.823829167677748,0.0,1.0
prefill,general,13,14,1,16,transition,1500,8,0.838,0.294,2.0,2.386634844868735,0.5231821214142762,0.3556038845976487
prefill,general,13,14,1,32,domain_oracle,1500,8,0.7023333333333334,0.11333333333333333,4.0,5.695301376364499,0.0,1.0
prefill,general,13,14,1,32,previous_window,1500,8,0.67875,0.06733333333333333,4.0,5.893186003683241,0.0006879586390927285,0.9989274818108076
prefill,general,13,14,1,32,static,1500,8,0.62075,0.04066666666666666,4.0,6.443817962142569,0.0,1.0
prefill,general,13,14,1,32,transition,1500,8,0.9483333333333334,0.6686666666666666,4.0,4.21792618629174,0.29903268845897263,0.5585839184847857
prefill,general,13,15,2,8,domain_oracle,1500,8,0.278,0.0,1.0,3.597122302158273,0.0,1.0
prefill,general,13,15,2,8,previous_window,1500,8,0.2648333333333333,0.0,1.0,3.775959723096287,0.00133422281521014,0.998233476552356
prefill,general,13,15,2,8,static,1500,8,0.16475,0.0,1.0,6.0698027314112295,0.0,1.0
prefill,general,13,15,2,8,transition,1500,8,0.57225,0.007333333333333333,1.0,1.747487986020096,0.5953135423615744,0.3089844259957667
prefill,general,13,15,2,16,domain_oracle,1500,8,0.4683333333333333,0.006,2.0,4.270462633451957,0.0,1.0
prefill,general,13,15,2,16,previous_window,1500,8,0.43816666666666665,0.004666666666666667,2.0,4.564473183720046,0.0009172781854569713,0.9986555075271734
prefill,general,13,15,2,16,static,1500,8,0.35208333333333336,0.0,2.0,5.680473372781065,0.0,1.0
prefill,general,13,15,2,16,transition,1500,8,0.8118333333333333,0.264,2.0,2.463559843974543,0.4597648432288192,0.40922436655834804
prefill,general,13,15,2,32,domain_oracle,1500,8,0.7421666666666666,0.188,4.0,5.389624971929036,0.0,1.0
prefill,general,13,15,2,32,previous_window,1500,8,0.7125833333333333,0.12133333333333333,4.0,5.6133785522161155,0.0005837224816544363,0.9990565695983343
prefill,general,13,15,2,32,static,1500,8,0.6706666666666666,0.04933333333333333,4.0,5.964214711729622,0.0,1.0
prefill,general,13,15,2,32,transition,1500,8,0.9404166666666667,0.6606666666666666,4.0,4.253433761630483,0.28408522348232157,0.5755946149809434
prefill,general,14,15,1,8,domain_oracle,1500,8,0.278,0.0,1.0,3.597122302158273,0.0,1.0
prefill,general,14,15,1,8,previous_window,1500,8,0.2648333333333333,0.0,1.0,3.775959723096287,0.00133422281521014,0.998233476552356
prefill,general,14,15,1,8,static,1500,8,0.16475,0.0,1.0,6.0698027314112295,0.0,1.0
prefill,general,14,15,1,8,transition,1500,8,0.5789166666666666,0.007333333333333333,1.0,1.727364329926587,0.5978152101400934,0.3104652963225343
prefill,general,14,15,1,16,domain_oracle,1500,8,0.4683333333333333,0.006,2.0,4.270462633451957,0.0,1.0
prefill,general,14,15,1,16,previous_window,1500,8,0.43816666666666665,0.004666666666666667,2.0,4.564473183720046,0.0009172781854569713,0.9986555075271734
prefill,general,14,15,1,16,static,1500,8,0.35208333333333336,0.0,2.0,5.680473372781065,0.0,1.0
prefill,general,14,15,1,16,transition,1500,8,0.826,0.2886666666666667,2.0,2.4213075060532687,0.46510173448965975,0.4118476181507884
prefill,general,14,15,1,32,domain_oracle,1500,8,0.7421666666666666,0.188,4.0,5.389624971929036,0.0,1.0
prefill,general,14,15,1,32,previous_window,1500,8,0.7125833333333333,0.12133333333333333,4.0,5.6133785522161155,0.0005837224816544363,0.9990565695983343
prefill,general,14,15,1,32,static,1500,8,0.6706666666666666,0.04933333333333333,4.0,5.964214711729622,0.0,1.0
prefill,general,14,15,1,32,transition,1500,8,0.9575,0.7513333333333333,4.0,4.177545691906006,0.3030353569046031,0.5580704314716797
prefill,math,0,1,1,8,domain_oracle,516,8,0.25847868217054265,0.0,1.0,3.8687910028116215,0.0,1.0
prefill,math,0,1,1,8,previous_window,516,8,0.24152131782945738,0.0,1.0,4.140421263791374,0.002912621359223301,0.9961527145993165
prefill,math,0,1,1,8,static,516,8,0.18895348837209303,0.0,1.0,5.292307692307692,0.0,1.0
prefill,math,0,1,1,8,transition,516,8,0.342781007751938,0.0,1.0,2.917314487632509,0.4058252427184466,0.44455975523936747
prefill,math,0,1,1,16,domain_oracle,516,8,0.42974806201550386,0.0,2.0,4.653889515219842,0.0,1.0
prefill,math,0,1,1,16,previous_window,516,8,0.39728682170542634,0.0,2.0,5.034146341463415,0.002184466019417476,0.9968696675492792
prefill,math,0,1,1,16,static,516,8,0.3313953488372093,0.0,2.0,6.035087719298246,0.0,1.0
prefill,math,0,1,1,16,transition,516,8,0.5707364341085271,0.050387596899224806,2.0,3.504244482173175,0.37657766990291264,0.46821442346302067
prefill,math,0,1,1,32,domain_oracle,516,8,0.6875,0.050387596899224806,4.0,5.818181818181818,0.0,1.0
prefill,math,0,1,1,32,previous_window,516,8,0.6763565891472868,0.040697674418604654,4.0,5.91404011461318,0.0012135922330097086,0.9979927413754701
prefill,math,0,1,1,32,static,516,8,0.6298449612403101,0.046511627906976744,4.0,6.350769230769231,0.0,1.0
prefill,math,0,1,1,32,transition,516,8,0.7890019379844961,0.23062015503875968,4.0,5.069696039299969,0.23137135922330096,0.6310903324910865
prefill,math,0,2,2,8,domain_oracle,516,8,0.25920542635658916,0.0,1.0,3.857943925233645,0.0,1.0
prefill,math,0,2,2,8,previous_window,516,8,0.24733527131782945,0.0,1.0,4.043095004897159,0.0024271844660194173,0.9965872315386879
prefill,math,0,2,2,8,static,516,8,0.10295542635658915,0.0,1.0,9.712941176470588,0.0,1.0
prefill,math,0,2,2,8,transition,516,8,0.24612403100775193,0.0,1.0,4.062992125984252,0.4444174757281553,0.4120565087555377
prefill,math,0,2,2,16,domain_oracle,516,8,0.42926356589147285,0.0,2.0,4.659142212189616,0.0,1.0
prefill,math,0,2,2,16,previous_window,516,8,0.3871124031007752,0.0,2.0,5.166458072590738,0.0025485436893203884,0.9965477156865928
prefill,math,0,2,2,16,static,516,8,0.23909883720930233,0.0,2.0,8.364741641337385,0.0,1.0
prefill,math,0,2,2,16,transition,516,8,0.41957364341085274,0.0,2.0,4.766743648960739,0.36589805825242716,0.48097902576208246
prefill,math,0,2,2,32,domain_oracle,516,8,0.6959786821705426,0.06782945736434108,4.0,5.747302471284372,0.0,1.0
prefill,math,0,2,2,32,previous_window,516,8,0.658187984496124,0.03488372093023256,4.0,6.077291129922709,0.0018203883495145632,0.9972395242298157
prefill,math,0,2,2,32,static,516,8,0.5390019379844961,0.01937984496124031,4.0,7.421123595505618,0.0,1.0
prefill,math,0,2,2,32,transition,516,8,0.716327519379845,0.10465116279069768,4.0,5.584037876225905,0.22324029126213593,0.6435083611784719
prefill,math,0,3,3,8,domain_oracle,516,8,0.28294573643410853,0.0,1.0,3.5342465753424657,0.0,1.0
prefill,math,0,3,3,8,previous_window,516,8,0.26332364341085274,0.0,1.0,3.797608095676173,0.0031553398058252425,0.9959535610021047
prefill,math,0,3,3,8,static,516,8,0.22916666666666666,0.0,1.0,4.363636363636363,0.0,1.0
prefill,math,0,3,3,8,transition,516,8,0.3650678294573643,0.0,1.0,2.7392169873921697,0.4140776699029126,0.44122095811416184
prefill,math,0,3,3,16,domain_oracle,516,8,0.46148255813953487,0.0,2.0,4.333858267716535,0.0,1.0
prefill,math,0,3,3,16,previous_window,516,8,0.44622093023255816,0.0,2.0,4.482084690553746,0.001941747572815534,0.997091581557601
prefill,math,0,3,3,16,static,516,8,0.4103682170542636,0.0,2.0,4.873671782762692,0.0,1.0
prefill,math,0,3,3,16,transition,516,8,0.5794573643410853,0.03294573643410853,2.0,3.451505016722408,0.33737864077669905,0.5182234377998854
prefill,math,0,3,3,32,domain_oracle,516,8,0.7516957364341085,0.13178294573643412,4.0,5.32130196583951,0.0,1.0
prefill,math,0,3,3,32,previous_window,516,8,0.7272286821705426,0.1065891472868217,4.0,5.5003331112591605,0.0010315533980582525,0.9982533691271556
prefill,math,0,3,3,32,static,516,8,0.6993701550387597,0.08333333333333333,4.0,5.71943193626602,0.0,1.0
prefill,math,0,3,3,32,transition,516,8,0.7996608527131783,0.22286821705426357,4.0,5.002120569524386,0.18737864077669902,0.6929888317481598
prefill,math,0,4,4,8,domain_oracle,516,8,0.3236434108527132,0.0,1.0,3.089820359281437,0.0,1.0
prefill,math,0,4,4,8,previous_window,516,8,0.28125,0.0,1.0,3.5555555555555554,0.0031553398058252425,0.9959173512571571
prefill,math,0,4,4,8,static,516,8,0.20784883720930233,0.0,1.0,4.811188811188811,0.0,1.0
prefill,math,0,4,4,8,transition,516,8,0.3028100775193798,0.0,1.0,3.3024,0.3213592233009709,0.5303271054727368
prefill,math,0,4,4,16,domain_oracle,516,8,0.5002422480620154,0.01744186046511628,2.0,3.9980629539951575,0.0,1.0
prefill,math,0,4,4,16,previous_window,516,8,0.49636627906976744,0.011627906976744186,2.0,4.029282576866764,0.0015776699029126213,0.997521960240407
prefill,math,0,4,4,16,static,516,8,0.3757267441860465,0.0,2.0,5.323017408123791,0.0,1.0
prefill,math,0,4,4,16,transition,516,8,0.5065406976744186,0.007751937984496124,2.0,3.9483500717360114,0.2752427184466019,0.5815692843176252
prefill,math,0,4,4,32,domain_oracle,516,8,0.7705910852713178,0.1569767441860465,4.0,5.190820496699152,0.0,1.0
prefill,math,0,4,4,32,previous_window,516,8,0.750968992248062,0.1065891472868217,4.0,5.3264516129032256,0.001092233009708738,0.9981737076882709
prefill,math,0,4,4,32,static,516,8,0.623062015503876,0.050387596899224806,4.0,6.4199066874028,0.0,1.0
prefill,math,0,4,4,32,transition,516,8,0.7698643410852714,0.15891472868217055,4.0,5.195720578980491,0.17779126213592233,0.704331594479555
prefill,math,0,5,5,8,domain_oracle,516,8,0.345203488372093,0.0,1.0,2.896842105263158,0.0,1.0
prefill,math,0,5,5,8,previous_window,516,8,0.3369670542635659,0.0,1.0,2.9676491732566497,0.001941747572815534,0.9971050308914386
prefill,math,0,5,5,8,static,516,8,0.20784883720930233,0.0,1.0,4.811188811188811,0.0,1.0
prefill,math,0,5,5,8,transition,516,8,0.32630813953488375,0.0,1.0,3.0645879732739423,0.34684466019417476,0.5069682852207125
prefill,math,0,5,5,16,domain_oracle,516,8,0.5310077519379846,0.01937984496124031,2.0,3.7664233576642334,0.0,1.0
prefill,math,0,5,5,16,previous_window,516,8,0.48667635658914726,0.015503875968992248,2.0,4.109507217521155,0.0023058252427184465,0.9967217248770646
prefill,math,0,5,5,16,static,516,8,0.34665697674418605,0.0,2.0,5.769392033542977,0.0,1.0
prefill,math,0,5,5,16,transition,516,8,0.5164728682170543,0.003875968992248062,2.0,3.872420262664165,0.3025485436893204,0.5527682312281618
prefill,math,0,5,5,32,domain_oracle,516,8,0.7856104651162791,0.14147286821705427,4.0,5.091581868640148,0.0,1.0
prefill,math,0,5,5,32,previous_window,516,8,0.7555717054263565,0.10852713178294573,4.0,5.294004488618147,0.000970873786407767,0.9983421336512801
prefill,math,0,5,5,32,static,516,8,0.6179748062015504,0.04263565891472868,4.0,6.4727557820462565,0.0,1.0
prefill,math,0,5,5,32,transition,516,8,0.7589631782945736,0.1744186046511628,4.0,5.270347909352059,0.17129854368932038,0.715102587971586
prefill,math,0,6,6,8,domain_oracle,516,8,0.42417635658914726,0.0,1.0,2.3575099942889777,0.0,1.0
prefill,math,0,6,6,8,previous_window,516,8,0.4106104651162791,0.0,1.0,2.4353982300884955,0.000970873786407767,0.9984466019417476
prefill,math,0,6,6,8,static,516,8,0.31419573643410853,0.0,1.0,3.1827293754818813,0.0,1.0
prefill,math,0,6,6,8,transition,516,8,0.3810562015503876,0.0,1.0,2.6242848061029878,0.225,0.6505385445191267
prefill,math,0,6,6,16,domain_oracle,516,8,0.5697674418604651,0.007751937984496124,2.0,3.510204081632653,0.0,1.0
prefill,math,0,6,6,16,previous_window,516,8,0.5700096899224806,0.009689922480620155,2.0,3.508712282192945,0.0015776699029126213,0.9975375331532716
prefill,math,0,6,6,16,static,516,8,0.45276162790697677,0.001937984496124031,2.0,4.417335473515249,0.0,1.0
prefill,math,0,6,6,16,transition,516,8,0.5925387596899225,0.05813953488372093,2.0,3.375306623058054,0.2621359223300971,0.5989424822425461
prefill,math,0,6,6,32,domain_oracle,516,8,0.8449612403100775,0.30426356589147285,4.0,4.73394495412844,0.0,1.0
prefill,math,0,6,6,32,previous_window,516,8,0.8091085271317829,0.2189922480620155,4.0,4.9437125748502995,0.0010315533980582525,0.9982730538070343
prefill,math,0,6,6,32,static,516,8,0.7112403100775194,0.046511627906976744,4.0,5.623978201634878,0.0,1.0
prefill,math,0,6,6,32,transition,516,8,0.8214631782945736,0.22674418604651161,4.0,4.869360070775582,0.16341019417475727,0.7251654697231212
prefill,math,0,7,7,8,domain_oracle,516,8,0.3381782945736434,0.0,1.0,2.95702005730659,0.0,1.0
prefill,math,0,7,7,8,previous_window,516,8,0.32073643410852715,0.0,1.0,3.117824773413897,0.0014563106796116505,0.9977326664705306
prefill,math,0,7,7,8,static,516,8,0.22892441860465115,0.0,1.0,4.368253968253968,0.0,1.0
prefill,math,0,7,7,8,transition,516,8,0.33454457364341084,0.0,1.0,2.9891383055756697,0.35388349514563106,0.5006668412493656
prefill,math,0,7,7,16,domain_oracle,516,8,0.5256782945736435,0.03294573643410853,2.0,3.8046082949308757,0.0,1.0
prefill,math,0,7,7,16,previous_window,516,8,0.5043604651162791,0.011627906976744186,2.0,3.9654178674351583,0.0015776699029126213,0.997521960240407
prefill,math,0,7,7,16,static,516,8,0.33624031007751937,0.0,2.0,5.948126801152738,0.0,1.0
prefill,math,0,7,7,16,transition,516,8,0.5169573643410853,0.060077519379844964,2.0,3.8687910028116215,0.3354368932038835,0.5185619164707769
prefill,math,0,7,7,32,domain_oracle,516,8,0.8047480620155039,0.19573643410852712,4.0,4.97049969897652,0.0,1.0
prefill,math,0,7,7,32,previous_window,516,8,0.7856104651162791,0.18023255813953487,4.0,5.091581868640148,0.0006067961165048543,0.9989085601878291
prefill,math,0,7,7,32,static,516,8,0.6371124031007752,0.05426356589147287,4.0,6.278326996197719,0.0,1.0
prefill,math,0,7,7,32,transition,516,8,0.7579941860465116,0.18604651162790697,4.0,5.277085330776606,0.16074029126213593,0.729713979639978
prefill,math,0,8,8,8,domain_oracle,516,8,0.3498062015503876,0.0,1.0,2.858725761772853,0.0,1.0
prefill,math,0,8,8,8,previous_window,516,8,0.33987403100775193,0.0,1.0,2.9422665716322167,0.0016990291262135922,0.997450230459939
prefill,math,0,8,8,8,static,516,8,0.24224806201550386,0.0,1.0,4.128,0.0,1.0
prefill,math,0,8,8,8,transition,516,8,0.3808139534883721,0.0,1.0,2.6259541984732824,0.3611650485436893,0.4955525596302299
prefill,math,0,8,8,16,domain_oracle,516,8,0.530765503875969,0.05232558139534884,2.0,3.76814240073026,0.0,1.0
prefill,math,0,8,8,16,previous_window,516,8,0.5188953488372093,0.040697674418604654,2.0,3.854341736694678,0.001092233009708738,0.9981786180662011
prefill,math,0,8,8,16,static,516,8,0.3958333333333333,0.0,2.0,5.052631578947368,0.0,1.0
prefill,math,0,8,8,16,transition,516,8,0.6237887596899225,0.0872093023255814,2.0,3.2062135922330097,0.33932038834951456,0.5150442858918823
prefill,math,0,8,8,32,domain_oracle,516,8,0.7718023255813954,0.13953488372093023,4.0,5.182674199623352,0.0,1.0
prefill,math,0,8,8,32,previous_window,516,8,0.7635658914728682,0.1996124031007752,4.0,5.238578680203045,0.0007281553398058253,0.9987210745309877
prefill,math,0,8,8,32,static,516,8,0.7039728682170543,0.10271317829457365,4.0,5.682037164487268,0.0,1.0
prefill,math,0,8,8,32,transition,516,8,0.8171027131782945,0.312015503875969,4.0,4.895345389860658,0.18434466019417475,0.6972199352395512
prefill,math,0,9,9,8,domain_oracle,516,8,0.29893410852713176,0.0,1.0,3.3452188006482984,0.0,1.0
prefill,math,0,9,9,8,previous_window,516,8,0.29021317829457366,0.0,1.0,3.4457429048414023,0.002184466019417476,0.9968696675492792
prefill,math,0,9,9,8,static,516,8,0.19476744186046513,0.0,1.0,5.134328358208955,0.0,1.0
prefill,math,0,9,9,8,transition,516,8,0.342781007751938,0.0,1.0,2.917314487632509,0.3883495145631068,0.4624481451665921
prefill,math,0,9,9,16,domain_oracle,516,8,0.4755329457364341,0.0,2.0,4.205807437595517,0.0,1.0
prefill,math,0,9,9,16,previous_window,516,8,0.46027131782945735,0.0,2.0,4.3452631578947365,0.0013349514563106796,0.9978334184977008
prefill,math,0,9,9,16,static,516,8,0.3168604651162791,0.0,2.0,6.3119266055045875,0.0,1.0
prefill,math,0,9,9,16,transition,516,8,0.5525678294573644,0.0562015503875969,2.0,3.61946514686541,0.4059466019417476,0.449709211966851
prefill,math,0,9,9,32,domain_oracle,516,8,0.747093023255814,0.14147286821705427,4.0,5.35408560311284,0.0,1.0
prefill,math,0,9,9,32,previous_window,516,8,0.7296511627906976,0.16085271317829458,4.0,5.48207171314741,0.000970873786407767,0.9983466663078313
prefill,math,0,9,9,32,static,516,8,0.6191860465116279,0.029069767441860465,4.0,6.460093896713615,0.0,1.0
prefill,math,0,9,9,32,transition,516,8,0.8117732558139535,0.3178294573643411,4.0,4.927484333034915,0.2645631067961165,0.5951665617635368
prefill,math,0,10,10,8,domain_oracle,516,8,0.25314922480620156,0.0,1.0,3.9502392344497608,0.0,1.0
prefill,math,0,10,10,8,previous_window,516,8,0.24588178294573643,0.0,1.0,4.066995073891626,0.001941747572815534,0.9971521035598705
prefill,math,0,10,10,8,static,516,8,0.14001937984496124,0.0,1.0,7.141868512110727,0.0,1.0
prefill,math,0,10,10,8,transition,516,8,0.30935077519379844,0.0,1.0,3.2325763508222396,0.4405339805825243,0.4126072417334554
prefill,math,0,10,10,16,domain_oracle,516,8,0.43507751937984496,0.001937984496124031,2.0,4.596881959910913,0.0,1.0
prefill,math,0,10,10,16,previous_window,516,8,0.4186046511627907,0.001937984496124031,2.0,4.777777777777778,0.0015776699029126213,0.997521960240407
prefill,math,0,10,10,16,static,516,8,0.3311531007751938,0.0,2.0,6.039502560351134,0.0,1.0
prefill,math,0,10,10,16,transition,516,8,0.502422480620155,0.009689922480620155,2.0,3.9807135969141756,0.35849514563106794,0.4919929723165845
prefill,math,0,10,10,32,domain_oracle,516,8,0.7262596899224806,0.13953488372093023,4.0,5.507671781187458,0.0,1.0
prefill,math,0,10,10,32,previous_window,516,8,0.7083333333333334,0.12209302325581395,4.0,5.647058823529412,0.0009101941747572816,0.9984305204540257
prefill,math,0,10,10,32,static,516,8,0.6480135658914729,0.08139534883720931,4.0,6.172710280373832,0.0,1.0
prefill,math,0,10,10,32,transition,516,8,0.7834302325581395,0.2713178294573643,4.0,5.105751391465677,0.2091626213592233,0.6634375022717107
prefill,math,0,11,11,8,domain_oracle,516,8,0.3396317829457364,0.0,1.0,2.944365192582026,0.0,1.0
prefill,math,0,11,11,8,previous_window,516,8,0.34060077519379844,0.0,1.0,2.9359886201991463,0.000970873786407767,0.9983603020496225
prefill,math,0,11,11,8,static,516,8,0.2235949612403101,0.0,1.0,4.47237269772481,0.0,1.0
prefill,math,0,11,11,8,transition,516,8,0.3173449612403101,0.001937984496124031,1.0,3.151145038167939,0.27694174757281553,0.5820031532652887
prefill,math,0,11,11,16,domain_oracle,516,8,0.5208333333333334,0.015503875968992248,2.0,3.84,0.0,1.0
prefill,math,0,11,11,16,previous_window,516,8,0.5094476744186046,0.013565891472868217,2.0,3.925820256776034,0.0014563106796116505,0.9976699029126215
prefill,math,0,11,11,16,static,516,8,0.3631298449612403,0.0,2.0,5.507671781187458,0.0,1.0
prefill,math,0,11,11,16,transition,516,8,0.5552325581395349,0.0562015503875969,2.0,3.602094240837696,0.30315533980582526,0.551224021493944
prefill,math,0,11,11,32,domain_oracle,516,8,0.7781007751937985,0.1996124031007752,4.0,5.140722291407223,0.0,1.0
prefill,math,0,11,11,32,previous_window,516,8,0.7587209302325582,0.18992248062015504,4.0,5.272030651340996,0.000970873786407767,0.998356907953229
prefill,math,0,11,11,32,static,516,8,0.6913759689922481,0.1434108527131783,4.0,5.785564120532586,0.0,1.0
prefill,math,0,11,11,32,transition,516,8,0.7914244186046512,0.26744186046511625,4.0,5.054178145087236,0.17214805825242718,0.7133111235113374
prefill,math,0,12,12,8,domain_oracle,516,8,0.3495639534883721,0.0,1.0,2.860706860706861,0.0,1.0
prefill,math,0,12,12,8,previous_window,516,8,0.32873062015503873,0.0,1.0,3.0420044215180546,0.0014563106796116505,0.9977326664705306
prefill,math,0,12,12,8,static,516,8,0.1875,0.0,1.0,5.333333333333333,0.0,1.0
prefill,math,0,12,12,8,transition,516,8,0.29844961240310075,0.0,1.0,3.3506493506493507,0.34053398058252426,0.5141629891144459
prefill,math,0,12,12,16,domain_oracle,516,8,0.5205910852713178,0.031007751937984496,2.0,3.8417868776174964,0.0,1.0
prefill,math,0,12,12,16,previous_window,516,8,0.49127906976744184,0.01744186046511628,2.0,4.071005917159764,0.0018203883495145632,0.9972685464765179
prefill,math,0,12,12,16,static,516,8,0.32921511627906974,0.0,2.0,6.075055187637969,0.0,1.0
prefill,math,0,12,12,16,transition,516,8,0.4874031007751938,0.009689922480620155,2.0,4.10337972166998,0.2779126213592233,0.5821738660627853
prefill,math,0,12,12,32,domain_oracle,516,8,0.7744670542635659,0.17054263565891473,4.0,5.1648420394119485,0.0,1.0
prefill,math,0,12,12,32,previous_window,516,8,0.7458817829457365,0.12015503875968993,4.0,5.362780123416694,0.0007888349514563106,0.9986175357049144
prefill,math,0,12,12,32,static,516,8,0.6589147286821705,0.14922480620155038,4.0,6.070588235294117,0.0,1.0
prefill,math,0,12,12,32,transition,516,8,0.78125,0.29457364341085274,4.0,5.12,0.17402912621359223,0.7097631277591347
prefill,math,0,13,13,8,domain_oracle,516,8,0.32049418604651164,0.0,1.0,3.120181405895692,0.0,1.0
prefill,math,0,13,13,8,previous_window,516,8,0.30523255813953487,0.0,1.0,3.276190476190476,0.001941747572815534,0.9972148671177797
prefill,math,0,13,13,8,static,516,8,0.19525193798449614,0.0,1.0,5.121588089330025,0.0,1.0
prefill,math,0,13,13,8,transition,516,8,0.2936046511627907,0.0,1.0,3.405940594059406,0.32038834951456313,0.5414431523169384
prefill,math,0,13,13,16,domain_oracle,516,8,0.5162306201550387,0.0562015503875969,2.0,3.8742374472078835,0.0,1.0
prefill,math,0,13,13,16,previous_window,516,8,0.49127906976744184,0.02131782945736434,2.0,4.071005917159764,0.0018203883495145632,0.9972685464765179
prefill,math,0,13,13,16,static,516,8,0.36143410852713176,0.001937984496124031,2.0,5.533512064343164,0.0,1.0
prefill,math,0,13,13,16,transition,516,8,0.45033914728682173,0.005813953488372093,2.0,4.441097364174287,0.2266990291262136,0.6452588731787807
prefill,math,0,13,13,32,domain_oracle,516,8,0.7875484496124031,0.2248062015503876,4.0,5.079052599200246,0.0,1.0
prefill,math,0,13,13,32,previous_window,516,8,0.7843992248062015,0.25,4.0,5.099444101297097,0.0004854368932038835,0.9991179478558119
prefill,math,0,13,13,32,static,516,8,0.6698158914728682,0.08527131782945736,4.0,5.971790235081374,0.0,1.0
prefill,math,0,13,13,32,transition,516,8,0.7611434108527132,0.1821705426356589,4.0,5.255251432208785,0.12924757281553398,0.7751863747455313
prefill,math,0,14,14,8,domain_oracle,516,8,0.27858527131782945,0.0,1.0,3.5895652173913044,0.0,1.0
prefill,math,0,14,14,8,previous_window,516,8,0.2691375968992248,0.0,1.0,3.7155715571557155,0.0016990291262135922,0.997497303128371
prefill,math,0,14,14,8,static,516,8,0.1378391472868217,0.0,1.0,7.254833040421793,0.0,1.0
prefill,math,0,14,14,8,transition,516,8,0.22141472868217055,0.0,1.0,4.516411378555799,0.3718446601941748,0.4855614719692396
prefill,math,0,14,14,16,domain_oracle,516,8,0.4624515503875969,0.015503875968992248,2.0,4.324777370350969,0.0,1.0
prefill,math,0,14,14,16,previous_window,516,8,0.4430717054263566,0.009689922480620155,2.0,4.513942044833242,0.0018203883495145632,0.9972802415494201
prefill,math,0,14,14,16,static,516,8,0.28367248062015504,0.0,2.0,7.050384286934245,0.0,1.0
prefill,math,0,14,14,16,transition,516,8,0.43459302325581395,0.025193798449612403,2.0,4.60200668896321,0.3237864077669903,0.5276994304336116
prefill,math,0,14,14,32,domain_oracle,516,8,0.747577519379845,0.23837209302325582,4.0,5.350615683732988,0.0,1.0
prefill,math,0,14,14,32,previous_window,516,8,0.7374031007751938,0.19767441860465115,4.0,5.424441524310118,0.0006674757281553398,0.9988094613337333
prefill,math,0,14,14,32,static,516,8,0.6201550387596899,0.025193798449612403,4.0,6.45,0.0,1.0
prefill,math,0,14,14,32,transition,516,8,0.7357073643410853,0.1686046511627907,4.0,5.436944352979914,0.166626213592233,0.720568169632341
prefill,math,0,15,15,8,domain_oracle,516,8,0.29021317829457366,0.0,1.0,3.4457429048414023,0.0,1.0
prefill,math,0,15,15,8,previous_window,516,8,0.25169573643410853,0.0,1.0,3.973051010587103,0.0024271844660194173,0.9965872315386879
prefill,math,0,15,15,8,static,516,8,0.19113372093023256,0.0,1.0,5.231939163498099,0.0,1.0
prefill,math,0,15,15,8,transition,516,8,0.25799418604651164,0.0,1.0,3.876056338028169,0.25728155339805825,0.6059227072819305
prefill,math,0,15,15,16,domain_oracle,516,8,0.4750484496124031,0.023255813953488372,2.0,4.210096889342172,0.0,1.0
prefill,math,0,15,15,16,previous_window,516,8,0.42005813953488375,0.005813953488372093,2.0,4.7612456747404845,0.0024271844660194173,0.9966181650065146
prefill,math,0,15,15,16,static,516,8,0.34568798449612403,0.0,2.0,5.785564120532586,0.0,1.0
prefill,math,0,15,15,16,transition,516,8,0.45542635658914726,0.01744186046511628,2.0,4.391489361702128,0.23495145631067962,0.631766426191065
prefill,math,0,15,15,32,domain_oracle,516,8,0.7611434108527132,0.17248062015503876,4.0,5.255251432208785,0.0,1.0
prefill,math,0,15,15,32,previous_window,516,8,0.7054263565891473,0.09496124031007752,4.0,5.670329670329671,0.001092233009708738,0.9982014709993073
prefill,math,0,15,15,32,static,516,8,0.6111918604651163,0.011627906976744186,4.0,6.544589774078478,0.0,1.0
prefill,math,0,15,15,32,transition,516,8,0.7051841085271318,0.0872093023255814,4.0,5.672277567846101,0.14259708737864077,0.755521306633458
prefill,math,1,2,1,8,domain_oracle,516,8,0.25920542635658916,0.0,1.0,3.857943925233645,0.0,1.0
prefill,math,1,2,1,8,previous_window,516,8,0.24733527131782945,0.0,1.0,4.043095004897159,0.0024271844660194173,0.9965872315386879
prefill,math,1,2,1,8,static,516,8,0.10295542635658915,0.0,1.0,9.712941176470588,0.0,1.0
prefill,math,1,2,1,8,transition,516,8,0.3367248062015504,0.0,1.0,2.9697841726618703,0.503883495145631,0.3539196079001902
prefill,math,1,2,1,16,domain_oracle,516,8,0.42926356589147285,0.0,2.0,4.659142212189616,0.0,1.0
prefill,math,1,2,1,16,previous_window,516,8,0.3871124031007752,0.0,2.0,5.166458072590738,0.0025485436893203884,0.9965477156865928
prefill,math,1,2,1,16,static,516,8,0.23909883720930233,0.0,2.0,8.364741641337385,0.0,1.0
prefill,math,1,2,1,16,transition,516,8,0.5523255813953488,0.06201550387596899,2.0,3.6210526315789475,0.43264563106796117,0.4145400786513803
prefill,math,1,2,1,32,domain_oracle,516,8,0.6959786821705426,0.06782945736434108,4.0,5.747302471284372,0.0,1.0
prefill,math,1,2,1,32,previous_window,516,8,0.658187984496124,0.03488372093023256,4.0,6.077291129922709,0.0018203883495145632,0.9972395242298157
prefill,math,1,2,1,32,static,516,8,0.5390019379844961,0.01937984496124031,4.0,7.421123595505618,0.0,1.0
prefill,math,1,2,1,32,transition,516,8,0.8108042635658915,0.21705426356589147,4.0,4.933373170002988,0.25594660194174756,0.6008036301922276
prefill,math,1,3,2,8,domain_oracle,516,8,0.28294573643410853,0.0,1.0,3.5342465753424657,0.0,1.0
prefill,math,1,3,2,8,previous_window,516,8,0.26332364341085274,0.0,1.0,3.797608095676173,0.0031553398058252425,0.9959535610021047
prefill,math,1,3,2,8,static,516,8,0.22916666666666666,0.0,1.0,4.363636363636363,0.0,1.0
prefill,math,1,3,2,8,transition,516,8,0.4493701550387597,0.001937984496124031,1.0,2.2253369272237196,0.46237864077669905,0.3941547126013139
prefill,math,1,3,2,16,domain_oracle,516,8,0.46148255813953487,0.0,2.0,4.333858267716535,0.0,1.0
prefill,math,1,3,2,16,previous_window,516,8,0.44622093023255816,0.0,2.0,4.482084690553746,0.001941747572815534,0.997091581557601
prefill,math,1,3,2,16,static,516,8,0.4103682170542636,0.0,2.0,4.873671782762692,0.0,1.0
prefill,math,1,3,2,16,transition,516,8,0.6606104651162791,0.040697674418604654,2.0,3.0275027502750276,0.3717233009708738,0.4734218097630713
prefill,math,1,3,2,32,domain_oracle,516,8,0.7516957364341085,0.13178294573643412,4.0,5.32130196583951,0.0,1.0
prefill,math,1,3,2,32,previous_window,516,8,0.7272286821705426,0.1065891472868217,4.0,5.5003331112591605,0.0010315533980582525,0.9982533691271556
prefill,math,1,3,2,32,static,516,8,0.6993701550387597,0.08333333333333333,4.0,5.71943193626602,0.0,1.0
prefill,math,1,3,2,32,transition,516,8,0.8529554263565892,0.31589147286821706,4.0,4.689576824765692,0.20861650485436894,0.6618346099242624
prefill,math,1,4,3,8,domain_oracle,516,8,0.3236434108527132,0.0,1.0,3.089820359281437,0.0,1.0
prefill,math,1,4,3,8,previous_window,516,8,0.28125,0.0,1.0,3.5555555555555554,0.0031553398058252425,0.9959173512571571
prefill,math,1,4,3,8,static,516,8,0.20784883720930233,0.0,1.0,4.811188811188811,0.0,1.0
prefill,math,1,4,3,8,transition,516,8,0.3965600775193798,0.0,1.0,2.5216860109957238,0.38106796116504854,0.4701511649084468
prefill,math,1,4,3,16,domain_oracle,516,8,0.5002422480620154,0.01744186046511628,2.0,3.9980629539951575,0.0,1.0
prefill,math,1,4,3,16,previous_window,516,8,0.49636627906976744,0.011627906976744186,2.0,4.029282576866764,0.0015776699029126213,0.997521960240407
prefill,math,1,4,3,16,static,516,8,0.3757267441860465,0.0,2.0,5.323017408123791,0.0,1.0
prefill,math,1,4,3,16,transition,516,8,0.5935077519379846,0.0,2.0,3.369795918367347,0.30436893203883497,0.5473715553037746
prefill,math,1,4,3,32,domain_oracle,516,8,0.7705910852713178,0.1569767441860465,4.0,5.190820496699152,0.0,1.0
prefill,math,1,4,3,32,previous_window,516,8,0.750968992248062,0.1065891472868217,4.0,5.3264516129032256,0.001092233009708738,0.9981737076882709
prefill,math,1,4,3,32,static,516,8,0.623062015503876,0.050387596899224806,4.0,6.4199066874028,0.0,1.0
prefill,math,1,4,3,32,transition,516,8,0.8313953488372093,0.24612403100775193,4.0,4.811188811188811,0.20770631067961165,0.6631346461515616
prefill,math,1,5,4,8,domain_oracle,516,8,0.345203488372093,0.0,1.0,2.896842105263158,0.0,1.0
prefill,math,1,5,4,8,previous_window,516,8,0.3369670542635659,0.0,1.0,2.9676491732566497,0.001941747572815534,0.9971050308914386
prefill,math,1,5,4,8,static,516,8,0.20784883720930233,0.0,1.0,4.811188811188811,0.0,1.0
prefill,math,1,5,4,8,transition,516,8,0.37887596899224807,0.0,1.0,2.639386189258312,0.3711165048543689,0.48318839736315505
prefill,math,1,5,4,16,domain_oracle,516,8,0.5310077519379846,0.01937984496124031,2.0,3.7664233576642334,0.0,1.0
prefill,math,1,5,4,16,previous_window,516,8,0.48667635658914726,0.015503875968992248,2.0,4.109507217521155,0.0023058252427184465,0.9967217248770646
prefill,math,1,5,4,16,static,516,8,0.34665697674418605,0.0,2.0,5.769392033542977,0.0,1.0
prefill,math,1,5,4,16,transition,516,8,0.6017441860465116,0.007751937984496124,2.0,3.323671497584541,0.31480582524271844,0.5364231014653918
prefill,math,1,5,4,32,domain_oracle,516,8,0.7856104651162791,0.14147286821705427,4.0,5.091581868640148,0.0,1.0
prefill,math,1,5,4,32,previous_window,516,8,0.7555717054263565,0.10852713178294573,4.0,5.294004488618147,0.000970873786407767,0.9983421336512801
prefill,math,1,5,4,32,static,516,8,0.6179748062015504,0.04263565891472868,4.0,6.4727557820462565,0.0,1.0
prefill,math,1,5,4,32,transition,516,8,0.8171027131782945,0.23062015503875968,4.0,4.895345389860658,0.18483009708737863,0.6943772910896093
prefill,math,1,6,5,8,domain_oracle,516,8,0.42417635658914726,0.0,1.0,2.3575099942889777,0.0,1.0
prefill,math,1,6,5,8,previous_window,516,8,0.4106104651162791,0.0,1.0,2.4353982300884955,0.000970873786407767,0.9984466019417476
prefill,math,1,6,5,8,static,516,8,0.31419573643410853,0.0,1.0,3.1827293754818813,0.0,1.0
prefill,math,1,6,5,8,transition,516,8,0.43362403100775193,0.0,1.0,2.306145251396648,0.3053398058252427,0.552627307967113
prefill,math,1,6,5,16,domain_oracle,516,8,0.5697674418604651,0.007751937984496124,2.0,3.510204081632653,0.0,1.0
prefill,math,1,6,5,16,previous_window,516,8,0.5700096899224806,0.009689922480620155,2.0,3.508712282192945,0.0015776699029126213,0.9975375331532716
prefill,math,1,6,5,16,static,516,8,0.45276162790697677,0.001937984496124031,2.0,4.417335473515249,0.0,1.0
prefill,math,1,6,5,16,transition,516,8,0.6807170542635659,0.09883720930232558,2.0,2.938078291814947,0.2872572815533981,0.5687924833413169
prefill,math,1,6,5,32,domain_oracle,516,8,0.8449612403100775,0.30426356589147285,4.0,4.73394495412844,0.0,1.0
prefill,math,1,6,5,32,previous_window,516,8,0.8091085271317829,0.2189922480620155,4.0,4.9437125748502995,0.0010315533980582525,0.9982730538070343
prefill,math,1,6,5,32,static,516,8,0.7112403100775194,0.046511627906976744,4.0,5.623978201634878,0.0,1.0
prefill,math,1,6,5,32,transition,516,8,0.8657945736434108,0.3178294573643411,4.0,4.620033575825405,0.18179611650485436,0.6976735386654466
prefill,math,1,7,6,8,domain_oracle,516,8,0.3381782945736434,0.0,1.0,2.95702005730659,0.0,1.0
prefill,math,1,7,6,8,previous_window,516,8,0.32073643410852715,0.0,1.0,3.117824773413897,0.0014563106796116505,0.9977326664705306
prefill,math,1,7,6,8,static,516,8,0.22892441860465115,0.0,1.0,4.368253968253968,0.0,1.0
prefill,math,1,7,6,8,transition,516,8,0.4183624031007752,0.001937984496124031,1.0,2.3902721482339317,0.4092233009708738,0.4411418139573482
prefill,math,1,7,6,16,domain_oracle,516,8,0.5256782945736435,0.03294573643410853,2.0,3.8046082949308757,0.0,1.0
prefill,math,1,7,6,16,previous_window,516,8,0.5043604651162791,0.011627906976744186,2.0,3.9654178674351583,0.0015776699029126213,0.997521960240407
prefill,math,1,7,6,16,static,516,8,0.33624031007751937,0.0,2.0,5.948126801152738,0.0,1.0
prefill,math,1,7,6,16,transition,516,8,0.6165213178294574,0.08333333333333333,2.0,3.244007858546169,0.33932038834951456,0.5120736231132296
prefill,math,1,7,6,32,domain_oracle,516,8,0.8047480620155039,0.19573643410852712,4.0,4.97049969897652,0.0,1.0
prefill,math,1,7,6,32,previous_window,516,8,0.7856104651162791,0.18023255813953487,4.0,5.091581868640148,0.0006067961165048543,0.9989085601878291
prefill,math,1,7,6,32,static,516,8,0.6371124031007752,0.05426356589147287,4.0,6.278326996197719,0.0,1.0
prefill,math,1,7,6,32,transition,516,8,0.8146802325581395,0.2364341085271318,4.0,4.909901873327386,0.18555825242718446,0.6928918522711548
prefill,math,1,8,7,8,domain_oracle,516,8,0.3498062015503876,0.0,1.0,2.858725761772853,0.0,1.0
prefill,math,1,8,7,8,previous_window,516,8,0.33987403100775193,0.0,1.0,2.9422665716322167,0.0016990291262135922,0.997450230459939
prefill,math,1,8,7,8,static,516,8,0.24224806201550386,0.0,1.0,4.128,0.0,1.0
prefill,math,1,8,7,8,transition,516,8,0.46099806201550386,0.001937984496124031,1.0,2.1692065160273253,0.4361650485436893,0.42496864516281957
prefill,math,1,8,7,16,domain_oracle,516,8,0.530765503875969,0.05232558139534884,2.0,3.76814240073026,0.0,1.0
prefill,math,1,8,7,16,previous_window,516,8,0.5188953488372093,0.040697674418604654,2.0,3.854341736694678,0.001092233009708738,0.9981786180662011
prefill,math,1,8,7,16,static,516,8,0.3958333333333333,0.0,2.0,5.052631578947368,0.0,1.0
prefill,math,1,8,7,16,transition,516,8,0.6853197674418605,0.13953488372093023,2.0,2.9183457051961823,0.3559466019417476,0.49455361039927936
prefill,math,1,8,7,32,domain_oracle,516,8,0.7718023255813954,0.13953488372093023,4.0,5.182674199623352,0.0,1.0
prefill,math,1,8,7,32,previous_window,516,8,0.7635658914728682,0.1996124031007752,4.0,5.238578680203045,0.0007281553398058253,0.9987210745309877
prefill,math,1,8,7,32,static,516,8,0.7039728682170543,0.10271317829457365,4.0,5.682037164487268,0.0,1.0
prefill,math,1,8,7,32,transition,516,8,0.8682170542635659,0.4166666666666667,4.0,4.607142857142857,0.20254854368932038,0.6697284634364936
prefill,math,1,9,8,8,domain_oracle,516,8,0.29893410852713176,0.0,1.0,3.3452188006482984,0.0,1.0
prefill,math,1,9,8,8,previous_window,516,8,0.29021317829457366,0.0,1.0,3.4457429048414023,0.002184466019417476,0.9968696675492792
prefill,math,1,9,8,8,static,516,8,0.19476744186046513,0.0,1.0,5.134328358208955,0.0,1.0
prefill,math,1,9,8,8,transition,516,8,0.4573643410852713,0.001937984496124031,1.0,2.1864406779661016,0.46601941747572817,0.38523810601480507
prefill,math,1,9,8,16,domain_oracle,516,8,0.4755329457364341,0.0,2.0,4.205807437595517,0.0,1.0
prefill,math,1,9,8,16,previous_window,516,8,0.46027131782945735,0.0,2.0,4.3452631578947365,0.0013349514563106796,0.9978334184977008
prefill,math,1,9,8,16,static,516,8,0.3168604651162791,0.0,2.0,6.3119266055045875,0.0,1.0
prefill,math,1,9,8,16,transition,516,8,0.7054263565891473,0.17054263565891473,2.0,2.8351648351648353,0.4330097087378641,0.41867028508592363
prefill,math,1,9,8,32,domain_oracle,516,8,0.747093023255814,0.14147286821705427,4.0,5.35408560311284,0.0,1.0
prefill,math,1,9,8,32,previous_window,516,8,0.7296511627906976,0.16085271317829458,4.0,5.48207171314741,0.000970873786407767,0.9983466663078313
prefill,math,1,9,8,32,static,516,8,0.6191860465116279,0.029069767441860465,4.0,6.460093896713615,0.0,1.0
prefill,math,1,9,8,32,transition,516,8,0.8914728682170543,0.5251937984496124,4.0,4.48695652173913,0.27894417475728156,0.5736790374323142
prefill,math,1,10,9,8,domain_oracle,516,8,0.25314922480620156,0.0,1.0,3.9502392344497608,0.0,1.0
prefill,math,1,10,9,8,previous_window,516,8,0.24588178294573643,0.0,1.0,4.066995073891626,0.001941747572815534,0.9971521035598705
prefill,math,1,10,9,8,static,516,8,0.14001937984496124,0.0,1.0,7.141868512110727,0.0,1.0
prefill,math,1,10,9,8,transition,516,8,0.40818798449612403,0.0,1.0,2.4498516320474777,0.4995145631067961,0.36299135600106386
prefill,math,1,10,9,16,domain_oracle,516,8,0.43507751937984496,0.001937984496124031,2.0,4.596881959910913,0.0,1.0
prefill,math,1,10,9,16,previous_window,516,8,0.4186046511627907,0.001937984496124031,2.0,4.777777777777778,0.0015776699029126213,0.997521960240407
prefill,math,1,10,9,16,static,516,8,0.3311531007751938,0.0,2.0,6.039502560351134,0.0,1.0
prefill,math,1,10,9,16,transition,516,8,0.6436531007751938,0.11046511627906977,2.0,3.107263831388784,0.3979368932038835,0.44971489819870225
prefill,math,1,10,9,32,domain_oracle,516,8,0.7262596899224806,0.13953488372093023,4.0,5.507671781187458,0.0,1.0
prefill,math,1,10,9,32,previous_window,516,8,0.7083333333333334,0.12209302325581395,4.0,5.647058823529412,0.0009101941747572816,0.9984305204540257
prefill,math,1,10,9,32,static,516,8,0.6480135658914729,0.08139534883720931,4.0,6.172710280373832,0.0,1.0
prefill,math,1,10,9,32,transition,516,8,0.8863856589147286,0.47674418604651164,4.0,4.512708390270566,0.25103155339805827,0.6076960833256068
prefill,math,1,11,10,8,domain_oracle,516,8,0.3396317829457364,0.0,1.0,2.944365192582026,0.0,1.0
prefill,math,1,11,10,8,previous_window,516,8,0.34060077519379844,0.0,1.0,2.9359886201991463,0.000970873786407767,0.9983603020496225
prefill,math,1,11,10,8,static,516,8,0.2235949612403101,0.0,1.0,4.47237269772481,0.0,1.0
prefill,math,1,11,10,8,transition,516,8,0.40382751937984496,0.0,1.0,2.4763047390521895,0.3635922330097087,0.4880615393236761
prefill,math,1,11,10,16,domain_oracle,516,8,0.5208333333333334,0.015503875968992248,2.0,3.84,0.0,1.0
prefill,math,1,11,10,16,previous_window,516,8,0.5094476744186046,0.013565891472868217,2.0,3.925820256776034,0.0014563106796116505,0.9976699029126215
prefill,math,1,11,10,16,static,516,8,0.3631298449612403,0.0,2.0,5.507671781187458,0.0,1.0
prefill,math,1,11,10,16,transition,516,8,0.6596414728682171,0.11434108527131782,2.0,3.031950055086302,0.3239077669902913,0.5249905911366692
prefill,math,1,11,10,32,domain_oracle,516,8,0.7781007751937985,0.1996124031007752,4.0,5.140722291407223,0.0,1.0
prefill,math,1,11,10,32,previous_window,516,8,0.7587209302325582,0.18992248062015504,4.0,5.272030651340996,0.000970873786407767,0.998356907953229
prefill,math,1,11,10,32,static,516,8,0.6913759689922481,0.1434108527131783,4.0,5.785564120532586,0.0,1.0
prefill,math,1,11,10,32,transition,516,8,0.8609496124031008,0.42441860465116277,4.0,4.646032639279685,0.2092233009708738,0.6608429166500522
prefill,math,1,12,11,8,domain_oracle,516,8,0.3495639534883721,0.0,1.0,2.860706860706861,0.0,1.0
prefill,math,1,12,11,8,previous_window,516,8,0.32873062015503873,0.0,1.0,3.0420044215180546,0.0014563106796116505,0.9977326664705306
prefill,math,1,12,11,8,static,516,8,0.1875,0.0,1.0,5.333333333333333,0.0,1.0
prefill,math,1,12,11,8,transition,516,8,0.37887596899224807,0.0,1.0,2.639386189258312,0.40364077669902915,0.4488062099712589
prefill,math,1,12,11,16,domain_oracle,516,8,0.5205910852713178,0.031007751937984496,2.0,3.8417868776174964,0.0,1.0
prefill,math,1,12,11,16,previous_window,516,8,0.49127906976744184,0.01744186046511628,2.0,4.071005917159764,0.0018203883495145632,0.9972685464765179
prefill,math,1,12,11,16,static,516,8,0.32921511627906974,0.0,2.0,6.075055187637969,0.0,1.0
prefill,math,1,12,11,16,transition,516,8,0.5763081395348837,0.04844961240310078,2.0,3.4703656998738968,0.3200242718446602,0.5320035916604123
prefill,math,1,12,11,32,domain_oracle,516,8,0.7744670542635659,0.17054263565891473,4.0,5.1648420394119485,0.0,1.0
prefill,math,1,12,11,32,previous_window,516,8,0.7458817829457365,0.12015503875968993,4.0,5.362780123416694,0.0007888349514563106,0.9986175357049144
prefill,math,1,12,11,32,static,516,8,0.6589147286821705,0.14922480620155038,4.0,6.070588235294117,0.0,1.0
prefill,math,1,12,11,32,transition,516,8,0.8483527131782945,0.4127906976744186,4.0,4.715019988577955,0.2079490291262136,0.6627946045943879
prefill,math,1,13,12,8,domain_oracle,516,8,0.32049418604651164,0.0,1.0,3.120181405895692,0.0,1.0
prefill,math,1,13,12,8,previous_window,516,8,0.30523255813953487,0.0,1.0,3.276190476190476,0.001941747572815534,0.9972148671177797
prefill,math,1,13,12,8,static,516,8,0.19525193798449614,0.0,1.0,5.121588089330025,0.0,1.0
prefill,math,1,13,12,8,transition,516,8,0.3449612403100775,0.0,1.0,2.898876404494382,0.38398058252427186,0.4726485165320117
prefill,math,1,13,12,16,domain_oracle,516,8,0.5162306201550387,0.0562015503875969,2.0,3.8742374472078835,0.0,1.0
prefill,math,1,13,12,16,previous_window,516,8,0.49127906976744184,0.02131782945736434,2.0,4.071005917159764,0.0018203883495145632,0.9972685464765179
prefill,math,1,13,12,16,static,516,8,0.36143410852713176,0.001937984496124031,2.0,5.533512064343164,0.0,1.0
prefill,math,1,13,12,16,transition,516,8,0.5075096899224806,0.013565891472868217,2.0,3.9408114558472556,0.2633495145631068,0.5986099801489431
prefill,math,1,13,12,32,domain_oracle,516,8,0.7875484496124031,0.2248062015503876,4.0,5.079052599200246,0.0,1.0
prefill,math,1,13,12,32,previous_window,516,8,0.7843992248062015,0.25,4.0,5.099444101297097,0.0004854368932038835,0.9991179478558119
prefill,math,1,13,12,32,static,516,8,0.6698158914728682,0.08527131782945736,4.0,5.971790235081374,0.0,1.0
prefill,math,1,13,12,32,transition,516,8,0.8083817829457365,0.28488372093023256,4.0,4.948157027270003,0.16808252427184467,0.7174015110906745
prefill,math,1,14,13,8,domain_oracle,516,8,0.27858527131782945,0.0,1.0,3.5895652173913044,0.0,1.0
prefill,math,1,14,13,8,previous_window,516,8,0.2691375968992248,0.0,1.0,3.7155715571557155,0.0016990291262135922,0.997497303128371
prefill,math,1,14,13,8,static,516,8,0.1378391472868217,0.0,1.0,7.254833040421793,0.0,1.0
prefill,math,1,14,13,8,transition,516,8,0.3081395348837209,0.0,1.0,3.2452830188679247,0.44805825242718444,0.40708042766295155
prefill,math,1,14,13,16,domain_oracle,516,8,0.4624515503875969,0.015503875968992248,2.0,4.324777370350969,0.0,1.0
prefill,math,1,14,13,16,previous_window,516,8,0.4430717054263566,0.009689922480620155,2.0,4.513942044833242,0.0018203883495145632,0.9972802415494201
prefill,math,1,14,13,16,static,516,8,0.28367248062015504,0.0,2.0,7.050384286934245,0.0,1.0
prefill,math,1,14,13,16,transition,516,8,0.529796511627907,0.06976744186046512,2.0,3.775034293552812,0.3521844660194175,0.493343704171562
prefill,math,1,14,13,32,domain_oracle,516,8,0.747577519379845,0.23837209302325582,4.0,5.350615683732988,0.0,1.0
prefill,math,1,14,13,32,previous_window,516,8,0.7374031007751938,0.19767441860465115,4.0,5.424441524310118,0.0006674757281553398,0.9988094613337333
prefill,math,1,14,13,32,static,516,8,0.6201550387596899,0.025193798449612403,4.0,6.45,0.0,1.0
prefill,math,1,14,13,32,transition,516,8,0.7875484496124031,0.24806201550387597,4.0,5.079052599200246,0.1925364077669903,0.6842764170712695
prefill,math,1,15,14,8,domain_oracle,516,8,0.29021317829457366,0.0,1.0,3.4457429048414023,0.0,1.0
prefill,math,1,15,14,8,previous_window,516,8,0.25169573643410853,0.0,1.0,3.973051010587103,0.0024271844660194173,0.9965872315386879
prefill,math,1,15,14,8,static,516,8,0.19113372093023256,0.0,1.0,5.231939163498099,0.0,1.0
prefill,math,1,15,14,8,transition,516,8,0.3250968992248062,0.0,1.0,3.076005961251863,0.3276699029126214,0.5279616607771946
prefill,math,1,15,14,16,domain_oracle,516,8,0.4750484496124031,0.023255813953488372,2.0,4.210096889342172,0.0,1.0
prefill,math,1,15,14,16,previous_window,516,8,0.42005813953488375,0.005813953488372093,2.0,4.7612456747404845,0.0024271844660194173,0.9966181650065146
prefill,math,1,15,14,16,static,516,8,0.34568798449612403,0.0,2.0,5.785564120532586,0.0,1.0
prefill,math,1,15,14,16,transition,516,8,0.5230135658914729,0.03294573643410853,2.0,3.823992589161649,0.2910194174757282,0.5594177488319434
prefill,math,1,15,14,32,domain_oracle,516,8,0.7611434108527132,0.17248062015503876,4.0,5.255251432208785,0.0,1.0
prefill,math,1,15,14,32,previous_window,516,8,0.7054263565891473,0.09496124031007752,4.0,5.670329670329671,0.001092233009708738,0.9982014709993073
prefill,math,1,15,14,32,static,516,8,0.6111918604651163,0.011627906976744186,4.0,6.544589774078478,0.0,1.0
prefill,math,1,15,14,32,transition,516,8,0.7497577519379846,0.14147286821705427,4.0,5.335056542810985,0.17251213592233008,0.710739005097026
prefill,math,2,3,1,8,domain_oracle,516,8,0.28294573643410853,0.0,1.0,3.5342465753424657,0.0,1.0
prefill,math,2,3,1,8,previous_window,516,8,0.26332364341085274,0.0,1.0,3.797608095676173,0.0031553398058252425,0.9959535610021047
prefill,math,2,3,1,8,static,516,8,0.22916666666666666,0.0,1.0,4.363636363636363,0.0,1.0
prefill,math,2,3,1,8,transition,516,8,0.5261627906976745,0.0,1.0,1.9005524861878453,0.525242718446602,0.3466346382851231
prefill,math,2,3,1,16,domain_oracle,516,8,0.46148255813953487,0.0,2.0,4.333858267716535,0.0,1.0
prefill,math,2,3,1,16,previous_window,516,8,0.44622093023255816,0.0,2.0,4.482084690553746,0.001941747572815534,0.997091581557601
prefill,math,2,3,1,16,static,516,8,0.4103682170542636,0.0,2.0,4.873671782762692,0.0,1.0
prefill,math,2,3,1,16,transition,516,8,0.7410368217054264,0.0755813953488372,2.0,2.6989212160836873,0.40315533980582524,0.45124618257203597
prefill,math,2,3,1,32,domain_oracle,516,8,0.7516957364341085,0.13178294573643412,4.0,5.32130196583951,0.0,1.0
prefill,math,2,3,1,32,previous_window,516,8,0.7272286821705426,0.1065891472868217,4.0,5.5003331112591605,0.0010315533980582525,0.9982533691271556
prefill,math,2,3,1,32,static,516,8,0.6993701550387597,0.08333333333333333,4.0,5.71943193626602,0.0,1.0
prefill,math,2,3,1,32,transition,516,8,0.9035852713178295,0.45930232558139533,4.0,4.426809651474531,0.23567961165048543,0.6303202706353178
prefill,math,2,4,2,8,domain_oracle,516,8,0.3236434108527132,0.0,1.0,3.089820359281437,0.0,1.0
prefill,math,2,4,2,8,previous_window,516,8,0.28125,0.0,1.0,3.5555555555555554,0.0031553398058252425,0.9959173512571571
prefill,math,2,4,2,8,static,516,8,0.20784883720930233,0.0,1.0,4.811188811188811,0.0,1.0
prefill,math,2,4,2,8,transition,516,8,0.47771317829457366,0.0,1.0,2.0933062880324544,0.408252427184466,0.4520334465965529
prefill,math,2,4,2,16,domain_oracle,516,8,0.5002422480620154,0.01744186046511628,2.0,3.9980629539951575,0.0,1.0
prefill,math,2,4,2,16,previous_window,516,8,0.49636627906976744,0.011627906976744186,2.0,4.029282576866764,0.0015776699029126213,0.997521960240407
prefill,math,2,4,2,16,static,516,8,0.3757267441860465,0.0,2.0,5.323017408123791,0.0,1.0
prefill,math,2,4,2,16,transition,516,8,0.6727228682170543,0.027131782945736434,2.0,2.972992437882607,0.34502427184466017,0.5094248669624778
prefill,math,2,4,2,32,domain_oracle,516,8,0.7705910852713178,0.1569767441860465,4.0,5.190820496699152,0.0,1.0
prefill,math,2,4,2,32,previous_window,516,8,0.750968992248062,0.1065891472868217,4.0,5.3264516129032256,0.001092233009708738,0.9981737076882709
prefill,math,2,4,2,32,static,516,8,0.623062015503876,0.050387596899224806,4.0,6.4199066874028,0.0,1.0
prefill,math,2,4,2,32,transition,516,8,0.903827519379845,0.46705426356589147,4.0,4.425623157330475,0.2387135922330097,0.6274190680622791
prefill,math,2,5,3,8,domain_oracle,516,8,0.345203488372093,0.0,1.0,2.896842105263158,0.0,1.0
prefill,math,2,5,3,8,previous_window,516,8,0.3369670542635659,0.0,1.0,2.9676491732566497,0.001941747572815534,0.9971050308914386
prefill,math,2,5,3,8,static,516,8,0.20784883720930233,0.0,1.0,4.811188811188811,0.0,1.0
prefill,math,2,5,3,8,transition,516,8,0.4566375968992248,0.0,1.0,2.189920424403183,0.4317961165048544,0.42718541436988033
prefill,math,2,5,3,16,domain_oracle,516,8,0.5310077519379846,0.01937984496124031,2.0,3.7664233576642334,0.0,1.0
prefill,math,2,5,3,16,previous_window,516,8,0.48667635658914726,0.015503875968992248,2.0,4.109507217521155,0.0023058252427184465,0.9967217248770646
prefill,math,2,5,3,16,static,516,8,0.34665697674418605,0.0,2.0,5.769392033542977,0.0,1.0
prefill,math,2,5,3,16,transition,516,8,0.6729651162790697,0.029069767441860465,2.0,2.9719222462203025,0.3313106796116505,0.5279572748587669
prefill,math,2,5,3,32,domain_oracle,516,8,0.7856104651162791,0.14147286821705427,4.0,5.091581868640148,0.0,1.0
prefill,math,2,5,3,32,previous_window,516,8,0.7555717054263565,0.10852713178294573,4.0,5.294004488618147,0.000970873786407767,0.9983421336512801
prefill,math,2,5,3,32,static,516,8,0.6179748062015504,0.04263565891472868,4.0,6.4727557820462565,0.0,1.0
prefill,math,2,5,3,32,transition,516,8,0.8943798449612403,0.42441860465116277,4.0,4.47237269772481,0.2225121359223301,0.6482346849888067
prefill,math,2,6,4,8,domain_oracle,516,8,0.42417635658914726,0.0,1.0,2.3575099942889777,0.0,1.0
prefill,math,2,6,4,8,previous_window,516,8,0.4106104651162791,0.0,1.0,2.4353982300884955,0.000970873786407767,0.9984466019417476
prefill,math,2,6,4,8,static,516,8,0.31419573643410853,0.0,1.0,3.1827293754818813,0.0,1.0
prefill,math,2,6,4,8,transition,516,8,0.5205910852713178,0.0,1.0,1.9208934388087482,0.3888349514563107,0.4694289098172595
prefill,math,2,6,4,16,domain_oracle,516,8,0.5697674418604651,0.007751937984496124,2.0,3.510204081632653,0.0,1.0
prefill,math,2,6,4,16,previous_window,516,8,0.5700096899224806,0.009689922480620155,2.0,3.508712282192945,0.0015776699029126213,0.9975375331532716
prefill,math,2,6,4,16,static,516,8,0.45276162790697677,0.001937984496124031,2.0,4.417335473515249,0.0,1.0
prefill,math,2,6,4,16,transition,516,8,0.7429748062015504,0.1182170542635659,2.0,2.691881317248125,0.3156553398058252,0.5454005612680394
prefill,math,2,6,4,32,domain_oracle,516,8,0.8449612403100775,0.30426356589147285,4.0,4.73394495412844,0.0,1.0
prefill,math,2,6,4,32,previous_window,516,8,0.8091085271317829,0.2189922480620155,4.0,4.9437125748502995,0.0010315533980582525,0.9982730538070343
prefill,math,2,6,4,32,static,516,8,0.7112403100775194,0.046511627906976744,4.0,5.623978201634878,0.0,1.0
prefill,math,2,6,4,32,transition,516,8,0.9125484496124031,0.4748062015503876,4.0,4.383328908946111,0.21972087378640776,0.6503406417030718
prefill,math,2,7,5,8,domain_oracle,516,8,0.3381782945736434,0.0,1.0,2.95702005730659,0.0,1.0
prefill,math,2,7,5,8,previous_window,516,8,0.32073643410852715,0.0,1.0,3.117824773413897,0.0014563106796116505,0.9977326664705306
prefill,math,2,7,5,8,static,516,8,0.22892441860465115,0.0,1.0,4.368253968253968,0.0,1.0
prefill,math,2,7,5,8,transition,516,8,0.49273255813953487,0.001937984496124031,1.0,2.0294985250737465,0.45024271844660196,0.4075942611864936
prefill,math,2,7,5,16,domain_oracle,516,8,0.5256782945736435,0.03294573643410853,2.0,3.8046082949308757,0.0,1.0
prefill,math,2,7,5,16,previous_window,516,8,0.5043604651162791,0.011627906976744186,2.0,3.9654178674351583,0.0015776699029126213,0.997521960240407
prefill,math,2,7,5,16,static,516,8,0.33624031007751937,0.0,2.0,5.948126801152738,0.0,1.0
prefill,math,2,7,5,16,transition,516,8,0.6875,0.09496124031007752,2.0,2.909090909090909,0.3678398058252427,0.4904138457417188
prefill,math,2,7,5,32,domain_oracle,516,8,0.8047480620155039,0.19573643410852712,4.0,4.97049969897652,0.0,1.0
prefill,math,2,7,5,32,previous_window,516,8,0.7856104651162791,0.18023255813953487,4.0,5.091581868640148,0.0006067961165048543,0.9989085601878291
prefill,math,2,7,5,32,static,516,8,0.6371124031007752,0.05426356589147287,4.0,6.278326996197719,0.0,1.0
prefill,math,2,7,5,32,transition,516,8,0.8948643410852714,0.47093023255813954,4.0,4.469951272333514,0.22603155339805825,0.6418963354020426
prefill,math,2,8,6,8,domain_oracle,516,8,0.3498062015503876,0.0,1.0,2.858725761772853,0.0,1.0
prefill,math,2,8,6,8,previous_window,516,8,0.33987403100775193,0.0,1.0,2.9422665716322167,0.0016990291262135922,0.997450230459939
prefill,math,2,8,6,8,static,516,8,0.24224806201550386,0.0,1.0,4.128,0.0,1.0
prefill,math,2,8,6,8,transition,516,8,0.532703488372093,0.0,1.0,1.8772169167803547,0.4774271844660194,0.3925044965821655
prefill,math,2,8,6,16,domain_oracle,516,8,0.530765503875969,0.05232558139534884,2.0,3.76814240073026,0.0,1.0
prefill,math,2,8,6,16,previous_window,516,8,0.5188953488372093,0.040697674418604654,2.0,3.854341736694678,0.001092233009708738,0.9981786180662011
prefill,math,2,8,6,16,static,516,8,0.3958333333333333,0.0,2.0,5.052631578947368,0.0,1.0
prefill,math,2,8,6,16,transition,516,8,0.7451550387596899,0.20736434108527133,2.0,2.6840052015604683,0.3754854368932039,0.48783702496201065
prefill,math,2,8,6,32,domain_oracle,516,8,0.7718023255813954,0.13953488372093023,4.0,5.182674199623352,0.0,1.0
prefill,math,2,8,6,32,previous_window,516,8,0.7635658914728682,0.1996124031007752,4.0,5.238578680203045,0.0007281553398058253,0.9987210745309877
prefill,math,2,8,6,32,static,516,8,0.7039728682170543,0.10271317829457365,4.0,5.682037164487268,0.0,1.0
prefill,math,2,8,6,32,transition,516,8,0.9103682170542635,0.5251937984496124,4.0,4.3938265034592865,0.22233009708737864,0.647772045211206
prefill,math,2,9,7,8,domain_oracle,516,8,0.29893410852713176,0.0,1.0,3.3452188006482984,0.0,1.0
prefill,math,2,9,7,8,previous_window,516,8,0.29021317829457366,0.0,1.0,3.4457429048414023,0.002184466019417476,0.9968696675492792
prefill,math,2,9,7,8,static,516,8,0.19476744186046513,0.0,1.0,5.134328358208955,0.0,1.0
prefill,math,2,9,7,8,transition,516,8,0.5387596899224806,0.009689922480620155,1.0,1.856115107913669,0.5230582524271845,0.3440979732241858
prefill,math,2,9,7,16,domain_oracle,516,8,0.4755329457364341,0.0,2.0,4.205807437595517,0.0,1.0
prefill,math,2,9,7,16,previous_window,516,8,0.46027131782945735,0.0,2.0,4.3452631578947365,0.0013349514563106796,0.9978334184977008
prefill,math,2,9,7,16,static,516,8,0.3168604651162791,0.0,2.0,6.3119266055045875,0.0,1.0
prefill,math,2,9,7,16,transition,516,8,0.7638081395348837,0.23062015503875968,2.0,2.6184586108468126,0.454126213592233,0.41240447470972263
prefill,math,2,9,7,32,domain_oracle,516,8,0.747093023255814,0.14147286821705427,4.0,5.35408560311284,0.0,1.0
prefill,math,2,9,7,32,previous_window,516,8,0.7296511627906976,0.16085271317829458,4.0,5.48207171314741,0.000970873786407767,0.9983466663078313
prefill,math,2,9,7,32,static,516,8,0.6191860465116279,0.029069767441860465,4.0,6.460093896713615,0.0,1.0
prefill,math,2,9,7,32,transition,516,8,0.935077519379845,0.6589147286821705,4.0,4.277720207253886,0.27997572815533983,0.5779922960214449
prefill,math,2,10,8,8,domain_oracle,516,8,0.25314922480620156,0.0,1.0,3.9502392344497608,0.0,1.0
prefill,math,2,10,8,8,previous_window,516,8,0.24588178294573643,0.0,1.0,4.066995073891626,0.001941747572815534,0.9971521035598705
prefill,math,2,10,8,8,static,516,8,0.14001937984496124,0.0,1.0,7.141868512110727,0.0,1.0
prefill,math,2,10,8,8,transition,516,8,0.4890988372093023,0.0,1.0,2.0445765230312034,0.5677184466019417,0.3183018922824737
prefill,math,2,10,8,16,domain_oracle,516,8,0.43507751937984496,0.001937984496124031,2.0,4.596881959910913,0.0,1.0
prefill,math,2,10,8,16,previous_window,516,8,0.4186046511627907,0.001937984496124031,2.0,4.777777777777778,0.0015776699029126213,0.997521960240407
prefill,math,2,10,8,16,static,516,8,0.3311531007751938,0.0,2.0,6.039502560351134,0.0,1.0
prefill,math,2,10,8,16,transition,516,8,0.7175387596899225,0.15310077519379844,2.0,2.787305874409183,0.4266990291262136,0.4331666672829224
prefill,math,2,10,8,32,domain_oracle,516,8,0.7262596899224806,0.13953488372093023,4.0,5.507671781187458,0.0,1.0
prefill,math,2,10,8,32,previous_window,516,8,0.7083333333333334,0.12209302325581395,4.0,5.647058823529412,0.0009101941747572816,0.9984305204540257
prefill,math,2,10,8,32,static,516,8,0.6480135658914729,0.08139534883720931,4.0,6.172710280373832,0.0,1.0
prefill,math,2,10,8,32,transition,516,8,0.9236918604651163,0.6143410852713178,4.0,4.33044846577498,0.2570995145631068,0.6062326123411301
prefill,math,2,11,9,8,domain_oracle,516,8,0.3396317829457364,0.0,1.0,2.944365192582026,0.0,1.0
prefill,math,2,11,9,8,previous_window,516,8,0.34060077519379844,0.0,1.0,2.9359886201991463,0.000970873786407767,0.9983603020496225
prefill,math,2,11,9,8,static,516,8,0.2235949612403101,0.0,1.0,4.47237269772481,0.0,1.0
prefill,math,2,11,9,8,transition,516,8,0.47214147286821706,0.001937984496124031,1.0,2.1180092355053874,0.4220873786407767,0.4340409105457653
prefill,math,2,11,9,16,domain_oracle,516,8,0.5208333333333334,0.015503875968992248,2.0,3.84,0.0,1.0
prefill,math,2,11,9,16,previous_window,516,8,0.5094476744186046,0.013565891472868217,2.0,3.925820256776034,0.0014563106796116505,0.9976699029126215
prefill,math,2,11,9,16,static,516,8,0.3631298449612403,0.0,2.0,5.507671781187458,0.0,1.0
prefill,math,2,11,9,16,transition,516,8,0.715843023255814,0.1511627906976744,2.0,2.793908629441624,0.34611650485436896,0.5129959603086713
prefill,math,2,11,9,32,domain_oracle,516,8,0.7781007751937985,0.1996124031007752,4.0,5.140722291407223,0.0,1.0
prefill,math,2,11,9,32,previous_window,516,8,0.7587209302325582,0.18992248062015504,4.0,5.272030651340996,0.000970873786407767,0.998356907953229
prefill,math,2,11,9,32,static,516,8,0.6913759689922481,0.1434108527131783,4.0,5.785564120532586,0.0,1.0
prefill,math,2,11,9,32,transition,516,8,0.9147286821705426,0.563953488372093,4.0,4.372881355932203,0.22888349514563106,0.6409850299401199
prefill,math,2,12,10,8,domain_oracle,516,8,0.3495639534883721,0.0,1.0,2.860706860706861,0.0,1.0
prefill,math,2,12,10,8,previous_window,516,8,0.32873062015503873,0.0,1.0,3.0420044215180546,0.0014563106796116505,0.9977326664705306
prefill,math,2,12,10,8,static,516,8,0.1875,0.0,1.0,5.333333333333333,0.0,1.0
prefill,math,2,12,10,8,transition,516,8,0.4440406976744186,0.001937984496124031,1.0,2.252045826513912,0.43907766990291264,0.42313608721375684
prefill,math,2,12,10,16,domain_oracle,516,8,0.5205910852713178,0.031007751937984496,2.0,3.8417868776174964,0.0,1.0
prefill,math,2,12,10,16,previous_window,516,8,0.49127906976744184,0.01744186046511628,2.0,4.071005917159764,0.0018203883495145632,0.9972685464765179
prefill,math,2,12,10,16,static,516,8,0.32921511627906974,0.0,2.0,6.075055187637969,0.0,1.0
prefill,math,2,12,10,16,transition,516,8,0.6470445736434108,0.1065891472868217,2.0,3.0909771621115687,0.3402912621359223,0.5210644714053534
prefill,math,2,12,10,32,domain_oracle,516,8,0.7744670542635659,0.17054263565891473,4.0,5.1648420394119485,0.0,1.0
prefill,math,2,12,10,32,previous_window,516,8,0.7458817829457365,0.12015503875968993,4.0,5.362780123416694,0.0007888349514563106,0.9986175357049144
prefill,math,2,12,10,32,static,516,8,0.6589147286821705,0.14922480620155038,4.0,6.070588235294117,0.0,1.0
prefill,math,2,12,10,32,transition,516,8,0.9004360465116279,0.5348837209302325,4.0,4.442292171105731,0.22779126213592232,0.6400626281921146
prefill,math,2,13,11,8,domain_oracle,516,8,0.32049418604651164,0.0,1.0,3.120181405895692,0.0,1.0
prefill,math,2,13,11,8,previous_window,516,8,0.30523255813953487,0.0,1.0,3.276190476190476,0.001941747572815534,0.9972148671177797
prefill,math,2,13,11,8,static,516,8,0.19525193798449614,0.0,1.0,5.121588089330025,0.0,1.0
prefill,math,2,13,11,8,transition,516,8,0.4118217054263566,0.0,1.0,2.428235294117647,0.44975728155339806,0.41465248882724554
prefill,math,2,13,11,16,domain_oracle,516,8,0.5162306201550387,0.0562015503875969,2.0,3.8742374472078835,0.0,1.0
prefill,math,2,13,11,16,previous_window,516,8,0.49127906976744184,0.02131782945736434,2.0,4.071005917159764,0.0018203883495145632,0.9972685464765179
prefill,math,2,13,11,16,static,516,8,0.36143410852713176,0.001937984496124031,2.0,5.533512064343164,0.0,1.0
prefill,math,2,13,11,16,transition,516,8,0.590843023255814,0.031007751937984496,2.0,3.3849938499384993,0.30970873786407765,0.5467166490171791
prefill,math,2,13,11,32,domain_oracle,516,8,0.7875484496124031,0.2248062015503876,4.0,5.079052599200246,0.0,1.0
prefill,math,2,13,11,32,previous_window,516,8,0.7843992248062015,0.25,4.0,5.099444101297097,0.0004854368932038835,0.9991179478558119
prefill,math,2,13,11,32,static,516,8,0.6698158914728682,0.08527131782945736,4.0,5.971790235081374,0.0,1.0
prefill,math,2,13,11,32,transition,516,8,0.8621608527131783,0.3643410852713178,4.0,4.639505479067154,0.1866504854368932,0.6948855557712067
prefill,math,2,14,12,8,domain_oracle,516,8,0.27858527131782945,0.0,1.0,3.5895652173913044,0.0,1.0
prefill,math,2,14,12,8,previous_window,516,8,0.2691375968992248,0.0,1.0,3.7155715571557155,0.0016990291262135922,0.997497303128371
prefill,math,2,14,12,8,static,516,8,0.1378391472868217,0.0,1.0,7.254833040421793,0.0,1.0
prefill,math,2,14,12,8,transition,516,8,0.39244186046511625,0.0,1.0,2.5481481481481483,0.5223300970873787,0.35297388695446863
prefill,math,2,14,12,16,domain_oracle,516,8,0.4624515503875969,0.015503875968992248,2.0,4.324777370350969,0.0,1.0
prefill,math,2,14,12,16,previous_window,516,8,0.4430717054263566,0.009689922480620155,2.0,4.513942044833242,0.0018203883495145632,0.9972802415494201
prefill,math,2,14,12,16,static,516,8,0.28367248062015504,0.0,2.0,7.050384286934245,0.0,1.0
prefill,math,2,14,12,16,transition,516,8,0.5910852713178295,0.08527131782945736,2.0,3.3836065573770493,0.38179611650485434,0.47442508747365547
prefill,math,2,14,12,32,domain_oracle,516,8,0.747577519379845,0.23837209302325582,4.0,5.350615683732988,0.0,1.0
prefill,math,2,14,12,32,previous_window,516,8,0.7374031007751938,0.19767441860465115,4.0,5.424441524310118,0.0006674757281553398,0.9988094613337333
prefill,math,2,14,12,32,static,516,8,0.6201550387596899,0.025193798449612403,4.0,6.45,0.0,1.0
prefill,math,2,14,12,32,transition,516,8,0.8604651162790697,0.40891472868217055,4.0,4.648648648648648,0.21025485436893204,0.6642388156374366
prefill,math,2,15,13,8,domain_oracle,516,8,0.29021317829457366,0.0,1.0,3.4457429048414023,0.0,1.0
prefill,math,2,15,13,8,previous_window,516,8,0.25169573643410853,0.0,1.0,3.973051010587103,0.0024271844660194173,0.9965872315386879
prefill,math,2,15,13,8,static,516,8,0.19113372093023256,0.0,1.0,5.231939163498099,0.0,1.0
prefill,math,2,15,13,8,transition,516,8,0.37160852713178294,0.0,1.0,2.6910039113428943,0.3946601941747573,0.4639009318620966
prefill,math,2,15,13,16,domain_oracle,516,8,0.4750484496124031,0.023255813953488372,2.0,4.210096889342172,0.0,1.0
prefill,math,2,15,13,16,previous_window,516,8,0.42005813953488375,0.005813953488372093,2.0,4.7612456747404845,0.0024271844660194173,0.9966181650065146
prefill,math,2,15,13,16,static,516,8,0.34568798449612403,0.0,2.0,5.785564120532586,0.0,1.0
prefill,math,2,15,13,16,transition,516,8,0.5775193798449613,0.04844961240310078,2.0,3.4630872483221475,0.3309466019417476,0.5203076709960431
prefill,math,2,15,13,32,domain_oracle,516,8,0.7611434108527132,0.17248062015503876,4.0,5.255251432208785,0.0,1.0
prefill,math,2,15,13,32,previous_window,516,8,0.7054263565891473,0.09496124031007752,4.0,5.670329670329671,0.001092233009708738,0.9982014709993073
prefill,math,2,15,13,32,static,516,8,0.6111918604651163,0.011627906976744186,4.0,6.544589774078478,0.0,1.0
prefill,math,2,15,13,32,transition,516,8,0.8217054263565892,0.25193798449612403,4.0,4.867924528301887,0.19308252427184466,0.6860616625497404
prefill,math,3,4,1,8,domain_oracle,516,8,0.3236434108527132,0.0,1.0,3.089820359281437,0.0,1.0
prefill,math,3,4,1,8,previous_window,516,8,0.28125,0.0,1.0,3.5555555555555554,0.0031553398058252425,0.9959173512571571
prefill,math,3,4,1,8,static,516,8,0.20784883720930233,0.0,1.0,4.811188811188811,0.0,1.0
prefill,math,3,4,1,8,transition,516,8,0.5007267441860465,0.001937984496124031,1.0,1.9970972423802613,0.48058252427184467,0.3811009702271831
prefill,math,3,4,1,16,domain_oracle,516,8,0.5002422480620154,0.01744186046511628,2.0,3.9980629539951575,0.0,1.0
prefill,math,3,4,1,16,previous_window,516,8,0.49636627906976744,0.011627906976744186,2.0,4.029282576866764,0.0015776699029126213,0.997521960240407
prefill,math,3,4,1,16,static,516,8,0.3757267441860465,0.0,2.0,5.323017408123791,0.0,1.0
prefill,math,3,4,1,16,transition,516,8,0.7122093023255814,0.044573643410852716,2.0,2.8081632653061224,0.3875,0.4699030957087523
prefill,math,3,4,1,32,domain_oracle,516,8,0.7705910852713178,0.1569767441860465,4.0,5.190820496699152,0.0,1.0
prefill,math,3,4,1,32,previous_window,516,8,0.750968992248062,0.1065891472868217,4.0,5.3264516129032256,0.001092233009708738,0.9981737076882709
prefill,math,3,4,1,32,static,516,8,0.623062015503876,0.050387596899224806,4.0,6.4199066874028,0.0,1.0
prefill,math,3,4,1,32,transition,516,8,0.9159399224806202,0.5077519379844961,4.0,4.3670986511504895,0.2777912621359223,0.5834221630364614
prefill,math,3,5,2,8,domain_oracle,516,8,0.345203488372093,0.0,1.0,2.896842105263158,0.0,1.0
prefill,math,3,5,2,8,previous_window,516,8,0.3369670542635659,0.0,1.0,2.9676491732566497,0.001941747572815534,0.9971050308914386
prefill,math,3,5,2,8,static,516,8,0.20784883720930233,0.0,1.0,4.811188811188811,0.0,1.0
prefill,math,3,5,2,8,transition,516,8,0.4808624031007752,0.0,1.0,2.0795969773299747,0.4507281553398058,0.4125679282960833
prefill,math,3,5,2,16,domain_oracle,516,8,0.5310077519379846,0.01937984496124031,2.0,3.7664233576642334,0.0,1.0
prefill,math,3,5,2,16,previous_window,516,8,0.48667635658914726,0.015503875968992248,2.0,4.109507217521155,0.0023058252427184465,0.9967217248770646
prefill,math,3,5,2,16,static,516,8,0.34665697674418605,0.0,2.0,5.769392033542977,0.0,1.0
prefill,math,3,5,2,16,transition,516,8,0.7063953488372093,0.07751937984496124,2.0,2.831275720164609,0.39223300970873787,0.4634090744297182
prefill,math,3,5,2,32,domain_oracle,516,8,0.7856104651162791,0.14147286821705427,4.0,5.091581868640148,0.0,1.0
prefill,math,3,5,2,32,previous_window,516,8,0.7555717054263565,0.10852713178294573,4.0,5.294004488618147,0.000970873786407767,0.9983421336512801
prefill,math,3,5,2,32,static,516,8,0.6179748062015504,0.04263565891472868,4.0,6.4727557820462565,0.0,1.0
prefill,math,3,5,2,32,transition,516,8,0.9173934108527132,0.5232558139534884,4.0,4.360179561658304,0.26990291262135924,0.5938505303684611
prefill,math,3,6,3,8,domain_oracle,516,8,0.42417635658914726,0.0,1.0,2.3575099942889777,0.0,1.0
prefill,math,3,6,3,8,previous_window,516,8,0.4106104651162791,0.0,1.0,2.4353982300884955,0.000970873786407767,0.9984466019417476
prefill,math,3,6,3,8,static,516,8,0.31419573643410853,0.0,1.0,3.1827293754818813,0.0,1.0
prefill,math,3,6,3,8,transition,516,8,0.5469961240310077,0.001937984496124031,1.0,1.8281665190434013,0.4589805825242718,0.40293751555887414
prefill,math,3,6,3,16,domain_oracle,516,8,0.5697674418604651,0.007751937984496124,2.0,3.510204081632653,0.0,1.0
prefill,math,3,6,3,16,previous_window,516,8,0.5700096899224806,0.009689922480620155,2.0,3.508712282192945,0.0015776699029126213,0.9975375331532716
prefill,math,3,6,3,16,static,516,8,0.45276162790697677,0.001937984496124031,2.0,4.417335473515249,0.0,1.0
prefill,math,3,6,3,16,transition,516,8,0.7747093023255814,0.18023255813953487,2.0,2.5816135084427767,0.3572815533980582,0.5001085047581193
prefill,math,3,6,3,32,domain_oracle,516,8,0.8449612403100775,0.30426356589147285,4.0,4.73394495412844,0.0,1.0
prefill,math,3,6,3,32,previous_window,516,8,0.8091085271317829,0.2189922480620155,4.0,4.9437125748502995,0.0010315533980582525,0.9982730538070343
prefill,math,3,6,3,32,static,516,8,0.7112403100775194,0.046511627906976744,4.0,5.623978201634878,0.0,1.0
prefill,math,3,6,3,32,transition,516,8,0.9132751937984496,0.4573643410852713,4.0,4.379840848806366,0.23774271844660194,0.6326505086175833
prefill,math,3,7,4,8,domain_oracle,516,8,0.3381782945736434,0.0,1.0,2.95702005730659,0.0,1.0
prefill,math,3,7,4,8,previous_window,516,8,0.32073643410852715,0.0,1.0,3.117824773413897,0.0014563106796116505,0.9977326664705306
prefill,math,3,7,4,8,static,516,8,0.22892441860465115,0.0,1.0,4.368253968253968,0.0,1.0
prefill,math,3,7,4,8,transition,516,8,0.5237403100775194,0.001937984496124031,1.0,1.9093432007400555,0.5053398058252427,0.3636341651875621
prefill,math,3,7,4,16,domain_oracle,516,8,0.5256782945736435,0.03294573643410853,2.0,3.8046082949308757,0.0,1.0
prefill,math,3,7,4,16,previous_window,516,8,0.5043604651162791,0.011627906976744186,2.0,3.9654178674351583,0.0015776699029126213,0.997521960240407
prefill,math,3,7,4,16,static,516,8,0.33624031007751937,0.0,2.0,5.948126801152738,0.0,1.0
prefill,math,3,7,4,16,transition,516,8,0.7308624031007752,0.13565891472868216,2.0,2.7364932051706994,0.40885922330097085,0.4509951094900712
prefill,math,3,7,4,32,domain_oracle,516,8,0.8047480620155039,0.19573643410852712,4.0,4.97049969897652,0.0,1.0
prefill,math,3,7,4,32,previous_window,516,8,0.7856104651162791,0.18023255813953487,4.0,5.091581868640148,0.0006067961165048543,0.9989085601878291
prefill,math,3,7,4,32,static,516,8,0.6371124031007752,0.05426356589147287,4.0,6.278326996197719,0.0,1.0
prefill,math,3,7,4,32,transition,516,8,0.8994670542635659,0.5232558139534884,4.0,4.447077834635066,0.2635315533980582,0.6005252501563485
prefill,math,3,8,5,8,domain_oracle,516,8,0.3498062015503876,0.0,1.0,2.858725761772853,0.0,1.0
prefill,math,3,8,5,8,previous_window,516,8,0.33987403100775193,0.0,1.0,2.9422665716322167,0.0016990291262135922,0.997450230459939
prefill,math,3,8,5,8,static,516,8,0.24224806201550386,0.0,1.0,4.128,0.0,1.0
prefill,math,3,8,5,8,transition,516,8,0.560077519379845,0.001937984496124031,1.0,1.7854671280276817,0.5177184466019418,0.36283716283716144
prefill,math,3,8,5,16,domain_oracle,516,8,0.530765503875969,0.05232558139534884,2.0,3.76814240073026,0.0,1.0
prefill,math,3,8,5,16,previous_window,516,8,0.5188953488372093,0.040697674418604654,2.0,3.854341736694678,0.001092233009708738,0.9981786180662011
prefill,math,3,8,5,16,static,516,8,0.3958333333333333,0.0,2.0,5.052631578947368,0.0,1.0
prefill,math,3,8,5,16,transition,516,8,0.7979651162790697,0.23449612403100775,2.0,2.506375227686703,0.42463592233009706,0.44085603595748823
prefill,math,3,8,5,32,domain_oracle,516,8,0.7718023255813954,0.13953488372093023,4.0,5.182674199623352,0.0,1.0
prefill,math,3,8,5,32,previous_window,516,8,0.7635658914728682,0.1996124031007752,4.0,5.238578680203045,0.0007281553398058253,0.9987210745309877
prefill,math,3,8,5,32,static,516,8,0.7039728682170543,0.10271317829457365,4.0,5.682037164487268,0.0,1.0
prefill,math,3,8,5,32,transition,516,8,0.9442829457364341,0.6337209302325582,4.0,4.236018471010775,0.2675970873786408,0.595969831579191
prefill,math,3,9,6,8,domain_oracle,516,8,0.29893410852713176,0.0,1.0,3.3452188006482984,0.0,1.0
prefill,math,3,9,6,8,previous_window,516,8,0.29021317829457366,0.0,1.0,3.4457429048414023,0.002184466019417476,0.9968696675492792
prefill,math,3,9,6,8,static,516,8,0.19476744186046513,0.0,1.0,5.134328358208955,0.0,1.0
prefill,math,3,9,6,8,transition,516,8,0.5687984496124031,0.007751937984496124,1.0,1.75809199318569,0.5531553398058252,0.3294517779954658
prefill,math,3,9,6,16,domain_oracle,516,8,0.4755329457364341,0.0,2.0,4.205807437595517,0.0,1.0
prefill,math,3,9,6,16,previous_window,516,8,0.46027131782945735,0.0,2.0,4.3452631578947365,0.0013349514563106796,0.9978334184977008
prefill,math,3,9,6,16,static,516,8,0.3168604651162791,0.0,2.0,6.3119266055045875,0.0,1.0
prefill,math,3,9,6,16,transition,516,8,0.8074127906976745,0.28488372093023256,2.0,2.477047704770477,0.48434466019417477,0.39146871662164273
prefill,math,3,9,6,32,domain_oracle,516,8,0.747093023255814,0.14147286821705427,4.0,5.35408560311284,0.0,1.0
prefill,math,3,9,6,32,previous_window,516,8,0.7296511627906976,0.16085271317829458,4.0,5.48207171314741,0.000970873786407767,0.9983466663078313
prefill,math,3,9,6,32,static,516,8,0.6191860465116279,0.029069767441860465,4.0,6.460093896713615,0.0,1.0
prefill,math,3,9,6,32,transition,516,8,0.9588178294573644,0.751937984496124,4.0,4.171803941384538,0.3293082524271845,0.5288021244479173
prefill,math,3,10,7,8,domain_oracle,516,8,0.25314922480620156,0.0,1.0,3.9502392344497608,0.0,1.0
prefill,math,3,10,7,8,previous_window,516,8,0.24588178294573643,0.0,1.0,4.066995073891626,0.001941747572815534,0.9971521035598705
prefill,math,3,10,7,8,static,516,8,0.14001937984496124,0.0,1.0,7.141868512110727,0.0,1.0
prefill,math,3,10,7,8,transition,516,8,0.530281007751938,0.001937984496124031,1.0,1.8857925993604385,0.620873786407767,0.2865278410909464
prefill,math,3,10,7,16,domain_oracle,516,8,0.43507751937984496,0.001937984496124031,2.0,4.596881959910913,0.0,1.0
prefill,math,3,10,7,16,previous_window,516,8,0.4186046511627907,0.001937984496124031,2.0,4.777777777777778,0.0015776699029126213,0.997521960240407
prefill,math,3,10,7,16,static,516,8,0.3311531007751938,0.0,2.0,6.039502560351134,0.0,1.0
prefill,math,3,10,7,16,transition,516,8,0.7904554263565892,0.22868217054263565,2.0,2.530186944529574,0.49016990291262136,0.38052197521680264
prefill,math,3,10,7,32,domain_oracle,516,8,0.7262596899224806,0.13953488372093023,4.0,5.507671781187458,0.0,1.0
prefill,math,3,10,7,32,previous_window,516,8,0.7083333333333334,0.12209302325581395,4.0,5.647058823529412,0.0009101941747572816,0.9984305204540257
prefill,math,3,10,7,32,static,516,8,0.6480135658914729,0.08139534883720931,4.0,6.172710280373832,0.0,1.0
prefill,math,3,10,7,32,transition,516,8,0.9479166666666666,0.6976744186046512,4.0,4.21978021978022,0.310497572815534,0.547563919512366
prefill,math,3,11,8,8,domain_oracle,516,8,0.3396317829457364,0.0,1.0,2.944365192582026,0.0,1.0
prefill,math,3,11,8,8,previous_window,516,8,0.34060077519379844,0.0,1.0,2.9359886201991463,0.000970873786407767,0.9983603020496225
prefill,math,3,11,8,8,static,516,8,0.2235949612403101,0.0,1.0,4.47237269772481,0.0,1.0
prefill,math,3,11,8,8,transition,516,8,0.49685077519379844,0.005813953488372093,1.0,2.0126767430521695,0.46601941747572817,0.39623259157239626
prefill,math,3,11,8,16,domain_oracle,516,8,0.5208333333333334,0.015503875968992248,2.0,3.84,0.0,1.0
prefill,math,3,11,8,16,previous_window,516,8,0.5094476744186046,0.013565891472868217,2.0,3.925820256776034,0.0014563106796116505,0.9976699029126215
prefill,math,3,11,8,16,static,516,8,0.3631298449612403,0.0,2.0,5.507671781187458,0.0,1.0
prefill,math,3,11,8,16,transition,516,8,0.7473352713178295,0.1744186046511628,2.0,2.6761750405186384,0.38361650485436893,0.47721360778110056
prefill,math,3,11,8,32,domain_oracle,516,8,0.7781007751937985,0.1996124031007752,4.0,5.140722291407223,0.0,1.0
prefill,math,3,11,8,32,previous_window,516,8,0.7587209302325582,0.18992248062015504,4.0,5.272030651340996,0.000970873786407767,0.998356907953229
prefill,math,3,11,8,32,static,516,8,0.6913759689922481,0.1434108527131783,4.0,5.785564120532586,0.0,1.0
prefill,math,3,11,8,32,transition,516,8,0.9280523255813954,0.6201550387596899,4.0,4.3101018010963195,0.2716626213592233,0.5888766322781926
prefill,math,3,12,9,8,domain_oracle,516,8,0.3495639534883721,0.0,1.0,2.860706860706861,0.0,1.0
prefill,math,3,12,9,8,previous_window,516,8,0.32873062015503873,0.0,1.0,3.0420044215180546,0.0014563106796116505,0.9977326664705306
prefill,math,3,12,9,8,static,516,8,0.1875,0.0,1.0,5.333333333333333,0.0,1.0
prefill,math,3,12,9,8,transition,516,8,0.46148255813953487,0.0,1.0,2.1669291338582677,0.48325242718446604,0.3827842060851758
prefill,math,3,12,9,16,domain_oracle,516,8,0.5205910852713178,0.031007751937984496,2.0,3.8417868776174964,0.0,1.0
prefill,math,3,12,9,16,previous_window,516,8,0.49127906976744184,0.01744186046511628,2.0,4.071005917159764,0.0018203883495145632,0.9972685464765179
prefill,math,3,12,9,16,static,516,8,0.32921511627906974,0.0,2.0,6.075055187637969,0.0,1.0
prefill,math,3,12,9,16,transition,516,8,0.6807170542635659,0.08527131782945736,2.0,2.938078291814947,0.3952669902912621,0.4608770096461187
prefill,math,3,12,9,32,domain_oracle,516,8,0.7744670542635659,0.17054263565891473,4.0,5.1648420394119485,0.0,1.0
prefill,math,3,12,9,32,previous_window,516,8,0.7458817829457365,0.12015503875968993,4.0,5.362780123416694,0.0007888349514563106,0.9986175357049144
prefill,math,3,12,9,32,static,516,8,0.6589147286821705,0.14922480620155038,4.0,6.070588235294117,0.0,1.0
prefill,math,3,12,9,32,transition,516,8,0.905765503875969,0.5813953488372093,4.0,4.416154051885531,0.27020631067961165,0.5915364336584217
prefill,math,3,13,10,8,domain_oracle,516,8,0.32049418604651164,0.0,1.0,3.120181405895692,0.0,1.0
prefill,math,3,13,10,8,previous_window,516,8,0.30523255813953487,0.0,1.0,3.276190476190476,0.001941747572815534,0.9972148671177797
prefill,math,3,13,10,8,static,516,8,0.19525193798449614,0.0,1.0,5.121588089330025,0.0,1.0
prefill,math,3,13,10,8,transition,516,8,0.4132751937984496,0.003875968992248062,1.0,2.4196951934349356,0.4837378640776699,0.38662662041302737
prefill,math,3,13,10,16,domain_oracle,516,8,0.5162306201550387,0.0562015503875969,2.0,3.8742374472078835,0.0,1.0
prefill,math,3,13,10,16,previous_window,516,8,0.49127906976744184,0.02131782945736434,2.0,4.071005917159764,0.0018203883495145632,0.9972685464765179
prefill,math,3,13,10,16,static,516,8,0.36143410852713176,0.001937984496124031,2.0,5.533512064343164,0.0,1.0
prefill,math,3,13,10,16,transition,516,8,0.5983527131782945,0.029069767441860465,2.0,3.3425101214574897,0.3587378640776699,0.4969566578187806
prefill,math,3,13,10,32,domain_oracle,516,8,0.7875484496124031,0.2248062015503876,4.0,5.079052599200246,0.0,1.0
prefill,math,3,13,10,32,previous_window,516,8,0.7843992248062015,0.25,4.0,5.099444101297097,0.0004854368932038835,0.9991179478558119
prefill,math,3,13,10,32,static,516,8,0.6698158914728682,0.08527131782945736,4.0,5.971790235081374,0.0,1.0
prefill,math,3,13,10,32,transition,516,8,0.877422480620155,0.45155038759689925,4.0,4.558807288790724,0.23574029126213591,0.6308837430985342
prefill,math,3,14,11,8,domain_oracle,516,8,0.27858527131782945,0.0,1.0,3.5895652173913044,0.0,1.0
prefill,math,3,14,11,8,previous_window,516,8,0.2691375968992248,0.0,1.0,3.7155715571557155,0.0016990291262135922,0.997497303128371
prefill,math,3,14,11,8,static,516,8,0.1378391472868217,0.0,1.0,7.254833040421793,0.0,1.0
prefill,math,3,14,11,8,transition,516,8,0.4001937984496124,0.0,1.0,2.4987893462469732,0.5699029126213592,0.3240058754621849
prefill,math,3,14,11,16,domain_oracle,516,8,0.4624515503875969,0.015503875968992248,2.0,4.324777370350969,0.0,1.0
prefill,math,3,14,11,16,previous_window,516,8,0.4430717054263566,0.009689922480620155,2.0,4.513942044833242,0.0018203883495145632,0.9972802415494201
prefill,math,3,14,11,16,static,516,8,0.28367248062015504,0.0,2.0,7.050384286934245,0.0,1.0
prefill,math,3,14,11,16,transition,516,8,0.6329941860465116,0.10077519379844961,2.0,3.1595866819747416,0.416747572815534,0.4464372660260227
prefill,math,3,14,11,32,domain_oracle,516,8,0.747577519379845,0.23837209302325582,4.0,5.350615683732988,0.0,1.0
prefill,math,3,14,11,32,previous_window,516,8,0.7374031007751938,0.19767441860465115,4.0,5.424441524310118,0.0006674757281553398,0.9988094613337333
prefill,math,3,14,11,32,static,516,8,0.6201550387596899,0.025193798449612403,4.0,6.45,0.0,1.0
prefill,math,3,14,11,32,transition,516,8,0.8822674418604651,0.4689922480620155,4.0,4.533772652388797,0.26298543689320386,0.5986242871920884
prefill,math,3,15,12,8,domain_oracle,516,8,0.29021317829457366,0.0,1.0,3.4457429048414023,0.0,1.0
prefill,math,3,15,12,8,previous_window,516,8,0.25169573643410853,0.0,1.0,3.973051010587103,0.0024271844660194173,0.9965872315386879
prefill,math,3,15,12,8,static,516,8,0.19113372093023256,0.0,1.0,5.231939163498099,0.0,1.0
prefill,math,3,15,12,8,transition,516,8,0.3960755813953488,0.0,1.0,2.524770642201835,0.4487864077669903,0.4179092967442472
prefill,math,3,15,12,16,domain_oracle,516,8,0.4750484496124031,0.023255813953488372,2.0,4.210096889342172,0.0,1.0
prefill,math,3,15,12,16,previous_window,516,8,0.42005813953488375,0.005813953488372093,2.0,4.7612456747404845,0.0024271844660194173,0.9966181650065146
prefill,math,3,15,12,16,static,516,8,0.34568798449612403,0.0,2.0,5.785564120532586,0.0,1.0
prefill,math,3,15,12,16,transition,516,8,0.5983527131782945,0.03294573643410853,2.0,3.3425101214574897,0.36395631067961165,0.4908345479911671
prefill,math,3,15,12,32,domain_oracle,516,8,0.7611434108527132,0.17248062015503876,4.0,5.255251432208785,0.0,1.0
prefill,math,3,15,12,32,previous_window,516,8,0.7054263565891473,0.09496124031007752,4.0,5.670329670329671,0.001092233009708738,0.9982014709993073
prefill,math,3,15,12,32,static,516,8,0.6111918604651163,0.011627906976744186,4.0,6.544589774078478,0.0,1.0
prefill,math,3,15,12,32,transition,516,8,0.8396317829457365,0.2926356589147287,4.0,4.7639930755914595,0.22985436893203884,0.6375362813929869
prefill,math,4,5,1,8,domain_oracle,516,8,0.345203488372093,0.0,1.0,2.896842105263158,0.0,1.0
prefill,math,4,5,1,8,previous_window,516,8,0.3369670542635659,0.0,1.0,2.9676491732566497,0.001941747572815534,0.9971050308914386
prefill,math,4,5,1,8,static,516,8,0.20784883720930233,0.0,1.0,4.811188811188811,0.0,1.0
prefill,math,4,5,1,8,transition,516,8,0.5084786821705426,0.0,1.0,1.9666507860886135,0.43859223300970873,0.4298107933059384
prefill,math,4,5,1,16,domain_oracle,516,8,0.5310077519379846,0.01937984496124031,2.0,3.7664233576642334,0.0,1.0
prefill,math,4,5,1,16,previous_window,516,8,0.48667635658914726,0.015503875968992248,2.0,4.109507217521155,0.0023058252427184465,0.9967217248770646
prefill,math,4,5,1,16,static,516,8,0.34665697674418605,0.0,2.0,5.769392033542977,0.0,1.0
prefill,math,4,5,1,16,transition,516,8,0.7439437984496124,0.12790697674418605,2.0,2.688375122110062,0.36601941747572814,0.49424040780587447
prefill,math,4,5,1,32,domain_oracle,516,8,0.7856104651162791,0.14147286821705427,4.0,5.091581868640148,0.0,1.0
prefill,math,4,5,1,32,previous_window,516,8,0.7555717054263565,0.10852713178294573,4.0,5.294004488618147,0.000970873786407767,0.9983421336512801
prefill,math,4,5,1,32,static,516,8,0.6179748062015504,0.04263565891472868,4.0,6.4727557820462565,0.0,1.0
prefill,math,4,5,1,32,transition,516,8,0.9336240310077519,0.6104651162790697,4.0,4.2843798650752465,0.23561893203883494,0.6369425342905529
prefill,math,4,6,2,8,domain_oracle,516,8,0.42417635658914726,0.0,1.0,2.3575099942889777,0.0,1.0
prefill,math,4,6,2,8,previous_window,516,8,0.4106104651162791,0.0,1.0,2.4353982300884955,0.000970873786407767,0.9984466019417476
prefill,math,4,6,2,8,static,516,8,0.31419573643410853,0.0,1.0,3.1827293754818813,0.0,1.0
prefill,math,4,6,2,8,transition,516,8,0.562984496124031,0.001937984496124031,1.0,1.7762478485370052,0.41941747572815535,0.442992002603653
prefill,math,4,6,2,16,domain_oracle,516,8,0.5697674418604651,0.007751937984496124,2.0,3.510204081632653,0.0,1.0
prefill,math,4,6,2,16,previous_window,516,8,0.5700096899224806,0.009689922480620155,2.0,3.508712282192945,0.0015776699029126213,0.9975375331532716
prefill,math,4,6,2,16,static,516,8,0.45276162790697677,0.001937984496124031,2.0,4.417335473515249,0.0,1.0
prefill,math,4,6,2,16,transition,516,8,0.7819767441860465,0.18410852713178294,2.0,2.557620817843866,0.3234223300970874,0.5396623475923199
prefill,math,4,6,2,32,domain_oracle,516,8,0.8449612403100775,0.30426356589147285,4.0,4.73394495412844,0.0,1.0
prefill,math,4,6,2,32,previous_window,516,8,0.8091085271317829,0.2189922480620155,4.0,4.9437125748502995,0.0010315533980582525,0.9982730538070343
prefill,math,4,6,2,32,static,516,8,0.7112403100775194,0.046511627906976744,4.0,5.623978201634878,0.0,1.0
prefill,math,4,6,2,32,transition,516,8,0.9336240310077519,0.5813953488372093,4.0,4.2843798650752465,0.22390776699029127,0.6488104576461936
prefill,math,4,7,3,8,domain_oracle,516,8,0.3381782945736434,0.0,1.0,2.95702005730659,0.0,1.0
prefill,math,4,7,3,8,previous_window,516,8,0.32073643410852715,0.0,1.0,3.117824773413897,0.0014563106796116505,0.9977326664705306
prefill,math,4,7,3,8,static,516,8,0.22892441860465115,0.0,1.0,4.368253968253968,0.0,1.0
prefill,math,4,7,3,8,transition,516,8,0.5343992248062015,0.0,1.0,1.871260199456029,0.4742718446601942,0.39360445379862813
prefill,math,4,7,3,16,domain_oracle,516,8,0.5256782945736435,0.03294573643410853,2.0,3.8046082949308757,0.0,1.0
prefill,math,4,7,3,16,previous_window,516,8,0.5043604651162791,0.011627906976744186,2.0,3.9654178674351583,0.0015776699029126213,0.997521960240407
prefill,math,4,7,3,16,static,516,8,0.33624031007751937,0.0,2.0,5.948126801152738,0.0,1.0
prefill,math,4,7,3,16,transition,516,8,0.7546027131782945,0.1686046511627907,2.0,2.650401284109149,0.3820388349514563,0.4766050986311056
prefill,math,4,7,3,32,domain_oracle,516,8,0.8047480620155039,0.19573643410852712,4.0,4.97049969897652,0.0,1.0
prefill,math,4,7,3,32,previous_window,516,8,0.7856104651162791,0.18023255813953487,4.0,5.091581868640148,0.0006067961165048543,0.9989085601878291
prefill,math,4,7,3,32,static,516,8,0.6371124031007752,0.05426356589147287,4.0,6.278326996197719,0.0,1.0
prefill,math,4,7,3,32,transition,516,8,0.9241763565891473,0.5833333333333334,4.0,4.328178243774574,0.23118932038834952,0.640534995335138
prefill,math,4,8,4,8,domain_oracle,516,8,0.3498062015503876,0.0,1.0,2.858725761772853,0.0,1.0
prefill,math,4,8,4,8,previous_window,516,8,0.33987403100775193,0.0,1.0,2.9422665716322167,0.0016990291262135922,0.997450230459939
prefill,math,4,8,4,8,static,516,8,0.24224806201550386,0.0,1.0,4.128,0.0,1.0
prefill,math,4,8,4,8,transition,516,8,0.5721899224806202,0.015503875968992248,1.0,1.7476714648602878,0.487378640776699,0.3930404439142296
prefill,math,4,8,4,16,domain_oracle,516,8,0.530765503875969,0.05232558139534884,2.0,3.76814240073026,0.0,1.0
prefill,math,4,8,4,16,previous_window,516,8,0.5188953488372093,0.040697674418604654,2.0,3.854341736694678,0.001092233009708738,0.9981786180662011
prefill,math,4,8,4,16,static,516,8,0.3958333333333333,0.0,2.0,5.052631578947368,0.0,1.0
prefill,math,4,8,4,16,transition,516,8,0.8035368217054264,0.25775193798449614,2.0,2.4889960807959,0.38179611650485434,0.4834150197343737
prefill,math,4,8,4,32,domain_oracle,516,8,0.7718023255813954,0.13953488372093023,4.0,5.182674199623352,0.0,1.0
prefill,math,4,8,4,32,previous_window,516,8,0.7635658914728682,0.1996124031007752,4.0,5.238578680203045,0.0007281553398058253,0.9987210745309877
prefill,math,4,8,4,32,static,516,8,0.7039728682170543,0.10271317829457365,4.0,5.682037164487268,0.0,1.0
prefill,math,4,8,4,32,transition,516,8,0.9493701550387597,0.7151162790697675,4.0,4.213319724419494,0.2407766990291262,0.6293009335536702
prefill,math,4,9,5,8,domain_oracle,516,8,0.29893410852713176,0.0,1.0,3.3452188006482984,0.0,1.0
prefill,math,4,9,5,8,previous_window,516,8,0.29021317829457366,0.0,1.0,3.4457429048414023,0.002184466019417476,0.9968696675492792
prefill,math,4,9,5,8,static,516,8,0.19476744186046513,0.0,1.0,5.134328358208955,0.0,1.0
prefill,math,4,9,5,8,transition,516,8,0.591812015503876,0.011627906976744186,1.0,1.6897257470323372,0.529126213592233,0.3529809133692616
prefill,math,4,9,5,16,domain_oracle,516,8,0.4755329457364341,0.0,2.0,4.205807437595517,0.0,1.0
prefill,math,4,9,5,16,previous_window,516,8,0.46027131782945735,0.0,2.0,4.3452631578947365,0.0013349514563106796,0.9978334184977008
prefill,math,4,9,5,16,static,516,8,0.3168604651162791,0.0,2.0,6.3119266055045875,0.0,1.0
prefill,math,4,9,5,16,transition,516,8,0.8098352713178295,0.29651162790697677,2.0,2.4696380496559978,0.44684466019417474,0.4232424177223255
prefill,math,4,9,5,32,domain_oracle,516,8,0.747093023255814,0.14147286821705427,4.0,5.35408560311284,0.0,1.0
prefill,math,4,9,5,32,previous_window,516,8,0.7296511627906976,0.16085271317829458,4.0,5.48207171314741,0.000970873786407767,0.9983466663078313
prefill,math,4,9,5,32,static,516,8,0.6191860465116279,0.029069767441860465,4.0,6.460093896713615,0.0,1.0
prefill,math,4,9,5,32,transition,516,8,0.9634205426356589,0.812015503875969,4.0,4.151873271310032,0.28464805825242717,0.5803180407440788
prefill,math,4,10,6,8,domain_oracle,516,8,0.25314922480620156,0.0,1.0,3.9502392344497608,0.0,1.0
prefill,math,4,10,6,8,previous_window,516,8,0.24588178294573643,0.0,1.0,4.066995073891626,0.001941747572815534,0.9971521035598705
prefill,math,4,10,6,8,static,516,8,0.14001937984496124,0.0,1.0,7.141868512110727,0.0,1.0
prefill,math,4,10,6,8,transition,516,8,0.5220445736434108,0.0,1.0,1.9155452436194895,0.5662621359223301,0.3278153130580304
prefill,math,4,10,6,16,domain_oracle,516,8,0.43507751937984496,0.001937984496124031,2.0,4.596881959910913,0.0,1.0
prefill,math,4,10,6,16,previous_window,516,8,0.4186046511627907,0.001937984496124031,2.0,4.777777777777778,0.0015776699029126213,0.997521960240407
prefill,math,4,10,6,16,static,516,8,0.3311531007751938,0.0,2.0,6.039502560351134,0.0,1.0
prefill,math,4,10,6,16,transition,516,8,0.7790697674418605,0.2248062015503876,2.0,2.5671641791044775,0.4400485436893204,0.42613372282781303
prefill,math,4,10,6,32,domain_oracle,516,8,0.7262596899224806,0.13953488372093023,4.0,5.507671781187458,0.0,1.0
prefill,math,4,10,6,32,previous_window,516,8,0.7083333333333334,0.12209302325581395,4.0,5.647058823529412,0.0009101941747572816,0.9984305204540257
prefill,math,4,10,6,32,static,516,8,0.6480135658914729,0.08139534883720931,4.0,6.172710280373832,0.0,1.0
prefill,math,4,10,6,32,transition,516,8,0.9527616279069767,0.7383720930232558,4.0,4.198321891685736,0.26777912621359223,0.6014221600419846
prefill,math,4,11,7,8,domain_oracle,516,8,0.3396317829457364,0.0,1.0,2.944365192582026,0.0,1.0
prefill,math,4,11,7,8,previous_window,516,8,0.34060077519379844,0.0,1.0,2.9359886201991463,0.000970873786407767,0.9983603020496225
prefill,math,4,11,7,8,static,516,8,0.2235949612403101,0.0,1.0,4.47237269772481,0.0,1.0
prefill,math,4,11,7,8,transition,516,8,0.5181686046511628,0.009689922480620155,1.0,1.9298737727910238,0.4507281553398058,0.41564317020627667
prefill,math,4,11,7,16,domain_oracle,516,8,0.5208333333333334,0.015503875968992248,2.0,3.84,0.0,1.0
prefill,math,4,11,7,16,previous_window,516,8,0.5094476744186046,0.013565891472868217,2.0,3.925820256776034,0.0014563106796116505,0.9976699029126215
prefill,math,4,11,7,16,static,516,8,0.3631298449612403,0.0,2.0,5.507671781187458,0.0,1.0
prefill,math,4,11,7,16,transition,516,8,0.7575096899224806,0.1937984496124031,2.0,2.6402302526383115,0.36104368932038833,0.5019108275427115
prefill,math,4,11,7,32,domain_oracle,516,8,0.7781007751937985,0.1996124031007752,4.0,5.140722291407223,0.0,1.0
prefill,math,4,11,7,32,previous_window,516,8,0.7587209302325582,0.18992248062015504,4.0,5.272030651340996,0.000970873786407767,0.998356907953229
prefill,math,4,11,7,32,static,516,8,0.6913759689922481,0.1434108527131783,4.0,5.785564120532586,0.0,1.0
prefill,math,4,11,7,32,transition,516,8,0.9244186046511628,0.627906976744186,4.0,4.327044025157233,0.22997572815533981,0.6417629297672366
prefill,math,4,12,8,8,domain_oracle,516,8,0.3495639534883721,0.0,1.0,2.860706860706861,0.0,1.0
prefill,math,4,12,8,8,previous_window,516,8,0.32873062015503873,0.0,1.0,3.0420044215180546,0.0014563106796116505,0.9977326664705306
prefill,math,4,12,8,8,static,516,8,0.1875,0.0,1.0,5.333333333333333,0.0,1.0
prefill,math,4,12,8,8,transition,516,8,0.4685077519379845,0.001937984496124031,1.0,2.1344364012409516,0.4628640776699029,0.3992661491690612
prefill,math,4,12,8,16,domain_oracle,516,8,0.5205910852713178,0.031007751937984496,2.0,3.8417868776174964,0.0,1.0
prefill,math,4,12,8,16,previous_window,516,8,0.49127906976744184,0.01744186046511628,2.0,4.071005917159764,0.0018203883495145632,0.9972685464765179
prefill,math,4,12,8,16,static,516,8,0.32921511627906974,0.0,2.0,6.075055187637969,0.0,1.0
prefill,math,4,12,8,16,transition,516,8,0.6930717054263565,0.10271317829457365,2.0,2.8857042991960853,0.3548543689320388,0.5063034866141035
prefill,math,4,12,8,32,domain_oracle,516,8,0.7744670542635659,0.17054263565891473,4.0,5.1648420394119485,0.0,1.0
prefill,math,4,12,8,32,previous_window,516,8,0.7458817829457365,0.12015503875968993,4.0,5.362780123416694,0.0007888349514563106,0.9986175357049144
prefill,math,4,12,8,32,static,516,8,0.6589147286821705,0.14922480620155038,4.0,6.070588235294117,0.0,1.0
prefill,math,4,12,8,32,transition,516,8,0.9035852713178295,0.5833333333333334,4.0,4.426809651474531,0.22864077669902913,0.6447576933743315
prefill,math,4,13,9,8,domain_oracle,516,8,0.32049418604651164,0.0,1.0,3.120181405895692,0.0,1.0
prefill,math,4,13,9,8,previous_window,516,8,0.30523255813953487,0.0,1.0,3.276190476190476,0.001941747572815534,0.9972148671177797
prefill,math,4,13,9,8,static,516,8,0.19525193798449614,0.0,1.0,5.121588089330025,0.0,1.0
prefill,math,4,13,9,8,transition,516,8,0.4183624031007752,0.003875968992248062,1.0,2.3902721482339317,0.45679611650485435,0.41213862728425804
prefill,math,4,13,9,16,domain_oracle,516,8,0.5162306201550387,0.0562015503875969,2.0,3.8742374472078835,0.0,1.0
prefill,math,4,13,9,16,previous_window,516,8,0.49127906976744184,0.02131782945736434,2.0,4.071005917159764,0.0018203883495145632,0.9972685464765179
prefill,math,4,13,9,16,static,516,8,0.36143410852713176,0.001937984496124031,2.0,5.533512064343164,0.0,1.0
prefill,math,4,13,9,16,transition,516,8,0.6237887596899225,0.06589147286821706,2.0,3.2062135922330097,0.3362864077669903,0.5224332780959225
prefill,math,4,13,9,32,domain_oracle,516,8,0.7875484496124031,0.2248062015503876,4.0,5.079052599200246,0.0,1.0
prefill,math,4,13,9,32,previous_window,516,8,0.7843992248062015,0.25,4.0,5.099444101297097,0.0004854368932038835,0.9991179478558119
prefill,math,4,13,9,32,static,516,8,0.6698158914728682,0.08527131782945736,4.0,5.971790235081374,0.0,1.0
prefill,math,4,13,9,32,transition,516,8,0.8796027131782945,0.4786821705426357,4.0,4.547507573671165,0.2070388349514563,0.6694520761756231
prefill,math,4,14,10,8,domain_oracle,516,8,0.27858527131782945,0.0,1.0,3.5895652173913044,0.0,1.0
prefill,math,4,14,10,8,previous_window,516,8,0.2691375968992248,0.0,1.0,3.7155715571557155,0.0016990291262135922,0.997497303128371
prefill,math,4,14,10,8,static,516,8,0.1378391472868217,0.0,1.0,7.254833040421793,0.0,1.0
prefill,math,4,14,10,8,transition,516,8,0.39801356589147285,0.0,1.0,2.512477175897748,0.5216019417475728,0.36149360887224846
prefill,math,4,14,10,16,domain_oracle,516,8,0.4624515503875969,0.015503875968992248,2.0,4.324777370350969,0.0,1.0
prefill,math,4,14,10,16,previous_window,516,8,0.4430717054263566,0.009689922480620155,2.0,4.513942044833242,0.0018203883495145632,0.9972802415494201
prefill,math,4,14,10,16,static,516,8,0.28367248062015504,0.0,2.0,7.050384286934245,0.0,1.0
prefill,math,4,14,10,16,transition,516,8,0.6320251937984496,0.08527131782945736,2.0,3.164430816404753,0.3779126213592233,0.48394509721060813
prefill,math,4,14,10,32,domain_oracle,516,8,0.747577519379845,0.23837209302325582,4.0,5.350615683732988,0.0,1.0
prefill,math,4,14,10,32,previous_window,516,8,0.7374031007751938,0.19767441860465115,4.0,5.424441524310118,0.0006674757281553398,0.9988094613337333
prefill,math,4,14,10,32,static,516,8,0.6201550387596899,0.025193798449612403,4.0,6.45,0.0,1.0
prefill,math,4,14,10,32,transition,516,8,0.8810562015503876,0.46705426356589147,4.0,4.540005499037669,0.22226941747572815,0.6531886298737712
prefill,math,4,15,11,8,domain_oracle,516,8,0.29021317829457366,0.0,1.0,3.4457429048414023,0.0,1.0
prefill,math,4,15,11,8,previous_window,516,8,0.25169573643410853,0.0,1.0,3.973051010587103,0.0024271844660194173,0.9965872315386879
prefill,math,4,15,11,8,static,516,8,0.19113372093023256,0.0,1.0,5.231939163498099,0.0,1.0
prefill,math,4,15,11,8,transition,516,8,0.38275193798449614,0.0,1.0,2.6126582278481014,0.38422330097087376,0.47641579563909636
prefill,math,4,15,11,16,domain_oracle,516,8,0.4750484496124031,0.023255813953488372,2.0,4.210096889342172,0.0,1.0
prefill,math,4,15,11,16,previous_window,516,8,0.42005813953488375,0.005813953488372093,2.0,4.7612456747404845,0.0024271844660194173,0.9966181650065146
prefill,math,4,15,11,16,static,516,8,0.34568798449612403,0.0,2.0,5.785564120532586,0.0,1.0
prefill,math,4,15,11,16,transition,516,8,0.595203488372093,0.050387596899224806,2.0,3.3601953601953602,0.3088592233009709,0.5523347182969194
prefill,math,4,15,11,32,domain_oracle,516,8,0.7611434108527132,0.17248062015503876,4.0,5.255251432208785,0.0,1.0
prefill,math,4,15,11,32,previous_window,516,8,0.7054263565891473,0.09496124031007752,4.0,5.670329670329671,0.001092233009708738,0.9982014709993073
prefill,math,4,15,11,32,static,516,8,0.6111918604651163,0.011627906976744186,4.0,6.544589774078478,0.0,1.0
prefill,math,4,15,11,32,transition,516,8,0.8464147286821705,0.30426356589147285,4.0,4.725815684029765,0.19939320388349516,0.680241910417651
prefill,math,5,6,1,8,domain_oracle,516,8,0.42417635658914726,0.0,1.0,2.3575099942889777,0.0,1.0
prefill,math,5,6,1,8,previous_window,516,8,0.4106104651162791,0.0,1.0,2.4353982300884955,0.000970873786407767,0.9984466019417476
prefill,math,5,6,1,8,static,516,8,0.31419573643410853,0.0,1.0,3.1827293754818813,0.0,1.0
prefill,math,5,6,1,8,transition,516,8,0.5973837209302325,0.0,1.0,1.6739659367396593,0.4133495145631068,0.44994427363359396
prefill,math,5,6,1,16,domain_oracle,516,8,0.5697674418604651,0.007751937984496124,2.0,3.510204081632653,0.0,1.0
prefill,math,5,6,1,16,previous_window,516,8,0.5700096899224806,0.009689922480620155,2.0,3.508712282192945,0.0015776699029126213,0.9975375331532716
prefill,math,5,6,1,16,static,516,8,0.45276162790697677,0.001937984496124031,2.0,4.417335473515249,0.0,1.0
prefill,math,5,6,1,16,transition,516,8,0.8074127906976745,0.18992248062015504,2.0,2.477047704770477,0.3194174757281553,0.5441648466911888
prefill,math,5,6,1,32,domain_oracle,516,8,0.8449612403100775,0.30426356589147285,4.0,4.73394495412844,0.0,1.0
prefill,math,5,6,1,32,previous_window,516,8,0.8091085271317829,0.2189922480620155,4.0,4.9437125748502995,0.0010315533980582525,0.9982730538070343
prefill,math,5,6,1,32,static,516,8,0.7112403100775194,0.046511627906976744,4.0,5.623978201634878,0.0,1.0
prefill,math,5,6,1,32,transition,516,8,0.9496124031007752,0.6686046511627907,4.0,4.2122448979591836,0.2137742718446602,0.6621224065492638
prefill,math,5,7,2,8,domain_oracle,516,8,0.3381782945736434,0.0,1.0,2.95702005730659,0.0,1.0
prefill,math,5,7,2,8,previous_window,516,8,0.32073643410852715,0.0,1.0,3.117824773413897,0.0014563106796116505,0.9977326664705306
prefill,math,5,7,2,8,static,516,8,0.22892441860465115,0.0,1.0,4.368253968253968,0.0,1.0
prefill,math,5,7,2,8,transition,516,8,0.5474806201550387,0.001937984496124031,1.0,1.8265486725663718,0.47888349514563106,0.3881483349444506
prefill,math,5,7,2,16,domain_oracle,516,8,0.5256782945736435,0.03294573643410853,2.0,3.8046082949308757,0.0,1.0
prefill,math,5,7,2,16,previous_window,516,8,0.5043604651162791,0.011627906976744186,2.0,3.9654178674351583,0.0015776699029126213,0.997521960240407
prefill,math,5,7,2,16,static,516,8,0.33624031007751937,0.0,2.0,5.948126801152738,0.0,1.0
prefill,math,5,7,2,16,transition,516,8,0.7676841085271318,0.16085271317829458,2.0,2.605238245503313,0.374878640776699,0.4842418381368712
prefill,math,5,7,2,32,domain_oracle,516,8,0.8047480620155039,0.19573643410852712,4.0,4.97049969897652,0.0,1.0
prefill,math,5,7,2,32,previous_window,516,8,0.7856104651162791,0.18023255813953487,4.0,5.091581868640148,0.0006067961165048543,0.9989085601878291
prefill,math,5,7,2,32,static,516,8,0.6371124031007752,0.05426356589147287,4.0,6.278326996197719,0.0,1.0
prefill,math,5,7,2,32,transition,516,8,0.9537306201550387,0.6976744186046512,4.0,4.194056388112776,0.20928398058252426,0.670098803474505
prefill,math,5,8,3,8,domain_oracle,516,8,0.3498062015503876,0.0,1.0,2.858725761772853,0.0,1.0
prefill,math,5,8,3,8,previous_window,516,8,0.33987403100775193,0.0,1.0,2.9422665716322167,0.0016990291262135922,0.997450230459939
prefill,math,5,8,3,8,static,516,8,0.24224806201550386,0.0,1.0,4.128,0.0,1.0
prefill,math,5,8,3,8,transition,516,8,0.595687984496124,0.001937984496124031,1.0,1.678731191541277,0.5104368932038835,0.36516799274080725
prefill,math,5,8,3,16,domain_oracle,516,8,0.530765503875969,0.05232558139534884,2.0,3.76814240073026,0.0,1.0
prefill,math,5,8,3,16,previous_window,516,8,0.5188953488372093,0.040697674418604654,2.0,3.854341736694678,0.001092233009708738,0.9981786180662011
prefill,math,5,8,3,16,static,516,8,0.3958333333333333,0.0,2.0,5.052631578947368,0.0,1.0
prefill,math,5,8,3,16,transition,516,8,0.8231589147286822,0.29651162790697677,2.0,2.429664508534432,0.37463592233009707,0.4900590640785982
prefill,math,5,8,3,32,domain_oracle,516,8,0.7718023255813954,0.13953488372093023,4.0,5.182674199623352,0.0,1.0
prefill,math,5,8,3,32,previous_window,516,8,0.7635658914728682,0.1996124031007752,4.0,5.238578680203045,0.0007281553398058253,0.9987210745309877
prefill,math,5,8,3,32,static,516,8,0.7039728682170543,0.10271317829457365,4.0,5.682037164487268,0.0,1.0
prefill,math,5,8,3,32,transition,516,8,0.9532461240310077,0.7034883720930233,4.0,4.196188055908514,0.22657766990291262,0.6479015319774823
prefill,math,5,9,4,8,domain_oracle,516,8,0.29893410852713176,0.0,1.0,3.3452188006482984,0.0,1.0
prefill,math,5,9,4,8,previous_window,516,8,0.29021317829457366,0.0,1.0,3.4457429048414023,0.002184466019417476,0.9968696675492792
prefill,math,5,9,4,8,static,516,8,0.19476744186046513,0.0,1.0,5.134328358208955,0.0,1.0
prefill,math,5,9,4,8,transition,516,8,0.5939922480620154,0.001937984496124031,1.0,1.6835236541598695,0.5436893203883495,0.33478168002439707
prefill,math,5,9,4,16,domain_oracle,516,8,0.4755329457364341,0.0,2.0,4.205807437595517,0.0,1.0
prefill,math,5,9,4,16,previous_window,516,8,0.46027131782945735,0.0,2.0,4.3452631578947365,0.0013349514563106796,0.9978334184977008
prefill,math,5,9,4,16,static,516,8,0.3168604651162791,0.0,2.0,6.3119266055045875,0.0,1.0
prefill,math,5,9,4,16,transition,516,8,0.8362403100775194,0.34689922480620156,2.0,2.391657010428737,0.45060679611650484,0.42013107449478043
prefill,math,5,9,4,32,domain_oracle,516,8,0.747093023255814,0.14147286821705427,4.0,5.35408560311284,0.0,1.0
prefill,math,5,9,4,32,previous_window,516,8,0.7296511627906976,0.16085271317829458,4.0,5.48207171314741,0.000970873786407767,0.9983466663078313
prefill,math,5,9,4,32,static,516,8,0.6191860465116279,0.029069767441860465,4.0,6.460093896713615,0.0,1.0
prefill,math,5,9,4,32,transition,516,8,0.9718992248062015,0.8158914728682171,4.0,4.115653040877368,0.2608009708737864,0.6090570644680262
prefill,math,5,10,5,8,domain_oracle,516,8,0.25314922480620156,0.0,1.0,3.9502392344497608,0.0,1.0
prefill,math,5,10,5,8,previous_window,516,8,0.24588178294573643,0.0,1.0,4.066995073891626,0.001941747572815534,0.9971521035598705
prefill,math,5,10,5,8,static,516,8,0.14001937984496124,0.0,1.0,7.141868512110727,0.0,1.0
prefill,math,5,10,5,8,transition,516,8,0.5208333333333334,0.0,1.0,1.92,0.566990291262136,0.3261971685272642
prefill,math,5,10,5,16,domain_oracle,516,8,0.43507751937984496,0.001937984496124031,2.0,4.596881959910913,0.0,1.0
prefill,math,5,10,5,16,previous_window,516,8,0.4186046511627907,0.001937984496124031,2.0,4.777777777777778,0.0015776699029126213,0.997521960240407
prefill,math,5,10,5,16,static,516,8,0.3311531007751938,0.0,2.0,6.039502560351134,0.0,1.0
prefill,math,5,10,5,16,transition,516,8,0.7776162790697675,0.18410852713178294,2.0,2.57196261682243,0.4304611650485437,0.4328765620325693
prefill,math,5,10,5,32,domain_oracle,516,8,0.7262596899224806,0.13953488372093023,4.0,5.507671781187458,0.0,1.0
prefill,math,5,10,5,32,previous_window,516,8,0.7083333333333334,0.12209302325581395,4.0,5.647058823529412,0.0009101941747572816,0.9984305204540257
prefill,math,5,10,5,32,static,516,8,0.6480135658914729,0.08139534883720931,4.0,6.172710280373832,0.0,1.0
prefill,math,5,10,5,32,transition,516,8,0.9549418604651163,0.7248062015503876,4.0,4.188736681887367,0.24769417475728156,0.6291367231966676
prefill,math,5,11,6,8,domain_oracle,516,8,0.3396317829457364,0.0,1.0,2.944365192582026,0.0,1.0
prefill,math,5,11,6,8,previous_window,516,8,0.34060077519379844,0.0,1.0,2.9359886201991463,0.000970873786407767,0.9983603020496225
prefill,math,5,11,6,8,static,516,8,0.2235949612403101,0.0,1.0,4.47237269772481,0.0,1.0
prefill,math,5,11,6,8,transition,516,8,0.5305232558139535,0.005813953488372093,1.0,1.884931506849315,0.4594660194174757,0.4087467656399685
prefill,math,5,11,6,16,domain_oracle,516,8,0.5208333333333334,0.015503875968992248,2.0,3.84,0.0,1.0
prefill,math,5,11,6,16,previous_window,516,8,0.5094476744186046,0.013565891472868217,2.0,3.925820256776034,0.0014563106796116505,0.9976699029126215
prefill,math,5,11,6,16,static,516,8,0.3631298449612403,0.0,2.0,5.507671781187458,0.0,1.0
prefill,math,5,11,6,16,transition,516,8,0.7652616279069767,0.2248062015503876,2.0,2.613485280151947,0.3674757281553398,0.4964920466262154
prefill,math,5,11,6,32,domain_oracle,516,8,0.7781007751937985,0.1996124031007752,4.0,5.140722291407223,0.0,1.0
prefill,math,5,11,6,32,previous_window,516,8,0.7587209302325582,0.18992248062015504,4.0,5.272030651340996,0.000970873786407767,0.998356907953229
prefill,math,5,11,6,32,static,516,8,0.6913759689922481,0.1434108527131783,4.0,5.785564120532586,0.0,1.0
prefill,math,5,11,6,32,transition,516,8,0.9430717054263565,0.6821705426356589,4.0,4.2414590290264576,0.21383495145631068,0.6687687548423246
prefill,math,5,12,7,8,domain_oracle,516,8,0.3495639534883721,0.0,1.0,2.860706860706861,0.0,1.0
prefill,math,5,12,7,8,previous_window,516,8,0.32873062015503873,0.0,1.0,3.0420044215180546,0.0014563106796116505,0.9977326664705306
prefill,math,5,12,7,8,static,516,8,0.1875,0.0,1.0,5.333333333333333,0.0,1.0
prefill,math,5,12,7,8,transition,516,8,0.4932170542635659,0.001937984496124031,1.0,2.0275049115913557,0.46237864077669905,0.4074052808033384
prefill,math,5,12,7,16,domain_oracle,516,8,0.5205910852713178,0.031007751937984496,2.0,3.8417868776174964,0.0,1.0
prefill,math,5,12,7,16,previous_window,516,8,0.49127906976744184,0.01744186046511628,2.0,4.071005917159764,0.0018203883495145632,0.9972685464765179
prefill,math,5,12,7,16,static,516,8,0.32921511627906974,0.0,2.0,6.075055187637969,0.0,1.0
prefill,math,5,12,7,16,transition,516,8,0.7107558139534884,0.14534883720930233,2.0,2.8139059304703475,0.3503640776699029,0.5113531437171656
prefill,math,5,12,7,32,domain_oracle,516,8,0.7744670542635659,0.17054263565891473,4.0,5.1648420394119485,0.0,1.0
prefill,math,5,12,7,32,previous_window,516,8,0.7458817829457365,0.12015503875968993,4.0,5.362780123416694,0.0007888349514563106,0.9986175357049144
prefill,math,5,12,7,32,static,516,8,0.6589147286821705,0.14922480620155038,4.0,6.070588235294117,0.0,1.0
prefill,math,5,12,7,32,transition,516,8,0.9186046511627907,0.6065891472868217,4.0,4.3544303797468356,0.22924757281553398,0.6439411147390458
prefill,math,5,13,8,8,domain_oracle,516,8,0.32049418604651164,0.0,1.0,3.120181405895692,0.0,1.0
prefill,math,5,13,8,8,previous_window,516,8,0.30523255813953487,0.0,1.0,3.276190476190476,0.001941747572815534,0.9972148671177797
prefill,math,5,13,8,8,static,516,8,0.19525193798449614,0.0,1.0,5.121588089330025,0.0,1.0
prefill,math,5,13,8,8,transition,516,8,0.4275678294573643,0.0,1.0,2.3388101983002834,0.44538834951456313,0.4214791465276895
prefill,math,5,13,8,16,domain_oracle,516,8,0.5162306201550387,0.0562015503875969,2.0,3.8742374472078835,0.0,1.0
prefill,math,5,13,8,16,previous_window,516,8,0.49127906976744184,0.02131782945736434,2.0,4.071005917159764,0.0018203883495145632,0.9972685464765179
prefill,math,5,13,8,16,static,516,8,0.36143410852713176,0.001937984496124031,2.0,5.533512064343164,0.0,1.0
prefill,math,5,13,8,16,transition,516,8,0.6460755813953488,0.05426356589147287,2.0,3.095613048368954,0.3407766990291262,0.5193033300986649
prefill,math,5,13,8,32,domain_oracle,516,8,0.7875484496124031,0.2248062015503876,4.0,5.079052599200246,0.0,1.0
prefill,math,5,13,8,32,previous_window,516,8,0.7843992248062015,0.25,4.0,5.099444101297097,0.0004854368932038835,0.9991179478558119
prefill,math,5,13,8,32,static,516,8,0.6698158914728682,0.08527131782945736,4.0,5.971790235081374,0.0,1.0
prefill,math,5,13,8,32,transition,516,8,0.8812984496124031,0.45542635658914726,4.0,4.538757559098405,0.21031553398058253,0.6672108832549901
prefill,math,5,14,9,8,domain_oracle,516,8,0.27858527131782945,0.0,1.0,3.5895652173913044,0.0,1.0
prefill,math,5,14,9,8,previous_window,516,8,0.2691375968992248,0.0,1.0,3.7155715571557155,0.0016990291262135922,0.997497303128371
prefill,math,5,14,9,8,static,516,8,0.1378391472868217,0.0,1.0,7.254833040421793,0.0,1.0
prefill,math,5,14,9,8,transition,516,8,0.4328972868217054,0.0,1.0,2.3100167879127027,0.5405339805825242,0.34244900730337496
prefill,math,5,14,9,16,domain_oracle,516,8,0.4624515503875969,0.015503875968992248,2.0,4.324777370350969,0.0,1.0
prefill,math,5,14,9,16,previous_window,516,8,0.4430717054263566,0.009689922480620155,2.0,4.513942044833242,0.0018203883495145632,0.9972802415494201
prefill,math,5,14,9,16,static,516,8,0.28367248062015504,0.0,2.0,7.050384286934245,0.0,1.0
prefill,math,5,14,9,16,transition,516,8,0.6492248062015504,0.07945736434108527,2.0,3.080597014925373,0.3940533980582524,0.46577863933056873
prefill,math,5,14,9,32,domain_oracle,516,8,0.747577519379845,0.23837209302325582,4.0,5.350615683732988,0.0,1.0
prefill,math,5,14,9,32,previous_window,516,8,0.7374031007751938,0.19767441860465115,4.0,5.424441524310118,0.0006674757281553398,0.9988094613337333
prefill,math,5,14,9,32,static,516,8,0.6201550387596899,0.025193798449612403,4.0,6.45,0.0,1.0
prefill,math,5,14,9,32,transition,516,8,0.9023740310077519,0.5581395348837209,4.0,4.432751677852349,0.21237864077669902,0.6682677052624882
prefill,math,5,15,10,8,domain_oracle,516,8,0.29021317829457366,0.0,1.0,3.4457429048414023,0.0,1.0
prefill,math,5,15,10,8,previous_window,516,8,0.25169573643410853,0.0,1.0,3.973051010587103,0.0024271844660194173,0.9965872315386879
prefill,math,5,15,10,8,static,516,8,0.19113372093023256,0.0,1.0,5.231939163498099,0.0,1.0
prefill,math,5,15,10,8,transition,516,8,0.405765503875969,0.0,1.0,2.4644776119402985,0.4058252427184466,0.45226372333168435
prefill,math,5,15,10,16,domain_oracle,516,8,0.4750484496124031,0.023255813953488372,2.0,4.210096889342172,0.0,1.0
prefill,math,5,15,10,16,previous_window,516,8,0.42005813953488375,0.005813953488372093,2.0,4.7612456747404845,0.0024271844660194173,0.9966181650065146
prefill,math,5,15,10,16,static,516,8,0.34568798449612403,0.0,2.0,5.785564120532586,0.0,1.0
prefill,math,5,15,10,16,transition,516,8,0.6124031007751938,0.050387596899224806,2.0,3.2658227848101267,0.3156553398058252,0.5416404576618522
prefill,math,5,15,10,32,domain_oracle,516,8,0.7611434108527132,0.17248062015503876,4.0,5.255251432208785,0.0,1.0
prefill,math,5,15,10,32,previous_window,516,8,0.7054263565891473,0.09496124031007752,4.0,5.670329670329671,0.001092233009708738,0.9982014709993073
prefill,math,5,15,10,32,static,516,8,0.6111918604651163,0.011627906976744186,4.0,6.544589774078478,0.0,1.0
prefill,math,5,15,10,32,transition,516,8,0.8810562015503876,0.39147286821705424,4.0,4.540005499037669,0.2004854368932039,0.6778796530772337
prefill,math,6,7,1,8,domain_oracle,516,8,0.3381782945736434,0.0,1.0,2.95702005730659,0.0,1.0
prefill,math,6,7,1,8,previous_window,516,8,0.32073643410852715,0.0,1.0,3.117824773413897,0.0014563106796116505,0.9977326664705306
prefill,math,6,7,1,8,static,516,8,0.22892441860465115,0.0,1.0,4.368253968253968,0.0,1.0
prefill,math,6,7,1,8,transition,516,8,0.5591085271317829,0.011627906976744186,1.0,1.7885615251299827,0.512621359223301,0.3651063068538785
prefill,math,6,7,1,16,domain_oracle,516,8,0.5256782945736435,0.03294573643410853,2.0,3.8046082949308757,0.0,1.0
prefill,math,6,7,1,16,previous_window,516,8,0.5043604651162791,0.011627906976744186,2.0,3.9654178674351583,0.0015776699029126213,0.997521960240407
prefill,math,6,7,1,16,static,516,8,0.33624031007751937,0.0,2.0,5.948126801152738,0.0,1.0
prefill,math,6,7,1,16,transition,516,8,0.7562984496124031,0.17829457364341086,2.0,2.64445868033312,0.3781553398058252,0.4839597310374068
prefill,math,6,7,1,32,domain_oracle,516,8,0.8047480620155039,0.19573643410852712,4.0,4.97049969897652,0.0,1.0
prefill,math,6,7,1,32,previous_window,516,8,0.7856104651162791,0.18023255813953487,4.0,5.091581868640148,0.0006067961165048543,0.9989085601878291
prefill,math,6,7,1,32,static,516,8,0.6371124031007752,0.05426356589147287,4.0,6.278326996197719,0.0,1.0
prefill,math,6,7,1,32,transition,516,8,0.9445251937984496,0.6589147286821705,4.0,4.234932033854834,0.21025485436893204,0.6683250319324148
prefill,math,6,8,2,8,domain_oracle,516,8,0.3498062015503876,0.0,1.0,2.858725761772853,0.0,1.0
prefill,math,6,8,2,8,previous_window,516,8,0.33987403100775193,0.0,1.0,2.9422665716322167,0.0016990291262135922,0.997450230459939
prefill,math,6,8,2,8,static,516,8,0.24224806201550386,0.0,1.0,4.128,0.0,1.0
prefill,math,6,8,2,8,transition,516,8,0.6039244186046512,0.003875968992248062,1.0,1.6558363417569193,0.5012135922330098,0.37708336970472783
prefill,math,6,8,2,16,domain_oracle,516,8,0.530765503875969,0.05232558139534884,2.0,3.76814240073026,0.0,1.0
prefill,math,6,8,2,16,previous_window,516,8,0.5188953488372093,0.040697674418604654,2.0,3.854341736694678,0.001092233009708738,0.9981786180662011
prefill,math,6,8,2,16,static,516,8,0.3958333333333333,0.0,2.0,5.052631578947368,0.0,1.0
prefill,math,6,8,2,16,transition,516,8,0.812984496124031,0.29069767441860467,2.0,2.4600715137067937,0.3766990291262136,0.4865904461407492
prefill,math,6,8,2,32,domain_oracle,516,8,0.7718023255813954,0.13953488372093023,4.0,5.182674199623352,0.0,1.0
prefill,math,6,8,2,32,previous_window,516,8,0.7635658914728682,0.1996124031007752,4.0,5.238578680203045,0.0007281553398058253,0.9987210745309877
prefill,math,6,8,2,32,static,516,8,0.7039728682170543,0.10271317829457365,4.0,5.682037164487268,0.0,1.0
prefill,math,6,8,2,32,transition,516,8,0.9527616279069767,0.6996124031007752,4.0,4.198321891685736,0.22870145631067962,0.6448041299020261
prefill,math,6,9,3,8,domain_oracle,516,8,0.29893410852713176,0.0,1.0,3.3452188006482984,0.0,1.0
prefill,math,6,9,3,8,previous_window,516,8,0.29021317829457366,0.0,1.0,3.4457429048414023,0.002184466019417476,0.9968696675492792
prefill,math,6,9,3,8,static,516,8,0.19476744186046513,0.0,1.0,5.134328358208955,0.0,1.0
prefill,math,6,9,3,8,transition,516,8,0.6104651162790697,0.009689922480620155,1.0,1.638095238095238,0.5485436893203883,0.3357065372599343
prefill,math,6,9,3,16,domain_oracle,516,8,0.4755329457364341,0.0,2.0,4.205807437595517,0.0,1.0
prefill,math,6,9,3,16,previous_window,516,8,0.46027131782945735,0.0,2.0,4.3452631578947365,0.0013349514563106796,0.9978334184977008
prefill,math,6,9,3,16,static,516,8,0.3168604651162791,0.0,2.0,6.3119266055045875,0.0,1.0
prefill,math,6,9,3,16,transition,516,8,0.8374515503875969,0.36046511627906974,2.0,2.3881978594156785,0.45740291262135924,0.41126880328063103
prefill,math,6,9,3,32,domain_oracle,516,8,0.747093023255814,0.14147286821705427,4.0,5.35408560311284,0.0,1.0
prefill,math,6,9,3,32,previous_window,516,8,0.7296511627906976,0.16085271317829458,4.0,5.48207171314741,0.000970873786407767,0.9983466663078313
prefill,math,6,9,3,32,static,516,8,0.6191860465116279,0.029069767441860465,4.0,6.460093896713615,0.0,1.0
prefill,math,6,9,3,32,transition,516,8,0.9665697674418605,0.8197674418604651,4.0,4.138345864661654,0.26899271844660194,0.5996590347043086
prefill,math,6,10,4,8,domain_oracle,516,8,0.25314922480620156,0.0,1.0,3.9502392344497608,0.0,1.0
prefill,math,6,10,4,8,previous_window,516,8,0.24588178294573643,0.0,1.0,4.066995073891626,0.001941747572815534,0.9971521035598705
prefill,math,6,10,4,8,static,516,8,0.14001937984496124,0.0,1.0,7.141868512110727,0.0,1.0
prefill,math,6,10,4,8,transition,516,8,0.5479651162790697,0.001937984496124031,1.0,1.8249336870026525,0.5890776699029127,0.30668080570993056
prefill,math,6,10,4,16,domain_oracle,516,8,0.43507751937984496,0.001937984496124031,2.0,4.596881959910913,0.0,1.0
prefill,math,6,10,4,16,previous_window,516,8,0.4186046511627907,0.001937984496124031,2.0,4.777777777777778,0.0015776699029126213,0.997521960240407
prefill,math,6,10,4,16,static,516,8,0.3311531007751938,0.0,2.0,6.039502560351134,0.0,1.0
prefill,math,6,10,4,16,transition,516,8,0.7906976744186046,0.2616279069767442,2.0,2.5294117647058822,0.44987864077669903,0.41628123520849125
prefill,math,6,10,4,32,domain_oracle,516,8,0.7262596899224806,0.13953488372093023,4.0,5.507671781187458,0.0,1.0
prefill,math,6,10,4,32,previous_window,516,8,0.7083333333333334,0.12209302325581395,4.0,5.647058823529412,0.0009101941747572816,0.9984305204540257
prefill,math,6,10,4,32,static,516,8,0.6480135658914729,0.08139534883720931,4.0,6.172710280373832,0.0,1.0
prefill,math,6,10,4,32,transition,516,8,0.9481589147286822,0.7267441860465116,4.0,4.218702095043434,0.2507281553398058,0.6208601600831595
prefill,math,6,11,5,8,domain_oracle,516,8,0.3396317829457364,0.0,1.0,2.944365192582026,0.0,1.0
prefill,math,6,11,5,8,previous_window,516,8,0.34060077519379844,0.0,1.0,2.9359886201991463,0.000970873786407767,0.9983603020496225
prefill,math,6,11,5,8,static,516,8,0.2235949612403101,0.0,1.0,4.47237269772481,0.0,1.0
prefill,math,6,11,5,8,transition,516,8,0.5343992248062015,0.005813953488372093,1.0,1.871260199456029,0.4575242718446602,0.40717547824343936
prefill,math,6,11,5,16,domain_oracle,516,8,0.5208333333333334,0.015503875968992248,2.0,3.84,0.0,1.0
prefill,math,6,11,5,16,previous_window,516,8,0.5094476744186046,0.013565891472868217,2.0,3.925820256776034,0.0014563106796116505,0.9976699029126215
prefill,math,6,11,5,16,static,516,8,0.3631298449612403,0.0,2.0,5.507671781187458,0.0,1.0
prefill,math,6,11,5,16,transition,516,8,0.7548449612403101,0.22286821705426357,2.0,2.6495507060333763,0.3604368932038835,0.4991702258315111
prefill,math,6,11,5,32,domain_oracle,516,8,0.7781007751937985,0.1996124031007752,4.0,5.140722291407223,0.0,1.0
prefill,math,6,11,5,32,previous_window,516,8,0.7587209302325582,0.18992248062015504,4.0,5.272030651340996,0.000970873786407767,0.998356907953229
prefill,math,6,11,5,32,static,516,8,0.6913759689922481,0.1434108527131783,4.0,5.785564120532586,0.0,1.0
prefill,math,6,11,5,32,transition,516,8,0.9331395348837209,0.6608527131782945,4.0,4.286604361370716,0.22148058252427186,0.6551102177007693
prefill,math,6,12,6,8,domain_oracle,516,8,0.3495639534883721,0.0,1.0,2.860706860706861,0.0,1.0
prefill,math,6,12,6,8,previous_window,516,8,0.32873062015503873,0.0,1.0,3.0420044215180546,0.0014563106796116505,0.9977326664705306
prefill,math,6,12,6,8,static,516,8,0.1875,0.0,1.0,5.333333333333333,0.0,1.0
prefill,math,6,12,6,8,transition,516,8,0.5084786821705426,0.0,1.0,1.9666507860886135,0.5072815533980582,0.35900155938990813
prefill,math,6,12,6,16,domain_oracle,516,8,0.5205910852713178,0.031007751937984496,2.0,3.8417868776174964,0.0,1.0
prefill,math,6,12,6,16,previous_window,516,8,0.49127906976744184,0.01744186046511628,2.0,4.071005917159764,0.0018203883495145632,0.9972685464765179
prefill,math,6,12,6,16,static,516,8,0.32921511627906974,0.0,2.0,6.075055187637969,0.0,1.0
prefill,math,6,12,6,16,transition,516,8,0.6945251937984496,0.15310077519379844,2.0,2.87966515521451,0.35182038834951457,0.5086444193617381
prefill,math,6,12,6,32,domain_oracle,516,8,0.7744670542635659,0.17054263565891473,4.0,5.1648420394119485,0.0,1.0
prefill,math,6,12,6,32,previous_window,516,8,0.7458817829457365,0.12015503875968993,4.0,5.362780123416694,0.0007888349514563106,0.9986175357049144
prefill,math,6,12,6,32,static,516,8,0.6589147286821705,0.14922480620155038,4.0,6.070588235294117,0.0,1.0
prefill,math,6,12,6,32,transition,516,8,0.8968023255813954,0.5542635658914729,4.0,4.460291734197731,0.2162621359223301,0.6615230290246701
prefill,math,6,13,7,8,domain_oracle,516,8,0.32049418604651164,0.0,1.0,3.120181405895692,0.0,1.0
prefill,math,6,13,7,8,previous_window,516,8,0.30523255813953487,0.0,1.0,3.276190476190476,0.001941747572815534,0.9972148671177797
prefill,math,6,13,7,8,static,516,8,0.19525193798449614,0.0,1.0,5.121588089330025,0.0,1.0
prefill,math,6,13,7,8,transition,516,8,0.42248062015503873,0.0,1.0,2.36697247706422,0.4553398058252427,0.4141477939536189
prefill,math,6,13,7,16,domain_oracle,516,8,0.5162306201550387,0.0562015503875969,2.0,3.8742374472078835,0.0,1.0
prefill,math,6,13,7,16,previous_window,516,8,0.49127906976744184,0.02131782945736434,2.0,4.071005917159764,0.0018203883495145632,0.9972685464765179
prefill,math,6,13,7,16,static,516,8,0.36143410852713176,0.001937984496124031,2.0,5.533512064343164,0.0,1.0
prefill,math,6,13,7,16,transition,516,8,0.6242732558139535,0.06201550387596899,2.0,3.2037252619324796,0.32402912621359226,0.535292254512399
prefill,math,6,13,7,32,domain_oracle,516,8,0.7875484496124031,0.2248062015503876,4.0,5.079052599200246,0.0,1.0
prefill,math,6,13,7,32,previous_window,516,8,0.7843992248062015,0.25,4.0,5.099444101297097,0.0004854368932038835,0.9991179478558119
prefill,math,6,13,7,32,static,516,8,0.6698158914728682,0.08527131782945736,4.0,5.971790235081374,0.0,1.0
prefill,math,6,13,7,32,transition,516,8,0.872577519379845,0.4631782945736434,4.0,4.58411993337035,0.21189320388349514,0.6635631890169644
prefill,math,6,14,8,8,domain_oracle,516,8,0.27858527131782945,0.0,1.0,3.5895652173913044,0.0,1.0
prefill,math,6,14,8,8,previous_window,516,8,0.2691375968992248,0.0,1.0,3.7155715571557155,0.0016990291262135922,0.997497303128371
prefill,math,6,14,8,8,static,516,8,0.1378391472868217,0.0,1.0,7.254833040421793,0.0,1.0
prefill,math,6,14,8,8,transition,516,8,0.41521317829457366,0.0,1.0,2.4084014002333722,0.5310679611650485,0.35396241299153824
prefill,math,6,14,8,16,domain_oracle,516,8,0.4624515503875969,0.015503875968992248,2.0,4.324777370350969,0.0,1.0
prefill,math,6,14,8,16,previous_window,516,8,0.4430717054263566,0.009689922480620155,2.0,4.513942044833242,0.0018203883495145632,0.9972802415494201
prefill,math,6,14,8,16,static,516,8,0.28367248062015504,0.0,2.0,7.050384286934245,0.0,1.0
prefill,math,6,14,8,16,transition,516,8,0.653343023255814,0.12209302325581395,2.0,3.0611790878754173,0.39745145631067963,0.4640067761803688
prefill,math,6,14,8,32,domain_oracle,516,8,0.747577519379845,0.23837209302325582,4.0,5.350615683732988,0.0,1.0
prefill,math,6,14,8,32,previous_window,516,8,0.7374031007751938,0.19767441860465115,4.0,5.424441524310118,0.0006674757281553398,0.9988094613337333
prefill,math,6,14,8,32,static,516,8,0.6201550387596899,0.025193798449612403,4.0,6.45,0.0,1.0
prefill,math,6,14,8,32,transition,516,8,0.8929263565891473,0.5271317829457365,4.0,4.4796527400976665,0.21268203883495146,0.6658387862471303
prefill,math,6,15,9,8,domain_oracle,516,8,0.29021317829457366,0.0,1.0,3.4457429048414023,0.0,1.0
prefill,math,6,15,9,8,previous_window,516,8,0.25169573643410853,0.0,1.0,3.973051010587103,0.0024271844660194173,0.9965872315386879
prefill,math,6,15,9,8,static,516,8,0.19113372093023256,0.0,1.0,5.231939163498099,0.0,1.0
prefill,math,6,15,9,8,transition,516,8,0.4130329457364341,0.0,1.0,2.421114369501466,0.4298543689320388,0.4357772971365202
prefill,math,6,15,9,16,domain_oracle,516,8,0.4750484496124031,0.023255813953488372,2.0,4.210096889342172,0.0,1.0
prefill,math,6,15,9,16,previous_window,516,8,0.42005813953488375,0.005813953488372093,2.0,4.7612456747404845,0.0024271844660194173,0.9966181650065146
prefill,math,6,15,9,16,static,516,8,0.34568798449612403,0.0,2.0,5.785564120532586,0.0,1.0
prefill,math,6,15,9,16,transition,516,8,0.6090116279069767,0.05813953488372093,2.0,3.2840095465393793,0.3362864077669903,0.5215973531655161
prefill,math,6,15,9,32,domain_oracle,516,8,0.7611434108527132,0.17248062015503876,4.0,5.255251432208785,0.0,1.0
prefill,math,6,15,9,32,previous_window,516,8,0.7054263565891473,0.09496124031007752,4.0,5.670329670329671,0.001092233009708738,0.9982014709993073
prefill,math,6,15,9,32,static,516,8,0.6111918604651163,0.011627906976744186,4.0,6.544589774078478,0.0,1.0
prefill,math,6,15,9,32,transition,516,8,0.8708817829457365,0.3333333333333333,4.0,4.593045897079277,0.20097087378640777,0.678649915439707
prefill,math,7,8,1,8,domain_oracle,516,8,0.3498062015503876,0.0,1.0,2.858725761772853,0.0,1.0
prefill,math,7,8,1,8,previous_window,516,8,0.33987403100775193,0.0,1.0,2.9422665716322167,0.0016990291262135922,0.997450230459939
prefill,math,7,8,1,8,static,516,8,0.24224806201550386,0.0,1.0,4.128,0.0,1.0
prefill,math,7,8,1,8,transition,516,8,0.6199127906976745,0.003875968992248062,1.0,1.6131301289566238,0.5536407766990291,0.33320909942269034
prefill,math,7,8,1,16,domain_oracle,516,8,0.530765503875969,0.05232558139534884,2.0,3.76814240073026,0.0,1.0
prefill,math,7,8,1,16,previous_window,516,8,0.5188953488372093,0.040697674418604654,2.0,3.854341736694678,0.001092233009708738,0.9981786180662011
prefill,math,7,8,1,16,static,516,8,0.3958333333333333,0.0,2.0,5.052631578947368,0.0,1.0
prefill,math,7,8,1,16,transition,516,8,0.8374515503875969,0.3449612403100775,2.0,2.3881978594156785,0.44101941747572815,0.42921567445998493
prefill,math,7,8,1,32,domain_oracle,516,8,0.7718023255813954,0.13953488372093023,4.0,5.182674199623352,0.0,1.0
prefill,math,7,8,1,32,previous_window,516,8,0.7635658914728682,0.1996124031007752,4.0,5.238578680203045,0.0007281553398058253,0.9987210745309877
prefill,math,7,8,1,32,static,516,8,0.7039728682170543,0.10271317829457365,4.0,5.682037164487268,0.0,1.0
prefill,math,7,8,1,32,transition,516,8,0.9629360465116279,0.7461240310077519,4.0,4.153962264150944,0.26359223300970874,0.6024253943050712
prefill,math,7,9,2,8,domain_oracle,516,8,0.29893410852713176,0.0,1.0,3.3452188006482984,0.0,1.0
prefill,math,7,9,2,8,previous_window,516,8,0.29021317829457366,0.0,1.0,3.4457429048414023,0.002184466019417476,0.9968696675492792
prefill,math,7,9,2,8,static,516,8,0.19476744186046513,0.0,1.0,5.134328358208955,0.0,1.0
prefill,math,7,9,2,8,transition,516,8,0.6460755813953488,0.009689922480620155,1.0,1.547806524184477,0.6118932038834951,0.2817152642395345
prefill,math,7,9,2,16,domain_oracle,516,8,0.4755329457364341,0.0,2.0,4.205807437595517,0.0,1.0
prefill,math,7,9,2,16,previous_window,516,8,0.46027131782945735,0.0,2.0,4.3452631578947365,0.0013349514563106796,0.9978334184977008
prefill,math,7,9,2,16,static,516,8,0.3168604651162791,0.0,2.0,6.3119266055045875,0.0,1.0
prefill,math,7,9,2,16,transition,516,8,0.8660368217054264,0.4069767441860465,2.0,2.3093706293706293,0.5220873786407767,0.36089339023337935
prefill,math,7,9,2,32,domain_oracle,516,8,0.747093023255814,0.14147286821705427,4.0,5.35408560311284,0.0,1.0
prefill,math,7,9,2,32,previous_window,516,8,0.7296511627906976,0.16085271317829458,4.0,5.48207171314741,0.000970873786407767,0.9983466663078313
prefill,math,7,9,2,32,static,516,8,0.6191860465116279,0.029069767441860465,4.0,6.460093896713615,0.0,1.0
prefill,math,7,9,2,32,transition,516,8,0.9709302325581395,0.8178294573643411,4.0,4.119760479041916,0.30716019417475726,0.5553366911743012
prefill,math,7,10,3,8,domain_oracle,516,8,0.25314922480620156,0.0,1.0,3.9502392344497608,0.0,1.0
prefill,math,7,10,3,8,previous_window,516,8,0.24588178294573643,0.0,1.0,4.066995073891626,0.001941747572815534,0.9971521035598705
prefill,math,7,10,3,8,static,516,8,0.14001937984496124,0.0,1.0,7.141868512110727,0.0,1.0
prefill,math,7,10,3,8,transition,516,8,0.5847868217054264,0.001937984496124031,1.0,1.7100248550124275,0.6512135922330097,0.25929311249699466
prefill,math,7,10,3,16,domain_oracle,516,8,0.43507751937984496,0.001937984496124031,2.0,4.596881959910913,0.0,1.0
prefill,math,7,10,3,16,previous_window,516,8,0.4186046511627907,0.001937984496124031,2.0,4.777777777777778,0.0015776699029126213,0.997521960240407
prefill,math,7,10,3,16,static,516,8,0.3311531007751938,0.0,2.0,6.039502560351134,0.0,1.0
prefill,math,7,10,3,16,transition,516,8,0.8316375968992248,0.34108527131782945,2.0,2.404893678997961,0.5158980582524272,0.36491636085990864
prefill,math,7,10,3,32,domain_oracle,516,8,0.7262596899224806,0.13953488372093023,4.0,5.507671781187458,0.0,1.0
prefill,math,7,10,3,32,previous_window,516,8,0.7083333333333334,0.12209302325581395,4.0,5.647058823529412,0.0009101941747572816,0.9984305204540257
prefill,math,7,10,3,32,static,516,8,0.6480135658914729,0.08139534883720931,4.0,6.172710280373832,0.0,1.0
prefill,math,7,10,3,32,transition,516,8,0.9622093023255814,0.7655038759689923,4.0,4.157099697885196,0.29775485436893206,0.5712247736402171
prefill,math,7,11,4,8,domain_oracle,516,8,0.3396317829457364,0.0,1.0,2.944365192582026,0.0,1.0
prefill,math,7,11,4,8,previous_window,516,8,0.34060077519379844,0.0,1.0,2.9359886201991463,0.000970873786407767,0.9983603020496225
prefill,math,7,11,4,8,static,516,8,0.2235949612403101,0.0,1.0,4.47237269772481,0.0,1.0
prefill,math,7,11,4,8,transition,516,8,0.5796996124031008,0.007751937984496124,1.0,1.725031341412453,0.5330097087378641,0.34287520462277615
prefill,math,7,11,4,16,domain_oracle,516,8,0.5208333333333334,0.015503875968992248,2.0,3.84,0.0,1.0
prefill,math,7,11,4,16,previous_window,516,8,0.5094476744186046,0.013565891472868217,2.0,3.925820256776034,0.0014563106796116505,0.9976699029126215
prefill,math,7,11,4,16,static,516,8,0.3631298449612403,0.0,2.0,5.507671781187458,0.0,1.0
prefill,math,7,11,4,16,transition,516,8,0.7853682170542635,0.24612403100775193,2.0,2.5465761875385566,0.41395631067961164,0.449406865437138
prefill,math,7,11,4,32,domain_oracle,516,8,0.7781007751937985,0.1996124031007752,4.0,5.140722291407223,0.0,1.0
prefill,math,7,11,4,32,previous_window,516,8,0.7587209302325582,0.18992248062015504,4.0,5.272030651340996,0.000970873786407767,0.998356907953229
prefill,math,7,11,4,32,static,516,8,0.6913759689922481,0.1434108527131783,4.0,5.785564120532586,0.0,1.0
prefill,math,7,11,4,32,transition,516,8,0.9542151162790697,0.7306201550387597,4.0,4.191926884996192,0.26510922330097086,0.6039534398145163
prefill,math,7,12,5,8,domain_oracle,516,8,0.3495639534883721,0.0,1.0,2.860706860706861,0.0,1.0
prefill,math,7,12,5,8,previous_window,516,8,0.32873062015503873,0.0,1.0,3.0420044215180546,0.0014563106796116505,0.9977326664705306
prefill,math,7,12,5,8,static,516,8,0.1875,0.0,1.0,5.333333333333333,0.0,1.0
prefill,math,7,12,5,8,transition,516,8,0.532218992248062,0.003875968992248062,1.0,1.8789258079198907,0.5572815533980583,0.32274767303893376
prefill,math,7,12,5,16,domain_oracle,516,8,0.5205910852713178,0.031007751937984496,2.0,3.8417868776174964,0.0,1.0
prefill,math,7,12,5,16,previous_window,516,8,0.49127906976744184,0.01744186046511628,2.0,4.071005917159764,0.0018203883495145632,0.9972685464765179
prefill,math,7,12,5,16,static,516,8,0.32921511627906974,0.0,2.0,6.075055187637969,0.0,1.0
prefill,math,7,12,5,16,transition,516,8,0.7415213178294574,0.18604651162790697,2.0,2.697157791571382,0.41359223300970877,0.45233498547271955
prefill,math,7,12,5,32,domain_oracle,516,8,0.7744670542635659,0.17054263565891473,4.0,5.1648420394119485,0.0,1.0
prefill,math,7,12,5,32,previous_window,516,8,0.7458817829457365,0.12015503875968993,4.0,5.362780123416694,0.0007888349514563106,0.9986175357049144
prefill,math,7,12,5,32,static,516,8,0.6589147286821705,0.14922480620155038,4.0,6.070588235294117,0.0,1.0
prefill,math,7,12,5,32,transition,516,8,0.9278100775193798,0.6550387596899225,4.0,4.311227154046997,0.2671116504854369,0.598340165350237
prefill,math,7,13,6,8,domain_oracle,516,8,0.32049418604651164,0.0,1.0,3.120181405895692,0.0,1.0
prefill,math,7,13,6,8,previous_window,516,8,0.30523255813953487,0.0,1.0,3.276190476190476,0.001941747572815534,0.9972148671177797
prefill,math,7,13,6,8,static,516,8,0.19525193798449614,0.0,1.0,5.121588089330025,0.0,1.0
prefill,math,7,13,6,8,transition,516,8,0.4631782945736434,0.001937984496124031,1.0,2.1589958158995817,0.5478155339805825,0.3385794356668128
prefill,math,7,13,6,16,domain_oracle,516,8,0.5162306201550387,0.0562015503875969,2.0,3.8742374472078835,0.0,1.0
prefill,math,7,13,6,16,previous_window,516,8,0.49127906976744184,0.02131782945736434,2.0,4.071005917159764,0.0018203883495145632,0.9972685464765179
prefill,math,7,13,6,16,static,516,8,0.36143410852713176,0.001937984496124031,2.0,5.533512064343164,0.0,1.0
prefill,math,7,13,6,16,transition,516,8,0.6952519379844961,0.09108527131782945,2.0,2.8766550522648084,0.4021844660194175,0.4588597672176625
prefill,math,7,13,6,32,domain_oracle,516,8,0.7875484496124031,0.2248062015503876,4.0,5.079052599200246,0.0,1.0
prefill,math,7,13,6,32,previous_window,516,8,0.7843992248062015,0.25,4.0,5.099444101297097,0.0004854368932038835,0.9991179478558119
prefill,math,7,13,6,32,static,516,8,0.6698158914728682,0.08527131782945736,4.0,5.971790235081374,0.0,1.0
prefill,math,7,13,6,32,transition,516,8,0.8955910852713178,0.45348837209302323,4.0,4.466324046524209,0.2574635922330097,0.6068900893741622
prefill,math,7,14,7,8,domain_oracle,516,8,0.27858527131782945,0.0,1.0,3.5895652173913044,0.0,1.0
prefill,math,7,14,7,8,previous_window,516,8,0.2691375968992248,0.0,1.0,3.7155715571557155,0.0016990291262135922,0.997497303128371
prefill,math,7,14,7,8,static,516,8,0.1378391472868217,0.0,1.0,7.254833040421793,0.0,1.0
prefill,math,7,14,7,8,transition,516,8,0.4634205426356589,0.0,1.0,2.1578672242550967,0.6148058252427184,0.286581595319458
prefill,math,7,14,7,16,domain_oracle,516,8,0.4624515503875969,0.015503875968992248,2.0,4.324777370350969,0.0,1.0
prefill,math,7,14,7,16,previous_window,516,8,0.4430717054263566,0.009689922480620155,2.0,4.513942044833242,0.0018203883495145632,0.9972802415494201
prefill,math,7,14,7,16,static,516,8,0.28367248062015504,0.0,2.0,7.050384286934245,0.0,1.0
prefill,math,7,14,7,16,transition,516,8,0.7066375968992248,0.1511627906976744,2.0,2.8303051079876584,0.4695388349514563,0.39861679611039097
prefill,math,7,14,7,32,domain_oracle,516,8,0.747577519379845,0.23837209302325582,4.0,5.350615683732988,0.0,1.0
prefill,math,7,14,7,32,previous_window,516,8,0.7374031007751938,0.19767441860465115,4.0,5.424441524310118,0.0006674757281553398,0.9988094613337333
prefill,math,7,14,7,32,static,516,8,0.6201550387596899,0.025193798449612403,4.0,6.45,0.0,1.0
prefill,math,7,14,7,32,transition,516,8,0.9156976744186046,0.6007751937984496,4.0,4.368253968253968,0.25351941747572815,0.6142053160482975
prefill,math,7,15,8,8,domain_oracle,516,8,0.29021317829457366,0.0,1.0,3.4457429048414023,0.0,1.0
prefill,math,7,15,8,8,previous_window,516,8,0.25169573643410853,0.0,1.0,3.973051010587103,0.0024271844660194173,0.9965872315386879
prefill,math,7,15,8,8,static,516,8,0.19113372093023256,0.0,1.0,5.231939163498099,0.0,1.0
prefill,math,7,15,8,8,transition,516,8,0.436046511627907,0.0,1.0,2.2933333333333334,0.48713592233009706,0.38952038253009
prefill,math,7,15,8,16,domain_oracle,516,8,0.4750484496124031,0.023255813953488372,2.0,4.210096889342172,0.0,1.0
prefill,math,7,15,8,16,previous_window,516,8,0.42005813953488375,0.005813953488372093,2.0,4.7612456747404845,0.0024271844660194173,0.9966181650065146
prefill,math,7,15,8,16,static,516,8,0.34568798449612403,0.0,2.0,5.785564120532586,0.0,1.0
prefill,math,7,15,8,16,transition,516,8,0.6593992248062015,0.06395348837209303,2.0,3.033063923585599,0.4054611650485437,0.45225470586990346
prefill,math,7,15,8,32,domain_oracle,516,8,0.7611434108527132,0.17248062015503876,4.0,5.255251432208785,0.0,1.0
prefill,math,7,15,8,32,previous_window,516,8,0.7054263565891473,0.09496124031007752,4.0,5.670329670329671,0.001092233009708738,0.9982014709993073
prefill,math,7,15,8,32,static,516,8,0.6111918604651163,0.011627906976744186,4.0,6.544589774078478,0.0,1.0
prefill,math,7,15,8,32,transition,516,8,0.8934108527131783,0.4883720930232558,4.0,4.477223427331888,0.2370145631067961,0.6323923252689035
prefill,math,8,9,1,8,domain_oracle,516,8,0.29893410852713176,0.0,1.0,3.3452188006482984,0.0,1.0
prefill,math,8,9,1,8,previous_window,516,8,0.29021317829457366,0.0,1.0,3.4457429048414023,0.002184466019417476,0.9968696675492792
prefill,math,8,9,1,8,static,516,8,0.19476744186046513,0.0,1.0,5.134328358208955,0.0,1.0
prefill,math,8,9,1,8,transition,516,8,0.6686046511627907,0.027131782945736434,1.0,1.4956521739130435,0.6453883495145631,0.2536982758341968
prefill,math,8,9,1,16,domain_oracle,516,8,0.4755329457364341,0.0,2.0,4.205807437595517,0.0,1.0
prefill,math,8,9,1,16,previous_window,516,8,0.46027131782945735,0.0,2.0,4.3452631578947365,0.0013349514563106796,0.9978334184977008
prefill,math,8,9,1,16,static,516,8,0.3168604651162791,0.0,2.0,6.3119266055045875,0.0,1.0
prefill,math,8,9,1,16,transition,516,8,0.8888081395348837,0.4127906976744186,2.0,2.250204415372036,0.5597087378640777,0.3275723072848266
prefill,math,8,9,1,32,domain_oracle,516,8,0.747093023255814,0.14147286821705427,4.0,5.35408560311284,0.0,1.0
prefill,math,8,9,1,32,previous_window,516,8,0.7296511627906976,0.16085271317829458,4.0,5.48207171314741,0.000970873786407767,0.9983466663078313
prefill,math,8,9,1,32,static,516,8,0.6191860465116279,0.029069767441860465,4.0,6.460093896713615,0.0,1.0
prefill,math,8,9,1,32,transition,516,8,0.9890988372093024,0.9205426356589147,4.0,4.044085231447465,0.3370145631067961,0.5277060038034407
prefill,math,8,10,2,8,domain_oracle,516,8,0.25314922480620156,0.0,1.0,3.9502392344497608,0.0,1.0
prefill,math,8,10,2,8,previous_window,516,8,0.24588178294573643,0.0,1.0,4.066995073891626,0.001941747572815534,0.9971521035598705
prefill,math,8,10,2,8,static,516,8,0.14001937984496124,0.0,1.0,7.141868512110727,0.0,1.0
prefill,math,8,10,2,8,transition,516,8,0.624031007751938,0.001937984496124031,1.0,1.6024844720496894,0.6883495145631068,0.2330794987105657
prefill,math,8,10,2,16,domain_oracle,516,8,0.43507751937984496,0.001937984496124031,2.0,4.596881959910913,0.0,1.0
prefill,math,8,10,2,16,previous_window,516,8,0.4186046511627907,0.001937984496124031,2.0,4.777777777777778,0.0015776699029126213,0.997521960240407
prefill,math,8,10,2,16,static,516,8,0.3311531007751938,0.0,2.0,6.039502560351134,0.0,1.0
prefill,math,8,10,2,16,transition,516,8,0.841812015503876,0.30426356589147285,2.0,2.3758273381294965,0.5591019417475728,0.32794771235737574
prefill,math,8,10,2,32,domain_oracle,516,8,0.7262596899224806,0.13953488372093023,4.0,5.507671781187458,0.0,1.0
prefill,math,8,10,2,32,previous_window,516,8,0.7083333333333334,0.12209302325581395,4.0,5.647058823529412,0.0009101941747572816,0.9984305204540257
prefill,math,8,10,2,32,static,516,8,0.6480135658914729,0.08139534883720931,4.0,6.172710280373832,0.0,1.0
prefill,math,8,10,2,32,transition,516,8,0.9728682170542635,0.8217054263565892,4.0,4.111553784860558,0.3201456310679612,0.5444447574188819
prefill,math,8,11,3,8,domain_oracle,516,8,0.3396317829457364,0.0,1.0,2.944365192582026,0.0,1.0
prefill,math,8,11,3,8,previous_window,516,8,0.34060077519379844,0.0,1.0,2.9359886201991463,0.000970873786407767,0.9983603020496225
prefill,math,8,11,3,8,static,516,8,0.2235949612403101,0.0,1.0,4.47237269772481,0.0,1.0
prefill,math,8,11,3,8,transition,516,8,0.6027131782945736,0.003875968992248062,1.0,1.6591639871382637,0.5866504854368932,0.2997053432004876
prefill,math,8,11,3,16,domain_oracle,516,8,0.5208333333333334,0.015503875968992248,2.0,3.84,0.0,1.0
prefill,math,8,11,3,16,previous_window,516,8,0.5094476744186046,0.013565891472868217,2.0,3.925820256776034,0.0014563106796116505,0.9976699029126215
prefill,math,8,11,3,16,static,516,8,0.3631298449612403,0.0,2.0,5.507671781187458,0.0,1.0
prefill,math,8,11,3,16,transition,516,8,0.8093507751937985,0.29069767441860467,2.0,2.4711164322059265,0.450121359223301,0.4099602658328223
prefill,math,8,11,3,32,domain_oracle,516,8,0.7781007751937985,0.1996124031007752,4.0,5.140722291407223,0.0,1.0
prefill,math,8,11,3,32,previous_window,516,8,0.7587209302325582,0.18992248062015504,4.0,5.272030651340996,0.000970873786407767,0.998356907953229
prefill,math,8,11,3,32,static,516,8,0.6913759689922481,0.1434108527131783,4.0,5.785564120532586,0.0,1.0
prefill,math,8,11,3,32,transition,516,8,0.9559108527131783,0.7461240310077519,4.0,4.184490623416117,0.29035194174757284,0.5747126208967681
prefill,math,8,12,4,8,domain_oracle,516,8,0.3495639534883721,0.0,1.0,2.860706860706861,0.0,1.0
prefill,math,8,12,4,8,previous_window,516,8,0.32873062015503873,0.0,1.0,3.0420044215180546,0.0014563106796116505,0.9977326664705306
prefill,math,8,12,4,8,static,516,8,0.1875,0.0,1.0,5.333333333333333,0.0,1.0
prefill,math,8,12,4,8,transition,516,8,0.5380329457364341,0.0,1.0,1.8586222422332284,0.5689320388349515,0.31230301521563497
prefill,math,8,12,4,16,domain_oracle,516,8,0.5205910852713178,0.031007751937984496,2.0,3.8417868776174964,0.0,1.0
prefill,math,8,12,4,16,previous_window,516,8,0.49127906976744184,0.01744186046511628,2.0,4.071005917159764,0.0018203883495145632,0.9972685464765179
prefill,math,8,12,4,16,static,516,8,0.32921511627906974,0.0,2.0,6.075055187637969,0.0,1.0
prefill,math,8,12,4,16,transition,516,8,0.7572674418604651,0.18604651162790697,2.0,2.6410748560460653,0.45279126213592236,0.4073041630883937
prefill,math,8,12,4,32,domain_oracle,516,8,0.7744670542635659,0.17054263565891473,4.0,5.1648420394119485,0.0,1.0
prefill,math,8,12,4,32,previous_window,516,8,0.7458817829457365,0.12015503875968993,4.0,5.362780123416694,0.0007888349514563106,0.9986175357049144
prefill,math,8,12,4,32,static,516,8,0.6589147286821705,0.14922480620155038,4.0,6.070588235294117,0.0,1.0
prefill,math,8,12,4,32,transition,516,8,0.9401647286821705,0.686046511627907,4.0,4.254573563514558,0.2966626213592233,0.5624848677998534
prefill,math,8,13,5,8,domain_oracle,516,8,0.32049418604651164,0.0,1.0,3.120181405895692,0.0,1.0
prefill,math,8,13,5,8,previous_window,516,8,0.30523255813953487,0.0,1.0,3.276190476190476,0.001941747572815534,0.9972148671177797
prefill,math,8,13,5,8,static,516,8,0.19525193798449614,0.0,1.0,5.121588089330025,0.0,1.0
prefill,math,8,13,5,8,transition,516,8,0.500484496124031,0.001937984496124031,1.0,1.9980638915779283,0.5876213592233009,0.29476029903214246
prefill,math,8,13,5,16,domain_oracle,516,8,0.5162306201550387,0.0562015503875969,2.0,3.8742374472078835,0.0,1.0
prefill,math,8,13,5,16,previous_window,516,8,0.49127906976744184,0.02131782945736434,2.0,4.071005917159764,0.0018203883495145632,0.9972685464765179
prefill,math,8,13,5,16,static,516,8,0.36143410852713176,0.001937984496124031,2.0,5.533512064343164,0.0,1.0
prefill,math,8,13,5,16,transition,516,8,0.6887112403100775,0.07364341085271318,2.0,2.9039746746394655,0.4524271844660194,0.4079975184548623
prefill,math,8,13,5,32,domain_oracle,516,8,0.7875484496124031,0.2248062015503876,4.0,5.079052599200246,0.0,1.0
prefill,math,8,13,5,32,previous_window,516,8,0.7843992248062015,0.25,4.0,5.099444101297097,0.0004854368932038835,0.9991179478558119
prefill,math,8,13,5,32,static,516,8,0.6698158914728682,0.08527131782945736,4.0,5.971790235081374,0.0,1.0
prefill,math,8,13,5,32,transition,516,8,0.9101259689922481,0.5213178294573644,4.0,4.394996007452755,0.2858009708737864,0.5722676102233248
prefill,math,8,14,6,8,domain_oracle,516,8,0.27858527131782945,0.0,1.0,3.5895652173913044,0.0,1.0
prefill,math,8,14,6,8,previous_window,516,8,0.2691375968992248,0.0,1.0,3.7155715571557155,0.0016990291262135922,0.997497303128371
prefill,math,8,14,6,8,static,516,8,0.1378391472868217,0.0,1.0,7.254833040421793,0.0,1.0
prefill,math,8,14,6,8,transition,516,8,0.4798934108527132,0.01744186046511628,1.0,2.083796062594649,0.6725728155339806,0.23685755452745644
prefill,math,8,14,6,16,domain_oracle,516,8,0.4624515503875969,0.015503875968992248,2.0,4.324777370350969,0.0,1.0
prefill,math,8,14,6,16,previous_window,516,8,0.4430717054263566,0.009689922480620155,2.0,4.513942044833242,0.0018203883495145632,0.9972802415494201
prefill,math,8,14,6,16,static,516,8,0.28367248062015504,0.0,2.0,7.050384286934245,0.0,1.0
prefill,math,8,14,6,16,transition,516,8,0.7090600775193798,0.12596899224806202,2.0,2.820635462931329,0.4900485436893204,0.3798288002871396
prefill,math,8,14,6,32,domain_oracle,516,8,0.747577519379845,0.23837209302325582,4.0,5.350615683732988,0.0,1.0
prefill,math,8,14,6,32,previous_window,516,8,0.7374031007751938,0.19767441860465115,4.0,5.424441524310118,0.0006674757281553398,0.9988094613337333
prefill,math,8,14,6,32,static,516,8,0.6201550387596899,0.025193798449612403,4.0,6.45,0.0,1.0
prefill,math,8,14,6,32,transition,516,8,0.9299903100775194,0.6627906976744186,4.0,4.30112008335504,0.2771844660194175,0.5827048491987178
prefill,math,8,15,7,8,domain_oracle,516,8,0.29021317829457366,0.0,1.0,3.4457429048414023,0.0,1.0
prefill,math,8,15,7,8,previous_window,516,8,0.25169573643410853,0.0,1.0,3.973051010587103,0.0024271844660194173,0.9965872315386879
prefill,math,8,15,7,8,static,516,8,0.19113372093023256,0.0,1.0,5.231939163498099,0.0,1.0
prefill,math,8,15,7,8,transition,516,8,0.4387112403100775,0.0,1.0,2.279403644395362,0.5298543689320389,0.3488535197273052
prefill,math,8,15,7,16,domain_oracle,516,8,0.4750484496124031,0.023255813953488372,2.0,4.210096889342172,0.0,1.0
prefill,math,8,15,7,16,previous_window,516,8,0.42005813953488375,0.005813953488372093,2.0,4.7612456747404845,0.0024271844660194173,0.9966181650065146
prefill,math,8,15,7,16,static,516,8,0.34568798449612403,0.0,2.0,5.785564120532586,0.0,1.0
prefill,math,8,15,7,16,transition,516,8,0.6494670542635659,0.07170542635658915,2.0,3.0794479671764265,0.42063106796116506,0.4337449391200611
prefill,math,8,15,7,32,domain_oracle,516,8,0.7611434108527132,0.17248062015503876,4.0,5.255251432208785,0.0,1.0
prefill,math,8,15,7,32,previous_window,516,8,0.7054263565891473,0.09496124031007752,4.0,5.670329670329671,0.001092233009708738,0.9982014709993073
prefill,math,8,15,7,32,static,516,8,0.6111918604651163,0.011627906976744186,4.0,6.544589774078478,0.0,1.0
prefill,math,8,15,7,32,transition,516,8,0.8968023255813954,0.48255813953488375,4.0,4.460291734197731,0.25813106796116503,0.6054800123632416
prefill,math,9,10,1,8,domain_oracle,516,8,0.25314922480620156,0.0,1.0,3.9502392344497608,0.0,1.0
prefill,math,9,10,1,8,previous_window,516,8,0.24588178294573643,0.0,1.0,4.066995073891626,0.001941747572815534,0.9971521035598705
prefill,math,9,10,1,8,static,516,8,0.14001937984496124,0.0,1.0,7.141868512110727,0.0,1.0
prefill,math,9,10,1,8,transition,516,8,0.657703488372093,0.009689922480620155,1.0,1.5204419889502763,0.7356796116504855,0.19593437845864992
prefill,math,9,10,1,16,domain_oracle,516,8,0.43507751937984496,0.001937984496124031,2.0,4.596881959910913,0.0,1.0
prefill,math,9,10,1,16,previous_window,516,8,0.4186046511627907,0.001937984496124031,2.0,4.777777777777778,0.0015776699029126213,0.997521960240407
prefill,math,9,10,1,16,static,516,8,0.3311531007751938,0.0,2.0,6.039502560351134,0.0,1.0
prefill,math,9,10,1,16,transition,516,8,0.8798449612403101,0.38372093023255816,2.0,2.2731277533039647,0.5841019417475728,0.3064572682162856
prefill,math,9,10,1,32,domain_oracle,516,8,0.7262596899224806,0.13953488372093023,4.0,5.507671781187458,0.0,1.0
prefill,math,9,10,1,32,previous_window,516,8,0.7083333333333334,0.12209302325581395,4.0,5.647058823529412,0.0009101941747572816,0.9984305204540257
prefill,math,9,10,1,32,static,516,8,0.6480135658914729,0.08139534883720931,4.0,6.172710280373832,0.0,1.0
prefill,math,9,10,1,32,transition,516,8,0.9835271317829457,0.877906976744186,4.0,4.066995073891626,0.36680825242718446,0.4927507442458001
prefill,math,9,11,2,8,domain_oracle,516,8,0.3396317829457364,0.0,1.0,2.944365192582026,0.0,1.0
prefill,math,9,11,2,8,previous_window,516,8,0.34060077519379844,0.0,1.0,2.9359886201991463,0.000970873786407767,0.9983603020496225
prefill,math,9,11,2,8,static,516,8,0.2235949612403101,0.0,1.0,4.47237269772481,0.0,1.0
prefill,math,9,11,2,8,transition,516,8,0.6262112403100775,0.0,1.0,1.5969052224371374,0.6259708737864078,0.26913017942144035
prefill,math,9,11,2,16,domain_oracle,516,8,0.5208333333333334,0.015503875968992248,2.0,3.84,0.0,1.0
prefill,math,9,11,2,16,previous_window,516,8,0.5094476744186046,0.013565891472868217,2.0,3.925820256776034,0.0014563106796116505,0.9976699029126215
prefill,math,9,11,2,16,static,516,8,0.3631298449612403,0.0,2.0,5.507671781187458,0.0,1.0
prefill,math,9,11,2,16,transition,516,8,0.8396317829457365,0.3507751937984496,2.0,2.3819965377957297,0.4742718446601942,0.38997415501330884
prefill,math,9,11,2,32,domain_oracle,516,8,0.7781007751937985,0.1996124031007752,4.0,5.140722291407223,0.0,1.0
prefill,math,9,11,2,32,previous_window,516,8,0.7587209302325582,0.18992248062015504,4.0,5.272030651340996,0.000970873786407767,0.998356907953229
prefill,math,9,11,2,32,static,516,8,0.6913759689922481,0.1434108527131783,4.0,5.785564120532586,0.0,1.0
prefill,math,9,11,2,32,transition,516,8,0.9755329457364341,0.8391472868217055,4.0,4.10032282095853,0.33567961165048543,0.5222515587032235
prefill,math,9,12,3,8,domain_oracle,516,8,0.3495639534883721,0.0,1.0,2.860706860706861,0.0,1.0
prefill,math,9,12,3,8,previous_window,516,8,0.32873062015503873,0.0,1.0,3.0420044215180546,0.0014563106796116505,0.9977326664705306
prefill,math,9,12,3,8,static,516,8,0.1875,0.0,1.0,5.333333333333333,0.0,1.0
prefill,math,9,12,3,8,transition,516,8,0.5523255813953488,0.015503875968992248,1.0,1.8105263157894738,0.6140776699029126,0.2746176369477325
prefill,math,9,12,3,16,domain_oracle,516,8,0.5205910852713178,0.031007751937984496,2.0,3.8417868776174964,0.0,1.0
prefill,math,9,12,3,16,previous_window,516,8,0.49127906976744184,0.01744186046511628,2.0,4.071005917159764,0.0018203883495145632,0.9972685464765179
prefill,math,9,12,3,16,static,516,8,0.32921511627906974,0.0,2.0,6.075055187637969,0.0,1.0
prefill,math,9,12,3,16,transition,516,8,0.7868217054263565,0.17829457364341086,2.0,2.541871921182266,0.5086165048543689,0.35853421162534144
prefill,math,9,12,3,32,domain_oracle,516,8,0.7744670542635659,0.17054263565891473,4.0,5.1648420394119485,0.0,1.0
prefill,math,9,12,3,32,previous_window,516,8,0.7458817829457365,0.12015503875968993,4.0,5.362780123416694,0.0007888349514563106,0.9986175357049144
prefill,math,9,12,3,32,static,516,8,0.6589147286821705,0.14922480620155038,4.0,6.070588235294117,0.0,1.0
prefill,math,9,12,3,32,transition,516,8,0.9588178294573644,0.7674418604651163,4.0,4.171803941384538,0.33197815533980585,0.5249484911654296
prefill,math,9,13,4,8,domain_oracle,516,8,0.32049418604651164,0.0,1.0,3.120181405895692,0.0,1.0
prefill,math,9,13,4,8,previous_window,516,8,0.30523255813953487,0.0,1.0,3.276190476190476,0.001941747572815534,0.9972148671177797
prefill,math,9,13,4,8,static,516,8,0.19525193798449614,0.0,1.0,5.121588089330025,0.0,1.0
prefill,math,9,13,4,8,transition,516,8,0.5285852713178295,0.003875968992248062,1.0,1.8918423464711274,0.6483009708737864,0.2519453793240186
prefill,math,9,13,4,16,domain_oracle,516,8,0.5162306201550387,0.0562015503875969,2.0,3.8742374472078835,0.0,1.0
prefill,math,9,13,4,16,previous_window,516,8,0.49127906976744184,0.02131782945736434,2.0,4.071005917159764,0.0018203883495145632,0.9972685464765179
prefill,math,9,13,4,16,static,516,8,0.36143410852713176,0.001937984496124031,2.0,5.533512064343164,0.0,1.0
prefill,math,9,13,4,16,transition,516,8,0.7233527131782945,0.0755813953488372,2.0,2.764902880107167,0.4945388349514563,0.36999824414349747
prefill,math,9,13,4,32,domain_oracle,516,8,0.7875484496124031,0.2248062015503876,4.0,5.079052599200246,0.0,1.0
prefill,math,9,13,4,32,previous_window,516,8,0.7843992248062015,0.25,4.0,5.099444101297097,0.0004854368932038835,0.9991179478558119
prefill,math,9,13,4,32,static,516,8,0.6698158914728682,0.08527131782945736,4.0,5.971790235081374,0.0,1.0
prefill,math,9,13,4,32,transition,516,8,0.9367732558139535,0.6298449612403101,4.0,4.269976726144298,0.32427184466019415,0.5298058172593532
prefill,math,9,14,5,8,domain_oracle,516,8,0.27858527131782945,0.0,1.0,3.5895652173913044,0.0,1.0
prefill,math,9,14,5,8,previous_window,516,8,0.2691375968992248,0.0,1.0,3.7155715571557155,0.0016990291262135922,0.997497303128371
prefill,math,9,14,5,8,static,516,8,0.1378391472868217,0.0,1.0,7.254833040421793,0.0,1.0
prefill,math,9,14,5,8,transition,516,8,0.5271317829457365,0.003875968992248062,1.0,1.8970588235294117,0.7155339805825243,0.2114315026936379
prefill,math,9,14,5,16,domain_oracle,516,8,0.4624515503875969,0.015503875968992248,2.0,4.324777370350969,0.0,1.0
prefill,math,9,14,5,16,previous_window,516,8,0.4430717054263566,0.009689922480620155,2.0,4.513942044833242,0.0018203883495145632,0.9972802415494201
prefill,math,9,14,5,16,static,516,8,0.28367248062015504,0.0,2.0,7.050384286934245,0.0,1.0
prefill,math,9,14,5,16,transition,516,8,0.7543604651162791,0.1744186046511628,2.0,2.651252408477842,0.5308252427184466,0.34399811834398913
prefill,math,9,14,5,32,domain_oracle,516,8,0.747577519379845,0.23837209302325582,4.0,5.350615683732988,0.0,1.0
prefill,math,9,14,5,32,previous_window,516,8,0.7374031007751938,0.19767441860465115,4.0,5.424441524310118,0.0006674757281553398,0.9988094613337333
prefill,math,9,14,5,32,static,516,8,0.6201550387596899,0.025193798449612403,4.0,6.45,0.0,1.0
prefill,math,9,14,5,32,transition,516,8,0.9556686046511628,0.7558139534883721,4.0,4.1855513307984795,0.32293689320388347,0.5315881143569883
prefill,math,9,15,6,8,domain_oracle,516,8,0.29021317829457366,0.0,1.0,3.4457429048414023,0.0,1.0
prefill,math,9,15,6,8,previous_window,516,8,0.25169573643410853,0.0,1.0,3.973051010587103,0.0024271844660194173,0.9965872315386879
prefill,math,9,15,6,8,static,516,8,0.19113372093023256,0.0,1.0,5.231939163498099,0.0,1.0
prefill,math,9,15,6,8,transition,516,8,0.47625968992248063,0.0,1.0,2.0996948118006102,0.5987864077669903,0.29605027119590077
prefill,math,9,15,6,16,domain_oracle,516,8,0.4750484496124031,0.023255813953488372,2.0,4.210096889342172,0.0,1.0
prefill,math,9,15,6,16,previous_window,516,8,0.42005813953488375,0.005813953488372093,2.0,4.7612456747404845,0.0024271844660194173,0.9966181650065146
prefill,math,9,15,6,16,static,516,8,0.34568798449612403,0.0,2.0,5.785564120532586,0.0,1.0
prefill,math,9,15,6,16,transition,516,8,0.6826550387596899,0.07945736434108527,2.0,2.9297374024130587,0.4678398058252427,0.39317980413529424
prefill,math,9,15,6,32,domain_oracle,516,8,0.7611434108527132,0.17248062015503876,4.0,5.255251432208785,0.0,1.0
prefill,math,9,15,6,32,previous_window,516,8,0.7054263565891473,0.09496124031007752,4.0,5.670329670329671,0.001092233009708738,0.9982014709993073
prefill,math,9,15,6,32,static,516,8,0.6111918604651163,0.011627906976744186,4.0,6.544589774078478,0.0,1.0
prefill,math,9,15,6,32,transition,516,8,0.9198158914728682,0.5542635658914729,4.0,4.34869633921517,0.2961165048543689,0.560397810562428
prefill,math,10,11,1,8,domain_oracle,516,8,0.3396317829457364,0.0,1.0,2.944365192582026,0.0,1.0
prefill,math,10,11,1,8,previous_window,516,8,0.34060077519379844,0.0,1.0,2.9359886201991463,0.000970873786407767,0.9983603020496225
prefill,math,10,11,1,8,static,516,8,0.2235949612403101,0.0,1.0,4.47237269772481,0.0,1.0
prefill,math,10,11,1,8,transition,516,8,0.6627906976744186,0.001937984496124031,1.0,1.5087719298245614,0.6529126213592233,0.2514581858271167
prefill,math,10,11,1,16,domain_oracle,516,8,0.5208333333333334,0.015503875968992248,2.0,3.84,0.0,1.0
prefill,math,10,11,1,16,previous_window,516,8,0.5094476744186046,0.013565891472868217,2.0,3.925820256776034,0.0014563106796116505,0.9976699029126215
prefill,math,10,11,1,16,static,516,8,0.3631298449612403,0.0,2.0,5.507671781187458,0.0,1.0
prefill,math,10,11,1,16,transition,516,8,0.8653100775193798,0.3798449612403101,2.0,2.3113101903695408,0.4809466019417476,0.3836757070502502
prefill,math,10,11,1,32,domain_oracle,516,8,0.7781007751937985,0.1996124031007752,4.0,5.140722291407223,0.0,1.0
prefill,math,10,11,1,32,previous_window,516,8,0.7587209302325582,0.18992248062015504,4.0,5.272030651340996,0.000970873786407767,0.998356907953229
prefill,math,10,11,1,32,static,516,8,0.6913759689922481,0.1434108527131783,4.0,5.785564120532586,0.0,1.0
prefill,math,10,11,1,32,transition,516,8,0.9815891472868217,0.8817829457364341,4.0,4.07502467917078,0.34654126213592235,0.5104596049963577
prefill,math,10,12,2,8,domain_oracle,516,8,0.3495639534883721,0.0,1.0,2.860706860706861,0.0,1.0
prefill,math,10,12,2,8,previous_window,516,8,0.32873062015503873,0.0,1.0,3.0420044215180546,0.0014563106796116505,0.9977326664705306
prefill,math,10,12,2,8,static,516,8,0.1875,0.0,1.0,5.333333333333333,0.0,1.0
prefill,math,10,12,2,8,transition,516,8,0.5881782945736435,0.0,1.0,1.700164744645799,0.641747572815534,0.25463231482648824
prefill,math,10,12,2,16,domain_oracle,516,8,0.5205910852713178,0.031007751937984496,2.0,3.8417868776174964,0.0,1.0
prefill,math,10,12,2,16,previous_window,516,8,0.49127906976744184,0.01744186046511628,2.0,4.071005917159764,0.0018203883495145632,0.9972685464765179
prefill,math,10,12,2,16,static,516,8,0.32921511627906974,0.0,2.0,6.075055187637969,0.0,1.0
prefill,math,10,12,2,16,transition,516,8,0.8234011627906976,0.22286821705426357,2.0,2.4289496910856134,0.5206310679611651,0.3481276329060264
prefill,math,10,12,2,32,domain_oracle,516,8,0.7744670542635659,0.17054263565891473,4.0,5.1648420394119485,0.0,1.0
prefill,math,10,12,2,32,previous_window,516,8,0.7458817829457365,0.12015503875968993,4.0,5.362780123416694,0.0007888349514563106,0.9986175357049144
prefill,math,10,12,2,32,static,516,8,0.6589147286821705,0.14922480620155038,4.0,6.070588235294117,0.0,1.0
prefill,math,10,12,2,32,transition,516,8,0.9648740310077519,0.7965116279069767,4.0,4.145618880241025,0.3496359223300971,0.5070311815280455
prefill,math,10,13,3,8,domain_oracle,516,8,0.32049418604651164,0.0,1.0,3.120181405895692,0.0,1.0
prefill,math,10,13,3,8,previous_window,516,8,0.30523255813953487,0.0,1.0,3.276190476190476,0.001941747572815534,0.9972148671177797
prefill,math,10,13,3,8,static,516,8,0.19525193798449614,0.0,1.0,5.121588089330025,0.0,1.0
prefill,math,10,13,3,8,transition,516,8,0.5804263565891473,0.0,1.0,1.7228714524207012,0.6980582524271844,0.22228045956201217
prefill,math,10,13,3,16,domain_oracle,516,8,0.5162306201550387,0.0562015503875969,2.0,3.8742374472078835,0.0,1.0
prefill,math,10,13,3,16,previous_window,516,8,0.49127906976744184,0.02131782945736434,2.0,4.071005917159764,0.0018203883495145632,0.9972685464765179
prefill,math,10,13,3,16,static,516,8,0.36143410852713176,0.001937984496124031,2.0,5.533512064343164,0.0,1.0
prefill,math,10,13,3,16,transition,516,8,0.7684108527131783,0.09496124031007752,2.0,2.6027742749054226,0.5172330097087379,0.3518028943194132
prefill,math,10,13,3,32,domain_oracle,516,8,0.7875484496124031,0.2248062015503876,4.0,5.079052599200246,0.0,1.0
prefill,math,10,13,3,32,previous_window,516,8,0.7843992248062015,0.25,4.0,5.099444101297097,0.0004854368932038835,0.9991179478558119
prefill,math,10,13,3,32,static,516,8,0.6698158914728682,0.08527131782945736,4.0,5.971790235081374,0.0,1.0
prefill,math,10,13,3,32,transition,516,8,0.9457364341085271,0.6724806201550387,4.0,4.229508196721311,0.33737864077669905,0.5167413805864359
prefill,math,10,14,4,8,domain_oracle,516,8,0.27858527131782945,0.0,1.0,3.5895652173913044,0.0,1.0
prefill,math,10,14,4,8,previous_window,516,8,0.2691375968992248,0.0,1.0,3.7155715571557155,0.0016990291262135922,0.997497303128371
prefill,math,10,14,4,8,static,516,8,0.1378391472868217,0.0,1.0,7.254833040421793,0.0,1.0
prefill,math,10,14,4,8,transition,516,8,0.5690406976744186,0.003875968992248062,1.0,1.7573435504469987,0.7529126213592233,0.18430768799700809
prefill,math,10,14,4,16,domain_oracle,516,8,0.4624515503875969,0.015503875968992248,2.0,4.324777370350969,0.0,1.0
prefill,math,10,14,4,16,previous_window,516,8,0.4430717054263566,0.009689922480620155,2.0,4.513942044833242,0.0018203883495145632,0.9972802415494201
prefill,math,10,14,4,16,static,516,8,0.28367248062015504,0.0,2.0,7.050384286934245,0.0,1.0
prefill,math,10,14,4,16,transition,516,8,0.7737403100775194,0.1375968992248062,2.0,2.584846587351284,0.5589805825242719,0.3203756457291753
prefill,math,10,14,4,32,domain_oracle,516,8,0.747577519379845,0.23837209302325582,4.0,5.350615683732988,0.0,1.0
prefill,math,10,14,4,32,previous_window,516,8,0.7374031007751938,0.19767441860465115,4.0,5.424441524310118,0.0006674757281553398,0.9988094613337333
prefill,math,10,14,4,32,static,516,8,0.6201550387596899,0.025193798449612403,4.0,6.45,0.0,1.0
prefill,math,10,14,4,32,transition,516,8,0.9590600775193798,0.7616279069767442,4.0,4.170750189441779,0.33992718446601944,0.5150426866248942
prefill,math,10,15,5,8,domain_oracle,516,8,0.29021317829457366,0.0,1.0,3.4457429048414023,0.0,1.0
prefill,math,10,15,5,8,previous_window,516,8,0.25169573643410853,0.0,1.0,3.973051010587103,0.0024271844660194173,0.9965872315386879
prefill,math,10,15,5,8,static,516,8,0.19113372093023256,0.0,1.0,5.231939163498099,0.0,1.0
prefill,math,10,15,5,8,transition,516,8,0.5198643410852714,0.0,1.0,1.923578751164958,0.6298543689320388,0.2679065917900857
prefill,math,10,15,5,16,domain_oracle,516,8,0.4750484496124031,0.023255813953488372,2.0,4.210096889342172,0.0,1.0
prefill,math,10,15,5,16,previous_window,516,8,0.42005813953488375,0.005813953488372093,2.0,4.7612456747404845,0.0024271844660194173,0.9966181650065146
prefill,math,10,15,5,16,static,516,8,0.34568798449612403,0.0,2.0,5.785564120532586,0.0,1.0
prefill,math,10,15,5,16,transition,516,8,0.7175387596899225,0.10271317829457365,2.0,2.787305874409183,0.4929611650485437,0.37694240155835496
prefill,math,10,15,5,32,domain_oracle,516,8,0.7611434108527132,0.17248062015503876,4.0,5.255251432208785,0.0,1.0
prefill,math,10,15,5,32,previous_window,516,8,0.7054263565891473,0.09496124031007752,4.0,5.670329670329671,0.001092233009708738,0.9982014709993073
prefill,math,10,15,5,32,static,516,8,0.6111918604651163,0.011627906976744186,4.0,6.544589774078478,0.0,1.0
prefill,math,10,15,5,32,transition,516,8,0.9324127906976745,0.6317829457364341,4.0,4.289945440374123,0.32160194174757284,0.5319630592974968
prefill,math,11,12,1,8,domain_oracle,516,8,0.3495639534883721,0.0,1.0,2.860706860706861,0.0,1.0
prefill,math,11,12,1,8,previous_window,516,8,0.32873062015503873,0.0,1.0,3.0420044215180546,0.0014563106796116505,0.9977326664705306
prefill,math,11,12,1,8,static,516,8,0.1875,0.0,1.0,5.333333333333333,0.0,1.0
prefill,math,11,12,1,8,transition,516,8,0.6242732558139535,0.003875968992248062,1.0,1.6018626309662398,0.624757281553398,0.2696637989841862
prefill,math,11,12,1,16,domain_oracle,516,8,0.5205910852713178,0.031007751937984496,2.0,3.8417868776174964,0.0,1.0
prefill,math,11,12,1,16,previous_window,516,8,0.49127906976744184,0.01744186046511628,2.0,4.071005917159764,0.0018203883495145632,0.9972685464765179
prefill,math,11,12,1,16,static,516,8,0.32921511627906974,0.0,2.0,6.075055187637969,0.0,1.0
prefill,math,11,12,1,16,transition,516,8,0.8602228682170543,0.32751937984496127,2.0,2.324978879188961,0.5052184466019417,0.3595574465140486
prefill,math,11,12,1,32,domain_oracle,516,8,0.7744670542635659,0.17054263565891473,4.0,5.1648420394119485,0.0,1.0
prefill,math,11,12,1,32,previous_window,516,8,0.7458817829457365,0.12015503875968993,4.0,5.362780123416694,0.0007888349514563106,0.9986175357049144
prefill,math,11,12,1,32,static,516,8,0.6589147286821705,0.14922480620155038,4.0,6.070588235294117,0.0,1.0
prefill,math,11,12,1,32,transition,516,8,0.9643895348837209,0.7868217054263565,4.0,4.147701582516955,0.3105582524271845,0.5437797849981928
prefill,math,11,13,2,8,domain_oracle,516,8,0.32049418604651164,0.0,1.0,3.120181405895692,0.0,1.0
prefill,math,11,13,2,8,previous_window,516,8,0.30523255813953487,0.0,1.0,3.276190476190476,0.001941747572815534,0.9972148671177797
prefill,math,11,13,2,8,static,516,8,0.19525193798449614,0.0,1.0,5.121588089330025,0.0,1.0
prefill,math,11,13,2,8,transition,516,8,0.6293604651162791,0.001937984496124031,1.0,1.5889145496535797,0.6570388349514563,0.24748395078492041
prefill,math,11,13,2,16,domain_oracle,516,8,0.5162306201550387,0.0562015503875969,2.0,3.8742374472078835,0.0,1.0
prefill,math,11,13,2,16,previous_window,516,8,0.49127906976744184,0.02131782945736434,2.0,4.071005917159764,0.0018203883495145632,0.9972685464765179
prefill,math,11,13,2,16,static,516,8,0.36143410852713176,0.001937984496124031,2.0,5.533512064343164,0.0,1.0
prefill,math,11,13,2,16,transition,516,8,0.8187984496124031,0.22286821705426357,2.0,2.442603550295858,0.5054611650485437,0.35994871069131185
prefill,math,11,13,2,32,domain_oracle,516,8,0.7875484496124031,0.2248062015503876,4.0,5.079052599200246,0.0,1.0
prefill,math,11,13,2,32,previous_window,516,8,0.7843992248062015,0.25,4.0,5.099444101297097,0.0004854368932038835,0.9991179478558119
prefill,math,11,13,2,32,static,516,8,0.6698158914728682,0.08527131782945736,4.0,5.971790235081374,0.0,1.0
prefill,math,11,13,2,32,transition,516,8,0.9568798449612403,0.7306201550387597,4.0,4.180253164556962,0.3087378640776699,0.5469679887886816
prefill,math,11,14,3,8,domain_oracle,516,8,0.27858527131782945,0.0,1.0,3.5895652173913044,0.0,1.0
prefill,math,11,14,3,8,previous_window,516,8,0.2691375968992248,0.0,1.0,3.7155715571557155,0.0016990291262135922,0.997497303128371
prefill,math,11,14,3,8,static,516,8,0.1378391472868217,0.0,1.0,7.254833040421793,0.0,1.0
prefill,math,11,14,3,8,transition,516,8,0.6194282945736435,0.025193798449612403,1.0,1.6143918654673446,0.737378640776699,0.20104258201345526
prefill,math,11,14,3,16,domain_oracle,516,8,0.4624515503875969,0.015503875968992248,2.0,4.324777370350969,0.0,1.0
prefill,math,11,14,3,16,previous_window,516,8,0.4430717054263566,0.009689922480620155,2.0,4.513942044833242,0.0018203883495145632,0.9972802415494201
prefill,math,11,14,3,16,static,516,8,0.28367248062015504,0.0,2.0,7.050384286934245,0.0,1.0
prefill,math,11,14,3,16,transition,516,8,0.8137112403100775,0.24031007751937986,2.0,2.4578743673712413,0.5504854368932038,0.32622436989081394
prefill,math,11,14,3,32,domain_oracle,516,8,0.747577519379845,0.23837209302325582,4.0,5.350615683732988,0.0,1.0
prefill,math,11,14,3,32,previous_window,516,8,0.7374031007751938,0.19767441860465115,4.0,5.424441524310118,0.0006674757281553398,0.9988094613337333
prefill,math,11,14,3,32,static,516,8,0.6201550387596899,0.025193798449612403,4.0,6.45,0.0,1.0
prefill,math,11,14,3,32,transition,516,8,0.9617248062015504,0.7906976744186046,4.0,4.1591939546599495,0.3018203883495146,0.553147628821756
prefill,math,11,15,4,8,domain_oracle,516,8,0.29021317829457366,0.0,1.0,3.4457429048414023,0.0,1.0
prefill,math,11,15,4,8,previous_window,516,8,0.25169573643410853,0.0,1.0,3.973051010587103,0.0024271844660194173,0.9965872315386879
prefill,math,11,15,4,8,static,516,8,0.19113372093023256,0.0,1.0,5.231939163498099,0.0,1.0
prefill,math,11,15,4,8,transition,516,8,0.5402131782945736,0.0,1.0,1.8511210762331838,0.6063106796116505,0.292716086502493
prefill,math,11,15,4,16,domain_oracle,516,8,0.4750484496124031,0.023255813953488372,2.0,4.210096889342172,0.0,1.0
prefill,math,11,15,4,16,previous_window,516,8,0.42005813953488375,0.005813953488372093,2.0,4.7612456747404845,0.0024271844660194173,0.9966181650065146
prefill,math,11,15,4,16,static,516,8,0.34568798449612403,0.0,2.0,5.785564120532586,0.0,1.0
prefill,math,11,15,4,16,transition,516,8,0.7395833333333334,0.11046511627906977,2.0,2.704225352112676,0.4787621359223301,0.3845314424016511
prefill,math,11,15,4,32,domain_oracle,516,8,0.7611434108527132,0.17248062015503876,4.0,5.255251432208785,0.0,1.0
prefill,math,11,15,4,32,previous_window,516,8,0.7054263565891473,0.09496124031007752,4.0,5.670329670329671,0.001092233009708738,0.9982014709993073
prefill,math,11,15,4,32,static,516,8,0.6111918604651163,0.011627906976744186,4.0,6.544589774078478,0.0,1.0
prefill,math,11,15,4,32,transition,516,8,0.9348352713178295,0.6356589147286822,4.0,4.278828712101581,0.2829490291262136,0.5748317592385269
prefill,math,12,13,1,8,domain_oracle,516,8,0.32049418604651164,0.0,1.0,3.120181405895692,0.0,1.0
prefill,math,12,13,1,8,previous_window,516,8,0.30523255813953487,0.0,1.0,3.276190476190476,0.001941747572815534,0.9972148671177797
prefill,math,12,13,1,8,static,516,8,0.19525193798449614,0.0,1.0,5.121588089330025,0.0,1.0
prefill,math,12,13,1,8,transition,516,8,0.6560077519379846,0.013565891472868217,1.0,1.5243722304283605,0.6531553398058253,0.2556927430713827
prefill,math,12,13,1,16,domain_oracle,516,8,0.5162306201550387,0.0562015503875969,2.0,3.8742374472078835,0.0,1.0
prefill,math,12,13,1,16,previous_window,516,8,0.49127906976744184,0.02131782945736434,2.0,4.071005917159764,0.0018203883495145632,0.9972685464765179
prefill,math,12,13,1,16,static,516,8,0.36143410852713176,0.001937984496124031,2.0,5.533512064343164,0.0,1.0
prefill,math,12,13,1,16,transition,516,8,0.8338178294573644,0.25387596899224807,2.0,2.398605461940732,0.49963592233009707,0.36899413732220676
prefill,math,12,13,1,32,domain_oracle,516,8,0.7875484496124031,0.2248062015503876,4.0,5.079052599200246,0.0,1.0
prefill,math,12,13,1,32,previous_window,516,8,0.7843992248062015,0.25,4.0,5.099444101297097,0.0004854368932038835,0.9991179478558119
prefill,math,12,13,1,32,static,516,8,0.6698158914728682,0.08527131782945736,4.0,5.971790235081374,0.0,1.0
prefill,math,12,13,1,32,transition,516,8,0.9607558139534884,0.7325581395348837,4.0,4.16338880484115,0.2987864077669903,0.5597121050937527
prefill,math,12,14,2,8,domain_oracle,516,8,0.27858527131782945,0.0,1.0,3.5895652173913044,0.0,1.0
prefill,math,12,14,2,8,previous_window,516,8,0.2691375968992248,0.0,1.0,3.7155715571557155,0.0016990291262135922,0.997497303128371
prefill,math,12,14,2,8,static,516,8,0.1378391472868217,0.0,1.0,7.254833040421793,0.0,1.0
prefill,math,12,14,2,8,transition,516,8,0.6312984496124031,0.011627906976744186,1.0,1.5840368380660015,0.7126213592233009,0.21851744803201043
prefill,math,12,14,2,16,domain_oracle,516,8,0.4624515503875969,0.015503875968992248,2.0,4.324777370350969,0.0,1.0
prefill,math,12,14,2,16,previous_window,516,8,0.4430717054263566,0.009689922480620155,2.0,4.513942044833242,0.0018203883495145632,0.9972802415494201
prefill,math,12,14,2,16,static,516,8,0.28367248062015504,0.0,2.0,7.050384286934245,0.0,1.0
prefill,math,12,14,2,16,transition,516,8,0.8306686046511628,0.2441860465116279,2.0,2.4076990376202976,0.5461165048543689,0.33455959765582344
prefill,math,12,14,2,32,domain_oracle,516,8,0.747577519379845,0.23837209302325582,4.0,5.350615683732988,0.0,1.0
prefill,math,12,14,2,32,previous_window,516,8,0.7374031007751938,0.19767441860465115,4.0,5.424441524310118,0.0006674757281553398,0.9988094613337333
prefill,math,12,14,2,32,static,516,8,0.6201550387596899,0.025193798449612403,4.0,6.45,0.0,1.0
prefill,math,12,14,2,32,transition,516,8,0.9714147286821705,0.8294573643410853,4.0,4.117705735660848,0.2988470873786408,0.5585826826692992
prefill,math,12,15,3,8,domain_oracle,516,8,0.29021317829457366,0.0,1.0,3.4457429048414023,0.0,1.0
prefill,math,12,15,3,8,previous_window,516,8,0.25169573643410853,0.0,1.0,3.973051010587103,0.0024271844660194173,0.9965872315386879
prefill,math,12,15,3,8,static,516,8,0.19113372093023256,0.0,1.0,5.231939163498099,0.0,1.0
prefill,math,12,15,3,8,transition,516,8,0.5477228682170543,0.0,1.0,1.8257408226448475,0.5951456310679611,0.2997406045949722
prefill,math,12,15,3,16,domain_oracle,516,8,0.4750484496124031,0.023255813953488372,2.0,4.210096889342172,0.0,1.0
prefill,math,12,15,3,16,previous_window,516,8,0.42005813953488375,0.005813953488372093,2.0,4.7612456747404845,0.0024271844660194173,0.9966181650065146
prefill,math,12,15,3,16,static,516,8,0.34568798449612403,0.0,2.0,5.785564120532586,0.0,1.0
prefill,math,12,15,3,16,transition,516,8,0.7776162790697675,0.18604651162790697,2.0,2.57196261682243,0.4855582524271845,0.38500025746906325
prefill,math,12,15,3,32,domain_oracle,516,8,0.7611434108527132,0.17248062015503876,4.0,5.255251432208785,0.0,1.0
prefill,math,12,15,3,32,previous_window,516,8,0.7054263565891473,0.09496124031007752,4.0,5.670329670329671,0.001092233009708738,0.9982014709993073
prefill,math,12,15,3,32,static,516,8,0.6111918604651163,0.011627906976744186,4.0,6.544589774078478,0.0,1.0
prefill,math,12,15,3,32,transition,516,8,0.9493701550387597,0.7112403100775194,4.0,4.213319724419494,0.28774271844660193,0.5722655083664401
prefill,math,13,14,1,8,domain_oracle,516,8,0.27858527131782945,0.0,1.0,3.5895652173913044,0.0,1.0
prefill,math,13,14,1,8,previous_window,516,8,0.2691375968992248,0.0,1.0,3.7155715571557155,0.0016990291262135922,0.997497303128371
prefill,math,13,14,1,8,static,516,8,0.1378391472868217,0.0,1.0,7.254833040421793,0.0,1.0
prefill,math,13,14,1,8,transition,516,8,0.6400193798449613,0.003875968992248062,1.0,1.562452687358062,0.708252427184466,0.22447916700343806
prefill,math,13,14,1,16,domain_oracle,516,8,0.4624515503875969,0.015503875968992248,2.0,4.324777370350969,0.0,1.0
prefill,math,13,14,1,16,previous_window,516,8,0.4430717054263566,0.009689922480620155,2.0,4.513942044833242,0.0018203883495145632,0.9972802415494201
prefill,math,13,14,1,16,static,516,8,0.28367248062015504,0.0,2.0,7.050384286934245,0.0,1.0
prefill,math,13,14,1,16,transition,516,8,0.844234496124031,0.29844961240310075,2.0,2.369010043041607,0.5536407766990291,0.3267329668710697
prefill,math,13,14,1,32,domain_oracle,516,8,0.747577519379845,0.23837209302325582,4.0,5.350615683732988,0.0,1.0
prefill,math,13,14,1,32,previous_window,516,8,0.7374031007751938,0.19767441860465115,4.0,5.424441524310118,0.0006674757281553398,0.9988094613337333
prefill,math,13,14,1,32,static,516,8,0.6201550387596899,0.025193798449612403,4.0,6.45,0.0,1.0
prefill,math,13,14,1,32,transition,516,8,0.971172480620155,0.813953488372093,4.0,4.118732851085059,0.3079490291262136,0.5455811805480463
prefill,math,13,15,2,8,domain_oracle,516,8,0.29021317829457366,0.0,1.0,3.4457429048414023,0.0,1.0
prefill,math,13,15,2,8,previous_window,516,8,0.25169573643410853,0.0,1.0,3.973051010587103,0.0024271844660194173,0.9965872315386879
prefill,math,13,15,2,8,static,516,8,0.19113372093023256,0.0,1.0,5.231939163498099,0.0,1.0
prefill,math,13,15,2,8,transition,516,8,0.562984496124031,0.003875968992248062,1.0,1.7762478485370052,0.6094660194174757,0.2895878662868942
prefill,math,13,15,2,16,domain_oracle,516,8,0.4750484496124031,0.023255813953488372,2.0,4.210096889342172,0.0,1.0
prefill,math,13,15,2,16,previous_window,516,8,0.42005813953488375,0.005813953488372093,2.0,4.7612456747404845,0.0024271844660194173,0.9966181650065146
prefill,math,13,15,2,16,static,516,8,0.34568798449612403,0.0,2.0,5.785564120532586,0.0,1.0
prefill,math,13,15,2,16,transition,516,8,0.7824612403100775,0.16085271317829458,2.0,2.5560371517027862,0.49077669902912624,0.3781437316358062
prefill,math,13,15,2,32,domain_oracle,516,8,0.7611434108527132,0.17248062015503876,4.0,5.255251432208785,0.0,1.0
prefill,math,13,15,2,32,previous_window,516,8,0.7054263565891473,0.09496124031007752,4.0,5.670329670329671,0.001092233009708738,0.9982014709993073
prefill,math,13,15,2,32,static,516,8,0.6111918604651163,0.011627906976744186,4.0,6.544589774078478,0.0,1.0
prefill,math,13,15,2,32,transition,516,8,0.9484011627906976,0.7054263565891473,4.0,4.217624521072797,0.29350728155339806,0.5624261504439404
prefill,math,14,15,1,8,domain_oracle,516,8,0.29021317829457366,0.0,1.0,3.4457429048414023,0.0,1.0
prefill,math,14,15,1,8,previous_window,516,8,0.25169573643410853,0.0,1.0,3.973051010587103,0.0024271844660194173,0.9965872315386879
prefill,math,14,15,1,8,static,516,8,0.19113372093023256,0.0,1.0,5.231939163498099,0.0,1.0
prefill,math,14,15,1,8,transition,516,8,0.5818798449612403,0.001937984496124031,1.0,1.7185678601165695,0.6111650485436894,0.29096155193242446
prefill,math,14,15,1,16,domain_oracle,516,8,0.4750484496124031,0.023255813953488372,2.0,4.210096889342172,0.0,1.0
prefill,math,14,15,1,16,previous_window,516,8,0.42005813953488375,0.005813953488372093,2.0,4.7612456747404845,0.0024271844660194173,0.9966181650065146
prefill,math,14,15,1,16,static,516,8,0.34568798449612403,0.0,2.0,5.785564120532586,0.0,1.0
prefill,math,14,15,1,16,transition,516,8,0.8001453488372093,0.18410852713178294,2.0,2.499545867393279,0.483373786407767,0.3925076297579237
prefill,math,14,15,1,32,domain_oracle,516,8,0.7611434108527132,0.17248062015503876,4.0,5.255251432208785,0.0,1.0
prefill,math,14,15,1,32,previous_window,516,8,0.7054263565891473,0.09496124031007752,4.0,5.670329670329671,0.001092233009708738,0.9982014709993073
prefill,math,14,15,1,32,static,516,8,0.6111918604651163,0.011627906976744186,4.0,6.544589774078478,0.0,1.0
prefill,math,14,15,1,32,transition,516,8,0.9660852713178295,0.7732558139534884,4.0,4.140421263791374,0.2974514563106796,0.5630026940717795
