phase,domain,layer_id,rank,expert_id,selections,probability
decode,__all__,0,1,41,2724,0.04250405692173262
decode,__all__,0,2,6,2504,0.03907127699413307
decode,__all__,0,3,21,1866,0.02911621520409437
decode,__all__,0,4,58,1770,0.02761827487205093
decode,__all__,0,5,40,1428,0.022281862439146174
decode,__all__,0,6,23,1412,0.022032205717138934
decode,__all__,0,7,53,1336,0.020846336287604544
decode,__all__,0,8,8,1333,0.020799525652228187
decode,__all__,0,9,52,1272,0.019847709399575583
decode,__all__,0,10,18,1255,0.019582449132442892
decode,__all__,0,11,13,1225,0.019114342778679315
decode,__all__,0,12,20,1164,0.018162526526026714
decode,__all__,0,13,0,1137,0.017741230807639497
decode,__all__,0,14,60,1137,0.017741230807639497
decode,__all__,0,15,55,1109,0.017304331544126826
decode,__all__,0,16,22,1098,0.01713269254774685
decode,__all__,0,17,38,1090,0.01700786418674323
decode,__all__,0,18,61,1075,0.01677381100986144
decode,__all__,0,19,46,1065,0.016617775558606915
decode,__all__,0,20,25,1053,0.016430533017101484
decode,__all__,0,21,49,1049,0.016368118836599676
decode,__all__,0,22,24,1016,0.015853201847459742
decode,__all__,0,23,42,1007,0.01571276994133067
decode,__all__,0,24,5,1006,0.015697166396205216
decode,__all__,0,25,43,985,0.015369491948570716
decode,__all__,0,26,33,975,0.01521345649731619
decode,__all__,0,27,7,963,0.01502621395581076
decode,__all__,0,28,12,961,0.014995006865559855
decode,__all__,0,29,9,952,0.014854574959430782
decode,__all__,0,30,19,943,0.014714143053301711
decode,__all__,0,31,36,939,0.0146517288727999
decode,__all__,0,32,59,929,0.014495693421545375
decode,__all__,0,33,54,925,0.014433279241043566
decode,__all__,0,34,44,924,0.014417675695918113
decode,__all__,0,35,17,910,0.014199226064161777
decode,__all__,0,36,30,909,0.014183622519036324
decode,__all__,0,37,31,905,0.014121208338534514
decode,__all__,0,38,32,894,0.013949569342154538
decode,__all__,0,39,26,892,0.013918362251903632
decode,__all__,0,40,39,878,0.013699912620147298
decode,__all__,0,41,47,865,0.013497066533516415
decode,__all__,0,42,37,851,0.01327861690176008
decode,__all__,0,43,10,847,0.01321620272125827
decode,__all__,0,44,51,838,0.013075770815129197
decode,__all__,0,45,29,823,0.01284171763824741
decode,__all__,0,46,48,796,0.012420421919860192
decode,__all__,0,47,27,791,0.01234240419423293
decode,__all__,0,48,45,787,0.01227999001373112
decode,__all__,0,49,50,774,0.012077143927100237
decode,__all__,0,50,16,770,0.012014729746598427
decode,__all__,0,51,62,754,0.011765073024591188
decode,__all__,0,52,28,749,0.011687055298963925
decode,__all__,0,53,2,738,0.011515416302583946
decode,__all__,0,54,63,724,0.011296966670827613
decode,__all__,0,55,14,720,0.011234552490325803
decode,__all__,0,56,3,695,0.01084446386218949
decode,__all__,0,57,1,694,0.010828860317064037
decode,__all__,0,58,15,693,0.010813256771938584
decode,__all__,0,59,56,663,0.01034515041817501
decode,__all__,0,60,4,628,0.009799026338784171
decode,__all__,0,61,11,626,0.009767819248533267
decode,__all__,0,62,35,625,0.009752215703407814
decode,__all__,0,63,57,376,0.005866932967170141
decode,__all__,0,64,34,246,0.0038384721008613157
decode,__all__,1,1,47,2418,0.03772937211334415
decode,__all__,1,2,25,2335,0.036434277867931596
decode,__all__,1,3,18,1988,0.031019847709399577
decode,__all__,1,4,15,1958,0.030551741355636
decode,__all__,1,5,42,1431,0.02232867307452253
decode,__all__,1,6,37,1353,0.021111596554737235
decode,__all__,1,7,12,1276,0.019910123580077394
decode,__all__,1,8,21,1256,0.019598052677568343
decode,__all__,1,9,62,1252,0.019535638497066535
decode,__all__,1,10,11,1235,0.01927037822993384
decode,__all__,1,11,40,1228,0.019161153414055672
decode,__all__,1,12,53,1191,0.01858382224441393
decode,__all__,1,13,32,1181,0.018427786793159404
decode,__all__,1,14,5,1178,0.018380976157783047
decode,__all__,1,15,29,1151,0.01795968043939583
decode,__all__,1,16,20,1139,0.0177724378978904
decode,__all__,1,17,45,1131,0.01764760953688678
decode,__all__,1,18,9,1064,0.016602172013481464
decode,__all__,1,19,35,1056,0.016477343652477845
decode,__all__,1,20,31,1040,0.0162276869304706
decode,__all__,1,21,60,1033,0.016118462114592436
decode,__all__,1,22,14,1024,0.015978030208463362
decode,__all__,1,23,3,1007,0.01571276994133067
decode,__all__,1,24,52,1004,0.015665959305954314
decode,__all__,1,25,23,1001,0.015619148670577955
decode,__all__,1,26,16,983,0.01533828485831981
decode,__all__,1,27,27,983,0.01533828485831981
decode,__all__,1,28,36,974,0.015197852952190737
decode,__all__,1,29,39,971,0.01515104231681438
decode,__all__,1,30,17,964,0.015041817500936213
decode,__all__,1,31,59,961,0.014995006865559855
decode,__all__,1,32,49,955,0.01490138559480714
decode,__all__,1,33,48,952,0.014854574959430782
decode,__all__,1,34,24,942,0.014698539508176258
decode,__all__,1,35,19,904,0.014105604793409063
decode,__all__,1,36,30,903,0.01409000124828361
decode,__all__,1,37,7,901,0.014058794158032704
decode,__all__,1,38,55,895,0.01396517288727999
decode,__all__,1,39,44,890,0.013887155161652728
decode,__all__,1,40,57,885,0.013809137436025465
decode,__all__,1,41,34,875,0.01365310198477094
decode,__all__,1,42,6,860,0.013419048807889153
decode,__all__,1,43,63,860,0.013419048807889153
decode,__all__,1,44,51,852,0.013294220446885533
decode,__all__,1,45,1,831,0.01296654599925103
decode,__all__,1,46,13,827,0.01290413181874922
decode,__all__,1,47,0,815,0.012716889277243789
decode,__all__,1,48,58,810,0.012638871551616528
decode,__all__,1,49,2,790,0.012326800649107477
decode,__all__,1,50,54,766,0.011952315566096617
decode,__all__,1,51,61,758,0.011827487205092998
decode,__all__,1,52,41,756,0.011796280114842092
decode,__all__,1,53,8,725,0.011312570215953064
decode,__all__,1,54,22,713,0.011125327674447634
decode,__all__,1,55,50,708,0.011047309948820371
decode,__all__,1,56,33,707,0.01103170640369492
decode,__all__,1,57,4,671,0.01046997877917863
decode,__all__,1,58,26,644,0.010048683060791411
decode,__all__,1,59,46,639,0.00997066533516415
decode,__all__,1,60,28,602,0.009393334165522406
decode,__all__,1,61,56,576,0.008987641992260641
decode,__all__,1,62,38,546,0.008519535638497066
decode,__all__,1,63,43,439,0.006849956310073649
decode,__all__,1,64,10,325,0.005071152165772063
decode,__all__,2,1,40,2460,0.038384721008613155
decode,__all__,2,2,60,1945,0.030348895269005118
decode,__all__,2,3,5,1694,0.02643240544251654
decode,__all__,2,4,16,1435,0.022391087255024342
decode,__all__,2,5,45,1409,0.021985395081762577
decode,__all__,2,6,15,1395,0.02176694545000624
decode,__all__,2,7,34,1360,0.021220821370615404
decode,__all__,2,8,63,1350,0.021064785919360878
decode,__all__,2,9,14,1305,0.020362626388715516
decode,__all__,2,10,23,1270,0.01981650230932468
decode,__all__,2,11,26,1230,0.019192360504306578
decode,__all__,2,12,30,1222,0.019067532143302958
decode,__all__,2,13,35,1215,0.01895830732742479
decode,__all__,2,14,27,1214,0.018942703782299338
decode,__all__,2,15,41,1184,0.018474597428535765
decode,__all__,2,16,22,1165,0.018178130071152165
decode,__all__,2,17,58,1157,0.018053301710148545
decode,__all__,2,18,24,1148,0.017912869804019474
decode,__all__,2,19,19,1146,0.017881662713768568
decode,__all__,2,20,29,1132,0.017663213082012234
decode,__all__,2,21,8,1124,0.017538384721008615
decode,__all__,2,22,61,1110,0.017319935089252277
decode,__all__,2,23,46,1083,0.01689863937086506
decode,__all__,2,24,4,1079,0.01683622519036325
decode,__all__,2,25,1,1078,0.016820621645237798
decode,__all__,2,26,33,1054,0.01644613656222694
decode,__all__,2,27,39,1050,0.016383722381725127
decode,__all__,2,28,54,1017,0.015868805392585197
decode,__all__,2,29,13,1002,0.01563475221570341
decode,__all__,2,30,21,994,0.015509923854699788
decode,__all__,2,31,38,968,0.015104231681438023
decode,__all__,2,32,47,952,0.014854574959430782
decode,__all__,2,33,36,949,0.014807764324054425
decode,__all__,2,34,11,941,0.014682935963050805
decode,__all__,2,35,57,935,0.01458931469229809
decode,__all__,2,36,48,933,0.014558107602047185
decode,__all__,2,37,44,931,0.01452690051179628
decode,__all__,2,38,28,922,0.014386468605667207
decode,__all__,2,39,37,921,0.014370865060541756
decode,__all__,2,40,20,915,0.01427724378978904
decode,__all__,2,41,50,883,0.01377793034577456
decode,__all__,2,42,0,868,0.013543877168892772
decode,__all__,2,43,56,860,0.013419048807889153
decode,__all__,2,44,32,850,0.013263013356634627
decode,__all__,2,45,62,822,0.012826114093121958
decode,__all__,2,46,7,784,0.012233179378354763
decode,__all__,2,47,53,780,0.012170765197852953
decode,__all__,2,48,6,771,0.01203033329172388
decode,__all__,2,49,3,767,0.01196791911122207
decode,__all__,2,50,9,759,0.01184309075021845
decode,__all__,2,51,31,752,0.011733865934340282
decode,__all__,2,52,59,749,0.011687055298963925
decode,__all__,2,53,12,739,0.0115310198477094
decode,__all__,2,54,18,739,0.0115310198477094
decode,__all__,2,55,25,716,0.011172138309823993
decode,__all__,2,56,49,713,0.011125327674447634
decode,__all__,2,57,10,703,0.01096929222319311
decode,__all__,2,58,17,610,0.009518162526526026
decode,__all__,2,59,43,566,0.008831606541006117
decode,__all__,2,60,52,563,0.008784795905629758
decode,__all__,2,61,42,480,0.007489701660217202
decode,__all__,2,62,55,477,0.007442891024840844
decode,__all__,2,63,2,422,0.0065846960429409565
decode,__all__,2,64,51,321,0.0050087379852702535
decode,__all__,3,1,15,2338,0.03648108850330795
decode,__all__,3,2,31,2141,0.03340719011359381
decode,__all__,3,3,62,1980,0.030895019348395957
decode,__all__,3,4,61,1775,0.027696292597678192
decode,__all__,3,5,43,1764,0.027524653601298216
decode,__all__,3,6,9,1744,0.027212582698789164
decode,__all__,3,7,52,1738,0.02711896142803645
decode,__all__,3,8,56,1681,0.026229559355885657
decode,__all__,3,9,30,1585,0.024731619023842216
decode,__all__,3,10,45,1527,0.023826613406565972
decode,__all__,3,11,19,1473,0.022984021969791536
decode,__all__,3,12,59,1439,0.02245350143552615
decode,__all__,3,13,49,1433,0.022359880164773437
decode,__all__,3,14,38,1408,0.021969791536637123
decode,__all__,3,15,57,1372,0.021408063912120835
decode,__all__,3,16,20,1311,0.02045624765946823
decode,__all__,3,17,54,1283,0.020019348395955563
decode,__all__,3,18,18,1264,0.019722881038571963
decode,__all__,3,19,12,1238,0.019317188865310198
decode,__all__,3,20,40,1232,0.019223567594557484
decode,__all__,3,21,37,1170,0.018256147796779428
decode,__all__,3,22,28,1078,0.016820621645237798
decode,__all__,3,23,39,1075,0.01677381100986144
decode,__all__,3,24,58,1073,0.016742603919610535
decode,__all__,3,25,11,1048,0.01635251529147422
decode,__all__,3,26,42,1034,0.016134065659717887
decode,__all__,3,27,33,1015,0.01583759830233429
decode,__all__,3,28,63,952,0.014854574959430782
decode,__all__,3,29,46,940,0.014667332417925352
decode,__all__,3,30,47,927,0.01446448633129447
decode,__all__,3,31,4,883,0.01377793034577456
decode,__all__,3,32,51,863,0.01346585944326551
decode,__all__,3,33,35,857,0.013372238172512796
decode,__all__,3,34,48,846,0.013200599176132817
decode,__all__,3,35,22,825,0.012872924728498315
decode,__all__,3,36,7,811,0.012654475096741979
decode,__all__,3,37,25,811,0.012654475096741979
decode,__all__,3,38,8,810,0.012638871551616528
decode,__all__,3,39,29,792,0.012358007739358383
decode,__all__,3,40,0,789,0.012311197103982026
decode,__all__,3,41,27,787,0.01227999001373112
decode,__all__,3,42,36,755,0.011780676569716639
decode,__all__,3,43,34,753,0.011749469479465735
decode,__all__,3,44,32,740,0.011546623392834852
decode,__all__,3,45,10,738,0.011515416302583946
decode,__all__,3,46,2,738,0.011515416302583946
decode,__all__,3,47,6,712,0.011109724129322183
decode,__all__,3,48,50,666,0.010391961053551366
decode,__all__,3,49,55,660,0.010298339782798652
decode,__all__,3,50,41,645,0.010064286605916864
decode,__all__,3,51,24,634,0.009892647609536887
decode,__all__,3,52,1,627,0.009783422793658719
decode,__all__,3,53,21,612,0.009549369616776932
decode,__all__,3,54,44,590,0.009206091624016977
decode,__all__,3,55,5,589,0.009190488078891524
decode,__all__,3,56,3,587,0.00915928098864062
decode,__all__,3,57,13,567,0.008847210086131568
decode,__all__,3,58,53,431,0.006725127949070028
decode,__all__,3,59,60,427,0.006662713768568218
decode,__all__,3,60,26,374,0.005835725876919236
decode,__all__,3,61,16,350,0.005461240793908376
decode,__all__,3,62,14,318,0.004961927349893896
decode,__all__,3,63,17,256,0.0039945075521158405
decode,__all__,3,64,23,207,0.003229933840968668
decode,__all__,4,1,17,3547,0.05534577455998003
decode,__all__,4,2,21,2741,0.04276931718886531
decode,__all__,4,3,41,2015,0.03144114342778679
decode,__all__,4,4,62,1847,0.028819747846710774
decode,__all__,4,5,26,1739,0.0271345649731619
decode,__all__,4,6,25,1717,0.026791286980401948
decode,__all__,4,7,19,1707,0.026635251529147422
decode,__all__,4,8,55,1511,0.023576956684558732
decode,__all__,4,9,23,1458,0.02274996879290975
decode,__all__,4,10,56,1417,0.022110223442766197
decode,__all__,4,11,59,1342,0.02093995755835726
decode,__all__,4,12,6,1329,0.020737111471726376
decode,__all__,4,13,27,1291,0.020144176756959183
decode,__all__,4,14,35,1260,0.019660466858070155
decode,__all__,4,15,61,1246,0.019442017226313817
decode,__all__,4,16,49,1155,0.01802209461989764
decode,__all__,4,17,42,1152,0.017975283984521282
decode,__all__,4,18,34,1120,0.017475970540506803
decode,__all__,4,19,7,1110,0.017319935089252277
decode,__all__,4,20,45,1069,0.016680189739108727
decode,__all__,4,21,52,1067,0.01664898264885782
decode,__all__,4,22,14,1056,0.016477343652477845
decode,__all__,4,23,13,1051,0.01639932592685058
decode,__all__,4,24,44,1045,0.016305704656097864
decode,__all__,4,25,43,1012,0.015790787666957934
decode,__all__,4,26,10,1009,0.015743977031581577
decode,__all__,4,27,8,1006,0.015697166396205216
decode,__all__,4,28,36,933,0.014558107602047185
decode,__all__,4,29,11,916,0.014292847334914493
decode,__all__,4,30,58,916,0.014292847334914493
decode,__all__,4,31,60,905,0.014121208338534514
decode,__all__,4,32,57,890,0.013887155161652728
decode,__all__,4,33,38,888,0.013855948071401822
decode,__all__,4,34,2,886,0.013824740981150918
decode,__all__,4,35,48,825,0.012872924728498315
decode,__all__,4,36,24,819,0.0127793034577456
decode,__all__,4,37,53,811,0.012654475096741979
decode,__all__,4,38,5,810,0.012638871551616528
decode,__all__,4,39,1,787,0.01227999001373112
decode,__all__,4,40,39,786,0.012264386468605667
decode,__all__,4,41,50,782,0.012201972288103857
decode,__all__,4,42,37,765,0.011936712020971164
decode,__all__,4,43,20,702,0.010953688678067657
decode,__all__,4,44,9,699,0.0109068780426913
decode,__all__,4,45,40,697,0.010875670952440394
decode,__all__,4,46,12,659,0.0102827362376732
decode,__all__,4,47,63,649,0.010126700786418674
decode,__all__,4,48,28,648,0.010111097241293221
decode,__all__,4,49,0,640,0.009986268880289601
decode,__all__,4,50,51,639,0.00997066533516415
decode,__all__,4,51,18,638,0.009955061790038697
decode,__all__,4,52,29,609,0.009502558981400575
decode,__all__,4,53,46,607,0.009471351891149669
decode,__all__,4,54,16,592,0.009237298714267882
decode,__all__,4,55,33,589,0.009190488078891524
decode,__all__,4,56,3,578,0.009018849082511547
decode,__all__,4,57,22,548,0.008550742728747972
decode,__all__,4,58,47,488,0.0076145300212208215
decode,__all__,4,59,30,487,0.007598926476095369
decode,__all__,4,60,4,473,0.007380476844339034
decode,__all__,4,61,32,436,0.006803145674697291
decode,__all__,4,62,15,381,0.005944950692797404
decode,__all__,4,63,31,371,0.005788915241542879
decode,__all__,4,64,54,220,0.0034327799275995505
decode,__all__,5,1,0,3730,0.05820122331793783
decode,__all__,5,2,42,2741,0.04276931718886531
decode,__all__,5,3,2,2367,0.036933591311946075
decode,__all__,5,4,21,1854,0.02892897266258894
decode,__all__,5,5,8,1792,0.027961552864810887
decode,__all__,5,6,13,1723,0.026884908251154662
decode,__all__,5,7,10,1633,0.02548058918986394
decode,__all__,5,8,31,1532,0.023904631132193235
decode,__all__,5,9,52,1484,0.023155660966171516
decode,__all__,5,10,22,1327,0.02070590438147547
decode,__all__,5,11,17,1323,0.020643490200973662
decode,__all__,5,12,54,1303,0.02033141929846461
decode,__all__,5,13,30,1269,0.019800898764199226
decode,__all__,5,14,14,1202,0.018755461240793907
decode,__all__,5,15,58,1167,0.01820933716140307
decode,__all__,5,16,18,1124,0.017538384721008615
decode,__all__,5,17,39,1121,0.017491574085632254
decode,__all__,5,18,27,1119,0.01746036699538135
decode,__all__,5,19,57,1113,0.017366745724628634
decode,__all__,5,20,1,1084,0.016914242915990512
decode,__all__,5,21,19,1077,0.016805018100112347
decode,__all__,5,22,53,1063,0.01658656846835601
decode,__all__,5,23,11,1051,0.01639932592685058
decode,__all__,5,24,63,1047,0.01633691174634877
decode,__all__,5,25,41,1031,0.01608725502434153
decode,__all__,5,26,51,1010,0.015759580576707028
decode,__all__,5,27,6,992,0.015478716764448883
decode,__all__,5,28,44,978,0.015260267132692547
decode,__all__,5,29,40,957,0.014932592685058045
decode,__all__,5,30,32,921,0.014370865060541756
decode,__all__,5,31,23,891,0.01390275870677818
decode,__all__,5,32,45,879,0.013715516165272749
decode,__all__,5,33,55,865,0.013497066533516415
decode,__all__,5,34,37,864,0.013481462988390962
decode,__all__,5,35,60,858,0.013387841717638247
decode,__all__,5,36,35,832,0.012982149544376482
decode,__all__,5,37,20,800,0.012482836100362002
decode,__all__,5,38,61,789,0.012311197103982026
decode,__all__,5,39,48,731,0.01140619148670578
decode,__all__,5,40,9,708,0.011047309948820371
decode,__all__,5,41,28,705,0.011000499313444014
decode,__all__,5,42,4,693,0.010813256771938584
decode,__all__,5,43,36,692,0.010797653226813132
decode,__all__,5,44,34,682,0.010641617775558608
decode,__all__,5,45,3,669,0.010438771688927725
decode,__all__,5,46,49,665,0.010376357508425915
decode,__all__,5,47,47,631,0.009845836974160528
decode,__all__,5,48,33,620,0.009674197977780552
decode,__all__,5,49,16,613,0.009564973161902385
decode,__all__,5,50,50,612,0.009549369616776932
decode,__all__,5,51,26,601,0.009377730620396953
decode,__all__,5,52,43,600,0.009362127075271502
decode,__all__,5,53,62,583,0.00909686680813881
decode,__all__,5,54,38,555,0.008659967544626139
decode,__all__,5,55,7,543,0.008472725003120709
decode,__all__,5,56,24,542,0.008457121457995256
decode,__all__,5,57,15,529,0.008254275371364373
decode,__all__,5,58,12,516,0.00805142928473349
decode,__all__,5,59,29,501,0.007817376107851704
decode,__all__,5,60,59,462,0.007208837847959056
decode,__all__,5,61,56,453,0.007068405941829984
decode,__all__,5,62,46,441,0.006881163400324554
decode,__all__,5,63,25,426,0.006647110223442766
decode,__all__,5,64,5,402,0.006272625140431906
decode,__all__,6,1,52,3244,0.050617900386967916
decode,__all__,6,2,18,3236,0.0504930720259643
decode,__all__,6,3,5,2703,0.04217638247409811
decode,__all__,6,4,57,2325,0.03627824241667707
decode,__all__,6,5,42,2221,0.03465547372363001
decode,__all__,6,6,61,1954,0.030489327175134192
decode,__all__,6,7,62,1763,0.02750905005617276
decode,__all__,6,8,36,1709,0.02666645861939833
decode,__all__,6,9,55,1681,0.026229559355885657
decode,__all__,6,10,59,1494,0.023311696417426038
decode,__all__,6,11,2,1473,0.022984021969791536
decode,__all__,6,12,33,1418,0.022125826987891648
decode,__all__,6,13,48,1369,0.021361253276744475
decode,__all__,6,14,12,1310,0.02044064411434278
decode,__all__,6,15,24,1279,0.01995693421545375
decode,__all__,6,16,26,1200,0.018724254150543004
decode,__all__,6,17,16,1180,0.018412183248033953
decode,__all__,6,18,38,1137,0.017741230807639497
decode,__all__,6,19,3,1068,0.016664586193983272
decode,__all__,6,20,25,1038,0.0161964798402197
decode,__all__,6,21,49,1034,0.016134065659717887
decode,__all__,6,22,6,1019,0.0159000124828361
decode,__all__,6,23,1,1013,0.015806391212083385
decode,__all__,6,24,47,960,0.014979403320434403
decode,__all__,6,25,63,959,0.01496379977530895
decode,__all__,6,26,20,911,0.01421482960928723
decode,__all__,6,27,40,907,0.01415241542878542
decode,__all__,6,28,45,904,0.014105604793409063
decode,__all__,6,29,4,888,0.013855948071401822
decode,__all__,6,30,17,886,0.013824740981150918
decode,__all__,6,31,0,874,0.013637498439645488
decode,__all__,6,32,56,856,0.013356634627387343
decode,__all__,6,33,28,856,0.013356634627387343
decode,__all__,6,34,44,848,0.013231806266383723
decode,__all__,6,35,39,828,0.012919735363874672
decode,__all__,6,36,35,822,0.012826114093121958
decode,__all__,6,37,13,803,0.01252964673573836
decode,__all__,6,38,23,785,0.012248782923480214
decode,__all__,6,39,50,734,0.011453002122082136
decode,__all__,6,40,15,733,0.011437398576956685
decode,__all__,6,41,29,719,0.01121894894520035
decode,__all__,6,42,53,702,0.010953688678067657
decode,__all__,6,43,21,664,0.010360753963300462
decode,__all__,6,44,30,657,0.010251529147422294
decode,__all__,6,45,60,651,0.01015790787666958
decode,__all__,6,46,58,619,0.009658594432655099
decode,__all__,6,47,27,578,0.009018849082511547
decode,__all__,6,48,32,558,0.008706778180002497
decode,__all__,6,49,54,543,0.008472725003120709
decode,__all__,6,50,46,537,0.008379103732367993
decode,__all__,6,51,19,529,0.008254275371364373
decode,__all__,6,52,8,525,0.008191861190862564
decode,__all__,6,53,22,523,0.00816065410061166
decode,__all__,6,54,41,494,0.007708151291973536
decode,__all__,6,55,9,469,0.007318062663837224
decode,__all__,6,56,7,411,0.006413057046560979
decode,__all__,6,57,10,371,0.005788915241542879
decode,__all__,6,58,11,367,0.005726501061041068
decode,__all__,6,59,37,340,0.005305205342653851
decode,__all__,6,60,14,332,0.005180376981650231
decode,__all__,6,61,51,327,0.005102359256022968
decode,__all__,6,62,31,317,0.004946323804768444
decode,__all__,6,63,43,284,0.004431406815628511
decode,__all__,6,64,34,149,0.002324928223692423
decode,__all__,7,1,17,3824,0.05966795655973037
decode,__all__,7,2,4,2923,0.04560916240169766
decode,__all__,7,3,2,2021,0.03153476469853951
decode,__all__,7,4,46,1852,0.028897765572338033
decode,__all__,7,5,30,1816,0.028336037947821746
decode,__all__,7,6,35,1792,0.027961552864810887
decode,__all__,7,7,38,1706,0.02661964798402197
decode,__all__,7,8,36,1700,0.026526026713269254
decode,__all__,7,9,23,1605,0.025043689926351267
decode,__all__,7,10,48,1586,0.02474722256896767
decode,__all__,7,11,26,1522,0.02374859568093871
decode,__all__,7,12,45,1440,0.022469104980651605
decode,__all__,7,13,56,1418,0.022125826987891648
decode,__all__,7,14,39,1417,0.022110223442766197
decode,__all__,7,15,5,1414,0.02206341280738984
decode,__all__,7,16,15,1250,0.01950443140681563
decode,__all__,7,17,24,1176,0.018349769067532145
decode,__all__,7,18,41,1172,0.018287354887030333
decode,__all__,7,19,61,1167,0.01820933716140307
decode,__all__,7,20,58,1153,0.017990887529646737
decode,__all__,7,21,1,1112,0.017351142179503183
decode,__all__,7,22,32,1067,0.01664898264885782
decode,__all__,7,23,29,1033,0.016118462114592436
decode,__all__,7,24,44,1023,0.01596242666333791
decode,__all__,7,25,0,1011,0.01577518412183248
decode,__all__,7,26,60,993,0.015494320309574336
decode,__all__,7,27,19,987,0.01540069903882162
decode,__all__,7,28,43,961,0.014995006865559855
decode,__all__,7,29,21,934,0.014573711147172638
decode,__all__,7,30,37,907,0.01415241542878542
decode,__all__,7,31,57,861,0.013434652353014605
decode,__all__,7,32,13,848,0.013231806266383723
decode,__all__,7,33,11,837,0.013060167270003744
decode,__all__,7,34,59,810,0.012638871551616528
decode,__all__,7,35,63,797,0.012436025464985645
decode,__all__,7,36,52,787,0.01227999001373112
decode,__all__,7,37,20,780,0.012170765197852953
decode,__all__,7,38,18,768,0.011983522656347521
decode,__all__,7,39,14,765,0.011936712020971164
decode,__all__,7,40,31,713,0.011125327674447634
decode,__all__,7,41,9,696,0.010860067407314941
decode,__all__,7,42,55,695,0.01084446386218949
decode,__all__,7,43,16,689,0.010750842591436775
decode,__all__,7,44,53,677,0.010563600049931345
decode,__all__,7,45,62,676,0.010547996504805892
decode,__all__,7,46,54,674,0.010516789414554986
decode,__all__,7,47,25,673,0.010501185869429535
decode,__all__,7,48,10,659,0.0102827362376732
decode,__all__,7,49,22,658,0.010267132692547747
decode,__all__,7,50,47,648,0.010111097241293221
decode,__all__,7,51,40,637,0.009939458244913244
decode,__all__,7,52,34,581,0.009065659717887904
decode,__all__,7,53,3,553,0.008628760454375235
decode,__all__,7,54,12,514,0.008020222194482587
decode,__all__,7,55,51,425,0.0066315066783173135
decode,__all__,7,56,28,404,0.006303832230682811
decode,__all__,7,57,49,377,0.005882536512295594
decode,__all__,7,58,42,353,0.0055080514292847335
decode,__all__,7,59,27,318,0.004961927349893896
decode,__all__,7,60,6,315,0.004915116714517539
decode,__all__,7,61,33,248,0.0038696791911122207
decode,__all__,7,62,50,230,0.0035888153788540757
decode,__all__,7,63,7,222,0.0034639870178504555
decode,__all__,7,64,8,218,0.0034015728373486456
decode,__all__,8,1,54,3640,0.05679690425664711
decode,__all__,8,2,3,2445,0.03815066783173137
decode,__all__,8,3,27,2161,0.033719261016102856
decode,__all__,8,4,11,1873,0.02922544001997254
decode,__all__,8,5,18,1678,0.0261827487205093
decode,__all__,8,6,8,1603,0.02501248283610036
decode,__all__,8,7,16,1520,0.023717388590687803
decode,__all__,8,8,10,1517,0.023670577955311446
decode,__all__,8,9,35,1509,0.023545749594307826
decode,__all__,8,10,57,1509,0.023545749594307826
decode,__all__,8,11,25,1459,0.022765572338035202
decode,__all__,8,12,12,1379,0.021517288727999
decode,__all__,8,13,55,1364,0.021283235551117215
decode,__all__,8,14,1,1359,0.021205217825489953
decode,__all__,8,15,37,1352,0.021095993009611784
decode,__all__,8,16,63,1333,0.020799525652228187
decode,__all__,8,17,32,1321,0.020612283110722756
decode,__all__,8,18,17,1320,0.020596679565597305
decode,__all__,8,19,0,1244,0.019410810136062915
decode,__all__,8,20,30,1205,0.018802271876170267
decode,__all__,8,21,29,1193,0.018615029334664836
decode,__all__,8,22,28,1108,0.01728872799900137
decode,__all__,8,23,34,1077,0.016805018100112347
decode,__all__,8,24,45,1050,0.016383722381725127
decode,__all__,8,25,42,1029,0.016056047934090625
decode,__all__,8,26,6,1010,0.015759580576707028
decode,__all__,8,27,50,1010,0.015759580576707028
decode,__all__,8,28,51,983,0.01533828485831981
decode,__all__,8,29,53,974,0.015197852952190737
decode,__all__,8,30,14,941,0.014682935963050805
decode,__all__,8,31,15,935,0.01458931469229809
decode,__all__,8,32,36,927,0.01446448633129447
decode,__all__,8,33,21,905,0.014121208338534514
decode,__all__,8,34,56,859,0.0134034452627637
decode,__all__,8,35,52,817,0.012748096367494695
decode,__all__,8,36,23,808,0.012607664461365622
decode,__all__,8,37,60,783,0.01221757583322931
decode,__all__,8,38,2,766,0.011952315566096617
decode,__all__,8,39,24,739,0.0115310198477094
decode,__all__,8,40,38,703,0.01096929222319311
decode,__all__,8,41,20,703,0.01096929222319311
decode,__all__,8,42,31,687,0.010719635501185869
decode,__all__,8,43,58,683,0.010657221320684059
decode,__all__,8,44,40,669,0.010438771688927725
decode,__all__,8,45,62,641,0.010001872425415054
decode,__all__,8,46,47,634,0.009892647609536887
decode,__all__,8,47,13,620,0.009674197977780552
decode,__all__,8,48,49,618,0.009642990887529648
decode,__all__,8,49,26,599,0.00934652353014605
decode,__all__,8,50,5,590,0.009206091624016977
decode,__all__,8,51,44,590,0.009206091624016977
decode,__all__,8,52,41,577,0.009003245537386094
decode,__all__,8,53,9,576,0.008987641992260641
decode,__all__,8,54,61,549,0.008566346273873425
decode,__all__,8,55,19,522,0.008145050555486207
decode,__all__,8,56,46,510,0.007957808013980777
decode,__all__,8,57,4,467,0.007286855573586319
decode,__all__,8,58,22,447,0.006974784671077269
decode,__all__,8,59,43,406,0.006335039320933716
decode,__all__,8,60,39,390,0.006085382598926476
decode,__all__,8,61,48,352,0.005492447884159281
decode,__all__,8,62,7,295,0.004603045812008488
decode,__all__,8,63,33,281,0.004384596180252154
decode,__all__,8,64,59,274,0.004275371364373986
decode,__all__,9,1,5,3786,0.059075021844963174
decode,__all__,9,2,46,2717,0.04239483210585445
decode,__all__,9,3,51,2222,0.034671077268755464
decode,__all__,9,4,35,2076,0.0323929596804394
decode,__all__,9,5,4,1896,0.029584321557857944
decode,__all__,9,6,13,1491,0.02326488578204968
decode,__all__,9,7,58,1482,0.02312445387592061
decode,__all__,9,8,42,1435,0.022391087255024342
decode,__all__,9,9,37,1429,0.022297465984271625
decode,__all__,9,10,54,1375,0.021454874547497192
decode,__all__,9,11,21,1279,0.01995693421545375
decode,__all__,9,12,55,1226,0.01912994632380477
decode,__all__,9,13,28,1211,0.01889589314692298
decode,__all__,9,14,53,1199,0.01870865060541755
decode,__all__,9,15,12,1183,0.01845899388341031
decode,__all__,9,16,48,1171,0.018271751341904882
decode,__all__,9,17,16,1142,0.017819248533266756
decode,__all__,9,18,8,1130,0.01763200599176133
decode,__all__,9,19,38,1110,0.017319935089252277
decode,__all__,9,20,39,1071,0.01671139682935963
decode,__all__,9,21,50,1070,0.01669579328423418
decode,__all__,9,22,0,1055,0.01646174010735239
decode,__all__,9,23,43,1017,0.015868805392585197
decode,__all__,9,24,27,1014,0.015821994757208836
decode,__all__,9,25,32,1006,0.015697166396205216
decode,__all__,9,26,59,993,0.015494320309574336
decode,__all__,9,27,29,981,0.015307077768068906
decode,__all__,9,28,7,971,0.01515104231681438
decode,__all__,9,29,30,969,0.015119835226563474
decode,__all__,9,30,52,933,0.014558107602047185
decode,__all__,9,31,26,929,0.014495693421545375
decode,__all__,9,32,41,914,0.014261640244663587
decode,__all__,9,33,47,905,0.014121208338534514
decode,__all__,9,34,18,897,0.013996379977530895
decode,__all__,9,35,2,876,0.013668705529896392
decode,__all__,9,36,34,865,0.013497066533516415
decode,__all__,9,37,44,862,0.013450255898140057
decode,__all__,9,38,1,860,0.013419048807889153
decode,__all__,9,39,6,848,0.013231806266383723
decode,__all__,9,40,33,829,0.012935338909000125
decode,__all__,9,41,14,803,0.01252964673573836
decode,__all__,9,42,23,803,0.01252964673573836
decode,__all__,9,43,63,802,0.012514043190612906
decode,__all__,9,44,36,770,0.012014729746598427
decode,__all__,9,45,61,749,0.011687055298963925
decode,__all__,9,46,49,749,0.011687055298963925
decode,__all__,9,47,20,748,0.011671451753838472
decode,__all__,9,48,17,713,0.011125327674447634
decode,__all__,9,49,10,695,0.01084446386218949
decode,__all__,9,50,56,686,0.010704031956060418
decode,__all__,9,51,45,596,0.009299712894769692
decode,__all__,9,52,62,594,0.009268505804518786
decode,__all__,9,53,22,585,0.009128073898389714
decode,__all__,9,54,31,498,0.007770565472475346
decode,__all__,9,55,15,485,0.007567719385844464
decode,__all__,9,56,9,468,0.007302459118711771
decode,__all__,9,57,60,444,0.006927974035700911
decode,__all__,9,58,24,439,0.006849956310073649
decode,__all__,9,59,40,434,0.006771938584446386
decode,__all__,9,60,11,429,0.006693920858819123
decode,__all__,9,61,19,419,0.006537885407564599
decode,__all__,9,62,3,331,0.005164773436524778
decode,__all__,9,63,25,266,0.004150543003370366
decode,__all__,9,64,57,157,0.002449756584696043
decode,__all__,10,1,56,3070,0.04790288353513918
decode,__all__,10,2,16,1895,0.029568718012732493
decode,__all__,10,3,43,1786,0.02786793159405817
decode,__all__,10,4,2,1723,0.026884908251154662
decode,__all__,10,5,62,1691,0.026385594807140183
decode,__all__,10,6,17,1589,0.024794033204344028
decode,__all__,10,7,30,1506,0.02349893895893147
decode,__all__,10,8,37,1493,0.023296092872300587
decode,__all__,10,9,6,1387,0.02164211708900262
decode,__all__,10,10,1,1336,0.020846336287604544
decode,__all__,10,11,38,1332,0.020783922107102733
decode,__all__,10,12,47,1291,0.020144176756959183
decode,__all__,10,13,32,1258,0.01962925976781925
decode,__all__,10,14,52,1226,0.01912994632380477
decode,__all__,10,15,35,1216,0.018973910872550244
decode,__all__,10,16,36,1194,0.018630632879790287
decode,__all__,10,17,11,1193,0.018615029334664836
decode,__all__,10,18,44,1186,0.018505804518786667
decode,__all__,10,19,53,1183,0.01845899388341031
decode,__all__,10,20,59,1180,0.018412183248033953
decode,__all__,10,21,0,1165,0.018178130071152165
decode,__all__,10,22,14,1090,0.01700786418674323
decode,__all__,10,23,13,1083,0.01689863937086506
decode,__all__,10,24,40,1050,0.016383722381725127
decode,__all__,10,25,23,1026,0.016009237298714268
decode,__all__,10,26,3,1016,0.015853201847459742
decode,__all__,10,27,10,1010,0.015759580576707028
decode,__all__,10,28,39,1005,0.015681562851079765
decode,__all__,10,29,31,996,0.015541130944950693
decode,__all__,10,30,12,986,0.015385095493696167
decode,__all__,10,31,54,971,0.01515104231681438
decode,__all__,10,32,24,942,0.014698539508176258
decode,__all__,10,33,28,931,0.01452690051179628
decode,__all__,10,34,9,905,0.014121208338534514
decode,__all__,10,35,22,890,0.013887155161652728
decode,__all__,10,36,42,848,0.013231806266383723
decode,__all__,10,37,19,828,0.012919735363874672
decode,__all__,10,38,41,808,0.012607664461365622
decode,__all__,10,39,29,802,0.012514043190612906
decode,__all__,10,40,5,785,0.012248782923480214
decode,__all__,10,41,7,782,0.012201972288103857
decode,__all__,10,42,48,780,0.012170765197852953
decode,__all__,10,43,33,775,0.01209274747222569
decode,__all__,10,44,60,759,0.01184309075021845
decode,__all__,10,45,63,755,0.011780676569716639
decode,__all__,10,46,61,747,0.011655848208713019
decode,__all__,10,47,27,742,0.011577830483085758
decode,__all__,10,48,51,740,0.011546623392834852
decode,__all__,10,49,15,739,0.0115310198477094
decode,__all__,10,50,45,713,0.011125327674447634
decode,__all__,10,51,50,711,0.01109412058419673
decode,__all__,10,52,34,678,0.010579203595056796
decode,__all__,10,53,46,673,0.010501185869429535
decode,__all__,10,54,58,655,0.01022032205717139
decode,__all__,10,55,49,631,0.009845836974160528
decode,__all__,10,56,8,618,0.009642990887529648
decode,__all__,10,57,18,605,0.009440144800898765
decode,__all__,10,58,21,591,0.00922169516914243
decode,__all__,10,59,26,550,0.008581949818998876
decode,__all__,10,60,55,504,0.007864186743228061
decode,__all__,10,61,20,469,0.007318062663837224
decode,__all__,10,62,25,468,0.007302459118711771
decode,__all__,10,63,4,363,0.005664086880539258
decode,__all__,10,64,57,168,0.0026213955810760205
decode,__all__,11,1,47,3472,0.05417550867557109
decode,__all__,11,2,27,2961,0.04620209711646486
decode,__all__,11,3,13,2327,0.03630944950692797
decode,__all__,11,4,57,2022,0.03155036824366496
decode,__all__,11,5,58,1527,0.023826613406565972
decode,__all__,11,6,44,1385,0.021610909998751718
decode,__all__,11,7,54,1360,0.021220821370615404
decode,__all__,11,8,33,1349,0.021049182374235427
decode,__all__,11,9,15,1343,0.020955561103482713
decode,__all__,11,10,61,1317,0.020549868930220948
decode,__all__,11,11,56,1296,0.020222194482586442
decode,__all__,11,12,20,1268,0.019785295219073774
decode,__all__,11,13,22,1261,0.019676070403195606
decode,__all__,11,14,34,1259,0.0196448633129447
decode,__all__,11,15,63,1244,0.019410810136062915
decode,__all__,11,16,8,1191,0.01858382224441393
decode,__all__,11,17,0,1190,0.01856821869928848
decode,__all__,11,18,18,1184,0.018474597428535765
decode,__all__,11,19,31,1180,0.018412183248033953
decode,__all__,11,20,11,1170,0.018256147796779428
decode,__all__,11,21,46,1149,0.017928473349144925
decode,__all__,11,22,7,1130,0.01763200599176133
decode,__all__,11,23,45,1098,0.01713269254774685
decode,__all__,11,24,24,1030,0.01607165147921608
decode,__all__,11,25,52,1019,0.0159000124828361
decode,__all__,11,26,6,1018,0.015884408937710648
decode,__all__,11,27,43,1009,0.015743977031581577
decode,__all__,11,28,51,997,0.015556734490076145
decode,__all__,11,29,16,955,0.01490138559480714
decode,__all__,11,30,17,946,0.014760953688678068
decode,__all__,11,31,3,940,0.014667332417925352
decode,__all__,11,32,1,916,0.014292847334914493
decode,__all__,11,33,37,901,0.014058794158032704
decode,__all__,11,34,30,897,0.013996379977530895
decode,__all__,11,35,32,895,0.01396517288727999
decode,__all__,11,36,21,876,0.013668705529896392
decode,__all__,11,37,26,866,0.013512670078641868
decode,__all__,11,38,42,829,0.012935338909000125
decode,__all__,11,39,19,827,0.01290413181874922
decode,__all__,11,40,49,817,0.012748096367494695
decode,__all__,11,41,55,803,0.01252964673573836
decode,__all__,11,42,36,798,0.012451629010111097
decode,__all__,11,43,35,796,0.012420421919860192
decode,__all__,11,44,60,761,0.011874297840469355
decode,__all__,11,45,4,714,0.011140931219573087
decode,__all__,11,46,5,683,0.010657221320684059
decode,__all__,11,47,12,658,0.010267132692547747
decode,__all__,11,48,62,639,0.00997066533516415
decode,__all__,11,49,40,627,0.009783422793658719
decode,__all__,11,50,59,620,0.009674197977780552
decode,__all__,11,51,23,593,0.009252902259393334
decode,__all__,11,52,50,583,0.00909686680813881
decode,__all__,11,53,25,582,0.009081263263013357
decode,__all__,11,54,39,580,0.009050056172762451
decode,__all__,11,55,2,536,0.008363500187242542
decode,__all__,11,56,38,532,0.008301086006740732
decode,__all__,11,57,53,503,0.007848583198102608
decode,__all__,11,58,41,479,0.007474098115091749
decode,__all__,11,59,29,453,0.007068405941829984
decode,__all__,11,60,9,408,0.006366246411184621
decode,__all__,11,61,10,406,0.006335039320933716
decode,__all__,11,62,14,312,0.004868306079141181
decode,__all__,11,63,48,312,0.004868306079141181
decode,__all__,11,64,28,289,0.004509424541255773
decode,__all__,12,1,43,3130,0.04883909624266634
decode,__all__,12,2,2,2364,0.03688678067656972
decode,__all__,12,3,38,2283,0.035622893521408065
decode,__all__,12,4,45,1809,0.028226813131943577
decode,__all__,12,5,50,1523,0.02376419922606416
decode,__all__,12,6,52,1425,0.022235051803769817
decode,__all__,12,7,48,1419,0.022141430533017103
decode,__all__,12,8,51,1414,0.02206341280738984
decode,__all__,12,9,6,1408,0.021969791536637123
decode,__all__,12,10,8,1343,0.020955561103482713
decode,__all__,12,11,46,1310,0.02044064411434278
decode,__all__,12,12,14,1287,0.02008176257645737
decode,__all__,12,13,54,1274,0.01987891648982649
decode,__all__,12,14,31,1237,0.019301585320184746
decode,__all__,12,15,22,1236,0.019285981775059295
decode,__all__,12,16,19,1235,0.01927037822993384
decode,__all__,12,17,0,1230,0.019192360504306578
decode,__all__,12,18,21,1208,0.018849082511546624
decode,__all__,12,19,59,1202,0.018755461240793907
decode,__all__,12,20,62,1199,0.01870865060541755
decode,__all__,12,21,9,1188,0.018537011609037573
decode,__all__,12,22,15,1140,0.017788041443015854
decode,__all__,12,23,7,1123,0.01752278117588316
decode,__all__,12,24,30,1107,0.01727312445387592
decode,__all__,12,25,63,1076,0.016789414554986892
decode,__all__,12,26,34,1037,0.016180876295094244
decode,__all__,12,27,55,1036,0.016165272749968793
decode,__all__,12,28,58,1026,0.016009237298714268
decode,__all__,12,29,40,1017,0.015868805392585197
decode,__all__,12,30,16,979,0.015275870677818
decode,__all__,12,31,53,963,0.01502621395581076
decode,__all__,12,32,5,924,0.014417675695918113
decode,__all__,12,33,25,895,0.01396517288727999
decode,__all__,12,34,47,877,0.013684309075021845
decode,__all__,12,35,4,850,0.013263013356634627
decode,__all__,12,36,44,808,0.012607664461365622
decode,__all__,12,37,49,800,0.012482836100362002
decode,__all__,12,38,61,789,0.012311197103982026
decode,__all__,12,39,41,784,0.012233179378354763
decode,__all__,12,40,1,737,0.011499812757458495
decode,__all__,12,41,17,721,0.011250156035451254
decode,__all__,12,42,36,709,0.011062913493945824
decode,__all__,12,43,37,703,0.01096929222319311
decode,__all__,12,44,32,695,0.01084446386218949
decode,__all__,12,45,11,693,0.010813256771938584
decode,__all__,12,46,10,685,0.010688428410934965
decode,__all__,12,47,33,673,0.010501185869429535
decode,__all__,12,48,29,649,0.010126700786418674
decode,__all__,12,49,27,649,0.010126700786418674
decode,__all__,12,50,23,645,0.010064286605916864
decode,__all__,12,51,42,645,0.010064286605916864
decode,__all__,12,52,28,626,0.009767819248533267
decode,__all__,12,53,13,594,0.009268505804518786
decode,__all__,12,54,39,593,0.009252902259393334
decode,__all__,12,55,57,576,0.008987641992260641
decode,__all__,12,56,26,571,0.008909624266633378
decode,__all__,12,57,18,568,0.008862813631257021
decode,__all__,12,58,20,543,0.008472725003120709
decode,__all__,12,59,24,533,0.008316689551866183
decode,__all__,12,60,3,527,0.00822306828111347
decode,__all__,12,61,60,513,0.008004618649357134
decode,__all__,12,62,56,492,0.0076769442017226314
decode,__all__,12,63,35,414,0.006459867681937336
decode,__all__,12,64,12,379,0.005913743602546499
decode,__all__,13,1,2,2573,0.04014792160778929
decode,__all__,13,2,6,1901,0.029662339283485207
decode,__all__,13,3,27,1881,0.02935026838097616
decode,__all__,13,4,25,1791,0.027945949319685432
decode,__all__,13,5,61,1661,0.025917488453376606
decode,__all__,13,6,62,1622,0.025308950193483958
decode,__all__,13,7,3,1492,0.023280489327175136
decode,__all__,13,8,41,1482,0.02312445387592061
decode,__all__,13,9,11,1467,0.02289040069903882
decode,__all__,13,10,22,1421,0.022172637623268005
decode,__all__,13,11,8,1383,0.021579702908500812
decode,__all__,13,12,32,1336,0.020846336287604544
decode,__all__,13,13,55,1312,0.020471851204593685
decode,__all__,13,14,5,1305,0.020362626388715516
decode,__all__,13,15,1,1280,0.019972537760579202
decode,__all__,13,16,36,1269,0.019800898764199226
decode,__all__,13,17,35,1265,0.019738484583697417
decode,__all__,13,18,63,1241,0.019363999500686555
decode,__all__,13,19,20,1191,0.01858382224441393
decode,__all__,13,20,54,1160,0.018100112345524902
decode,__all__,13,21,48,1153,0.017990887529646737
decode,__all__,13,22,58,1113,0.017366745724628634
decode,__all__,13,23,34,1102,0.017195106728248657
decode,__all__,13,24,7,1099,0.0171482960928723
decode,__all__,13,25,37,1014,0.015821994757208836
decode,__all__,13,26,19,1011,0.01577518412183248
decode,__all__,13,27,45,1006,0.015697166396205216
decode,__all__,13,28,40,959,0.01496379977530895
decode,__all__,13,29,30,954,0.014885782049681688
decode,__all__,13,30,57,937,0.014620521782548995
decode,__all__,13,31,31,925,0.014433279241043566
decode,__all__,13,32,33,916,0.014292847334914493
decode,__all__,13,33,52,904,0.014105604793409063
decode,__all__,13,34,13,898,0.014011983522656347
decode,__all__,13,35,47,898,0.014011983522656347
decode,__all__,13,36,43,894,0.013949569342154538
decode,__all__,13,37,9,842,0.013138184995631007
decode,__all__,13,38,15,828,0.012919735363874672
decode,__all__,13,39,38,811,0.012654475096741979
decode,__all__,13,40,39,783,0.01221757583322931
decode,__all__,13,41,53,778,0.012139558107602047
decode,__all__,13,42,46,773,0.012061540381974784
decode,__all__,13,43,26,764,0.011921108475845711
decode,__all__,13,44,50,759,0.01184309075021845
decode,__all__,13,45,12,754,0.011765073024591188
decode,__all__,13,46,14,751,0.011718262389214829
decode,__all__,13,47,49,743,0.011593434028211209
decode,__all__,13,48,0,710,0.011078517039071277
decode,__all__,13,49,10,692,0.010797653226813132
decode,__all__,13,50,24,674,0.010516789414554986
decode,__all__,13,51,4,670,0.010454375234053176
decode,__all__,13,52,44,668,0.010423168143802272
decode,__all__,13,53,56,666,0.010391961053551366
decode,__all__,13,54,21,636,0.009923854699787791
decode,__all__,13,55,51,635,0.00990825115466234
decode,__all__,13,56,28,577,0.009003245537386094
decode,__all__,13,57,59,577,0.009003245537386094
decode,__all__,13,58,42,561,0.008753588815378854
decode,__all__,13,59,29,560,0.008737985270253401
decode,__all__,13,60,18,548,0.008550742728747972
decode,__all__,13,61,23,533,0.008316689551866183
decode,__all__,13,62,60,485,0.007567719385844464
decode,__all__,13,63,17,326,0.005086755710897516
decode,__all__,13,64,16,168,0.0026213955810760205
decode,__all__,14,1,6,2153,0.03359443265509924
decode,__all__,14,2,58,2062,0.03217451004868306
decode,__all__,14,3,36,1818,0.02836724503807265
decode,__all__,14,4,11,1537,0.023982648857820497
decode,__all__,14,5,42,1439,0.02245350143552615
decode,__all__,14,6,15,1407,0.02195418799151167
decode,__all__,14,7,38,1347,0.02101797528398452
decode,__all__,14,8,63,1282,0.020003744850830108
decode,__all__,14,9,7,1282,0.020003744850830108
decode,__all__,14,10,44,1274,0.01987891648982649
decode,__all__,14,11,3,1268,0.019785295219073774
decode,__all__,14,12,9,1260,0.019660466858070155
decode,__all__,14,13,52,1259,0.0196448633129447
decode,__all__,14,14,23,1217,0.018989514417675695
decode,__all__,14,15,59,1213,0.018927100237173887
decode,__all__,14,16,34,1207,0.01883347896642117
decode,__all__,14,17,24,1205,0.018802271876170267
decode,__all__,14,18,28,1177,0.018365372612657596
decode,__all__,14,19,37,1173,0.018302958432155784
decode,__all__,14,20,20,1168,0.01822494070652852
decode,__all__,14,21,49,1155,0.01802209461989764
decode,__all__,14,22,43,1155,0.01802209461989764
decode,__all__,14,23,48,1149,0.017928473349144925
decode,__all__,14,24,53,1121,0.017491574085632254
decode,__all__,14,25,35,1119,0.01746036699538135
decode,__all__,14,26,60,1111,0.017335538634377732
decode,__all__,14,27,16,1090,0.01700786418674323
decode,__all__,14,28,31,1075,0.01677381100986144
decode,__all__,14,29,45,1056,0.016477343652477845
decode,__all__,14,30,57,1050,0.016383722381725127
decode,__all__,14,31,62,1038,0.0161964798402197
decode,__all__,14,32,46,1028,0.016040444388965173
decode,__all__,14,33,18,1018,0.015884408937710648
decode,__all__,14,34,25,1015,0.01583759830233429
decode,__all__,14,35,41,1013,0.015806391212083385
decode,__all__,14,36,21,978,0.015260267132692547
decode,__all__,14,37,5,975,0.01521345649731619
decode,__all__,14,38,39,947,0.014776557233803521
decode,__all__,14,39,0,935,0.01458931469229809
decode,__all__,14,40,12,923,0.01440207215079266
decode,__all__,14,41,8,905,0.014121208338534514
decode,__all__,14,42,2,896,0.013980776432405443
decode,__all__,14,43,10,851,0.01327861690176008
decode,__all__,14,44,1,814,0.012701285732118338
decode,__all__,14,45,50,793,0.012373611284483835
decode,__all__,14,46,32,784,0.012233179378354763
decode,__all__,14,47,13,781,0.012186368742978404
decode,__all__,14,48,54,769,0.011999126201472974
decode,__all__,14,49,14,762,0.011889901385594807
decode,__all__,14,50,17,754,0.011765073024591188
decode,__all__,14,51,29,748,0.011671451753838472
decode,__all__,14,52,40,708,0.011047309948820371
decode,__all__,14,53,56,671,0.01046997877917863
decode,__all__,14,54,55,649,0.010126700786418674
decode,__all__,14,55,47,591,0.00922169516914243
decode,__all__,14,56,27,576,0.008987641992260641
decode,__all__,14,57,4,548,0.008550742728747972
decode,__all__,14,58,19,537,0.008379103732367993
decode,__all__,14,59,61,492,0.0076769442017226314
decode,__all__,14,60,26,459,0.0071620272125826985
decode,__all__,14,61,22,455,0.007099613032080889
decode,__all__,14,62,51,335,0.005227187617026588
decode,__all__,14,63,33,263,0.004103732367994008
decode,__all__,14,64,30,248,0.0038696791911122207
decode,__all__,15,1,17,2442,0.038103857196355014
decode,__all__,15,2,8,1850,0.02886655848208713
decode,__all__,15,3,44,1765,0.027540257146423667
decode,__all__,15,4,30,1690,0.026369991262014728
decode,__all__,15,5,59,1476,0.023030832605167893
decode,__all__,15,6,48,1402,0.02187617026588441
decode,__all__,15,7,16,1375,0.021454874547497192
decode,__all__,15,8,34,1373,0.021423667457246286
decode,__all__,15,9,20,1372,0.021408063912120835
decode,__all__,15,10,45,1283,0.020019348395955563
decode,__all__,15,11,55,1271,0.01983210585445013
decode,__all__,15,12,58,1270,0.01981650230932468
decode,__all__,15,13,22,1253,0.019551242042191986
decode,__all__,15,14,21,1233,0.019239171139682935
decode,__all__,15,15,2,1202,0.018755461240793907
decode,__all__,15,16,54,1186,0.018505804518786667
decode,__all__,15,17,56,1171,0.018271751341904882
decode,__all__,15,18,61,1157,0.018053301710148545
decode,__all__,15,19,60,1141,0.017803644988141305
decode,__all__,15,20,10,1133,0.017678816627137686
decode,__all__,15,21,52,1125,0.017553988266134066
decode,__all__,15,22,46,1121,0.017491574085632254
decode,__all__,15,23,49,1116,0.017413556360004995
decode,__all__,15,24,26,1110,0.017319935089252277
decode,__all__,15,25,1,1100,0.01716389963799775
decode,__all__,15,26,5,1096,0.017101485457495944
decode,__all__,15,27,27,1084,0.016914242915990512
decode,__all__,15,28,36,1074,0.016758207464735986
decode,__all__,15,29,13,1049,0.016368118836599676
decode,__all__,15,30,53,1043,0.016274497565846962
decode,__all__,15,31,51,1043,0.016274497565846962
decode,__all__,15,32,29,1042,0.016258894020721507
decode,__all__,15,33,35,999,0.01558794158032705
decode,__all__,15,34,37,988,0.015416302583947073
decode,__all__,15,35,23,956,0.014916989139932592
decode,__all__,15,36,57,902,0.014074397703158157
decode,__all__,15,37,15,897,0.013996379977530895
decode,__all__,15,38,40,889,0.013871551616527275
decode,__all__,15,39,33,887,0.01384034452627637
decode,__all__,15,40,62,875,0.01365310198477094
decode,__all__,15,41,42,852,0.013294220446885533
decode,__all__,15,42,14,837,0.013060167270003744
decode,__all__,15,43,6,814,0.012701285732118338
decode,__all__,15,44,63,812,0.012670078641867432
decode,__all__,15,45,11,811,0.012654475096741979
decode,__all__,15,46,3,790,0.012326800649107477
decode,__all__,15,47,47,755,0.011780676569716639
decode,__all__,15,48,19,741,0.011562226937960305
decode,__all__,15,49,39,736,0.011484209212333042
decode,__all__,15,50,9,733,0.011437398576956685
decode,__all__,15,51,32,708,0.011047309948820371
decode,__all__,15,52,31,669,0.010438771688927725
decode,__all__,15,53,41,632,0.009861440519285981
decode,__all__,15,54,43,625,0.009752215703407814
decode,__all__,15,55,24,611,0.009533766071651479
decode,__all__,15,56,4,607,0.009471351891149669
decode,__all__,15,57,38,598,0.009330919985020596
decode,__all__,15,58,28,593,0.009252902259393334
decode,__all__,15,59,0,575,0.00897203844713519
decode,__all__,15,60,7,543,0.008472725003120709
decode,__all__,15,61,25,534,0.008332293096991636
decode,__all__,15,62,12,490,0.0076457371114717265
decode,__all__,15,63,50,422,0.0065846960429409565
decode,__all__,15,64,18,159,0.002480963674946948
decode,code,0,1,21,1387,0.08599950396825397
decode,code,0,2,0,553,0.03428819444444445
decode,code,0,3,40,514,0.03187003968253968
decode,code,0,4,53,504,0.03125
decode,code,0,5,41,467,0.028955853174603176
decode,code,0,6,52,466,0.028893849206349208
decode,code,0,7,8,455,0.028211805555555556
decode,code,0,8,13,388,0.024057539682539684
decode,code,0,9,25,363,0.022507440476190476
decode,code,0,10,62,360,0.022321428571428572
decode,code,0,11,47,344,0.02132936507936508
decode,code,0,12,54,339,0.02101934523809524
decode,code,0,13,24,332,0.02058531746031746
decode,code,0,14,18,328,0.020337301587301588
decode,code,0,15,55,327,0.02027529761904762
decode,code,0,16,61,320,0.01984126984126984
decode,code,0,17,6,318,0.019717261904761904
decode,code,0,18,23,306,0.018973214285714284
decode,code,0,19,28,302,0.018725198412698412
decode,code,0,20,32,300,0.018601190476190476
decode,code,0,21,31,298,0.01847718253968254
decode,code,0,22,2,284,0.017609126984126984
decode,code,0,23,20,279,0.017299107142857144
decode,code,0,24,43,276,0.01711309523809524
decode,code,0,25,37,251,0.015562996031746032
decode,code,0,26,63,248,0.015376984126984126
decode,code,0,27,33,241,0.01494295634920635
decode,code,0,28,42,240,0.01488095238095238
decode,code,0,29,60,230,0.014260912698412698
decode,code,0,30,27,212,0.01314484126984127
decode,code,0,31,30,210,0.013020833333333334
decode,code,0,32,49,209,0.012958829365079366
decode,code,0,33,29,203,0.012586805555555556
decode,code,0,34,58,200,0.01240079365079365
decode,code,0,35,44,196,0.012152777777777778
decode,code,0,36,38,192,0.011904761904761904
decode,code,0,37,59,191,0.011842757936507936
decode,code,0,38,48,183,0.01134672619047619
decode,code,0,39,22,183,0.01134672619047619
decode,code,0,40,26,183,0.01134672619047619
decode,code,0,41,1,182,0.011284722222222222
decode,code,0,42,56,174,0.010788690476190476
decode,code,0,43,11,172,0.01066468253968254
decode,code,0,44,15,167,0.010354662698412698
decode,code,0,45,16,163,0.010106646825396826
decode,code,0,46,14,163,0.010106646825396826
decode,code,0,47,3,163,0.010106646825396826
decode,code,0,48,4,159,0.009858630952380952
decode,code,0,49,50,156,0.009672619047619048
decode,code,0,50,39,154,0.009548611111111112
decode,code,0,51,35,151,0.009362599206349206
decode,code,0,52,5,148,0.009176587301587302
decode,code,0,53,10,146,0.009052579365079366
decode,code,0,54,46,130,0.008060515873015874
decode,code,0,55,17,126,0.0078125
decode,code,0,56,19,121,0.007502480158730159
decode,code,0,57,7,117,0.007254464285714286
decode,code,0,58,36,115,0.007130456349206349
decode,code,0,59,51,110,0.006820436507936508
decode,code,0,60,45,72,0.004464285714285714
decode,code,0,61,12,22,0.0013640873015873015
decode,code,0,62,34,17,0.0010540674603174603
decode,code,0,63,57,11,0.0006820436507936508
decode,code,0,64,9,7,0.00043402777777777775
decode,code,1,1,25,1625,0.10075644841269842
decode,code,1,2,15,1195,0.07409474206349206
decode,code,1,3,18,959,0.05946180555555555
decode,code,1,4,47,840,0.052083333333333336
decode,code,1,5,42,434,0.026909722222222224
decode,code,1,6,24,398,0.024677579365079364
decode,code,1,7,6,351,0.021763392857142856
decode,code,1,8,34,319,0.019779265873015872
decode,code,1,9,16,317,0.019655257936507936
decode,code,1,10,21,316,0.019593253968253968
decode,code,1,11,62,311,0.019283234126984128
decode,code,1,12,17,295,0.018291170634920636
decode,code,1,13,31,281,0.01742311507936508
decode,code,1,14,61,271,0.016803075396825396
decode,code,1,15,26,269,0.01667906746031746
decode,code,1,16,4,262,0.016245039682539684
decode,code,1,17,29,248,0.015376984126984126
decode,code,1,18,45,236,0.014632936507936508
decode,code,1,19,52,236,0.014632936507936508
decode,code,1,20,1,231,0.014322916666666666
decode,code,1,21,33,230,0.014260912698412698
decode,code,1,22,32,226,0.014012896825396826
decode,code,1,23,55,225,0.013950892857142858
decode,code,1,24,7,216,0.013392857142857142
decode,code,1,25,30,214,0.013268849206349206
decode,code,1,26,9,212,0.01314484126984127
decode,code,1,27,14,205,0.012710813492063492
decode,code,1,28,44,204,0.012648809523809524
decode,code,1,29,60,202,0.012524801587301588
decode,code,1,30,23,202,0.012524801587301588
decode,code,1,31,11,200,0.01240079365079365
decode,code,1,32,40,200,0.01240079365079365
decode,code,1,33,53,192,0.011904761904761904
decode,code,1,34,51,192,0.011904761904761904
decode,code,1,35,27,188,0.011656746031746032
decode,code,1,36,3,183,0.01134672619047619
decode,code,1,37,37,175,0.010850694444444444
decode,code,1,38,12,174,0.010788690476190476
decode,code,1,39,36,162,0.010044642857142858
decode,code,1,40,28,162,0.010044642857142858
decode,code,1,41,49,158,0.009796626984126984
decode,code,1,42,0,154,0.009548611111111112
decode,code,1,43,20,153,0.009486607142857142
decode,code,1,44,8,153,0.009486607142857142
decode,code,1,45,48,149,0.00923859126984127
decode,code,1,46,22,140,0.008680555555555556
decode,code,1,47,39,137,0.00849454365079365
decode,code,1,48,63,137,0.00849454365079365
decode,code,1,49,58,134,0.008308531746031746
decode,code,1,50,19,132,0.00818452380952381
decode,code,1,51,2,131,0.008122519841269842
decode,code,1,52,56,131,0.008122519841269842
decode,code,1,53,41,128,0.007936507936507936
decode,code,1,54,54,128,0.007936507936507936
decode,code,1,55,59,111,0.006882440476190476
decode,code,1,56,50,104,0.006448412698412698
decode,code,1,57,57,93,0.005766369047619048
decode,code,1,58,43,92,0.005704365079365079
decode,code,1,59,46,90,0.005580357142857143
decode,code,1,60,10,89,0.005518353174603175
decode,code,1,61,13,80,0.00496031746031746
decode,code,1,62,38,63,0.00390625
decode,code,1,63,5,43,0.002666170634920635
decode,code,1,64,35,40,0.00248015873015873
decode,code,2,1,40,1840,0.11408730158730158
decode,code,2,2,5,1140,0.07068452380952381
decode,code,2,3,60,942,0.058407738095238096
decode,code,2,4,45,701,0.043464781746031744
decode,code,2,5,61,582,0.03608630952380952
decode,code,2,6,14,499,0.03093998015873016
decode,code,2,7,24,480,0.02976190476190476
decode,code,2,8,30,479,0.029699900793650792
decode,code,2,9,16,416,0.025793650793650792
decode,code,2,10,34,408,0.025297619047619048
decode,code,2,11,15,345,0.021391369047619048
decode,code,2,12,23,327,0.02027529761904762
decode,code,2,13,41,311,0.019283234126984128
decode,code,2,14,32,293,0.0181671626984127
decode,code,2,15,28,276,0.01711309523809524
decode,code,2,16,56,267,0.016555059523809524
decode,code,2,17,63,265,0.016431051587301588
decode,code,2,18,19,261,0.016183035714285716
decode,code,2,19,22,258,0.015997023809523808
decode,code,2,20,54,255,0.015811011904761904
decode,code,2,21,35,248,0.015376984126984126
decode,code,2,22,39,245,0.015190972222222222
decode,code,2,23,38,232,0.014384920634920634
decode,code,2,24,62,224,0.013888888888888888
decode,code,2,25,37,223,0.01382688492063492
decode,code,2,26,26,217,0.013454861111111112
decode,code,2,27,33,213,0.013206845238095238
decode,code,2,28,47,199,0.012338789682539682
decode,code,2,29,27,198,0.012276785714285714
decode,code,2,30,46,192,0.011904761904761904
decode,code,2,31,50,192,0.011904761904761904
decode,code,2,32,29,175,0.010850694444444444
decode,code,2,33,3,174,0.010788690476190476
decode,code,2,34,10,170,0.010540674603174604
decode,code,2,35,17,168,0.010416666666666666
decode,code,2,36,0,150,0.009300595238095238
decode,code,2,37,55,146,0.009052579365079366
decode,code,2,38,21,146,0.009052579365079366
decode,code,2,39,44,144,0.008928571428571428
decode,code,2,40,31,144,0.008928571428571428
decode,code,2,41,20,143,0.00886656746031746
decode,code,2,42,48,139,0.008618551587301588
decode,code,2,43,43,129,0.007998511904761904
decode,code,2,44,2,125,0.007750496031746032
decode,code,2,45,42,124,0.007688492063492063
decode,code,2,46,1,119,0.007378472222222222
decode,code,2,47,13,118,0.007316468253968254
decode,code,2,48,49,114,0.007068452380952381
decode,code,2,49,58,112,0.006944444444444444
decode,code,2,50,52,101,0.006262400793650794
decode,code,2,51,12,96,0.005952380952380952
decode,code,2,52,25,93,0.005766369047619048
decode,code,2,53,11,93,0.005766369047619048
decode,code,2,54,7,71,0.004402281746031746
decode,code,2,55,53,68,0.004216269841269841
decode,code,2,56,57,67,0.004154265873015873
decode,code,2,57,51,61,0.0037822420634920635
decode,code,2,58,9,54,0.0033482142857142855
decode,code,2,59,6,50,0.0031001984126984125
decode,code,2,60,8,37,0.0022941468253968255
decode,code,2,61,18,34,0.0021081349206349205
decode,code,2,62,4,24,0.001488095238095238
decode,code,2,63,36,11,0.0006820436507936508
decode,code,3,1,15,1550,0.0961061507936508
decode,code,3,2,43,1267,0.07855902777777778
decode,code,3,3,62,818,0.05071924603174603
decode,code,3,4,9,817,0.050657242063492064
decode,code,3,5,31,683,0.04234871031746032
decode,code,3,6,19,626,0.03881448412698413
decode,code,3,7,39,488,0.030257936507936508
decode,code,3,8,56,437,0.027095734126984128
decode,code,3,9,30,405,0.025111607142857144
decode,code,3,10,35,385,0.023871527777777776
decode,code,3,11,52,384,0.023809523809523808
decode,code,3,12,51,356,0.0220734126984127
decode,code,3,13,63,347,0.021515376984126984
decode,code,3,14,37,301,0.018663194444444444
decode,code,3,15,59,288,0.017857142857142856
decode,code,3,16,44,285,0.017671130952380952
decode,code,3,17,45,284,0.017609126984126984
decode,code,3,18,38,278,0.017237103174603176
decode,code,3,19,49,273,0.016927083333333332
decode,code,3,20,54,273,0.016927083333333332
decode,code,3,21,55,261,0.016183035714285716
decode,code,3,22,61,257,0.01593501984126984
decode,code,3,23,20,252,0.015625
decode,code,3,24,11,247,0.015314980158730158
decode,code,3,25,29,247,0.015314980158730158
decode,code,3,26,12,239,0.014818948412698412
decode,code,3,27,57,237,0.014694940476190476
decode,code,3,28,42,231,0.014322916666666666
decode,code,3,29,36,207,0.012834821428571428
decode,code,3,30,7,205,0.012710813492063492
decode,code,3,31,47,203,0.012586805555555556
decode,code,3,32,46,197,0.012214781746031746
decode,code,3,33,40,189,0.01171875
decode,code,3,34,13,171,0.010602678571428572
decode,code,3,35,6,155,0.00961061507936508
decode,code,3,36,8,154,0.009548611111111112
decode,code,3,37,14,148,0.009176587301587302
decode,code,3,38,18,142,0.008804563492063492
decode,code,3,39,4,135,0.008370535714285714
decode,code,3,40,22,133,0.008246527777777778
decode,code,3,41,41,130,0.008060515873015874
decode,code,3,42,33,128,0.007936507936507936
decode,code,3,43,53,125,0.007750496031746032
decode,code,3,44,28,119,0.007378472222222222
decode,code,3,45,32,118,0.007316468253968254
decode,code,3,46,5,106,0.006572420634920635
decode,code,3,47,50,94,0.005828373015873016
decode,code,3,48,27,90,0.005580357142857143
decode,code,3,49,26,88,0.005456349206349206
decode,code,3,50,16,86,0.00533234126984127
decode,code,3,51,34,80,0.00496031746031746
decode,code,3,52,60,67,0.004154265873015873
decode,code,3,53,10,48,0.002976190476190476
decode,code,3,54,17,45,0.0027901785714285715
decode,code,3,55,3,45,0.0027901785714285715
decode,code,3,56,48,41,0.0025421626984126985
decode,code,3,57,23,36,0.002232142857142857
decode,code,3,58,24,34,0.0021081349206349205
decode,code,3,59,21,28,0.001736111111111111
decode,code,3,60,58,19,0.0011780753968253968
decode,code,3,61,2,18,0.0011160714285714285
decode,code,3,62,0,13,0.0008060515873015873
decode,code,3,63,1,10,0.0006200396825396825
decode,code,3,64,25,5,0.00031001984126984125
decode,code,4,1,21,1507,0.09343998015873016
decode,code,4,2,17,1437,0.08909970238095238
decode,code,4,3,19,1274,0.07899305555555555
decode,code,4,4,55,1204,0.07465277777777778
decode,code,4,5,25,1099,0.0681423611111111
decode,code,4,6,6,750,0.04650297619047619
decode,code,4,7,41,627,0.038876488095238096
decode,code,4,8,61,560,0.034722222222222224
decode,code,4,9,27,484,0.030009920634920636
decode,code,4,10,62,413,0.025607638888888888
decode,code,4,11,2,354,0.02194940476190476
decode,code,4,12,23,351,0.021763392857142856
decode,code,4,13,59,270,0.016741071428571428
decode,code,4,14,52,267,0.016555059523809524
decode,code,4,15,42,260,0.016121031746031748
decode,code,4,16,35,253,0.015687003968253968
decode,code,4,17,34,237,0.014694940476190476
decode,code,4,18,39,227,0.014074900793650794
decode,code,4,19,18,214,0.013268849206349206
decode,code,4,20,48,214,0.013268849206349206
decode,code,4,21,7,201,0.01246279761904762
decode,code,4,22,43,195,0.01209077380952381
decode,code,4,23,36,189,0.01171875
decode,code,4,24,4,180,0.011160714285714286
decode,code,4,25,26,170,0.010540674603174604
decode,code,4,26,24,168,0.010416666666666666
decode,code,4,27,63,167,0.010354662698412698
decode,code,4,28,14,160,0.00992063492063492
decode,code,4,29,30,160,0.00992063492063492
decode,code,4,30,8,159,0.009858630952380952
decode,code,4,31,56,141,0.008742559523809524
decode,code,4,32,3,137,0.00849454365079365
decode,code,4,33,51,134,0.008308531746031746
decode,code,4,34,45,133,0.008246527777777778
decode,code,4,35,11,132,0.00818452380952381
decode,code,4,36,10,129,0.007998511904761904
decode,code,4,37,50,127,0.007874503968253968
decode,code,4,38,38,113,0.007006448412698413
decode,code,4,39,20,111,0.006882440476190476
decode,code,4,40,58,110,0.006820436507936508
decode,code,4,41,15,102,0.006324404761904762
decode,code,4,42,57,92,0.005704365079365079
decode,code,4,43,28,88,0.005456349206349206
decode,code,4,44,5,85,0.005270337301587302
decode,code,4,45,12,85,0.005270337301587302
decode,code,4,46,13,80,0.00496031746031746
decode,code,4,47,44,78,0.004836309523809524
decode,code,4,48,60,73,0.004526289682539683
decode,code,4,49,1,67,0.004154265873015873
decode,code,4,50,16,66,0.004092261904761905
decode,code,4,51,33,56,0.003472222222222222
decode,code,4,52,32,43,0.002666170634920635
decode,code,4,53,47,39,0.002418154761904762
decode,code,4,54,22,34,0.0021081349206349205
decode,code,4,55,53,29,0.0017981150793650793
decode,code,4,56,49,22,0.0013640873015873015
decode,code,4,57,54,19,0.0011780753968253968
decode,code,4,58,37,16,0.000992063492063492
decode,code,4,59,9,12,0.000744047619047619
decode,code,4,60,46,11,0.0006820436507936508
decode,code,4,61,40,9,0.0005580357142857143
decode,code,4,62,29,4,0.000248015873015873
decode,code,5,1,42,1969,0.12208581349206349
decode,code,5,2,2,1811,0.11228918650793651
decode,code,5,3,0,1554,0.09635416666666667
decode,code,5,4,31,840,0.052083333333333336
decode,code,5,5,21,688,0.04265873015873016
decode,code,5,6,8,658,0.04079861111111111
decode,code,5,7,53,653,0.04048859126984127
decode,code,5,8,17,564,0.034970238095238096
decode,code,5,9,52,407,0.02523561507936508
decode,code,5,10,10,406,0.025173611111111112
decode,code,5,11,22,404,0.025049603174603176
decode,code,5,12,14,383,0.02374751984126984
decode,code,5,13,55,359,0.022259424603174604
decode,code,5,14,51,336,0.020833333333333332
decode,code,5,15,35,316,0.019593253968253968
decode,code,5,16,41,284,0.017609126984126984
decode,code,5,17,39,264,0.01636904761904762
decode,code,5,18,30,239,0.014818948412698412
decode,code,5,19,6,234,0.014508928571428572
decode,code,5,20,61,212,0.01314484126984127
decode,code,5,21,29,212,0.01314484126984127
decode,code,5,22,58,209,0.012958829365079366
decode,code,5,23,60,206,0.01277281746031746
decode,code,5,24,54,203,0.012586805555555556
decode,code,5,25,13,202,0.012524801587301588
decode,code,5,26,11,201,0.01246279761904762
decode,code,5,27,40,187,0.011594742063492064
decode,code,5,28,9,169,0.010478670634920634
decode,code,5,29,19,168,0.010416666666666666
decode,code,5,30,15,161,0.009982638888888888
decode,code,5,31,57,150,0.009300595238095238
decode,code,5,32,27,149,0.00923859126984127
decode,code,5,33,25,120,0.00744047619047619
decode,code,5,34,18,116,0.007192460317460317
decode,code,5,35,1,106,0.006572420634920635
decode,code,5,36,62,85,0.005270337301587302
decode,code,5,37,5,72,0.004464285714285714
decode,code,5,38,44,68,0.004216269841269841
decode,code,5,39,7,65,0.004030257936507937
decode,code,5,40,34,60,0.003720238095238095
decode,code,5,41,24,60,0.003720238095238095
decode,code,5,42,26,59,0.003658234126984127
decode,code,5,43,12,50,0.0031001984126984125
decode,code,5,44,37,45,0.0027901785714285715
decode,code,5,45,32,44,0.002728174603174603
decode,code,5,46,36,38,0.0023561507936507935
decode,code,5,47,20,37,0.0022941468253968255
decode,code,5,48,45,36,0.002232142857142857
decode,code,5,49,50,35,0.002170138888888889
decode,code,5,50,48,30,0.0018601190476190475
decode,code,5,51,4,30,0.0018601190476190475
decode,code,5,52,47,29,0.0017981150793650793
decode,code,5,53,63,26,0.0016121031746031745
decode,code,5,54,33,25,0.0015500992063492063
decode,code,5,55,3,20,0.001240079365079365
decode,code,5,56,59,15,0.0009300595238095238
decode,code,5,57,28,15,0.0009300595238095238
decode,code,5,58,43,13,0.0008060515873015873
decode,code,5,59,49,11,0.0006820436507936508
decode,code,5,60,38,10,0.0006200396825396825
decode,code,5,61,16,6,0.0003720238095238095
decode,code,5,62,23,2,0.0001240079365079365
decode,code,5,63,56,2,0.0001240079365079365
decode,code,6,1,52,1903,0.11799355158730158
decode,code,6,2,42,1769,0.10968501984126984
decode,code,6,3,5,954,0.05915178571428571
decode,code,6,4,57,919,0.056981646825396824
decode,code,6,5,18,822,0.050967261904761904
decode,code,6,6,36,667,0.041356646825396824
decode,code,6,7,24,605,0.03751240079365079
decode,code,6,8,62,583,0.036148313492063495
decode,code,6,9,59,510,0.03162202380952381
decode,code,6,10,55,492,0.03050595238095238
decode,code,6,11,1,473,0.029327876984126984
decode,code,6,12,38,470,0.02914186507936508
decode,code,6,13,2,440,0.027281746031746032
decode,code,6,14,49,407,0.02523561507936508
decode,code,6,15,61,345,0.021391369047619048
decode,code,6,16,48,339,0.02101934523809524
decode,code,6,17,20,293,0.0181671626984127
decode,code,6,18,40,286,0.01773313492063492
decode,code,6,19,16,268,0.016617063492063492
decode,code,6,20,44,221,0.013702876984126984
decode,code,6,21,17,220,0.013640873015873016
decode,code,6,22,58,186,0.011532738095238096
decode,code,6,23,50,184,0.011408730158730158
decode,code,6,24,25,176,0.010912698412698412
decode,code,6,25,63,166,0.01029265873015873
decode,code,6,26,33,163,0.010106646825396826
decode,code,6,27,26,158,0.009796626984126984
decode,code,6,28,8,157,0.009734623015873016
decode,code,6,29,3,147,0.009114583333333334
decode,code,6,30,47,137,0.00849454365079365
decode,code,6,31,4,134,0.008308531746031746
decode,code,6,32,32,130,0.008060515873015874
decode,code,6,33,13,127,0.007874503968253968
decode,code,6,34,23,126,0.0078125
decode,code,6,35,7,103,0.00638640873015873
decode,code,6,36,6,98,0.006076388888888889
decode,code,6,37,9,96,0.005952380952380952
decode,code,6,38,53,89,0.005518353174603175
decode,code,6,39,10,88,0.005456349206349206
decode,code,6,40,30,87,0.005394345238095238
decode,code,6,41,19,79,0.004898313492063492
decode,code,6,42,22,76,0.004712301587301587
decode,code,6,43,12,66,0.004092261904761905
decode,code,6,44,31,56,0.003472222222222222
decode,code,6,45,11,47,0.002914186507936508
decode,code,6,46,46,41,0.0025421626984126985
decode,code,6,47,15,37,0.0022941468253968255
decode,code,6,48,54,34,0.0021081349206349205
decode,code,6,49,29,23,0.0014260912698412698
decode,code,6,50,34,21,0.0013020833333333333
decode,code,6,51,39,18,0.0011160714285714285
decode,code,6,52,56,16,0.000992063492063492
decode,code,6,53,37,12,0.000744047619047619
decode,code,6,54,14,11,0.0006820436507936508
decode,code,6,55,45,11,0.0006820436507936508
decode,code,6,56,60,10,0.0006200396825396825
decode,code,6,57,35,9,0.0005580357142857143
decode,code,6,58,41,8,0.000496031746031746
decode,code,6,59,21,7,0.00043402777777777775
decode,code,6,60,51,6,0.0003720238095238095
decode,code,6,61,27,2,0.0001240079365079365
decode,code,7,1,17,1939,0.12022569444444445
decode,code,7,2,2,1428,0.08854166666666667
decode,code,7,3,4,1346,0.08345734126984126
decode,code,7,4,35,980,0.06076388888888889
decode,code,7,5,58,649,0.0402405753968254
decode,code,7,6,45,647,0.040116567460317464
decode,code,7,7,0,632,0.039186507936507936
decode,code,7,8,46,508,0.03149801587301587
decode,code,7,9,39,484,0.030009920634920636
decode,code,7,10,23,465,0.02883184523809524
decode,code,7,11,48,438,0.027157738095238096
decode,code,7,12,21,428,0.026537698412698412
decode,code,7,13,26,412,0.02554563492063492
decode,code,7,14,30,376,0.023313492063492064
decode,code,7,15,56,364,0.022569444444444444
decode,code,7,16,32,311,0.019283234126984128
decode,code,7,17,38,297,0.018415178571428572
decode,code,7,18,36,294,0.018229166666666668
decode,code,7,19,5,274,0.0169890873015873
decode,code,7,20,13,229,0.01419890873015873
decode,code,7,21,15,214,0.013268849206349206
decode,code,7,22,41,199,0.012338789682539682
decode,code,7,23,29,190,0.011780753968253968
decode,code,7,24,12,174,0.010788690476190476
decode,code,7,25,10,172,0.01066468253968254
decode,code,7,26,24,171,0.010602678571428572
decode,code,7,27,61,164,0.010168650793650794
decode,code,7,28,54,158,0.009796626984126984
decode,code,7,29,37,152,0.009424603174603174
decode,code,7,30,14,150,0.009300595238095238
decode,code,7,31,16,147,0.009114583333333334
decode,code,7,32,27,146,0.009052579365079366
decode,code,7,33,19,145,0.008990575396825396
decode,code,7,34,28,130,0.008060515873015874
decode,code,7,35,34,124,0.007688492063492063
decode,code,7,36,31,119,0.007378472222222222
decode,code,7,37,59,103,0.00638640873015873
decode,code,7,38,11,87,0.005394345238095238
decode,code,7,39,52,84,0.005208333333333333
decode,code,7,40,60,79,0.004898313492063492
decode,code,7,41,20,77,0.004774305555555556
decode,code,7,42,18,71,0.004402281746031746
decode,code,7,43,47,70,0.004340277777777778
decode,code,7,44,1,63,0.00390625
decode,code,7,45,49,61,0.0037822420634920635
decode,code,7,46,22,59,0.003658234126984127
decode,code,7,47,57,48,0.002976190476190476
decode,code,7,48,63,41,0.0025421626984126985
decode,code,7,49,6,33,0.0020461309523809525
decode,code,7,50,9,31,0.0019221230158730158
decode,code,7,51,7,30,0.0018601190476190475
decode,code,7,52,42,26,0.0016121031746031745
decode,code,7,53,25,25,0.0015500992063492063
decode,code,7,54,33,16,0.000992063492063492
decode,code,7,55,62,15,0.0009300595238095238
decode,code,7,56,3,13,0.0008060515873015873
decode,code,7,57,53,10,0.0006200396825396825
decode,code,7,58,40,10,0.0006200396825396825
decode,code,7,59,50,10,0.0006200396825396825
decode,code,7,60,8,8,0.000496031746031746
decode,code,7,61,44,1,6.200396825396825e-05
decode,code,7,62,43,1,6.200396825396825e-05
decode,code,8,1,3,1897,0.11762152777777778
decode,code,8,2,54,1722,0.10677083333333333
decode,code,8,3,27,1054,0.06535218253968254
decode,code,8,4,16,1052,0.06522817460317461
decode,code,8,5,37,639,0.03962053571428571
decode,code,8,6,32,581,0.03602430555555555
decode,code,8,7,51,512,0.031746031746031744
decode,code,8,8,1,441,0.02734375
decode,code,8,9,60,426,0.026413690476190476
decode,code,8,10,29,425,0.026351686507936508
decode,code,8,11,30,415,0.025731646825396824
decode,code,8,12,45,414,0.025669642857142856
decode,code,8,13,35,407,0.02523561507936508
decode,code,8,14,10,370,0.022941468253968252
decode,code,8,15,57,338,0.020957341269841268
decode,code,8,16,6,337,0.0208953373015873
decode,code,8,17,62,296,0.018353174603174604
decode,code,8,18,25,273,0.016927083333333332
decode,code,8,19,12,244,0.015128968253968254
decode,code,8,20,42,242,0.015004960317460318
decode,code,8,21,8,209,0.012958829365079366
decode,code,8,22,55,199,0.012338789682539682
decode,code,8,23,18,198,0.012276785714285714
decode,code,8,24,52,193,0.011966765873015874
decode,code,8,25,38,166,0.01029265873015873
decode,code,8,26,14,166,0.01029265873015873
decode,code,8,27,63,164,0.010168650793650794
decode,code,8,28,50,164,0.010168650793650794
decode,code,8,29,11,146,0.009052579365079366
decode,code,8,30,28,133,0.008246527777777778
decode,code,8,31,0,131,0.008122519841269842
decode,code,8,32,61,131,0.008122519841269842
decode,code,8,33,17,131,0.008122519841269842
decode,code,8,34,53,118,0.007316468253968254
decode,code,8,35,23,118,0.007316468253968254
decode,code,8,36,24,118,0.007316468253968254
decode,code,8,37,20,118,0.007316468253968254
decode,code,8,38,21,113,0.007006448412698413
decode,code,8,39,44,101,0.006262400793650794
decode,code,8,40,22,100,0.006200396825396825
decode,code,8,41,13,88,0.005456349206349206
decode,code,8,42,2,88,0.005456349206349206
decode,code,8,43,31,87,0.005394345238095238
decode,code,8,44,9,82,0.005084325396825397
decode,code,8,45,47,70,0.004340277777777778
decode,code,8,46,41,69,0.00427827380952381
decode,code,8,47,36,69,0.00427827380952381
decode,code,8,48,40,69,0.00427827380952381
decode,code,8,49,56,69,0.00427827380952381
decode,code,8,50,48,66,0.004092261904761905
decode,code,8,51,7,58,0.0035962301587301585
decode,code,8,52,43,45,0.0027901785714285715
decode,code,8,53,58,45,0.0027901785714285715
decode,code,8,54,59,44,0.002728174603174603
decode,code,8,55,49,39,0.002418154761904762
decode,code,8,56,5,34,0.0021081349206349205
decode,code,8,57,34,34,0.0021081349206349205
decode,code,8,58,26,33,0.0020461309523809525
decode,code,8,59,33,21,0.0013020833333333333
decode,code,8,60,46,10,0.0006200396825396825
decode,code,8,61,39,6,0.0003720238095238095
decode,code,9,1,46,1888,0.11706349206349206
decode,code,9,2,51,1505,0.09331597222222222
decode,code,9,3,4,1459,0.09046378968253968
decode,code,9,4,5,1430,0.08866567460317461
decode,code,9,5,39,624,0.03869047619047619
decode,code,9,6,35,556,0.03447420634920635
decode,code,9,7,8,505,0.03131200396825397
decode,code,9,8,42,461,0.028583829365079364
decode,code,9,9,12,453,0.02808779761904762
decode,code,9,10,34,413,0.025607638888888888
decode,code,9,11,7,404,0.025049603174603176
decode,code,9,12,6,400,0.0248015873015873
decode,code,9,13,13,339,0.02101934523809524
decode,code,9,14,28,324,0.020089285714285716
decode,code,9,15,50,312,0.019345238095238096
decode,code,9,16,20,310,0.01922123015873016
decode,code,9,17,61,299,0.018539186507936508
decode,code,9,18,52,292,0.018105158730158732
decode,code,9,19,48,262,0.016245039682539684
decode,code,9,20,27,227,0.014074900793650794
decode,code,9,21,21,219,0.013578869047619048
decode,code,9,22,54,188,0.011656746031746032
decode,code,9,23,33,181,0.011222718253968254
decode,code,9,24,37,170,0.010540674603174604
decode,code,9,25,53,167,0.010354662698412698
decode,code,9,26,1,163,0.010106646825396826
decode,code,9,27,55,156,0.009672619047619048
decode,code,9,28,16,154,0.009548611111111112
decode,code,9,29,58,140,0.008680555555555556
decode,code,9,30,26,139,0.008618551587301588
decode,code,9,31,38,138,0.00855654761904762
decode,code,9,32,44,135,0.008370535714285714
decode,code,9,33,47,126,0.0078125
decode,code,9,34,43,118,0.007316468253968254
decode,code,9,35,30,113,0.007006448412698413
decode,code,9,36,59,98,0.006076388888888889
decode,code,9,37,11,88,0.005456349206349206
decode,code,9,38,29,86,0.00533234126984127
decode,code,9,39,14,80,0.00496031746031746
decode,code,9,40,49,76,0.004712301587301587
decode,code,9,41,2,72,0.004464285714285714
decode,code,9,42,24,68,0.004216269841269841
decode,code,9,43,41,67,0.004154265873015873
decode,code,9,44,63,66,0.004092261904761905
decode,code,9,45,22,63,0.00390625
decode,code,9,46,0,63,0.00390625
decode,code,9,47,32,57,0.0035342261904761905
decode,code,9,48,36,56,0.003472222222222222
decode,code,9,49,60,54,0.0033482142857142855
decode,code,9,50,40,54,0.0033482142857142855
decode,code,9,51,23,45,0.0027901785714285715
decode,code,9,52,9,45,0.0027901785714285715
decode,code,9,53,3,37,0.0022941468253968255
decode,code,9,54,56,31,0.0019221230158730158
decode,code,9,55,31,31,0.0019221230158730158
decode,code,9,56,10,19,0.0011780753968253968
decode,code,9,57,57,18,0.0011160714285714285
decode,code,9,58,18,16,0.000992063492063492
decode,code,9,59,45,16,0.000992063492063492
decode,code,9,60,62,16,0.000992063492063492
decode,code,9,61,19,15,0.0009300595238095238
decode,code,9,62,15,13,0.0008060515873015873
decode,code,9,63,17,8,0.000496031746031746
decode,code,10,1,56,1818,0.11272321428571429
decode,code,10,2,43,1023,0.06343005952380952
decode,code,10,3,2,739,0.045820932539682536
decode,code,10,4,11,703,0.04358878968253968
decode,code,10,5,44,680,0.042162698412698416
decode,code,10,6,19,647,0.040116567460317464
decode,code,10,7,6,579,0.035900297619047616
decode,code,10,8,62,578,0.03583829365079365
decode,code,10,9,30,544,0.03373015873015873
decode,code,10,10,59,489,0.030319940476190476
decode,code,10,11,16,478,0.029637896825396824
decode,code,10,12,13,455,0.028211805555555556
decode,code,10,13,38,411,0.025483630952380952
decode,code,10,14,46,285,0.017671130952380952
decode,code,10,15,22,267,0.016555059523809524
decode,code,10,16,34,263,0.016307043650793652
decode,code,10,17,12,236,0.014632936507936508
decode,code,10,18,23,236,0.014632936507936508
decode,code,10,19,18,225,0.013950892857142858
decode,code,10,20,3,220,0.013640873015873016
decode,code,10,21,50,219,0.013578869047619048
decode,code,10,22,20,215,0.013330853174603174
decode,code,10,23,29,211,0.013082837301587302
decode,code,10,24,17,206,0.01277281746031746
decode,code,10,25,48,196,0.012152777777777778
decode,code,10,26,35,189,0.01171875
decode,code,10,27,5,187,0.011594742063492064
decode,code,10,28,52,179,0.011098710317460318
decode,code,10,29,55,176,0.010912698412698412
decode,code,10,30,37,174,0.010788690476190476
decode,code,10,31,14,172,0.01066468253968254
decode,code,10,32,39,168,0.010416666666666666
decode,code,10,33,49,166,0.01029265873015873
decode,code,10,34,9,162,0.010044642857142858
decode,code,10,35,28,162,0.010044642857142858
decode,code,10,36,47,153,0.009486607142857142
decode,code,10,37,24,152,0.009424603174603174
decode,code,10,38,32,147,0.009114583333333334
decode,code,10,39,61,144,0.008928571428571428
decode,code,10,40,4,144,0.008928571428571428
decode,code,10,41,0,131,0.008122519841269842
decode,code,10,42,53,131,0.008122519841269842
decode,code,10,43,15,128,0.007936507936507936
decode,code,10,44,36,117,0.007254464285714286
decode,code,10,45,45,115,0.007130456349206349
decode,code,10,46,41,111,0.006882440476190476
decode,code,10,47,1,108,0.006696428571428571
decode,code,10,48,60,101,0.006262400793650794
decode,code,10,49,26,100,0.006200396825396825
decode,code,10,50,58,96,0.005952380952380952
decode,code,10,51,42,91,0.005642361111111111
decode,code,10,52,21,87,0.005394345238095238
decode,code,10,53,10,82,0.005084325396825397
decode,code,10,54,33,67,0.004154265873015873
decode,code,10,55,31,67,0.004154265873015873
decode,code,10,56,27,57,0.0035342261904761905
decode,code,10,57,7,52,0.003224206349206349
decode,code,10,58,51,30,0.0018601190476190475
decode,code,10,59,8,19,0.0011780753968253968
decode,code,10,60,57,19,0.0011780753968253968
decode,code,10,61,63,11,0.0006820436507936508
decode,code,10,62,40,9,0.0005580357142857143
decode,code,10,63,54,1,6.200396825396825e-05
decode,code,11,1,27,1877,0.11638144841269842
decode,code,11,2,13,1723,0.1068328373015873
decode,code,11,3,47,1475,0.09145585317460317
decode,code,11,4,63,685,0.042472718253968256
decode,code,11,5,33,629,0.03900049603174603
decode,code,11,6,44,627,0.038876488095238096
decode,code,11,7,7,591,0.03664434523809524
decode,code,11,8,56,525,0.032552083333333336
decode,code,11,9,46,458,0.02839781746031746
decode,code,11,10,37,449,0.027839781746031748
decode,code,11,11,51,435,0.026971726190476192
decode,code,11,12,62,363,0.022507440476190476
decode,code,11,13,5,316,0.019593253968253968
decode,code,11,14,23,297,0.018415178571428572
decode,code,11,15,57,288,0.017857142857142856
decode,code,11,16,20,281,0.01742311507936508
decode,code,11,17,29,252,0.015625
decode,code,11,18,54,250,0.015500992063492064
decode,code,11,19,22,245,0.015190972222222222
decode,code,11,20,12,226,0.014012896825396826
decode,code,11,21,38,216,0.013392857142857142
decode,code,11,22,43,186,0.011532738095238096
decode,code,11,23,52,179,0.011098710317460318
decode,code,11,24,58,175,0.010850694444444444
decode,code,11,25,11,171,0.010602678571428572
decode,code,11,26,59,164,0.010168650793650794
decode,code,11,27,31,151,0.009362599206349206
decode,code,11,28,14,148,0.009176587301587302
decode,code,11,29,8,144,0.008928571428571428
decode,code,11,30,18,142,0.008804563492063492
decode,code,11,31,15,140,0.008680555555555556
decode,code,11,32,3,136,0.008432539682539682
decode,code,11,33,61,127,0.007874503968253968
decode,code,11,34,34,126,0.0078125
decode,code,11,35,16,125,0.007750496031746032
decode,code,11,36,2,125,0.007750496031746032
decode,code,11,37,0,121,0.007502480158730159
decode,code,11,38,40,117,0.007254464285714286
decode,code,11,39,32,116,0.007192460317460317
decode,code,11,40,45,113,0.007006448412698413
decode,code,11,41,17,106,0.006572420634920635
decode,code,11,42,4,99,0.006138392857142857
decode,code,11,43,39,87,0.005394345238095238
decode,code,11,44,25,86,0.00533234126984127
decode,code,11,45,41,84,0.005208333333333333
decode,code,11,46,49,81,0.005022321428571429
decode,code,11,47,26,79,0.004898313492063492
decode,code,11,48,35,79,0.004898313492063492
decode,code,11,49,9,74,0.004588293650793651
decode,code,11,50,10,64,0.003968253968253968
decode,code,11,51,28,64,0.003968253968253968
decode,code,11,52,24,61,0.0037822420634920635
decode,code,11,53,36,54,0.0033482142857142855
decode,code,11,54,30,50,0.0031001984126984125
decode,code,11,55,42,45,0.0027901785714285715
decode,code,11,56,19,29,0.0017981150793650793
decode,code,11,57,21,28,0.001736111111111111
decode,code,11,58,60,27,0.0016741071428571428
decode,code,11,59,6,12,0.000744047619047619
decode,code,11,60,55,3,0.00018601190476190475
decode,code,11,61,1,2,0.0001240079365079365
decode,code,12,1,38,1656,0.10267857142857142
decode,code,12,2,43,1205,0.07471478174603174
decode,code,12,3,8,973,0.06032986111111111
decode,code,12,4,31,918,0.056919642857142856
decode,code,12,5,51,890,0.055183531746031744
decode,code,12,6,45,875,0.054253472222222224
decode,code,12,7,59,668,0.04141865079365079
decode,code,12,8,6,586,0.0363343253968254
decode,code,12,9,54,538,0.03335813492063492
decode,code,12,10,30,496,0.030753968253968252
decode,code,12,11,58,459,0.028459821428571428
decode,code,12,12,55,459,0.028459821428571428
decode,code,12,13,17,412,0.02554563492063492
decode,code,12,14,2,391,0.024243551587301588
decode,code,12,15,48,251,0.015562996031746032
decode,code,12,16,10,246,0.01525297619047619
decode,code,12,17,20,232,0.014384920634920634
decode,code,12,18,9,230,0.014260912698412698
decode,code,12,19,50,210,0.013020833333333334
decode,code,12,20,39,200,0.01240079365079365
decode,code,12,21,23,196,0.012152777777777778
decode,code,12,22,57,185,0.011470734126984126
decode,code,12,23,47,183,0.01134672619047619
decode,code,12,24,22,171,0.010602678571428572
decode,code,12,25,24,171,0.010602678571428572
decode,code,12,26,60,168,0.010416666666666666
decode,code,12,27,52,165,0.010230654761904762
decode,code,12,28,13,163,0.010106646825396826
decode,code,12,29,53,160,0.00992063492063492
decode,code,12,30,41,158,0.009796626984126984
decode,code,12,31,29,156,0.009672619047619048
decode,code,12,32,21,150,0.009300595238095238
decode,code,12,33,14,142,0.008804563492063492
decode,code,12,34,32,138,0.00855654761904762
decode,code,12,35,4,137,0.00849454365079365
decode,code,12,36,28,135,0.008370535714285714
decode,code,12,37,44,134,0.008308531746031746
decode,code,12,38,56,131,0.008122519841269842
decode,code,12,39,46,129,0.007998511904761904
decode,code,12,40,26,128,0.007936507936507936
decode,code,12,41,12,126,0.0078125
decode,code,12,42,7,123,0.007626488095238095
decode,code,12,43,34,111,0.006882440476190476
decode,code,12,44,15,106,0.006572420634920635
decode,code,12,45,62,96,0.005952380952380952
decode,code,12,46,36,89,0.005518353174603175
decode,code,12,47,42,84,0.005208333333333333
decode,code,12,48,0,68,0.004216269841269841
decode,code,12,49,16,67,0.004154265873015873
decode,code,12,50,49,66,0.004092261904761905
decode,code,12,51,3,48,0.002976190476190476
decode,code,12,52,1,37,0.0022941468253968255
decode,code,12,53,40,36,0.002232142857142857
decode,code,12,54,25,19,0.0011780753968253968
decode,code,12,55,61,17,0.0010540674603174603
decode,code,12,56,5,15,0.0009300595238095238
decode,code,12,57,33,11,0.0006820436507936508
decode,code,12,58,63,6,0.0003720238095238095
decode,code,12,59,27,4,0.000248015873015873
decode,code,12,60,11,2,0.0001240079365079365
decode,code,12,61,35,1,6.200396825396825e-05
decode,code,12,62,37,1,6.200396825396825e-05
decode,code,13,1,2,1726,0.1070188492063492
decode,code,13,2,6,1429,0.08860367063492064
decode,code,13,3,25,1413,0.08761160714285714
decode,code,13,4,62,1163,0.07211061507936507
decode,code,13,5,61,1043,0.0646701388888889
decode,code,13,6,11,872,0.05406746031746032
decode,code,13,7,5,565,0.035032242063492064
decode,code,13,8,55,502,0.031125992063492064
decode,code,13,9,32,476,0.029513888888888888
decode,code,13,10,7,376,0.023313492063492064
decode,code,13,11,3,364,0.022569444444444444
decode,code,13,12,21,343,0.021267361111111112
decode,code,13,13,54,305,0.018911210317460316
decode,code,13,14,45,290,0.017981150793650792
decode,code,13,15,4,289,0.017919146825396824
decode,code,13,16,31,251,0.015562996031746032
decode,code,13,17,27,247,0.015314980158730158
decode,code,13,18,10,190,0.011780753968253968
decode,code,13,19,28,185,0.011470734126984126
decode,code,13,20,20,183,0.01134672619047619
decode,code,13,21,22,175,0.010850694444444444
decode,code,13,22,23,173,0.010726686507936508
decode,code,13,23,41,169,0.010478670634920634
decode,code,13,24,39,168,0.010416666666666666
decode,code,13,25,51,159,0.009858630952380952
decode,code,13,26,35,157,0.009734623015873016
decode,code,13,27,42,145,0.008990575396825396
decode,code,13,28,47,144,0.008928571428571428
decode,code,13,29,8,135,0.008370535714285714
decode,code,13,30,34,133,0.008246527777777778
decode,code,13,31,18,132,0.00818452380952381
decode,code,13,32,46,129,0.007998511904761904
decode,code,13,33,1,122,0.007564484126984127
decode,code,13,34,17,115,0.007130456349206349
decode,code,13,35,58,105,0.006510416666666667
decode,code,13,36,50,101,0.006262400793650794
decode,code,13,37,19,100,0.006200396825396825
decode,code,13,38,26,98,0.006076388888888889
decode,code,13,39,29,97,0.006014384920634921
decode,code,13,40,0,95,0.005890376984126984
decode,code,13,41,9,94,0.005828373015873016
decode,code,13,42,59,87,0.005394345238095238
decode,code,13,43,12,86,0.00533234126984127
decode,code,13,44,38,86,0.00533234126984127
decode,code,13,45,24,83,0.005146329365079365
decode,code,13,46,57,81,0.005022321428571429
decode,code,13,47,30,80,0.00496031746031746
decode,code,13,48,43,73,0.004526289682539683
decode,code,13,49,16,73,0.004526289682539683
decode,code,13,50,37,66,0.004092261904761905
decode,code,13,51,60,65,0.004030257936507937
decode,code,13,52,36,61,0.0037822420634920635
decode,code,13,53,15,61,0.0037822420634920635
decode,code,13,54,53,51,0.003162202380952381
decode,code,13,55,40,38,0.0023561507936507935
decode,code,13,56,44,35,0.002170138888888889
decode,code,13,57,33,35,0.002170138888888889
decode,code,13,58,49,27,0.0016741071428571428
decode,code,13,59,13,19,0.0011780753968253968
decode,code,13,60,52,18,0.0011160714285714285
decode,code,13,61,48,16,0.000992063492063492
decode,code,13,62,14,11,0.0006820436507936508
decode,code,13,63,56,11,0.0006820436507936508
decode,code,13,64,63,7,0.00043402777777777775
decode,code,14,1,6,1505,0.09331597222222222
decode,code,14,2,58,1359,0.08426339285714286
decode,code,14,3,36,1347,0.08351934523809523
decode,code,14,4,11,697,0.04321676587301587
decode,code,14,5,28,643,0.039868551587301584
decode,code,14,6,24,609,0.037760416666666664
decode,code,14,7,42,595,0.03689236111111111
decode,code,14,8,9,545,0.033792162698412696
decode,code,14,9,7,502,0.031125992063492064
decode,code,14,10,34,467,0.028955853174603176
decode,code,14,11,12,416,0.025793650793650792
decode,code,14,12,52,405,0.025111607142857144
decode,code,14,13,54,366,0.02269345238095238
decode,code,14,14,39,365,0.022631448412698412
decode,code,14,15,35,348,0.021577380952380952
decode,code,14,16,60,341,0.021143353174603176
decode,code,14,17,4,259,0.016059027777777776
decode,code,14,18,57,237,0.014694940476190476
decode,code,14,19,29,223,0.01382688492063492
decode,code,14,20,17,219,0.013578869047619048
decode,code,14,21,27,218,0.01351686507936508
decode,code,14,22,13,218,0.01351686507936508
decode,code,14,23,1,215,0.013330853174603174
decode,code,14,24,56,200,0.01240079365079365
decode,code,14,25,22,197,0.012214781746031746
decode,code,14,26,19,188,0.011656746031746032
decode,code,14,27,47,185,0.011470734126984126
decode,code,14,28,38,179,0.011098710317460318
decode,code,14,29,61,178,0.01103670634920635
decode,code,14,30,15,173,0.010726686507936508
decode,code,14,31,46,169,0.010478670634920634
decode,code,14,32,40,159,0.009858630952380952
decode,code,14,33,20,157,0.009734623015873016
decode,code,14,34,23,157,0.009734623015873016
decode,code,14,35,26,151,0.009362599206349206
decode,code,14,36,53,142,0.008804563492063492
decode,code,14,37,63,139,0.008618551587301588
decode,code,14,38,44,135,0.008370535714285714
decode,code,14,39,50,133,0.008246527777777778
decode,code,14,40,45,129,0.007998511904761904
decode,code,14,41,32,119,0.007378472222222222
decode,code,14,42,16,119,0.007378472222222222
decode,code,14,43,5,108,0.006696428571428571
decode,code,14,44,41,102,0.006324404761904762
decode,code,14,45,48,101,0.006262400793650794
decode,code,14,46,10,88,0.005456349206349206
decode,code,14,47,49,74,0.004588293650793651
decode,code,14,48,8,70,0.004340277777777778
decode,code,14,49,59,68,0.004216269841269841
decode,code,14,50,31,62,0.0038442460317460315
decode,code,14,51,51,50,0.0031001984126984125
decode,code,14,52,0,42,0.0026041666666666665
decode,code,14,53,18,41,0.0025421626984126985
decode,code,14,54,62,41,0.0025421626984126985
decode,code,14,55,30,34,0.0021081349206349205
decode,code,14,56,33,32,0.001984126984126984
decode,code,14,57,25,31,0.0019221230158730158
decode,code,14,58,37,26,0.0016121031746031745
decode,code,14,59,21,16,0.000992063492063492
decode,code,14,60,43,9,0.0005580357142857143
decode,code,14,61,55,7,0.00043402777777777775
decode,code,14,62,14,7,0.00043402777777777775
decode,code,14,63,2,6,0.0003720238095238095
decode,code,14,64,3,5,0.00031001984126984125
decode,code,15,1,8,1311,0.08128720238095238
decode,code,15,2,30,1246,0.07725694444444445
decode,code,15,3,17,1223,0.07583085317460317
decode,code,15,4,44,1153,0.07149057539682539
decode,code,15,5,1,596,0.03695436507936508
decode,code,15,6,58,563,0.03490823412698413
decode,code,15,7,29,540,0.033482142857142856
decode,code,15,8,36,487,0.03019593253968254
decode,code,15,9,33,469,0.029079861111111112
decode,code,15,10,11,408,0.025297619047619048
decode,code,15,11,60,398,0.024677579365079364
decode,code,15,12,22,368,0.022817460317460316
decode,code,15,13,37,364,0.022569444444444444
decode,code,15,14,35,350,0.021701388888888888
decode,code,15,15,6,346,0.021453373015873016
decode,code,15,16,19,346,0.021453373015873016
decode,code,15,17,20,332,0.02058531746031746
decode,code,15,18,32,328,0.020337301587301588
decode,code,15,19,57,321,0.019903273809523808
decode,code,15,20,9,314,0.019469246031746032
decode,code,15,21,16,313,0.019407242063492064
decode,code,15,22,5,307,0.019035218253968252
decode,code,15,23,53,305,0.018911210317460316
decode,code,15,24,24,274,0.0169890873015873
decode,code,15,25,34,272,0.016865079365079364
decode,code,15,26,12,254,0.015749007936507936
decode,code,15,27,43,213,0.013206845238095238
decode,code,15,28,55,173,0.010726686507936508
decode,code,15,29,21,166,0.01029265873015873
decode,code,15,30,3,163,0.010106646825396826
decode,code,15,31,52,150,0.009300595238095238
decode,code,15,32,0,134,0.008308531746031746
decode,code,15,33,31,130,0.008060515873015874
decode,code,15,34,50,130,0.008060515873015874
decode,code,15,35,2,111,0.006882440476190476
decode,code,15,36,63,108,0.006696428571428571
decode,code,15,37,4,100,0.006200396825396825
decode,code,15,38,56,98,0.006076388888888889
decode,code,15,39,54,98,0.006076388888888889
decode,code,15,40,15,92,0.005704365079365079
decode,code,15,41,23,91,0.005642361111111111
decode,code,15,42,62,83,0.005146329365079365
decode,code,15,43,47,83,0.005146329365079365
decode,code,15,44,46,81,0.005022321428571429
decode,code,15,45,10,76,0.004712301587301587
decode,code,15,46,61,75,0.004650297619047619
decode,code,15,47,41,69,0.00427827380952381
decode,code,15,48,42,63,0.00390625
decode,code,15,49,7,59,0.003658234126984127
decode,code,15,50,40,59,0.003658234126984127
decode,code,15,51,28,56,0.003472222222222222
decode,code,15,52,13,55,0.003410218253968254
decode,code,15,53,59,49,0.0030381944444444445
decode,code,15,54,48,45,0.0027901785714285715
decode,code,15,55,18,42,0.0026041666666666665
decode,code,15,56,45,35,0.002170138888888889
decode,code,15,57,27,18,0.0011160714285714285
decode,code,15,58,26,13,0.0008060515873015873
decode,code,15,59,39,8,0.000496031746031746
decode,code,15,60,51,5,0.00031001984126984125
decode,code,15,61,14,4,0.000248015873015873
decode,code,15,62,25,3,0.00018601190476190475
decode,code,15,63,38,1,6.200396825396825e-05
decode,code,15,64,49,1,6.200396825396825e-05
decode,conversation,0,1,6,746,0.04747963340122199
decode,conversation,0,2,41,719,0.045761201629327904
decode,conversation,0,3,23,460,0.029276985743380855
decode,conversation,0,4,0,350,0.022275967413441955
decode,conversation,0,5,40,336,0.021384928716904276
decode,conversation,0,6,58,323,0.020557535641547862
decode,conversation,0,7,18,322,0.020493890020366598
decode,conversation,0,8,8,312,0.01985743380855397
decode,conversation,0,9,49,311,0.019793788187372707
decode,conversation,0,10,53,306,0.019475560081466396
decode,conversation,0,11,22,306,0.019475560081466396
decode,conversation,0,12,21,303,0.019284623217922608
decode,conversation,0,13,60,300,0.01909368635437882
decode,conversation,0,14,20,298,0.018966395112016293
decode,conversation,0,15,13,292,0.018584521384928717
decode,conversation,0,16,52,278,0.01769348268839104
decode,conversation,0,17,36,271,0.0172479633401222
decode,conversation,0,18,38,267,0.016993380855397148
decode,conversation,0,19,5,264,0.01680244399185336
decode,conversation,0,20,24,263,0.016738798370672096
decode,conversation,0,21,51,263,0.016738798370672096
decode,conversation,0,22,9,260,0.01654786150712831
decode,conversation,0,23,17,255,0.016229633401221997
decode,conversation,0,24,7,255,0.016229633401221997
decode,conversation,0,25,39,253,0.01610234215885947
decode,conversation,0,26,44,250,0.01591140529531568
decode,conversation,0,27,42,246,0.01565682281059063
decode,conversation,0,28,55,233,0.014829429735234215
decode,conversation,0,29,59,232,0.014765784114052953
decode,conversation,0,30,46,228,0.014511201629327902
decode,conversation,0,31,61,224,0.014256619144602852
decode,conversation,0,32,19,223,0.014192973523421588
decode,conversation,0,33,30,222,0.014129327902240326
decode,conversation,0,34,50,221,0.014065682281059063
decode,conversation,0,35,31,218,0.013874745417515275
decode,conversation,0,36,54,217,0.013811099796334013
decode,conversation,0,37,16,214,0.013620162932790223
decode,conversation,0,38,45,211,0.013429226069246436
decode,conversation,0,39,43,210,0.013365580448065174
decode,conversation,0,40,10,210,0.013365580448065174
decode,conversation,0,41,48,208,0.013238289205702648
decode,conversation,0,42,14,205,0.01304735234215886
decode,conversation,0,43,63,204,0.012983706720977596
decode,conversation,0,44,33,203,0.012920061099796334
decode,conversation,0,45,26,202,0.01285641547861507
decode,conversation,0,46,56,199,0.012665478615071283
decode,conversation,0,47,32,197,0.012538187372708757
decode,conversation,0,48,12,189,0.012029022403258656
decode,conversation,0,49,25,185,0.011774439918533604
decode,conversation,0,50,29,177,0.011265274949083503
decode,conversation,0,51,2,176,0.01120162932790224
decode,conversation,0,52,28,169,0.010756109979633402
decode,conversation,0,53,15,168,0.010692464358452138
decode,conversation,0,54,3,164,0.010437881873727087
decode,conversation,0,55,1,164,0.010437881873727087
decode,conversation,0,56,47,161,0.010246945010183299
decode,conversation,0,57,35,159,0.010119653767820773
decode,conversation,0,58,37,155,0.009865071283095724
decode,conversation,0,59,11,154,0.00980142566191446
decode,conversation,0,60,27,148,0.009419551934826884
decode,conversation,0,61,62,140,0.008910386965376781
decode,conversation,0,62,4,138,0.008783095723014257
decode,conversation,0,63,34,128,0.008146639511201629
decode,conversation,0,64,57,47,0.002991344195519348
decode,conversation,1,1,47,506,0.03220468431771894
decode,conversation,1,2,12,433,0.027558553971486762
decode,conversation,1,3,25,393,0.025012729124236254
decode,conversation,1,4,18,375,0.023867107942973524
decode,conversation,1,5,21,363,0.02310336048879837
decode,conversation,1,6,15,352,0.02240325865580448
decode,conversation,1,7,60,350,0.022275967413441955
decode,conversation,1,8,37,331,0.021066700610997965
decode,conversation,1,9,45,324,0.020621181262729125
decode,conversation,1,10,35,321,0.020430244399185338
decode,conversation,1,11,40,316,0.020112016293279023
decode,conversation,1,12,62,310,0.019730142566191447
decode,conversation,1,13,20,308,0.01960285132382892
decode,conversation,1,14,29,300,0.01909368635437882
decode,conversation,1,15,53,293,0.01864816700610998
decode,conversation,1,16,27,293,0.01864816700610998
decode,conversation,1,17,23,291,0.018520875763747453
decode,conversation,1,18,9,288,0.018329938900203666
decode,conversation,1,19,49,283,0.018011710794297354
decode,conversation,1,20,5,276,0.017566191446028515
decode,conversation,1,21,42,275,0.01750254582484725
decode,conversation,1,22,57,274,0.017438900203665987
decode,conversation,1,23,30,271,0.0172479633401222
decode,conversation,1,24,59,271,0.0172479633401222
decode,conversation,1,25,63,261,0.016611507128309572
decode,conversation,1,26,32,259,0.01648421588594705
decode,conversation,1,27,14,256,0.016293279022403257
decode,conversation,1,28,17,245,0.015593177189409368
decode,conversation,1,29,52,244,0.015529531568228106
decode,conversation,1,30,50,244,0.015529531568228106
decode,conversation,1,31,54,239,0.015211303462321793
decode,conversation,1,32,3,236,0.015020366598778005
decode,conversation,1,33,44,234,0.01489307535641548
decode,conversation,1,34,39,233,0.014829429735234215
decode,conversation,1,35,11,227,0.01444755600814664
decode,conversation,1,36,31,227,0.01444755600814664
decode,conversation,1,37,46,226,0.014383910386965376
decode,conversation,1,38,36,226,0.014383910386965376
decode,conversation,1,39,1,225,0.014320264765784114
decode,conversation,1,40,58,225,0.014320264765784114
decode,conversation,1,41,16,224,0.014256619144602852
decode,conversation,1,42,0,224,0.014256619144602852
decode,conversation,1,43,51,216,0.01374745417515275
decode,conversation,1,44,7,214,0.013620162932790223
decode,conversation,1,45,48,214,0.013620162932790223
decode,conversation,1,46,2,208,0.013238289205702648
decode,conversation,1,47,41,200,0.012729124236252547
decode,conversation,1,48,13,198,0.012601832993890021
decode,conversation,1,49,22,196,0.012474541751527495
decode,conversation,1,50,24,191,0.012156313645621182
decode,conversation,1,51,19,185,0.011774439918533604
decode,conversation,1,52,34,182,0.011583503054989817
decode,conversation,1,53,8,176,0.01120162932790224
decode,conversation,1,54,55,175,0.011137983706720977
decode,conversation,1,55,26,166,0.010565173116089613
decode,conversation,1,56,61,161,0.010246945010183299
decode,conversation,1,57,28,156,0.009928716904276986
decode,conversation,1,58,4,147,0.00935590631364562
decode,conversation,1,59,33,139,0.00884674134419552
decode,conversation,1,60,6,139,0.00884674134419552
decode,conversation,1,61,56,128,0.008146639511201629
decode,conversation,1,62,38,108,0.006873727087576375
decode,conversation,1,63,43,98,0.006237270875763748
decode,conversation,1,64,10,63,0.004009674134419552
decode,conversation,2,1,15,427,0.027176680244399187
decode,conversation,2,2,63,388,0.02469450101832994
decode,conversation,2,3,35,379,0.024121690427698576
decode,conversation,2,4,60,363,0.02310336048879837
decode,conversation,2,5,40,354,0.022530549898167006
decode,conversation,2,6,1,353,0.022466904276985743
decode,conversation,2,7,23,339,0.021575865580448064
decode,conversation,2,8,13,337,0.02144857433808554
decode,conversation,2,9,27,335,0.021321283095723013
decode,conversation,2,10,11,329,0.020939409368635437
decode,conversation,2,11,33,318,0.020239307535641547
decode,conversation,2,12,16,315,0.02004837067209776
decode,conversation,2,13,22,314,0.0199847250509165
decode,conversation,2,14,19,312,0.01985743380855397
decode,conversation,2,15,14,308,0.01960285132382892
decode,conversation,2,16,8,306,0.019475560081466396
decode,conversation,2,17,46,305,0.019411914460285132
decode,conversation,2,18,26,302,0.019220977596741344
decode,conversation,2,19,5,301,0.01915733197556008
decode,conversation,2,20,41,290,0.018457230142566193
decode,conversation,2,21,29,288,0.018329938900203666
decode,conversation,2,22,54,283,0.018011710794297354
decode,conversation,2,23,47,280,0.017820773930753563
decode,conversation,2,24,53,279,0.017757128309572302
decode,conversation,2,25,37,278,0.01769348268839104
decode,conversation,2,26,36,277,0.017629837067209775
decode,conversation,2,27,20,269,0.017120672097759675
decode,conversation,2,28,45,261,0.016611507128309572
decode,conversation,2,29,30,252,0.01603869653767821
decode,conversation,2,30,38,252,0.01603869653767821
decode,conversation,2,31,18,252,0.01603869653767821
decode,conversation,2,32,58,242,0.01540224032586558
decode,conversation,2,33,0,242,0.01540224032586558
decode,conversation,2,34,50,237,0.015084012219959267
decode,conversation,2,35,62,229,0.014574847250509166
decode,conversation,2,36,48,228,0.014511201629327902
decode,conversation,2,37,56,225,0.014320264765784114
decode,conversation,2,38,39,222,0.014129327902240326
decode,conversation,2,39,34,221,0.014065682281059063
decode,conversation,2,40,3,218,0.013874745417515275
decode,conversation,2,41,6,217,0.013811099796334013
decode,conversation,2,42,44,214,0.013620162932790223
decode,conversation,2,43,4,212,0.0134928716904277
decode,conversation,2,44,21,212,0.0134928716904277
decode,conversation,2,45,9,210,0.013365580448065174
decode,conversation,2,46,28,210,0.013365580448065174
decode,conversation,2,47,12,198,0.012601832993890021
decode,conversation,2,48,31,195,0.012410896130346231
decode,conversation,2,49,49,193,0.012283604887983707
decode,conversation,2,50,24,192,0.012219959266802444
decode,conversation,2,51,61,182,0.011583503054989817
decode,conversation,2,52,32,176,0.01120162932790224
decode,conversation,2,53,59,176,0.01120162932790224
decode,conversation,2,54,57,171,0.010883401221995926
decode,conversation,2,55,52,170,0.010819755600814664
decode,conversation,2,56,7,164,0.010437881873727087
decode,conversation,2,57,25,154,0.00980142566191446
decode,conversation,2,58,17,153,0.009737780040733198
decode,conversation,2,59,43,128,0.008146639511201629
decode,conversation,2,60,42,112,0.007128309572301426
decode,conversation,2,61,51,102,0.006491853360488798
decode,conversation,2,62,55,95,0.006046334012219959
decode,conversation,2,63,10,85,0.005409877800407332
decode,conversation,2,64,2,81,0.005155295315682281
decode,conversation,3,1,45,562,0.03576883910386965
decode,conversation,3,2,56,445,0.028322301425661913
decode,conversation,3,3,62,439,0.027940427698574338
decode,conversation,3,4,31,435,0.027685845213849286
decode,conversation,3,5,57,434,0.027622199592668026
decode,conversation,3,6,30,405,0.025776476578411405
decode,conversation,3,7,61,394,0.025076374745417514
decode,conversation,3,8,59,382,0.024312627291242363
decode,conversation,3,9,38,376,0.023930753564154784
decode,conversation,3,10,58,362,0.02303971486761711
decode,conversation,3,11,49,362,0.02303971486761711
decode,conversation,3,12,54,343,0.021830448065173116
decode,conversation,3,13,35,340,0.021639511201629328
decode,conversation,3,14,9,337,0.02144857433808554
decode,conversation,3,15,18,334,0.021257637474541752
decode,conversation,3,16,15,325,0.020684826883910386
decode,conversation,3,17,19,325,0.020684826883910386
decode,conversation,3,18,28,324,0.020621181262729125
decode,conversation,3,19,12,305,0.019411914460285132
decode,conversation,3,20,40,300,0.01909368635437882
decode,conversation,3,21,37,298,0.018966395112016293
decode,conversation,3,22,42,292,0.018584521384928717
decode,conversation,3,23,20,271,0.0172479633401222
decode,conversation,3,24,10,261,0.016611507128309572
decode,conversation,3,25,0,259,0.01648421588594705
decode,conversation,3,26,8,257,0.01635692464358452
decode,conversation,3,27,6,255,0.016229633401221997
decode,conversation,3,28,33,253,0.01610234215885947
decode,conversation,3,29,27,252,0.01603869653767821
decode,conversation,3,30,2,244,0.015529531568228106
decode,conversation,3,31,11,242,0.01540224032586558
decode,conversation,3,32,39,241,0.015338594704684318
decode,conversation,3,33,22,233,0.014829429735234215
decode,conversation,3,34,43,232,0.014765784114052953
decode,conversation,3,35,1,232,0.014765784114052953
decode,conversation,3,36,46,231,0.01470213849287169
decode,conversation,3,37,21,229,0.014574847250509166
decode,conversation,3,38,4,222,0.014129327902240326
decode,conversation,3,39,52,220,0.0140020366598778
decode,conversation,3,40,34,218,0.013874745417515275
decode,conversation,3,41,47,217,0.013811099796334013
decode,conversation,3,42,63,213,0.013556517311608961
decode,conversation,3,43,32,201,0.012792769857433809
decode,conversation,3,44,51,199,0.012665478615071283
decode,conversation,3,45,36,193,0.012283604887983707
decode,conversation,3,46,50,193,0.012283604887983707
decode,conversation,3,47,48,186,0.011838085539714868
decode,conversation,3,48,7,184,0.011710794297352342
decode,conversation,3,49,5,174,0.011074338085539715
decode,conversation,3,50,41,171,0.010883401221995926
decode,conversation,3,51,29,156,0.009928716904276986
decode,conversation,3,52,3,125,0.00795570264765784
decode,conversation,3,53,25,118,0.0075101832993890024
decode,conversation,3,54,13,117,0.00744653767820774
decode,conversation,3,55,44,115,0.007319246435845214
decode,conversation,3,56,24,104,0.006619144602851324
decode,conversation,3,57,55,103,0.006555498981670061
decode,conversation,3,58,53,91,0.005791751527494908
decode,conversation,3,59,60,91,0.005791751527494908
decode,conversation,3,60,26,91,0.005791751527494908
decode,conversation,3,61,16,76,0.004837067209775967
decode,conversation,3,62,17,52,0.003309572301425662
decode,conversation,3,63,14,47,0.002991344195519348
decode,conversation,3,64,23,24,0.0015274949083503055
decode,conversation,4,1,17,664,0.04226069246435845
decode,conversation,4,2,41,545,0.034686863543788186
decode,conversation,4,3,62,496,0.031568228105906315
decode,conversation,4,4,56,428,0.027240325865580447
decode,conversation,4,5,43,397,0.025267311608961302
decode,conversation,4,6,59,383,0.024376272912423624
decode,conversation,4,7,23,382,0.024312627291242363
decode,conversation,4,8,44,381,0.0242489816700611
decode,conversation,4,9,0,350,0.022275967413441955
decode,conversation,4,10,13,330,0.0210030549898167
decode,conversation,4,11,21,325,0.020684826883910386
decode,conversation,4,12,46,320,0.020366598778004074
decode,conversation,4,13,26,316,0.020112016293279023
decode,conversation,4,14,42,308,0.01960285132382892
decode,conversation,4,15,35,291,0.018520875763747453
decode,conversation,4,16,53,289,0.01839358452138493
decode,conversation,4,17,8,287,0.018266293279022402
decode,conversation,4,18,27,285,0.018139002036659878
decode,conversation,4,19,19,279,0.017757128309572302
decode,conversation,4,20,61,277,0.017629837067209775
decode,conversation,4,21,29,277,0.017629837067209775
decode,conversation,4,22,60,272,0.017311608961303463
decode,conversation,4,23,33,270,0.017184317718940936
decode,conversation,4,24,25,261,0.016611507128309572
decode,conversation,4,25,7,261,0.016611507128309572
decode,conversation,4,26,5,259,0.01648421588594705
decode,conversation,4,27,55,259,0.01648421588594705
decode,conversation,4,28,57,258,0.016420570264765785
decode,conversation,4,29,48,254,0.016165987780040733
decode,conversation,4,30,36,250,0.01591140529531568
decode,conversation,4,31,20,243,0.015465885947046842
decode,conversation,4,32,38,243,0.015465885947046842
decode,conversation,4,33,45,239,0.015211303462321793
decode,conversation,4,34,58,227,0.01444755600814664
decode,conversation,4,35,14,227,0.01444755600814664
decode,conversation,4,36,6,225,0.014320264765784114
decode,conversation,4,37,10,220,0.0140020366598778
decode,conversation,4,38,52,218,0.013874745417515275
decode,conversation,4,39,50,218,0.013874745417515275
decode,conversation,4,40,18,213,0.013556517311608961
decode,conversation,4,41,24,201,0.012792769857433809
decode,conversation,4,42,40,200,0.012729124236252547
decode,conversation,4,43,2,189,0.012029022403258656
decode,conversation,4,44,1,188,0.011965376782077392
decode,conversation,4,45,9,187,0.01190173116089613
decode,conversation,4,46,34,178,0.011328920570264765
decode,conversation,4,47,51,176,0.01120162932790224
decode,conversation,4,48,39,173,0.011010692464358452
decode,conversation,4,49,31,170,0.010819755600814664
decode,conversation,4,50,11,154,0.00980142566191446
decode,conversation,4,51,49,152,0.009674134419551934
decode,conversation,4,52,22,150,0.00954684317718941
decode,conversation,4,53,16,146,0.009292260692464359
decode,conversation,4,54,30,145,0.009228615071283097
decode,conversation,4,55,28,130,0.008273930753564154
decode,conversation,4,56,37,128,0.008146639511201629
decode,conversation,4,57,12,125,0.00795570264765784
decode,conversation,4,58,63,124,0.007892057026476579
decode,conversation,4,59,3,114,0.007255600814663951
decode,conversation,4,60,32,101,0.006428207739307535
decode,conversation,4,61,54,96,0.006109979633401222
decode,conversation,4,62,4,96,0.006109979633401222
decode,conversation,4,63,47,90,0.0057281059063136455
decode,conversation,4,64,15,72,0.004582484725050916
decode,conversation,5,1,13,601,0.0382510183299389
decode,conversation,5,2,0,539,0.03430498981670061
decode,conversation,5,3,27,427,0.027176680244399187
decode,conversation,5,4,21,395,0.025140020366598778
decode,conversation,5,5,52,386,0.024567209775967415
decode,conversation,5,6,42,382,0.024312627291242363
decode,conversation,5,7,8,373,0.023739816700610997
decode,conversation,5,8,2,368,0.023421588594704685
decode,conversation,5,9,36,367,0.02335794297352342
decode,conversation,5,10,30,342,0.021766802443991852
decode,conversation,5,11,54,341,0.02170315682281059
decode,conversation,5,12,22,340,0.021639511201629328
decode,conversation,5,13,58,339,0.021575865580448064
decode,conversation,5,14,1,334,0.021257637474541752
decode,conversation,5,15,41,333,0.02119399185336049
decode,conversation,5,16,48,330,0.0210030549898167
decode,conversation,5,17,38,326,0.02074847250509165
decode,conversation,5,18,17,324,0.020621181262729125
decode,conversation,5,19,14,316,0.020112016293279023
decode,conversation,5,20,18,316,0.020112016293279023
decode,conversation,5,21,59,293,0.01864816700610998
decode,conversation,5,22,11,278,0.01769348268839104
decode,conversation,5,23,31,262,0.016675152749490836
decode,conversation,5,24,60,262,0.016675152749490836
decode,conversation,5,25,10,262,0.016675152749490836
decode,conversation,5,26,57,254,0.016165987780040733
decode,conversation,5,27,29,250,0.01591140529531568
decode,conversation,5,28,34,240,0.015274949083503055
decode,conversation,5,29,26,238,0.015147657841140529
decode,conversation,5,30,61,229,0.014574847250509166
decode,conversation,5,31,24,227,0.01444755600814664
decode,conversation,5,32,39,224,0.014256619144602852
decode,conversation,5,33,47,223,0.014192973523421588
decode,conversation,5,34,20,222,0.014129327902240326
decode,conversation,5,35,45,218,0.013874745417515275
decode,conversation,5,36,49,215,0.013683808553971487
decode,conversation,5,37,37,215,0.013683808553971487
decode,conversation,5,38,51,214,0.013620162932790223
decode,conversation,5,39,56,204,0.012983706720977596
decode,conversation,5,40,19,202,0.01285641547861507
decode,conversation,5,41,9,201,0.012792769857433809
decode,conversation,5,42,63,192,0.012219959266802444
decode,conversation,5,43,33,184,0.011710794297352342
decode,conversation,5,44,55,175,0.011137983706720977
decode,conversation,5,45,25,174,0.011074338085539715
decode,conversation,5,46,35,173,0.011010692464358452
decode,conversation,5,47,4,169,0.010756109979633402
decode,conversation,5,48,62,169,0.010756109979633402
decode,conversation,5,49,7,165,0.01050152749490835
decode,conversation,5,50,3,162,0.010310590631364563
decode,conversation,5,51,6,158,0.010056008146639511
decode,conversation,5,52,12,158,0.010056008146639511
decode,conversation,5,53,44,151,0.009610488798370672
decode,conversation,5,54,16,144,0.009164969450101833
decode,conversation,5,55,53,141,0.008974032586558045
decode,conversation,5,56,23,133,0.008464867617107944
decode,conversation,5,57,50,132,0.00840122199592668
decode,conversation,5,58,5,120,0.007637474541751527
decode,conversation,5,59,28,113,0.007191955193482688
decode,conversation,5,60,43,108,0.006873727087576375
decode,conversation,5,61,15,108,0.006873727087576375
decode,conversation,5,62,32,94,0.005982688391038696
decode,conversation,5,63,46,92,0.005855397148676171
decode,conversation,5,64,40,85,0.005409877800407332
decode,conversation,6,1,18,771,0.04907077393075356
decode,conversation,6,2,33,681,0.043342668024439916
decode,conversation,6,3,5,608,0.038696537678207736
decode,conversation,6,4,55,437,0.027813136456211814
decode,conversation,6,5,38,436,0.02774949083503055
decode,conversation,6,6,62,432,0.0274949083503055
decode,conversation,6,7,16,415,0.026412932790224032
decode,conversation,6,8,52,399,0.02539460285132383
decode,conversation,6,9,42,394,0.025076374745417514
decode,conversation,6,10,36,393,0.025012729124236254
decode,conversation,6,11,12,390,0.024821792260692463
decode,conversation,6,12,57,364,0.023167006109979633
decode,conversation,6,13,48,353,0.022466904276985743
decode,conversation,6,14,60,351,0.02233961303462322
decode,conversation,6,15,59,344,0.02189409368635438
decode,conversation,6,16,56,308,0.01960285132382892
decode,conversation,6,17,25,304,0.019348268839103868
decode,conversation,6,18,26,295,0.018775458248472505
decode,conversation,6,19,2,292,0.018584521384928717
decode,conversation,6,20,6,272,0.017311608961303463
decode,conversation,6,21,17,267,0.016993380855397148
decode,conversation,6,22,24,263,0.016738798370672096
decode,conversation,6,23,0,263,0.016738798370672096
decode,conversation,6,24,29,254,0.016165987780040733
decode,conversation,6,25,63,249,0.015847759674134418
decode,conversation,6,26,47,240,0.015274949083503055
decode,conversation,6,27,27,227,0.01444755600814664
decode,conversation,6,28,13,223,0.014192973523421588
decode,conversation,6,29,40,217,0.013811099796334013
decode,conversation,6,30,41,214,0.013620162932790223
decode,conversation,6,31,4,211,0.013429226069246436
decode,conversation,6,32,49,207,0.013174643584521384
decode,conversation,6,33,3,197,0.012538187372708757
decode,conversation,6,34,21,194,0.01234725050916497
decode,conversation,6,35,1,193,0.012283604887983707
decode,conversation,6,36,37,188,0.011965376782077392
decode,conversation,6,37,61,187,0.01190173116089613
decode,conversation,6,38,50,186,0.011838085539714868
decode,conversation,6,39,53,185,0.011774439918533604
decode,conversation,6,40,44,182,0.011583503054989817
decode,conversation,6,41,46,182,0.011583503054989817
decode,conversation,6,42,39,173,0.011010692464358452
decode,conversation,6,43,20,163,0.010374236252545825
decode,conversation,6,44,30,160,0.010183299389002037
decode,conversation,6,45,11,158,0.010056008146639511
decode,conversation,6,46,15,150,0.00954684317718941
decode,conversation,6,47,10,149,0.009483197556008146
decode,conversation,6,48,35,146,0.009292260692464359
decode,conversation,6,49,31,144,0.009164969450101833
decode,conversation,6,50,23,142,0.009037678207739307
decode,conversation,6,51,22,141,0.008974032586558045
decode,conversation,6,52,19,140,0.008910386965376781
decode,conversation,6,53,51,140,0.008910386965376781
decode,conversation,6,54,7,140,0.008910386965376781
decode,conversation,6,55,54,132,0.00840122199592668
decode,conversation,6,56,32,130,0.008273930753564154
decode,conversation,6,57,58,122,0.007764765784114053
decode,conversation,6,58,45,110,0.0070010183299389
decode,conversation,6,59,9,99,0.0063009164969450105
decode,conversation,6,60,43,94,0.005982688391038696
decode,conversation,6,61,14,92,0.005855397148676171
decode,conversation,6,62,8,91,0.005791751527494908
decode,conversation,6,63,34,65,0.004136965376782077
decode,conversation,6,64,28,63,0.004009674134419552
decode,conversation,7,1,17,522,0.033223014256619145
decode,conversation,7,2,36,490,0.031186354378818736
decode,conversation,7,3,60,458,0.02914969450101833
decode,conversation,7,4,46,452,0.028767820773930752
decode,conversation,7,5,48,413,0.026285641547861508
decode,conversation,7,6,5,413,0.026285641547861508
decode,conversation,7,7,23,412,0.026221995926680244
decode,conversation,7,8,38,394,0.025076374745417514
decode,conversation,7,9,56,388,0.02469450101832994
decode,conversation,7,10,15,383,0.024376272912423624
decode,conversation,7,11,26,379,0.024121690427698576
decode,conversation,7,12,4,356,0.02265784114052953
decode,conversation,7,13,41,351,0.02233961303462322
decode,conversation,7,14,39,349,0.02221232179226069
decode,conversation,7,15,59,325,0.020684826883910386
decode,conversation,7,16,35,322,0.020493890020366598
decode,conversation,7,17,24,315,0.02004837067209776
decode,conversation,7,18,9,315,0.02004837067209776
decode,conversation,7,19,13,311,0.019793788187372707
decode,conversation,7,20,11,307,0.01953920570264766
decode,conversation,7,21,55,306,0.019475560081466396
decode,conversation,7,22,30,292,0.018584521384928717
decode,conversation,7,23,45,285,0.018139002036659878
decode,conversation,7,24,63,285,0.018139002036659878
decode,conversation,7,25,53,273,0.017375254582484723
decode,conversation,7,26,29,265,0.016866089613034624
decode,conversation,7,27,61,265,0.016866089613034624
decode,conversation,7,28,19,255,0.016229633401221997
decode,conversation,7,29,54,254,0.016165987780040733
decode,conversation,7,30,2,241,0.015338594704684318
decode,conversation,7,31,57,239,0.015211303462321793
decode,conversation,7,32,1,230,0.014638492871690428
decode,conversation,7,33,22,228,0.014511201629327902
decode,conversation,7,34,32,215,0.013683808553971487
decode,conversation,7,35,10,213,0.013556517311608961
decode,conversation,7,36,16,209,0.01330193482688391
decode,conversation,7,37,58,206,0.013110997963340122
decode,conversation,7,38,14,205,0.01304735234215886
decode,conversation,7,39,25,205,0.01304735234215886
decode,conversation,7,40,20,201,0.012792769857433809
decode,conversation,7,41,21,198,0.012601832993890021
decode,conversation,7,42,52,194,0.01234725050916497
decode,conversation,7,43,0,193,0.012283604887983707
decode,conversation,7,44,28,193,0.012283604887983707
decode,conversation,7,45,51,192,0.012219959266802444
decode,conversation,7,46,34,186,0.011838085539714868
decode,conversation,7,47,62,167,0.010628818737270876
decode,conversation,7,48,3,158,0.010056008146639511
decode,conversation,7,49,47,155,0.009865071283095724
decode,conversation,7,50,43,152,0.009674134419551934
decode,conversation,7,51,6,141,0.008974032586558045
decode,conversation,7,52,31,137,0.008719450101832994
decode,conversation,7,53,44,133,0.008464867617107944
decode,conversation,7,54,18,122,0.007764765784114053
decode,conversation,7,55,50,116,0.007382892057026477
decode,conversation,7,56,7,108,0.006873727087576375
decode,conversation,7,57,37,105,0.006682790224032587
decode,conversation,7,58,40,99,0.0063009164969450105
decode,conversation,7,59,8,98,0.006237270875763748
decode,conversation,7,60,12,97,0.006173625254582485
decode,conversation,7,61,49,73,0.004646130346232179
decode,conversation,7,62,42,71,0.0045188391038696535
decode,conversation,7,63,27,62,0.003946028513238289
decode,conversation,7,64,33,35,0.0022275967413441953
decode,conversation,8,1,18,615,0.03914205702647658
decode,conversation,8,2,14,513,0.03265020366598778
decode,conversation,8,3,10,429,0.02730397148676171
decode,conversation,8,4,54,426,0.027113034623217923
decode,conversation,8,5,57,405,0.025776476578411405
decode,conversation,8,6,35,402,0.025585539714867617
decode,conversation,8,7,63,387,0.024630855397148675
decode,conversation,8,8,0,377,0.023994399185336048
decode,conversation,8,9,3,365,0.023230651731160897
decode,conversation,8,10,17,361,0.022976069246435846
decode,conversation,8,11,55,357,0.022721486761710794
decode,conversation,8,12,25,352,0.02240325865580448
decode,conversation,8,13,36,350,0.022275967413441955
decode,conversation,8,14,8,332,0.021130346232179225
decode,conversation,8,15,1,323,0.020557535641547862
decode,conversation,8,16,42,318,0.020239307535641547
decode,conversation,8,17,34,314,0.0199847250509165
decode,conversation,8,18,32,313,0.019921079429735235
decode,conversation,8,19,28,311,0.019793788187372707
decode,conversation,8,20,49,310,0.019730142566191447
decode,conversation,8,21,27,309,0.019666496945010183
decode,conversation,8,22,30,303,0.019284623217922608
decode,conversation,8,23,29,300,0.01909368635437882
decode,conversation,8,24,12,296,0.01883910386965377
decode,conversation,8,25,21,286,0.01820264765784114
decode,conversation,8,26,50,281,0.017884419551934826
decode,conversation,8,27,39,274,0.017438900203665987
decode,conversation,8,28,56,271,0.0172479633401222
decode,conversation,8,29,53,236,0.015020366598778005
decode,conversation,8,30,47,232,0.014765784114052953
decode,conversation,8,31,38,227,0.01444755600814664
decode,conversation,8,32,46,226,0.014383910386965376
decode,conversation,8,33,2,224,0.014256619144602852
decode,conversation,8,34,11,220,0.0140020366598778
decode,conversation,8,35,51,220,0.0140020366598778
decode,conversation,8,36,6,216,0.01374745417515275
decode,conversation,8,37,31,210,0.013365580448065174
decode,conversation,8,38,4,201,0.012792769857433809
decode,conversation,8,39,24,195,0.012410896130346231
decode,conversation,8,40,23,194,0.01234725050916497
decode,conversation,8,41,52,193,0.012283604887983707
decode,conversation,8,42,40,192,0.012219959266802444
decode,conversation,8,43,16,190,0.012092668024439918
decode,conversation,8,44,13,187,0.01190173116089613
decode,conversation,8,45,37,183,0.011647148676171079
decode,conversation,8,46,20,182,0.011583503054989817
decode,conversation,8,47,9,181,0.011519857433808555
decode,conversation,8,48,45,166,0.010565173116089613
decode,conversation,8,49,61,160,0.010183299389002037
decode,conversation,8,50,44,153,0.009737780040733198
decode,conversation,8,51,43,149,0.009483197556008146
decode,conversation,8,52,41,145,0.009228615071283097
decode,conversation,8,53,15,128,0.008146639511201629
decode,conversation,8,54,26,123,0.007828411405295315
decode,conversation,8,55,58,115,0.007319246435845214
decode,conversation,8,56,5,110,0.0070010183299389
decode,conversation,8,57,59,102,0.006491853360488798
decode,conversation,8,58,7,94,0.005982688391038696
decode,conversation,8,59,60,93,0.005919042769857434
decode,conversation,8,60,62,93,0.005919042769857434
decode,conversation,8,61,22,81,0.005155295315682281
decode,conversation,8,62,48,77,0.00490071283095723
decode,conversation,8,63,33,71,0.0045188391038696535
decode,conversation,8,64,19,63,0.004009674134419552
decode,conversation,9,1,5,593,0.0377418533604888
decode,conversation,9,2,13,428,0.027240325865580447
decode,conversation,9,3,35,419,0.026667515274949084
decode,conversation,9,4,37,418,0.02660386965376782
decode,conversation,9,5,46,404,0.02571283095723014
decode,conversation,9,6,21,392,0.02494908350305499
decode,conversation,9,7,58,387,0.024630855397148675
decode,conversation,9,8,12,355,0.02259419551934827
decode,conversation,9,9,0,348,0.02214867617107943
decode,conversation,9,10,55,347,0.022085030549898167
decode,conversation,9,11,53,339,0.021575865580448064
decode,conversation,9,12,42,336,0.021384928716904276
decode,conversation,9,13,16,334,0.021257637474541752
decode,conversation,9,14,28,321,0.020430244399185338
decode,conversation,9,15,47,311,0.019793788187372707
decode,conversation,9,16,48,296,0.01883910386965377
decode,conversation,9,17,54,292,0.018584521384928717
decode,conversation,9,18,19,289,0.01839358452138493
decode,conversation,9,19,51,288,0.018329938900203666
decode,conversation,9,20,27,281,0.017884419551934826
decode,conversation,9,21,59,279,0.017757128309572302
decode,conversation,9,22,29,273,0.017375254582484723
decode,conversation,9,23,2,271,0.0172479633401222
decode,conversation,9,24,43,269,0.017120672097759675
decode,conversation,9,25,38,268,0.01705702647657841
decode,conversation,9,26,4,263,0.016738798370672096
decode,conversation,9,27,32,262,0.016675152749490836
decode,conversation,9,28,15,262,0.016675152749490836
decode,conversation,9,29,18,261,0.016611507128309572
decode,conversation,9,30,23,259,0.01648421588594705
decode,conversation,9,31,45,255,0.016229633401221997
decode,conversation,9,32,39,242,0.01540224032586558
decode,conversation,9,33,26,242,0.01540224032586558
decode,conversation,9,34,52,237,0.015084012219959267
decode,conversation,9,35,41,237,0.015084012219959267
decode,conversation,9,36,36,231,0.01470213849287169
decode,conversation,9,37,30,222,0.014129327902240326
decode,conversation,9,38,8,219,0.013938391038696537
decode,conversation,9,39,49,219,0.013938391038696537
decode,conversation,9,40,56,207,0.013174643584521384
decode,conversation,9,41,33,206,0.013110997963340122
decode,conversation,9,42,6,202,0.01285641547861507
decode,conversation,9,43,63,193,0.012283604887983707
decode,conversation,9,44,1,186,0.011838085539714868
decode,conversation,9,45,44,184,0.011710794297352342
decode,conversation,9,46,34,178,0.011328920570264765
decode,conversation,9,47,61,177,0.011265274949083503
decode,conversation,9,48,22,176,0.01120162932790224
decode,conversation,9,49,14,173,0.011010692464358452
decode,conversation,9,50,17,170,0.010819755600814664
decode,conversation,9,51,20,165,0.01050152749490835
decode,conversation,9,52,7,158,0.010056008146639511
decode,conversation,9,53,50,151,0.009610488798370672
decode,conversation,9,54,62,151,0.009610488798370672
decode,conversation,9,55,24,147,0.00935590631364562
decode,conversation,9,56,11,136,0.008655804480651732
decode,conversation,9,57,10,130,0.008273930753564154
decode,conversation,9,58,3,125,0.00795570264765784
decode,conversation,9,59,25,110,0.0070010183299389
decode,conversation,9,60,60,103,0.006555498981670061
decode,conversation,9,61,40,99,0.0063009164969450105
decode,conversation,9,62,9,99,0.0063009164969450105
decode,conversation,9,63,31,94,0.005982688391038696
decode,conversation,9,64,57,43,0.0027367617107942974
decode,conversation,10,1,16,473,0.03010437881873727
decode,conversation,10,2,17,454,0.02889511201629328
decode,conversation,10,3,37,442,0.028131364562118125
decode,conversation,10,4,35,442,0.028131364562118125
decode,conversation,10,5,56,394,0.025076374745417514
decode,conversation,10,6,1,385,0.02450356415478615
decode,conversation,10,7,52,375,0.023867107942973524
decode,conversation,10,8,32,374,0.02380346232179226
decode,conversation,10,9,2,372,0.023676171079429736
decode,conversation,10,10,36,355,0.02259419551934827
decode,conversation,10,11,30,336,0.021384928716904276
decode,conversation,10,12,22,332,0.021130346232179225
decode,conversation,10,13,62,330,0.0210030549898167
decode,conversation,10,14,10,326,0.02074847250509165
decode,conversation,10,15,6,325,0.020684826883910386
decode,conversation,10,16,28,322,0.020493890020366598
decode,conversation,10,17,38,313,0.019921079429735235
decode,conversation,10,18,47,310,0.019730142566191447
decode,conversation,10,19,43,305,0.019411914460285132
decode,conversation,10,20,53,287,0.018266293279022402
decode,conversation,10,21,0,284,0.018075356415478614
decode,conversation,10,22,14,281,0.017884419551934826
decode,conversation,10,23,59,278,0.01769348268839104
decode,conversation,10,24,33,276,0.017566191446028515
decode,conversation,10,25,42,272,0.017311608961303463
decode,conversation,10,26,3,269,0.017120672097759675
decode,conversation,10,27,12,263,0.016738798370672096
decode,conversation,10,28,31,262,0.016675152749490836
decode,conversation,10,29,7,253,0.01610234215885947
decode,conversation,10,30,9,253,0.01610234215885947
decode,conversation,10,31,63,249,0.015847759674134418
decode,conversation,10,32,39,242,0.01540224032586558
decode,conversation,10,33,24,237,0.015084012219959267
decode,conversation,10,34,51,235,0.014956720977596741
decode,conversation,10,35,23,230,0.014638492871690428
decode,conversation,10,36,27,226,0.014383910386965376
decode,conversation,10,37,61,223,0.014192973523421588
decode,conversation,10,38,44,212,0.0134928716904277
decode,conversation,10,39,15,209,0.01330193482688391
decode,conversation,10,40,25,207,0.013174643584521384
decode,conversation,10,41,48,203,0.012920061099796334
decode,conversation,10,42,29,201,0.012792769857433809
decode,conversation,10,43,54,201,0.012792769857433809
decode,conversation,10,44,11,200,0.012729124236252547
decode,conversation,10,45,50,185,0.011774439918533604
decode,conversation,10,46,41,185,0.011774439918533604
decode,conversation,10,47,60,184,0.011710794297352342
decode,conversation,10,48,21,180,0.011456211812627291
decode,conversation,10,49,13,178,0.011328920570264765
decode,conversation,10,50,58,177,0.011265274949083503
decode,conversation,10,51,26,160,0.010183299389002037
decode,conversation,10,52,5,144,0.009164969450101833
decode,conversation,10,53,34,142,0.009037678207739307
decode,conversation,10,54,8,139,0.00884674134419552
decode,conversation,10,55,45,138,0.008783095723014257
decode,conversation,10,56,49,136,0.008655804480651732
decode,conversation,10,57,40,131,0.008337576374745418
decode,conversation,10,58,18,125,0.00795570264765784
decode,conversation,10,59,46,121,0.00770112016293279
decode,conversation,10,60,55,102,0.006491853360488798
decode,conversation,10,61,4,90,0.0057281059063136455
decode,conversation,10,62,19,88,0.00560081466395112
decode,conversation,10,63,20,49,0.003118635437881874
decode,conversation,10,64,57,40,0.0025458248472505093
decode,conversation,11,1,47,532,0.033859470468431775
decode,conversation,11,2,27,470,0.029913441955193482
decode,conversation,11,3,58,459,0.02921334012219959
decode,conversation,11,4,13,430,0.027367617107942974
decode,conversation,11,5,15,370,0.02354887983706721
decode,conversation,11,6,16,364,0.023167006109979633
decode,conversation,11,7,54,358,0.022785132382892058
decode,conversation,11,8,24,352,0.02240325865580448
decode,conversation,11,9,61,351,0.02233961303462322
decode,conversation,11,10,18,349,0.02221232179226069
decode,conversation,11,11,34,349,0.02221232179226069
decode,conversation,11,12,22,344,0.02189409368635438
decode,conversation,11,13,8,325,0.020684826883910386
decode,conversation,11,14,31,325,0.020684826883910386
decode,conversation,11,15,25,316,0.020112016293279023
decode,conversation,11,16,63,314,0.0199847250509165
decode,conversation,11,17,44,312,0.01985743380855397
decode,conversation,11,18,1,309,0.019666496945010183
decode,conversation,11,19,20,302,0.019220977596741344
decode,conversation,11,20,52,300,0.01909368635437882
decode,conversation,11,21,0,288,0.018329938900203666
decode,conversation,11,22,35,286,0.01820264765784114
decode,conversation,11,23,45,285,0.018139002036659878
decode,conversation,11,24,3,283,0.018011710794297354
decode,conversation,11,25,30,280,0.017820773930753563
decode,conversation,11,26,60,270,0.017184317718940936
decode,conversation,11,27,56,266,0.016929735234215888
decode,conversation,11,28,11,265,0.016866089613034624
decode,conversation,11,29,21,263,0.016738798370672096
decode,conversation,11,30,33,258,0.016420570264765785
decode,conversation,11,31,19,256,0.016293279022403257
decode,conversation,11,32,49,254,0.016165987780040733
decode,conversation,11,33,17,253,0.01610234215885947
decode,conversation,11,34,42,253,0.01610234215885947
decode,conversation,11,35,26,236,0.015020366598778005
decode,conversation,11,36,36,231,0.01470213849287169
decode,conversation,11,37,4,220,0.0140020366598778
decode,conversation,11,38,46,218,0.013874745417515275
decode,conversation,11,39,51,215,0.013683808553971487
decode,conversation,11,40,48,214,0.013620162932790223
decode,conversation,11,41,7,212,0.0134928716904277
decode,conversation,11,42,40,209,0.01330193482688391
decode,conversation,11,43,32,194,0.01234725050916497
decode,conversation,11,44,39,194,0.01234725050916497
decode,conversation,11,45,57,193,0.012283604887983707
decode,conversation,11,46,53,180,0.011456211812627291
decode,conversation,11,47,23,162,0.010310590631364563
decode,conversation,11,48,50,153,0.009737780040733198
decode,conversation,11,49,37,151,0.009610488798370672
decode,conversation,11,50,6,151,0.009610488798370672
decode,conversation,11,51,59,138,0.008783095723014257
decode,conversation,11,52,28,137,0.008719450101832994
decode,conversation,11,53,5,134,0.008528513238289206
decode,conversation,11,54,12,133,0.008464867617107944
decode,conversation,11,55,62,127,0.008082993890020367
decode,conversation,11,56,55,114,0.007255600814663951
decode,conversation,11,57,2,112,0.007128309572301426
decode,conversation,11,58,10,110,0.0070010183299389
decode,conversation,11,59,41,109,0.0069373727087576375
decode,conversation,11,60,43,108,0.006873727087576375
decode,conversation,11,61,9,102,0.006491853360488798
decode,conversation,11,62,14,98,0.006237270875763748
decode,conversation,11,63,38,95,0.006046334012219959
decode,conversation,11,64,29,71,0.0045188391038696535
decode,conversation,12,1,43,695,0.044233706720977595
decode,conversation,12,2,50,440,0.0280040733197556
decode,conversation,12,3,62,437,0.027813136456211814
decode,conversation,12,4,18,420,0.026731160896130347
decode,conversation,12,5,38,411,0.02615835030549898
decode,conversation,12,6,48,411,0.02615835030549898
decode,conversation,12,7,0,409,0.026031059063136457
decode,conversation,12,8,52,409,0.026031059063136457
decode,conversation,12,9,14,363,0.02310336048879837
decode,conversation,12,10,15,362,0.02303971486761711
decode,conversation,12,11,46,360,0.022912423625254582
decode,conversation,12,12,11,354,0.022530549898167006
decode,conversation,12,13,22,339,0.021575865580448064
decode,conversation,12,14,9,331,0.021066700610997965
decode,conversation,12,15,6,317,0.020175661914460286
decode,conversation,12,16,34,310,0.019730142566191447
decode,conversation,12,17,16,302,0.019220977596741344
decode,conversation,12,18,45,294,0.01871181262729124
decode,conversation,12,19,21,293,0.01864816700610998
decode,conversation,12,20,8,287,0.018266293279022402
decode,conversation,12,21,1,286,0.01820264765784114
decode,conversation,12,22,2,271,0.0172479633401222
decode,conversation,12,23,7,270,0.017184317718940936
decode,conversation,12,24,54,263,0.016738798370672096
decode,conversation,12,25,53,263,0.016738798370672096
decode,conversation,12,26,61,259,0.01648421588594705
decode,conversation,12,27,49,253,0.01610234215885947
decode,conversation,12,28,58,250,0.01591140529531568
decode,conversation,12,29,35,248,0.015784114052953158
decode,conversation,12,30,4,242,0.01540224032586558
decode,conversation,12,31,31,225,0.014320264765784114
decode,conversation,12,32,25,223,0.014192973523421588
decode,conversation,12,33,36,222,0.014129327902240326
decode,conversation,12,34,5,215,0.013683808553971487
decode,conversation,12,35,51,214,0.013620162932790223
decode,conversation,12,36,59,206,0.013110997963340122
decode,conversation,12,37,29,203,0.012920061099796334
decode,conversation,12,38,42,202,0.01285641547861507
decode,conversation,12,39,33,198,0.012601832993890021
decode,conversation,12,40,47,198,0.012601832993890021
decode,conversation,12,41,44,193,0.012283604887983707
decode,conversation,12,42,30,189,0.012029022403258656
decode,conversation,12,43,23,189,0.012029022403258656
decode,conversation,12,44,41,188,0.011965376782077392
decode,conversation,12,45,27,184,0.011710794297352342
decode,conversation,12,46,55,179,0.011392566191446029
decode,conversation,12,47,37,177,0.011265274949083503
decode,conversation,12,48,32,170,0.010819755600814664
decode,conversation,12,49,19,163,0.010374236252545825
decode,conversation,12,50,10,159,0.010119653767820773
decode,conversation,12,51,13,152,0.009674134419551934
decode,conversation,12,52,39,152,0.009674134419551934
decode,conversation,12,53,28,146,0.009292260692464359
decode,conversation,12,54,17,132,0.00840122199592668
decode,conversation,12,55,60,132,0.00840122199592668
decode,conversation,12,56,57,126,0.008019348268839105
decode,conversation,12,57,3,124,0.007892057026476579
decode,conversation,12,58,26,115,0.007319246435845214
decode,conversation,12,59,24,109,0.0069373727087576375
decode,conversation,12,60,40,102,0.006491853360488798
decode,conversation,12,61,20,101,0.006428207739307535
decode,conversation,12,62,63,101,0.006428207739307535
decode,conversation,12,63,56,98,0.006237270875763748
decode,conversation,12,64,12,76,0.004837067209775967
decode,conversation,13,1,20,438,0.027876782077393074
decode,conversation,13,2,41,416,0.026476578411405296
decode,conversation,13,3,2,409,0.026031059063136457
decode,conversation,13,4,22,409,0.026031059063136457
decode,conversation,13,5,11,387,0.024630855397148675
decode,conversation,13,6,6,385,0.02450356415478615
decode,conversation,13,7,8,380,0.024185336048879836
decode,conversation,13,8,49,374,0.02380346232179226
decode,conversation,13,9,36,371,0.023612525458248473
decode,conversation,13,10,3,365,0.023230651731160897
decode,conversation,13,11,19,365,0.023230651731160897
decode,conversation,13,12,1,359,0.022848778004073318
decode,conversation,13,13,58,350,0.022275967413441955
decode,conversation,13,14,14,348,0.02214867617107943
decode,conversation,13,15,63,332,0.021130346232179225
decode,conversation,13,16,15,331,0.021066700610997965
decode,conversation,13,17,40,327,0.020812118126272913
decode,conversation,13,18,48,325,0.020684826883910386
decode,conversation,13,19,57,322,0.020493890020366598
decode,conversation,13,20,35,314,0.0199847250509165
decode,conversation,13,21,54,306,0.019475560081466396
decode,conversation,13,22,9,304,0.019348268839103868
decode,conversation,13,23,34,298,0.018966395112016293
decode,conversation,13,24,37,295,0.018775458248472505
decode,conversation,13,25,30,282,0.01794806517311609
decode,conversation,13,26,32,274,0.017438900203665987
decode,conversation,13,27,7,274,0.017438900203665987
decode,conversation,13,28,61,272,0.017311608961303463
decode,conversation,13,29,38,272,0.017311608961303463
decode,conversation,13,30,60,272,0.017311608961303463
decode,conversation,13,31,5,271,0.0172479633401222
decode,conversation,13,32,33,262,0.016675152749490836
decode,conversation,13,33,62,261,0.016611507128309572
decode,conversation,13,34,31,260,0.01654786150712831
decode,conversation,13,35,55,238,0.015147657841140529
decode,conversation,13,36,45,236,0.015020366598778005
decode,conversation,13,37,50,226,0.014383910386965376
decode,conversation,13,38,25,218,0.013874745417515275
decode,conversation,13,39,12,217,0.013811099796334013
decode,conversation,13,40,0,208,0.013238289205702648
decode,conversation,13,41,47,205,0.01304735234215886
decode,conversation,13,42,27,195,0.012410896130346231
decode,conversation,13,43,13,186,0.011838085539714868
decode,conversation,13,44,26,176,0.01120162932790224
decode,conversation,13,45,53,164,0.010437881873727087
decode,conversation,13,46,4,162,0.010310590631364563
decode,conversation,13,47,44,159,0.010119653767820773
decode,conversation,13,48,24,154,0.00980142566191446
decode,conversation,13,49,39,154,0.00980142566191446
decode,conversation,13,50,10,153,0.009737780040733198
decode,conversation,13,51,59,148,0.009419551934826884
decode,conversation,13,52,42,144,0.009164969450101833
decode,conversation,13,53,51,135,0.008592158859470468
decode,conversation,13,54,28,129,0.008210285132382892
decode,conversation,13,55,18,128,0.008146639511201629
decode,conversation,13,56,43,124,0.007892057026476579
decode,conversation,13,57,46,97,0.006173625254582485
decode,conversation,13,58,56,97,0.006173625254582485
decode,conversation,13,59,23,95,0.006046334012219959
decode,conversation,13,60,52,93,0.005919042769857434
decode,conversation,13,61,21,91,0.005791751527494908
decode,conversation,13,62,29,76,0.004837067209775967
decode,conversation,13,63,17,66,0.00420061099796334
decode,conversation,13,64,16,28,0.0017820773930753565
decode,conversation,14,1,6,443,0.02819501018329939
decode,conversation,14,2,15,415,0.026412932790224032
decode,conversation,14,3,63,377,0.023994399185336048
decode,conversation,14,4,36,374,0.02380346232179226
decode,conversation,14,5,25,370,0.02354887983706721
decode,conversation,14,6,38,369,0.02348523421588595
decode,conversation,14,7,28,364,0.023167006109979633
decode,conversation,14,8,58,358,0.022785132382892058
decode,conversation,14,9,23,357,0.022721486761710794
decode,conversation,14,10,48,346,0.022021384928716903
decode,conversation,14,11,32,339,0.021575865580448064
decode,conversation,14,12,41,337,0.02144857433808554
decode,conversation,14,13,44,336,0.021384928716904276
decode,conversation,14,14,62,333,0.02119399185336049
decode,conversation,14,15,20,311,0.019793788187372707
decode,conversation,14,16,45,303,0.019284623217922608
decode,conversation,14,17,16,303,0.019284623217922608
decode,conversation,14,18,11,301,0.01915733197556008
decode,conversation,14,19,42,301,0.01915733197556008
decode,conversation,14,20,53,301,0.01915733197556008
decode,conversation,14,21,31,299,0.019030040733197556
decode,conversation,14,22,46,298,0.018966395112016293
decode,conversation,14,23,18,290,0.018457230142566193
decode,conversation,14,24,34,288,0.018329938900203666
decode,conversation,14,25,0,282,0.01794806517311609
decode,conversation,14,26,7,278,0.01769348268839104
decode,conversation,14,27,9,277,0.017629837067209775
decode,conversation,14,28,59,277,0.017629837067209775
decode,conversation,14,29,60,273,0.017375254582484723
decode,conversation,14,30,35,269,0.017120672097759675
decode,conversation,14,31,10,263,0.016738798370672096
decode,conversation,14,32,21,259,0.01648421588594705
decode,conversation,14,33,43,257,0.01635692464358452
decode,conversation,14,34,57,245,0.015593177189409368
decode,conversation,14,35,17,240,0.015274949083503055
decode,conversation,14,36,14,239,0.015211303462321793
decode,conversation,14,37,37,235,0.014956720977596741
decode,conversation,14,38,24,210,0.013365580448065174
decode,conversation,14,39,8,210,0.013365580448065174
decode,conversation,14,40,39,207,0.013174643584521384
decode,conversation,14,41,49,204,0.012983706720977596
decode,conversation,14,42,29,203,0.012920061099796334
decode,conversation,14,43,5,197,0.012538187372708757
decode,conversation,14,44,12,193,0.012283604887983707
decode,conversation,14,45,3,187,0.01190173116089613
decode,conversation,14,46,52,175,0.011137983706720977
decode,conversation,14,47,4,173,0.011010692464358452
decode,conversation,14,48,40,172,0.01094704684317719
decode,conversation,14,49,55,171,0.010883401221995926
decode,conversation,14,50,56,170,0.010819755600814664
decode,conversation,14,51,50,165,0.01050152749490835
decode,conversation,14,52,54,156,0.009928716904276986
decode,conversation,14,53,47,138,0.008783095723014257
decode,conversation,14,54,1,137,0.008719450101832994
decode,conversation,14,55,2,131,0.008337576374745418
decode,conversation,14,56,33,129,0.008210285132382892
decode,conversation,14,57,51,128,0.008146639511201629
decode,conversation,14,58,13,126,0.008019348268839105
decode,conversation,14,59,27,112,0.007128309572301426
decode,conversation,14,60,61,112,0.007128309572301426
decode,conversation,14,61,19,112,0.007128309572301426
decode,conversation,14,62,22,108,0.006873727087576375
decode,conversation,14,63,30,93,0.005919042769857434
decode,conversation,14,64,26,86,0.005473523421588595
decode,conversation,15,1,34,565,0.03595977596741344
decode,conversation,15,2,17,409,0.026031059063136457
decode,conversation,15,3,45,381,0.0242489816700611
decode,conversation,15,4,61,380,0.024185336048879836
decode,conversation,15,5,8,372,0.023676171079429736
decode,conversation,15,6,52,372,0.023676171079429736
decode,conversation,15,7,20,368,0.023421588594704685
decode,conversation,15,8,2,354,0.022530549898167006
decode,conversation,15,9,30,349,0.02221232179226069
decode,conversation,15,10,5,337,0.02144857433808554
decode,conversation,15,11,10,335,0.021321283095723013
decode,conversation,15,12,46,334,0.021257637474541752
decode,conversation,15,13,37,320,0.020366598778004074
decode,conversation,15,14,54,318,0.020239307535641547
decode,conversation,15,15,56,318,0.020239307535641547
decode,conversation,15,16,42,307,0.01953920570264766
decode,conversation,15,17,13,302,0.019220977596741344
decode,conversation,15,18,55,302,0.019220977596741344
decode,conversation,15,19,58,298,0.018966395112016293
decode,conversation,15,20,21,291,0.018520875763747453
decode,conversation,15,21,26,291,0.018520875763747453
decode,conversation,15,22,16,281,0.017884419551934826
decode,conversation,15,23,62,266,0.016929735234215888
decode,conversation,15,24,22,265,0.016866089613034624
decode,conversation,15,25,44,264,0.01680244399185336
decode,conversation,15,26,14,264,0.01680244399185336
decode,conversation,15,27,23,264,0.01680244399185336
decode,conversation,15,28,15,261,0.016611507128309572
decode,conversation,15,29,27,260,0.01654786150712831
decode,conversation,15,30,60,252,0.01603869653767821
decode,conversation,15,31,36,224,0.014256619144602852
decode,conversation,15,32,47,224,0.014256619144602852
decode,conversation,15,33,59,221,0.014065682281059063
decode,conversation,15,34,63,218,0.013874745417515275
decode,conversation,15,35,35,214,0.013620162932790223
decode,conversation,15,36,57,208,0.013238289205702648
decode,conversation,15,37,51,206,0.013110997963340122
decode,conversation,15,38,39,205,0.01304735234215886
decode,conversation,15,39,25,202,0.01285641547861507
decode,conversation,15,40,53,201,0.012792769857433809
decode,conversation,15,41,32,201,0.012792769857433809
decode,conversation,15,42,19,199,0.012665478615071283
decode,conversation,15,43,29,195,0.012410896130346231
decode,conversation,15,44,40,193,0.012283604887983707
decode,conversation,15,45,49,193,0.012283604887983707
decode,conversation,15,46,38,192,0.012219959266802444
decode,conversation,15,47,1,191,0.012156313645621182
decode,conversation,15,48,33,183,0.011647148676171079
decode,conversation,15,49,4,183,0.011647148676171079
decode,conversation,15,50,11,182,0.011583503054989817
decode,conversation,15,51,48,173,0.011010692464358452
decode,conversation,15,52,28,170,0.010819755600814664
decode,conversation,15,53,31,169,0.010756109979633402
decode,conversation,15,54,50,167,0.010628818737270876
decode,conversation,15,55,24,158,0.010056008146639511
decode,conversation,15,56,6,154,0.00980142566191446
decode,conversation,15,57,9,149,0.009483197556008146
decode,conversation,15,58,41,147,0.00935590631364562
decode,conversation,15,59,12,133,0.008464867617107944
decode,conversation,15,60,43,133,0.008464867617107944
decode,conversation,15,61,0,130,0.008273930753564154
decode,conversation,15,62,3,124,0.007892057026476579
decode,conversation,15,63,7,115,0.007319246435845214
decode,conversation,15,64,18,75,0.004773421588594705
decode,general,0,1,41,862,0.05344742063492063
decode,general,0,2,12,681,0.042224702380952384
decode,general,0,3,58,497,0.030815972222222224
decode,general,0,4,6,450,0.027901785714285716
decode,general,0,5,46,403,0.024987599206349208
decode,general,0,6,22,387,0.023995535714285716
decode,general,0,7,5,385,0.023871527777777776
decode,general,0,8,17,384,0.023809523809523808
decode,general,0,9,51,378,0.0234375
decode,general,0,10,19,369,0.022879464285714284
decode,general,0,11,38,333,0.020647321428571428
decode,general,0,12,7,333,0.020647321428571428
decode,general,0,13,60,313,0.019407242063492064
decode,general,0,14,36,308,0.019097222222222224
decode,general,0,15,44,308,0.019097222222222224
decode,general,0,16,30,306,0.018973214285714284
decode,general,0,17,50,304,0.018849206349206348
decode,general,0,18,55,275,0.017051091269841268
decode,general,0,19,26,271,0.016803075396825396
decode,general,0,20,59,270,0.016741071428571428
decode,general,0,21,18,266,0.016493055555555556
decode,general,0,22,9,266,0.016493055555555556
decode,general,0,23,49,264,0.01636904761904762
decode,general,0,24,42,256,0.015873015873015872
decode,general,0,25,37,253,0.015687003968253968
decode,general,0,26,57,253,0.015687003968253968
decode,general,0,27,45,246,0.01525297619047619
decode,general,0,28,10,239,0.014818948412698412
decode,general,0,29,61,237,0.014694940476190476
decode,general,0,30,3,235,0.01457093253968254
decode,general,0,31,40,233,0.014446924603174604
decode,general,0,32,24,233,0.014446924603174604
decode,general,0,33,43,232,0.014384920634920634
decode,general,0,34,16,228,0.014136904761904762
decode,general,0,35,39,223,0.01382688492063492
decode,general,0,36,13,221,0.013702876984126984
decode,general,0,37,28,219,0.013578869047619048
decode,general,0,38,20,218,0.01351686507936508
decode,general,0,39,27,215,0.013330853174603174
decode,general,0,40,33,213,0.013206845238095238
decode,general,0,41,48,211,0.013082837301587302
decode,general,0,42,4,209,0.012958829365079366
decode,general,0,43,14,196,0.012152777777777778
decode,general,0,44,25,191,0.011842757936507936
decode,general,0,45,15,191,0.011842757936507936
decode,general,0,46,47,182,0.011284722222222222
decode,general,0,47,56,181,0.011222718253968254
decode,general,0,48,29,177,0.01097470238095238
decode,general,0,49,32,177,0.01097470238095238
decode,general,0,50,53,174,0.010788690476190476
decode,general,0,51,11,168,0.010416666666666666
decode,general,0,52,8,161,0.009982638888888888
decode,general,0,53,31,157,0.009734623015873016
decode,general,0,54,1,150,0.009300595238095238
decode,general,0,55,35,148,0.009176587301587302
decode,general,0,56,62,139,0.008618551587301588
decode,general,0,57,54,138,0.00855654761904762
decode,general,0,58,52,131,0.008122519841269842
decode,general,0,59,2,126,0.0078125
decode,general,0,60,0,95,0.005890376984126984
decode,general,0,61,34,79,0.004898313492063492
decode,general,0,62,63,78,0.004836309523809524
decode,general,0,63,23,60,0.003720238095238095
decode,general,0,64,21,42,0.0026041666666666665
decode,general,1,1,5,742,0.04600694444444445
decode,general,1,2,37,527,0.03267609126984127
decode,general,1,3,53,444,0.027529761904761904
decode,general,1,4,59,432,0.026785714285714284
decode,general,1,5,12,418,0.025917658730158732
decode,general,1,6,35,401,0.024863591269841268
decode,general,1,7,13,380,0.023561507936507936
decode,general,1,8,9,379,0.023499503968253968
decode,general,1,9,40,373,0.02312748015873016
decode,general,1,10,42,371,0.023003472222222224
decode,general,1,11,29,367,0.022755456349206348
decode,general,1,12,32,358,0.022197420634920636
decode,general,1,13,48,357,0.022135416666666668
decode,general,1,14,3,351,0.021763392857142856
decode,general,1,15,62,328,0.020337301587301588
decode,general,1,16,27,325,0.020151289682539684
decode,general,1,17,11,323,0.020027281746031748
decode,general,1,18,39,297,0.018415178571428572
decode,general,1,19,20,294,0.018229166666666668
decode,general,1,20,23,292,0.018105158730158732
decode,general,1,21,17,287,0.017795138888888888
decode,general,1,22,45,286,0.01773313492063492
decode,general,1,23,49,276,0.01711309523809524
decode,general,1,24,14,272,0.016865079365079364
decode,general,1,25,19,270,0.016741071428571428
decode,general,1,26,52,251,0.015562996031746032
decode,general,1,27,54,251,0.015562996031746032
decode,general,1,28,30,241,0.01494295634920635
decode,general,1,29,51,234,0.014508928571428572
decode,general,1,30,36,233,0.014446924603174604
decode,general,1,31,38,232,0.014384920634920634
decode,general,1,32,21,227,0.014074900793650794
decode,general,1,33,50,227,0.014074900793650794
decode,general,1,34,55,226,0.014012896825396826
decode,general,1,35,0,224,0.013888888888888888
decode,general,1,36,63,216,0.013392857142857142
decode,general,1,37,31,211,0.013082837301587302
decode,general,1,38,57,208,0.012896825396825396
decode,general,1,39,47,207,0.012834821428571428
decode,general,1,40,58,206,0.01277281746031746
decode,general,1,41,41,205,0.012710813492063492
decode,general,1,42,22,195,0.01209077380952381
decode,general,1,43,2,192,0.011904761904761904
decode,general,1,44,44,190,0.011780753968253968
decode,general,1,45,8,189,0.01171875
decode,general,1,46,33,188,0.011656746031746032
decode,general,1,47,1,187,0.011594742063492064
decode,general,1,48,16,179,0.011098710317460318
decode,general,1,49,56,177,0.01097470238095238
decode,general,1,50,46,172,0.01066468253968254
decode,general,1,51,6,169,0.010478670634920634
decode,general,1,52,4,169,0.010478670634920634
decode,general,1,53,61,166,0.01029265873015873
decode,general,1,54,7,146,0.009052579365079366
decode,general,1,55,28,146,0.009052579365079366
decode,general,1,56,18,142,0.008804563492063492
decode,general,1,57,43,130,0.008060515873015874
decode,general,1,58,60,128,0.007936507936507936
decode,general,1,59,34,118,0.007316468253968254
decode,general,1,60,10,103,0.00638640873015873
decode,general,1,61,26,96,0.005952380952380952
decode,general,1,62,15,95,0.005890376984126984
decode,general,1,63,24,87,0.005394345238095238
decode,general,1,64,25,15,0.0009300595238095238
decode,general,2,1,57,544,0.03373015873015873
decode,general,2,2,36,529,0.03280009920634921
decode,general,2,3,58,527,0.03267609126984127
decode,general,2,4,59,513,0.03180803571428571
decode,general,2,5,7,427,0.026475694444444444
decode,general,2,6,1,412,0.02554563492063492
decode,general,2,7,29,404,0.025049603174603176
decode,general,2,8,46,402,0.02492559523809524
decode,general,2,9,26,368,0.022817460317460316
decode,general,2,10,25,361,0.02238343253968254
decode,general,2,11,21,358,0.022197420634920636
decode,general,2,12,10,356,0.0220734126984127
decode,general,2,13,63,355,0.022011408730158732
decode,general,2,14,11,352,0.021825396825396824
decode,general,2,15,44,344,0.02132936507936508
decode,general,2,16,50,339,0.02101934523809524
decode,general,2,17,35,333,0.020647321428571428
decode,general,2,18,48,332,0.02058531746031746
decode,general,2,19,9,329,0.020399305555555556
decode,general,2,20,27,329,0.020399305555555556
decode,general,2,21,19,318,0.019717261904761904
decode,general,2,22,33,316,0.019593253968253968
decode,general,2,23,37,315,0.01953125
decode,general,2,24,16,303,0.01878720238095238
decode,general,2,25,18,299,0.018539186507936508
decode,general,2,26,39,291,0.01804315476190476
decode,general,2,27,28,291,0.01804315476190476
decode,general,2,28,20,283,0.017547123015873016
decode,general,2,29,15,268,0.016617063492063492
decode,general,2,30,13,263,0.016307043650793652
decode,general,2,31,22,260,0.016121031746031748
decode,general,2,32,34,260,0.016121031746031748
decode,general,2,33,38,257,0.01593501984126984
decode,general,2,34,49,256,0.015873015873015872
decode,general,2,35,23,250,0.015500992063492064
decode,general,2,36,6,249,0.015438988095238096
decode,general,2,37,3,246,0.01525297619047619
decode,general,2,38,31,223,0.01382688492063492
decode,general,2,39,56,223,0.01382688492063492
decode,general,2,40,47,223,0.01382688492063492
decode,general,2,41,4,212,0.01314484126984127
decode,general,2,42,12,212,0.01314484126984127
decode,general,2,43,0,185,0.011470734126984126
decode,general,2,44,53,177,0.01097470238095238
decode,general,2,45,43,170,0.010540674603174604
decode,general,2,46,55,164,0.010168650793650794
decode,general,2,47,54,155,0.00961061507936508
decode,general,2,48,42,151,0.009362599206349206
decode,general,2,49,17,148,0.009176587301587302
decode,general,2,50,32,144,0.008928571428571428
decode,general,2,51,2,139,0.008618551587301588
decode,general,2,52,61,132,0.00818452380952381
decode,general,2,53,52,116,0.007192460317460317
decode,general,2,54,14,104,0.006448412698412698
decode,general,2,55,45,101,0.006262400793650794
decode,general,2,56,60,100,0.006200396825396825
decode,general,2,57,41,93,0.005766369047619048
decode,general,2,58,24,81,0.005022321428571429
decode,general,2,59,30,71,0.004402281746031746
decode,general,2,60,62,66,0.004092261904761905
decode,general,2,61,51,65,0.004030257936507937
decode,general,2,62,8,27,0.0016741071428571428
decode,general,2,63,40,5,0.00031001984126984125
decode,general,2,64,5,2,0.0001240079365079365
decode,general,3,1,25,590,0.03658234126984127
decode,general,3,2,58,561,0.03478422619047619
decode,general,3,3,48,535,0.033172123015873016
decode,general,3,4,49,461,0.028583829365079364
decode,general,3,5,31,461,0.028583829365079364
decode,general,3,6,40,445,0.027591765873015872
decode,general,3,7,24,440,0.027281746031746032
decode,general,3,8,20,416,0.025793650793650792
decode,general,3,9,30,414,0.025669642857142856
decode,general,3,10,33,412,0.02554563492063492
decode,general,3,11,18,403,0.024987599206349208
decode,general,3,12,61,378,0.0234375
decode,general,3,13,59,377,0.023375496031746032
decode,general,3,14,3,361,0.02238343253968254
decode,general,3,15,4,342,0.021205357142857144
decode,general,3,16,0,341,0.021143353174603176
decode,general,3,17,12,335,0.020771329365079364
decode,general,3,18,57,335,0.020771329365079364
decode,general,3,19,28,332,0.02058531746031746
decode,general,3,20,38,327,0.02027529761904762
decode,general,3,21,47,322,0.019965277777777776
decode,general,3,22,8,321,0.019903273809523808
decode,general,3,23,11,318,0.019717261904761904
decode,general,3,24,2,316,0.019593253968253968
decode,general,3,25,22,301,0.018663194444444444
decode,general,3,26,10,284,0.017609126984126984
decode,general,3,27,37,280,0.017361111111111112
decode,general,3,28,56,272,0.016865079365079364
decode,general,3,29,21,247,0.015314980158730158
decode,general,3,30,54,239,0.014818948412698412
decode,general,3,31,45,230,0.014260912698412698
decode,general,3,32,27,229,0.01419890873015873
decode,general,3,33,42,229,0.01419890873015873
decode,general,3,34,41,224,0.013888888888888888
decode,general,3,35,52,219,0.013578869047619048
decode,general,3,36,32,215,0.013330853174603174
decode,general,3,37,55,207,0.012834821428571428
decode,general,3,38,34,200,0.01240079365079365
decode,general,3,39,46,195,0.01209077380952381
decode,general,3,40,60,189,0.01171875
decode,general,3,41,36,185,0.011470734126984126
decode,general,3,42,29,183,0.01134672619047619
decode,general,3,43,7,181,0.011222718253968254
decode,general,3,44,50,175,0.010850694444444444
decode,general,3,45,5,166,0.01029265873015873
decode,general,3,46,53,158,0.009796626984126984
decode,general,3,47,39,148,0.009176587301587302
decode,general,3,48,1,148,0.009176587301587302
decode,general,3,49,9,142,0.008804563492063492
decode,general,3,50,13,141,0.008742559523809524
decode,general,3,51,23,128,0.007936507936507936
decode,general,3,52,19,125,0.007750496031746032
decode,general,3,53,16,117,0.007254464285714286
decode,general,3,54,63,113,0.007006448412698413
decode,general,3,55,17,110,0.006820436507936508
decode,general,3,56,6,109,0.00675843253968254
decode,general,3,57,26,108,0.006696428571428571
decode,general,3,58,14,82,0.005084325396825397
decode,general,3,59,44,75,0.004650297619047619
decode,general,3,60,62,57,0.0035342261904761905
decode,general,3,61,15,54,0.0033482142857142855
decode,general,3,62,51,48,0.002976190476190476
decode,general,3,63,35,46,0.0028521825396825395
decode,general,3,64,43,26,0.0016121031746031745
decode,general,4,1,26,924,0.057291666666666664
decode,general,4,2,62,595,0.03689236111111111
decode,general,4,3,37,543,0.03366815476190476
decode,general,4,4,35,519,0.03218005952380952
decode,general,4,5,53,471,0.029203869047619048
decode,general,4,6,10,441,0.02734375
decode,general,4,7,56,430,0.026661706349206348
decode,general,4,8,13,424,0.02628968253968254
decode,general,4,9,1,397,0.024615575396825396
decode,general,4,10,45,383,0.02374751984126984
decode,general,4,11,23,379,0.023499503968253968
decode,general,4,12,14,379,0.023499503968253968
decode,general,4,13,12,373,0.02312748015873016
decode,general,4,14,49,369,0.022879464285714284
decode,general,4,15,38,365,0.022631448412698412
decode,general,4,16,7,355,0.022011408730158732
decode,general,4,17,58,346,0.021453373015873016
decode,general,4,18,34,326,0.020213293650793652
decode,general,4,19,3,324,0.020089285714285716
decode,general,4,20,16,304,0.018849206349206348
decode,general,4,21,47,295,0.018291170634920636
decode,general,4,22,20,294,0.018229166666666668
decode,general,4,23,11,293,0.0181671626984127
decode,general,4,24,50,291,0.01804315476190476
decode,general,4,25,0,290,0.017981150793650792
decode,general,4,26,60,287,0.017795138888888888
decode,general,4,27,22,286,0.01773313492063492
decode,general,4,28,28,276,0.01711309523809524
decode,general,4,29,59,268,0.016617063492063492
decode,general,4,30,8,258,0.015997023809523808
decode,general,4,31,32,239,0.014818948412698412
decode,general,4,32,44,237,0.014694940476190476
decode,general,4,33,57,232,0.014384920634920634
decode,general,4,34,24,230,0.014260912698412698
decode,general,4,35,43,230,0.014260912698412698
decode,general,4,36,40,225,0.013950892857142858
decode,general,4,37,42,220,0.013640873015873016
decode,general,4,38,9,217,0.013454861111111112
decode,general,4,39,41,216,0.013392857142857142
decode,general,4,40,36,210,0.013020833333333334
decode,general,4,41,5,203,0.012586805555555556
decode,general,4,42,52,199,0.012338789682539682
decode,general,4,43,33,167,0.010354662698412698
decode,general,4,44,61,150,0.009300595238095238
decode,general,4,45,39,148,0.009176587301587302
decode,general,4,46,15,147,0.009114583333333334
decode,general,4,47,29,145,0.008990575396825396
decode,general,4,48,4,133,0.008246527777777778
decode,general,4,49,46,125,0.007750496031746032
decode,general,4,50,27,108,0.006696428571428571
decode,general,4,51,30,103,0.00638640873015873
decode,general,4,52,25,92,0.005704365079365079
decode,general,4,53,21,89,0.005518353174603175
decode,general,4,54,6,87,0.005394345238095238
decode,general,4,55,54,81,0.005022321428571429
decode,general,4,56,51,73,0.004526289682539683
decode,general,4,57,63,69,0.00427827380952381
decode,general,4,58,18,63,0.00390625
decode,general,4,59,19,59,0.003658234126984127
decode,general,4,60,31,49,0.0030381944444444445
decode,general,4,61,2,48,0.002976190476190476
decode,general,4,62,48,21,0.0013020833333333333
decode,general,4,63,55,17,0.0010540674603174603
decode,general,4,64,17,11,0.0006820436507936508
decode,general,5,1,63,796,0.04935515873015873
decode,general,5,2,44,718,0.04451884920634921
decode,general,5,3,40,562,0.03484623015873016
decode,general,5,4,23,526,0.032614087301587304
decode,general,5,5,28,511,0.031684027777777776
decode,general,5,6,3,483,0.029947916666666668
decode,general,5,7,18,474,0.029389880952380952
decode,general,5,8,13,454,0.028149801587301588
decode,general,5,9,37,444,0.027529761904761904
decode,general,5,10,54,434,0.026909722222222224
decode,general,5,11,57,432,0.026785714285714284
decode,general,5,12,20,429,0.02659970238095238
decode,general,5,13,49,425,0.026351686507936508
decode,general,5,14,43,368,0.022817460317460316
decode,general,5,15,45,361,0.02238343253968254
decode,general,5,16,8,360,0.022321428571428572
decode,general,5,17,50,341,0.021143353174603176
decode,general,5,18,16,340,0.021081349206349208
decode,general,5,19,1,338,0.020957341269841268
decode,general,5,20,27,319,0.019779265873015872
decode,general,5,21,60,310,0.01922123015873016
decode,general,5,22,46,305,0.018911210317460316
decode,general,5,23,52,304,0.018849206349206348
decode,general,5,24,6,299,0.018539186507936508
decode,general,5,25,62,291,0.01804315476190476
decode,general,5,26,11,287,0.017795138888888888
decode,general,5,27,30,266,0.016493055555555556
decode,general,5,28,19,264,0.01636904761904762
decode,general,5,29,26,253,0.015687003968253968
decode,general,5,30,47,247,0.015314980158730158
decode,general,5,31,58,240,0.01488095238095238
decode,general,5,32,10,237,0.014694940476190476
decode,general,5,33,4,216,0.013392857142857142
decode,general,5,34,9,200,0.01240079365079365
decode,general,5,35,34,197,0.012214781746031746
decode,general,5,36,35,194,0.012028769841269842
decode,general,5,37,14,191,0.011842757936507936
decode,general,5,38,22,190,0.011780753968253968
decode,general,5,39,53,185,0.011470734126984126
decode,general,5,40,15,171,0.010602678571428572
decode,general,5,41,5,163,0.010106646825396826
decode,general,5,42,48,163,0.010106646825396826
decode,general,5,43,36,158,0.009796626984126984
decode,general,5,44,33,152,0.009424603174603174
decode,general,5,45,39,141,0.008742559523809524
decode,general,5,46,32,138,0.00855654761904762
decode,general,5,47,17,136,0.008432539682539682
decode,general,5,48,51,131,0.008122519841269842
decode,general,5,49,21,112,0.006944444444444444
decode,general,5,50,12,112,0.006944444444444444
decode,general,5,51,7,110,0.006820436507936508
decode,general,5,52,56,108,0.006696428571428571
decode,general,5,53,59,90,0.005580357142857143
decode,general,5,54,25,88,0.005456349206349206
decode,general,5,55,41,60,0.003720238095238095
decode,general,5,56,61,58,0.0035962301587301585
decode,general,5,57,38,57,0.0035342261904761905
decode,general,5,58,55,41,0.0025421626984126985
decode,general,5,59,0,29,0.0017981150793650793
decode,general,5,60,31,27,0.0016741071428571428
decode,general,5,61,24,26,0.0016121031746031745
decode,general,5,62,2,24,0.001488095238095238
decode,general,5,63,29,24,0.001488095238095238
decode,general,5,64,42,18,0.0011160714285714285
decode,general,6,1,18,927,0.05747767857142857
decode,general,6,2,28,786,0.04873511904761905
decode,general,6,3,45,779,0.04830109126984127
decode,general,6,4,0,523,0.0324280753968254
decode,general,6,5,39,504,0.03125
decode,general,6,6,12,502,0.031125992063492064
decode,general,6,7,15,499,0.03093998015873016
decode,general,6,8,35,462,0.028645833333333332
decode,general,6,9,21,406,0.025173611111111112
decode,general,6,10,26,377,0.023375496031746032
decode,general,6,11,47,373,0.02312748015873016
decode,general,6,12,48,364,0.022569444444444444
decode,general,6,13,54,357,0.022135416666666668
decode,general,6,14,2,355,0.022011408730158732
decode,general,6,15,6,349,0.02163938492063492
decode,general,6,16,27,349,0.02163938492063492
decode,general,6,17,56,346,0.021453373015873016
decode,general,6,18,44,326,0.020213293650793652
decode,general,6,19,55,309,0.019159226190476192
decode,general,6,20,4,303,0.01878720238095238
decode,general,6,21,19,302,0.018725198412698412
decode,general,6,22,13,293,0.0181671626984127
decode,general,6,23,30,288,0.017857142857142856
decode,general,6,24,63,284,0.017609126984126984
decode,general,6,25,46,280,0.017361111111111112
decode,general,6,26,60,269,0.01667906746031746
decode,general,6,27,62,266,0.016493055555555556
decode,general,6,28,41,265,0.016431051587301588
decode,general,6,29,53,253,0.015687003968253968
decode,general,6,30,50,246,0.01525297619047619
decode,general,6,31,25,243,0.015066964285714286
decode,general,6,32,16,238,0.014756944444444444
decode,general,6,33,3,223,0.01382688492063492
decode,general,6,34,22,209,0.012958829365079366
decode,general,6,35,29,201,0.01246279761904762
decode,general,6,36,8,199,0.012338789682539682
decode,general,6,37,61,199,0.012338789682539682
decode,general,6,38,20,185,0.011470734126984126
decode,general,6,39,59,180,0.011160714285714286
decode,general,6,40,40,174,0.010788690476190476
decode,general,6,41,9,173,0.010726686507936508
decode,general,6,42,14,173,0.010726686507936508
decode,general,6,43,24,170,0.010540674603174604
decode,general,6,44,17,157,0.009734623015873016
decode,general,6,45,51,142,0.008804563492063492
decode,general,6,46,32,130,0.008060515873015874
decode,general,6,47,58,118,0.007316468253968254
decode,general,6,48,7,116,0.007192460317460317
decode,general,6,49,11,115,0.007130456349206349
decode,general,6,50,37,109,0.00675843253968254
decode,general,6,51,33,102,0.006324404761904762
decode,general,6,52,1,87,0.005394345238095238
decode,general,6,53,36,86,0.00533234126984127
decode,general,6,54,57,76,0.004712301587301587
decode,general,6,55,10,74,0.004588293650793651
decode,general,6,56,23,73,0.004526289682539683
decode,general,6,57,49,65,0.004030257936507937
decode,general,6,58,43,44,0.002728174603174603
decode,general,6,59,38,38,0.0023561507936507935
decode,general,6,60,31,33,0.0020461309523809525
decode,general,6,61,52,21,0.0013020833333333333
decode,general,6,62,5,19,0.0011780753968253968
decode,general,6,63,34,11,0.0006820436507936508
decode,general,6,64,42,3,0.00018601190476190475
decode,general,7,1,44,838,0.0519593253968254
decode,general,7,2,43,796,0.04935515873015873
decode,general,7,3,30,715,0.044332837301587304
decode,general,7,4,38,540,0.033482142857142856
decode,general,7,5,46,502,0.031125992063492064
decode,general,7,6,40,485,0.030071924603174604
decode,general,7,7,5,463,0.0287078373015873
decode,general,7,8,37,433,0.026847718253968252
decode,general,7,9,1,417,0.02585565476190476
decode,general,7,10,61,378,0.0234375
decode,general,7,11,26,371,0.023003472222222224
decode,general,7,12,31,366,0.02269345238095238
decode,general,7,13,57,365,0.022631448412698412
decode,general,7,14,24,363,0.022507440476190476
decode,general,7,15,18,359,0.022259424603174604
decode,general,7,16,62,352,0.021825396825396824
decode,general,7,17,63,346,0.021453373015873016
decode,general,7,18,19,344,0.02132936507936508
decode,general,7,19,52,332,0.02058531746031746
decode,general,7,20,55,330,0.020461309523809524
decode,general,7,21,47,322,0.019965277777777776
decode,general,7,22,22,321,0.019903273809523808
decode,general,7,23,3,313,0.019407242063492064
decode,general,7,24,11,294,0.018229166666666668
decode,general,7,25,53,274,0.0169890873015873
decode,general,7,26,48,273,0.016927083333333332
decode,general,7,27,41,269,0.01667906746031746
decode,general,7,28,59,269,0.01667906746031746
decode,general,7,29,23,260,0.016121031746031748
decode,general,7,30,20,249,0.015438988095238096
decode,general,7,31,56,246,0.01525297619047619
decode,general,7,32,32,246,0.01525297619047619
decode,general,7,33,36,229,0.01419890873015873
decode,general,7,34,51,229,0.01419890873015873
decode,general,7,35,29,208,0.012896825396825396
decode,general,7,36,34,200,0.01240079365079365
decode,general,7,37,49,193,0.011966765873015874
decode,general,7,38,14,193,0.011966765873015874
decode,general,7,39,33,193,0.011966765873015874
decode,general,7,40,42,178,0.01103670634920635
decode,general,7,41,4,163,0.010106646825396826
decode,general,7,42,16,155,0.00961061507936508
decode,general,7,43,13,151,0.009362599206349206
decode,general,7,44,12,144,0.008928571428571428
decode,general,7,45,9,138,0.00855654761904762
decode,general,7,46,10,125,0.007750496031746032
decode,general,7,47,60,122,0.007564484126984127
decode,general,7,48,39,114,0.007068452380952381
decode,general,7,49,58,105,0.006510416666666667
decode,general,7,50,50,97,0.006014384920634921
decode,general,7,51,27,81,0.005022321428571429
decode,general,7,52,45,80,0.00496031746031746
decode,general,7,53,8,75,0.004650297619047619
decode,general,7,54,6,72,0.004464285714285714
decode,general,7,55,7,67,0.004154265873015873
decode,general,7,56,15,66,0.004092261904761905
decode,general,7,57,0,66,0.004092261904761905
decode,general,7,58,35,63,0.00390625
decode,general,7,59,21,60,0.003720238095238095
decode,general,7,60,28,48,0.002976190476190476
decode,general,7,61,25,35,0.002170138888888889
decode,general,7,62,2,28,0.001736111111111111
decode,general,7,63,54,13,0.0008060515873015873
decode,general,7,64,17,6,0.0003720238095238095
decode,general,8,1,15,771,0.04780505952380952
decode,general,8,2,18,566,0.03509424603174603
decode,general,8,3,12,525,0.032552083333333336
decode,general,8,4,58,509,0.03156001984126984
decode,general,8,5,27,488,0.030257936507936508
decode,general,8,6,8,475,0.02945188492063492
decode,general,8,7,55,466,0.028893849206349208
decode,general,8,8,17,461,0.028583829365079364
decode,general,8,9,19,458,0.02839781746031746
decode,general,8,10,5,428,0.026537698412698412
decode,general,8,11,63,428,0.026537698412698412
decode,general,8,12,34,412,0.02554563492063492
decode,general,8,13,56,412,0.02554563492063492
decode,general,8,14,0,391,0.024243551587301588
decode,general,8,15,57,390,0.02418154761904762
decode,general,8,16,26,358,0.022197420634920636
decode,general,8,17,28,341,0.021143353174603176
decode,general,8,18,23,335,0.020771329365079364
decode,general,8,19,2,333,0.020647321428571428
decode,general,8,20,36,333,0.020647321428571428
decode,general,8,21,25,328,0.020337301587301588
decode,general,8,22,52,322,0.019965277777777776
decode,general,8,23,53,320,0.01984126984126984
decode,general,8,24,24,296,0.018353174603174604
decode,general,8,25,40,280,0.017361111111111112
decode,general,8,26,10,267,0.016555059523809524
decode,general,8,27,6,261,0.016183035714285716
decode,general,8,28,21,255,0.015811011904761904
decode,general,8,29,44,241,0.01494295634920635
decode,general,8,30,46,241,0.01494295634920635
decode,general,8,31,35,240,0.01488095238095238
decode,general,8,32,50,240,0.01488095238095238
decode,general,8,33,49,240,0.01488095238095238
decode,general,8,34,4,238,0.014756944444444444
decode,general,8,35,30,216,0.013392857142857142
decode,general,8,36,20,210,0.013020833333333334
decode,general,8,37,45,190,0.011780753968253968
decode,general,8,38,51,185,0.011470734126984126
decode,general,8,39,41,183,0.01134672619047619
decode,general,8,40,31,182,0.011284722222222222
decode,general,8,41,13,179,0.011098710317460318
decode,general,8,42,11,177,0.01097470238095238
decode,general,8,43,33,176,0.010912698412698412
decode,general,8,44,37,164,0.010168650793650794
decode,general,8,45,22,161,0.009982638888888888
decode,general,8,46,9,159,0.009858630952380952
decode,general,8,47,48,155,0.00961061507936508
decode,general,8,48,61,151,0.009362599206349206
decode,general,8,49,1,149,0.00923859126984127
decode,general,8,50,14,113,0.007006448412698413
decode,general,8,51,39,103,0.00638640873015873
decode,general,8,52,47,88,0.005456349206349206
decode,general,8,53,43,80,0.00496031746031746
decode,general,8,54,7,64,0.003968253968253968
decode,general,8,55,29,57,0.0035342261904761905
decode,general,8,56,38,55,0.003410218253968254
decode,general,8,57,42,51,0.003162202380952381
decode,general,8,58,16,50,0.0031001984126984125
decode,general,8,59,62,44,0.002728174603174603
decode,general,8,60,32,39,0.002418154761904762
decode,general,8,61,54,39,0.002418154761904762
decode,general,8,62,59,39,0.002418154761904762
decode,general,8,63,3,15,0.0009300595238095238
decode,general,8,64,60,5,0.00031001984126984125
decode,general,9,1,18,587,0.03639632936507937
decode,general,9,2,35,518,0.03211805555555555
decode,general,9,3,58,516,0.031994047619047616
decode,general,9,4,17,509,0.03156001984126984
decode,general,9,5,37,476,0.029513888888888888
decode,general,9,6,63,454,0.028149801587301588
decode,general,9,7,0,439,0.027219742063492064
decode,general,9,8,48,428,0.026537698412698412
decode,general,9,9,32,410,0.025421626984126984
decode,general,9,10,38,395,0.02449156746031746
decode,general,9,11,55,391,0.024243551587301588
decode,general,9,12,10,377,0.023375496031746032
decode,general,9,13,50,373,0.02312748015873016
decode,general,9,14,43,373,0.02312748015873016
decode,general,9,15,36,365,0.022631448412698412
decode,general,9,16,30,340,0.021081349206349208
decode,general,9,17,53,338,0.020957341269841268
decode,general,9,18,29,336,0.020833333333333332
decode,general,9,19,26,330,0.020461309523809524
decode,general,9,20,54,326,0.020213293650793652
decode,general,9,21,14,324,0.020089285714285716
decode,general,9,22,41,319,0.019779265873015872
decode,general,9,23,59,312,0.019345238095238096
decode,general,9,24,56,308,0.019097222222222224
decode,general,9,25,31,306,0.018973214285714284
decode,general,9,26,2,302,0.018725198412698412
decode,general,9,27,23,275,0.017051091269841268
decode,general,9,28,47,275,0.017051091269841268
decode,general,9,29,9,257,0.01593501984126984
decode,general,9,30,21,249,0.015438988095238096
decode,general,9,31,13,246,0.01525297619047619
decode,general,9,32,62,243,0.015066964285714286
decode,general,9,33,27,243,0.015066964285714286
decode,general,9,34,1,223,0.01382688492063492
decode,general,9,35,16,220,0.013640873015873016
decode,general,9,36,22,217,0.013454861111111112
decode,general,9,37,40,215,0.013330853174603174
decode,general,9,38,49,215,0.013330853174603174
decode,general,9,39,15,210,0.013020833333333334
decode,general,9,40,24,207,0.012834821428571428
decode,general,9,41,60,205,0.012710813492063492
decode,general,9,42,20,190,0.011780753968253968
decode,general,9,43,44,189,0.01171875
decode,general,9,44,33,176,0.010912698412698412
decode,general,9,45,51,173,0.010726686507936508
decode,general,9,46,52,170,0.010540674603174604
decode,general,9,47,42,160,0.00992063492063492
decode,general,9,48,45,158,0.009796626984126984
decode,general,9,49,28,153,0.009486607142857142
decode,general,9,50,7,150,0.009300595238095238
decode,general,9,51,25,142,0.008804563492063492
decode,general,9,52,11,137,0.00849454365079365
decode,general,9,53,19,110,0.006820436507936508
decode,general,9,54,3,104,0.006448412698412698
decode,general,9,55,6,96,0.005952380952380952
decode,general,9,56,12,95,0.005890376984126984
decode,general,9,57,57,75,0.004650297619047619
decode,general,9,58,61,64,0.003968253968253968
decode,general,9,59,8,63,0.00390625
decode,general,9,60,34,24,0.001488095238095238
decode,general,9,61,5,22,0.0013640873015873015
decode,general,9,62,4,12,0.000744047619047619
decode,general,9,63,39,9,0.0005580357142857143
decode,general,9,64,46,4,0.000248015873015873
decode,general,10,1,40,891,0.05524553571428571
decode,general,10,2,54,727,0.04507688492063492
decode,general,10,3,31,521,0.032304067460317464
decode,general,10,4,17,511,0.031684027777777776
decode,general,10,5,47,484,0.030009920634920636
decode,general,10,6,37,482,0.0298859126984127
decode,general,10,7,0,457,0.028335813492063492
decode,general,10,8,53,442,0.027405753968253968
decode,general,10,9,1,432,0.026785714285714284
decode,general,10,10,24,431,0.026723710317460316
decode,general,10,11,63,417,0.02585565476190476
decode,general,10,12,36,377,0.023375496031746032
decode,general,10,13,32,376,0.023313492063492064
decode,general,10,14,62,353,0.021887400793650792
decode,general,10,15,10,349,0.02163938492063492
decode,general,10,16,8,346,0.021453373015873016
decode,general,10,17,41,340,0.021081349206349208
decode,general,10,18,9,335,0.020771329365079364
decode,general,10,19,52,330,0.020461309523809524
decode,general,10,20,14,323,0.020027281746031748
decode,general,10,21,39,318,0.019717261904761904
decode,general,10,22,23,301,0.018663194444444444
decode,general,10,23,60,292,0.018105158730158732
decode,general,10,24,3,286,0.01773313492063492
decode,general,10,25,7,279,0.017299107142857144
decode,general,10,26,25,261,0.016183035714285716
decode,general,10,27,51,259,0.016059027777777776
decode,general,10,28,27,249,0.015438988095238096
decode,general,10,29,29,244,0.015128968253968254
decode,general,10,30,22,236,0.014632936507936508
decode,general,10,31,33,232,0.014384920634920634
decode,general,10,32,49,230,0.014260912698412698
decode,general,10,33,5,228,0.014136904761904762
decode,general,10,34,15,217,0.013454861111111112
decode,general,10,35,45,210,0.013020833333333334
decode,general,10,36,34,189,0.01171875
decode,general,10,37,13,188,0.011656746031746032
decode,general,10,38,26,187,0.011594742063492064
decode,general,10,39,18,186,0.011532738095238096
decode,general,10,40,58,181,0.011222718253968254
decode,general,10,41,28,179,0.011098710317460318
decode,general,10,42,12,177,0.01097470238095238
decode,general,10,43,38,174,0.010788690476190476
decode,general,10,44,50,167,0.010354662698412698
decode,general,10,45,55,162,0.010044642857142858
decode,general,10,46,61,156,0.009672619047619048
decode,general,10,47,21,144,0.008928571428571428
decode,general,10,48,30,143,0.00886656746031746
decode,general,10,49,2,139,0.008618551587301588
decode,general,10,50,44,132,0.00818452380952381
decode,general,10,51,42,128,0.007936507936507936
decode,general,10,52,46,112,0.006944444444444444
decode,general,10,53,11,103,0.00638640873015873
decode,general,10,54,57,94,0.005828373015873016
decode,general,10,55,35,88,0.005456349206349206
decode,general,10,56,16,75,0.004650297619047619
decode,general,10,57,59,62,0.0038442460317460315
decode,general,10,58,6,56,0.003472222222222222
decode,general,10,59,19,29,0.0017981150793650793
decode,general,10,60,20,28,0.001736111111111111
decode,general,10,61,48,24,0.001488095238095238
decode,general,10,62,4,24,0.001488095238095238
decode,general,10,63,43,22,0.0013640873015873015
decode,general,10,64,56,13,0.0008060515873015873
decode,general,11,1,6,830,0.05146329365079365
decode,general,11,2,55,649,0.0402405753968254
decode,general,11,3,61,488,0.030257936507936508
decode,general,11,4,58,480,0.02976190476190476
decode,general,11,5,0,470,0.02914186507936508
decode,general,11,6,17,446,0.02765376984126984
decode,general,11,7,19,445,0.027591765873015872
decode,general,11,8,43,441,0.02734375
decode,general,11,9,15,420,0.026041666666666668
decode,general,11,10,45,419,0.0259796626984127
decode,general,11,11,34,419,0.0259796626984127
decode,general,11,12,11,414,0.025669642857142856
decode,general,11,13,54,406,0.025173611111111112
decode,general,11,14,32,391,0.024243551587301588
decode,general,11,15,30,374,0.023189484126984128
decode,general,11,16,3,373,0.02312748015873016
decode,general,11,17,18,366,0.02269345238095238
decode,general,11,18,8,365,0.022631448412698412
decode,general,11,19,21,359,0.022259424603174604
decode,general,11,20,57,358,0.022197420634920636
decode,general,11,21,31,357,0.022135416666666668
decode,general,11,22,49,355,0.022011408730158732
decode,general,11,23,26,346,0.021453373015873016
decode,general,11,24,42,344,0.02132936507936508
decode,general,11,25,20,302,0.018725198412698412
decode,general,11,26,50,296,0.018353174603174604
decode,general,11,27,24,295,0.018291170634920636
decode,general,11,28,36,295,0.018291170634920636
decode,general,11,29,35,252,0.015625
decode,general,11,30,46,237,0.014694940476190476
decode,general,11,31,40,237,0.014694940476190476
decode,general,11,32,53,234,0.014508928571428572
decode,general,11,33,59,227,0.014074900793650794
decode,general,11,34,39,220,0.013640873015873016
decode,general,11,35,12,212,0.01314484126984127
decode,general,11,36,41,212,0.01314484126984127
decode,general,11,37,22,199,0.012338789682539682
decode,general,11,38,16,192,0.011904761904761904
decode,general,11,39,60,189,0.01171875
decode,general,11,40,9,187,0.011594742063492064
decode,general,11,41,7,179,0.011098710317460318
decode,general,11,42,2,177,0.01097470238095238
decode,general,11,43,1,160,0.00992063492063492
decode,general,11,44,52,149,0.00923859126984127
decode,general,11,45,25,140,0.008680555555555556
decode,general,11,46,10,128,0.007936507936507936
decode,general,11,47,56,125,0.007750496031746032
decode,general,11,48,44,122,0.007564484126984127
decode,general,11,49,5,99,0.006138392857142857
decode,general,11,50,47,99,0.006138392857142857
decode,general,11,51,4,96,0.005952380952380952
decode,general,11,52,28,79,0.004898313492063492
decode,general,11,53,38,63,0.00390625
decode,general,11,54,48,63,0.00390625
decode,general,11,55,33,56,0.003472222222222222
decode,general,11,56,29,55,0.003410218253968254
decode,general,11,57,62,52,0.003224206349206349
decode,general,11,58,14,44,0.002728174603174603
decode,general,11,59,51,37,0.0022941468253968255
decode,general,11,60,37,37,0.0022941468253968255
decode,general,11,61,63,36,0.002232142857142857
decode,general,11,62,23,24,0.001488095238095238
decode,general,11,63,27,5,0.00031001984126984125
decode,general,11,64,13,2,0.0001240079365079365
decode,general,12,1,19,1028,0.06374007936507936
decode,general,12,2,40,850,0.052703373015873016
decode,general,12,3,37,522,0.03236607142857143
decode,general,12,4,0,496,0.030753968253968252
decode,general,12,5,21,482,0.0298859126984127
decode,general,12,6,50,479,0.029699900793650792
decode,general,12,7,52,440,0.027281746031746032
decode,general,12,8,7,427,0.026475694444444444
decode,general,12,9,46,423,0.026227678571428572
decode,general,12,10,14,416,0.025793650793650792
decode,general,12,11,48,400,0.0248015873015873
decode,general,12,12,34,385,0.023871527777777776
decode,general,12,13,45,381,0.023623511904761904
decode,general,12,14,62,379,0.023499503968253968
decode,general,12,15,27,374,0.023189484126984128
decode,general,12,16,25,365,0.022631448412698412
decode,general,12,17,22,355,0.022011408730158732
decode,general,12,18,53,352,0.021825396825396824
decode,general,12,19,36,349,0.02163938492063492
decode,general,12,20,2,336,0.020833333333333332
decode,general,12,21,1,332,0.02058531746031746
decode,general,12,22,3,317,0.019655257936507936
decode,general,12,23,61,310,0.01922123015873016
decode,general,12,24,5,300,0.018601190476190476
decode,general,12,25,16,285,0.017671130952380952
decode,general,12,26,47,262,0.016245039682539684
decode,general,12,27,33,258,0.015997023809523808
decode,general,12,28,49,256,0.015873015873015872
decode,general,12,29,4,249,0.015438988095238096
decode,general,12,30,15,242,0.015004960317460318
decode,general,12,31,44,235,0.01457093253968254
decode,general,12,32,26,235,0.01457093253968254
decode,general,12,33,32,234,0.014508928571428572
decode,general,12,34,42,221,0.013702876984126984
decode,general,12,35,56,206,0.01277281746031746
decode,general,12,36,41,194,0.012028769841269842
decode,general,12,37,11,189,0.01171875
decode,general,12,38,10,188,0.011656746031746032
decode,general,12,39,9,185,0.011470734126984126
decode,general,12,40,51,180,0.011160714285714286
decode,general,12,41,29,179,0.011098710317460318
decode,general,12,42,24,177,0.01097470238095238
decode,general,12,43,57,158,0.009796626984126984
decode,general,12,44,13,146,0.009052579365079366
decode,general,12,45,28,137,0.00849454365079365
decode,general,12,46,20,124,0.007688492063492063
decode,general,12,47,55,121,0.007502480158730159
decode,general,12,48,63,116,0.007192460317460317
decode,general,12,49,12,111,0.006882440476190476
decode,general,12,50,30,110,0.006820436507936508
decode,general,12,51,18,100,0.006200396825396825
decode,general,12,52,35,99,0.006138392857142857
decode,general,12,53,60,95,0.005890376984126984
decode,general,12,54,39,95,0.005890376984126984
decode,general,12,55,6,59,0.003658234126984127
decode,general,12,56,54,58,0.0035962301587301585
decode,general,12,57,58,38,0.0023561507936507935
decode,general,12,58,17,24,0.001488095238095238
decode,general,12,59,23,19,0.0011780753968253968
decode,general,12,60,31,17,0.0010540674603174603
decode,general,12,61,8,13,0.0008060515873015873
decode,general,12,62,59,8,0.000496031746031746
decode,general,12,63,38,6,0.0003720238095238095
decode,general,12,64,43,1,6.200396825396825e-05
decode,general,13,1,52,770,0.04774305555555555
decode,general,13,2,63,645,0.03999255952380952
decode,general,13,3,48,590,0.03658234126984127
decode,general,13,4,43,553,0.03428819444444445
decode,general,13,5,36,525,0.032552083333333336
decode,general,13,6,56,514,0.03187003968253968
decode,general,13,7,40,498,0.030877976190476192
decode,general,13,8,35,471,0.029203869047619048
decode,general,13,9,8,467,0.028955853174603176
decode,general,13,10,22,464,0.028769841269841268
decode,general,13,11,41,452,0.028025793650793652
decode,general,13,12,26,425,0.026351686507936508
decode,general,13,13,1,405,0.025111607142857144
decode,general,13,14,14,383,0.02374751984126984
decode,general,13,15,13,362,0.022445436507936508
decode,general,13,16,33,353,0.021887400793650792
decode,general,13,17,58,343,0.021267361111111112
decode,general,13,18,37,339,0.02101934523809524
decode,general,13,19,30,333,0.020647321428571428
decode,general,13,20,29,331,0.020523313492063492
decode,general,13,21,50,326,0.020213293650793652
decode,general,13,22,34,324,0.020089285714285716
decode,general,13,23,44,322,0.019965277777777776
decode,general,13,24,3,305,0.018911210317460316
decode,general,13,25,38,296,0.018353174603174604
decode,general,13,26,46,273,0.016927083333333332
decode,general,13,27,57,272,0.016865079365079364
decode,general,13,28,39,272,0.016865079365079364
decode,general,13,29,7,249,0.015438988095238096
decode,general,13,30,24,234,0.014508928571428572
decode,general,13,31,0,230,0.014260912698412698
decode,general,13,32,49,230,0.014260912698412698
decode,general,13,33,31,211,0.013082837301587302
decode,general,13,34,10,208,0.012896825396825396
decode,general,13,35,23,201,0.01246279761904762
decode,general,13,36,47,201,0.01246279761904762
decode,general,13,37,12,198,0.012276785714285714
decode,general,13,38,18,197,0.012214781746031746
decode,general,13,39,59,196,0.012152777777777778
decode,general,13,40,28,187,0.011594742063492064
decode,general,13,41,27,178,0.01103670634920635
decode,general,13,42,42,164,0.010168650793650794
decode,general,13,43,15,148,0.009176587301587302
decode,general,13,44,32,141,0.008742559523809524
decode,general,13,45,19,137,0.00849454365079365
decode,general,13,46,9,136,0.008432539682539682
decode,general,13,47,21,134,0.008308531746031746
decode,general,13,48,54,104,0.006448412698412698
decode,general,13,49,4,104,0.006448412698412698
decode,general,13,50,55,102,0.006324404761904762
decode,general,13,51,61,102,0.006324404761904762
decode,general,13,52,60,72,0.004464285714285714
decode,general,13,53,45,63,0.00390625
decode,general,13,54,51,63,0.00390625
decode,general,13,55,17,60,0.003720238095238095
decode,general,13,56,20,56,0.003472222222222222
decode,general,13,57,5,53,0.0032862103174603175
decode,general,13,58,53,45,0.0027901785714285715
decode,general,13,59,62,45,0.0027901785714285715
decode,general,13,60,16,31,0.0019221230158730158
decode,general,13,61,25,19,0.0011780753968253968
decode,general,13,62,2,8,0.000496031746031746
decode,general,13,63,11,7,0.00043402777777777775
decode,general,13,64,6,1,6.200396825396825e-05
decode,general,14,1,3,889,0.055121527777777776
decode,general,14,2,37,697,0.04321676587301587
decode,general,14,3,49,636,0.03943452380952381
decode,general,14,4,59,602,0.03732638888888889
decode,general,14,5,2,535,0.033172123015873016
decode,general,14,6,48,485,0.030071924603174604
decode,general,14,7,5,479,0.029699900793650792
decode,general,14,8,38,478,0.029637896825396824
decode,general,14,9,14,474,0.029389880952380952
decode,general,14,10,55,470,0.02914186507936508
decode,general,14,11,21,465,0.02883184523809524
decode,general,14,12,43,462,0.028645833333333332
decode,general,14,13,15,460,0.028521825396825396
decode,general,14,14,63,427,0.026475694444444444
decode,general,14,15,44,420,0.026041666666666668
decode,general,14,16,18,400,0.0248015873015873
decode,general,14,17,41,374,0.023189484126984128
decode,general,14,18,46,369,0.022879464285714284
decode,general,14,19,31,368,0.022817460317460316
decode,general,14,20,20,343,0.021267361111111112
decode,general,14,21,53,337,0.0208953373015873
decode,general,14,22,0,310,0.01922123015873016
decode,general,14,23,40,308,0.019097222222222224
decode,general,14,24,50,307,0.019035218253968252
decode,general,14,25,16,280,0.017361111111111112
decode,general,14,26,7,256,0.015873015873015872
decode,general,14,27,10,251,0.015562996031746032
decode,general,14,28,32,250,0.015500992063492064
decode,general,14,29,57,250,0.015500992063492064
decode,general,14,30,56,231,0.014322916666666666
decode,general,14,31,35,219,0.013578869047619048
decode,general,14,32,39,214,0.013268849206349206
decode,general,14,33,62,209,0.012958829365079366
decode,general,14,34,23,194,0.012028769841269842
decode,general,14,35,45,188,0.011656746031746032
decode,general,14,36,27,181,0.011222718253968254
decode,general,14,37,47,171,0.010602678571428572
decode,general,14,38,52,168,0.010416666666666666
decode,general,14,39,1,167,0.010354662698412698
decode,general,14,40,19,160,0.00992063492063492
decode,general,14,41,26,126,0.0078125
decode,general,14,42,25,123,0.007626488095238095
decode,general,14,43,17,121,0.007502480158730159
decode,general,14,44,61,102,0.006324404761904762
decode,general,14,45,13,101,0.006262400793650794
decode,general,14,46,51,94,0.005828373015873016
decode,general,14,47,8,91,0.005642361111111111
decode,general,14,48,34,90,0.005580357142857143
decode,general,14,49,12,90,0.005580357142857143
decode,general,14,50,54,81,0.005022321428571429
decode,general,14,51,11,81,0.005022321428571429
decode,general,14,52,4,74,0.004588293650793651
decode,general,14,53,24,72,0.004464285714285714
decode,general,14,54,42,67,0.004154265873015873
decode,general,14,55,60,66,0.004092261904761905
decode,general,14,56,9,66,0.004092261904761905
decode,general,14,57,22,66,0.004092261904761905
decode,general,14,58,33,60,0.003720238095238095
decode,general,14,59,30,28,0.001736111111111111
decode,general,14,60,29,24,0.001488095238095238
decode,general,14,61,58,13,0.0008060515873015873
decode,general,14,62,36,5,0.00031001984126984125
decode,general,14,63,28,3,0.00018601190476190475
decode,general,15,1,49,848,0.05257936507936508
decode,general,15,2,59,732,0.04538690476190476
decode,general,15,3,48,721,0.04470486111111111
decode,general,15,4,45,704,0.04365079365079365
decode,general,15,5,40,540,0.033482142857142856
decode,general,15,6,26,498,0.030877976190476192
decode,general,15,7,54,483,0.029947916666666668
decode,general,15,8,55,471,0.029203869047619048
decode,general,15,9,14,459,0.028459821428571428
decode,general,15,10,21,458,0.02839781746031746
decode,general,15,11,61,423,0.026227678571428572
decode,general,15,12,27,418,0.025917658730158732
decode,general,15,13,10,411,0.025483630952380952
decode,general,15,14,42,407,0.02523561507936508
decode,general,15,15,13,399,0.024739583333333332
decode,general,15,16,46,395,0.02449156746031746
decode,general,15,17,16,391,0.024243551587301588
decode,general,15,18,2,371,0.023003472222222224
decode,general,15,19,62,370,0.022941468253968252
decode,general,15,20,56,365,0.022631448412698412
decode,general,15,21,15,353,0.021887400793650792
decode,general,15,22,41,347,0.021515376984126984
decode,general,15,23,23,321,0.019903273809523808
decode,general,15,24,20,311,0.019283234126984128
decode,general,15,25,7,277,0.017175099206349208
decode,general,15,26,47,275,0.017051091269841268
decode,general,15,27,5,244,0.015128968253968254
decode,general,15,28,25,235,0.01457093253968254
decode,general,15,29,31,232,0.014384920634920634
decode,general,15,30,28,225,0.013950892857142858
decode,general,15,31,0,220,0.013640873015873016
decode,general,15,32,22,217,0.013454861111111112
decode,general,15,33,3,201,0.01246279761904762
decode,general,15,34,43,195,0.01209077380952381
decode,general,15,35,36,184,0.011408730158730158
decode,general,15,36,57,173,0.010726686507936508
decode,general,15,37,63,169,0.010478670634920634
decode,general,15,38,60,167,0.010354662698412698
decode,general,15,39,51,146,0.009052579365079366
decode,general,15,40,37,145,0.008990575396825396
decode,general,15,41,35,144,0.008928571428571428
decode,general,15,42,53,144,0.008928571428571428
decode,general,15,43,52,141,0.008742559523809524
decode,general,15,44,6,131,0.008122519841269842
decode,general,15,45,9,131,0.008122519841269842
decode,general,15,46,33,112,0.006944444444444444
decode,general,15,47,19,83,0.005146329365079365
decode,general,15,48,44,77,0.004774305555555556
decode,general,15,49,38,71,0.004402281746031746
decode,general,15,50,58,68,0.004216269841269841
decode,general,15,51,32,66,0.004092261904761905
decode,general,15,52,11,65,0.004030257936507937
decode,general,15,53,50,55,0.003410218253968254
decode,general,15,54,4,49,0.0030381944444444445
decode,general,15,55,17,40,0.00248015873015873
decode,general,15,56,24,39,0.002418154761904762
decode,general,15,57,12,39,0.002418154761904762
decode,general,15,58,1,38,0.0023561507936507935
decode,general,15,59,29,37,0.0022941468253968255
decode,general,15,60,18,32,0.001984126984126984
decode,general,15,61,39,28,0.001736111111111111
decode,general,15,62,34,26,0.0016121031746031745
decode,general,15,63,8,10,0.0006200396825396825
decode,general,15,64,30,1,6.200396825396825e-05
decode,math,0,1,6,990,0.06141439205955335
decode,math,0,2,58,750,0.04652605459057072
decode,math,0,3,41,676,0.041935483870967745
decode,math,0,4,23,586,0.036352357320099254
decode,math,0,5,9,419,0.02599255583126551
decode,math,0,6,8,405,0.02512406947890819
decode,math,0,7,52,397,0.024627791563275433
decode,math,0,8,20,369,0.022890818858560796
decode,math,0,9,53,352,0.02183622828784119
decode,math,0,10,40,345,0.021401985111662532
decode,math,0,11,18,339,0.021029776674937967
decode,math,0,12,13,324,0.02009925558312655
decode,math,0,13,33,318,0.019727047146401985
decode,math,0,14,25,314,0.01947890818858561
decode,math,0,15,46,304,0.018858560794044667
decode,math,0,16,38,298,0.018486352357320098
decode,math,0,17,60,294,0.01823821339950372
decode,math,0,18,61,294,0.01823821339950372
decode,math,0,19,55,274,0.016997518610421838
decode,math,0,20,43,267,0.016563275434243175
decode,math,0,21,29,266,0.01650124069478908
decode,math,0,22,49,265,0.016439205955334987
decode,math,0,23,42,265,0.016439205955334987
decode,math,0,24,45,258,0.016004962779156327
decode,math,0,25,7,258,0.016004962779156327
decode,math,0,26,10,252,0.015632754342431762
decode,math,0,27,39,248,0.015384615384615385
decode,math,0,28,36,245,0.015198511166253101
decode,math,0,29,59,236,0.014640198511166254
decode,math,0,30,26,236,0.014640198511166254
decode,math,0,31,31,232,0.014392059553349877
decode,math,0,32,54,231,0.01433002481389578
decode,math,0,33,19,230,0.014267990074441687
decode,math,0,34,22,222,0.013771712158808933
decode,math,0,35,32,220,0.013647642679900745
decode,math,0,36,27,216,0.013399503722084368
decode,math,0,37,5,209,0.012965260545905707
decode,math,0,38,1,198,0.01228287841191067
decode,math,0,39,48,194,0.012034739454094293
decode,math,0,40,63,194,0.012034739454094293
decode,math,0,41,37,192,0.011910669975186104
decode,math,0,42,24,188,0.011662531017369727
decode,math,0,43,47,178,0.011042183622828784
decode,math,0,44,30,171,0.010607940446650125
decode,math,0,45,44,170,0.01054590570719603
decode,math,0,46,35,167,0.010359801488833746
decode,math,0,47,15,167,0.010359801488833746
decode,math,0,48,16,165,0.010235732009925558
decode,math,0,49,14,156,0.00967741935483871
decode,math,0,50,2,152,0.009429280397022333
decode,math,0,51,17,145,0.008995037220843672
decode,math,0,52,0,139,0.008622828784119107
decode,math,0,53,21,134,0.008312655086848635
decode,math,0,54,3,133,0.00825062034739454
decode,math,0,55,11,132,0.008188585607940446
decode,math,0,56,4,122,0.0075682382133995035
decode,math,0,57,62,115,0.007133995037220843
decode,math,0,58,56,109,0.006761786600496278
decode,math,0,59,50,93,0.0057692307692307696
decode,math,0,60,51,87,0.005397022332506204
decode,math,0,61,12,69,0.0042803970223325065
decode,math,0,62,57,65,0.004032258064516129
decode,math,0,63,28,59,0.0036600496277915634
decode,math,0,64,34,22,0.0013647642679900744
decode,math,1,1,47,865,0.05366004962779156
decode,math,1,2,18,512,0.03176178660049628
decode,math,1,3,11,485,0.03008684863523573
decode,math,1,4,20,384,0.02382133995037221
decode,math,1,5,36,353,0.021898263027295285
decode,math,1,6,60,353,0.021898263027295285
decode,math,1,7,42,351,0.021774193548387097
decode,math,1,8,21,350,0.021712158808933003
decode,math,1,9,40,339,0.021029776674937967
decode,math,1,10,32,338,0.020967741935483872
decode,math,1,11,7,325,0.020161290322580645
decode,math,1,12,31,321,0.019913151364764268
decode,math,1,13,37,320,0.019851116625310174
decode,math,1,14,19,317,0.01966501240694789
decode,math,1,15,15,316,0.019602977667493797
decode,math,1,16,57,310,0.019230769230769232
decode,math,1,17,39,304,0.018858560794044667
decode,math,1,18,62,303,0.01879652605459057
decode,math,1,19,25,302,0.018734491315136475
decode,math,1,20,35,294,0.01823821339950372
decode,math,1,21,14,291,0.01805210918114144
decode,math,1,22,45,285,0.017679900744416874
decode,math,1,23,52,273,0.016935483870967744
decode,math,1,24,55,269,0.016687344913151363
decode,math,1,25,24,266,0.01650124069478908
decode,math,1,26,16,263,0.016315136476426798
decode,math,1,27,53,262,0.016253101736972704
decode,math,1,28,44,262,0.016253101736972704
decode,math,1,29,2,259,0.01606699751861042
decode,math,1,30,34,256,0.01588089330024814
decode,math,1,31,12,251,0.015570719602977668
decode,math,1,32,63,246,0.015260545905707195
decode,math,1,33,58,245,0.015198511166253101
decode,math,1,34,49,238,0.014764267990074442
decode,math,1,35,3,237,0.014702233250620348
decode,math,1,36,29,236,0.014640198511166254
decode,math,1,37,48,232,0.014392059553349877
decode,math,1,38,41,223,0.013833746898263027
decode,math,1,39,23,216,0.013399503722084368
decode,math,1,40,0,213,0.013213399503722084
decode,math,1,41,51,210,0.013027295285359801
decode,math,1,42,8,207,0.012841191066997519
decode,math,1,43,6,201,0.012468982630272954
decode,math,1,44,1,188,0.011662531017369727
decode,math,1,45,9,185,0.011476426799007445
decode,math,1,46,22,182,0.01129032258064516
decode,math,1,47,30,177,0.01098014888337469
decode,math,1,48,27,177,0.01098014888337469
decode,math,1,49,13,169,0.010483870967741936
decode,math,1,50,61,160,0.009925558312655087
decode,math,1,51,46,151,0.009367245657568237
decode,math,1,52,33,150,0.009305210918114143
decode,math,1,53,54,148,0.009181141439205955
decode,math,1,54,59,147,0.00911910669975186
decode,math,1,55,38,143,0.008870967741935484
decode,math,1,56,56,140,0.008684863523573201
decode,math,1,57,28,138,0.008560794044665013
decode,math,1,58,17,137,0.008498759305210919
decode,math,1,59,50,133,0.00825062034739454
decode,math,1,60,43,119,0.007382133995037221
decode,math,1,61,5,117,0.007258064516129033
decode,math,1,62,26,113,0.007009925558312655
decode,math,1,63,4,93,0.0057692307692307696
decode,math,1,64,10,70,0.004342431761786601
decode,math,2,1,8,754,0.0467741935483871
decode,math,2,2,4,631,0.039143920595533496
decode,math,2,3,60,540,0.033498759305210915
decode,math,2,4,41,490,0.030397022332506202
decode,math,2,5,34,471,0.029218362282878413
decode,math,2,6,30,420,0.026054590570719603
decode,math,2,7,16,401,0.024875930521091813
decode,math,2,8,24,395,0.024503722084367244
decode,math,2,9,14,394,0.02444168734491315
decode,math,2,10,15,355,0.022022332506203474
decode,math,2,11,23,354,0.02196029776674938
decode,math,2,12,27,352,0.02183622828784119
decode,math,2,13,45,346,0.021464019851116626
decode,math,2,14,26,343,0.021277915632754343
decode,math,2,15,63,342,0.02121588089330025
decode,math,2,16,22,333,0.020657568238213398
decode,math,2,17,54,324,0.02009925558312655
decode,math,2,18,62,303,0.01879652605459057
decode,math,2,19,39,292,0.018114143920595533
decode,math,2,20,0,291,0.01805210918114144
decode,math,2,21,13,284,0.01761786600496278
decode,math,2,22,21,278,0.017245657568238214
decode,math,2,23,58,276,0.017121588089330026
decode,math,2,24,29,265,0.016439205955334987
decode,math,2,25,40,261,0.01619106699751861
decode,math,2,26,53,256,0.01588089330024814
decode,math,2,27,35,255,0.015818858560794045
decode,math,2,28,19,255,0.015818858560794045
decode,math,2,29,6,255,0.015818858560794045
decode,math,2,30,5,251,0.015570719602977668
decode,math,2,31,47,250,0.015508684863523574
decode,math,2,32,32,237,0.014702233250620348
decode,math,2,33,48,234,0.014516129032258065
decode,math,2,34,12,233,0.014454094292803971
decode,math,2,35,44,229,0.014205955334987592
decode,math,2,36,38,227,0.014081885856079404
decode,math,2,37,20,220,0.013647642679900745
decode,math,2,38,61,214,0.013275434243176178
decode,math,2,39,33,207,0.012841191066997519
decode,math,2,40,1,194,0.012034739454094293
decode,math,2,41,31,190,0.011786600496277916
decode,math,2,42,46,184,0.01141439205955335
decode,math,2,43,52,176,0.010918114143920596
decode,math,2,44,11,167,0.010359801488833746
decode,math,2,45,9,166,0.010297766749379652
decode,math,2,46,18,154,0.009553349875930522
decode,math,2,47,57,153,0.009491315136476428
decode,math,2,48,49,150,0.009305210918114143
decode,math,2,49,56,145,0.008995037220843672
decode,math,2,50,28,145,0.008995037220843672
decode,math,2,51,17,141,0.008746898263027296
decode,math,2,52,43,139,0.008622828784119107
decode,math,2,53,36,132,0.008188585607940446
decode,math,2,54,3,129,0.008002481389578164
decode,math,2,55,7,122,0.0075682382133995035
decode,math,2,56,50,115,0.007133995037220843
decode,math,2,57,25,108,0.006699751861042184
decode,math,2,58,37,105,0.006513647642679901
decode,math,2,59,42,93,0.0057692307692307696
decode,math,2,60,51,93,0.0057692307692307696
decode,math,2,61,10,92,0.005707196029776675
decode,math,2,62,2,77,0.004776674937965261
decode,math,2,63,55,72,0.004466501240694789
decode,math,2,64,59,60,0.0037220843672456576
decode,math,3,1,52,915,0.05676178660049628
decode,math,3,2,61,746,0.046277915632754345
decode,math,3,3,62,666,0.041315136476426796
decode,math,3,4,31,562,0.034863523573200994
decode,math,3,5,56,527,0.032692307692307694
decode,math,3,6,45,451,0.027977667493796526
decode,math,3,7,9,448,0.027791563275434243
decode,math,3,8,54,428,0.026550868486352356
decode,math,3,9,38,427,0.026488833746898262
decode,math,3,10,15,409,0.025372208436724566
decode,math,3,11,19,397,0.024627791563275433
decode,math,3,12,59,392,0.024317617866004962
decode,math,3,13,18,385,0.023883374689826303
decode,math,3,14,20,372,0.023076923076923078
decode,math,3,15,57,366,0.02270471464019851
decode,math,3,16,30,361,0.02239454094292804
decode,math,3,17,12,359,0.02227047146401985
decode,math,3,18,49,337,0.02090570719602978
decode,math,3,19,46,317,0.01966501240694789
decode,math,3,20,28,303,0.01879652605459057
decode,math,3,21,40,298,0.018486352357320098
decode,math,3,22,37,291,0.01805210918114144
decode,math,3,23,42,282,0.01749379652605459
decode,math,3,24,63,279,0.01730769230769231
decode,math,3,25,51,260,0.016129032258064516
decode,math,3,26,34,255,0.015818858560794045
decode,math,3,27,7,241,0.014950372208436724
decode,math,3,28,11,241,0.014950372208436724
decode,math,3,29,43,239,0.014826302729528536
decode,math,3,30,1,237,0.014702233250620348
decode,math,3,31,33,222,0.013771712158808933
decode,math,3,32,27,216,0.013399503722084368
decode,math,3,33,32,206,0.012779156327543425
decode,math,3,34,29,206,0.012779156327543425
decode,math,3,35,50,204,0.012655086848635236
decode,math,3,36,39,198,0.01228287841191067
decode,math,3,37,6,193,0.011972704714640198
decode,math,3,38,47,185,0.011476426799007445
decode,math,3,39,4,184,0.01141439205955335
decode,math,3,40,0,176,0.010918114143920596
decode,math,3,41,36,170,0.01054590570719603
decode,math,3,42,2,160,0.009925558312655087
decode,math,3,43,22,158,0.009801488833746898
decode,math,3,44,10,145,0.008995037220843672
decode,math,3,45,5,143,0.008870967741935484
decode,math,3,46,13,138,0.008560794044665013
decode,math,3,47,58,131,0.008126550868486352
decode,math,3,48,41,120,0.007444168734491315
decode,math,3,49,44,115,0.007133995037220843
decode,math,3,50,21,108,0.006699751861042184
decode,math,3,51,25,98,0.0060794044665012405
decode,math,3,52,55,89,0.005521091811414392
decode,math,3,53,26,87,0.005397022332506204
decode,math,3,54,35,86,0.005334987593052109
decode,math,3,55,48,84,0.005210918114143921
decode,math,3,56,60,80,0.004962779156327543
decode,math,3,57,8,78,0.004838709677419355
decode,math,3,58,16,71,0.004404466501240695
decode,math,3,59,53,57,0.0035359801488833746
decode,math,3,60,3,56,0.0034739454094292804
decode,math,3,61,24,56,0.0034739454094292804
decode,math,3,62,17,49,0.0030397022332506202
decode,math,3,63,14,41,0.002543424317617866
decode,math,3,64,23,19,0.0011786600496277917
decode,math,4,1,17,1435,0.0890198511166253
decode,math,4,2,21,820,0.05086848635235732
decode,math,4,3,41,627,0.03889578163771712
decode,math,4,4,49,612,0.03796526054590571
decode,math,4,5,59,421,0.026116625310173697
decode,math,4,6,56,418,0.025930521091811414
decode,math,4,7,27,414,0.025682382133995037
decode,math,4,8,52,383,0.023759305210918114
decode,math,4,9,34,379,0.023511166253101737
decode,math,4,10,42,364,0.02258064516129032
decode,math,4,11,44,349,0.02165012406947891
decode,math,4,12,23,346,0.021464019851116626
decode,math,4,13,62,343,0.021277915632754343
decode,math,4,14,11,337,0.02090570719602978
decode,math,4,15,48,336,0.020843672456575684
decode,math,4,16,26,329,0.02040942928039702
decode,math,4,17,45,314,0.01947890818858561
decode,math,4,18,57,308,0.019106699751861043
decode,math,4,19,8,302,0.018734491315136475
decode,math,4,20,2,295,0.018300248138957816
decode,math,4,21,7,293,0.018176178660049627
decode,math,4,22,14,290,0.017990074441687345
decode,math,4,23,63,289,0.01792803970223325
decode,math,4,24,36,284,0.01761786600496278
decode,math,4,25,9,283,0.017555831265508685
decode,math,4,26,60,273,0.016935483870967744
decode,math,4,27,6,267,0.016563275434243175
decode,math,4,28,25,265,0.016439205955334987
decode,math,4,29,40,263,0.016315136476426798
decode,math,4,30,5,263,0.016315136476426798
decode,math,4,31,61,259,0.01606699751861042
decode,math,4,32,51,256,0.01588089330024814
decode,math,4,33,39,238,0.014764267990074442
decode,math,4,34,58,233,0.014454094292803971
decode,math,4,35,24,220,0.013647642679900745
decode,math,4,36,10,219,0.01358560794044665
decode,math,4,37,13,217,0.013461538461538462
decode,math,4,38,35,197,0.012220843672456575
decode,math,4,39,43,190,0.011786600496277916
decode,math,4,40,29,183,0.011352357320099255
decode,math,4,41,38,167,0.010359801488833746
decode,math,4,42,28,154,0.009553349875930522
decode,math,4,43,31,152,0.009429280397022333
decode,math,4,44,46,151,0.009367245657568237
decode,math,4,45,18,148,0.009181141439205955
decode,math,4,46,50,146,0.009057071960297767
decode,math,4,47,1,135,0.008374689826302729
decode,math,4,48,33,96,0.005955334987593052
decode,math,4,49,19,95,0.005893300248138958
decode,math,4,50,30,79,0.004900744416873449
decode,math,4,51,22,78,0.004838709677419355
decode,math,4,52,37,78,0.004838709677419355
decode,math,4,53,16,76,0.004714640198511167
decode,math,4,54,12,76,0.004714640198511167
decode,math,4,55,4,64,0.003970223325062035
decode,math,4,56,47,64,0.003970223325062035
decode,math,4,57,15,60,0.0037220843672456576
decode,math,4,58,20,54,0.003349875930521092
decode,math,4,59,32,53,0.0032878411910669974
decode,math,4,60,55,31,0.0019230769230769232
decode,math,4,61,54,24,0.001488833746898263
decode,math,4,62,53,22,0.0013647642679900744
decode,math,4,63,3,3,0.00018610421836228288
decode,math,5,1,0,1608,0.09975186104218363
decode,math,5,2,10,728,0.04516129032258064
decode,math,5,3,21,659,0.04088089330024814
decode,math,5,4,32,645,0.04001240694789082
decode,math,5,5,39,492,0.03052109181141439
decode,math,5,6,13,466,0.028908188585607942
decode,math,5,7,19,443,0.027481389578163772
decode,math,5,8,30,422,0.02617866004962779
decode,math,5,9,31,403,0.025
decode,math,5,10,8,401,0.024875930521091813
decode,math,5,11,22,393,0.024379652605459056
decode,math,5,12,52,387,0.02400744416873449
decode,math,5,13,58,379,0.023511166253101737
decode,math,5,14,42,372,0.023076923076923078
decode,math,5,15,41,354,0.02196029776674938
decode,math,5,16,51,329,0.02040942928039702
decode,math,5,17,54,325,0.020161290322580645
decode,math,5,18,14,312,0.01935483870967742
decode,math,5,19,1,306,0.018982630272952855
decode,math,5,20,6,301,0.01867245657568238
decode,math,5,21,17,299,0.018548387096774192
decode,math,5,22,55,290,0.017990074441687345
decode,math,5,23,61,290,0.017990074441687345
decode,math,5,24,11,285,0.017679900744416874
decode,math,5,25,4,278,0.017245657568238214
decode,math,5,26,57,277,0.01718362282878412
decode,math,5,27,45,264,0.016377171215880892
decode,math,5,28,33,259,0.01606699751861042
decode,math,5,29,23,230,0.014267990074441687
decode,math,5,30,24,229,0.014205955334987592
decode,math,5,31,27,224,0.013895781637717122
decode,math,5,32,18,218,0.013523573200992556
decode,math,5,33,48,208,0.012903225806451613
decode,math,5,34,7,203,0.012593052109181142
decode,math,5,35,12,196,0.012158808933002481
decode,math,5,36,34,185,0.011476426799007445
decode,math,5,37,2,164,0.010173697270471464
decode,math,5,38,38,162,0.010049627791563275
decode,math,5,39,37,160,0.009925558312655087
decode,math,5,40,35,149,0.009243176178660049
decode,math,5,41,56,139,0.008622828784119107
decode,math,5,42,9,138,0.008560794044665013
decode,math,5,43,47,132,0.008188585607940446
decode,math,5,44,36,129,0.008002481389578164
decode,math,5,45,16,123,0.007630272952853598
decode,math,5,46,40,123,0.007630272952853598
decode,math,5,47,20,112,0.006947890818858561
decode,math,5,48,43,111,0.006885856079404467
decode,math,5,49,50,104,0.0064516129032258064
decode,math,5,50,15,89,0.005521091811414392
decode,math,5,51,53,84,0.005210918114143921
decode,math,5,52,60,80,0.004962779156327543
decode,math,5,53,28,66,0.004094292803970223
decode,math,5,54,59,64,0.003970223325062035
decode,math,5,55,26,51,0.003163771712158809
decode,math,5,56,5,47,0.002915632754342432
decode,math,5,57,25,44,0.002729528535980149
decode,math,5,58,46,44,0.002729528535980149
decode,math,5,59,44,41,0.002543424317617866
decode,math,5,60,62,38,0.0023573200992555833
decode,math,5,61,63,33,0.0020471464019851116
decode,math,5,62,29,15,0.0009305210918114144
decode,math,5,63,49,14,0.0008684863523573201
decode,math,5,64,3,4,0.00024813895781637717
decode,math,6,1,61,1223,0.07586848635235732
decode,math,6,2,5,1122,0.06960297766749379
decode,math,6,3,57,966,0.059925558312655086
decode,math,6,4,52,921,0.057133995037220844
decode,math,6,5,18,716,0.04441687344913151
decode,math,6,6,36,563,0.034925558312655085
decode,math,6,7,3,501,0.031079404466501242
decode,math,6,8,62,482,0.02990074441687345
decode,math,6,9,33,472,0.029280397022332507
decode,math,6,10,59,460,0.028535980148883373
decode,math,6,11,23,444,0.027543424317617866
decode,math,6,12,55,443,0.027481389578163772
decode,math,6,13,2,386,0.023945409429280397
decode,math,6,14,26,370,0.02295285359801489
decode,math,6,15,49,355,0.022022332506203474
decode,math,6,16,12,352,0.02183622828784119
decode,math,6,17,25,315,0.019540942928039703
decode,math,6,18,48,313,0.019416873449131514
decode,math,6,19,6,300,0.018610421836228287
decode,math,6,20,20,270,0.016749379652605458
decode,math,6,21,63,260,0.016129032258064516
decode,math,6,22,1,260,0.016129032258064516
decode,math,6,23,16,259,0.01606699751861042
decode,math,6,24,17,242,0.015012406947890819
decode,math,6,25,24,241,0.014950372208436724
decode,math,6,26,29,241,0.014950372208436724
decode,math,6,27,4,240,0.01488833746898263
decode,math,6,28,40,230,0.014267990074441687
decode,math,6,29,47,210,0.013027295285359801
decode,math,6,30,35,205,0.01271712158808933
decode,math,6,31,38,193,0.011972704714640198
decode,math,6,32,58,193,0.011972704714640198
decode,math,6,33,56,186,0.011538461538461539
decode,math,6,34,53,175,0.010856079404466501
decode,math,6,35,32,168,0.010421836228287842
decode,math,6,36,13,160,0.009925558312655087
decode,math,6,37,43,146,0.009057071960297767
decode,math,6,38,39,133,0.00825062034739454
decode,math,6,39,30,122,0.0075682382133995035
decode,math,6,40,44,119,0.007382133995037221
decode,math,6,41,50,118,0.007320099255583127
decode,math,6,42,9,101,0.006265508684863524
decode,math,6,43,22,97,0.006017369727047146
decode,math,6,44,0,88,0.005459057071960298
decode,math,6,45,31,84,0.005210918114143921
decode,math,6,46,8,78,0.004838709677419355
decode,math,6,47,10,60,0.0037220843672456576
decode,math,6,48,21,57,0.0035359801488833746
decode,math,6,49,14,56,0.0034739454094292804
decode,math,6,50,42,55,0.003411910669975186
decode,math,6,51,7,52,0.0032258064516129032
decode,math,6,52,34,52,0.0032258064516129032
decode,math,6,53,11,47,0.002915632754342432
decode,math,6,54,15,47,0.002915632754342432
decode,math,6,55,51,39,0.0024193548387096775
decode,math,6,56,46,34,0.002109181141439206
decode,math,6,57,37,31,0.0019230769230769232
decode,math,6,58,60,21,0.0013027295285359803
decode,math,6,59,54,20,0.0012406947890818859
decode,math,6,60,19,8,0.0004962779156327543
decode,math,6,61,41,7,0.00043424317617866005
decode,math,6,62,28,7,0.00043424317617866005
decode,math,6,63,45,4,0.00024813895781637717
decode,math,7,1,17,1357,0.08418114143920595
decode,math,7,2,4,1058,0.06563275434243176
decode,math,7,3,36,687,0.04261786600496278
decode,math,7,4,15,587,0.03641439205955335
decode,math,7,5,38,475,0.02946650124069479
decode,math,7,6,39,470,0.02915632754342432
decode,math,7,7,23,468,0.02903225806451613
decode,math,7,8,48,462,0.02866004962779156
decode,math,7,9,30,433,0.02686104218362283
decode,math,7,10,45,428,0.026550868486352356
decode,math,7,11,35,427,0.026488833746898262
decode,math,7,12,56,420,0.026054590570719603
decode,math,7,13,25,408,0.025310173697270472
decode,math,7,14,1,402,0.024937965260545907
decode,math,7,15,46,390,0.024193548387096774
decode,math,7,16,29,370,0.02295285359801489
decode,math,7,17,61,360,0.022332506203473945
decode,math,7,18,26,360,0.022332506203473945
decode,math,7,19,41,353,0.021898263027295285
decode,math,7,20,60,334,0.020719602977667492
decode,math,7,21,24,327,0.020285359801488833
decode,math,7,22,2,324,0.02009925558312655
decode,math,7,23,32,295,0.018300248138957816
decode,math,7,24,5,264,0.016377171215880892
decode,math,7,25,20,253,0.015694789081885856
decode,math,7,26,54,249,0.01544665012406948
decode,math,7,27,21,248,0.015384615384615385
decode,math,7,28,19,243,0.015074441687344913
decode,math,7,29,14,217,0.013461538461538462
decode,math,7,30,37,217,0.013461538461538462
decode,math,7,31,18,216,0.013399503722084368
decode,math,7,32,9,212,0.01315136476426799
decode,math,7,33,57,209,0.012965260545905707
decode,math,7,34,58,193,0.011972704714640198
decode,math,7,35,16,178,0.011042183622828784
decode,math,7,36,52,177,0.01098014888337469
decode,math,7,37,13,157,0.009739454094292804
decode,math,7,38,10,149,0.009243176178660049
decode,math,7,39,11,149,0.009243176178660049
decode,math,7,40,62,142,0.00880893300248139
decode,math,7,41,63,125,0.007754342431761787
decode,math,7,42,0,120,0.007444168734491315
decode,math,7,43,53,120,0.007444168734491315
decode,math,7,44,59,113,0.007009925558312655
decode,math,7,45,47,101,0.006265508684863524
decode,math,7,46,12,99,0.006141439205955335
decode,math,7,47,31,91,0.00564516129032258
decode,math,7,48,42,78,0.004838709677419355
decode,math,7,49,34,71,0.004404466501240695
decode,math,7,50,3,69,0.0042803970223325065
decode,math,7,51,6,69,0.0042803970223325065
decode,math,7,52,55,59,0.0036600496277915634
decode,math,7,53,44,51,0.003163771712158809
decode,math,7,54,22,50,0.003101736972704715
decode,math,7,55,49,50,0.003101736972704715
decode,math,7,56,40,43,0.0026674937965260547
decode,math,7,57,8,37,0.0022952853598014887
decode,math,7,58,28,33,0.0020471464019851116
decode,math,7,59,27,29,0.0017990074441687346
decode,math,7,60,7,17,0.001054590570719603
decode,math,7,61,43,12,0.0007444168734491315
decode,math,7,62,50,7,0.00043424317617866005
decode,math,7,63,33,4,0.00024813895781637717
decode,math,7,64,51,4,0.00024813895781637717
decode,math,8,1,54,1453,0.090136476426799
decode,math,8,2,11,1330,0.08250620347394541
decode,math,8,3,8,587,0.03641439205955335
decode,math,8,4,25,506,0.03138957816377171
decode,math,8,5,35,460,0.028535980148883373
decode,math,8,6,10,451,0.027977667493796526
decode,math,8,7,1,446,0.027667493796526055
decode,math,8,8,42,418,0.025930521091811414
decode,math,8,9,29,411,0.025496277915632755
decode,math,8,10,32,388,0.024069478908188585
decode,math,8,11,57,376,0.023325062034739455
decode,math,8,12,17,367,0.022766749379652604
decode,math,8,13,37,366,0.02270471464019851
decode,math,8,14,63,354,0.02196029776674938
decode,math,8,15,0,345,0.021401985111662532
decode,math,8,16,55,342,0.02121588089330025
decode,math,8,17,50,325,0.020161290322580645
decode,math,8,18,28,323,0.020037220843672456
decode,math,8,19,34,317,0.01966501240694789
decode,math,8,20,12,314,0.01947890818858561
decode,math,8,21,27,310,0.019230769230769232
decode,math,8,22,53,300,0.018610421836228287
decode,math,8,23,18,299,0.018548387096774192
decode,math,8,24,45,280,0.017369727047146403
decode,math,8,25,30,271,0.01681141439205955
decode,math,8,26,60,259,0.01606699751861042
decode,math,8,27,38,255,0.015818858560794045
decode,math,8,28,21,251,0.015570719602977668
decode,math,8,29,47,244,0.015136476426799007
decode,math,8,30,16,228,0.014143920595533498
decode,math,8,31,62,208,0.012903225806451613
decode,math,8,32,31,208,0.012903225806451613
decode,math,8,33,6,196,0.012158808933002481
decode,math,8,34,20,193,0.011972704714640198
decode,math,8,35,41,180,0.011166253101736972
decode,math,8,36,36,175,0.010856079404466501
decode,math,8,37,3,168,0.010421836228287842
decode,math,8,38,13,166,0.010297766749379652
decode,math,8,39,23,161,0.009987593052109181
decode,math,8,40,9,154,0.009553349875930522
decode,math,8,41,14,149,0.009243176178660049
decode,math,8,42,43,132,0.008188585607940446
decode,math,8,43,24,130,0.008064516129032258
decode,math,8,44,40,128,0.00794044665012407
decode,math,8,45,2,121,0.007506203473945409
decode,math,8,46,52,109,0.006761786600496278
decode,math,8,47,61,107,0.006637717121588089
decode,math,8,48,56,107,0.006637717121588089
decode,math,8,49,22,105,0.006513647642679901
decode,math,8,50,44,95,0.005893300248138958
decode,math,8,51,59,89,0.005521091811414392
decode,math,8,52,26,85,0.005272952853598015
decode,math,8,53,7,79,0.004900744416873449
decode,math,8,54,51,66,0.004094292803970223
decode,math,8,55,48,54,0.003349875930521092
decode,math,8,56,15,36,0.0022332506203473945
decode,math,8,57,46,33,0.0020471464019851116
decode,math,8,58,49,29,0.0017990074441687346
decode,math,8,59,4,28,0.0017369727047146402
decode,math,8,60,5,18,0.0011166253101736973
decode,math,8,61,58,14,0.0008684863523573201
decode,math,8,62,33,13,0.0008064516129032258
decode,math,8,63,39,7,0.00043424317617866005
decode,math,8,64,19,1,6.203473945409429e-05
decode,math,9,1,5,1741,0.10800248138957816
decode,math,9,2,35,583,0.036166253101736975
decode,math,9,3,54,569,0.03529776674937965
decode,math,9,4,42,478,0.029652605459057072
decode,math,9,5,13,478,0.029652605459057072
decode,math,9,6,58,439,0.027233250620347395
decode,math,9,7,16,434,0.026923076923076925
decode,math,9,8,46,421,0.026116625310173697
decode,math,9,9,21,419,0.02599255583126551
decode,math,9,10,28,413,0.025620347394540943
decode,math,9,11,37,365,0.022642679900744415
decode,math,9,12,53,355,0.022022332506203474
decode,math,9,13,44,354,0.02196029776674938
decode,math,9,14,8,343,0.021277915632754343
decode,math,9,15,55,332,0.020595533498759304
decode,math,9,16,38,309,0.019168734491315138
decode,math,9,17,59,304,0.018858560794044667
decode,math,9,18,30,294,0.01823821339950372
decode,math,9,19,41,291,0.01805210918114144
decode,math,9,20,1,288,0.017866004962779156
decode,math,9,21,29,286,0.017741935483870968
decode,math,9,22,12,280,0.017369727047146403
decode,math,9,23,32,277,0.01718362282878412
decode,math,9,24,33,266,0.01650124069478908
decode,math,9,25,27,263,0.016315136476426798
decode,math,9,26,7,259,0.01606699751861042
decode,math,9,27,43,257,0.015942928039702233
decode,math,9,28,51,256,0.01588089330024814
decode,math,9,29,34,250,0.015508684863523574
decode,math,9,30,49,239,0.014826302729528536
decode,math,9,31,52,234,0.014516129032258065
decode,math,9,32,50,234,0.014516129032258065
decode,math,9,33,2,231,0.01433002481389578
decode,math,9,34,14,226,0.01401985111662531
decode,math,9,35,23,224,0.013895781637717122
decode,math,9,36,26,218,0.013523573200992556
decode,math,9,37,61,209,0.012965260545905707
decode,math,9,38,0,205,0.01271712158808933
decode,math,9,39,39,196,0.012158808933002481
decode,math,9,40,47,193,0.011972704714640198
decode,math,9,41,48,185,0.011476426799007445
decode,math,9,42,62,184,0.01141439205955335
decode,math,9,43,10,169,0.010483870967741936
decode,math,9,44,45,167,0.010359801488833746
decode,math,9,45,4,162,0.010049627791563275
decode,math,9,46,6,150,0.009305210918114143
decode,math,9,47,56,140,0.008684863523573201
decode,math,9,48,22,129,0.008002481389578164
decode,math,9,49,36,118,0.007320099255583127
decode,math,9,50,63,89,0.005521091811414392
decode,math,9,51,20,83,0.005148883374689826
decode,math,9,52,60,82,0.005086848635235732
decode,math,9,53,11,68,0.004218362282878412
decode,math,9,54,31,67,0.004156327543424317
decode,math,9,55,9,67,0.004156327543424317
decode,math,9,56,40,66,0.004094292803970223
decode,math,9,57,3,65,0.004032258064516129
decode,math,9,58,18,33,0.0020471464019851116
decode,math,9,59,17,26,0.0016129032258064516
decode,math,9,60,57,21,0.0013027295285359803
decode,math,9,61,24,17,0.001054590570719603
decode,math,9,62,25,14,0.0008684863523573201
decode,math,9,63,19,5,0.00031017369727047146
decode,math,10,1,16,869,0.05390818858560794
decode,math,10,2,56,845,0.05241935483870968
decode,math,10,3,35,497,0.030831265508684865
decode,math,10,4,30,483,0.029962779156327543
decode,math,10,5,2,473,0.0293424317617866
decode,math,10,6,43,436,0.027047146401985113
decode,math,10,7,38,434,0.026923076923076925
decode,math,10,8,62,430,0.026674937965260544
decode,math,10,9,6,427,0.026488833746898262
decode,math,10,10,17,418,0.025930521091811414
decode,math,10,11,1,411,0.025496277915632755
decode,math,10,12,37,395,0.024503722084367244
decode,math,10,13,32,361,0.02239454094292804
decode,math,10,14,42,357,0.022146401985111662
decode,math,10,15,48,357,0.022146401985111662
decode,math,10,16,59,351,0.021774193548387097
decode,math,10,17,36,345,0.021401985111662532
decode,math,10,18,47,344,0.021339950372208438
decode,math,10,19,52,342,0.02121588089330025
decode,math,10,20,53,323,0.020037220843672456
decode,math,10,21,14,314,0.01947890818858561
decode,math,10,22,12,310,0.019230769230769232
decode,math,10,23,0,293,0.018176178660049627
decode,math,10,24,39,277,0.01718362282878412
decode,math,10,25,28,268,0.01662531017369727
decode,math,10,26,13,262,0.016253101736972704
decode,math,10,27,23,259,0.01606699751861042
decode,math,10,28,10,253,0.015694789081885856
decode,math,10,29,45,250,0.015508684863523574
decode,math,10,30,3,241,0.014950372208436724
decode,math,10,31,5,226,0.01401985111662531
decode,math,10,32,61,224,0.013895781637717122
decode,math,10,33,51,216,0.013399503722084368
decode,math,10,34,27,210,0.013027295285359801
decode,math,10,35,58,201,0.012468982630272954
decode,math,10,36,33,200,0.01240694789081886
decode,math,10,37,7,198,0.01228287841191067
decode,math,10,38,11,187,0.011600496277915633
decode,math,10,39,15,185,0.011476426799007445
decode,math,10,40,60,182,0.01129032258064516
decode,math,10,41,21,180,0.011166253101736972
decode,math,10,42,20,177,0.01098014888337469
decode,math,10,43,41,172,0.010669975186104219
decode,math,10,44,44,162,0.010049627791563275
decode,math,10,45,9,155,0.009615384615384616
decode,math,10,46,46,155,0.009615384615384616
decode,math,10,47,29,146,0.009057071960297767
decode,math,10,48,31,146,0.009057071960297767
decode,math,10,49,50,140,0.008684863523573201
decode,math,10,50,24,122,0.0075682382133995035
decode,math,10,51,8,114,0.007071960297766749
decode,math,10,52,4,105,0.006513647642679901
decode,math,10,53,26,103,0.006389578163771712
decode,math,10,54,49,99,0.006141439205955335
decode,math,10,55,34,84,0.005210918114143921
decode,math,10,56,63,78,0.004838709677419355
decode,math,10,57,18,69,0.0042803970223325065
decode,math,10,58,55,64,0.003970223325062035
decode,math,10,59,19,64,0.003970223325062035
decode,math,10,60,22,55,0.003411910669975186
decode,math,10,61,54,42,0.0026054590570719605
decode,math,10,62,40,19,0.0011786600496277917
decode,math,10,63,57,15,0.0009305210918114144
decode,math,11,1,47,1366,0.0847394540942928
decode,math,11,2,57,1183,0.07338709677419354
decode,math,11,3,27,609,0.037779156327543424
decode,math,11,4,22,473,0.0293424317617866
decode,math,11,5,1,445,0.02760545905707196
decode,math,11,6,58,413,0.025620347394540943
decode,math,11,7,15,413,0.025620347394540943
decode,math,11,8,33,406,0.025186104218362284
decode,math,11,9,52,391,0.024255583126550868
decode,math,11,10,20,383,0.023759305210918114
decode,math,11,11,56,380,0.02357320099255583
decode,math,11,12,34,365,0.022642679900744415
decode,math,11,13,8,357,0.022146401985111662
decode,math,11,14,61,351,0.021774193548387097
decode,math,11,15,31,347,0.02152605459057072
decode,math,11,16,54,346,0.021464019851116626
decode,math,11,17,18,327,0.020285359801488833
decode,math,11,18,44,324,0.02009925558312655
decode,math,11,19,24,322,0.019975186104218362
decode,math,11,20,11,320,0.019851116625310174
decode,math,11,21,0,311,0.019292803970223326
decode,math,11,22,51,310,0.019230769230769232
decode,math,11,23,4,299,0.018548387096774192
decode,math,11,24,45,281,0.017431761786600497
decode,math,11,25,60,275,0.017059553349875932
decode,math,11,26,16,274,0.016997518610421838
decode,math,11,27,43,274,0.016997518610421838
decode,math,11,28,37,264,0.016377171215880892
decode,math,11,29,46,236,0.014640198511166254
decode,math,11,30,21,226,0.01401985111662531
decode,math,11,31,36,218,0.013523573200992556
decode,math,11,32,63,209,0.012965260545905707
decode,math,11,33,26,205,0.01271712158808933
decode,math,11,34,32,194,0.012034739454094293
decode,math,11,35,30,193,0.011972704714640198
decode,math,11,36,42,187,0.011600496277915633
decode,math,11,37,35,179,0.011104218362282878
decode,math,11,38,13,172,0.010669975186104219
decode,math,11,39,38,158,0.009801488833746898
decode,math,11,40,3,148,0.009181141439205955
decode,math,11,41,7,148,0.009181141439205955
decode,math,11,42,17,141,0.008746898263027296
decode,math,11,43,5,134,0.008312655086848635
decode,math,11,44,50,134,0.008312655086848635
decode,math,11,45,49,127,0.007878411910669975
decode,math,11,46,2,122,0.0075682382133995035
decode,math,11,47,23,110,0.006823821339950372
decode,math,11,48,10,104,0.0064516129032258064
decode,math,11,49,62,97,0.006017369727047146
decode,math,11,50,19,97,0.006017369727047146
decode,math,11,51,59,91,0.00564516129032258
decode,math,11,52,53,89,0.005521091811414392
decode,math,11,53,12,87,0.005397022332506204
decode,math,11,54,39,79,0.004900744416873449
decode,math,11,55,29,75,0.004652605459057072
decode,math,11,56,41,74,0.0045905707196029774
decode,math,11,57,40,64,0.003970223325062035
decode,math,11,58,9,45,0.002791563275434243
decode,math,11,59,25,40,0.0024813895781637717
decode,math,11,60,55,37,0.0022952853598014887
decode,math,11,61,48,35,0.0021712158808933004
decode,math,11,62,6,25,0.0015508684863523574
decode,math,11,63,14,22,0.0013647642679900744
decode,math,11,64,28,9,0.0005583126550868486
decode,math,12,1,2,1366,0.0847394540942928
decode,math,12,2,43,1229,0.07624069478908188
decode,math,12,3,63,853,0.05291563275434243
decode,math,12,4,6,446,0.027667493796526055
decode,math,12,5,9,442,0.027419354838709678
decode,math,12,6,15,430,0.026674937965260544
decode,math,12,7,54,415,0.02574441687344913
decode,math,12,8,52,411,0.025496277915632755
decode,math,12,9,46,398,0.024689826302729527
decode,math,12,10,5,394,0.02444168734491315
decode,math,12,11,50,394,0.02444168734491315
decode,math,12,12,22,371,0.023014888337468984
decode,math,12,13,14,366,0.02270471464019851
decode,math,12,14,48,357,0.022146401985111662
decode,math,12,15,16,325,0.020161290322580645
decode,math,12,16,59,320,0.019851116625310174
decode,math,12,17,30,312,0.01935483870967742
decode,math,12,18,7,303,0.01879652605459057
decode,math,12,19,25,288,0.017866004962779156
decode,math,12,20,62,287,0.017803970223325062
decode,math,12,21,21,283,0.017555831265508685
decode,math,12,22,58,279,0.01730769230769231
decode,math,12,23,55,277,0.01718362282878412
decode,math,12,24,45,259,0.01606699751861042
decode,math,12,25,0,257,0.015942928039702233
decode,math,12,26,44,246,0.015260545905707195
decode,math,12,27,41,244,0.015136476426799007
decode,math,12,28,23,241,0.014950372208436724
decode,math,12,29,47,234,0.014516129032258065
decode,math,12,30,34,231,0.01433002481389578
decode,math,12,31,49,225,0.013957816377171216
decode,math,12,32,4,222,0.013771712158808933
decode,math,12,33,38,210,0.013027295285359801
decode,math,12,34,28,208,0.012903225806451613
decode,math,12,35,33,206,0.012779156327543425
decode,math,12,36,61,203,0.012593052109181142
decode,math,12,37,53,188,0.011662531017369727
decode,math,12,38,17,153,0.009491315136476428
decode,math,12,39,32,153,0.009491315136476428
decode,math,12,40,11,148,0.009181141439205955
decode,math,12,41,39,146,0.009057071960297767
decode,math,12,42,42,138,0.008560794044665013
decode,math,12,43,13,133,0.00825062034739454
decode,math,12,44,51,130,0.008064516129032258
decode,math,12,45,60,118,0.007320099255583127
decode,math,12,46,29,111,0.006885856079404467
decode,math,12,47,57,107,0.006637717121588089
decode,math,12,48,26,93,0.0057692307692307696
decode,math,12,49,10,92,0.005707196029776675
decode,math,12,50,27,87,0.005397022332506204
decode,math,12,51,20,86,0.005334987593052109
decode,math,12,52,1,82,0.005086848635235732
decode,math,12,53,31,77,0.004776674937965261
decode,math,12,54,24,76,0.004714640198511167
decode,math,12,55,8,70,0.004342431761786601
decode,math,12,56,12,66,0.004094292803970223
decode,math,12,57,35,66,0.004094292803970223
decode,math,12,58,56,57,0.0035359801488833746
decode,math,12,59,36,49,0.0030397022332506202
decode,math,12,60,18,48,0.002977667493796526
decode,math,12,61,19,44,0.002729528535980149
decode,math,12,62,3,38,0.0023573200992555833
decode,math,12,63,40,29,0.0017990074441687346
decode,math,12,64,37,3,0.00018610421836228288
decode,math,13,1,27,1261,0.07822580645161291
decode,math,13,2,53,518,0.03213399503722084
decode,math,13,3,20,514,0.031885856079404466
decode,math,13,4,55,470,0.02915632754342432
decode,math,13,5,3,458,0.028411910669975185
decode,math,13,6,41,445,0.02760545905707196
decode,math,13,7,32,445,0.02760545905707196
decode,math,13,8,54,445,0.02760545905707196
decode,math,13,9,2,430,0.026674937965260544
decode,math,13,10,45,417,0.02586848635235732
decode,math,13,11,5,416,0.025806451612903226
decode,math,13,12,19,409,0.025372208436724566
decode,math,13,13,8,401,0.024875930521091813
decode,math,13,14,1,394,0.02444168734491315
decode,math,13,15,22,373,0.023138957816377172
decode,math,13,16,47,348,0.021588089330024814
decode,math,13,17,34,347,0.02152605459057072
decode,math,13,18,13,331,0.02053349875930521
decode,math,13,19,35,323,0.020037220843672456
decode,math,13,20,58,315,0.019540942928039703
decode,math,13,21,37,314,0.01947890818858561
decode,math,13,22,36,312,0.01935483870967742
decode,math,13,23,9,308,0.019106699751861043
decode,math,13,24,15,288,0.017866004962779156
decode,math,13,25,51,278,0.017245657568238214
decode,math,13,26,46,274,0.016997518610421838
decode,math,13,27,33,266,0.01650124069478908
decode,math,13,28,57,262,0.016253101736972704
decode,math,13,29,30,259,0.01606699751861042
decode,math,13,30,63,257,0.015942928039702233
decode,math,13,31,12,253,0.015694789081885856
decode,math,13,32,61,244,0.015136476426799007
decode,math,13,33,48,222,0.013771712158808933
decode,math,13,34,24,203,0.012593052109181142
decode,math,13,35,31,203,0.012593052109181142
decode,math,13,36,11,201,0.012468982630272954
decode,math,13,37,7,200,0.01240694789081886
decode,math,13,38,39,189,0.011724565756823822
decode,math,13,39,0,177,0.01098014888337469
decode,math,13,40,38,157,0.009739454094292804
decode,math,13,41,62,153,0.009491315136476428
decode,math,13,42,44,152,0.009429280397022333
decode,math,13,43,59,146,0.009057071960297767
decode,math,13,44,43,144,0.008933002481389578
decode,math,13,45,10,141,0.008746898263027296
decode,math,13,46,25,141,0.008746898263027296
decode,math,13,47,4,115,0.007133995037220843
decode,math,13,48,49,112,0.006947890818858561
decode,math,13,49,42,108,0.006699751861042184
decode,math,13,50,50,106,0.006575682382133995
decode,math,13,51,40,96,0.005955334987593052
decode,math,13,52,18,91,0.00564516129032258
decode,math,13,53,6,86,0.005334987593052109
decode,math,13,54,17,85,0.005272952853598015
decode,math,13,55,60,76,0.004714640198511167
decode,math,13,56,28,76,0.004714640198511167
decode,math,13,57,21,68,0.004218362282878412
decode,math,13,58,26,65,0.004032258064516129
decode,math,13,59,23,64,0.003970223325062035
decode,math,13,60,29,56,0.0034739454094292804
decode,math,13,61,56,44,0.002729528535980149
decode,math,13,62,16,36,0.0022332506203473945
decode,math,13,63,52,23,0.0014267990074441688
decode,math,13,64,14,9,0.0005583126550868486
decode,math,14,1,8,534,0.03312655086848635
decode,math,14,2,52,511,0.03169975186104218
decode,math,14,3,23,509,0.03157568238213399
decode,math,14,4,25,491,0.030459057071960297
decode,math,14,5,42,476,0.029528535980148884
decode,math,14,6,11,458,0.028411910669975185
decode,math,14,7,62,455,0.028225806451612902
decode,math,14,8,45,436,0.027047146401985113
decode,math,14,9,60,431,0.02673697270471464
decode,math,14,10,43,427,0.026488833746898262
decode,math,14,11,16,388,0.024069478908188585
decode,math,14,12,44,383,0.023759305210918114
decode,math,14,13,9,372,0.023076923076923078
decode,math,14,14,34,362,0.022456575682382133
decode,math,14,15,15,359,0.02227047146401985
decode,math,14,16,20,357,0.022146401985111662
decode,math,14,17,31,346,0.021464019851116626
decode,math,14,18,53,341,0.021153846153846155
decode,math,14,19,63,339,0.021029776674937967
decode,math,14,20,13,336,0.020843672456575684
decode,math,14,21,58,332,0.020595533498759304
decode,math,14,22,38,321,0.019913151364764268
decode,math,14,23,57,318,0.019727047146401985
decode,math,14,24,24,314,0.01947890818858561
decode,math,14,25,0,301,0.01867245657568238
decode,math,14,26,29,298,0.018486352357320098
decode,math,14,27,1,295,0.018300248138957816
decode,math,14,28,18,287,0.017803970223325062
decode,math,14,29,35,283,0.017555831265508685
decode,math,14,30,59,266,0.01650124069478908
decode,math,14,31,10,249,0.01544665012406948
decode,math,14,32,7,246,0.015260545905707195
decode,math,14,33,49,241,0.014950372208436724
decode,math,14,34,21,238,0.014764267990074442
decode,math,14,35,12,224,0.013895781637717122
decode,math,14,36,2,224,0.013895781637717122
decode,math,14,37,48,217,0.013461538461538462
decode,math,14,38,37,215,0.013337468982630272
decode,math,14,39,6,205,0.01271712158808933
decode,math,14,40,41,200,0.01240694789081886
decode,math,14,41,46,192,0.011910669975186104
decode,math,14,42,5,191,0.01184863523573201
decode,math,14,43,50,188,0.011662531017369727
decode,math,14,44,3,187,0.011600496277915633
decode,math,14,45,17,174,0.010794044665012407
decode,math,14,46,28,167,0.010359801488833746
decode,math,14,47,54,166,0.010297766749379652
decode,math,14,48,39,161,0.009987593052109181
decode,math,14,49,61,100,0.00620347394540943
decode,math,14,50,47,97,0.006017369727047146
decode,math,14,51,26,96,0.005955334987593052
decode,math,14,52,30,93,0.0057692307692307696
decode,math,14,53,36,92,0.005707196029776675
decode,math,14,54,22,84,0.005210918114143921
decode,math,14,55,19,77,0.004776674937965261
decode,math,14,56,32,76,0.004714640198511167
decode,math,14,57,56,70,0.004342431761786601
decode,math,14,58,40,69,0.0042803970223325065
decode,math,14,59,27,65,0.004032258064516129
decode,math,14,60,51,63,0.0039081885856079406
decode,math,14,61,4,42,0.0026054590570719605
decode,math,14,62,33,42,0.0026054590570719605
decode,math,14,63,14,42,0.0026054590570719605
decode,math,14,64,55,1,6.203473945409429e-05
decode,math,15,1,17,770,0.047766749379652605
decode,math,15,2,51,686,0.04255583126550869
decode,math,15,3,34,510,0.03163771712158809
decode,math,15,4,39,495,0.030707196029776673
decode,math,15,5,59,474,0.029404466501240695
decode,math,15,6,48,463,0.028722084367245656
decode,math,15,7,52,462,0.02866004962779156
decode,math,15,8,22,403,0.025
decode,math,15,9,53,393,0.024379652605459056
decode,math,15,10,16,390,0.024193548387096774
decode,math,15,11,56,390,0.024193548387096774
decode,math,15,12,27,388,0.024069478908188585
decode,math,15,13,2,366,0.02270471464019851
decode,math,15,14,20,361,0.02239454094292804
decode,math,15,15,58,341,0.021153846153846155
decode,math,15,16,38,334,0.020719602977667492
decode,math,15,17,55,325,0.020161290322580645
decode,math,15,18,60,324,0.02009925558312655
decode,math,15,19,21,318,0.019727047146401985
decode,math,15,20,63,317,0.01966501240694789
decode,math,15,21,46,311,0.019292803970223326
decode,math,15,22,10,311,0.019292803970223326
decode,math,15,23,26,308,0.019106699751861043
decode,math,15,24,3,302,0.018734491315136475
decode,math,15,25,13,293,0.018176178660049627
decode,math,15,26,35,291,0.01805210918114144
decode,math,15,27,54,287,0.017803970223325062
decode,math,15,28,23,280,0.017369727047146403
decode,math,15,29,61,279,0.01730769230769231
decode,math,15,30,4,275,0.017059553349875932
decode,math,15,31,1,275,0.017059553349875932
decode,math,15,32,44,271,0.01681141439205955
decode,math,15,33,29,270,0.016749379652605458
decode,math,15,34,5,208,0.012903225806451613
decode,math,15,35,57,200,0.01240694789081886
decode,math,15,36,15,191,0.01184863523573201
decode,math,15,37,6,183,0.011352357320099255
decode,math,15,38,36,179,0.011104218362282878
decode,math,15,39,47,173,0.010732009925558313
decode,math,15,40,45,163,0.01011166253101737
decode,math,15,41,37,159,0.009863523573200993
decode,math,15,42,8,157,0.009739454094292804
decode,math,15,43,11,156,0.00967741935483871
decode,math,15,44,62,156,0.00967741935483871
decode,math,15,45,28,142,0.00880893300248139
decode,math,15,46,24,140,0.008684863523573201
decode,math,15,47,9,139,0.008622828784119107
decode,math,15,48,31,138,0.008560794044665013
decode,math,15,49,33,123,0.007630272952853598
decode,math,15,50,32,113,0.007009925558312655
decode,math,15,51,19,113,0.007009925558312655
decode,math,15,52,14,110,0.006823821339950372
decode,math,15,53,40,97,0.006017369727047146
decode,math,15,54,30,94,0.005831265508684864
decode,math,15,55,25,94,0.005831265508684864
decode,math,15,56,7,92,0.005707196029776675
decode,math,15,57,0,91,0.00564516129032258
decode,math,15,58,43,84,0.005210918114143921
decode,math,15,59,42,75,0.004652605459057072
decode,math,15,60,49,74,0.0045905707196029774
decode,math,15,61,50,70,0.004342431761786601
decode,math,15,62,41,69,0.0042803970223325065
decode,math,15,63,12,64,0.003970223325062035
decode,math,15,64,18,10,0.0006203473945409429
prefill,__all__,0,1,6,7130,0.05719740726479271
prefill,__all__,0,2,41,4877,0.039123668335258634
prefill,__all__,0,3,23,4370,0.03505647542035682
prefill,__all__,0,4,21,3316,0.026601206520343985
prefill,__all__,0,5,58,2924,0.02345655243229367
prefill,__all__,0,6,54,2898,0.02324797843665768
prefill,__all__,0,7,8,2892,0.023199845976126298
prefill,__all__,0,8,40,2787,0.02235752791682711
prefill,__all__,0,9,53,2687,0.02155532024130407
prefill,__all__,0,10,61,2489,0.019966949043768452
prefill,__all__,0,11,18,2462,0.01975035297137723
prefill,__all__,0,12,29,2447,0.019630021820048773
prefill,__all__,0,13,63,2363,0.018956167372609422
prefill,__all__,0,14,13,2333,0.01871550506995251
prefill,__all__,0,15,25,2287,0.018346489539211912
prefill,__all__,0,16,49,2172,0.017423950712360414
prefill,__all__,0,17,39,2158,0.01731164163778719
prefill,__all__,0,18,42,2153,0.017271531254011038
prefill,__all__,0,19,17,2140,0.017167244256193044
prefill,__all__,0,20,43,2059,0.01651745603901938
prefill,__all__,0,21,7,2058,0.01650943396226415
prefill,__all__,0,22,24,2019,0.016196572968810167
prefill,__all__,0,23,20,1980,0.01588371197535618
prefill,__all__,0,24,19,1962,0.015739314593762033
prefill,__all__,0,25,60,1942,0.015578873058657424
prefill,__all__,0,26,22,1881,0.01508952637658837
prefill,__all__,0,27,12,1862,0.014937106918238994
prefill,__all__,0,28,46,1861,0.014929084841483763
prefill,__all__,0,29,32,1806,0.014487870619946091
prefill,__all__,0,30,55,1757,0.014094788858939802
prefill,__all__,0,31,5,1721,0.013805994095751508
prefill,__all__,0,32,30,1707,0.013693685021178282
prefill,__all__,0,33,16,1681,0.013485111025542293
prefill,__all__,0,34,38,1653,0.013260492876395842
prefill,__all__,0,35,45,1637,0.013132139648312155
prefill,__all__,0,36,44,1619,0.012987742266718007
prefill,__all__,0,37,36,1618,0.012979720189962778
prefill,__all__,0,38,26,1616,0.012963676036452317
prefill,__all__,0,39,14,1579,0.012666859196508793
prefill,__all__,0,40,33,1576,0.012642792966243101
prefill,__all__,0,41,0,1562,0.012530483891669875
prefill,__all__,0,42,51,1523,0.01221762289821589
prefill,__all__,0,43,59,1496,0.012001026825824669
prefill,__all__,0,44,62,1483,0.011896739828006674
prefill,__all__,0,45,31,1460,0.011712232062636375
prefill,__all__,0,46,48,1456,0.011680143755615454
prefill,__all__,0,47,47,1454,0.011664099602104993
prefill,__all__,0,48,28,1420,0.01139134899242716
prefill,__all__,0,49,37,1409,0.011303106148119624
prefill,__all__,0,50,11,1398,0.01121486330381209
prefill,__all__,0,51,50,1384,0.011102554229238865
prefill,__all__,0,52,10,1333,0.010693428314722116
prefill,__all__,0,53,15,1295,0.010388589398023361
prefill,__all__,0,54,52,1287,0.010324412783981517
prefill,__all__,0,55,3,1271,0.010196059555897832
prefill,__all__,0,56,56,1210,0.009706712873828776
prefill,__all__,0,57,27,1201,0.009634514183031703
prefill,__all__,0,58,4,1167,0.00936176357335387
prefill,__all__,0,59,2,1144,0.009177255807983571
prefill,__all__,0,60,1,1121,0.008992748042613272
prefill,__all__,0,61,9,1063,0.008527467590809908
prefill,__all__,0,62,35,1021,0.008190540367090233
prefill,__all__,0,63,57,655,0.005254460274675908
prefill,__all__,0,64,34,364,0.0029200359389038636
prefill,__all__,1,1,47,5740,0.04604672057502246
prefill,__all__,1,2,18,5360,0.04299833140803491
prefill,__all__,1,3,25,4421,0.03546560133487357
prefill,__all__,1,4,11,4322,0.034671415736105764
prefill,__all__,1,5,15,3864,0.03099730458221024
prefill,__all__,1,6,42,3002,0.024082274419201643
prefill,__all__,1,7,5,2864,0.02297522782697985
prefill,__all__,1,8,21,2738,0.02196444615582082
prefill,__all__,1,9,29,2719,0.02181202669747144
prefill,__all__,1,10,60,2487,0.01995090489025799
prefill,__all__,1,11,32,2414,0.019365293287126172
prefill,__all__,1,12,27,2400,0.019252984212552945
prefill,__all__,1,13,37,2261,0.01813791554357592
prefill,__all__,1,14,53,2240,0.017969451931716084
prefill,__all__,1,15,48,2215,0.017768900012835324
prefill,__all__,1,16,45,2190,0.017568348093954564
prefill,__all__,1,17,17,2184,0.01752021563342318
prefill,__all__,1,18,62,2180,0.01748812732640226
prefill,__all__,1,19,40,2172,0.017423950712360414
prefill,__all__,1,20,9,2121,0.017014824797843667
prefill,__all__,1,21,24,2097,0.016822294955718135
prefill,__all__,1,22,23,2072,0.016621743036837375
prefill,__all__,1,23,7,2040,0.016365036580670005
prefill,__all__,1,24,41,1994,0.015996021049929407
prefill,__all__,1,25,59,1977,0.015859645745090488
prefill,__all__,1,26,19,1938,0.015546784751636504
prefill,__all__,1,27,39,1927,0.01545854190732897
prefill,__all__,1,28,13,1896,0.015209857527916827
prefill,__all__,1,29,14,1874,0.015033371839301759
prefill,__all__,1,30,1,1805,0.014479848543190862
prefill,__all__,1,31,35,1804,0.014471826466435632
prefill,__all__,1,32,31,1794,0.014391605698883326
prefill,__all__,1,33,16,1746,0.014006546014632268
prefill,__all__,1,34,12,1725,0.01383808240277243
prefill,__all__,1,35,44,1720,0.013797972018996277
prefill,__all__,1,36,20,1710,0.013717751251443974
prefill,__all__,1,37,61,1660,0.013316647413682454
prefill,__all__,1,38,8,1642,0.013172250032088308
prefill,__all__,1,39,49,1632,0.013092029264536002
prefill,__all__,1,40,63,1599,0.0128273007316134
prefill,__all__,1,41,51,1563,0.012538505968425106
prefill,__all__,1,42,52,1537,0.012329931972789115
prefill,__all__,1,43,55,1532,0.012289821589012965
prefill,__all__,1,44,3,1526,0.012241689128481581
prefill,__all__,1,45,34,1519,0.01218553459119497
prefill,__all__,1,46,4,1495,0.011993004749069438
prefill,__all__,1,47,2,1390,0.011150686689770248
prefill,__all__,1,48,50,1370,0.01099024515466564
prefill,__all__,1,49,54,1327,0.010645295854190733
prefill,__all__,1,50,58,1305,0.010468810165575665
prefill,__all__,1,51,30,1297,0.01040463355153382
prefill,__all__,1,52,0,1234,0.009899242715954307
prefill,__all__,1,53,36,1115,0.00894461558208189
prefill,__all__,1,54,57,1059,0.008495379283788988
prefill,__all__,1,55,6,1046,0.008391092285970993
prefill,__all__,1,56,22,1029,0.008254716981132075
prefill,__all__,1,57,56,1015,0.00814240790655885
prefill,__all__,1,58,33,1010,0.008102297522782699
prefill,__all__,1,59,46,908,0.007284045693749198
prefill,__all__,1,60,26,897,0.007195802849441663
prefill,__all__,1,61,28,877,0.007035361314337056
prefill,__all__,1,62,10,834,0.006690412013862149
prefill,__all__,1,63,38,709,0.00568765241945835
prefill,__all__,1,64,43,516,0.0041393916056988835
prefill,__all__,2,1,40,5632,0.04518033628545758
prefill,__all__,2,2,60,4621,0.03707001668591965
prefill,__all__,2,3,14,3785,0.03036356051854704
prefill,__all__,2,4,5,3424,0.02746759080990887
prefill,__all__,2,5,9,3419,0.027427480426132717
prefill,__all__,2,6,34,3413,0.027379347965601333
prefill,__all__,2,7,61,3310,0.026553074059812606
prefill,__all__,2,8,45,3258,0.026135926068540625
prefill,__all__,2,9,24,2985,0.023945899114362727
prefill,__all__,2,10,30,2831,0.022710499294057246
prefill,__all__,2,11,22,2637,0.02115421640354255
prefill,__all__,2,12,16,2494,0.0200070594275446
prefill,__all__,2,13,58,2395,0.019212873828776792
prefill,__all__,2,14,4,2344,0.018803747914260045
prefill,__all__,2,15,28,2316,0.018579129765113594
prefill,__all__,2,16,38,2293,0.018394621999743295
prefill,__all__,2,17,35,2179,0.017480105249647028
prefill,__all__,2,18,10,2134,0.01711911179566166
prefill,__all__,2,19,62,2117,0.016982736490822745
prefill,__all__,2,20,29,2056,0.01649338980875369
prefill,__all__,2,21,63,2039,0.016357014503914774
prefill,__all__,2,22,26,1975,0.015843601591580027
prefill,__all__,2,23,47,1940,0.015562828905146965
prefill,__all__,2,24,57,1919,0.015394365293287126
prefill,__all__,2,25,15,1896,0.015209857527916827
prefill,__all__,2,26,32,1881,0.01508952637658837
prefill,__all__,2,27,41,1871,0.015009305609036067
prefill,__all__,2,28,12,1867,0.014977217302015147
prefill,__all__,2,29,23,1862,0.014937106918238994
prefill,__all__,2,30,19,1842,0.014776665383134387
prefill,__all__,2,31,59,1826,0.0146483121550507
prefill,__all__,2,32,54,1795,0.014399627775638557
prefill,__all__,2,33,46,1733,0.013902259016814272
prefill,__all__,2,34,20,1725,0.01383808240277243
prefill,__all__,2,35,36,1707,0.013693685021178282
prefill,__all__,2,36,21,1705,0.013677640867667823
prefill,__all__,2,37,48,1668,0.013380824027724298
prefill,__all__,2,38,1,1657,0.013292581183416762
prefill,__all__,2,39,8,1652,0.013252470799640611
prefill,__all__,2,40,56,1631,0.013084007187780773
prefill,__all__,2,41,44,1625,0.01303587472724939
prefill,__all__,2,42,0,1572,0.012610704659222179
prefill,__all__,2,43,25,1544,0.01238608651007573
prefill,__all__,2,44,39,1544,0.01238608651007573
prefill,__all__,2,45,7,1542,0.012370042356565268
prefill,__all__,2,46,33,1541,0.012362020279810038
prefill,__all__,2,47,27,1523,0.01221762289821589
prefill,__all__,2,48,53,1445,0.01159190091130792
prefill,__all__,2,49,3,1404,0.011262995764343474
prefill,__all__,2,50,50,1342,0.010765627005519189
prefill,__all__,2,51,6,1326,0.010637273777435502
prefill,__all__,2,52,13,1311,0.010516942626107046
prefill,__all__,2,53,49,1268,0.01017199332563214
prefill,__all__,2,54,17,1241,0.009955397253240919
prefill,__all__,2,55,18,1221,0.009794955718136312
prefill,__all__,2,56,11,1139,0.009137145424207418
prefill,__all__,2,57,37,1104,0.008856372737774355
prefill,__all__,2,58,52,1051,0.008431202669747144
prefill,__all__,2,59,31,826,0.006626235399820306
prefill,__all__,2,60,43,795,0.006377551020408163
prefill,__all__,2,61,42,791,0.006345462713387241
prefill,__all__,2,62,2,604,0.004845334360159158
prefill,__all__,2,63,51,540,0.004331921447824413
prefill,__all__,2,64,55,523,0.004195546142985496
prefill,__all__,3,1,15,5320,0.0426774483378257
prefill,__all__,3,2,9,4422,0.0354736234116288
prefill,__all__,3,3,52,4218,0.0338371197535618
prefill,__all__,3,4,62,3899,0.0312780772686433
prefill,__all__,3,5,43,3752,0.03009883198562444
prefill,__all__,3,6,19,3647,0.029256513926325247
prefill,__all__,3,7,61,3175,0.0254700936978565
prefill,__all__,3,8,31,2981,0.023913810807341805
prefill,__all__,3,9,30,2971,0.0238335900397895
prefill,__all__,3,10,23,2807,0.022517969451931717
prefill,__all__,3,11,39,2744,0.0220125786163522
prefill,__all__,3,12,20,2712,0.02175587216018483
prefill,__all__,3,13,12,2615,0.020977730714927482
prefill,__all__,3,14,63,2453,0.019678154280580156
prefill,__all__,3,15,38,2421,0.019421447824412783
prefill,__all__,3,16,42,2398,0.019236940059042484
prefill,__all__,3,17,49,2354,0.018883968681812347
prefill,__all__,3,18,59,2315,0.018571107688358363
prefill,__all__,3,19,54,2235,0.01792934154793993
prefill,__all__,3,20,37,2206,0.01769670132203825
prefill,__all__,3,21,22,2174,0.017439994865870875
prefill,__all__,3,22,33,2149,0.017239442946990115
prefill,__all__,3,23,36,2127,0.017062957258375047
prefill,__all__,3,24,56,2092,0.016782184571941985
prefill,__all__,3,25,45,2085,0.01672603003465537
prefill,__all__,3,26,40,2057,0.01650141188550892
prefill,__all__,3,27,51,2029,0.01627679373636247
prefill,__all__,3,28,44,1970,0.015803491207803878
prefill,__all__,3,29,25,1939,0.015554806828391735
prefill,__all__,3,30,48,1920,0.015402387370042356
prefill,__all__,3,31,28,1895,0.015201835451161596
prefill,__all__,3,32,18,1852,0.01485688615068669
prefill,__all__,3,33,29,1830,0.01468040046207162
prefill,__all__,3,34,47,1819,0.014592157617764086
prefill,__all__,3,35,0,1723,0.013822038249261969
prefill,__all__,3,36,11,1696,0.013605442176870748
prefill,__all__,3,37,57,1695,0.013597420100115517
prefill,__all__,3,38,58,1694,0.013589398023360287
prefill,__all__,3,39,46,1650,0.01323642664613015
prefill,__all__,3,40,4,1623,0.01301983057373893
prefill,__all__,3,41,10,1477,0.011848607367475292
prefill,__all__,3,42,34,1460,0.011712232062636375
prefill,__all__,3,43,50,1437,0.011527724297266076
prefill,__all__,3,44,24,1408,0.011295084071364396
prefill,__all__,3,45,6,1363,0.010934090617379027
prefill,__all__,3,46,55,1316,0.010557053009883199
prefill,__all__,3,47,3,1315,0.010549030933127968
prefill,__all__,3,48,7,1247,0.0100035297137723
prefill,__all__,3,49,32,1237,0.009923308946219997
prefill,__all__,3,50,14,1226,0.009835066101912463
prefill,__all__,3,51,35,1206,0.009674624566807856
prefill,__all__,3,52,41,1167,0.00936176357335387
prefill,__all__,3,53,2,1105,0.008864394814529586
prefill,__all__,3,54,8,1089,0.008736041586445899
prefill,__all__,3,55,27,974,0.007813502759594403
prefill,__all__,3,56,5,820,0.006578102939288923
prefill,__all__,3,57,60,797,0.0063935951739186245
prefill,__all__,3,58,1,793,0.006361506866897702
prefill,__all__,3,59,21,773,0.006201065331793094
prefill,__all__,3,60,53,650,0.005214349890899756
prefill,__all__,3,61,16,631,0.005061930432550378
prefill,__all__,3,62,26,549,0.004404120138621486
prefill,__all__,3,63,13,532,0.004267744833782569
prefill,__all__,3,64,17,420,0.0033692722371967657
prefill,__all__,4,1,17,5889,0.04724201001155179
prefill,__all__,4,2,21,5275,0.04231645488384033
prefill,__all__,4,3,25,4407,0.035353292260300345
prefill,__all__,4,4,19,4285,0.03437459889616224
prefill,__all__,4,5,55,3170,0.02542998331408035
prefill,__all__,4,6,34,3132,0.025125144397381595
prefill,__all__,4,7,6,3111,0.024956680785521757
prefill,__all__,4,8,62,3102,0.024884482094724682
prefill,__all__,4,9,26,2972,0.02384161211654473
prefill,__all__,4,10,27,2906,0.023312155050699526
prefill,__all__,4,11,23,2861,0.02295116159671416
prefill,__all__,4,12,43,2660,0.02133872416891285
prefill,__all__,4,13,41,2649,0.021250481324605313
prefill,__all__,4,14,47,2530,0.020295854190732897
prefill,__all__,4,15,49,2393,0.019196829675266334
prefill,__all__,4,16,8,2371,0.019020343986651263
prefill,__all__,4,17,59,2343,0.018795725837504815
prefill,__all__,4,18,48,2329,0.018683416762931587
prefill,__all__,4,19,52,2301,0.018458798613785136
prefill,__all__,4,20,45,2271,0.018218136311128223
prefill,__all__,4,21,42,2262,0.018145937620331152
prefill,__all__,4,22,61,2234,0.0179213194711847
prefill,__all__,4,23,58,2188,0.017552303940444103
prefill,__all__,4,24,35,2177,0.017464061096136567
prefill,__all__,4,25,14,2002,0.016060197663971248
prefill,__all__,4,26,63,1933,0.015506674367860351
prefill,__all__,4,27,37,1916,0.015370299063021436
prefill,__all__,4,28,51,1895,0.015201835451161596
prefill,__all__,4,29,39,1885,0.015121614683609293
prefill,__all__,4,30,36,1860,0.014921062764728533
prefill,__all__,4,31,7,1853,0.01486490822744192
prefill,__all__,4,32,11,1843,0.014784687459889615
prefill,__all__,4,33,2,1828,0.014664356308561161
prefill,__all__,4,34,18,1803,0.014463804389680401
prefill,__all__,4,35,10,1738,0.013942369400590425
prefill,__all__,4,36,50,1676,0.01344500064176614
prefill,__all__,4,37,40,1519,0.01218553459119497
prefill,__all__,4,38,24,1507,0.012089269670132205
prefill,__all__,4,39,56,1483,0.011896739828006674
prefill,__all__,4,40,60,1459,0.011704209985881144
prefill,__all__,4,41,5,1457,0.011688165832370685
prefill,__all__,4,42,28,1435,0.011511680143755615
prefill,__all__,4,43,4,1422,0.01140739314593762
prefill,__all__,4,44,1,1339,0.010741560775253498
prefill,__all__,4,45,13,1247,0.0100035297137723
prefill,__all__,4,46,38,1238,0.009931331022975227
prefill,__all__,4,47,33,1207,0.009682646643563086
prefill,__all__,4,48,12,1176,0.009433962264150943
prefill,__all__,4,49,57,1165,0.009345719419843409
prefill,__all__,4,50,9,1163,0.009329675266332948
prefill,__all__,4,51,29,1150,0.009225388268514953
prefill,__all__,4,52,3,1071,0.008591644204851753
prefill,__all__,4,53,16,1063,0.008527467590809908
prefill,__all__,4,54,22,976,0.007829546913104864
prefill,__all__,4,55,20,938,0.00752470799640611
prefill,__all__,4,56,53,931,0.007468553459119497
prefill,__all__,4,57,30,919,0.007372288538056732
prefill,__all__,4,58,32,914,0.0073321781542805805
prefill,__all__,4,59,44,809,0.006489860094981389
prefill,__all__,4,60,54,728,0.005840071877807727
prefill,__all__,4,61,31,714,0.0057277628032345014
prefill,__all__,4,62,46,706,0.005663586189192658
prefill,__all__,4,63,15,514,0.004123347452188422
prefill,__all__,4,64,0,356,0.00285585932486202
prefill,__all__,5,1,0,6231,0.04998556026184058
prefill,__all__,5,2,42,5136,0.04120138621486331
prefill,__all__,5,3,2,5052,0.04052753176742395
prefill,__all__,5,4,21,4036,0.03237710178410987
prefill,__all__,5,5,17,3826,0.03069246566551149
prefill,__all__,5,6,10,3634,0.029152226928507254
prefill,__all__,5,7,31,3392,0.027210884353741496
prefill,__all__,5,8,60,3043,0.024411179566166088
prefill,__all__,5,9,55,3014,0.02417853934026441
prefill,__all__,5,10,14,2923,0.02344853035553844
prefill,__all__,5,11,52,2787,0.02235752791682711
prefill,__all__,5,12,6,2753,0.022084777307149275
prefill,__all__,5,13,40,2568,0.020600693107431654
prefill,__all__,5,14,22,2516,0.020183545116159673
prefill,__all__,5,15,8,2477,0.019870684122705685
prefill,__all__,5,16,54,2242,0.017985496085226545
prefill,__all__,5,17,23,2234,0.0179213194711847
prefill,__all__,5,18,53,2214,0.017760877936080093
prefill,__all__,5,19,39,2207,0.01770472339879348
prefill,__all__,5,20,58,2198,0.017632524707996405
prefill,__all__,5,21,30,2163,0.017351752021563343
prefill,__all__,5,22,63,2143,0.017191310486458736
prefill,__all__,5,23,57,2138,0.017151200102682583
prefill,__all__,5,24,51,2098,0.016830317032473365
prefill,__all__,5,25,20,2095,0.016806250802207677
prefill,__all__,5,26,19,2090,0.016766140418431524
prefill,__all__,5,27,32,1967,0.015779424977538186
prefill,__all__,5,28,41,1939,0.015554806828391735
prefill,__all__,5,29,37,1856,0.01488897445770761
prefill,__all__,5,30,28,1807,0.014495892696701321
prefill,__all__,5,31,45,1807,0.014495892696701321
prefill,__all__,5,32,13,1781,0.014287318701065331
prefill,__all__,5,33,35,1712,0.013733795404954435
prefill,__all__,5,34,11,1710,0.013717751251443974
prefill,__all__,5,35,44,1676,0.01344500064176614
prefill,__all__,5,36,27,1622,0.013011808496983699
prefill,__all__,5,37,18,1620,0.012995764343473238
prefill,__all__,5,38,34,1611,0.012923565652676165
prefill,__all__,5,39,43,1606,0.012883455268900014
prefill,__all__,5,40,50,1510,0.012113335900397895
prefill,__all__,5,41,16,1508,0.012097291746887433
prefill,__all__,5,42,62,1280,0.010268258246694905
prefill,__all__,5,43,26,1224,0.009819021948402002
prefill,__all__,5,44,9,1191,0.0095542934154794
prefill,__all__,5,45,33,1174,0.009417918110640482
prefill,__all__,5,46,15,1099,0.008816262353998202
prefill,__all__,5,47,1,1039,0.008334937748684379
prefill,__all__,5,48,4,1030,0.008262739057887306
prefill,__all__,5,49,38,1019,0.008174496213579772
prefill,__all__,5,50,29,1009,0.008094275446027468
prefill,__all__,5,51,49,987,0.007917789757412398
prefill,__all__,5,52,7,979,0.007853613143370556
prefill,__all__,5,53,48,960,0.007701193685021178
prefill,__all__,5,54,59,958,0.007685149531510718
prefill,__all__,5,55,47,901,0.007227891156462585
prefill,__all__,5,56,5,899,0.007211847002952124
prefill,__all__,5,57,56,882,0.007075471698113208
prefill,__all__,5,58,46,846,0.006786676934924914
prefill,__all__,5,59,61,794,0.006369528943652933
prefill,__all__,5,60,24,788,0.0063213964831215505
prefill,__all__,5,61,12,742,0.005952380952380952
prefill,__all__,5,62,3,684,0.00548710050057759
prefill,__all__,5,63,25,651,0.0052223719676549865
prefill,__all__,5,64,36,578,0.004636760364523168
prefill,__all__,6,1,18,6275,0.050338531639070726
prefill,__all__,6,2,52,4977,0.03992587601078167
prefill,__all__,6,3,36,4649,0.0372946348350661
prefill,__all__,6,4,57,4484,0.03597099217045309
prefill,__all__,6,5,42,3920,0.031446540880503145
prefill,__all__,6,6,61,3752,0.03009883198562444
prefill,__all__,6,7,5,3718,0.029826081375946605
prefill,__all__,6,8,62,3531,0.028325953022718522
prefill,__all__,6,9,40,3231,0.025919329996149404
prefill,__all__,6,10,59,3091,0.024796239250417147
prefill,__all__,6,11,9,2933,0.023528751123090746
prefill,__all__,6,12,55,2883,0.023127647285329227
prefill,__all__,6,13,2,2813,0.0225661019124631
prefill,__all__,6,14,38,2809,0.022534013605442178
prefill,__all__,6,15,24,2798,0.02244577076113464
prefill,__all__,6,16,49,2796,0.02242972660762418
prefill,__all__,6,17,1,2790,0.0223815941470928
prefill,__all__,6,18,20,2575,0.020656847644718264
prefill,__all__,6,19,16,2376,0.019060454370427415
prefill,__all__,6,20,26,2129,0.017079001411885508
prefill,__all__,6,21,48,2070,0.016605698883326917
prefill,__all__,6,22,47,2003,0.01606821974072648
prefill,__all__,6,23,0,1992,0.015979976896418946
prefill,__all__,6,24,3,1948,0.015627005519188806
prefill,__all__,6,25,15,1943,0.015586895135412655
prefill,__all__,6,26,23,1924,0.015434475677063278
prefill,__all__,6,27,35,1855,0.01488095238095238
prefill,__all__,6,28,45,1800,0.01443973815941471
prefill,__all__,6,29,6,1771,0.014207097933513027
prefill,__all__,6,30,21,1712,0.013733795404954435
prefill,__all__,6,31,12,1709,0.013709729174688743
prefill,__all__,6,32,25,1600,0.01283532280836863
prefill,__all__,6,33,28,1590,0.012755102040816327
prefill,__all__,6,34,17,1575,0.01263477088948787
prefill,__all__,6,35,39,1536,0.012321909896033885
prefill,__all__,6,36,8,1520,0.012193556667950198
prefill,__all__,6,37,4,1498,0.01201707097933513
prefill,__all__,6,38,13,1489,0.011944872288538057
prefill,__all__,6,39,53,1484,0.011904761904761904
prefill,__all__,6,40,63,1483,0.011896739828006674
prefill,__all__,6,41,58,1447,0.01160794506481838
prefill,__all__,6,42,44,1442,0.011567834681042229
prefill,__all__,6,43,30,1354,0.010861891926581954
prefill,__all__,6,44,54,1316,0.010557053009883199
prefill,__all__,6,45,11,1219,0.00977891156462585
prefill,__all__,6,46,50,1210,0.009706712873828776
prefill,__all__,6,47,10,1199,0.009618470029521242
prefill,__all__,6,48,22,1183,0.009490116801437557
prefill,__all__,6,49,27,1083,0.008687909125914517
prefill,__all__,6,50,19,1060,0.008503401360544218
prefill,__all__,6,51,32,1048,0.008407136439481454
prefill,__all__,6,52,56,984,0.007893723527146708
prefill,__all__,6,53,43,972,0.007797458606083943
prefill,__all__,6,54,29,886,0.007107560005134129
prefill,__all__,6,55,7,797,0.0063935951739186245
prefill,__all__,6,56,33,753,0.006040623796688487
prefill,__all__,6,57,41,743,0.005960403029136183
prefill,__all__,6,58,46,662,0.005310614811962521
prefill,__all__,6,59,37,631,0.005061930432550378
prefill,__all__,6,60,60,414,0.0033211397766653833
prefill,__all__,6,61,51,401,0.003216852778847388
prefill,__all__,6,62,31,354,0.0028398151713515596
prefill,__all__,6,63,14,331,0.0026553074059812603
prefill,__all__,6,64,34,135,0.0010829803619561032
prefill,__all__,7,1,4,5633,0.045188358362212806
prefill,__all__,7,2,17,5317,0.042653382107560006
prefill,__all__,7,3,35,4480,0.03593890386343217
prefill,__all__,7,4,2,4100,0.03289051469644461
prefill,__all__,7,5,21,3762,0.03017905275317674
prefill,__all__,7,6,46,3385,0.027154729816454885
prefill,__all__,7,7,58,3157,0.025325696316262355
prefill,__all__,7,8,45,3060,0.024547554871005007
prefill,__all__,7,9,48,3037,0.024363047105634708
prefill,__all__,7,10,23,2993,0.024010075728404568
prefill,__all__,7,11,38,2966,0.023793479656013347
prefill,__all__,7,12,39,2916,0.023392375818251827
prefill,__all__,7,13,29,2772,0.02223719676549865
prefill,__all__,7,14,1,2713,0.02176389423694006
prefill,__all__,7,15,5,2587,0.02075311256578103
prefill,__all__,7,16,56,2578,0.020680913874983956
prefill,__all__,7,17,54,2505,0.020095302271852137
prefill,__all__,7,18,0,2452,0.019670132203824926
prefill,__all__,7,19,26,2388,0.019156719291490182
prefill,__all__,7,20,13,2357,0.01890803491207804
prefill,__all__,7,21,32,2339,0.018763637530483893
prefill,__all__,7,22,37,2326,0.018659350532665896
prefill,__all__,7,23,18,2231,0.01789725324091901
prefill,__all__,7,24,44,2134,0.01711911179566166
prefill,__all__,7,25,41,2057,0.01650141188550892
prefill,__all__,7,26,61,1999,0.016036131433705556
prefill,__all__,7,27,31,1954,0.01567513797972019
prefill,__all__,7,28,47,1887,0.015137658837119754
prefill,__all__,7,29,63,1780,0.014279296624310102
prefill,__all__,7,30,36,1778,0.014263252470799641
prefill,__all__,7,31,19,1731,0.013886214863303811
prefill,__all__,7,32,14,1669,0.013388846104479527
prefill,__all__,7,33,43,1652,0.013252470799640611
prefill,__all__,7,34,11,1620,0.012995764343473238
prefill,__all__,7,35,24,1611,0.012923565652676165
prefill,__all__,7,36,62,1609,0.012907521499165703
prefill,__all__,7,37,55,1572,0.012610704659222179
prefill,__all__,7,38,15,1554,0.012466307277628033
prefill,__all__,7,39,12,1544,0.01238608651007573
prefill,__all__,7,40,16,1447,0.01160794506481838
prefill,__all__,7,41,52,1447,0.01160794506481838
prefill,__all__,7,42,34,1434,0.011503658067000384
prefill,__all__,7,43,33,1426,0.011439481452958542
prefill,__all__,7,44,10,1368,0.01097420100115518
prefill,__all__,7,45,40,1322,0.01060518547041458
prefill,__all__,7,46,22,1249,0.010019573867282762
prefill,__all__,7,47,42,1221,0.009794955718136312
prefill,__all__,7,48,59,1179,0.009458028494416635
prefill,__all__,7,49,3,1172,0.009401873957130023
prefill,__all__,7,50,20,1126,0.009032858426389423
prefill,__all__,7,51,25,1101,0.008832306507508663
prefill,__all__,7,52,49,1048,0.008407136439481454
prefill,__all__,7,53,9,1031,0.008270761134642536
prefill,__all__,7,54,60,895,0.007179758695931203
prefill,__all__,7,55,57,884,0.007091515851623668
prefill,__all__,7,56,53,842,0.0067545886279039916
prefill,__all__,7,57,27,820,0.006578102939288923
prefill,__all__,7,58,6,699,0.005607431651906045
prefill,__all__,7,59,30,639,0.005126107046592222
prefill,__all__,7,60,7,466,0.0037382877679373637
prefill,__all__,7,61,50,462,0.003706199460916442
prefill,__all__,7,62,8,439,0.003521691695546143
prefill,__all__,7,63,28,400,0.0032088307020921576
prefill,__all__,7,64,51,334,0.0026793736362469515
prefill,__all__,8,1,54,5955,0.047771467077397
prefill,__all__,8,2,3,5345,0.042878000256706454
prefill,__all__,8,3,37,3718,0.029826081375946605
prefill,__all__,8,4,16,3552,0.02849441663457836
prefill,__all__,8,5,18,3518,0.028221666024900526
prefill,__all__,8,6,51,3488,0.027981003722243613
prefill,__all__,8,7,32,3482,0.027932871261712233
prefill,__all__,8,8,45,3335,0.026753625978693366
prefill,__all__,8,9,11,3310,0.026553074059812606
prefill,__all__,8,10,1,2944,0.02361699396739828
prefill,__all__,8,11,29,2892,0.023199845976126298
prefill,__all__,8,12,35,2854,0.022895007059427545
prefill,__all__,8,13,10,2854,0.022895007059427545
prefill,__all__,8,14,20,2664,0.02137081247593377
prefill,__all__,8,15,6,2637,0.02115421640354255
prefill,__all__,8,16,30,2594,0.02080926710306764
prefill,__all__,8,17,57,2499,0.020047169811320754
prefill,__all__,8,18,12,2464,0.019766397124887692
prefill,__all__,8,19,55,2424,0.019445514054678474
prefill,__all__,8,20,17,2249,0.018041650622513155
prefill,__all__,8,21,63,2232,0.01790527531767424
prefill,__all__,8,22,42,2143,0.017191310486458736
prefill,__all__,8,23,15,2022,0.01622063919907586
prefill,__all__,8,24,34,2021,0.016212617122320628
prefill,__all__,8,25,60,1990,0.015963932742908485
prefill,__all__,8,26,52,1986,0.015931844435887563
prefill,__all__,8,27,50,1903,0.01526601206520344
prefill,__all__,8,28,28,1889,0.015153702990630215
prefill,__all__,8,29,62,1875,0.015041393916056989
prefill,__all__,8,30,56,1872,0.015017327685791297
prefill,__all__,8,31,27,1830,0.01468040046207162
prefill,__all__,8,32,33,1765,0.014158965472981646
prefill,__all__,8,33,26,1710,0.013717751251443974
prefill,__all__,8,34,5,1650,0.01323642664613015
prefill,__all__,8,35,21,1595,0.012795212424592478
prefill,__all__,8,36,14,1594,0.012787190347837249
prefill,__all__,8,37,53,1592,0.012771146194326788
prefill,__all__,8,38,44,1581,0.012682903350019254
prefill,__all__,8,39,0,1561,0.012522461814914645
prefill,__all__,8,40,58,1541,0.012362020279810038
prefill,__all__,8,41,59,1493,0.011976960595558979
prefill,__all__,8,42,61,1460,0.011712232062636375
prefill,__all__,8,43,9,1407,0.011287061994609165
prefill,__all__,8,44,24,1331,0.010677384161211655
prefill,__all__,8,45,23,1318,0.01057309716339366
prefill,__all__,8,46,40,1233,0.009891220639199077
prefill,__all__,8,47,25,1170,0.009385829803619562
prefill,__all__,8,48,38,1156,0.009273520729046336
prefill,__all__,8,49,36,1095,0.008784174046977282
prefill,__all__,8,50,48,1072,0.008599666281606983
prefill,__all__,8,51,41,1063,0.008527467590809908
prefill,__all__,8,52,2,1008,0.008086253369272238
prefill,__all__,8,53,47,1007,0.008078231292517007
prefill,__all__,8,54,49,982,0.007877679373636247
prefill,__all__,8,55,31,933,0.007484597612629958
prefill,__all__,8,56,13,904,0.007251957386728276
prefill,__all__,8,57,19,894,0.007171736619175972
prefill,__all__,8,58,7,833,0.0066823899371069185
prefill,__all__,8,59,22,738,0.005920292645360031
prefill,__all__,8,60,39,690,0.005535232961108972
prefill,__all__,8,61,46,526,0.004219612373251187
prefill,__all__,8,62,43,489,0.0039227955333076625
prefill,__all__,8,63,8,426,0.003417404697728148
prefill,__all__,8,64,4,298,0.0023905788730586575
prefill,__all__,9,1,5,6149,0.04932774996791169
prefill,__all__,9,2,46,4506,0.036147477859068154
prefill,__all__,9,3,50,3679,0.02951322038249262
prefill,__all__,9,4,4,3422,0.027451546656398408
prefill,__all__,9,5,51,3342,0.026809780515979976
prefill,__all__,9,6,6,3177,0.025486137851366962
prefill,__all__,9,7,13,3159,0.025341740469772816
prefill,__all__,9,8,39,3128,0.025093056090360673
prefill,__all__,9,9,42,3057,0.024523488640739315
prefill,__all__,9,10,7,2862,0.02295918367346939
prefill,__all__,9,11,12,2779,0.022293351302785265
prefill,__all__,9,12,8,2744,0.0220125786163522
prefill,__all__,9,13,21,2638,0.02116223848029778
prefill,__all__,9,14,37,2580,0.020696958028494417
prefill,__all__,9,15,48,2569,0.02060871518418688
prefill,__all__,9,16,34,2354,0.018883968681812347
prefill,__all__,9,17,16,2325,0.018651328455910665
prefill,__all__,9,18,52,2278,0.018274290848414837
prefill,__all__,9,19,55,2224,0.017841098703632395
prefill,__all__,9,20,58,2144,0.017199332563213966
prefill,__all__,9,21,28,2034,0.01631690412013862
prefill,__all__,9,22,0,2002,0.016060197663971248
prefill,__all__,9,23,41,2000,0.016044153510460787
prefill,__all__,9,24,17,1985,0.015923822359132332
prefill,__all__,9,25,36,1920,0.015402387370042356
prefill,__all__,9,26,32,1892,0.015177769220895905
prefill,__all__,9,27,53,1879,0.015073482223077911
prefill,__all__,9,28,63,1876,0.01504941599281222
prefill,__all__,9,29,38,1841,0.014768643306379156
prefill,__all__,9,30,40,1840,0.014760621229623926
prefill,__all__,9,31,26,1822,0.014616223848029778
prefill,__all__,9,32,43,1779,0.014271274547554872
prefill,__all__,9,33,61,1717,0.013773905788730587
prefill,__all__,9,34,27,1714,0.013749839558464896
prefill,__all__,9,35,18,1696,0.013605442176870748
prefill,__all__,9,36,1,1681,0.013485111025542293
prefill,__all__,9,37,24,1641,0.013164227955333077
prefill,__all__,9,38,29,1630,0.013075985111025543
prefill,__all__,9,39,54,1627,0.013051918880759851
prefill,__all__,9,40,59,1612,0.012931587729431395
prefill,__all__,9,41,20,1593,0.012779168271082018
prefill,__all__,9,42,44,1542,0.012370042356565268
prefill,__all__,9,43,31,1514,0.012145424207418817
prefill,__all__,9,44,2,1468,0.011776408676678219
prefill,__all__,9,45,47,1451,0.011640033371839302
prefill,__all__,9,46,33,1447,0.01160794506481838
prefill,__all__,9,47,11,1391,0.011158708766525478
prefill,__all__,9,48,10,1375,0.011030355538441792
prefill,__all__,9,49,30,1357,0.010885958156847645
prefill,__all__,9,50,35,1350,0.010829803619561032
prefill,__all__,9,51,23,1349,0.010821781542805801
prefill,__all__,9,52,9,1348,0.01081375946605057
prefill,__all__,9,53,60,1345,0.01078969323578488
prefill,__all__,9,54,62,1183,0.009490116801437557
prefill,__all__,9,55,14,1123,0.009008792196123732
prefill,__all__,9,56,49,1015,0.00814240790655885
prefill,__all__,9,57,22,942,0.007556796303427031
prefill,__all__,9,58,57,878,0.007043383391092286
prefill,__all__,9,59,45,781,0.006265241945834938
prefill,__all__,9,60,56,725,0.005816005647542036
prefill,__all__,9,61,3,684,0.00548710050057759
prefill,__all__,9,62,15,682,0.005471056347067129
prefill,__all__,9,63,25,552,0.0044281863688871775
prefill,__all__,9,64,19,257,0.002061673726094211
prefill,__all__,10,1,56,5063,0.040615774611731485
prefill,__all__,10,2,43,4120,0.033050956231549224
prefill,__all__,10,3,44,3836,0.03077268643306379
prefill,__all__,10,4,62,3771,0.030251251443973816
prefill,__all__,10,5,59,3152,0.025285585932486202
prefill,__all__,10,6,2,3127,0.025085034013605442
prefill,__all__,10,7,30,3068,0.024611731485046848
prefill,__all__,10,8,6,2963,0.02376941342574766
prefill,__all__,10,9,17,2857,0.022919073289693236
prefill,__all__,10,10,13,2792,0.02239763830060326
prefill,__all__,10,11,16,2652,0.021274547554871005
prefill,__all__,10,12,37,2648,0.021242459247850082
prefill,__all__,10,13,11,2569,0.02060871518418688
prefill,__all__,10,14,4,2538,0.02036003080477474
prefill,__all__,10,15,40,2464,0.019766397124887692
prefill,__all__,10,16,38,2439,0.019565845206006932
prefill,__all__,10,17,48,2401,0.019261006289308175
prefill,__all__,10,18,22,2284,0.01832242330894622
prefill,__all__,10,19,47,2225,0.017849120780387626
prefill,__all__,10,20,24,2211,0.0177368117058144
prefill,__all__,10,21,5,2206,0.01769670132203825
prefill,__all__,10,22,32,2136,0.017135155949172122
prefill,__all__,10,23,31,2095,0.016806250802207677
prefill,__all__,10,24,36,2073,0.016629765113592605
prefill,__all__,10,25,53,2035,0.016324926196893852
prefill,__all__,10,26,54,1956,0.01569118213323065
prefill,__all__,10,27,1,1951,0.015651071749454498
prefill,__all__,10,28,0,1935,0.015522718521370812
prefill,__all__,10,29,46,1919,0.015394365293287126
prefill,__all__,10,30,52,1910,0.015322166602490053
prefill,__all__,10,31,19,1870,0.015001283532280836
prefill,__all__,10,32,12,1816,0.014568091387498396
prefill,__all__,10,33,14,1771,0.014207097933513027
prefill,__all__,10,34,23,1752,0.01405467847516365
prefill,__all__,10,35,39,1717,0.013773905788730587
prefill,__all__,10,36,8,1647,0.013212360415864459
prefill,__all__,10,37,9,1589,0.012747079964061096
prefill,__all__,10,38,41,1588,0.012739057887305866
prefill,__all__,10,39,49,1576,0.012642792966243101
prefill,__all__,10,40,3,1500,0.012033115132845591
prefill,__all__,10,41,34,1471,0.011800474906943909
prefill,__all__,10,42,29,1450,0.011632011295084071
prefill,__all__,10,43,45,1429,0.011463547683224233
prefill,__all__,10,44,20,1425,0.011431459376203311
prefill,__all__,10,45,50,1417,0.011367282762161469
prefill,__all__,10,46,61,1389,0.011142664613015017
prefill,__all__,10,47,10,1361,0.010918046463868566
prefill,__all__,10,48,35,1359,0.010902002310358105
prefill,__all__,10,49,42,1337,0.010725516621743036
prefill,__all__,10,50,28,1311,0.010516942626107046
prefill,__all__,10,51,7,1290,0.010348479014247208
prefill,__all__,10,52,57,1289,0.010340456937491978
prefill,__all__,10,53,60,1273,0.010212103709408291
prefill,__all__,10,54,15,1251,0.010035618020793223
prefill,__all__,10,55,18,1088,0.008728019509690668
prefill,__all__,10,56,27,1067,0.00855955589783083
prefill,__all__,10,57,55,1055,0.008463290976768066
prefill,__all__,10,58,51,1034,0.008294827364908228
prefill,__all__,10,59,21,997,0.007998010524964703
prefill,__all__,10,60,33,985,0.007901745603901939
prefill,__all__,10,61,26,933,0.007484597612629958
prefill,__all__,10,62,58,919,0.007372288538056732
prefill,__all__,10,63,63,738,0.005920292645360031
prefill,__all__,10,64,25,566,0.004540495443460403
prefill,__all__,11,1,47,5544,0.0444743935309973
prefill,__all__,11,2,27,5316,0.042645360030804776
prefill,__all__,11,3,57,4469,0.03585066101912463
prefill,__all__,11,4,13,4020,0.032248748556026184
prefill,__all__,11,5,44,3819,0.030636311128224875
prefill,__all__,11,6,43,3711,0.02976992683865999
prefill,__all__,11,7,51,3009,0.024138428956488257
prefill,__all__,11,8,33,2936,0.023552817353356438
prefill,__all__,11,9,7,2907,0.023320177127454756
prefill,__all__,11,10,23,2775,0.022261262995764343
prefill,__all__,11,11,58,2766,0.02218906430496727
prefill,__all__,11,12,37,2684,0.021531254011038378
prefill,__all__,11,13,22,2608,0.020921576177640868
prefill,__all__,11,14,56,2603,0.020881465793864715
prefill,__all__,11,15,55,2578,0.020680913874983956
prefill,__all__,11,16,63,2405,0.019293094596329097
prefill,__all__,11,17,15,2400,0.019252984212552945
prefill,__all__,11,18,34,2309,0.01852297522782698
prefill,__all__,11,19,14,2260,0.01812989346682069
prefill,__all__,11,20,52,2253,0.018073738929534077
prefill,__all__,11,21,1,2248,0.018033628545757924
prefill,__all__,11,22,61,2177,0.017464061096136567
prefill,__all__,11,23,62,2099,0.016838339109228596
prefill,__all__,11,24,8,2040,0.016365036580670005
prefill,__all__,11,25,31,2031,0.01629283788987293
prefill,__all__,11,26,0,1963,0.015747336670517264
prefill,__all__,11,27,6,1927,0.01545854190732897
prefill,__all__,11,28,11,1884,0.015113592606854062
prefill,__all__,11,29,54,1883,0.015105570530098832
prefill,__all__,11,30,46,1867,0.014977217302015147
prefill,__all__,11,31,29,1865,0.014961173148504685
prefill,__all__,11,32,45,1858,0.014905018611218072
prefill,__all__,11,33,18,1819,0.014592157617764086
prefill,__all__,11,34,17,1815,0.014560069310743166
prefill,__all__,11,35,20,1735,0.013918303170324733
prefill,__all__,11,36,49,1563,0.012538505968425106
prefill,__all__,11,37,32,1513,0.012137402130663586
prefill,__all__,11,38,30,1447,0.01160794506481838
prefill,__all__,11,39,2,1361,0.010918046463868566
prefill,__all__,11,40,24,1340,0.010749582852008728
prefill,__all__,11,41,42,1330,0.010669362084456424
prefill,__all__,11,42,40,1308,0.010492876395841356
prefill,__all__,11,43,12,1285,0.010308368630471056
prefill,__all__,11,44,36,1258,0.010091772558079836
prefill,__all__,11,45,26,1217,0.00976286741111539
prefill,__all__,11,46,41,1205,0.009666602490052625
prefill,__all__,11,47,9,1175,0.009425940187395713
prefill,__all__,11,48,3,1160,0.009305609036067256
prefill,__all__,11,49,5,1154,0.009257476575535875
prefill,__all__,11,50,53,1138,0.009129123347452188
prefill,__all__,11,51,59,1114,0.008936593505326659
prefill,__all__,11,52,21,1094,0.008776151970222051
prefill,__all__,11,53,16,1079,0.008655820818893595
prefill,__all__,11,54,38,1044,0.008375048132460532
prefill,__all__,11,55,19,1030,0.008262739057887306
prefill,__all__,11,56,4,1028,0.008246694904376845
prefill,__all__,11,57,60,949,0.007612950840713644
prefill,__all__,11,58,35,948,0.007604928763958413
prefill,__all__,11,59,25,899,0.007211847002952124
prefill,__all__,11,60,39,893,0.007163714542420742
prefill,__all__,11,61,10,815,0.0065379925555127715
prefill,__all__,11,62,50,788,0.0063213964831215505
prefill,__all__,11,63,28,615,0.0049335772044666925
prefill,__all__,11,64,48,323,0.0025911307919394173
prefill,__all__,12,1,38,5479,0.04395295854190733
prefill,__all__,12,2,2,4706,0.03775189321011423
prefill,__all__,12,3,43,4518,0.03624374278013092
prefill,__all__,12,4,30,3718,0.029826081375946605
prefill,__all__,12,5,19,3356,0.026922089590553203
prefill,__all__,12,6,51,3344,0.026825824669490437
prefill,__all__,12,7,8,3211,0.025758888461044797
prefill,__all__,12,8,6,3170,0.02542998331408035
prefill,__all__,12,9,55,3125,0.02506898986009498
prefill,__all__,12,10,59,3001,0.024074252342446412
prefill,__all__,12,11,58,2985,0.023945899114362727
prefill,__all__,12,12,54,2915,0.0233843537414966
prefill,__all__,12,13,9,2760,0.02214093184443589
prefill,__all__,12,14,17,2745,0.02202060069310743
prefill,__all__,12,15,32,2706,0.021707739699653446
prefill,__all__,12,16,52,2658,0.021322680015402388
prefill,__all__,12,17,40,2624,0.021049929405724553
prefill,__all__,12,18,23,2581,0.020704980105249647
prefill,__all__,12,19,45,2566,0.020584648953921193
prefill,__all__,12,20,50,2553,0.020480361956103196
prefill,__all__,12,21,31,2403,0.019277050442818636
prefill,__all__,12,22,46,2290,0.018370555769477603
prefill,__all__,12,23,14,2238,0.017953407778205623
prefill,__all__,12,24,25,2186,0.017536259786933642
prefill,__all__,12,25,22,2063,0.016549544346040303
prefill,__all__,12,26,48,2030,0.0162848158131177
prefill,__all__,12,27,21,2025,0.016244705429341547
prefill,__all__,12,28,5,1889,0.015153702990630215
prefill,__all__,12,29,7,1851,0.01484886407393146
prefill,__all__,12,30,15,1850,0.01484084199717623
prefill,__all__,12,31,29,1823,0.014624245924785008
prefill,__all__,12,32,63,1747,0.014014568091387498
prefill,__all__,12,33,0,1701,0.0136455525606469
prefill,__all__,12,34,53,1569,0.012586638428956489
prefill,__all__,12,35,3,1538,0.012337954049544346
prefill,__all__,12,36,26,1525,0.01223366705172635
prefill,__all__,12,37,34,1451,0.011640033371839302
prefill,__all__,12,38,11,1430,0.011471569759979464
prefill,__all__,12,39,16,1359,0.010902002310358105
prefill,__all__,12,40,41,1337,0.010725516621743036
prefill,__all__,12,41,47,1328,0.010653317930945963
prefill,__all__,12,42,4,1318,0.01057309716339366
prefill,__all__,12,43,56,1300,0.010428699781799512
prefill,__all__,12,44,49,1266,0.010155949172121679
prefill,__all__,12,45,10,1220,0.009786933641381081
prefill,__all__,12,46,44,1127,0.009040880503144654
prefill,__all__,12,47,62,1123,0.009008792196123732
prefill,__all__,12,48,27,1121,0.008992748042613272
prefill,__all__,12,49,1,1105,0.008864394814529586
prefill,__all__,12,50,42,1093,0.008768129893466821
prefill,__all__,12,51,28,1038,0.008326915671929148
prefill,__all__,12,52,13,973,0.007805480682839173
prefill,__all__,12,53,57,955,0.007661083301245026
prefill,__all__,12,54,36,950,0.0076209729174688745
prefill,__all__,12,55,24,945,0.007580862533692723
prefill,__all__,12,56,61,921,0.007388332691567193
prefill,__all__,12,57,33,874,0.007011295084071364
prefill,__all__,12,58,12,854,0.006850853548966756
prefill,__all__,12,59,20,844,0.006770632781414453
prefill,__all__,12,60,37,807,0.006473815941470928
prefill,__all__,12,61,39,792,0.006353484790142472
prefill,__all__,12,62,60,750,0.0060165575664227955
prefill,__all__,12,63,35,593,0.004757091515851623
prefill,__all__,12,64,18,333,0.0026713515594917214
prefill,__all__,13,1,2,5916,0.04745860608394301
prefill,__all__,13,2,55,4859,0.038979270953664484
prefill,__all__,13,3,6,4754,0.03813695289436529
prefill,__all__,13,4,54,3777,0.0302993839045052
prefill,__all__,13,5,62,3738,0.02998652291105121
prefill,__all__,13,6,25,3653,0.02930464638685663
prefill,__all__,13,7,27,3479,0.02790880503144654
prefill,__all__,13,8,32,3424,0.02746759080990887
prefill,__all__,13,9,5,3418,0.027419458349377486
prefill,__all__,13,10,46,2877,0.023079514824797843
prefill,__all__,13,11,61,2843,0.02280676421512001
prefill,__all__,13,12,41,2745,0.02202060069310743
prefill,__all__,13,13,63,2611,0.02094564240790656
prefill,__all__,13,14,43,2540,0.020376074958285202
prefill,__all__,13,15,11,2460,0.01973430881786677
prefill,__all__,13,16,8,2407,0.01930913874983956
prefill,__all__,13,17,45,2376,0.019060454370427415
prefill,__all__,13,18,36,2361,0.01894012321909896
prefill,__all__,13,19,22,2235,0.01792934154793993
prefill,__all__,13,20,3,2216,0.017776922089590554
prefill,__all__,13,21,1,2105,0.01688647156975998
prefill,__all__,13,22,35,2076,0.016653831343858297
prefill,__all__,13,23,52,1948,0.015627005519188806
prefill,__all__,13,24,56,1920,0.015402387370042356
prefill,__all__,13,25,31,1883,0.015105570530098832
prefill,__all__,13,26,13,1868,0.014985239378770375
prefill,__all__,13,27,7,1846,0.014808753690155307
prefill,__all__,13,28,47,1804,0.014471826466435632
prefill,__all__,13,29,34,1773,0.014223142087023488
prefill,__all__,13,30,23,1770,0.014199075856757797
prefill,__all__,13,31,51,1693,0.013581375946605058
prefill,__all__,13,32,19,1625,0.01303587472724939
prefill,__all__,13,33,29,1566,0.012562572198690797
prefill,__all__,13,34,53,1550,0.01243421897060711
prefill,__all__,13,35,48,1544,0.01238608651007573
prefill,__all__,13,36,58,1498,0.01201707097933513
prefill,__all__,13,37,37,1487,0.011928828135027596
prefill,__all__,13,38,33,1468,0.011776408676678219
prefill,__all__,13,39,42,1434,0.011503658067000384
prefill,__all__,13,40,30,1421,0.01139937106918239
prefill,__all__,13,41,9,1374,0.011022333461686561
prefill,__all__,13,42,4,1369,0.01098222307791041
prefill,__all__,13,43,39,1327,0.010645295854190733
prefill,__all__,13,44,10,1300,0.010428699781799512
prefill,__all__,13,45,24,1253,0.010051662174303684
prefill,__all__,13,46,57,1227,0.009843088178667693
prefill,__all__,13,47,0,1200,0.009626492106276472
prefill,__all__,13,48,21,1164,0.009337697343088178
prefill,__all__,13,49,20,1157,0.009281542805801566
prefill,__all__,13,50,28,1153,0.009249454498780644
prefill,__all__,13,51,12,1147,0.009201322038249263
prefill,__all__,13,52,14,1145,0.009185277884738802
prefill,__all__,13,53,26,1133,0.009089012963676037
prefill,__all__,13,54,18,1101,0.008832306507508663
prefill,__all__,13,55,59,1043,0.008367026055705301
prefill,__all__,13,56,17,1033,0.008286805288152998
prefill,__all__,13,57,44,1022,0.008198562443845463
prefill,__all__,13,58,38,1015,0.00814240790655885
prefill,__all__,13,59,50,929,0.007452509305609036
prefill,__all__,13,60,40,909,0.007292067770504428
prefill,__all__,13,61,15,790,0.006337440636632012
prefill,__all__,13,62,16,702,0.005631497882171737
prefill,__all__,13,63,49,689,0.0055272108843537416
prefill,__all__,13,64,60,506,0.004059170838146579
prefill,__all__,14,1,58,5394,0.04327108201771274
prefill,__all__,14,2,36,4463,0.03580252855859325
prefill,__all__,14,3,6,4427,0.035513733795404956
prefill,__all__,14,4,11,3832,0.03074059812604287
prefill,__all__,14,5,42,3406,0.027323193428314723
prefill,__all__,14,6,9,3070,0.02462777563855731
prefill,__all__,14,7,60,2990,0.023986009498138876
prefill,__all__,14,8,37,2957,0.023721280965216276
prefill,__all__,14,9,12,2955,0.023705236811705815
prefill,__all__,14,10,7,2951,0.023673148504684893
prefill,__all__,14,11,24,2879,0.023095558978308305
prefill,__all__,14,12,52,2777,0.022277307149274804
prefill,__all__,14,13,3,2763,0.02216499807470158
prefill,__all__,14,14,1,2627,0.021073995635990245
prefill,__all__,14,15,49,2614,0.02096970863817225
prefill,__all__,14,16,44,2395,0.019212873828776792
prefill,__all__,14,17,2,2277,0.018266268771659606
prefill,__all__,14,18,34,2238,0.017953407778205623
prefill,__all__,14,19,15,2236,0.01793736362469516
prefill,__all__,14,20,38,2224,0.017841098703632395
prefill,__all__,14,21,45,2211,0.0177368117058144
prefill,__all__,14,22,59,2135,0.01712713387241689
prefill,__all__,14,23,39,2132,0.0171030676421512
prefill,__all__,14,24,43,2121,0.017014824797843667
prefill,__all__,14,25,63,2096,0.016814272878962908
prefill,__all__,14,26,21,2008,0.01610833012450263
prefill,__all__,14,27,20,1993,0.015987998973174176
prefill,__all__,14,28,5,1979,0.01587568989860095
prefill,__all__,14,29,13,1970,0.015803491207803878
prefill,__all__,14,30,22,1917,0.015378321139776665
prefill,__all__,14,31,53,1913,0.015346232832755744
prefill,__all__,14,32,28,1912,0.015338210756000514
prefill,__all__,14,33,62,1883,0.015105570530098832
prefill,__all__,14,34,57,1804,0.014471826466435632
prefill,__all__,14,35,48,1792,0.014375561545372867
prefill,__all__,14,36,16,1752,0.01405467847516365
prefill,__all__,14,37,46,1734,0.013910281093569503
prefill,__all__,14,38,40,1625,0.01303587472724939
prefill,__all__,14,39,35,1602,0.012851366961879091
prefill,__all__,14,40,31,1573,0.01261872673597741
prefill,__all__,14,41,18,1460,0.011712232062636375
prefill,__all__,14,42,0,1373,0.01101431138493133
prefill,__all__,14,43,8,1350,0.010829803619561032
prefill,__all__,14,44,14,1336,0.010717494544987806
prefill,__all__,14,45,10,1293,0.0103725452445129
prefill,__all__,14,46,54,1286,0.010316390707226286
prefill,__all__,14,47,23,1263,0.010131882941855987
prefill,__all__,14,48,41,1261,0.010115838788345526
prefill,__all__,14,49,50,1258,0.010091772558079836
prefill,__all__,14,50,25,1256,0.010075728404569375
prefill,__all__,14,51,29,1192,0.00956231549223463
prefill,__all__,14,52,47,1124,0.009016814272878962
prefill,__all__,14,53,19,1077,0.008639776665383134
prefill,__all__,14,54,27,1036,0.008310871518418687
prefill,__all__,14,55,4,1035,0.008302849441663459
prefill,__all__,14,56,61,992,0.00795790014118855
prefill,__all__,14,57,51,894,0.007171736619175972
prefill,__all__,14,58,55,870,0.006979206777050443
prefill,__all__,14,59,56,855,0.006858875625721987
prefill,__all__,14,60,17,794,0.006369528943652933
prefill,__all__,14,61,26,773,0.006201065331793094
prefill,__all__,14,62,32,674,0.005406879733025285
prefill,__all__,14,63,30,319,0.0025590424849184956
prefill,__all__,14,64,33,258,0.0020696958028494417
prefill,__all__,15,1,8,5213,0.041819086125016044
prefill,__all__,15,2,17,5094,0.040864458991143625
prefill,__all__,15,3,30,4462,0.03579450648183802
prefill,__all__,15,4,3,3824,0.030676421512001027
prefill,__all__,15,5,58,3714,0.029793993068925682
prefill,__all__,15,6,60,3672,0.029457065845206007
prefill,__all__,15,7,48,3504,0.0281093569503273
prefill,__all__,15,8,44,3409,0.027347259658580415
prefill,__all__,15,9,59,2937,0.02356083943011167
prefill,__all__,15,10,1,2861,0.02295116159671416
prefill,__all__,15,11,29,2771,0.02222917468874342
prefill,__all__,15,12,24,2688,0.0215633423180593
prefill,__all__,15,13,36,2642,0.021194326787318703
prefill,__all__,15,14,9,2435,0.01953375689898601
prefill,__all__,15,15,2,2394,0.019204851752021565
prefill,__all__,15,16,49,2371,0.019020343986651263
prefill,__all__,15,17,45,2312,0.01854704145809267
prefill,__all__,15,18,52,2216,0.017776922089590554
prefill,__all__,15,19,20,2179,0.017480105249647028
prefill,__all__,15,20,55,2168,0.017391862405339496
prefill,__all__,15,21,27,2141,0.017175266332948275
prefill,__all__,15,22,57,2095,0.016806250802207677
prefill,__all__,15,23,21,1964,0.015755358747272494
prefill,__all__,15,24,26,1912,0.015338210756000514
prefill,__all__,15,25,56,1895,0.015201835451161596
prefill,__all__,15,26,40,1882,0.015097548453343601
prefill,__all__,15,27,34,1875,0.015041393916056989
prefill,__all__,15,28,23,1867,0.014977217302015147
prefill,__all__,15,29,53,1863,0.014945128994994224
prefill,__all__,15,30,47,1836,0.014728532922603003
prefill,__all__,15,31,54,1761,0.014126877165960724
prefill,__all__,15,32,22,1715,0.013757861635220126
prefill,__all__,15,33,10,1702,0.013653574637402131
prefill,__all__,15,34,46,1632,0.013092029264536002
prefill,__all__,15,35,16,1611,0.012923565652676165
prefill,__all__,15,36,13,1582,0.012690925426774483
prefill,__all__,15,37,15,1495,0.011993004749069438
prefill,__all__,15,38,33,1492,0.011968938518803748
prefill,__all__,15,39,61,1490,0.011952894365293287
prefill,__all__,15,40,5,1488,0.011936850211782826
prefill,__all__,15,41,62,1433,0.011495635990245154
prefill,__all__,15,42,41,1425,0.011431459376203311
prefill,__all__,15,43,37,1417,0.011367282762161469
prefill,__all__,15,44,14,1373,0.01101431138493133
prefill,__all__,15,45,35,1350,0.010829803619561032
prefill,__all__,15,46,31,1304,0.010460788088820434
prefill,__all__,15,47,7,1284,0.010300346553715827
prefill,__all__,15,48,0,1224,0.009819021948402002
prefill,__all__,15,49,11,1198,0.009610447952766011
prefill,__all__,15,50,51,1198,0.009610447952766011
prefill,__all__,15,51,12,1181,0.009474072647927096
prefill,__all__,15,52,28,1175,0.009425940187395713
prefill,__all__,15,53,42,1121,0.008992748042613272
prefill,__all__,15,54,63,1115,0.00894461558208189
prefill,__all__,15,55,39,1079,0.008655820818893595
prefill,__all__,15,56,19,1056,0.008471313053523296
prefill,__all__,15,57,43,1027,0.008238672827621614
prefill,__all__,15,58,6,1012,0.008118341676293158
prefill,__all__,15,59,18,898,0.007203824926196894
prefill,__all__,15,60,4,760,0.006096778333975099
prefill,__all__,15,61,25,751,0.006024579643178026
prefill,__all__,15,62,32,750,0.0060165575664227955
prefill,__all__,15,63,38,702,0.005631497882171737
prefill,__all__,15,64,50,659,0.00528654858169683
prefill,code,0,1,21,2936,0.07579512598099959
prefill,code,0,2,6,1966,0.05075382073523337
prefill,code,0,3,23,1689,0.04360285006195787
prefill,code,0,4,40,1302,0.03361214374225527
prefill,code,0,5,0,1127,0.029094382486575796
prefill,code,0,6,25,1118,0.02886204047914085
prefill,code,0,7,53,1071,0.027648698884758363
prefill,code,0,8,41,1038,0.026796778190830234
prefill,code,0,9,54,1013,0.02615138372573317
prefill,code,0,10,8,962,0.024834779016935152
prefill,code,0,11,13,895,0.02310512185047501
prefill,code,0,12,61,806,0.02080751755472945
prefill,code,0,13,36,777,0.020058859975216854
prefill,code,0,14,24,775,0.020007228418009088
prefill,code,0,15,63,758,0.019568360181743082
prefill,code,0,16,29,756,0.019516728624535316
prefill,code,0,17,32,733,0.018922965716646013
prefill,code,0,18,52,726,0.018742255266418834
prefill,code,0,19,62,691,0.017838703015282942
prefill,code,0,20,49,674,0.017399834779016934
prefill,code,0,21,43,650,0.01678025609252375
prefill,code,0,22,20,625,0.016134861627426684
prefill,code,0,23,28,617,0.01592833539859562
prefill,code,0,24,18,617,0.01592833539859562
prefill,code,0,25,31,583,0.01505059892606361
prefill,code,0,26,2,570,0.014714993804213134
prefill,code,0,27,47,545,0.014069599339116067
prefill,code,0,28,42,541,0.013966336224700537
prefill,code,0,29,39,534,0.013785625774473358
prefill,code,0,30,58,527,0.013604915324246179
prefill,code,0,31,55,518,0.013372573316811236
prefill,code,0,32,27,503,0.012985336637752995
prefill,code,0,33,14,487,0.012572284180090872
prefill,code,0,34,60,465,0.012004337050805452
prefill,code,0,35,50,423,0.01092007434944238
prefill,code,0,36,16,423,0.01092007434944238
prefill,code,0,37,48,416,0.0107393638992152
prefill,code,0,38,56,410,0.010584469227591905
prefill,code,0,39,17,404,0.010429574555968608
prefill,code,0,40,33,395,0.010197232548533663
prefill,code,0,41,7,392,0.010119785212722016
prefill,code,0,42,37,391,0.010093969434118133
prefill,code,0,43,15,367,0.009474390747624949
prefill,code,0,44,5,366,0.009448574969021066
prefill,code,0,45,38,355,0.009164601404378357
prefill,code,0,46,11,348,0.008983890954151178
prefill,code,0,47,1,343,0.008854812061131763
prefill,code,0,48,45,338,0.00872573316811235
prefill,code,0,49,22,334,0.00862247005369682
prefill,code,0,50,30,329,0.008493391160677407
prefill,code,0,51,4,327,0.00844175960346964
prefill,code,0,52,3,320,0.008261049153242462
prefill,code,0,53,59,318,0.008209417596034696
prefill,code,0,54,19,313,0.008080338703015283
prefill,code,0,55,26,301,0.00777054935976869
prefill,code,0,56,44,300,0.007744733581164808
prefill,code,0,57,35,279,0.007202602230483271
prefill,code,0,58,10,271,0.00699607600165221
prefill,code,0,59,46,226,0.0058343659644774885
prefill,code,0,60,51,225,0.005808550185873606
prefill,code,0,61,12,80,0.0020652622883106154
prefill,code,0,62,9,76,0.001961999173895085
prefill,code,0,63,34,59,0.001523130937629079
prefill,code,0,64,57,12,0.0003097893432465923
prefill,code,1,1,25,3693,0.09533767038413879
prefill,code,1,2,47,2592,0.06691449814126393
prefill,code,1,3,18,2517,0.06497831474597274
prefill,code,1,4,15,2448,0.06319702602230483
prefill,code,1,5,21,1042,0.026900041305245766
prefill,code,1,6,11,1018,0.02628046261875258
prefill,code,1,7,27,923,0.023827963651383725
prefill,code,1,8,24,906,0.02338909541511772
prefill,code,1,9,44,819,0.021143122676579924
prefill,code,1,10,42,817,0.021091491119372162
prefill,code,1,11,17,759,0.019594175960346964
prefill,code,1,12,61,757,0.019542544403139198
prefill,code,1,13,23,716,0.018484097480380008
prefill,code,1,14,48,706,0.018225939694341182
prefill,code,1,15,16,699,0.018045229244114003
prefill,code,1,16,7,665,0.017167492771581992
prefill,code,1,17,45,609,0.01572180916976456
prefill,code,1,18,29,607,0.015670177612556794
prefill,code,1,19,34,606,0.015644361833952913
prefill,code,1,20,60,579,0.01494733581164808
prefill,code,1,21,4,574,0.014818256918628666
prefill,code,1,22,62,569,0.014689178025609253
prefill,code,1,23,31,554,0.014301941346551012
prefill,code,1,24,32,548,0.014147046674927716
prefill,code,1,25,53,525,0.013553283767038415
prefill,code,1,26,9,512,0.01321767864518794
prefill,code,1,27,1,509,0.01314023130937629
prefill,code,1,28,6,458,0.011823626600578273
prefill,code,1,29,3,450,0.011617100371747211
prefill,code,1,30,33,441,0.011384758364312268
prefill,code,1,31,55,435,0.011229863692688972
prefill,code,1,32,30,422,0.010894258570838497
prefill,code,1,33,39,413,0.010661916563403552
prefill,code,1,34,40,409,0.010558653448988022
prefill,code,1,35,51,401,0.01035212722015696
prefill,code,1,36,37,394,0.01017141676992978
prefill,code,1,37,14,389,0.010042337876910367
prefill,code,1,38,19,380,0.009809995869475424
prefill,code,1,39,50,374,0.009655101197852128
prefill,code,1,40,41,373,0.009629285419248245
prefill,code,1,41,54,367,0.009474390747624949
prefill,code,1,42,20,358,0.009242048740190004
prefill,code,1,43,26,351,0.009061338289962825
prefill,code,1,44,0,350,0.009035522511358942
prefill,code,1,45,52,341,0.008803180503923999
prefill,code,1,46,49,309,0.007977075588599752
prefill,code,1,47,56,304,0.00784799669558034
prefill,code,1,48,12,304,0.00784799669558034
prefill,code,1,49,8,296,0.007641470466749277
prefill,code,1,50,36,294,0.007589838909541511
prefill,code,1,51,28,290,0.007486575795125981
prefill,code,1,52,63,286,0.00738331268071045
prefill,code,1,53,22,280,0.007228418009087154
prefill,code,1,54,2,275,0.007099339116067741
prefill,code,1,55,59,251,0.006479760429574556
prefill,code,1,56,58,245,0.00632486575795126
prefill,code,1,57,13,229,0.005911813300289137
prefill,code,1,58,10,194,0.005008261049153242
prefill,code,1,59,57,184,0.004750103263114415
prefill,code,1,60,46,162,0.004182156133828996
prefill,code,1,61,5,132,0.0034076827757125155
prefill,code,1,62,43,127,0.003278603882693102
prefill,code,1,63,35,107,0.002762288310615448
prefill,code,1,64,38,92,0.0023750516315572076
prefill,code,2,1,40,4438,0.1145704254440314
prefill,code,2,2,5,2594,0.06696612969847171
prefill,code,2,3,60,2319,0.05986679058240397
prefill,code,2,4,61,1753,0.045255059892606364
prefill,code,2,5,45,1664,0.0429574555968608
prefill,code,2,6,14,1566,0.040427509293680296
prefill,code,2,7,24,1370,0.03536761668731929
prefill,code,2,8,34,1272,0.03283767038413878
prefill,code,2,9,30,1250,0.03226972325485337
prefill,code,2,10,22,944,0.024370095002065262
prefill,code,2,11,16,851,0.021969227591904172
prefill,code,2,12,41,850,0.021943411813300288
prefill,code,2,13,35,848,0.021891780256092525
prefill,code,2,14,32,837,0.021607806691449814
prefill,code,2,15,23,766,0.019774886410574143
prefill,code,2,16,62,727,0.01876807104502272
prefill,code,2,17,38,713,0.01840665014456836
prefill,code,2,18,15,706,0.018225939694341182
prefill,code,2,19,28,675,0.01742565055762082
prefill,code,2,20,63,663,0.017115861214374226
prefill,code,2,21,19,558,0.014405204460966542
prefill,code,2,22,54,536,0.013837257331681124
prefill,code,2,23,33,482,0.012443205287071457
prefill,code,2,24,3,472,0.012185047501032631
prefill,code,2,25,9,438,0.011307311028500619
prefill,code,2,26,26,437,0.011281495249896738
prefill,code,2,27,56,437,0.011281495249896738
prefill,code,2,28,50,431,0.01112660057827344
prefill,code,2,29,29,427,0.01102333746385791
prefill,code,2,30,47,415,0.010713548120611318
prefill,code,2,31,0,400,0.010326311441553077
prefill,code,2,32,1,382,0.009861627426683188
prefill,code,2,33,17,379,0.009784180090871541
prefill,code,2,34,20,366,0.009448574969021066
prefill,code,2,35,27,354,0.009138785625774474
prefill,code,2,36,21,322,0.008312680710450228
prefill,code,2,37,39,317,0.008183601817430814
prefill,code,2,38,46,292,0.007538207352333746
prefill,code,2,39,37,273,0.007047707558859975
prefill,code,2,40,58,265,0.006841181330028914
prefill,code,2,41,49,264,0.006815365551425031
prefill,code,2,42,48,254,0.006557207765386204
prefill,code,2,43,31,248,0.006402313093762908
prefill,code,2,44,44,243,0.006273234200743495
prefill,code,2,45,42,238,0.006144155307724081
prefill,code,2,46,12,237,0.006118339529120199
prefill,code,2,47,10,228,0.005885997521685254
prefill,code,2,48,52,226,0.0058343659644774885
prefill,code,2,49,13,213,0.005498760842627013
prefill,code,2,50,6,203,0.005240603056588186
prefill,code,2,51,53,193,0.00498244527054936
prefill,code,2,52,25,186,0.004801734820322181
prefill,code,2,53,11,173,0.004466129698471706
prefill,code,2,54,2,156,0.0040272614622057
prefill,code,2,55,7,145,0.0037432878975629906
prefill,code,2,56,55,110,0.0028397356464270962
prefill,code,2,57,43,110,0.0028397356464270962
prefill,code,2,58,4,108,0.0027881040892193307
prefill,code,2,59,51,106,0.0027364725320115657
prefill,code,2,60,18,103,0.002659025196199917
prefill,code,2,61,57,74,0.0019103676166873193
prefill,code,2,62,8,72,0.0018587360594795538
prefill,code,2,63,59,33,0.0008519206939281289
prefill,code,2,64,36,24,0.0006195786864931846
prefill,code,3,1,15,3400,0.08777364725320115
prefill,code,3,2,43,3008,0.07765386204047914
prefill,code,3,3,9,2238,0.05777571251548947
prefill,code,3,4,62,2076,0.05359355638166047
prefill,code,3,5,19,1613,0.04164085088806278
prefill,code,3,6,52,1336,0.03448988021478728
prefill,code,3,7,31,1302,0.03361214374225527
prefill,code,3,8,39,1158,0.02989467162329616
prefill,code,3,9,63,1042,0.026900041305245766
prefill,code,3,10,38,974,0.025144568360181745
prefill,code,3,11,42,959,0.024757331681123502
prefill,code,3,12,30,959,0.024757331681123502
prefill,code,3,13,44,884,0.0228211482858323
prefill,code,3,14,54,863,0.022279016935150765
prefill,code,3,15,37,838,0.021633622470053696
prefill,code,3,16,56,808,0.020859149111937217
prefill,code,3,17,51,804,0.020755885997521685
prefill,code,3,18,35,777,0.020058859975216854
prefill,code,3,19,36,726,0.018742255266418834
prefill,code,3,20,20,687,0.01773543990086741
prefill,code,3,21,61,675,0.01742565055762082
prefill,code,3,22,29,663,0.017115861214374226
prefill,code,3,23,12,629,0.016238124741842212
prefill,code,3,24,11,613,0.01582507228418009
prefill,code,3,25,59,558,0.014405204460966542
prefill,code,3,26,57,536,0.013837257331681124
prefill,code,3,27,49,535,0.013811441553077241
prefill,code,3,28,45,528,0.013630731102850062
prefill,code,3,29,47,429,0.011074969021065676
prefill,code,3,30,46,412,0.010636100784799669
prefill,code,3,31,55,405,0.010455390334572491
prefill,code,3,32,14,395,0.010197232548533663
prefill,code,3,33,40,371,0.00957765386204048
prefill,code,3,34,7,359,0.009267864518793887
prefill,code,3,35,28,344,0.008880627839735646
prefill,code,3,36,33,331,0.00854502271788517
prefill,code,3,37,8,328,0.008467575382073524
prefill,code,3,38,18,320,0.008261049153242462
prefill,code,3,39,6,319,0.008235233374638579
prefill,code,3,40,50,297,0.00766728624535316
prefill,code,3,41,32,282,0.007280049566294919
prefill,code,3,42,4,258,0.006660470879801735
prefill,code,3,43,5,252,0.006505576208178439
prefill,code,3,44,41,250,0.006453944650970673
prefill,code,3,45,22,241,0.006221602643535729
prefill,code,3,46,34,205,0.005292234613795952
prefill,code,3,47,10,193,0.00498244527054936
prefill,code,3,48,26,173,0.004466129698471706
prefill,code,3,49,27,171,0.004414498141263941
prefill,code,3,50,23,169,0.004362866584056175
prefill,code,3,51,16,144,0.0037174721189591076
prefill,code,3,52,21,141,0.0036400247831474596
prefill,code,3,53,3,123,0.0031753407682775714
prefill,code,3,54,60,116,0.0029946303180503923
prefill,code,3,55,13,107,0.002762288310615448
prefill,code,3,56,24,75,0.001936183395291202
prefill,code,3,57,0,73,0.0018845518380834366
prefill,code,3,58,58,51,0.0013166047087980173
prefill,code,3,59,25,43,0.0011100784799669557
prefill,code,3,60,17,43,0.0011100784799669557
prefill,code,3,61,2,38,0.0009809995869475424
prefill,code,3,62,48,37,0.0009551838083436597
prefill,code,3,63,53,35,0.0009035522511358943
prefill,code,3,64,1,17,0.00043886823626600576
prefill,code,4,1,17,3367,0.08692172655927302
prefill,code,4,2,21,3352,0.08653448988021478
prefill,code,4,3,19,3338,0.08617306897976043
prefill,code,4,4,25,2716,0.0701156546881454
prefill,code,4,5,55,2569,0.06632073523337464
prefill,code,4,6,6,1614,0.041666666666666664
prefill,code,4,7,61,1156,0.029843040066088393
prefill,code,4,8,27,1128,0.029120198265179677
prefill,code,4,9,41,1103,0.02847480380008261
prefill,code,4,10,43,1071,0.027648698884758363
prefill,code,4,11,23,920,0.023750516315572078
prefill,code,4,12,34,906,0.02338909541511772
prefill,code,4,13,2,889,0.022950227178851715
prefill,code,4,14,39,835,0.02155617513424205
prefill,code,4,15,42,829,0.021401280462618754
prefill,code,4,16,52,824,0.021272201569599337
prefill,code,4,17,59,807,0.020833333333333332
prefill,code,4,18,62,753,0.01943928128872367
prefill,code,4,19,48,745,0.019232755059892605
prefill,code,4,20,51,556,0.014353572903758778
prefill,code,4,21,4,540,0.013940520446096654
prefill,code,4,22,11,502,0.012959520859149112
prefill,code,4,23,8,482,0.012443205287071457
prefill,code,4,24,14,442,0.01141057414291615
prefill,code,4,25,35,429,0.011074969021065676
prefill,code,4,26,7,407,0.010507021891780256
prefill,code,4,27,63,390,0.01006815365551425
prefill,code,4,28,18,387,0.009990706319702601
prefill,code,4,29,36,370,0.009551838083436596
prefill,code,4,30,24,323,0.00833849648905411
prefill,code,4,31,58,316,0.008157786038826931
prefill,code,4,32,45,311,0.008028707145807518
prefill,code,4,33,56,290,0.007486575795125981
prefill,code,4,34,30,283,0.007305865344898802
prefill,code,4,35,38,269,0.006944444444444444
prefill,code,4,36,5,243,0.006273234200743495
prefill,code,4,37,50,242,0.006247418422139612
prefill,code,4,38,33,230,0.0059376290788930195
prefill,code,4,39,20,225,0.005808550185873606
prefill,code,4,40,60,214,0.005524576621230896
prefill,code,4,41,26,193,0.00498244527054936
prefill,code,4,42,28,187,0.004827550598926064
prefill,code,4,43,57,184,0.004750103263114415
prefill,code,4,44,10,169,0.004362866584056175
prefill,code,4,45,16,168,0.004337050805452293
prefill,code,4,46,40,164,0.004233787691036762
prefill,code,4,47,3,140,0.003614209004543577
prefill,code,4,48,22,118,0.003046261875258158
prefill,code,4,49,37,111,0.0028655514250309788
prefill,code,4,50,13,110,0.0028397356464270962
prefill,code,4,51,47,106,0.0027364725320115657
prefill,code,4,52,44,101,0.002607393638992152
prefill,code,4,53,1,94,0.002426683188764973
prefill,code,4,54,32,78,0.00201363073110285
prefill,code,4,55,12,72,0.0018587360594795538
prefill,code,4,56,46,71,0.0018329202808756713
prefill,code,4,57,31,67,0.0017296571664601405
prefill,code,4,58,49,61,0.0015747624948368442
prefill,code,4,59,15,59,0.001523130937629079
prefill,code,4,60,54,42,0.0010842627013630732
prefill,code,4,61,9,32,0.0008261049153242462
prefill,code,4,62,53,18,0.00046468401486988845
prefill,code,4,63,29,14,0.0003614209004543577
prefill,code,4,64,0,4,0.00010326311441553078
prefill,code,5,1,42,4430,0.11436389921520033
prefill,code,5,2,2,4059,0.10478624535315985
prefill,code,5,3,0,3749,0.09678335398595622
prefill,code,5,4,31,1975,0.05098616274266832
prefill,code,5,5,17,1781,0.04597790169351507
prefill,code,5,6,21,1715,0.04427406030565882
prefill,code,5,7,55,1175,0.030333539859562164
prefill,code,5,8,10,1136,0.02932672449401074
prefill,code,5,9,53,1127,0.029094382486575796
prefill,code,5,10,52,1086,0.028035935563816606
prefill,code,5,11,22,1056,0.027261462205700124
prefill,code,5,12,8,1025,0.02646117306897976
prefill,code,5,13,14,983,0.025376910367616686
prefill,code,5,14,58,922,0.023802147872779844
prefill,code,5,15,51,809,0.020884964890541098
prefill,code,5,16,6,798,0.02060099132589839
prefill,code,5,17,30,662,0.01709004543577034
prefill,code,5,18,39,603,0.015566914498141264
prefill,code,5,19,35,595,0.015360388269310202
prefill,code,5,20,40,594,0.01533457249070632
prefill,code,5,21,29,560,0.014456836018174308
prefill,code,5,22,19,547,0.014121230896323833
prefill,code,5,23,11,511,0.013191862866584057
prefill,code,5,24,41,495,0.012778810408921933
prefill,code,5,25,54,465,0.012004337050805452
prefill,code,5,26,60,451,0.011642916150351094
prefill,code,5,27,57,348,0.008983890954151178
prefill,code,5,28,27,321,0.008286864931846345
prefill,code,5,29,18,307,0.007925444031391986
prefill,code,5,30,34,307,0.007925444031391986
prefill,code,5,31,9,305,0.00787381247418422
prefill,code,5,32,15,275,0.007099339116067741
prefill,code,5,33,24,265,0.006841181330028914
prefill,code,5,34,1,236,0.006092523750516316
prefill,code,5,35,5,220,0.0056794712928541925
prefill,code,5,36,25,213,0.005498760842627013
prefill,code,5,37,13,203,0.005240603056588186
prefill,code,5,38,61,199,0.005137339942172656
prefill,code,5,39,7,189,0.004879182156133829
prefill,code,5,40,62,164,0.004233787691036762
prefill,code,5,41,32,154,0.003975629904997935
prefill,code,5,42,20,145,0.0037432878975629906
prefill,code,5,43,12,134,0.003459314332920281
prefill,code,5,44,4,126,0.0032527881040892194
prefill,code,5,45,44,120,0.0030978934324659233
prefill,code,5,46,36,117,0.0030204460966542753
prefill,code,5,47,43,111,0.0028655514250309788
prefill,code,5,48,50,108,0.0027881040892193307
prefill,code,5,49,28,105,0.0027106567534076827
prefill,code,5,50,45,98,0.002529946303180504
prefill,code,5,51,48,82,0.002116893845518381
prefill,code,5,52,37,81,0.002091078066914498
prefill,code,5,53,16,80,0.0020652622883106154
prefill,code,5,54,47,80,0.0020652622883106154
prefill,code,5,55,38,70,0.0018071045022717885
prefill,code,5,56,3,63,0.0016263940520446097
prefill,code,5,57,59,54,0.0013940520446096654
prefill,code,5,58,26,52,0.0013424204874019
prefill,code,5,59,33,44,0.0011358942585708385
prefill,code,5,60,63,31,0.0008002891367203635
prefill,code,5,61,56,9,0.00023234200743494423
prefill,code,5,62,23,6,0.00015489467162329616
prefill,code,5,63,49,5,0.00012907889301941346
prefill,code,6,1,52,4221,0.10896840148698884
prefill,code,6,2,42,3618,0.09340148698884758
prefill,code,6,3,57,2405,0.06208694754233788
prefill,code,6,4,5,2321,0.05991842213961173
prefill,code,6,5,36,1980,0.05111524163568773
prefill,code,6,6,18,1816,0.04688145394465097
prefill,code,6,7,62,1597,0.04122779843040066
prefill,code,6,8,24,1588,0.04099545642296572
prefill,code,6,9,1,1299,0.03353469640644362
prefill,code,6,10,49,1271,0.0328118546055349
prefill,code,6,11,59,1198,0.030927302767451467
prefill,code,6,12,55,1176,0.030359355638166045
prefill,code,6,13,40,1038,0.026796778190830234
prefill,code,6,14,38,936,0.024163568773234202
prefill,code,6,15,20,909,0.023466542750929367
prefill,code,6,16,9,893,0.023053490293267243
prefill,code,6,17,61,885,0.022846964064436183
prefill,code,6,18,2,843,0.02176270136307311
prefill,code,6,19,16,778,0.020084675753820735
prefill,code,6,20,48,585,0.015102230483271376
prefill,code,6,21,23,500,0.012907889301941346
prefill,code,6,22,25,485,0.012520652622883106
prefill,code,6,23,17,469,0.012107600165220982
prefill,code,6,24,50,413,0.010661916563403552
prefill,code,6,25,58,388,0.010016522098306484
prefill,code,6,26,26,385,0.009939074762494837
prefill,code,6,27,8,382,0.009861627426683188
prefill,code,6,28,47,297,0.00766728624535316
prefill,code,6,29,4,295,0.007615654688145394
prefill,code,6,30,12,288,0.007434944237918215
prefill,code,6,31,63,279,0.007202602230483271
prefill,code,6,32,10,269,0.006944444444444444
prefill,code,6,33,53,263,0.006789549772821148
prefill,code,6,34,44,260,0.0067121024370095
prefill,code,6,35,3,258,0.006660470879801735
prefill,code,6,36,13,258,0.006660470879801735
prefill,code,6,37,6,236,0.006092523750516316
prefill,code,6,38,7,202,0.005214787277984304
prefill,code,6,39,30,188,0.004853366377529946
prefill,code,6,40,33,181,0.004672655927302767
prefill,code,6,41,22,179,0.004621024370095002
prefill,code,6,42,19,112,0.0028913672036348617
prefill,code,6,43,32,106,0.0027364725320115657
prefill,code,6,44,46,102,0.0026332094175960346
prefill,code,6,45,11,98,0.002529946303180504
prefill,code,6,46,43,65,0.001678025609252375
prefill,code,6,47,54,62,0.001600578273440727
prefill,code,6,48,15,54,0.0013940520446096654
prefill,code,6,49,56,51,0.0013166047087980173
prefill,code,6,50,31,39,0.001006815365551425
prefill,code,6,51,35,38,0.0009809995869475424
prefill,code,6,52,29,37,0.0009551838083436597
prefill,code,6,53,14,34,0.0008777364725320115
prefill,code,6,54,21,23,0.0005937629078893019
prefill,code,6,55,41,21,0.0005421313506815366
prefill,code,6,56,51,18,0.00046468401486988845
prefill,code,6,57,37,16,0.0004130524576621231
prefill,code,6,58,60,14,0.0003614209004543577
prefill,code,6,59,34,5,0.00012907889301941346
prefill,code,6,60,0,4,0.00010326311441553078
prefill,code,6,61,39,2,5.163155720776539e-05
prefill,code,6,62,27,1,2.5815778603882695e-05
prefill,code,6,63,28,1,2.5815778603882695e-05
prefill,code,6,64,45,1,2.5815778603882695e-05
prefill,code,7,1,17,4282,0.11054316398182569
prefill,code,7,2,4,3200,0.08261049153242461
prefill,code,7,3,2,2876,0.07424617926476662
prefill,code,7,4,35,2588,0.06681123502684841
prefill,code,7,5,21,1641,0.0423636926889715
prefill,code,7,6,45,1528,0.03944650970673275
prefill,code,7,7,0,1485,0.0383364312267658
prefill,code,7,8,58,1479,0.0381815365551425
prefill,code,7,9,39,1296,0.03345724907063197
prefill,code,7,10,23,1244,0.03211482858323007
prefill,code,7,11,48,1237,0.03193411813300289
prefill,code,7,12,29,1016,0.026228831061544815
prefill,code,7,13,56,1005,0.025944857496902108
prefill,code,7,14,46,986,0.025454357703428337
prefill,code,7,15,32,912,0.023543990086741014
prefill,code,7,16,38,799,0.020626807104502272
prefill,code,7,17,26,693,0.017890334572490705
prefill,code,7,18,15,662,0.01709004543577034
prefill,code,7,19,54,650,0.01678025609252375
prefill,code,7,20,41,641,0.016547914085088808
prefill,code,7,21,13,610,0.01574762494836844
prefill,code,7,22,5,585,0.015102230483271376
prefill,code,7,23,10,564,0.014560099132589838
prefill,code,7,24,36,522,0.013475836431226766
prefill,code,7,25,12,517,0.013346757538207353
prefill,code,7,26,61,376,0.009706732755059892
prefill,code,7,27,37,361,0.009319496076001653
prefill,code,7,28,14,331,0.00854502271788517
prefill,code,7,29,16,325,0.008390128046261875
prefill,code,7,30,34,319,0.008235233374638579
prefill,code,7,31,31,318,0.008209417596034696
prefill,code,7,32,19,314,0.008106154481619166
prefill,code,7,33,24,299,0.007718917802560925
prefill,code,7,34,59,249,0.006428128872366791
prefill,code,7,35,33,225,0.005808550185873606
prefill,code,7,36,1,189,0.004879182156133829
prefill,code,7,37,6,178,0.004595208591491119
prefill,code,7,38,22,176,0.004543577034283354
prefill,code,7,39,52,165,0.004259603469640645
prefill,code,7,40,27,164,0.004233787691036762
prefill,code,7,41,57,147,0.0037949194547707557
prefill,code,7,42,60,137,0.003536761668731929
prefill,code,7,43,20,135,0.0034851301115241635
prefill,code,7,44,11,132,0.0034076827757125155
prefill,code,7,45,18,123,0.0031753407682775714
prefill,code,7,46,63,123,0.0031753407682775714
prefill,code,7,47,30,107,0.002762288310615448
prefill,code,7,48,62,101,0.002607393638992152
prefill,code,7,49,47,98,0.002529946303180504
prefill,code,7,50,42,91,0.002349235852953325
prefill,code,7,51,49,91,0.002349235852953325
prefill,code,7,52,9,89,0.0022976042957455595
prefill,code,7,53,50,78,0.00201363073110285
prefill,code,7,54,7,49,0.001264973151590252
prefill,code,7,55,40,44,0.0011358942585708385
prefill,code,7,56,25,42,0.0010842627013630732
prefill,code,7,57,28,36,0.0009293680297397769
prefill,code,7,58,8,29,0.0007486575795125981
prefill,code,7,59,55,23,0.0005937629078893019
prefill,code,7,60,3,23,0.0005937629078893019
prefill,code,7,61,53,17,0.00043886823626600576
prefill,code,7,62,51,6,0.00015489467162329616
prefill,code,7,63,43,5,0.00012907889301941346
prefill,code,7,64,44,3,7.744733581164808e-05
prefill,code,8,1,3,4255,0.10984613795952086
prefill,code,8,2,54,3952,0.1020239570425444
prefill,code,8,3,16,2126,0.054884345311854606
prefill,code,8,4,37,1642,0.04238950846757538
prefill,code,8,5,32,1528,0.03944650970673275
prefill,code,8,6,51,1359,0.03508364312267658
prefill,code,8,7,45,1303,0.03363795952085915
prefill,code,8,8,29,1277,0.032966749277158196
prefill,code,8,9,30,1247,0.03219227591904172
prefill,code,8,10,1,1211,0.031262907889301944
prefill,code,8,11,35,1176,0.030359355638166045
prefill,code,8,12,10,1111,0.02868133002891367
prefill,code,8,13,27,1048,0.027054935976869064
prefill,code,8,14,60,791,0.02042028087567121
prefill,code,8,15,18,784,0.020239570425444033
prefill,code,8,16,6,766,0.019774886410574143
prefill,code,8,17,62,683,0.01763217678645188
prefill,code,8,18,14,677,0.017477282114828584
prefill,code,8,19,20,677,0.017477282114828584
prefill,code,8,20,57,669,0.01727075588599752
prefill,code,8,21,50,596,0.015386204047914085
prefill,code,8,22,42,552,0.014250309789343246
prefill,code,8,23,21,534,0.013785625774473358
prefill,code,8,24,11,522,0.013475836431226766
prefill,code,8,25,12,427,0.01102333746385791
prefill,code,8,26,25,424,0.010945890128046263
prefill,code,8,27,55,423,0.01092007434944238
prefill,code,8,28,9,400,0.010326311441553077
prefill,code,8,29,52,395,0.010197232548533663
prefill,code,8,30,0,395,0.010197232548533663
prefill,code,8,31,61,382,0.009861627426683188
prefill,code,8,32,63,381,0.009835811648079305
prefill,code,8,33,59,355,0.009164601404378357
prefill,code,8,34,17,355,0.009164601404378357
prefill,code,8,35,38,328,0.008467575382073524
prefill,code,8,36,44,312,0.0080545229244114
prefill,code,8,37,28,311,0.008028707145807518
prefill,code,8,38,53,282,0.007280049566294919
prefill,code,8,39,40,276,0.007125154894671623
prefill,code,8,40,36,221,0.005705287071458075
prefill,code,8,41,24,210,0.005421313506815365
prefill,code,8,42,23,201,0.005188971499380421
prefill,code,8,43,48,173,0.004466129698471706
prefill,code,8,44,13,169,0.004362866584056175
prefill,code,8,45,33,163,0.004207971912432879
prefill,code,8,46,7,162,0.004182156133828996
prefill,code,8,47,2,160,0.004130524576621231
prefill,code,8,48,47,158,0.004078893019413466
prefill,code,8,49,22,156,0.0040272614622057
prefill,code,8,50,34,156,0.0040272614622057
prefill,code,8,51,56,155,0.004001445683601818
prefill,code,8,52,41,143,0.003691656340355225
prefill,code,8,53,31,140,0.003614209004543577
prefill,code,8,54,26,127,0.003278603882693102
prefill,code,8,55,49,96,0.0024783147459727386
prefill,code,8,56,39,53,0.0013682362660057828
prefill,code,8,57,8,47,0.0012133415943824865
prefill,code,8,58,43,45,0.0011617100371747212
prefill,code,8,59,58,25,0.0006453944650970673
prefill,code,8,60,46,18,0.00046468401486988845
prefill,code,8,61,4,15,0.0003872366790582404
prefill,code,8,62,5,10,0.0002581577860388269
prefill,code,8,63,15,1,2.5815778603882695e-05
prefill,code,9,1,46,4079,0.1053025609252375
prefill,code,9,2,5,3523,0.09094898802147873
prefill,code,9,3,4,2485,0.0641522098306485
prefill,code,9,4,51,2301,0.05940210656753408
prefill,code,9,5,39,1412,0.036451879388682364
prefill,code,9,6,50,1263,0.032605328376703845
prefill,code,9,7,6,1244,0.03211482858323007
prefill,code,9,8,42,1238,0.03195993391160677
prefill,code,9,9,52,1182,0.030514250309789343
prefill,code,9,10,13,1178,0.03041098719537381
prefill,code,9,11,8,1176,0.030359355638166045
prefill,code,9,12,7,1175,0.030333539859562164
prefill,code,9,13,12,1021,0.02635790995456423
prefill,code,9,14,21,974,0.025144568360181745
prefill,code,9,15,34,922,0.023802147872779844
prefill,code,9,16,16,804,0.020755885997521685
prefill,code,9,17,48,693,0.017890334572490705
prefill,code,9,18,28,658,0.016986782321354813
prefill,code,9,19,35,584,0.015076414704667493
prefill,code,9,20,20,579,0.01494733581164808
prefill,code,9,21,61,517,0.013346757538207353
prefill,code,9,22,54,497,0.012830441966129699
prefill,code,9,23,27,477,0.012314126394052044
prefill,code,9,24,37,447,0.011539653035935564
prefill,code,9,25,55,447,0.011539653035935564
prefill,code,9,26,1,395,0.010197232548533663
prefill,code,9,27,33,392,0.010119785212722016
prefill,code,9,28,58,391,0.010093969434118133
prefill,code,9,29,40,378,0.009758364312267658
prefill,code,9,30,11,363,0.009371127633209417
prefill,code,9,31,53,353,0.009112969847170591
prefill,code,9,32,38,319,0.008235233374638579
prefill,code,9,33,44,318,0.008209417596034696
prefill,code,9,34,24,309,0.007977075588599752
prefill,code,9,35,0,293,0.007564023130937629
prefill,code,9,36,47,286,0.00738331268071045
prefill,code,9,37,43,286,0.00738331268071045
prefill,code,9,38,2,244,0.006299049979347377
prefill,code,9,39,30,238,0.006144155307724081
prefill,code,9,40,23,233,0.006015076414704668
prefill,code,9,41,59,227,0.0058601817430813715
prefill,code,9,42,36,219,0.0056536555142503095
prefill,code,9,43,49,218,0.005627839735646427
prefill,code,9,44,29,213,0.005498760842627013
prefill,code,9,45,26,191,0.004930813713341594
prefill,code,9,46,22,184,0.004750103263114415
prefill,code,9,47,14,167,0.00431123502684841
prefill,code,9,48,60,161,0.004156340355225114
prefill,code,9,49,31,155,0.004001445683601818
prefill,code,9,50,32,152,0.00392399834779017
prefill,code,9,51,57,149,0.003846551011978521
prefill,code,9,52,9,139,0.0035883932259396945
prefill,code,9,53,63,131,0.003381866997108633
prefill,code,9,54,62,125,0.0032269723254853364
prefill,code,9,55,45,115,0.0029688145394465098
prefill,code,9,56,3,112,0.0028913672036348617
prefill,code,9,57,41,111,0.0028655514250309788
prefill,code,9,58,56,76,0.001961999173895085
prefill,code,9,59,10,61,0.0015747624948368442
prefill,code,9,60,25,55,0.0014198678232135481
prefill,code,9,61,18,36,0.0009293680297397769
prefill,code,9,62,15,28,0.0007228418009087154
prefill,code,9,63,19,20,0.0005163155720776538
prefill,code,9,64,17,17,0.00043886823626600576
prefill,code,10,1,56,4107,0.10602540272614622
prefill,code,10,2,43,2313,0.05971189591078067
prefill,code,10,3,44,1863,0.04809479553903346
prefill,code,10,4,62,1641,0.0423636926889715
prefill,code,10,5,2,1629,0.042053903345724904
prefill,code,10,6,6,1473,0.03802664188351921
prefill,code,10,7,30,1398,0.036090458488228006
prefill,code,10,8,59,1353,0.03492874845105328
prefill,code,10,9,11,1326,0.03423172242874845
prefill,code,10,10,19,1248,0.0322180916976456
prefill,code,10,11,13,1218,0.03144361833952912
prefill,code,10,12,16,1074,0.027726146220570014
prefill,code,10,13,38,1017,0.0262546468401487
prefill,code,10,14,48,899,0.02320838496489054
prefill,code,10,15,12,807,0.020833333333333332
prefill,code,10,16,4,695,0.01794196612969847
prefill,code,10,17,22,684,0.017657992565055763
prefill,code,10,18,46,673,0.017374019000413052
prefill,code,10,19,50,657,0.01696096654275093
prefill,code,10,20,5,634,0.01636720363486163
prefill,code,10,21,17,609,0.01572180916976456
prefill,code,10,22,37,533,0.013759809995869475
prefill,code,10,23,32,454,0.011720363486162743
prefill,code,10,24,34,452,0.011668731928954977
prefill,code,10,25,52,424,0.010945890128046263
prefill,code,10,26,29,421,0.010868442792234614
prefill,code,10,27,15,411,0.010610285006195787
prefill,code,10,28,20,404,0.010429574555968608
prefill,code,10,29,35,370,0.009551838083436596
prefill,code,10,30,49,369,0.009526022304832713
prefill,code,10,31,47,366,0.009448574969021066
prefill,code,10,32,23,353,0.009112969847170591
prefill,code,10,33,53,346,0.008932259396943412
prefill,code,10,34,3,341,0.008803180503923999
prefill,code,10,35,39,339,0.008751548946716233
prefill,code,10,36,14,329,0.008493391160677407
prefill,code,10,37,0,316,0.008157786038826931
prefill,code,10,38,36,316,0.008157786038826931
prefill,code,10,39,1,311,0.008028707145807518
prefill,code,10,40,18,292,0.007538207352333746
prefill,code,10,41,42,292,0.007538207352333746
prefill,code,10,42,9,289,0.007460760016522098
prefill,code,10,43,28,275,0.007099339116067741
prefill,code,10,44,7,268,0.006918628665840562
prefill,code,10,45,24,264,0.006815365551425031
prefill,code,10,46,61,262,0.006763733994217266
prefill,code,10,47,10,253,0.006531391986782322
prefill,code,10,48,60,240,0.006195786864931847
prefill,code,10,49,55,238,0.006144155307724081
prefill,code,10,50,26,228,0.005885997521685254
prefill,code,10,51,21,222,0.0057311028500619575
prefill,code,10,52,41,193,0.00498244527054936
prefill,code,10,53,27,193,0.00498244527054936
prefill,code,10,54,45,178,0.004595208591491119
prefill,code,10,55,33,166,0.004285419248244527
prefill,code,10,56,57,143,0.003691656340355225
prefill,code,10,57,58,138,0.0035625774473358116
prefill,code,10,58,31,136,0.003510945890128046
prefill,code,10,59,8,99,0.0025557620817843866
prefill,code,10,60,51,96,0.0024783147459727386
prefill,code,10,61,63,56,0.0014456836018174309
prefill,code,10,62,25,27,0.0006970260223048327
prefill,code,10,63,54,9,0.00023234200743494423
prefill,code,10,64,40,6,0.00015489467162329616
prefill,code,11,1,27,4324,0.11162742668318877
prefill,code,11,2,13,3571,0.0921881453944651
prefill,code,11,3,47,3409,0.0880059892606361
prefill,code,11,4,63,1767,0.04561648079306072
prefill,code,11,5,44,1596,0.04120198265179678
prefill,code,11,6,23,1538,0.03970466749277158
prefill,code,11,7,7,1465,0.037820115654688145
prefill,code,11,8,33,1388,0.03583230070218918
prefill,code,11,9,51,1306,0.0337154068566708
prefill,code,11,10,57,1159,0.02992048740190004
prefill,code,11,11,37,1121,0.028939487814952498
prefill,code,11,12,43,1073,0.02770033044196613
prefill,code,11,13,22,1027,0.026512804626187526
prefill,code,11,14,56,998,0.02576414704667493
prefill,code,11,15,62,795,0.02052354399008674
prefill,code,11,16,52,795,0.02052354399008674
prefill,code,11,17,29,708,0.018277571251548948
prefill,code,11,18,46,666,0.017193308550185873
prefill,code,11,19,58,591,0.015257125154894672
prefill,code,11,20,5,535,0.013811441553077241
prefill,code,11,21,20,422,0.010894258570838497
prefill,code,11,22,15,406,0.010481206113176373
prefill,code,11,23,54,380,0.009809995869475424
prefill,code,11,24,14,379,0.009784180090871541
prefill,code,11,25,61,377,0.009732548533663775
prefill,code,11,26,31,373,0.009629285419248245
prefill,code,11,27,34,369,0.009526022304832713
prefill,code,11,28,11,361,0.009319496076001653
prefill,code,11,29,8,357,0.009216232961586121
prefill,code,11,30,18,357,0.009216232961586121
prefill,code,11,31,12,325,0.008390128046261875
prefill,code,11,32,0,302,0.007796365138372573
prefill,code,11,33,38,274,0.007073523337463858
prefill,code,11,34,3,272,0.007021891780256092
prefill,code,11,35,24,259,0.006686286658405618
prefill,code,11,36,45,245,0.00632486575795126
prefill,code,11,37,2,228,0.005885997521685254
prefill,code,11,38,59,224,0.0057827344072697235
prefill,code,11,39,4,209,0.005395497728211483
prefill,code,11,40,30,199,0.005137339942172656
prefill,code,11,41,26,197,0.00508570838496489
prefill,code,11,42,36,191,0.004930813713341594
prefill,code,11,43,49,189,0.004879182156133829
prefill,code,11,44,16,181,0.004672655927302767
prefill,code,11,45,32,165,0.004259603469640645
prefill,code,11,46,40,157,0.004053077240809583
prefill,code,11,47,17,148,0.0038207352333746386
prefill,code,11,48,41,148,0.0038207352333746386
prefill,code,11,49,39,146,0.003769103676166873
prefill,code,11,50,19,144,0.0037174721189591076
prefill,code,11,51,10,143,0.003691656340355225
prefill,code,11,52,9,141,0.0036400247831474596
prefill,code,11,53,42,130,0.00335605121850475
prefill,code,11,54,35,126,0.0032527881040892194
prefill,code,11,55,28,77,0.0019878149524989674
prefill,code,11,56,60,71,0.0018329202808756713
prefill,code,11,57,25,63,0.0016263940520446097
prefill,code,11,58,21,56,0.0014456836018174309
prefill,code,11,59,55,43,0.0011100784799669557
prefill,code,11,60,1,40,0.0010326311441553077
prefill,code,11,61,53,21,0.0005421313506815366
prefill,code,11,62,6,8,0.00020652622883106156
prefill,code,11,63,48,1,2.5815778603882695e-05
prefill,code,12,1,38,4183,0.1079874019000413
prefill,code,12,2,43,2920,0.07538207352333746
prefill,code,12,3,8,2509,0.06477178851714167
prefill,code,12,4,51,1950,0.05034076827757125
prefill,code,12,5,31,1943,0.050160057827344076
prefill,code,12,6,59,1583,0.040866377529946304
prefill,code,12,7,30,1555,0.04014353572903759
prefill,code,12,8,55,1530,0.03949814126394052
prefill,code,12,9,6,1520,0.039239983477901696
prefill,code,12,10,2,1510,0.03898182569186286
prefill,code,12,11,58,1298,0.033508880627839736
prefill,code,12,12,54,1290,0.03330235439900867
prefill,code,12,13,17,1273,0.03286348616274267
prefill,code,12,14,9,1074,0.027726146220570014
prefill,code,12,15,45,1043,0.02692585708384965
prefill,code,12,16,32,824,0.021272201569599337
prefill,code,12,17,50,605,0.01561854605534903
prefill,code,12,18,23,592,0.015282940933498555
prefill,code,12,19,52,532,0.013733994217265592
prefill,code,12,20,15,491,0.012675547294506402
prefill,code,12,21,48,429,0.011074969021065676
prefill,code,12,22,14,380,0.009809995869475424
prefill,code,12,23,22,378,0.009758364312267658
prefill,code,12,24,21,358,0.009242048740190004
prefill,code,12,25,46,357,0.009216232961586121
prefill,code,12,26,20,345,0.008906443618339529
prefill,code,12,27,10,334,0.00862247005369682
prefill,code,12,28,7,319,0.008235233374638579
prefill,code,12,29,4,318,0.008209417596034696
prefill,code,12,30,29,312,0.0080545229244114
prefill,code,12,31,41,271,0.00699607600165221
prefill,code,12,32,44,255,0.006583023543990087
prefill,code,12,33,57,253,0.006531391986782322
prefill,code,12,34,28,252,0.006505576208178439
prefill,code,12,35,53,245,0.00632486575795126
prefill,code,12,36,60,240,0.006195786864931847
prefill,code,12,37,13,232,0.005989260636100785
prefill,code,12,38,26,232,0.005989260636100785
prefill,code,12,39,39,225,0.005808550185873606
prefill,code,12,40,16,221,0.005705287071458075
prefill,code,12,41,34,219,0.0056536555142503095
prefill,code,12,42,24,217,0.005602023957042544
prefill,code,12,43,47,213,0.005498760842627013
prefill,code,12,44,12,200,0.005163155720776538
prefill,code,12,45,56,195,0.005034076827757125
prefill,code,12,46,36,194,0.005008261049153242
prefill,code,12,47,49,193,0.00498244527054936
prefill,code,12,48,1,175,0.004517761255679471
prefill,code,12,49,62,170,0.004388682362660058
prefill,code,12,50,0,168,0.004337050805452293
prefill,code,12,51,25,106,0.0027364725320115657
prefill,code,12,52,42,92,0.0023750516315572076
prefill,code,12,53,5,88,0.002271788517141677
prefill,code,12,54,3,82,0.002116893845518381
prefill,code,12,55,33,64,0.0016522098306484924
prefill,code,12,56,40,41,0.0010584469227591905
prefill,code,12,57,61,41,0.0010584469227591905
prefill,code,12,58,11,41,0.0010584469227591905
prefill,code,12,59,63,37,0.0009551838083436597
prefill,code,12,60,27,10,0.0002581577860388269
prefill,code,12,61,18,4,0.00010326311441553078
prefill,code,12,62,19,3,7.744733581164808e-05
prefill,code,12,63,37,1,2.5815778603882695e-05
prefill,code,12,64,35,1,2.5815778603882695e-05
prefill,code,13,1,2,4144,0.10698058653448989
prefill,code,13,2,6,3533,0.09120714580751756
prefill,code,13,3,25,2861,0.07385894258570838
prefill,code,13,4,62,2719,0.07019310202395704
prefill,code,13,5,55,2169,0.05599442379182156
prefill,code,13,6,61,2092,0.054006608839322595
prefill,code,13,7,11,1776,0.04584882280049566
prefill,code,13,8,54,1607,0.04148595621643949
prefill,code,13,9,32,1457,0.03761358942585708
prefill,code,13,10,5,1407,0.03632280049566295
prefill,code,13,11,27,902,0.023285832300702188
prefill,code,13,12,45,809,0.020884964890541098
prefill,code,13,13,7,808,0.020859149111937217
prefill,code,13,14,46,773,0.01995559686080132
prefill,code,13,15,3,764,0.019723254853366377
prefill,code,13,16,31,538,0.013888888888888888
prefill,code,13,17,21,527,0.013604915324246179
prefill,code,13,18,41,510,0.013166047087980174
prefill,code,13,19,51,467,0.012055968608013218
prefill,code,13,20,20,456,0.011771995043370507
prefill,code,13,21,17,436,0.011255679471292855
prefill,code,13,22,22,424,0.010945890128046263
prefill,code,13,23,4,407,0.010507021891780256
prefill,code,13,24,47,387,0.009990706319702601
prefill,code,13,25,8,357,0.009216232961586121
prefill,code,13,26,35,353,0.009112969847170591
prefill,code,13,27,23,350,0.009035522511358942
prefill,code,13,28,1,349,0.00900970673275506
prefill,code,13,29,9,323,0.00833849648905411
prefill,code,13,30,28,319,0.008235233374638579
prefill,code,13,31,10,313,0.008080338703015283
prefill,code,13,32,34,292,0.007538207352333746
prefill,code,13,33,58,282,0.007280049566294919
prefill,code,13,34,39,278,0.007176786451879389
prefill,code,13,35,38,263,0.006789549772821148
prefill,code,13,36,18,230,0.0059376290788930195
prefill,code,13,37,0,221,0.005705287071458075
prefill,code,13,38,37,211,0.005447129285419248
prefill,code,13,39,50,189,0.004879182156133829
prefill,code,13,40,30,182,0.00469847170590665
prefill,code,13,41,12,160,0.004130524576621231
prefill,code,13,42,19,159,0.004104708798017348
prefill,code,13,43,42,158,0.004078893019413466
prefill,code,13,44,24,153,0.003949814126394052
prefill,code,13,45,36,149,0.003846551011978521
prefill,code,13,46,26,136,0.003510945890128046
prefill,code,13,47,43,130,0.00335605121850475
prefill,code,13,48,33,126,0.0032527881040892194
prefill,code,13,49,29,126,0.0032527881040892194
prefill,code,13,50,57,124,0.003201156546881454
prefill,code,13,51,13,114,0.002942998760842627
prefill,code,13,52,53,101,0.002607393638992152
prefill,code,13,53,15,82,0.002116893845518381
prefill,code,13,54,59,76,0.001961999173895085
prefill,code,13,55,48,73,0.0018845518380834366
prefill,code,13,56,16,70,0.0018071045022717885
prefill,code,13,57,49,59,0.001523130937629079
prefill,code,13,58,40,58,0.0014973151590251962
prefill,code,13,59,60,58,0.0014973151590251962
prefill,code,13,60,14,56,0.0014456836018174309
prefill,code,13,61,63,39,0.001006815365551425
prefill,code,13,62,44,33,0.0008519206939281289
prefill,code,13,63,56,8,0.00020652622883106156
prefill,code,13,64,52,3,7.744733581164808e-05
prefill,code,14,1,36,3678,0.09495043370508055
prefill,code,14,2,58,3672,0.09479553903345725
prefill,code,14,3,6,3447,0.08898698884758365
prefill,code,14,4,11,1875,0.04840458488228005
prefill,code,14,5,42,1590,0.04104708798017348
prefill,code,14,6,24,1441,0.03720053696819496
prefill,code,14,7,28,1358,0.0350578273440727
prefill,code,14,8,60,1357,0.03503201156546881
prefill,code,14,9,9,1324,0.03418009087154068
prefill,code,14,10,7,1250,0.03226972325485337
prefill,code,14,11,1,1155,0.02981722428748451
prefill,code,14,12,52,1132,0.02922346137959521
prefill,code,14,13,12,1031,0.026616067740603058
prefill,code,14,14,34,1001,0.025841594382486576
prefill,code,14,15,13,994,0.025660883932259397
prefill,code,14,16,39,879,0.02269206939281289
prefill,code,14,17,45,609,0.01572180916976456
prefill,code,14,18,54,523,0.013501652209830649
prefill,code,14,19,22,506,0.013062783973564644
prefill,code,14,20,38,497,0.012830441966129699
prefill,code,14,21,35,487,0.012572284180090872
prefill,code,14,22,15,462,0.011926889714993805
prefill,code,14,23,44,433,0.011178232135481206
prefill,code,14,24,46,413,0.010661916563403552
prefill,code,14,25,48,412,0.010636100784799669
prefill,code,14,26,29,384,0.009913258983890954
prefill,code,14,27,47,371,0.00957765386204048
prefill,code,14,28,20,363,0.009371127633209417
prefill,code,14,29,57,342,0.008828996282527882
prefill,code,14,30,53,335,0.008648285832300703
prefill,code,14,31,61,326,0.008415943824865758
prefill,code,14,32,23,321,0.008286864931846345
prefill,code,14,33,63,316,0.008157786038826931
prefill,code,14,34,4,313,0.008080338703015283
prefill,code,14,35,16,282,0.007280049566294919
prefill,code,14,36,10,274,0.007073523337463858
prefill,code,14,37,19,255,0.006583023543990087
prefill,code,14,38,41,252,0.006505576208178439
prefill,code,14,39,56,231,0.0059634448574969025
prefill,code,14,40,51,225,0.005808550185873606
prefill,code,14,41,17,223,0.0057569186286658405
prefill,code,14,42,5,223,0.0057569186286658405
prefill,code,14,43,27,215,0.005550392399834779
prefill,code,14,44,37,208,0.0053696819496076
prefill,code,14,45,31,203,0.005240603056588186
prefill,code,14,46,40,203,0.005240603056588186
prefill,code,14,47,26,181,0.004672655927302767
prefill,code,14,48,8,159,0.004104708798017348
prefill,code,14,49,0,140,0.003614209004543577
prefill,code,14,50,59,123,0.0031753407682775714
prefill,code,14,51,18,114,0.002942998760842627
prefill,code,14,52,32,101,0.002607393638992152
prefill,code,14,53,21,93,0.0024008674101610905
prefill,code,14,54,50,87,0.0022459727385377944
prefill,code,14,55,49,81,0.002091078066914498
prefill,code,14,56,62,79,0.002039446509706733
prefill,code,14,57,25,58,0.0014973151590251962
prefill,code,14,58,3,52,0.0013424204874019
prefill,code,14,59,33,43,0.0011100784799669557
prefill,code,14,60,30,17,0.00043886823626600576
prefill,code,14,61,43,11,0.0002839735646427096
prefill,code,14,62,2,5,0.00012907889301941346
prefill,code,14,63,55,1,2.5815778603882695e-05
prefill,code,15,1,8,3550,0.09164601404378356
prefill,code,15,2,17,3533,0.09120714580751756
prefill,code,15,3,30,3369,0.0869733581164808
prefill,code,15,4,44,2211,0.057078686493184635
prefill,code,15,5,58,1883,0.04861111111111111
prefill,code,15,6,1,1481,0.038233168112350266
prefill,code,15,7,29,1431,0.036942379182156135
prefill,code,15,8,36,1361,0.035135274679884344
prefill,code,15,9,60,1353,0.03492874845105328
prefill,code,15,10,3,1182,0.030514250309789343
prefill,code,15,11,57,1107,0.02857806691449814
prefill,code,15,12,34,914,0.02359562164394878
prefill,code,15,13,33,894,0.023079306071871128
prefill,code,15,14,9,818,0.021117306897976043
prefill,code,15,15,53,798,0.02060099132589839
prefill,code,15,16,52,764,0.019723254853366377
prefill,code,15,17,24,716,0.018484097480380008
prefill,code,15,18,20,709,0.01830338703015283
prefill,code,15,19,35,672,0.01734820322180917
prefill,code,15,20,6,530,0.013682362660057828
prefill,code,15,21,22,474,0.012236679058240397
prefill,code,15,22,37,473,0.012210863279636514
prefill,code,15,23,2,469,0.012107600165220982
prefill,code,15,24,11,429,0.011074969021065676
prefill,code,15,25,19,422,0.010894258570838497
prefill,code,15,26,21,420,0.01084262701363073
prefill,code,15,27,55,410,0.010584469227591905
prefill,code,15,28,47,375,0.00968091697645601
prefill,code,15,29,32,342,0.008828996282527882
prefill,code,15,30,15,337,0.008699917389508467
prefill,code,15,31,5,334,0.00862247005369682
prefill,code,15,32,56,304,0.00784799669558034
prefill,code,15,33,12,301,0.00777054935976869
prefill,code,15,34,0,282,0.007280049566294919
prefill,code,15,35,54,267,0.006892812887236679
prefill,code,15,36,43,266,0.006866997108632796
prefill,code,15,37,31,257,0.006634655101197852
prefill,code,15,38,62,253,0.006531391986782322
prefill,code,15,39,10,242,0.006247418422139612
prefill,code,15,40,46,216,0.0055762081784386614
prefill,code,15,41,16,210,0.005421313506815365
prefill,code,15,42,18,203,0.005240603056588186
prefill,code,15,43,48,201,0.005188971499380421
prefill,code,15,44,4,199,0.005137339942172656
prefill,code,15,45,13,198,0.005111524163568773
prefill,code,15,46,28,195,0.005034076827757125
prefill,code,15,47,61,178,0.004595208591491119
prefill,code,15,48,59,169,0.004362866584056175
prefill,code,15,49,63,166,0.004285419248244527
prefill,code,15,50,23,150,0.003872366790582404
prefill,code,15,51,50,119,0.0030720776538620403
prefill,code,15,52,45,101,0.002607393638992152
prefill,code,15,53,7,95,0.002452498967368856
prefill,code,15,54,41,93,0.0024008674101610905
prefill,code,15,55,40,85,0.002194341181330029
prefill,code,15,56,27,59,0.001523130937629079
prefill,code,15,57,26,51,0.0013166047087980173
prefill,code,15,58,39,30,0.0007744733581164808
prefill,code,15,59,42,26,0.00067121024370095
prefill,code,15,60,14,21,0.0005421313506815366
prefill,code,15,61,51,16,0.0004130524576621231
prefill,code,15,62,38,13,0.000335605121850475
prefill,code,15,63,49,7,0.00018071045022717886
prefill,code,15,64,25,2,5.163155720776539e-05
prefill,conversation,0,1,6,1380,0.07438551099611902
prefill,conversation,0,2,23,883,0.04759594652867615
prefill,conversation,0,3,41,786,0.04236739974126779
prefill,conversation,0,4,63,548,0.02953859422164726
prefill,conversation,0,5,8,505,0.027220784821043554
prefill,conversation,0,6,39,415,0.02236955584303579
prefill,conversation,0,7,40,403,0.021722725312634757
prefill,conversation,0,8,29,393,0.021183699870633895
prefill,conversation,0,9,61,377,0.020321259163432515
prefill,conversation,0,10,49,373,0.02010564898663217
prefill,conversation,0,11,54,364,0.019620526088831393
prefill,conversation,0,12,36,351,0.01891979301423027
prefill,conversation,0,13,18,350,0.018865890470030185
prefill,conversation,0,14,20,350,0.018865890470030185
prefill,conversation,0,15,53,345,0.018596377749029756
prefill,conversation,0,16,58,335,0.01805735230702889
prefill,conversation,0,17,24,330,0.01778783958602846
prefill,conversation,0,18,42,311,0.01676369124622682
prefill,conversation,0,19,60,310,0.016709788702026735
prefill,conversation,0,20,51,305,0.016440275981026306
prefill,conversation,0,21,15,299,0.016116860715825788
prefill,conversation,0,22,43,292,0.015739542906425184
prefill,conversation,0,23,30,291,0.015685640362225098
prefill,conversation,0,24,7,288,0.015523932729624839
prefill,conversation,0,25,38,275,0.014823199655023716
prefill,conversation,0,26,5,269,0.0144997843898232
prefill,conversation,0,27,13,268,0.014445881845623114
prefill,conversation,0,28,19,263,0.014176369124622681
prefill,conversation,0,29,17,261,0.01406856403622251
prefill,conversation,0,30,11,260,0.014014661492022424
prefill,conversation,0,31,22,259,0.013960758947822336
prefill,conversation,0,32,32,253,0.01363734368262182
prefill,conversation,0,33,44,247,0.013313928417421302
prefill,conversation,0,34,14,240,0.0129366106080207
prefill,conversation,0,35,55,239,0.012882708063820612
prefill,conversation,0,36,16,238,0.012828805519620526
prefill,conversation,0,37,45,234,0.012613195342820181
prefill,conversation,0,38,50,230,0.012397585166019836
prefill,conversation,0,39,33,230,0.012397585166019836
prefill,conversation,0,40,48,229,0.01234368262181975
prefill,conversation,0,41,46,222,0.011966364812419146
prefill,conversation,0,42,26,213,0.01148124191461837
prefill,conversation,0,43,21,212,0.011427339370418284
prefill,conversation,0,44,59,209,0.011265631737818025
prefill,conversation,0,45,25,209,0.011265631737818025
prefill,conversation,0,46,31,201,0.010834411384217335
prefill,conversation,0,47,62,198,0.010672703751617076
prefill,conversation,0,48,12,190,0.010241483398016386
prefill,conversation,0,49,10,186,0.010025873221216041
prefill,conversation,0,50,47,171,0.009217335058214747
prefill,conversation,0,51,27,171,0.009217335058214747
prefill,conversation,0,52,1,169,0.009109529969814576
prefill,conversation,0,53,52,169,0.009109529969814576
prefill,conversation,0,54,4,167,0.009001724881414402
prefill,conversation,0,55,56,163,0.008786114704614057
prefill,conversation,0,56,35,157,0.008462699439413541
prefill,conversation,0,57,0,151,0.008139284174213023
prefill,conversation,0,58,3,150,0.008085381630012937
prefill,conversation,0,59,37,137,0.007384648555411815
prefill,conversation,0,60,28,130,0.007007330746011212
prefill,conversation,0,61,2,122,0.006576110392410522
prefill,conversation,0,62,34,120,0.00646830530401035
prefill,conversation,0,63,9,106,0.005713669685209142
prefill,conversation,0,64,57,50,0.0026951272100043124
prefill,conversation,1,1,11,682,0.03676153514445882
prefill,conversation,1,2,18,664,0.035791289348857266
prefill,conversation,1,3,47,621,0.03347347994825356
prefill,conversation,1,4,60,527,0.028406640793445452
prefill,conversation,1,5,15,467,0.025172488141440276
prefill,conversation,1,6,21,433,0.023339801638637345
prefill,conversation,1,7,29,412,0.022207848210435532
prefill,conversation,1,8,17,408,0.02199223803363519
prefill,conversation,1,9,25,382,0.020590771884432944
prefill,conversation,1,10,12,377,0.020321259163432515
prefill,conversation,1,11,42,368,0.019836136265631736
prefill,conversation,1,12,32,365,0.01967442863303148
prefill,conversation,1,13,27,360,0.019404915912031046
prefill,conversation,1,14,7,359,0.01935101336783096
prefill,conversation,1,15,53,355,0.019135403191030617
prefill,conversation,1,16,40,355,0.019135403191030617
prefill,conversation,1,17,35,350,0.018865890470030185
prefill,conversation,1,18,48,347,0.018704182837429927
prefill,conversation,1,19,41,347,0.018704182837429927
prefill,conversation,1,20,9,344,0.018542475204829666
prefill,conversation,1,21,45,342,0.018434670116429495
prefill,conversation,1,22,37,340,0.018326865028029323
prefill,conversation,1,23,23,338,0.01821905993962915
prefill,conversation,1,24,39,334,0.018003449762828805
prefill,conversation,1,25,49,333,0.01794954721862872
prefill,conversation,1,26,62,321,0.017302716688227686
prefill,conversation,1,27,13,310,0.016709788702026735
prefill,conversation,1,28,63,308,0.016601983613626563
prefill,conversation,1,29,20,301,0.01622466580422596
prefill,conversation,1,30,5,301,0.01622466580422596
prefill,conversation,1,31,51,293,0.01579344545062527
prefill,conversation,1,32,1,270,0.014553686934023286
prefill,conversation,1,33,19,269,0.0144997843898232
prefill,conversation,1,34,14,269,0.0144997843898232
prefill,conversation,1,35,24,268,0.014445881845623114
prefill,conversation,1,36,59,266,0.01433807675722294
prefill,conversation,1,37,55,246,0.013260025873221216
prefill,conversation,1,38,3,241,0.012990513152220785
prefill,conversation,1,39,2,238,0.012828805519620526
prefill,conversation,1,40,8,236,0.012721000431220354
prefill,conversation,1,41,52,233,0.012559292798620095
prefill,conversation,1,42,58,232,0.01250539025442001
prefill,conversation,1,43,30,232,0.01250539025442001
prefill,conversation,1,44,44,219,0.011804657179818887
prefill,conversation,1,45,50,218,0.011750754635618801
prefill,conversation,1,46,16,213,0.01148124191461837
prefill,conversation,1,47,4,207,0.011157826649417852
prefill,conversation,1,48,57,200,0.01078050884001725
prefill,conversation,1,49,0,196,0.010564898663216905
prefill,conversation,1,50,54,193,0.010403191030616646
prefill,conversation,1,51,34,193,0.010403191030616646
prefill,conversation,1,52,22,191,0.010295385942216472
prefill,conversation,1,53,56,181,0.00975636050021561
prefill,conversation,1,54,31,181,0.00975636050021561
prefill,conversation,1,55,28,180,0.009702457956015523
prefill,conversation,1,56,36,169,0.009109529969814576
prefill,conversation,1,57,61,164,0.008840017248814143
prefill,conversation,1,58,10,157,0.008462699439413541
prefill,conversation,1,59,46,149,0.008031479085812851
prefill,conversation,1,60,26,122,0.006576110392410522
prefill,conversation,1,61,6,122,0.006576110392410522
prefill,conversation,1,62,38,103,0.005551962052608883
prefill,conversation,1,63,33,82,0.004420008624407072
prefill,conversation,1,64,43,68,0.0036653730056058647
prefill,conversation,2,1,9,624,0.03363518758085381
prefill,conversation,2,2,60,603,0.03250323415265201
prefill,conversation,2,3,14,559,0.03013152220784821
prefill,conversation,2,4,8,537,0.028945666235446314
prefill,conversation,2,5,24,505,0.027220784821043554
prefill,conversation,2,6,40,497,0.026789564467442864
prefill,conversation,2,7,34,481,0.025927123760241484
prefill,conversation,2,8,5,451,0.024310047434238896
prefill,conversation,2,9,30,428,0.023070288917636912
prefill,conversation,2,10,12,393,0.021183699870633895
prefill,conversation,2,11,35,391,0.02107589478223372
prefill,conversation,2,12,22,390,0.021021992238033634
prefill,conversation,2,13,15,386,0.02080638206123329
prefill,conversation,2,14,47,383,0.02064467442863303
prefill,conversation,2,15,62,371,0.019997843898231997
prefill,conversation,2,16,45,348,0.018758085381630013
prefill,conversation,2,17,61,346,0.01865028029322984
prefill,conversation,2,18,38,337,0.018165157395429066
prefill,conversation,2,19,26,326,0.017572229409228115
prefill,conversation,2,20,46,326,0.017572229409228115
prefill,conversation,2,21,53,325,0.01751832686502803
prefill,conversation,2,22,4,322,0.01735661923242777
prefill,conversation,2,23,63,311,0.01676369124622682
prefill,conversation,2,24,16,309,0.01665588615782665
prefill,conversation,2,25,13,301,0.01622466580422596
prefill,conversation,2,26,59,289,0.015577835273824924
prefill,conversation,2,27,19,287,0.015470030185424753
prefill,conversation,2,28,41,287,0.015470030185424753
prefill,conversation,2,29,1,280,0.015092712376024149
prefill,conversation,2,30,58,280,0.015092712376024149
prefill,conversation,2,31,33,280,0.015092712376024149
prefill,conversation,2,32,18,279,0.015038809831824063
prefill,conversation,2,33,6,276,0.014877102199223804
prefill,conversation,2,34,28,276,0.014877102199223804
prefill,conversation,2,35,29,276,0.014877102199223804
prefill,conversation,2,36,25,260,0.014014661492022424
prefill,conversation,2,37,27,256,0.013799051315222079
prefill,conversation,2,38,20,256,0.013799051315222079
prefill,conversation,2,39,0,253,0.01363734368262182
prefill,conversation,2,40,23,247,0.013313928417421302
prefill,conversation,2,41,44,246,0.013260025873221216
prefill,conversation,2,42,39,243,0.013098318240620957
prefill,conversation,2,43,57,241,0.012990513152220785
prefill,conversation,2,44,21,241,0.012990513152220785
prefill,conversation,2,45,11,234,0.012613195342820181
prefill,conversation,2,46,49,221,0.01191246226821906
prefill,conversation,2,47,17,217,0.011696852091418715
prefill,conversation,2,48,56,214,0.011535144458818456
prefill,conversation,2,49,3,213,0.01148124191461837
prefill,conversation,2,50,50,204,0.010996119016817595
prefill,conversation,2,51,36,203,0.010942216472617507
prefill,conversation,2,52,32,201,0.010834411384217335
prefill,conversation,2,53,37,197,0.01061880120741699
prefill,conversation,2,54,54,190,0.010241483398016386
prefill,conversation,2,55,48,189,0.0101875808538163
prefill,conversation,2,56,7,181,0.00975636050021561
prefill,conversation,2,57,52,150,0.008085381630012937
prefill,conversation,2,58,43,116,0.006252695127210005
prefill,conversation,2,59,42,105,0.005659767141009056
prefill,conversation,2,60,31,101,0.005444156964208711
prefill,conversation,2,61,51,88,0.004743423889607589
prefill,conversation,2,62,55,85,0.004581716257007331
prefill,conversation,2,63,2,71,0.0038270806382061234
prefill,conversation,2,64,10,69,0.003719275549805951
prefill,conversation,3,1,61,693,0.037354463130659765
prefill,conversation,3,2,15,658,0.03546787408365675
prefill,conversation,3,3,45,638,0.03438982319965502
prefill,conversation,3,4,62,574,0.030940060370849506
prefill,conversation,3,5,19,559,0.03013152220784821
prefill,conversation,3,6,39,502,0.027059077188443293
prefill,conversation,3,7,9,482,0.02598102630444157
prefill,conversation,3,8,52,468,0.025226390685640362
prefill,conversation,3,9,58,419,0.022585166019836136
prefill,conversation,3,10,63,418,0.02253126347563605
prefill,conversation,3,11,30,405,0.021830530401034928
prefill,conversation,3,12,43,400,0.0215610176800345
prefill,conversation,3,13,42,391,0.02107589478223372
prefill,conversation,3,14,31,377,0.020321259163432515
prefill,conversation,3,15,51,366,0.019728331177231564
prefill,conversation,3,16,59,364,0.019620526088831393
prefill,conversation,3,17,12,357,0.01924320827943079
prefill,conversation,3,18,44,351,0.01891979301423027
prefill,conversation,3,19,48,350,0.018865890470030185
prefill,conversation,3,20,49,347,0.018704182837429927
prefill,conversation,3,21,20,341,0.01838076757222941
prefill,conversation,3,22,57,334,0.018003449762828805
prefill,conversation,3,23,18,333,0.01794954721862872
prefill,conversation,3,24,38,331,0.017841742130228547
prefill,conversation,3,25,36,326,0.017572229409228115
prefill,conversation,3,26,33,321,0.017302716688227686
prefill,conversation,3,27,28,317,0.01708710651142734
prefill,conversation,3,28,40,317,0.01708710651142734
prefill,conversation,3,29,37,309,0.01665588615782665
prefill,conversation,3,30,56,307,0.016548081069426478
prefill,conversation,3,31,22,307,0.016548081069426478
prefill,conversation,3,32,47,296,0.015955153083225527
prefill,conversation,3,33,54,296,0.015955153083225527
prefill,conversation,3,34,34,280,0.015092712376024149
prefill,conversation,3,35,14,277,0.01493100474342389
prefill,conversation,3,36,46,257,0.013852953859422165
prefill,conversation,3,37,29,254,0.013691246226821906
prefill,conversation,3,38,25,233,0.012559292798620095
prefill,conversation,3,39,35,228,0.012289780077619664
prefill,conversation,3,40,23,214,0.011535144458818456
prefill,conversation,3,41,7,213,0.01148124191461837
prefill,conversation,3,42,10,209,0.011265631737818025
prefill,conversation,3,43,32,208,0.01121172919361794
prefill,conversation,3,44,27,205,0.01105002156101768
prefill,conversation,3,45,2,205,0.01105002156101768
prefill,conversation,3,46,21,203,0.010942216472617507
prefill,conversation,3,47,11,203,0.010942216472617507
prefill,conversation,3,48,0,198,0.010672703751617076
prefill,conversation,3,49,50,198,0.010672703751617076
prefill,conversation,3,50,4,174,0.009379042690815007
prefill,conversation,3,51,8,171,0.009217335058214747
prefill,conversation,3,52,55,153,0.008247089262613196
prefill,conversation,3,53,1,150,0.008085381630012937
prefill,conversation,3,54,41,140,0.007546356188012074
prefill,conversation,3,55,24,139,0.007492453643811988
prefill,conversation,3,56,6,134,0.007222940922811557
prefill,conversation,3,57,5,124,0.0066839154808106946
prefill,conversation,3,58,3,120,0.00646830530401035
prefill,conversation,3,59,60,101,0.005444156964208711
prefill,conversation,3,60,53,82,0.004420008624407072
prefill,conversation,3,61,26,78,0.004204398447606727
prefill,conversation,3,62,16,55,0.0029646399310047436
prefill,conversation,3,63,13,53,0.002856834842604571
prefill,conversation,3,64,17,39,0.0021021992238033633
prefill,conversation,4,1,17,733,0.03951056489866322
prefill,conversation,4,2,48,591,0.03185640362225097
prefill,conversation,4,3,25,579,0.031209573091849935
prefill,conversation,4,4,21,529,0.028514445881845624
prefill,conversation,4,5,27,512,0.027598102630444158
prefill,conversation,4,6,41,462,0.024902975420439843
prefill,conversation,4,7,62,461,0.024849072876239758
prefill,conversation,4,8,19,455,0.02452565761103924
prefill,conversation,4,9,43,455,0.02452565761103924
prefill,conversation,4,10,18,449,0.024202242345838725
prefill,conversation,4,11,6,445,0.023986632169038378
prefill,conversation,4,12,34,428,0.023070288917636912
prefill,conversation,4,13,63,423,0.02280077619663648
prefill,conversation,4,14,23,398,0.021453212591634324
prefill,conversation,4,15,8,376,0.02026735661923243
prefill,conversation,4,16,49,375,0.02021345407503234
prefill,conversation,4,17,56,354,0.01908150064683053
prefill,conversation,4,18,45,350,0.018865890470030185
prefill,conversation,4,19,40,345,0.018596377749029756
prefill,conversation,4,20,59,336,0.018111254851228976
prefill,conversation,4,21,33,329,0.017733937041828376
prefill,conversation,4,22,14,328,0.017680034497628287
prefill,conversation,4,23,5,318,0.017141009055627425
prefill,conversation,4,24,2,299,0.016116860715825788
prefill,conversation,4,25,42,292,0.015739542906425184
prefill,conversation,4,26,61,289,0.015577835273824924
prefill,conversation,4,27,58,289,0.015577835273824924
prefill,conversation,4,28,35,285,0.01536222509702458
prefill,conversation,4,29,52,284,0.015308322552824494
prefill,conversation,4,30,36,283,0.015254420008624408
prefill,conversation,4,31,44,277,0.01493100474342389
prefill,conversation,4,32,13,276,0.014877102199223804
prefill,conversation,4,33,60,271,0.014607589478223371
prefill,conversation,4,34,11,264,0.014230271668822769
prefill,conversation,4,35,26,254,0.013691246226821906
prefill,conversation,4,36,39,250,0.01347563605002156
prefill,conversation,4,37,7,249,0.013421733505821475
prefill,conversation,4,38,31,241,0.012990513152220785
prefill,conversation,4,39,55,235,0.012667097887020267
prefill,conversation,4,40,50,230,0.012397585166019836
prefill,conversation,4,41,57,228,0.012289780077619664
prefill,conversation,4,42,10,219,0.011804657179818887
prefill,conversation,4,43,37,213,0.01148124191461837
prefill,conversation,4,44,47,213,0.01148124191461837
prefill,conversation,4,45,1,209,0.011265631737818025
prefill,conversation,4,46,53,207,0.011157826649417852
prefill,conversation,4,47,46,204,0.010996119016817595
prefill,conversation,4,48,3,199,0.010726606295817162
prefill,conversation,4,49,38,196,0.010564898663216905
prefill,conversation,4,50,29,187,0.010079775765416127
prefill,conversation,4,51,51,185,0.009971970677015956
prefill,conversation,4,52,24,184,0.009918068132815868
prefill,conversation,4,53,4,175,0.009432945235015092
prefill,conversation,4,54,28,169,0.009109529969814576
prefill,conversation,4,55,54,164,0.008840017248814143
prefill,conversation,4,56,20,157,0.008462699439413541
prefill,conversation,4,57,30,150,0.008085381630012937
prefill,conversation,4,58,22,138,0.007438551099611902
prefill,conversation,4,59,0,128,0.0068995256576110395
prefill,conversation,4,60,32,116,0.006252695127210005
prefill,conversation,4,61,9,94,0.005066839154808107
prefill,conversation,4,62,16,90,0.0048512289780077615
prefill,conversation,4,63,12,82,0.004420008624407072
prefill,conversation,4,64,15,46,0.002479517033203967
prefill,conversation,5,1,21,715,0.03854031910306167
prefill,conversation,5,2,0,704,0.03794739111686071
prefill,conversation,5,3,13,531,0.028622250970245795
prefill,conversation,5,4,55,529,0.028514445881845624
prefill,conversation,5,5,60,491,0.026466149202242346
prefill,conversation,5,6,31,470,0.025334195774040533
prefill,conversation,5,7,17,462,0.024902975420439843
prefill,conversation,5,8,10,455,0.02452565761103924
prefill,conversation,5,9,42,452,0.024363949978438982
prefill,conversation,5,10,14,436,0.023501509271237602
prefill,conversation,5,11,2,434,0.02339370418283743
prefill,conversation,5,12,27,422,0.022746873652436394
prefill,conversation,5,13,41,419,0.022585166019836136
prefill,conversation,5,14,48,404,0.021776627856834842
prefill,conversation,5,15,6,391,0.02107589478223372
prefill,conversation,5,16,52,375,0.02021345407503234
prefill,conversation,5,17,51,362,0.01951272100043122
prefill,conversation,5,18,54,360,0.019404915912031046
prefill,conversation,5,19,38,358,0.019297110823630875
prefill,conversation,5,20,39,339,0.018272962483829237
prefill,conversation,5,21,45,328,0.017680034497628287
prefill,conversation,5,22,58,310,0.016709788702026735
prefill,conversation,5,23,22,302,0.016278568348426045
prefill,conversation,5,24,57,301,0.01622466580422596
prefill,conversation,5,25,30,298,0.016062958171625702
prefill,conversation,5,26,23,294,0.015847347994825355
prefill,conversation,5,27,34,293,0.01579344545062527
prefill,conversation,5,28,19,286,0.015416127641224665
prefill,conversation,5,29,53,276,0.014877102199223804
prefill,conversation,5,30,20,276,0.014877102199223804
prefill,conversation,5,31,16,274,0.01476929711082363
prefill,conversation,5,32,26,270,0.014553686934023286
prefill,conversation,5,33,11,265,0.014284174213022855
prefill,conversation,5,34,8,263,0.014176369124622681
prefill,conversation,5,35,40,250,0.01347563605002156
prefill,conversation,5,36,63,248,0.013367830961621389
prefill,conversation,5,37,29,243,0.013098318240620957
prefill,conversation,5,38,18,240,0.0129366106080207
prefill,conversation,5,39,59,219,0.011804657179818887
prefill,conversation,5,40,9,210,0.011319534282018111
prefill,conversation,5,41,61,207,0.011157826649417852
prefill,conversation,5,42,32,206,0.011103924105217766
prefill,conversation,5,43,28,203,0.010942216472617507
prefill,conversation,5,44,3,200,0.01078050884001725
prefill,conversation,5,45,36,200,0.01078050884001725
prefill,conversation,5,46,1,199,0.010726606295817162
prefill,conversation,5,47,47,195,0.010510996119016817
prefill,conversation,5,48,46,192,0.01034928848641656
prefill,conversation,5,49,35,189,0.0101875808538163
prefill,conversation,5,50,62,186,0.010025873221216041
prefill,conversation,5,51,4,180,0.009702457956015523
prefill,conversation,5,52,33,177,0.009540750323415266
prefill,conversation,5,53,7,174,0.009379042690815007
prefill,conversation,5,54,12,167,0.009001724881414402
prefill,conversation,5,55,49,167,0.009001724881414402
prefill,conversation,5,56,43,166,0.008947822337214317
prefill,conversation,5,57,24,164,0.008840017248814143
prefill,conversation,5,58,5,141,0.00760025873221216
prefill,conversation,5,59,50,133,0.00716903837861147
prefill,conversation,5,60,37,128,0.0068995256576110395
prefill,conversation,5,61,25,126,0.006791720569210867
prefill,conversation,5,62,44,118,0.006360500215610177
prefill,conversation,5,63,15,110,0.005929279862009487
prefill,conversation,5,64,56,69,0.003719275549805951
prefill,conversation,6,1,36,938,0.050560586459680895
prefill,conversation,6,2,18,844,0.04549374730487279
prefill,conversation,6,3,38,713,0.038432514014661495
prefill,conversation,6,4,40,575,0.03099396291504959
prefill,conversation,6,5,9,571,0.030778352738249245
prefill,conversation,6,6,57,489,0.026358344113842174
prefill,conversation,6,7,59,469,0.025280293229840448
prefill,conversation,6,8,62,457,0.024633462699439414
prefill,conversation,6,9,61,447,0.02409443725743855
prefill,conversation,6,10,5,433,0.023339801638637345
prefill,conversation,6,11,49,431,0.02323199655023717
prefill,conversation,6,12,1,400,0.0215610176800345
prefill,conversation,6,13,11,400,0.0215610176800345
prefill,conversation,6,14,33,384,0.02069857697283312
prefill,conversation,6,15,23,381,0.02053686934023286
prefill,conversation,6,16,16,378,0.0203751617076326
prefill,conversation,6,17,20,376,0.02026735661923243
prefill,conversation,6,18,55,373,0.02010564898663217
prefill,conversation,6,19,15,360,0.019404915912031046
prefill,conversation,6,20,52,354,0.01908150064683053
prefill,conversation,6,21,24,327,0.0176261319534282
prefill,conversation,6,22,26,323,0.017410521776627857
prefill,conversation,6,23,2,319,0.01719491159982751
prefill,conversation,6,24,48,301,0.01622466580422596
prefill,conversation,6,25,6,292,0.015739542906425184
prefill,conversation,6,26,41,292,0.015739542906425184
prefill,conversation,6,27,12,287,0.015470030185424753
prefill,conversation,6,28,17,284,0.015308322552824494
prefill,conversation,6,29,47,274,0.01476929711082363
prefill,conversation,6,30,42,262,0.014122466580422596
prefill,conversation,6,31,58,253,0.01363734368262182
prefill,conversation,6,32,25,252,0.013583441138421734
prefill,conversation,6,33,43,251,0.013529538594221647
prefill,conversation,6,34,4,248,0.013367830961621389
prefill,conversation,6,35,10,248,0.013367830961621389
prefill,conversation,6,36,56,245,0.01320612332902113
prefill,conversation,6,37,8,239,0.012882708063820612
prefill,conversation,6,38,53,239,0.012882708063820612
prefill,conversation,6,39,0,234,0.012613195342820181
prefill,conversation,6,40,35,228,0.012289780077619664
prefill,conversation,6,41,63,226,0.012181974989219491
prefill,conversation,6,42,45,224,0.01207416990081932
prefill,conversation,6,43,13,211,0.011373436826218197
prefill,conversation,6,44,21,201,0.010834411384217335
prefill,conversation,6,45,39,200,0.01078050884001725
prefill,conversation,6,46,3,190,0.010241483398016386
prefill,conversation,6,47,29,187,0.010079775765416127
prefill,conversation,6,48,60,184,0.009918068132815868
prefill,conversation,6,49,27,175,0.009432945235015092
prefill,conversation,6,50,50,146,0.007869771453212592
prefill,conversation,6,51,28,146,0.007869771453212592
prefill,conversation,6,52,44,142,0.007654161276412247
prefill,conversation,6,53,30,130,0.007007330746011212
prefill,conversation,6,54,22,129,0.006953428201811125
prefill,conversation,6,55,7,123,0.006630012936610608
prefill,conversation,6,56,37,123,0.006630012936610608
prefill,conversation,6,57,19,119,0.006414402759810263
prefill,conversation,6,58,46,117,0.0063065976714100904
prefill,conversation,6,59,54,106,0.005713669685209142
prefill,conversation,6,60,51,100,0.005390254420008625
prefill,conversation,6,61,14,73,0.003934885726606296
prefill,conversation,6,62,32,69,0.003719275549805951
prefill,conversation,6,63,31,44,0.0023717119448037945
prefill,conversation,6,64,34,16,0.0008624407072013799
prefill,conversation,7,1,54,738,0.03978007761966365
prefill,conversation,7,2,4,627,0.033796895213454074
prefill,conversation,7,3,35,603,0.03250323415265201
prefill,conversation,7,4,13,557,0.030023717119448037
prefill,conversation,7,5,2,487,0.026250539025442002
prefill,conversation,7,6,45,464,0.02501078050884002
prefill,conversation,7,7,39,456,0.02457956015523933
prefill,conversation,7,8,46,452,0.024363949978438982
prefill,conversation,7,9,21,447,0.02409443725743855
prefill,conversation,7,10,17,438,0.023609314359637774
prefill,conversation,7,11,58,436,0.023501509271237602
prefill,conversation,7,12,1,435,0.023447606727037516
prefill,conversation,7,13,36,417,0.022477360931435965
prefill,conversation,7,14,29,417,0.022477360931435965
prefill,conversation,7,15,60,396,0.021345407503234153
prefill,conversation,7,16,0,393,0.021183699870633895
prefill,conversation,7,17,48,391,0.02107589478223372
prefill,conversation,7,18,11,385,0.020752479517033205
prefill,conversation,7,19,23,381,0.02053686934023286
prefill,conversation,7,20,5,378,0.0203751617076326
prefill,conversation,7,21,47,361,0.019458818456231135
prefill,conversation,7,22,26,360,0.019404915912031046
prefill,conversation,7,23,56,344,0.018542475204829666
prefill,conversation,7,24,38,332,0.017895644674428633
prefill,conversation,7,25,32,318,0.017141009055627425
prefill,conversation,7,26,41,316,0.017033203967227253
prefill,conversation,7,27,18,313,0.016871496334626996
prefill,conversation,7,28,62,308,0.016601983613626563
prefill,conversation,7,29,61,290,0.015631737818025012
prefill,conversation,7,30,34,284,0.015308322552824494
prefill,conversation,7,31,12,275,0.014823199655023716
prefill,conversation,7,32,24,266,0.01433807675722294
prefill,conversation,7,33,33,262,0.014122466580422596
prefill,conversation,7,34,19,257,0.013852953859422165
prefill,conversation,7,35,14,253,0.01363734368262182
prefill,conversation,7,36,16,252,0.013583441138421734
prefill,conversation,7,37,53,249,0.013421733505821475
prefill,conversation,7,38,55,236,0.012721000431220354
prefill,conversation,7,39,44,225,0.012128072445019405
prefill,conversation,7,40,9,220,0.011858559724018974
prefill,conversation,7,41,37,216,0.01164294954721863
prefill,conversation,7,42,59,214,0.011535144458818456
prefill,conversation,7,43,52,209,0.011265631737818025
prefill,conversation,7,44,3,206,0.011103924105217766
prefill,conversation,7,45,15,197,0.01061880120741699
prefill,conversation,7,46,22,192,0.01034928848641656
prefill,conversation,7,47,10,191,0.010295385942216472
prefill,conversation,7,48,28,186,0.010025873221216041
prefill,conversation,7,49,42,177,0.009540750323415266
prefill,conversation,7,50,20,167,0.009001724881414402
prefill,conversation,7,51,31,158,0.008516601983613627
prefill,conversation,7,52,63,152,0.008193186718413108
prefill,conversation,7,53,8,143,0.007708063820612333
prefill,conversation,7,54,43,137,0.007384648555411815
prefill,conversation,7,55,57,132,0.0071151358344113845
prefill,conversation,7,56,51,127,0.006845623113410953
prefill,conversation,7,57,6,116,0.006252695127210005
prefill,conversation,7,58,40,110,0.005929279862009487
prefill,conversation,7,59,49,110,0.005929279862009487
prefill,conversation,7,60,30,103,0.005551962052608883
prefill,conversation,7,61,25,92,0.004959034066407934
prefill,conversation,7,62,50,72,0.0038809831824062097
prefill,conversation,7,63,27,65,0.003503665373005606
prefill,conversation,7,64,7,61,0.003288055196205261
prefill,conversation,8,1,51,693,0.037354463130659765
prefill,conversation,8,2,54,605,0.03261103924105218
prefill,conversation,8,3,18,587,0.03164079344545063
prefill,conversation,8,4,32,543,0.029269081500646832
prefill,conversation,8,5,11,518,0.027921517895644673
prefill,conversation,8,6,37,479,0.025819318671841313
prefill,conversation,8,7,29,474,0.02554980595084088
prefill,conversation,8,8,3,466,0.02511858559724019
prefill,conversation,8,9,16,459,0.024741267787839586
prefill,conversation,8,10,45,442,0.02382492453643812
prefill,conversation,8,11,1,432,0.02328589909443726
prefill,conversation,8,12,57,403,0.021722725312634757
prefill,conversation,8,13,35,397,0.02139931004743424
prefill,conversation,8,14,6,384,0.02069857697283312
prefill,conversation,8,15,10,381,0.02053686934023286
prefill,conversation,8,16,62,363,0.019566623544631307
prefill,conversation,8,17,55,361,0.019458818456231135
prefill,conversation,8,18,63,352,0.018973695558430356
prefill,conversation,8,19,17,347,0.018704182837429927
prefill,conversation,8,20,60,342,0.018434670116429495
prefill,conversation,8,21,59,332,0.017895644674428633
prefill,conversation,8,22,14,332,0.017895644674428633
prefill,conversation,8,23,30,330,0.01778783958602846
prefill,conversation,8,24,12,319,0.01719491159982751
prefill,conversation,8,25,28,316,0.017033203967227253
prefill,conversation,8,26,42,305,0.016440275981026306
prefill,conversation,8,27,20,304,0.016386373436826217
prefill,conversation,8,28,34,290,0.015631737818025012
prefill,conversation,8,29,27,281,0.015146614920224235
prefill,conversation,8,30,50,272,0.014661492022423459
prefill,conversation,8,31,49,265,0.014284174213022855
prefill,conversation,8,32,38,264,0.014230271668822769
prefill,conversation,8,33,21,259,0.013960758947822336
prefill,conversation,8,34,0,249,0.013421733505821475
prefill,conversation,8,35,53,248,0.013367830961621389
prefill,conversation,8,36,36,242,0.01304441569642087
prefill,conversation,8,37,52,241,0.012990513152220785
prefill,conversation,8,38,39,239,0.012882708063820612
prefill,conversation,8,39,7,233,0.012559292798620095
prefill,conversation,8,40,47,226,0.012181974989219491
prefill,conversation,8,41,15,225,0.012128072445019405
prefill,conversation,8,42,46,214,0.011535144458818456
prefill,conversation,8,43,44,210,0.011319534282018111
prefill,conversation,8,44,9,206,0.011103924105217766
prefill,conversation,8,45,5,198,0.010672703751617076
prefill,conversation,8,46,23,190,0.010241483398016386
prefill,conversation,8,47,58,190,0.010241483398016386
prefill,conversation,8,48,26,189,0.0101875808538163
prefill,conversation,8,49,31,182,0.009810263044415696
prefill,conversation,8,50,56,179,0.009648555411815437
prefill,conversation,8,51,13,175,0.009432945235015092
prefill,conversation,8,52,41,173,0.00932514014661492
prefill,conversation,8,53,43,173,0.00932514014661492
prefill,conversation,8,54,40,171,0.009217335058214747
prefill,conversation,8,55,33,164,0.008840017248814143
prefill,conversation,8,56,24,163,0.008786114704614057
prefill,conversation,8,57,2,155,0.008354894351013368
prefill,conversation,8,58,61,154,0.008300991806813282
prefill,conversation,8,59,19,132,0.0071151358344113845
prefill,conversation,8,60,8,128,0.0068995256576110395
prefill,conversation,8,61,48,117,0.0063065976714100904
prefill,conversation,8,62,25,107,0.005767572229409228
prefill,conversation,8,63,4,94,0.005066839154808107
prefill,conversation,8,64,22,88,0.004743423889607589
prefill,conversation,9,1,5,736,0.03967227253126347
prefill,conversation,9,2,39,585,0.03153298835705045
prefill,conversation,9,3,12,575,0.03099396291504959
prefill,conversation,9,4,13,473,0.025495903406640794
prefill,conversation,9,5,50,446,0.024040534713238464
prefill,conversation,9,6,34,442,0.02382492453643812
prefill,conversation,9,7,42,435,0.023447606727037516
prefill,conversation,9,8,8,427,0.023016386373436826
prefill,conversation,9,9,37,421,0.022692971108236308
prefill,conversation,9,10,6,412,0.022207848210435532
prefill,conversation,9,11,4,410,0.02210004312203536
prefill,conversation,9,12,7,392,0.02112979732643381
prefill,conversation,9,13,51,380,0.020482966796032773
prefill,conversation,9,14,61,370,0.01994394135403191
prefill,conversation,9,15,21,364,0.019620526088831393
prefill,conversation,9,16,28,354,0.01908150064683053
prefill,conversation,9,17,55,350,0.018865890470030185
prefill,conversation,9,18,0,346,0.01865028029322984
prefill,conversation,9,19,47,333,0.01794954721862872
prefill,conversation,9,20,58,328,0.017680034497628287
prefill,conversation,9,21,16,323,0.017410521776627857
prefill,conversation,9,22,53,319,0.01719491159982751
prefill,conversation,9,23,46,319,0.01719491159982751
prefill,conversation,9,24,48,315,0.016979301423027168
prefill,conversation,9,25,52,312,0.016817593790426907
prefill,conversation,9,26,27,304,0.016386373436826217
prefill,conversation,9,27,29,295,0.01590125053902544
prefill,conversation,9,28,63,291,0.015685640362225098
prefill,conversation,9,29,40,289,0.015577835273824924
prefill,conversation,9,30,38,289,0.015577835273824924
prefill,conversation,9,31,36,286,0.015416127641224665
prefill,conversation,9,32,59,285,0.01536222509702458
prefill,conversation,9,33,32,281,0.015146614920224235
prefill,conversation,9,34,41,271,0.014607589478223371
prefill,conversation,9,35,54,271,0.014607589478223371
prefill,conversation,9,36,43,267,0.014391979301423026
prefill,conversation,9,37,24,259,0.013960758947822336
prefill,conversation,9,38,1,253,0.01363734368262182
prefill,conversation,9,39,23,242,0.01304441569642087
prefill,conversation,9,40,62,233,0.012559292798620095
prefill,conversation,9,41,2,226,0.012181974989219491
prefill,conversation,9,42,26,219,0.011804657179818887
prefill,conversation,9,43,31,215,0.011589047003018542
prefill,conversation,9,44,20,213,0.01148124191461837
prefill,conversation,9,45,44,213,0.01148124191461837
prefill,conversation,9,46,15,213,0.01148124191461837
prefill,conversation,9,47,11,204,0.010996119016817595
prefill,conversation,9,48,33,202,0.010888313928417421
prefill,conversation,9,49,17,198,0.010672703751617076
prefill,conversation,9,50,57,186,0.010025873221216041
prefill,conversation,9,51,18,185,0.009971970677015956
prefill,conversation,9,52,45,182,0.009810263044415696
prefill,conversation,9,53,30,180,0.009702457956015523
prefill,conversation,9,54,56,175,0.009432945235015092
prefill,conversation,9,55,49,174,0.009379042690815007
prefill,conversation,9,56,60,168,0.009055627425614488
prefill,conversation,9,57,10,161,0.008678309616213886
prefill,conversation,9,58,22,158,0.008516601983613627
prefill,conversation,9,59,14,143,0.007708063820612333
prefill,conversation,9,60,25,143,0.007708063820612333
prefill,conversation,9,61,9,141,0.00760025873221216
prefill,conversation,9,62,3,132,0.0071151358344113845
prefill,conversation,9,63,19,120,0.00646830530401035
prefill,conversation,9,64,35,118,0.006360500215610177
prefill,conversation,10,1,44,585,0.03153298835705045
prefill,conversation,10,2,56,519,0.027975420439844762
prefill,conversation,10,3,4,518,0.027921517895644673
prefill,conversation,10,4,43,508,0.02738249245364381
prefill,conversation,10,5,59,501,0.027005174644243207
prefill,conversation,10,6,62,450,0.02425614489003881
prefill,conversation,10,7,6,429,0.023124191461836998
prefill,conversation,10,8,35,426,0.02296248382923674
prefill,conversation,10,9,17,418,0.02253126347563605
prefill,conversation,10,10,30,413,0.022261750754635618
prefill,conversation,10,11,48,406,0.021884432945235014
prefill,conversation,10,12,22,405,0.021830530401034928
prefill,conversation,10,13,2,399,0.02150711513583441
prefill,conversation,10,14,37,396,0.021345407503234153
prefill,conversation,10,15,16,374,0.020159551530832254
prefill,conversation,10,16,20,352,0.018973695558430356
prefill,conversation,10,17,11,345,0.018596377749029756
prefill,conversation,10,18,36,344,0.018542475204829666
prefill,conversation,10,19,24,344,0.018542475204829666
prefill,conversation,10,20,47,341,0.01838076757222941
prefill,conversation,10,21,32,340,0.018326865028029323
prefill,conversation,10,22,13,335,0.01805735230702889
prefill,conversation,10,23,46,323,0.017410521776627857
prefill,conversation,10,24,53,322,0.01735661923242777
prefill,conversation,10,25,1,315,0.016979301423027168
prefill,conversation,10,26,38,314,0.016925398878827082
prefill,conversation,10,27,5,301,0.01622466580422596
prefill,conversation,10,28,0,291,0.015685640362225098
prefill,conversation,10,29,14,290,0.015631737818025012
prefill,conversation,10,30,52,286,0.015416127641224665
prefill,conversation,10,31,39,268,0.014445881845623114
prefill,conversation,10,32,31,257,0.013852953859422165
prefill,conversation,10,33,54,256,0.013799051315222079
prefill,conversation,10,34,42,245,0.01320612332902113
prefill,conversation,10,35,19,239,0.012882708063820612
prefill,conversation,10,36,61,239,0.012882708063820612
prefill,conversation,10,37,12,239,0.012882708063820612
prefill,conversation,10,38,57,237,0.01277490297542044
prefill,conversation,10,39,28,237,0.01277490297542044
prefill,conversation,10,40,3,233,0.012559292798620095
prefill,conversation,10,41,10,229,0.01234368262181975
prefill,conversation,10,42,8,225,0.012128072445019405
prefill,conversation,10,43,7,224,0.01207416990081932
prefill,conversation,10,44,40,221,0.01191246226821906
prefill,conversation,10,45,9,218,0.011750754635618801
prefill,conversation,10,46,25,210,0.011319534282018111
prefill,conversation,10,47,51,205,0.01105002156101768
prefill,conversation,10,48,60,203,0.010942216472617507
prefill,conversation,10,49,29,203,0.010942216472617507
prefill,conversation,10,50,49,199,0.010726606295817162
prefill,conversation,10,51,33,190,0.010241483398016386
prefill,conversation,10,52,34,188,0.010133678309616215
prefill,conversation,10,53,50,186,0.010025873221216041
prefill,conversation,10,54,27,183,0.009864165588615782
prefill,conversation,10,55,45,183,0.009864165588615782
prefill,conversation,10,56,23,181,0.00975636050021561
prefill,conversation,10,57,41,180,0.009702457956015523
prefill,conversation,10,58,15,178,0.009594652867615351
prefill,conversation,10,59,21,171,0.009217335058214747
prefill,conversation,10,60,63,160,0.008624407072013798
prefill,conversation,10,61,58,151,0.008139284174213023
prefill,conversation,10,62,26,151,0.008139284174213023
prefill,conversation,10,63,55,146,0.007869771453212592
prefill,conversation,10,64,18,127,0.006845623113410953
prefill,conversation,11,1,47,684,0.03686934023285899
prefill,conversation,11,2,14,630,0.033958602846054335
prefill,conversation,11,3,44,560,0.030185424752048298
prefill,conversation,11,4,57,555,0.029915912031047865
prefill,conversation,11,5,27,530,0.02856834842604571
prefill,conversation,11,6,51,524,0.02824493316084519
prefill,conversation,11,7,23,459,0.024741267787839586
prefill,conversation,11,8,7,438,0.023609314359637774
prefill,conversation,11,9,33,419,0.022585166019836136
prefill,conversation,11,10,58,410,0.02210004312203536
prefill,conversation,11,11,43,406,0.021884432945235014
prefill,conversation,11,12,56,401,0.021614920224234585
prefill,conversation,11,13,37,400,0.0215610176800345
prefill,conversation,11,14,62,377,0.020321259163432515
prefill,conversation,11,15,52,365,0.01967442863303148
prefill,conversation,11,16,22,360,0.019404915912031046
prefill,conversation,11,17,61,358,0.019297110823630875
prefill,conversation,11,18,15,357,0.01924320827943079
prefill,conversation,11,19,34,343,0.01848857266062958
prefill,conversation,11,20,8,339,0.018272962483829237
prefill,conversation,11,21,16,331,0.017841742130228547
prefill,conversation,11,22,54,329,0.017733937041828376
prefill,conversation,11,23,31,328,0.017680034497628287
prefill,conversation,11,24,13,321,0.017302716688227686
prefill,conversation,11,25,18,314,0.016925398878827082
prefill,conversation,11,26,63,308,0.016601983613626563
prefill,conversation,11,27,0,298,0.016062958171625702
prefill,conversation,11,28,29,287,0.015470030185424753
prefill,conversation,11,29,50,273,0.014715394566623545
prefill,conversation,11,30,24,259,0.013960758947822336
prefill,conversation,11,31,45,256,0.013799051315222079
prefill,conversation,11,32,55,256,0.013799051315222079
prefill,conversation,11,33,11,247,0.013313928417421302
prefill,conversation,11,34,49,247,0.013313928417421302
prefill,conversation,11,35,2,242,0.01304441569642087
prefill,conversation,11,36,53,239,0.012882708063820612
prefill,conversation,11,37,1,237,0.01277490297542044
prefill,conversation,11,38,35,235,0.012667097887020267
prefill,conversation,11,39,20,228,0.012289780077619664
prefill,conversation,11,40,36,219,0.011804657179818887
prefill,conversation,11,41,46,218,0.011750754635618801
prefill,conversation,11,42,26,217,0.011696852091418715
prefill,conversation,11,43,42,217,0.011696852091418715
prefill,conversation,11,44,17,217,0.011696852091418715
prefill,conversation,11,45,21,215,0.011589047003018542
prefill,conversation,11,46,60,213,0.01148124191461837
prefill,conversation,11,47,32,211,0.011373436826218197
prefill,conversation,11,48,30,210,0.011319534282018111
prefill,conversation,11,49,40,208,0.01121172919361794
prefill,conversation,11,50,25,193,0.010403191030616646
prefill,conversation,11,51,19,181,0.00975636050021561
prefill,conversation,11,52,4,181,0.00975636050021561
prefill,conversation,11,53,3,177,0.009540750323415266
prefill,conversation,11,54,28,176,0.009486847779215178
prefill,conversation,11,55,12,162,0.008732212160413972
prefill,conversation,11,56,39,161,0.008678309616213886
prefill,conversation,11,57,41,159,0.008570504527813712
prefill,conversation,11,58,5,154,0.008300991806813282
prefill,conversation,11,59,38,146,0.007869771453212592
prefill,conversation,11,60,10,144,0.007761966364812419
prefill,conversation,11,61,9,144,0.007761966364812419
prefill,conversation,11,62,48,124,0.0066839154808106946
prefill,conversation,11,63,59,94,0.005066839154808107
prefill,conversation,11,64,6,61,0.003288055196205261
prefill,conversation,12,1,23,694,0.037408365674859854
prefill,conversation,12,2,43,601,0.03239542906425183
prefill,conversation,12,3,38,579,0.031209573091849935
prefill,conversation,12,4,30,565,0.030454937473048727
prefill,conversation,12,5,2,547,0.029484691677447175
prefill,conversation,12,6,17,502,0.027059077188443293
prefill,conversation,12,7,19,502,0.027059077188443293
prefill,conversation,12,8,6,497,0.026789564467442864
prefill,conversation,12,9,58,473,0.025495903406640794
prefill,conversation,12,10,54,453,0.024417852522639068
prefill,conversation,12,11,55,426,0.02296248382923674
prefill,conversation,12,12,59,416,0.02242345838723588
prefill,conversation,12,13,52,403,0.021722725312634757
prefill,conversation,12,14,0,402,0.02166882276843467
prefill,conversation,12,15,8,396,0.021345407503234153
prefill,conversation,12,16,50,393,0.021183699870633895
prefill,conversation,12,17,9,389,0.02096808969383355
prefill,conversation,12,18,32,372,0.020051746442432083
prefill,conversation,12,19,5,359,0.01935101336783096
prefill,conversation,12,20,29,353,0.019027598102630446
prefill,conversation,12,21,14,349,0.0188119879258301
prefill,conversation,12,22,51,348,0.018758085381630013
prefill,conversation,12,23,22,348,0.018758085381630013
prefill,conversation,12,24,46,334,0.018003449762828805
prefill,conversation,12,25,48,333,0.01794954721862872
prefill,conversation,12,26,62,318,0.017141009055627425
prefill,conversation,12,27,15,318,0.017141009055627425
prefill,conversation,12,28,21,306,0.016494178525226392
prefill,conversation,12,29,7,295,0.01590125053902544
prefill,conversation,12,30,25,278,0.014984907287623975
prefill,conversation,12,31,63,260,0.014014661492022424
prefill,conversation,12,32,31,256,0.013799051315222079
prefill,conversation,12,33,34,256,0.013799051315222079
prefill,conversation,12,34,45,245,0.01320612332902113
prefill,conversation,12,35,16,239,0.012882708063820612
prefill,conversation,12,36,53,234,0.012613195342820181
prefill,conversation,12,37,49,230,0.012397585166019836
prefill,conversation,12,38,3,224,0.01207416990081932
prefill,conversation,12,39,61,213,0.01148124191461837
prefill,conversation,12,40,27,211,0.011373436826218197
prefill,conversation,12,41,1,207,0.011157826649417852
prefill,conversation,12,42,18,206,0.011103924105217766
prefill,conversation,12,43,33,195,0.010510996119016817
prefill,conversation,12,44,26,190,0.010241483398016386
prefill,conversation,12,45,4,178,0.009594652867615351
prefill,conversation,12,46,10,175,0.009432945235015092
prefill,conversation,12,47,11,174,0.009379042690815007
prefill,conversation,12,48,47,172,0.009271237602414833
prefill,conversation,12,49,40,172,0.009271237602414833
prefill,conversation,12,50,56,163,0.008786114704614057
prefill,conversation,12,51,41,162,0.008732212160413972
prefill,conversation,12,52,44,160,0.008624407072013798
prefill,conversation,12,53,36,160,0.008624407072013798
prefill,conversation,12,54,42,154,0.008300991806813282
prefill,conversation,12,55,13,147,0.007923673997412678
prefill,conversation,12,56,39,143,0.007708063820612333
prefill,conversation,12,57,12,136,0.007330746011211729
prefill,conversation,12,58,28,130,0.007007330746011212
prefill,conversation,12,59,57,129,0.006953428201811125
prefill,conversation,12,60,24,117,0.0063065976714100904
prefill,conversation,12,61,20,101,0.005444156964208711
prefill,conversation,12,62,60,101,0.005444156964208711
prefill,conversation,12,63,35,83,0.004473911168607158
prefill,conversation,12,64,37,80,0.004312203536006899
prefill,conversation,13,1,55,711,0.03832470892626132
prefill,conversation,13,2,2,656,0.03536006899525657
prefill,conversation,13,3,5,598,0.032233721431651575
prefill,conversation,13,4,54,533,0.028730056058645967
prefill,conversation,13,5,32,468,0.025226390685640362
prefill,conversation,13,6,45,463,0.02495687796463993
prefill,conversation,13,7,13,458,0.0246873652436395
prefill,conversation,13,8,6,456,0.02457956015523933
prefill,conversation,13,9,62,455,0.02452565761103924
prefill,conversation,13,10,27,438,0.023609314359637774
prefill,conversation,13,11,41,405,0.021830530401034928
prefill,conversation,13,12,8,379,0.020429064251832687
prefill,conversation,13,13,51,374,0.020159551530832254
prefill,conversation,13,14,20,367,0.01978223372143165
prefill,conversation,13,15,36,361,0.019458818456231135
prefill,conversation,13,16,22,360,0.019404915912031046
prefill,conversation,13,17,3,356,0.019189305735230703
prefill,conversation,13,18,35,345,0.018596377749029756
prefill,conversation,13,19,1,343,0.01848857266062958
prefill,conversation,13,20,31,337,0.018165157395429066
prefill,conversation,13,21,11,337,0.018165157395429066
prefill,conversation,13,22,46,336,0.018111254851228976
prefill,conversation,13,23,25,323,0.017410521776627857
prefill,conversation,13,24,34,304,0.016386373436826217
prefill,conversation,13,25,42,303,0.01633247089262613
prefill,conversation,13,26,47,303,0.01633247089262613
prefill,conversation,13,27,56,287,0.015470030185424753
prefill,conversation,13,28,48,281,0.015146614920224235
prefill,conversation,13,29,63,272,0.014661492022423459
prefill,conversation,13,30,4,266,0.01433807675722294
prefill,conversation,13,31,57,264,0.014230271668822769
prefill,conversation,13,32,37,255,0.013745148771021991
prefill,conversation,13,33,40,254,0.013691246226821906
prefill,conversation,13,34,43,251,0.013529538594221647
prefill,conversation,13,35,23,250,0.01347563605002156
prefill,conversation,13,36,58,250,0.01347563605002156
prefill,conversation,13,37,9,247,0.013313928417421302
prefill,conversation,13,38,19,246,0.013260025873221216
prefill,conversation,13,39,30,243,0.013098318240620957
prefill,conversation,13,40,33,241,0.012990513152220785
prefill,conversation,13,41,49,226,0.012181974989219491
prefill,conversation,13,42,39,224,0.01207416990081932
prefill,conversation,13,43,17,221,0.01191246226821906
prefill,conversation,13,44,12,214,0.011535144458818456
prefill,conversation,13,45,14,212,0.011427339370418284
prefill,conversation,13,46,15,207,0.011157826649417852
prefill,conversation,13,47,24,202,0.010888313928417421
prefill,conversation,13,48,53,198,0.010672703751617076
prefill,conversation,13,49,44,197,0.01061880120741699
prefill,conversation,13,50,61,190,0.010241483398016386
prefill,conversation,13,51,0,184,0.009918068132815868
prefill,conversation,13,52,38,176,0.009486847779215178
prefill,conversation,13,53,26,174,0.009379042690815007
prefill,conversation,13,54,50,169,0.009109529969814576
prefill,conversation,13,55,10,167,0.009001724881414402
prefill,conversation,13,56,16,159,0.008570504527813712
prefill,conversation,13,57,7,157,0.008462699439413541
prefill,conversation,13,58,60,144,0.007761966364812419
prefill,conversation,13,59,28,140,0.007546356188012074
prefill,conversation,13,60,29,136,0.007330746011211729
prefill,conversation,13,61,18,133,0.00716903837861147
prefill,conversation,13,62,21,124,0.0066839154808106946
prefill,conversation,13,63,52,122,0.006576110392410522
prefill,conversation,13,64,59,100,0.005390254420008625
prefill,conversation,14,1,58,612,0.032988357050452784
prefill,conversation,14,2,11,560,0.030185424752048298
prefill,conversation,14,3,42,520,0.028029322984044848
prefill,conversation,14,4,12,512,0.027598102630444158
prefill,conversation,14,5,60,493,0.026573954290642517
prefill,conversation,14,6,22,458,0.0246873652436395
prefill,conversation,14,7,9,444,0.023932729624838292
prefill,conversation,14,8,6,444,0.023932729624838292
prefill,conversation,14,9,43,416,0.02242345838723588
prefill,conversation,14,10,24,407,0.0219383354894351
prefill,conversation,14,11,36,401,0.021614920224234585
prefill,conversation,14,12,38,388,0.020914187149633463
prefill,conversation,14,13,37,381,0.02053686934023286
prefill,conversation,14,14,41,371,0.019997843898231997
prefill,conversation,14,15,15,366,0.019728331177231564
prefill,conversation,14,16,45,363,0.019566623544631307
prefill,conversation,14,17,44,363,0.019566623544631307
prefill,conversation,14,18,1,357,0.01924320827943079
prefill,conversation,14,19,63,355,0.019135403191030617
prefill,conversation,14,20,52,352,0.018973695558430356
prefill,conversation,14,21,7,349,0.0188119879258301
prefill,conversation,14,22,34,346,0.01865028029322984
prefill,conversation,14,23,25,341,0.01838076757222941
prefill,conversation,14,24,28,333,0.01794954721862872
prefill,conversation,14,25,20,314,0.016925398878827082
prefill,conversation,14,26,49,298,0.016062958171625702
prefill,conversation,14,27,23,297,0.016009055627425616
prefill,conversation,14,28,13,295,0.01590125053902544
prefill,conversation,14,29,53,293,0.01579344545062527
prefill,conversation,14,30,3,292,0.015739542906425184
prefill,conversation,14,31,48,287,0.015470030185424753
prefill,conversation,14,32,2,271,0.014607589478223371
prefill,conversation,14,33,14,269,0.0144997843898232
prefill,conversation,14,34,35,267,0.014391979301423026
prefill,conversation,14,35,18,267,0.014391979301423026
prefill,conversation,14,36,31,266,0.01433807675722294
prefill,conversation,14,37,21,264,0.014230271668822769
prefill,conversation,14,38,39,258,0.01390685640362225
prefill,conversation,14,39,46,258,0.01390685640362225
prefill,conversation,14,40,0,258,0.01390685640362225
prefill,conversation,14,41,29,257,0.013852953859422165
prefill,conversation,14,42,16,249,0.013421733505821475
prefill,conversation,14,43,59,246,0.013260025873221216
prefill,conversation,14,44,62,239,0.012882708063820612
prefill,conversation,14,45,40,220,0.011858559724018974
prefill,conversation,14,46,50,214,0.011535144458818456
prefill,conversation,14,47,57,209,0.011265631737818025
prefill,conversation,14,48,5,201,0.010834411384217335
prefill,conversation,14,49,10,199,0.010726606295817162
prefill,conversation,14,50,4,197,0.01061880120741699
prefill,conversation,14,51,54,195,0.010510996119016817
prefill,conversation,14,52,51,184,0.009918068132815868
prefill,conversation,14,53,55,180,0.009702457956015523
prefill,conversation,14,54,17,178,0.009594652867615351
prefill,conversation,14,55,19,172,0.009271237602414833
prefill,conversation,14,56,61,171,0.009217335058214747
prefill,conversation,14,57,56,152,0.008193186718413108
prefill,conversation,14,58,32,140,0.007546356188012074
prefill,conversation,14,59,47,135,0.007276843467011643
prefill,conversation,14,60,27,115,0.006198792583009918
prefill,conversation,14,61,8,105,0.005659767141009056
prefill,conversation,14,62,26,88,0.004743423889607589
prefill,conversation,14,63,30,62,0.0033419577404053473
prefill,conversation,14,64,33,58,0.0031263475636050023
prefill,conversation,15,1,24,641,0.03455153083225528
prefill,conversation,15,2,8,615,0.03315006468305304
prefill,conversation,15,3,60,564,0.03040103492884864
prefill,conversation,15,4,17,531,0.028622250970245795
prefill,conversation,15,5,58,514,0.02770590771884433
prefill,conversation,15,6,3,502,0.027059077188443293
prefill,conversation,15,7,30,466,0.02511858559724019
prefill,conversation,15,8,34,426,0.02296248382923674
prefill,conversation,15,9,9,422,0.022746873652436394
prefill,conversation,15,10,1,417,0.022477360931435965
prefill,conversation,15,11,29,404,0.021776627856834842
prefill,conversation,15,12,21,399,0.02150711513583441
prefill,conversation,15,13,20,382,0.020590771884432944
prefill,conversation,15,14,52,372,0.020051746442432083
prefill,conversation,15,15,27,372,0.020051746442432083
prefill,conversation,15,16,2,364,0.019620526088831393
prefill,conversation,15,17,48,363,0.019566623544631307
prefill,conversation,15,18,51,361,0.019458818456231135
prefill,conversation,15,19,59,359,0.01935101336783096
prefill,conversation,15,20,55,351,0.01891979301423027
prefill,conversation,15,21,25,329,0.017733937041828376
prefill,conversation,15,22,56,325,0.01751832686502803
prefill,conversation,15,23,57,305,0.016440275981026306
prefill,conversation,15,24,7,305,0.016440275981026306
prefill,conversation,15,25,10,296,0.015955153083225527
prefill,conversation,15,26,44,294,0.015847347994825355
prefill,conversation,15,27,54,294,0.015847347994825355
prefill,conversation,15,28,61,291,0.015685640362225098
prefill,conversation,15,29,12,289,0.015577835273824924
prefill,conversation,15,30,36,285,0.01536222509702458
prefill,conversation,15,31,15,285,0.01536222509702458
prefill,conversation,15,32,46,276,0.014877102199223804
prefill,conversation,15,33,13,271,0.014607589478223371
prefill,conversation,15,34,53,262,0.014122466580422596
prefill,conversation,15,35,47,259,0.013960758947822336
prefill,conversation,15,36,23,257,0.013852953859422165
prefill,conversation,15,37,62,257,0.013852953859422165
prefill,conversation,15,38,42,249,0.013421733505821475
prefill,conversation,15,39,5,245,0.01320612332902113
prefill,conversation,15,40,26,229,0.01234368262181975
prefill,conversation,15,41,14,225,0.012128072445019405
prefill,conversation,15,42,37,224,0.01207416990081932
prefill,conversation,15,43,16,224,0.01207416990081932
prefill,conversation,15,44,45,222,0.011966364812419146
prefill,conversation,15,45,18,219,0.011804657179818887
prefill,conversation,15,46,49,219,0.011804657179818887
prefill,conversation,15,47,63,218,0.011750754635618801
prefill,conversation,15,48,40,216,0.01164294954721863
prefill,conversation,15,49,11,204,0.010996119016817595
prefill,conversation,15,50,22,197,0.01061880120741699
prefill,conversation,15,51,28,190,0.010241483398016386
prefill,conversation,15,52,31,175,0.009432945235015092
prefill,conversation,15,53,33,167,0.009001724881414402
prefill,conversation,15,54,19,166,0.008947822337214317
prefill,conversation,15,55,4,162,0.008732212160413972
prefill,conversation,15,56,35,158,0.008516601983613627
prefill,conversation,15,57,41,142,0.007654161276412247
prefill,conversation,15,58,50,141,0.00760025873221216
prefill,conversation,15,59,32,133,0.00716903837861147
prefill,conversation,15,60,0,130,0.007007330746011212
prefill,conversation,15,61,43,128,0.0068995256576110395
prefill,conversation,15,62,39,110,0.005929279862009487
prefill,conversation,15,63,6,78,0.004204398447606727
prefill,conversation,15,64,38,76,0.004096593359206554
prefill,general,0,1,41,2244,0.04689067201604814
prefill,general,0,2,6,2129,0.04448762955533266
prefill,general,0,3,12,1499,0.03132313607489134
prefill,general,0,4,58,1353,0.02827231695085256
prefill,general,0,5,17,1209,0.025263289869608827
prefill,general,0,6,54,1208,0.0252423938482113
prefill,general,0,7,46,1144,0.023905048478769644
prefill,general,0,8,19,1101,0.02300651955867603
prefill,general,0,9,18,1094,0.022860247408893346
prefill,general,0,10,22,1003,0.02095870946171849
prefill,general,0,11,7,992,0.020728853226345705
prefill,general,0,12,53,991,0.02070795720494818
prefill,general,0,13,13,932,0.01947509194249415
prefill,general,0,14,8,911,0.019036275493146106
prefill,general,0,15,60,896,0.018722835172183216
prefill,general,0,16,26,890,0.01859745904379806
prefill,general,0,17,29,874,0.018263122701437647
prefill,general,0,18,30,857,0.017907890337679706
prefill,general,0,19,61,845,0.017657138080909397
prefill,general,0,20,23,842,0.017594450016716816
prefill,general,0,21,5,840,0.017552657973921765
prefill,general,0,22,44,822,0.0171765295887663
prefill,general,0,23,51,822,0.0171765295887663
prefill,general,0,24,45,812,0.01696756937479104
prefill,general,0,25,38,810,0.01692577733199599
prefill,general,0,26,39,806,0.016842193246405884
prefill,general,0,27,42,781,0.016319792711467735
prefill,general,0,28,40,780,0.01629889669007021
prefill,general,0,29,49,773,0.01615262454028753
prefill,general,0,30,16,733,0.015316783684386492
prefill,general,0,31,24,718,0.015003343363423604
prefill,general,0,32,55,706,0.014752591106653293
prefill,general,0,33,43,688,0.014376462721497826
prefill,general,0,34,59,686,0.014334670678702775
prefill,general,0,35,20,664,0.013874958207957205
prefill,general,0,36,3,632,0.013206285523236376
prefill,general,0,37,37,626,0.013080909394851221
prefill,general,0,38,47,620,0.012955533266466064
prefill,general,0,39,33,613,0.012809261116683384
prefill,general,0,40,14,606,0.012662988966900702
prefill,general,0,41,28,596,0.012454028752925443
prefill,general,0,42,50,593,0.012391340688732865
prefill,general,0,43,25,587,0.01226596456034771
prefill,general,0,44,9,582,0.01216148445336008
prefill,general,0,45,48,559,0.011680875961216985
prefill,general,0,46,32,557,0.011639083918421932
prefill,general,0,47,10,557,0.011639083918421932
prefill,general,0,48,63,547,0.011430123704446673
prefill,general,0,49,57,513,0.010719658976930793
prefill,general,0,50,4,486,0.010155466399197594
prefill,general,0,51,31,472,0.00986292209963223
prefill,general,0,52,56,435,0.00908976930792377
prefill,general,0,53,15,426,0.008901705115346038
prefill,general,0,54,11,425,0.008880809093948512
prefill,general,0,55,62,400,0.008358408559010365
prefill,general,0,56,1,394,0.008233032430625209
prefill,general,0,57,35,392,0.008191240387830158
prefill,general,0,58,27,362,0.00756435974590438
prefill,general,0,59,2,328,0.006853895018388499
prefill,general,0,60,36,314,0.006561350718823136
prefill,general,0,61,0,247,0.0051613172851889
prefill,general,0,62,52,217,0.004534436643263123
prefill,general,0,63,34,173,0.0036150117017719825
prefill,general,0,64,21,142,0.0029672350384486795
prefill,general,1,1,5,2106,0.04400702106318957
prefill,general,1,2,11,1674,0.03497993981945838
prefill,general,1,3,47,1604,0.03351721832163156
prefill,general,1,4,18,1573,0.03286944165830826
prefill,general,1,5,29,1493,0.031197759946506184
prefill,general,1,6,42,1409,0.02944249414911401
prefill,general,1,7,59,1180,0.024657305249080576
prefill,general,1,8,37,1161,0.02426028084252758
prefill,general,1,9,53,1071,0.022379638916750252
prefill,general,1,10,40,1057,0.022087094617184888
prefill,general,1,11,32,1021,0.021334837846873955
prefill,general,1,12,13,1013,0.021167669675693748
prefill,general,1,13,9,1000,0.020896021397525912
prefill,general,1,14,35,956,0.01997659645603477
prefill,general,1,15,45,901,0.018827315279170847
prefill,general,1,16,62,883,0.01845118689401538
prefill,general,1,17,8,878,0.01834670678702775
prefill,general,1,18,27,877,0.018325810765630224
prefill,general,1,19,21,872,0.018221330658642596
prefill,general,1,20,41,868,0.01813774657305249
prefill,general,1,21,14,841,0.01757355399531929
prefill,general,1,22,48,825,0.017239217652958876
prefill,general,1,23,60,808,0.016883985289200935
prefill,general,1,24,39,774,0.016173520561685056
prefill,general,1,25,19,737,0.015400367769976596
prefill,general,1,26,12,729,0.015233199598796389
prefill,general,1,27,17,728,0.015212303577398863
prefill,general,1,28,23,723,0.015107823470411234
prefill,general,1,29,31,688,0.014376462721497826
prefill,general,1,30,7,681,0.014230190571715146
prefill,general,1,31,49,666,0.013916750250752256
prefill,general,1,32,15,663,0.01385406218655968
prefill,general,1,33,63,663,0.01385406218655968
prefill,general,1,34,20,659,0.013770478100969576
prefill,general,1,35,3,629,0.013143597459043798
prefill,general,1,36,61,617,0.012892845202273488
prefill,general,1,37,52,615,0.012851053159478435
prefill,general,1,38,2,613,0.012809261116683384
prefill,general,1,39,54,613,0.012809261116683384
prefill,general,1,40,51,612,0.012788365095285857
prefill,general,1,41,50,587,0.01226596456034771
prefill,general,1,42,1,584,0.012203276496155132
prefill,general,1,43,16,572,0.011952524239384822
prefill,general,1,44,24,557,0.011639083918421932
prefill,general,1,45,58,552,0.011534603811434303
prefill,general,1,46,4,512,0.010698762955533266
prefill,general,1,47,30,500,0.010448010698762956
prefill,general,1,48,44,494,0.0103226345703778
prefill,general,1,49,55,466,0.009737545971247074
prefill,general,1,50,0,465,0.009716649949849549
prefill,general,1,51,34,459,0.009591273821464394
prefill,general,1,52,46,436,0.009110665329321298
prefill,general,1,53,36,420,0.008776328986960883
prefill,general,1,54,22,408,0.008525576730190571
prefill,general,1,55,38,406,0.00848378468739552
prefill,general,1,56,57,391,0.008170344366432632
prefill,general,1,57,56,369,0.007710631895687061
prefill,general,1,58,33,360,0.007522567703109328
prefill,general,1,59,6,358,0.007480775660314276
prefill,general,1,60,10,338,0.007062855232363758
prefill,general,1,61,26,335,0.00700016716817118
prefill,general,1,62,28,319,0.0066658308258107654
prefill,general,1,63,43,248,0.005182213306586426
prefill,general,1,64,25,239,0.004994149114008693
prefill,general,2,1,9,1907,0.03984871280508191
prefill,general,2,2,10,1700,0.03552323637579405
prefill,general,2,3,58,1416,0.02958876629889669
prefill,general,2,4,59,1369,0.028606653293212974
prefill,general,2,5,36,1350,0.02820962888665998
prefill,general,2,6,57,1310,0.027373788030758944
prefill,general,2,7,28,1140,0.023821464393179538
prefill,general,2,8,14,1119,0.023382647943831495
prefill,general,2,9,60,1073,0.022421430959545303
prefill,general,2,10,29,1048,0.021899030424607155
prefill,general,2,11,7,1031,0.021543798060849214
prefill,general,2,12,48,992,0.020728853226345705
prefill,general,2,13,38,983,0.02054078903376797
prefill,general,2,14,34,967,0.020206452691407556
prefill,general,2,15,45,952,0.019893012370444666
prefill,general,2,16,44,951,0.01987211634904714
prefill,general,2,17,4,946,0.019767636242059513
prefill,general,2,18,16,935,0.019537780006686725
prefill,general,2,19,22,915,0.019119859578736208
prefill,general,2,20,46,913,0.019078067535941157
prefill,general,2,21,61,885,0.01849297893681043
prefill,general,2,22,21,868,0.01813774657305249
prefill,general,2,23,26,863,0.018033266466064863
prefill,general,2,24,25,824,0.01721832163156135
prefill,general,2,25,12,823,0.017197425610163825
prefill,general,2,26,47,813,0.016988465396188566
prefill,general,2,27,63,782,0.016340688732865264
prefill,general,2,28,35,765,0.015985456369107323
prefill,general,2,29,1,756,0.01579739217652959
prefill,general,2,30,20,745,0.015567535941156804
prefill,general,2,31,39,725,0.015149615513206285
prefill,general,2,32,19,714,0.0149197592778335
prefill,general,2,33,56,685,0.01431377465730525
prefill,general,2,34,54,675,0.01410481444332999
prefill,general,2,35,27,660,0.013791374122367101
prefill,general,2,36,24,640,0.013373453694416584
prefill,general,2,37,30,639,0.013352557673019056
prefill,general,2,38,18,638,0.013331661651621531
prefill,general,2,39,23,610,0.012746573052490806
prefill,general,2,40,32,565,0.01180625208960214
prefill,general,2,41,50,560,0.01170177198261451
prefill,general,2,42,15,556,0.011618187897024406
prefill,general,2,43,11,544,0.011367435640254095
prefill,general,2,44,49,540,0.011283851554663993
prefill,general,2,45,53,535,0.011179371447676362
prefill,general,2,46,33,513,0.010719658976930793
prefill,general,2,47,40,488,0.010197258441992645
prefill,general,2,48,37,488,0.010197258441992645
prefill,general,2,49,3,483,0.010092778335005015
prefill,general,2,50,0,480,0.010030090270812437
prefill,general,2,51,13,475,0.009925610163824808
prefill,general,2,52,6,458,0.009570377800066867
prefill,general,2,53,43,453,0.009465897693079237
prefill,general,2,54,62,433,0.00904797726512872
prefill,general,2,55,17,423,0.008839017051153461
prefill,general,2,56,52,419,0.008755432965563357
prefill,general,2,57,42,353,0.007376295553326646
prefill,general,2,58,31,347,0.0072509194249414915
prefill,general,2,59,41,346,0.007230023403543965
prefill,general,2,60,2,313,0.0065404546974256106
prefill,general,2,61,55,275,0.005746405884319626
prefill,general,2,62,5,233,0.004868772985623537
prefill,general,2,63,8,225,0.00470160481444333
prefill,general,2,64,51,224,0.004680708793045804
prefill,general,3,1,23,2281,0.047663824807756605
prefill,general,3,2,25,1494,0.03121865596790371
prefill,general,3,3,48,1364,0.028502173186225343
prefill,general,3,4,9,1317,0.027520060180541626
prefill,general,3,5,30,1191,0.02488716148445336
prefill,general,3,6,12,1184,0.02474088933467068
prefill,general,3,7,22,1171,0.024469241056502843
prefill,general,3,8,0,1143,0.023884152457372115
prefill,general,3,9,52,1134,0.02369608826479438
prefill,general,3,10,20,1122,0.02344533600802407
prefill,general,3,11,24,1116,0.02331995987963892
prefill,general,3,12,33,1109,0.023173687729856236
prefill,general,3,13,58,1092,0.022818455366098295
prefill,general,3,14,40,1075,0.022463223002340355
prefill,general,3,15,49,1058,0.022107990638582414
prefill,general,3,16,61,1038,0.021690070210631896
prefill,general,3,17,3,1003,0.02095870946171849
prefill,general,3,18,4,959,0.02003928452022735
prefill,general,3,19,19,935,0.019537780006686725
prefill,general,3,20,59,931,0.019454195921096623
prefill,general,3,21,31,864,0.01805416248746239
prefill,general,3,22,28,850,0.017761618187897024
prefill,general,3,23,10,807,0.01686308926780341
prefill,general,3,24,18,803,0.016779505182213307
prefill,general,3,25,36,801,0.016737713139418256
prefill,general,3,26,47,772,0.016131728518890002
prefill,general,3,27,37,756,0.01579739217652959
prefill,general,3,28,54,732,0.015295887662988967
prefill,general,3,29,55,720,0.015045135406218655
prefill,general,3,30,38,714,0.0149197592778335
prefill,general,3,31,39,710,0.014836175192243397
prefill,general,3,32,41,654,0.013665997993981946
prefill,general,3,33,29,646,0.013498829822801739
prefill,general,3,34,42,646,0.013498829822801739
prefill,general,3,35,46,639,0.013352557673019056
prefill,general,3,36,62,637,0.013310765630224005
prefill,general,3,37,6,634,0.013248077566031427
prefill,general,3,38,57,628,0.013122701437646272
prefill,general,3,39,56,618,0.012913741223671013
prefill,general,3,40,50,603,0.012600300902708124
prefill,general,3,41,2,594,0.01241223671013039
prefill,general,3,42,34,578,0.012077900367769977
prefill,general,3,43,11,547,0.011430123704446673
prefill,general,3,44,63,535,0.011179371447676362
prefill,general,3,45,15,533,0.01113757940488131
prefill,general,3,46,8,513,0.010719658976930793
prefill,general,3,47,44,504,0.01053159478435306
prefill,general,3,48,51,497,0.010385322634570378
prefill,general,3,49,60,477,0.00996740220661986
prefill,general,3,50,27,474,0.009904714142427282
prefill,general,3,51,53,473,0.009883818121029756
prefill,general,3,52,32,472,0.00986292209963223
prefill,general,3,53,45,470,0.009821130056837178
prefill,general,3,54,14,402,0.008400200601805416
prefill,general,3,55,16,388,0.008107656302240054
prefill,general,3,56,7,363,0.007585255767301906
prefill,general,3,57,5,341,0.007125543296556336
prefill,general,3,58,13,313,0.0065404546974256106
prefill,general,3,59,17,305,0.006373286526245403
prefill,general,3,60,1,295,0.006164326312270144
prefill,general,3,61,21,280,0.005850885991307255
prefill,general,3,62,26,236,0.004931461049816115
prefill,general,3,63,43,208,0.0043463724506853894
prefill,general,3,64,35,107,0.0022358742895352726
prefill,general,4,1,26,2392,0.04998328318288198
prefill,general,4,2,47,2074,0.04333834837846874
prefill,general,4,3,37,1443,0.03015295887662989
prefill,general,4,4,62,1436,0.03000668672684721
prefill,general,4,5,35,1301,0.02718572383818121
prefill,general,4,6,34,1290,0.026955867602808426
prefill,general,4,7,45,1196,0.02499164159144099
prefill,general,4,8,49,1188,0.02482447342026078
prefill,general,4,9,58,1186,0.02478268137746573
prefill,general,4,10,23,1156,0.024155800735539953
prefill,general,4,11,10,1069,0.022337846873955198
prefill,general,4,12,51,1046,0.021857238381812104
prefill,general,4,13,50,1000,0.020896021397525912
prefill,general,4,14,12,969,0.020248244734202607
prefill,general,4,15,7,904,0.018890003343363423
prefill,general,4,16,8,897,0.01874373119358074
prefill,general,4,17,28,872,0.018221330658642596
prefill,general,4,18,14,867,0.018116850551654965
prefill,general,4,19,43,843,0.017615346038114342
prefill,general,4,20,59,831,0.017364593781344032
prefill,general,4,21,42,821,0.017155633567368773
prefill,general,4,22,11,809,0.016904881310598464
prefill,general,4,23,36,790,0.01650785690404547
prefill,general,4,24,16,747,0.015609327983951855
prefill,general,4,25,21,720,0.015045135406218655
prefill,general,4,26,27,711,0.014857071213640922
prefill,general,4,27,1,707,0.014773487128050818
prefill,general,4,28,52,705,0.014731695085255767
prefill,general,4,29,24,696,0.014543630892678034
prefill,general,4,30,41,691,0.014439150785690405
prefill,general,4,31,3,688,0.014376462721497826
prefill,general,4,32,53,682,0.014251086593112671
prefill,general,4,33,6,680,0.01420929455031762
prefill,general,4,34,32,664,0.013874958207957205
prefill,general,4,35,25,663,0.01385406218655968
prefill,general,4,36,60,651,0.013603309929789368
prefill,general,4,37,29,648,0.01354062186559679
prefill,general,4,38,13,629,0.013143597459043798
prefill,general,4,39,4,621,0.01297642928786359
prefill,general,4,40,40,592,0.01237044466733534
prefill,general,4,41,18,572,0.011952524239384822
prefill,general,4,42,63,571,0.011931628217987295
prefill,general,4,43,56,560,0.01170177198261451
prefill,general,4,44,61,550,0.011492811768639252
prefill,general,4,45,39,538,0.01124205951186894
prefill,general,4,46,38,537,0.011221163490471414
prefill,general,4,47,33,530,0.011074891340688732
prefill,general,4,48,22,518,0.010824139083918423
prefill,general,4,49,9,507,0.010594282848545637
prefill,general,4,50,54,480,0.010030090270812437
prefill,general,4,51,20,471,0.009842026078234704
prefill,general,4,52,57,466,0.009737545971247074
prefill,general,4,53,48,450,0.00940320962888666
prefill,general,4,54,5,441,0.009215145436308927
prefill,general,4,55,19,396,0.008274824473420261
prefill,general,4,56,15,388,0.008107656302240054
prefill,general,4,57,30,371,0.007752423938482113
prefill,general,4,58,2,302,0.006310598462052825
prefill,general,4,59,46,300,0.0062688064192577735
prefill,general,4,60,44,266,0.0055583416917418926
prefill,general,4,61,17,247,0.0051613172851889
prefill,general,4,62,0,223,0.004659812771648278
prefill,general,4,63,31,168,0.003510531594784353
prefill,general,4,64,55,129,0.0026955867602808424
prefill,general,5,1,63,1808,0.03778000668672685
prefill,general,5,2,60,1632,0.034102306920762285
prefill,general,5,3,23,1559,0.0325768973587429
prefill,general,5,4,40,1533,0.03203360080240722
prefill,general,5,5,20,1458,0.030466399197592777
prefill,general,5,6,44,1390,0.029045469742561017
prefill,general,5,7,37,1371,0.028648445336008025
prefill,general,5,8,28,1314,0.027457372116349046
prefill,general,5,9,6,1152,0.024072216649949848
prefill,general,5,10,57,1149,0.02400952858575727
prefill,general,5,11,43,1136,0.023737880307589436
prefill,general,5,12,17,1112,0.023236375794048813
prefill,general,5,13,10,1112,0.023236375794048813
prefill,general,5,14,50,1078,0.02252591106653293
prefill,general,5,15,54,1062,0.02219157472417252
prefill,general,5,16,52,974,0.020352724841190238
prefill,general,5,17,21,914,0.019098963557338682
prefill,general,5,18,13,907,0.018952691407556
prefill,general,5,19,45,906,0.018931795386158475
prefill,general,5,20,26,869,0.018158642594450016
prefill,general,5,21,16,867,0.018116850551654965
prefill,general,5,22,55,863,0.018033266466064863
prefill,general,5,23,30,856,0.01788699431628218
prefill,general,5,24,8,848,0.017719826145101973
prefill,general,5,25,18,810,0.01692577733199599
prefill,general,5,26,49,791,0.016528752925442997
prefill,general,5,27,14,790,0.01650785690404547
prefill,general,5,28,22,776,0.016215312604480107
prefill,general,5,29,35,772,0.016131728518890002
prefill,general,5,30,62,768,0.0160481444332999
prefill,general,5,31,39,719,0.01502423938482113
prefill,general,5,32,58,711,0.014857071213640922
prefill,general,5,33,27,697,0.01456452691407556
prefill,general,5,34,34,660,0.013791374122367101
prefill,general,5,35,19,642,0.013415245737211635
prefill,general,5,36,41,633,0.013227181544633902
prefill,general,5,37,11,602,0.012579404881310598
prefill,general,5,38,46,586,0.012245068538950184
prefill,general,5,39,51,585,0.012224172517552657
prefill,general,5,40,53,585,0.012224172517552657
prefill,general,5,41,15,584,0.012203276496155132
prefill,general,5,42,32,581,0.012140588431962555
prefill,general,5,43,9,506,0.010573386827148111
prefill,general,5,44,59,498,0.010406218655967903
prefill,general,5,45,31,483,0.010092778335005015
prefill,general,5,46,56,483,0.010092778335005015
prefill,general,5,47,4,463,0.009674857907054496
prefill,general,5,48,1,452,0.009445001671681712
prefill,general,5,49,33,451,0.009424105650284186
prefill,general,5,50,5,448,0.009361417586091608
prefill,general,5,51,47,446,0.009319625543296557
prefill,general,5,52,3,410,0.008567368772985624
prefill,general,5,53,2,383,0.008003176195252424
prefill,general,5,54,38,374,0.007815112002674691
prefill,general,5,55,7,371,0.007752423938482113
prefill,general,5,56,0,365,0.007627047810096958
prefill,general,5,57,48,333,0.006958375125376128
prefill,general,5,58,12,288,0.006018054162487462
prefill,general,5,59,25,250,0.005224005349381478
prefill,general,5,60,61,184,0.0038448679371447677
prefill,general,5,61,36,165,0.0034478435305917753
prefill,general,5,62,24,134,0.0028000668672684722
prefill,general,5,63,42,116,0.002423938482113006
prefill,general,5,64,29,91,0.0019015379471748579
prefill,general,6,1,18,2663,0.0556461049816115
prefill,general,6,2,45,1564,0.03268137746573053
prefill,general,6,3,15,1498,0.031302240053493816
prefill,general,6,4,0,1457,0.03044550317619525
prefill,general,6,5,28,1427,0.029818622534269475
prefill,general,6,6,2,1321,0.027603644266131728
prefill,general,6,7,21,1300,0.027164827816783685
prefill,general,6,8,35,1257,0.02626629889669007
prefill,general,6,9,39,1214,0.025367769976596455
prefill,general,6,10,40,1149,0.02400952858575727
prefill,general,6,11,54,1076,0.02248411902373788
prefill,general,6,12,9,1053,0.022003510531594786
prefill,general,6,13,47,1053,0.022003510531594786
prefill,general,6,14,62,1035,0.02162738214643932
prefill,general,6,15,61,994,0.020770645269140756
prefill,general,6,16,55,986,0.020603477097960548
prefill,general,6,17,36,976,0.02039451688398529
prefill,general,6,18,26,939,0.01962136409227683
prefill,general,6,19,59,926,0.019349715814108992
prefill,general,6,20,16,898,0.018764627214978267
prefill,general,6,21,20,886,0.018513874958207957
prefill,general,6,22,6,884,0.018472082915412906
prefill,general,6,23,27,869,0.018158642594450016
prefill,general,6,24,44,868,0.01813774657305249
prefill,general,6,25,48,832,0.017385489802741558
prefill,general,6,26,12,830,0.017343697759946507
prefill,general,6,27,30,824,0.01721832163156135
prefill,general,6,28,53,783,0.01636158475426279
prefill,general,6,29,19,769,0.016069040454697425
prefill,general,6,30,22,763,0.01594366432631227
prefill,general,6,31,13,739,0.015442159812771649
prefill,general,6,32,1,710,0.014836175192243397
prefill,general,6,33,8,705,0.014731695085255767
prefill,general,6,34,24,696,0.014543630892678034
prefill,general,6,35,4,693,0.014480942828485456
prefill,general,6,36,63,692,0.01446004680708793
prefill,general,6,37,3,687,0.0143555667001003
prefill,general,6,38,25,647,0.013519725844199264
prefill,general,6,39,49,640,0.013373453694416584
prefill,general,6,40,38,590,0.012328652624540288
prefill,general,6,41,32,583,0.012182380474757606
prefill,general,6,42,11,547,0.011430123704446673
prefill,general,6,43,50,523,0.010928619190906052
prefill,general,6,44,58,496,0.010364426613172852
prefill,general,6,45,17,483,0.010092778335005015
prefill,general,6,46,57,480,0.010030090270812437
prefill,general,6,47,23,448,0.009361417586091608
prefill,general,6,48,29,439,0.009173353393513875
prefill,general,6,49,37,438,0.00915245737211635
prefill,general,6,50,56,429,0.008964393179538616
prefill,general,6,51,41,422,0.008818121029755934
prefill,general,6,52,7,412,0.008609160815780675
prefill,general,6,53,46,407,0.008504680708793046
prefill,general,6,54,10,390,0.008149448345035105
prefill,general,6,55,5,242,0.00505683717820127
prefill,general,6,56,31,219,0.004576228686058175
prefill,general,6,57,43,208,0.0043463724506853894
prefill,general,6,58,14,207,0.004325476429287864
prefill,general,6,59,60,182,0.0038030758943497158
prefill,general,6,60,51,177,0.0036985957873620864
prefill,general,6,61,52,137,0.0028627549314610497
prefill,general,6,62,33,38,0.0007940488131059847
prefill,general,6,63,34,34,0.0007104647275158809
prefill,general,6,64,42,22,0.00045971247074557005
prefill,general,7,1,44,1725,0.0360456369107322
prefill,general,7,2,1,1724,0.03602474088933467
prefill,general,7,3,43,1479,0.030905215646940824
prefill,general,7,4,46,1470,0.03071715145436309
prefill,general,7,5,37,1362,0.028460381143430292
prefill,general,7,6,38,1323,0.02764543630892678
prefill,general,7,7,21,1314,0.027457372116349046
prefill,general,7,8,31,1302,0.027206619859578736
prefill,general,7,9,47,1248,0.026078234704112337
prefill,general,7,10,5,1232,0.02574389836175192
prefill,general,7,11,63,1221,0.025514042126379137
prefill,general,7,12,18,1193,0.024928953527248412
prefill,general,7,13,55,1082,0.022609495152123037
prefill,general,7,14,40,1069,0.022337846873955198
prefill,general,7,15,48,1016,0.021230357739886324
prefill,general,7,16,23,974,0.020352724841190238
prefill,general,7,17,26,969,0.020248244734202607
prefill,general,7,18,11,936,0.019558676028084254
prefill,general,7,19,61,924,0.01930792377131394
prefill,general,7,20,19,896,0.018722835172183216
prefill,general,7,21,58,887,0.018534770979605483
prefill,general,7,22,62,876,0.0183049147442327
prefill,general,7,23,52,872,0.018221330658642596
prefill,general,7,24,56,864,0.01805416248746239
prefill,general,7,25,29,840,0.017552657973921765
prefill,general,7,26,35,839,0.01753176195252424
prefill,general,7,27,41,801,0.016737713139418256
prefill,general,7,28,22,785,0.01640337679705784
prefill,general,7,29,4,764,0.015964560347709798
prefill,general,7,30,42,754,0.015755600133734535
prefill,general,7,31,14,748,0.015630224005349382
prefill,general,7,32,3,747,0.015609327983951855
prefill,general,7,33,33,735,0.015358575727181545
prefill,general,7,34,49,730,0.015254095620193916
prefill,general,7,35,24,723,0.015107823470411234
prefill,general,7,36,39,670,0.01400033433634236
prefill,general,7,37,32,662,0.013833166165162154
prefill,general,7,38,45,633,0.013227181544633902
prefill,general,7,39,34,629,0.013143597459043798
prefill,general,7,40,59,581,0.012140588431962555
prefill,general,7,41,16,578,0.012077900367769977
prefill,general,7,42,27,572,0.011952524239384822
prefill,general,7,43,13,570,0.011910732196589769
prefill,general,7,44,12,537,0.011221163490471414
prefill,general,7,45,36,514,0.010740554998328319
prefill,general,7,46,20,508,0.010615178869943162
prefill,general,7,47,57,483,0.010092778335005015
prefill,general,7,48,10,428,0.00894349715814109
prefill,general,7,49,30,405,0.008462888665997995
prefill,general,7,50,54,390,0.008149448345035105
prefill,general,7,51,2,361,0.007543463724506854
prefill,general,7,52,0,319,0.0066658308258107654
prefill,general,7,53,7,311,0.006498662654630559
prefill,general,7,54,53,303,0.006331494483450351
prefill,general,7,55,50,296,0.00618522233366767
prefill,general,7,56,9,285,0.0059553660982948845
prefill,general,7,57,6,277,0.005788197927114678
prefill,general,7,58,60,238,0.0049732530926111665
prefill,general,7,59,51,199,0.004158308258107656
prefill,general,7,60,15,187,0.0039075560013373456
prefill,general,7,61,8,173,0.0036150117017719825
prefill,general,7,62,25,157,0.003280675359411568
prefill,general,7,63,28,144,0.003009027081243731
prefill,general,7,64,17,22,0.00045971247074557005
prefill,general,8,1,18,1715,0.035836676696756935
prefill,general,8,2,15,1642,0.03431126713473755
prefill,general,8,3,5,1416,0.02958876629889669
prefill,general,8,4,33,1360,0.02841858910063524
prefill,general,8,5,12,1354,0.028293212972250084
prefill,general,8,6,58,1306,0.02729020394516884
prefill,general,8,7,56,1253,0.026182714811099968
prefill,general,8,8,55,1212,0.025325977933801404
prefill,general,8,9,26,1209,0.025263289869608827
prefill,general,8,10,20,1169,0.02442744901370779
prefill,general,8,11,45,1156,0.024155800735539953
prefill,general,8,12,52,1099,0.022964727515880978
prefill,general,8,13,6,1096,0.022902039451688398
prefill,general,8,14,34,1090,0.022776663323303244
prefill,general,8,15,63,1080,0.022567703109327986
prefill,general,8,16,37,1075,0.022463223002340355
prefill,general,8,17,51,1070,0.022358742895352723
prefill,general,8,18,17,1060,0.022149782681377465
prefill,general,8,19,10,975,0.020373620862587764
prefill,general,8,20,57,963,0.020122868605817454
prefill,general,8,21,35,886,0.018513874958207957
prefill,general,8,22,28,882,0.018430290872617855
prefill,general,8,23,32,872,0.018221330658642596
prefill,general,8,24,44,869,0.018158642594450016
prefill,general,8,25,1,827,0.01728100969575393
prefill,general,8,26,24,820,0.017134737545971248
prefill,general,8,27,61,815,0.017030257438983617
prefill,general,8,28,11,812,0.01696756937479104
prefill,general,8,29,53,763,0.01594366432631227
prefill,general,8,30,19,748,0.015630224005349382
prefill,general,8,31,50,732,0.015295887662988967
prefill,general,8,32,23,727,0.015191407556001338
prefill,general,8,33,30,724,0.01512871949180876
prefill,general,8,34,0,708,0.014794383149448346
prefill,general,8,35,29,650,0.013582413908391842
prefill,general,8,36,48,634,0.013248077566031427
prefill,general,8,37,16,624,0.013039117352056168
prefill,general,8,38,42,592,0.01237044466733534
prefill,general,8,39,40,580,0.012119692410565028
prefill,general,8,40,21,577,0.012057004346372451
prefill,general,8,41,2,560,0.01170177198261451
prefill,general,8,42,9,503,0.010510698762955533
prefill,general,8,43,36,486,0.010155466399197594
prefill,general,8,44,49,485,0.010134570377800066
prefill,general,8,45,59,465,0.009716649949849549
prefill,general,8,46,62,440,0.0091942494149114
prefill,general,8,47,38,437,0.009131561350718824
prefill,general,8,48,41,428,0.00894349715814109
prefill,general,8,49,25,421,0.008797225008358408
prefill,general,8,50,60,408,0.008525576730190571
prefill,general,8,51,27,405,0.008462888665997995
prefill,general,8,52,22,400,0.008358408559010365
prefill,general,8,53,47,381,0.007961384152457372
prefill,general,8,54,31,375,0.007836008024072217
prefill,general,8,55,54,365,0.007627047810096958
prefill,general,8,56,13,345,0.0072091273821464396
prefill,general,8,57,46,260,0.005432965563356737
prefill,general,8,58,3,255,0.005328485456369107
prefill,general,8,59,39,252,0.00526579739217653
prefill,general,8,60,7,248,0.005182213306586426
prefill,general,8,61,8,242,0.00505683717820127
prefill,general,8,62,14,234,0.0048896690070210636
prefill,general,8,63,43,174,0.0036359077231695085
prefill,general,8,64,4,145,0.003029923102641257
prefill,general,9,1,17,1564,0.03268137746573053
prefill,general,9,2,50,1560,0.03259779338014042
prefill,general,9,3,18,1417,0.029609662320294217
prefill,general,9,4,48,1289,0.0269349715814109
prefill,general,9,5,63,1275,0.026642427281845536
prefill,general,9,6,37,1232,0.02574389836175192
prefill,general,9,7,6,1201,0.02509612169842862
prefill,general,9,8,41,1116,0.02331995987963892
prefill,general,9,9,36,1108,0.02315279170845871
prefill,general,9,10,32,1087,0.022713975259110664
prefill,general,9,11,26,1060,0.022149782681377465
prefill,general,9,12,13,1016,0.021230357739886324
prefill,general,9,13,0,994,0.020770645269140756
prefill,general,9,14,58,991,0.02070795720494818
prefill,general,9,15,55,982,0.020519893012370446
prefill,general,9,16,40,974,0.020352724841190238
prefill,general,9,17,31,957,0.019997492477432297
prefill,general,9,18,43,941,0.019663156135071882
prefill,general,9,19,7,924,0.01930792377131394
prefill,general,9,20,21,902,0.018848211300568372
prefill,general,9,21,38,892,0.018639251086593114
prefill,general,9,22,42,888,0.018555667001003008
prefill,general,9,23,9,882,0.018430290872617855
prefill,general,9,24,60,872,0.018221330658642596
prefill,general,9,25,16,843,0.017615346038114342
prefill,general,9,26,10,840,0.017552657973921765
prefill,general,9,27,53,839,0.01753176195252424
prefill,general,9,28,24,835,0.017448177866934134
prefill,general,9,29,29,804,0.016800401203610833
prefill,general,9,30,59,777,0.016236208625877633
prefill,general,9,31,12,745,0.015567535941156804
prefill,general,9,32,30,704,0.014710799063858242
prefill,general,9,33,2,679,0.014188398528920093
prefill,general,9,34,11,679,0.014188398528920093
prefill,general,9,35,8,664,0.013874958207957205
prefill,general,9,36,20,650,0.013582413908391842
prefill,general,9,37,54,638,0.013331661651621531
prefill,general,9,38,14,637,0.013310765630224005
prefill,general,9,39,1,635,0.013268973587428954
prefill,general,9,40,27,628,0.013122701437646272
prefill,general,9,41,23,615,0.012851053159478435
prefill,general,9,42,33,601,0.012558508859913073
prefill,general,9,43,47,578,0.012077900367769977
prefill,general,9,44,34,573,0.011973420260782347
prefill,general,9,45,44,571,0.011931628217987295
prefill,general,9,46,52,568,0.011868940153794718
prefill,general,9,47,39,545,0.011388331661651622
prefill,general,9,48,28,531,0.01109578736208626
prefill,general,9,49,62,525,0.010970411233701103
prefill,general,9,50,61,505,0.010552490805750585
prefill,general,9,51,51,499,0.010427114677365429
prefill,general,9,52,35,461,0.009633065864259445
prefill,general,9,53,22,439,0.009173353393513875
prefill,general,9,54,15,408,0.008525576730190571
prefill,general,9,55,56,381,0.007961384152457372
prefill,general,9,56,57,369,0.007710631895687061
prefill,general,9,57,5,361,0.007543463724506854
prefill,general,9,58,49,353,0.007376295553326646
prefill,general,9,59,45,311,0.006498662654630559
prefill,general,9,60,25,279,0.00582998996990973
prefill,general,9,61,3,259,0.005412069541959211
prefill,general,9,62,4,238,0.0049732530926111665
prefill,general,9,63,19,116,0.002423938482113006
prefill,general,9,64,46,49,0.0010239050484787697
prefill,general,10,1,40,2153,0.04498913406887329
prefill,general,10,2,54,1600,0.03343363423604146
prefill,general,10,3,31,1435,0.029985790705449683
prefill,general,10,4,62,1349,0.028188732865262453
prefill,general,10,5,24,1337,0.027937980608492143
prefill,general,10,6,17,1300,0.027164827816783685
prefill,general,10,7,37,1216,0.02540956201939151
prefill,general,10,8,47,1110,0.023194583751253762
prefill,general,10,9,8,1096,0.022902039451688398
prefill,general,10,10,41,1014,0.021188565697091273
prefill,general,10,11,0,1006,0.021021397525911065
prefill,general,10,12,53,999,0.020875125376128387
prefill,general,10,13,5,994,0.020770645269140756
prefill,general,10,14,36,986,0.020603477097960548
prefill,general,10,15,44,961,0.0200810765630224
prefill,general,10,16,1,939,0.01962136409227683
prefill,general,10,17,9,913,0.019078067535941157
prefill,general,10,18,23,891,0.018618355065195588
prefill,general,10,19,32,886,0.018513874958207957
prefill,general,10,20,13,854,0.01784520227348713
prefill,general,10,21,4,839,0.01753176195252424
prefill,general,10,22,49,836,0.017469073888331663
prefill,general,10,23,14,828,0.017301905717151456
prefill,general,10,24,43,803,0.016779505182213307
prefill,general,10,25,30,788,0.016466064861250417
prefill,general,10,26,39,780,0.01629889669007021
prefill,general,10,27,52,772,0.016131728518890002
prefill,general,10,28,59,752,0.015713808090939484
prefill,general,10,29,57,750,0.015672016048144433
prefill,general,10,30,38,710,0.014836175192243397
prefill,general,10,31,34,670,0.01400033433634236
prefill,general,10,32,11,668,0.013958542293547309
prefill,general,10,33,22,666,0.013916750250752256
prefill,general,10,34,3,656,0.013707790036776997
prefill,general,10,35,29,638,0.013331661651621531
prefill,general,10,36,45,637,0.013310765630224005
prefill,general,10,37,48,636,0.01328986960882648
prefill,general,10,38,6,622,0.012997325309261117
prefill,general,10,39,46,615,0.012851053159478435
prefill,general,10,40,2,614,0.01283015713808091
prefill,general,10,41,60,608,0.012704781009695755
prefill,general,10,42,10,595,0.012433132731527918
prefill,general,10,43,7,584,0.012203276496155132
prefill,general,10,44,55,571,0.011931628217987295
prefill,general,10,45,12,568,0.011868940153794718
prefill,general,10,46,61,540,0.011283851554663993
prefill,general,10,47,18,533,0.01113757940488131
prefill,general,10,48,28,525,0.010970411233701103
prefill,general,10,49,42,478,0.009988298228017386
prefill,general,10,50,50,475,0.009925610163824808
prefill,general,10,51,51,473,0.009883818121029756
prefill,general,10,52,27,473,0.009883818121029756
prefill,general,10,53,15,457,0.009549481778669341
prefill,general,10,54,63,442,0.009236041457706453
prefill,general,10,55,33,427,0.008922601136743565
prefill,general,10,56,58,420,0.008776328986960883
prefill,general,10,57,26,381,0.007961384152457372
prefill,general,10,58,16,377,0.007877800066867268
prefill,general,10,59,21,366,0.0076479438314944834
prefill,general,10,60,20,336,0.007021063189568706
prefill,general,10,61,19,300,0.0062688064192577735
prefill,general,10,62,25,299,0.006247910397860247
prefill,general,10,63,56,171,0.0035732196589769306
prefill,general,10,64,35,138,0.0028836509528585757
prefill,general,11,1,55,2118,0.04425777331995988
prefill,general,11,2,6,1821,0.03805165496489468
prefill,general,11,3,43,1773,0.03704864593781344
prefill,general,11,4,57,1499,0.03132313607489134
prefill,general,11,5,58,1285,0.026851387495820795
prefill,general,11,6,17,1229,0.025681210297559345
prefill,general,11,7,44,1155,0.024134904714142428
prefill,general,11,8,34,1133,0.023675192243396856
prefill,general,11,9,45,1105,0.02309010364426613
prefill,general,11,10,15,1105,0.02309010364426613
prefill,general,11,11,61,1042,0.021773654296221998
prefill,general,11,12,0,1021,0.021334837846873955
prefill,general,11,13,32,1000,0.020896021397525912
prefill,general,11,14,8,937,0.01957957204948178
prefill,general,11,15,31,928,0.019391507856904047
prefill,general,11,16,49,912,0.01905717151454363
prefill,general,11,17,1,911,0.019036275493146106
prefill,general,11,18,11,902,0.018848211300568372
prefill,general,11,19,40,841,0.01757355399531929
prefill,general,11,20,54,838,0.017510865931126714
prefill,general,11,21,14,817,0.017072049481778668
prefill,general,11,22,22,785,0.01640337679705784
prefill,general,11,23,56,771,0.016110832497492476
prefill,general,11,24,46,770,0.01608993647609495
prefill,general,11,25,18,755,0.015776496155132064
prefill,general,11,26,7,753,0.01573470411233701
prefill,general,11,27,59,753,0.01573470411233701
prefill,general,11,28,20,751,0.01569291206954196
prefill,general,11,29,30,745,0.015567535941156804
prefill,general,11,30,9,740,0.015463055834169175
prefill,general,11,31,41,727,0.015191407556001338
prefill,general,11,32,42,715,0.014940655299231026
prefill,general,11,33,2,702,0.014669007021063189
prefill,general,11,34,37,684,0.014292878635907722
prefill,general,11,35,52,683,0.014271982614510197
prefill,general,11,36,12,668,0.013958542293547309
prefill,general,11,37,33,662,0.013833166165162154
prefill,general,11,38,51,654,0.013665997993981946
prefill,general,11,39,62,625,0.013060013373453694
prefill,general,11,40,47,611,0.012767469073888331
prefill,general,11,41,26,608,0.012704781009695755
prefill,general,11,42,24,603,0.012600300902708124
prefill,general,11,43,21,592,0.01237044466733534
prefill,general,11,44,36,575,0.012015212303577398
prefill,general,11,45,29,570,0.011910732196589769
prefill,general,11,46,19,558,0.01165997993981946
prefill,general,11,47,3,554,0.011576395854229355
prefill,general,11,48,25,551,0.011513707790036777
prefill,general,11,49,23,503,0.010510698762955533
prefill,general,11,50,53,496,0.010364426613172852
prefill,general,11,51,38,469,0.009800234035439653
prefill,general,11,52,39,467,0.0097584419926446
prefill,general,11,53,60,443,0.009256937479103979
prefill,general,11,54,35,422,0.008818121029755934
prefill,general,11,55,10,388,0.008107656302240054
prefill,general,11,56,50,373,0.007794215981277165
prefill,general,11,57,4,343,0.007167335339351388
prefill,general,11,58,16,335,0.00700016716817118
prefill,general,11,59,5,332,0.0069374791039786025
prefill,general,11,60,28,217,0.004534436643263123
prefill,general,11,61,27,190,0.003970244065529923
prefill,general,11,62,63,167,0.003489635573386827
prefill,general,11,63,48,120,0.0025075225677031092
prefill,general,11,64,13,54,0.0011283851554663993
prefill,general,12,1,19,2731,0.057067034436643266
prefill,general,12,2,40,2328,0.04864593781344032
prefill,general,12,3,2,1356,0.028335005015045135
prefill,general,12,4,52,1243,0.02597375459712471
prefill,general,12,5,25,1213,0.02534687395519893
prefill,general,12,6,5,1116,0.02331995987963892
prefill,general,12,7,50,1099,0.022964727515880978
prefill,general,12,8,30,1093,0.02283935138749582
prefill,general,12,9,32,1084,0.022651287194918088
prefill,general,12,10,3,1083,0.022630391173520562
prefill,general,12,11,21,1065,0.022254262788365096
prefill,general,12,12,46,1046,0.021857238381812104
prefill,general,12,13,14,1005,0.02100050150451354
prefill,general,12,14,45,1003,0.02095870946171849
prefill,general,12,15,7,927,0.01937061183550652
prefill,general,12,16,22,909,0.018994483450351055
prefill,general,12,17,48,903,0.018869107321965898
prefill,general,12,18,53,895,0.01870193915078569
prefill,general,12,19,29,888,0.018555667001003008
prefill,general,12,20,26,879,0.018367602808425275
prefill,general,12,21,0,872,0.018221330658642596
prefill,general,12,22,55,835,0.017448177866934134
prefill,general,12,23,9,824,0.01721832163156135
prefill,general,12,24,23,785,0.01640337679705784
prefill,general,12,25,56,781,0.016319792711467735
prefill,general,12,26,51,766,0.01600635239050485
prefill,general,12,27,47,753,0.01573470411233701
prefill,general,12,28,58,735,0.015358575727181545
prefill,general,12,29,37,725,0.015149615513206285
prefill,general,12,30,27,717,0.014982447342026079
prefill,general,12,31,11,706,0.014752591106653293
prefill,general,12,32,15,703,0.014689903042460716
prefill,general,12,33,34,703,0.014689903042460716
prefill,general,12,34,6,676,0.014125710464727517
prefill,general,12,35,54,668,0.013958542293547309
prefill,general,12,36,16,643,0.01343614175860916
prefill,general,12,37,17,638,0.013331661651621531
prefill,general,12,38,59,618,0.012913741223671013
prefill,general,12,39,41,612,0.012788365095285857
prefill,general,12,40,42,599,0.012516716817118021
prefill,general,12,41,1,577,0.012057004346372451
prefill,general,12,42,49,549,0.011471915747241726
prefill,general,12,43,4,545,0.011388331661651622
prefill,general,12,44,10,535,0.011179371447676362
prefill,general,12,45,44,531,0.01109578736208626
prefill,general,12,46,62,520,0.010865931126713474
prefill,general,12,47,36,498,0.010406218655967903
prefill,general,12,48,57,497,0.010385322634570378
prefill,general,12,49,61,495,0.010343530591775327
prefill,general,12,50,24,495,0.010343530591775327
prefill,general,12,51,63,453,0.009465897693079237
prefill,general,12,52,13,436,0.009110665329321298
prefill,general,12,53,28,434,0.009068873286526245
prefill,general,12,54,12,422,0.008818121029755934
prefill,general,12,55,35,412,0.008609160815780675
prefill,general,12,56,20,359,0.007501671681711802
prefill,general,12,57,33,356,0.007438983617519225
prefill,general,12,58,38,325,0.006791206954195921
prefill,general,12,59,43,274,0.005725509862922099
prefill,general,12,60,39,269,0.00562102975593447
prefill,general,12,61,60,269,0.00562102975593447
prefill,general,12,62,8,181,0.00378217987295219
prefill,general,12,63,31,122,0.002549314610498161
prefill,general,12,64,18,77,0.001608993647609495
prefill,general,13,1,43,1906,0.03982781678368438
prefill,general,13,2,52,1780,0.03719491808759612
prefill,general,13,3,63,1761,0.03679789368104313
prefill,general,13,4,56,1537,0.03211718488799733
prefill,general,13,5,36,1429,0.029860414577064526
prefill,general,13,6,46,1339,0.027979772651287194
prefill,general,13,7,41,1285,0.026851387495820795
prefill,general,13,8,55,1199,0.02505432965563357
prefill,general,13,9,29,1183,0.024719993313273153
prefill,general,13,10,8,1163,0.024302072885322636
prefill,general,13,11,54,1111,0.023215479772651287
prefill,general,13,12,22,1052,0.021982614510197257
prefill,general,13,13,48,1029,0.021502006018054163
prefill,general,13,14,35,1023,0.021376629889669006
prefill,general,13,15,1,1019,0.021293045804078904
prefill,general,13,16,27,957,0.019997492477432297
prefill,general,13,17,23,941,0.019663156135071882
prefill,general,13,18,13,933,0.019495987963891674
prefill,general,13,19,32,933,0.019495987963891674
prefill,general,13,20,14,841,0.01757355399531929
prefill,general,13,21,7,811,0.016946673353393515
prefill,general,13,22,19,811,0.016946673353393515
prefill,general,13,23,34,804,0.016800401203610833
prefill,general,13,24,33,783,0.01636158475426279
prefill,general,13,25,5,775,0.016194416583082582
prefill,general,13,26,3,759,0.015860080240722167
prefill,general,13,27,42,728,0.015212303577398863
prefill,general,13,28,47,719,0.01502423938482113
prefill,general,13,29,37,716,0.014961551320628552
prefill,general,13,30,31,713,0.014898863256435975
prefill,general,13,31,58,709,0.014815279170845871
prefill,general,13,32,30,708,0.014794383149448346
prefill,general,13,33,26,687,0.0143555667001003
prefill,general,13,34,10,661,0.013812270143764627
prefill,general,13,35,39,656,0.013707790036776997
prefill,general,13,36,45,646,0.013498829822801739
prefill,general,13,37,24,628,0.013122701437646272
prefill,general,13,38,59,615,0.012851053159478435
prefill,general,13,39,2,605,0.012642092945503176
prefill,general,13,40,9,592,0.01237044466733534
prefill,general,13,41,18,588,0.012286860581745235
prefill,general,13,42,28,581,0.012140588431962555
prefill,general,13,43,57,570,0.011910732196589769
prefill,general,13,44,44,534,0.011158475426278836
prefill,general,13,45,0,510,0.010656970912738215
prefill,general,13,46,40,480,0.010030090270812437
prefill,general,13,47,12,456,0.009528585757271816
prefill,general,13,48,21,452,0.009445001671681712
prefill,general,13,49,4,449,0.009382313607489133
prefill,general,13,50,50,440,0.0091942494149114
prefill,general,13,51,51,413,0.0086300568371782
prefill,general,13,52,16,413,0.0086300568371782
prefill,general,13,53,38,402,0.008400200601805416
prefill,general,13,54,62,396,0.008274824473420261
prefill,general,13,55,61,356,0.007438983617519225
prefill,general,13,56,25,334,0.006979271146773654
prefill,general,13,57,15,330,0.006895687061183551
prefill,general,13,58,53,304,0.006352390504847877
prefill,general,13,59,6,298,0.006227014376462722
prefill,general,13,60,17,289,0.006038950183884988
prefill,general,13,61,49,267,0.005579237713139418
prefill,general,13,62,60,229,0.004785188900033433
prefill,general,13,63,11,115,0.00240304246071548
prefill,general,13,64,20,103,0.0021522902039451688
prefill,general,14,1,3,2150,0.04492644600468071
prefill,general,14,2,37,2023,0.042272651287194915
prefill,general,14,3,49,1821,0.03805165496489468
prefill,general,14,4,2,1775,0.037090437980608494
prefill,general,14,5,59,1410,0.029463390170511534
prefill,general,14,6,5,1354,0.028293212972250084
prefill,general,14,7,43,1229,0.025681210297559345
prefill,general,14,8,7,1158,0.024197592778335004
prefill,general,14,9,44,1158,0.024197592778335004
prefill,general,14,10,21,1136,0.023737880307589436
prefill,general,14,11,38,1024,0.021397525911066532
prefill,general,14,12,40,1022,0.02135573386827148
prefill,general,14,13,15,1020,0.02131394182547643
prefill,general,14,14,14,1017,0.021251253761283853
prefill,general,14,15,63,982,0.020519893012370446
prefill,general,14,16,62,944,0.01972584419926446
prefill,general,14,17,20,917,0.01916165162153126
prefill,general,14,18,53,903,0.018869107321965898
prefill,general,14,19,57,894,0.018681043129388165
prefill,general,14,20,46,892,0.018639251086593114
prefill,general,14,21,48,882,0.018430290872617855
prefill,general,14,22,12,880,0.0183884988298228
prefill,general,14,23,11,838,0.017510865931126714
prefill,general,14,24,9,823,0.017197425610163825
prefill,general,14,25,39,815,0.017030257438983617
prefill,general,14,26,52,814,0.01700936141758609
prefill,general,14,27,45,798,0.016675025075225676
prefill,general,14,28,1,785,0.01640337679705784
prefill,general,14,29,16,782,0.016340688732865264
prefill,general,14,30,18,779,0.016278000668672684
prefill,general,14,31,31,777,0.016236208625877633
prefill,general,14,32,42,742,0.015504847876964226
prefill,general,14,33,50,708,0.014794383149448346
prefill,general,14,34,0,690,0.014418254764292879
prefill,general,14,35,55,682,0.014251086593112671
prefill,general,14,36,24,660,0.013791374122367101
prefill,general,14,37,58,648,0.01354062186559679
prefill,general,14,38,60,645,0.013477933801404213
prefill,general,14,39,35,620,0.012955533266466064
prefill,general,14,40,27,605,0.012642092945503176
prefill,general,14,41,41,558,0.01165997993981946
prefill,general,14,42,10,531,0.01109578736208626
prefill,general,14,43,22,513,0.010719658976930793
prefill,general,14,44,47,509,0.01063607489134069
prefill,general,14,45,19,507,0.010594282848545637
prefill,general,14,46,13,470,0.009821130056837178
prefill,general,14,47,26,453,0.009465897693079237
prefill,general,14,48,34,443,0.009256937479103979
prefill,general,14,49,25,397,0.008295720494817787
prefill,general,14,50,4,370,0.007731527917084587
prefill,general,14,51,32,366,0.0076479438314944834
prefill,general,14,52,56,361,0.007543463724506854
prefill,general,14,53,51,358,0.007480775660314276
prefill,general,14,54,23,355,0.007418087596121698
prefill,general,14,55,61,330,0.006895687061183551
prefill,general,14,56,54,300,0.0062688064192577735
prefill,general,14,57,8,264,0.005516549648946841
prefill,general,14,58,29,226,0.004722500835840856
prefill,general,14,59,17,180,0.003761283851554664
prefill,general,14,60,6,145,0.003029923102641257
prefill,general,14,61,30,129,0.0026955867602808424
prefill,general,14,62,36,122,0.002549314610498161
prefill,general,14,63,33,119,0.0024866265463055833
prefill,general,14,64,28,48,0.0010030090270812437
prefill,general,15,1,48,2077,0.043401036442661314
prefill,general,15,2,49,2051,0.042857739886325644
prefill,general,15,3,59,2033,0.04248161150117018
prefill,general,15,4,45,1577,0.03295302574389836
prefill,general,15,5,3,1415,0.029567870277499166
prefill,general,15,6,26,1409,0.02944249414911401
prefill,general,15,7,40,1370,0.0286275493146105
prefill,general,15,8,27,1254,0.026203610832497493
prefill,general,15,9,60,1237,0.025848378468739552
prefill,general,15,10,2,1096,0.022902039451688398
prefill,general,15,11,55,1064,0.02223336676696757
prefill,general,15,12,23,1063,0.022212470745570045
prefill,general,15,13,41,1024,0.021397525911066532
prefill,general,15,14,14,966,0.02018555667001003
prefill,general,15,15,56,951,0.01987211634904714
prefill,general,15,16,16,949,0.01983032430625209
prefill,general,15,17,47,933,0.019495987963891674
prefill,general,15,18,21,896,0.018722835172183216
prefill,general,15,19,54,891,0.018618355065195588
prefill,general,15,20,10,855,0.017866098294884655
prefill,general,15,21,36,834,0.01742728184553661
prefill,general,15,22,13,832,0.017385489802741558
prefill,general,15,23,7,829,0.01732280173854898
prefill,general,15,24,46,827,0.01728100969575393
prefill,general,15,25,24,823,0.017197425610163825
prefill,general,15,26,9,817,0.017072049481778668
prefill,general,15,27,58,792,0.016549648946840523
prefill,general,15,28,61,784,0.016382480775660315
prefill,general,15,29,42,762,0.015922768304914743
prefill,general,15,30,62,759,0.015860080240722167
prefill,general,15,31,20,749,0.015651120026746908
prefill,general,15,32,15,725,0.015149615513206285
prefill,general,15,33,31,700,0.014627214978268138
prefill,general,15,34,0,697,0.01456452691407556
prefill,general,15,35,52,683,0.014271982614510197
prefill,general,15,36,5,613,0.012809261116683384
prefill,general,15,37,44,570,0.011910732196589769
prefill,general,15,38,28,568,0.011868940153794718
prefill,general,15,39,1,563,0.011764460046807089
prefill,general,15,40,29,559,0.011680875961216985
prefill,general,15,41,22,540,0.011283851554663993
prefill,general,15,42,8,535,0.011179371447676362
prefill,general,15,43,57,532,0.011116683383483785
prefill,general,15,44,53,531,0.01109578736208626
prefill,general,15,45,43,522,0.010907723169508526
prefill,general,15,46,17,499,0.010427114677365429
prefill,general,15,47,63,443,0.009256937479103979
prefill,general,15,48,37,427,0.008922601136743565
prefill,general,15,49,35,406,0.00848378468739552
prefill,general,15,50,25,366,0.0076479438314944834
prefill,general,15,51,33,345,0.0072091273821464396
prefill,general,15,52,6,343,0.007167335339351388
prefill,general,15,53,11,313,0.0065404546974256106
prefill,general,15,54,12,293,0.006122534269475092
prefill,general,15,55,19,276,0.005767301905717151
prefill,general,15,56,51,262,0.005474757606151789
prefill,general,15,57,18,255,0.005328485456369107
prefill,general,15,58,38,252,0.00526579739217653
prefill,general,15,59,50,231,0.004826980942828485
prefill,general,15,60,30,219,0.004576228686058175
prefill,general,15,61,34,191,0.003991140086927449
prefill,general,15,62,39,169,0.003531427616181879
prefill,general,15,63,32,156,0.003259779338014042
prefill,general,15,64,4,153,0.003197091273821464
prefill,math,0,1,6,1655,0.08481959819598196
prefill,math,0,2,23,956,0.04899548995489955
prefill,math,0,3,41,809,0.04146166461664617
prefill,math,0,4,58,709,0.03633661336613366
prefill,math,0,5,42,520,0.026650266502665027
prefill,math,0,6,8,514,0.026342763427634277
prefill,math,0,7,63,510,0.026137761377613776
prefill,math,0,8,61,461,0.023626486264862648
prefill,math,0,9,43,429,0.021986469864698648
prefill,math,0,10,29,424,0.021730217302173022
prefill,math,0,11,39,403,0.020653956539565397
prefill,math,0,12,18,401,0.020551455514555145
prefill,math,0,13,7,386,0.01978269782697827
prefill,math,0,14,25,373,0.019116441164411645
prefill,math,0,15,11,365,0.018706437064370644
prefill,math,0,16,49,352,0.018040180401804017
prefill,math,0,17,20,341,0.01747642476424764
prefill,math,0,18,33,338,0.01732267322673227
prefill,math,0,19,10,319,0.016348913489134892
prefill,math,0,20,54,313,0.016041410414104142
prefill,math,0,21,40,302,0.015477654776547766
prefill,math,0,22,9,299,0.015323903239032391
prefill,math,0,23,55,294,0.015067650676506766
prefill,math,0,24,16,287,0.01470889708897089
prefill,math,0,25,22,285,0.01460639606396064
prefill,math,0,26,19,285,0.01460639606396064
prefill,math,0,27,59,283,0.014503895038950389
prefill,math,0,28,53,280,0.014350143501435014
prefill,math,0,29,60,271,0.013888888888888888
prefill,math,0,30,46,269,0.01378638786387864
prefill,math,0,31,17,266,0.013632636326363263
prefill,math,0,32,32,263,0.013478884788847888
prefill,math,0,33,37,255,0.013068880688806888
prefill,math,0,34,45,253,0.012966379663796638
prefill,math,0,35,48,252,0.012915129151291513
prefill,math,0,36,44,250,0.012812628126281263
prefill,math,0,37,14,246,0.012607626076260762
prefill,math,0,38,5,246,0.012607626076260762
prefill,math,0,39,13,238,0.012197621976219762
prefill,math,0,40,30,230,0.011787617876178762
prefill,math,0,41,1,215,0.011018860188601886
prefill,math,0,42,38,213,0.010916359163591636
prefill,math,0,43,26,212,0.010865108651086511
prefill,math,0,44,31,204,0.010455104551045511
prefill,math,0,45,15,203,0.010403854038540385
prefill,math,0,46,56,202,0.01035260352603526
prefill,math,0,47,24,196,0.01004510045100451
prefill,math,0,48,62,194,0.00994259942599426
prefill,math,0,49,35,193,0.009891348913489134
prefill,math,0,50,4,187,0.009583845838458385
prefill,math,0,51,36,176,0.009020090200902008
prefill,math,0,52,52,175,0.008968839688396884
prefill,math,0,53,51,171,0.008763837638376383
prefill,math,0,54,3,169,0.008661336613366134
prefill,math,0,55,27,165,0.008456334563345633
prefill,math,0,56,50,138,0.007072570725707257
prefill,math,0,57,2,124,0.006355063550635506
prefill,math,0,58,47,118,0.006047560475604756
prefill,math,0,59,12,93,0.004766297662976629
prefill,math,0,60,57,80,0.004100041000410004
prefill,math,0,61,28,77,0.003946289462894629
prefill,math,0,62,0,37,0.0018962689626896268
prefill,math,0,63,21,26,0.0013325133251332513
prefill,math,0,64,34,12,0.0006150061500615006
prefill,math,1,1,11,948,0.04858548585485855
prefill,math,1,2,47,923,0.04730422304223042
prefill,math,1,3,18,606,0.03105781057810578
prefill,math,1,4,60,573,0.029366543665436656
prefill,math,1,5,19,552,0.028290282902829027
prefill,math,1,6,32,480,0.024600246002460024
prefill,math,1,7,1,442,0.02265272652726527
prefill,math,1,8,42,408,0.020910209102091022
prefill,math,1,9,62,407,0.020858958589585894
prefill,math,1,10,39,406,0.02080770807708077
prefill,math,1,11,41,406,0.02080770807708077
prefill,math,1,12,20,392,0.02009020090200902
prefill,math,1,13,21,391,0.020038950389503894
prefill,math,1,14,35,391,0.020038950389503894
prefill,math,1,15,55,385,0.019731447314473145
prefill,math,1,16,14,375,0.019218942189421894
prefill,math,1,17,31,371,0.019013940139401393
prefill,math,1,18,24,366,0.018757687576875768
prefill,math,1,19,37,366,0.018757687576875768
prefill,math,1,20,40,351,0.017988929889298892
prefill,math,1,21,52,348,0.01783517835178352
prefill,math,1,22,13,344,0.017630176301763018
prefill,math,1,23,63,342,0.017527675276752766
prefill,math,1,24,45,338,0.01732267322673227
prefill,math,1,25,48,337,0.01727142271422714
prefill,math,1,26,7,335,0.017168921689216892
prefill,math,1,27,5,325,0.01665641656416564
prefill,math,1,28,49,324,0.016605166051660517
prefill,math,1,29,12,315,0.01614391143911439
prefill,math,1,30,23,295,0.01511890118901189
prefill,math,1,31,53,289,0.01481139811398114
prefill,math,1,32,17,289,0.01481139811398114
prefill,math,1,33,15,286,0.014657646576465764
prefill,math,1,34,57,284,0.014555145551455515
prefill,math,1,35,59,280,0.014350143501435014
prefill,math,1,36,58,276,0.014145141451414513
prefill,math,1,37,9,265,0.013581385813858139
prefill,math,1,38,2,264,0.013530135301353014
prefill,math,1,39,16,262,0.013427634276342764
prefill,math,1,40,34,261,0.013376383763837638
prefill,math,1,41,51,257,0.013171381713817138
prefill,math,1,42,27,240,0.012300123001230012
prefill,math,1,43,36,232,0.011890118901189012
prefill,math,1,44,8,232,0.011890118901189012
prefill,math,1,45,0,223,0.011428864288642886
prefill,math,1,46,29,207,0.010608856088560886
prefill,math,1,47,3,206,0.01055760557605576
prefill,math,1,48,4,202,0.01035260352603526
prefill,math,1,49,50,191,0.009788847888478884
prefill,math,1,50,44,188,0.00963509635096351
prefill,math,1,51,56,161,0.008251332513325133
prefill,math,1,52,46,161,0.008251332513325133
prefill,math,1,53,54,154,0.007892578925789259
prefill,math,1,54,22,150,0.007687576875768758
prefill,math,1,55,10,145,0.007431324313243132
prefill,math,1,56,30,143,0.007328823288232882
prefill,math,1,57,33,127,0.006508815088150882
prefill,math,1,58,61,122,0.0062525625256252566
prefill,math,1,59,6,108,0.005535055350553505
prefill,math,1,60,38,108,0.005535055350553505
prefill,math,1,61,25,107,0.005483804838048381
prefill,math,1,62,26,89,0.004561295612956129
prefill,math,1,63,28,88,0.004510045100451004
prefill,math,1,64,43,73,0.003741287412874129
prefill,math,2,1,4,968,0.04961049610496105
prefill,math,2,2,8,818,0.04192291922919229
prefill,math,2,3,34,693,0.03551660516605166
prefill,math,2,4,60,626,0.032082820828208285
prefill,math,2,5,62,586,0.03003280032800328
prefill,math,2,6,14,541,0.027726527265272652
prefill,math,2,7,30,514,0.026342763427634277
prefill,math,2,8,24,470,0.024087740877408774
prefill,math,2,9,9,450,0.023062730627306273
prefill,math,2,10,0,439,0.022498974989749898
prefill,math,2,11,58,434,0.022242722427224273
prefill,math,2,12,12,414,0.021217712177121772
prefill,math,2,13,16,399,0.020448954489544896
prefill,math,2,14,54,394,0.02019270192701927
prefill,math,2,15,53,392,0.02009020090200902
prefill,math,2,16,6,389,0.019936449364493646
prefill,math,2,17,22,388,0.01988519885198852
prefill,math,2,18,41,388,0.01988519885198852
prefill,math,2,19,20,358,0.01834768347683477
prefill,math,2,20,26,349,0.017886428864288643
prefill,math,2,21,47,329,0.016861418614186142
prefill,math,2,22,61,326,0.016707667076670766
prefill,math,2,23,13,322,0.016502665026650265
prefill,math,2,24,29,305,0.01563140631406314
prefill,math,2,25,56,295,0.01511890118901189
prefill,math,2,26,45,294,0.015067650676506766
prefill,math,2,27,57,294,0.015067650676506766
prefill,math,2,28,19,283,0.014503895038950389
prefill,math,2,29,63,283,0.014503895038950389
prefill,math,2,30,32,278,0.014247642476424764
prefill,math,2,31,25,274,0.014042640426404265
prefill,math,2,32,21,274,0.014042640426404265
prefill,math,2,33,33,266,0.013632636326363263
prefill,math,2,34,38,260,0.013325133251332513
prefill,math,2,35,39,259,0.013273882738827389
prefill,math,2,36,52,256,0.013120131201312012
prefill,math,2,37,27,253,0.012966379663796638
prefill,math,2,38,15,248,0.012710127101271012
prefill,math,2,39,49,243,0.012453874538745387
prefill,math,2,40,23,239,0.012248872488724888
prefill,math,2,41,1,239,0.012248872488724888
prefill,math,2,42,3,236,0.012095120951209511
prefill,math,2,43,48,233,0.011941369413694137
prefill,math,2,44,28,225,0.011531365313653136
prefill,math,2,45,17,222,0.011377613776137762
prefill,math,2,46,40,209,0.010711357113571136
prefill,math,2,47,46,202,0.01035260352603526
prefill,math,2,48,18,201,0.010301353013530135
prefill,math,2,49,11,188,0.00963509635096351
prefill,math,2,50,7,185,0.009481344813448134
prefill,math,2,51,44,185,0.009481344813448134
prefill,math,2,52,35,175,0.008968839688396884
prefill,math,2,53,50,147,0.007533825338253383
prefill,math,2,54,5,146,0.007482574825748258
prefill,math,2,55,37,146,0.007482574825748258
prefill,math,2,56,10,137,0.007021320213202132
prefill,math,2,57,59,135,0.006918819188191882
prefill,math,2,58,31,130,0.006662566625666257
prefill,math,2,59,36,130,0.006662566625666257
prefill,math,2,60,51,122,0.0062525625256252566
prefill,math,2,61,43,116,0.005945059450594506
prefill,math,2,62,42,95,0.00486879868798688
prefill,math,2,63,2,64,0.003280032800328003
prefill,math,2,64,55,53,0.002716277162771628
prefill,math,3,1,52,1280,0.06560065600656007
prefill,math,3,2,61,769,0.039411644116441165
prefill,math,3,3,15,729,0.03736162361623616
prefill,math,3,4,62,612,0.03136531365313653
prefill,math,3,5,20,562,0.028802788027880277
prefill,math,3,6,19,540,0.027675276752767528
prefill,math,3,7,59,462,0.023677736777367772
prefill,math,3,8,63,458,0.023472734727347275
prefill,math,3,9,22,455,0.023318983189831898
prefill,math,3,10,45,449,0.02301148011480115
prefill,math,3,11,12,445,0.022806478064780648
prefill,math,3,12,31,438,0.022447724477244774
prefill,math,3,13,30,416,0.02132021320213202
prefill,math,3,14,49,414,0.021217712177121772
prefill,math,3,15,42,402,0.02060270602706027
prefill,math,3,16,38,402,0.02060270602706027
prefill,math,3,17,34,397,0.020346453464534644
prefill,math,3,18,18,396,0.02029520295202952
prefill,math,3,19,33,388,0.01988519885198852
prefill,math,3,20,9,385,0.019731447314473145
prefill,math,3,21,28,384,0.01968019680196802
prefill,math,3,22,39,374,0.01916769167691677
prefill,math,3,23,51,362,0.018552685526855267
prefill,math,3,24,56,359,0.018398933989339894
prefill,math,3,25,54,344,0.017630176301763018
prefill,math,3,26,46,342,0.017527675276752766
prefill,math,3,27,50,339,0.017373923739237393
prefill,math,3,28,11,333,0.017066420664206643
prefill,math,3,29,1,331,0.01696391963919639
prefill,math,3,30,47,322,0.016502665026650265
prefill,math,3,31,7,312,0.015990159901599015
prefill,math,3,32,0,309,0.01583640836408364
prefill,math,3,33,37,303,0.01552890528905289
prefill,math,3,34,40,294,0.015067650676506766
prefill,math,3,35,6,276,0.014145141451414513
prefill,math,3,36,32,275,0.014093890938909389
prefill,math,3,37,36,274,0.014042640426404265
prefill,math,3,38,10,268,0.013735137351373513
prefill,math,3,39,2,268,0.013735137351373513
prefill,math,3,40,29,267,0.013683886838868389
prefill,math,3,41,4,232,0.011890118901189012
prefill,math,3,42,44,231,0.011838868388683886
prefill,math,3,43,57,197,0.010096350963509635
prefill,math,3,44,48,169,0.008661336613366134
prefill,math,3,45,25,169,0.008661336613366134
prefill,math,3,46,14,152,0.007790077900779008
prefill,math,3,47,21,149,0.007636326363263632
prefill,math,3,48,23,143,0.007328823288232882
prefill,math,3,49,43,136,0.006970069700697007
prefill,math,3,50,58,132,0.006765067650676507
prefill,math,3,51,27,124,0.006355063550635506
prefill,math,3,52,41,123,0.006303813038130381
prefill,math,3,53,5,103,0.00527880278802788
prefill,math,3,54,60,103,0.00527880278802788
prefill,math,3,55,35,94,0.004817548175481755
prefill,math,3,56,24,78,0.003997539975399754
prefill,math,3,57,8,77,0.003946289462894629
prefill,math,3,58,3,69,0.0035362853628536283
prefill,math,3,59,26,62,0.003177531775317753
prefill,math,3,60,53,60,0.003075030750307503
prefill,math,3,61,13,59,0.003023780237802378
prefill,math,3,62,16,44,0.002255022550225502
prefill,math,3,63,55,38,0.001947519475194752
prefill,math,3,64,17,33,0.0016912669126691268
prefill,math,4,1,17,1542,0.07902829028290283
prefill,math,4,2,49,769,0.039411644116441165
prefill,math,4,3,21,674,0.03454284542845428
prefill,math,4,4,8,616,0.031570315703157034
prefill,math,4,5,27,555,0.028444034440344403
prefill,math,4,6,63,549,0.028136531365313654
prefill,math,4,7,48,543,0.027829028290282904
prefill,math,4,8,9,530,0.027162771627716277
prefill,math,4,9,34,508,0.026035260352603527
prefill,math,4,10,52,488,0.025010250102501026
prefill,math,4,11,5,455,0.023318983189831898
prefill,math,4,12,62,452,0.02316523165231652
prefill,math,4,13,25,449,0.02301148011480115
prefill,math,4,14,40,418,0.021422714227142273
prefill,math,4,15,36,417,0.021371463714637145
prefill,math,4,16,45,414,0.021217712177121772
prefill,math,4,17,58,397,0.020346453464534644
prefill,math,4,18,18,395,0.020243952439524395
prefill,math,4,19,41,393,0.020141451414514146
prefill,math,4,20,23,387,0.019833948339483393
prefill,math,4,21,6,372,0.019065190651906518
prefill,math,4,22,59,369,0.018911439114391145
prefill,math,4,23,14,365,0.018706437064370644
prefill,math,4,24,2,338,0.01732267322673227
prefill,math,4,25,1,329,0.016861418614186142
prefill,math,4,26,60,323,0.016553915539155393
prefill,math,4,27,42,320,0.016400164001640016
prefill,math,4,28,24,304,0.015580155801558016
prefill,math,4,29,29,301,0.01542640426404264
prefill,math,4,30,7,293,0.01501640016400164
prefill,math,4,31,43,291,0.01491389913899139
prefill,math,4,32,57,287,0.01470889708897089
prefill,math,4,33,10,281,0.014401394013940139
prefill,math,4,34,56,279,0.01429889298892989
prefill,math,4,35,11,268,0.013735137351373513
prefill,math,4,36,39,262,0.013427634276342764
prefill,math,4,37,61,239,0.012248872488724888
prefill,math,4,38,31,238,0.012197621976219762
prefill,math,4,39,55,237,0.012146371463714637
prefill,math,4,40,38,236,0.012095120951209511
prefill,math,4,41,13,232,0.011890118901189012
prefill,math,4,42,28,207,0.010608856088560886
prefill,math,4,43,50,204,0.010455104551045511
prefill,math,4,44,22,202,0.01035260352603526
prefill,math,4,45,44,165,0.008456334563345633
prefill,math,4,46,35,162,0.008302583025830259
prefill,math,4,47,37,149,0.007636326363263632
prefill,math,4,48,47,137,0.007021320213202132
prefill,math,4,49,26,133,0.006816318163181631
prefill,math,4,50,46,131,0.006713817138171382
prefill,math,4,51,33,118,0.006047560475604756
prefill,math,4,52,30,115,0.005893808938089381
prefill,math,4,53,51,108,0.005535055350553505
prefill,math,4,54,19,96,0.004920049200492005
prefill,math,4,55,4,86,0.0044075440754407546
prefill,math,4,56,20,85,0.004356293562935629
prefill,math,4,57,16,58,0.002972529725297253
prefill,math,4,58,32,56,0.002870028700287003
prefill,math,4,59,12,53,0.002716277162771628
prefill,math,4,60,3,44,0.002255022550225502
prefill,math,4,61,54,42,0.002152521525215252
prefill,math,4,62,53,24,0.0012300123001230013
prefill,math,4,63,15,21,0.001076260762607626
prefill,math,4,64,0,1,5.125051250512505e-05
prefill,math,5,1,0,1413,0.0724169741697417
prefill,math,5,2,32,1026,0.052583025830258305
prefill,math,5,3,10,931,0.04771422714227142
prefill,math,5,4,14,714,0.036592865928659284
prefill,math,5,5,21,692,0.035465354653546534
prefill,math,5,6,19,615,0.03151906519065191
prefill,math,5,7,39,546,0.027982779827798277
prefill,math,5,8,33,502,0.025727757277572774
prefill,math,5,9,45,475,0.0243439934399344
prefill,math,5,10,17,471,0.0241389913899139
prefill,math,5,11,60,469,0.02403649036490365
prefill,math,5,12,31,464,0.023780237802378024
prefill,math,5,13,55,447,0.022908979089790896
prefill,math,5,14,6,412,0.02111521115211152
prefill,math,5,15,41,392,0.02009020090200902
prefill,math,5,16,22,382,0.019577695776957768
prefill,math,5,17,23,375,0.019218942189421894
prefill,math,5,18,54,355,0.018193931939319393
prefill,math,5,19,52,352,0.018040180401804017
prefill,math,5,20,34,351,0.017988929889298892
prefill,math,5,21,30,347,0.01778392783927839
prefill,math,5,22,51,342,0.017527675276752766
prefill,math,5,23,8,341,0.01747642476424764
prefill,math,5,24,57,340,0.017425174251742517
prefill,math,5,25,11,332,0.017015170151701516
prefill,math,5,26,56,321,0.01645141451414514
prefill,math,5,27,16,287,0.01470889708897089
prefill,math,5,28,37,276,0.014145141451414513
prefill,math,5,29,18,263,0.013478884788847888
prefill,math,5,30,4,261,0.013376383763837638
prefill,math,5,31,58,255,0.013068880688806888
prefill,math,5,32,7,245,0.012556375563755637
prefill,math,5,33,53,226,0.01158261582615826
prefill,math,5,34,24,225,0.011531365313653136
prefill,math,5,35,38,217,0.011121361213612136
prefill,math,5,36,20,216,0.01107011070110701
prefill,math,5,37,61,204,0.010455104551045511
prefill,math,5,38,43,193,0.009891348913489134
prefill,math,5,39,50,191,0.009788847888478884
prefill,math,5,40,40,191,0.009788847888478884
prefill,math,5,41,59,187,0.009583845838458385
prefill,math,5,42,28,185,0.009481344813448134
prefill,math,5,43,27,182,0.00932759327593276
prefill,math,5,44,47,180,0.00922509225092251
prefill,math,5,45,2,176,0.009020090200902008
prefill,math,5,46,9,170,0.008712587125871259
prefill,math,5,47,62,162,0.008302583025830259
prefill,math,5,48,35,156,0.007995079950799507
prefill,math,5,49,12,153,0.007841328413284132
prefill,math,5,50,1,152,0.007790077900779008
prefill,math,5,51,48,141,0.007226322263222632
prefill,math,5,52,13,140,0.007175071750717507
prefill,math,5,53,42,138,0.007072570725707257
prefill,math,5,54,15,130,0.006662566625666257
prefill,math,5,55,29,115,0.005893808938089381
prefill,math,5,56,36,96,0.004920049200492005
prefill,math,5,57,5,90,0.004612546125461255
prefill,math,5,58,46,68,0.0034850348503485036
prefill,math,5,59,25,62,0.003177531775317753
prefill,math,5,60,63,56,0.002870028700287003
prefill,math,5,61,44,48,0.0024600246002460025
prefill,math,5,62,26,33,0.0016912669126691268
prefill,math,5,63,49,24,0.0012300123001230013
prefill,math,5,64,3,11,0.0005637556375563755
prefill,math,6,1,61,1426,0.07308323083230832
prefill,math,6,2,57,1110,0.05688806888068881
prefill,math,6,3,18,952,0.04879048790487905
prefill,math,6,4,3,813,0.041666666666666664
prefill,math,6,5,36,755,0.03869413694136942
prefill,math,6,6,5,722,0.037002870028700285
prefill,math,6,7,23,595,0.030494054940549405
prefill,math,6,8,38,570,0.02921279212792128
prefill,math,6,9,59,498,0.025522755227552277
prefill,math,6,10,26,482,0.024702747027470273
prefill,math,6,11,40,469,0.02403649036490365
prefill,math,6,12,49,454,0.023267732677326774
prefill,math,6,13,43,448,0.022960229602296024
prefill,math,6,14,62,442,0.02265272652726527
prefill,math,6,15,9,416,0.02132021320213202
prefill,math,6,16,20,404,0.02070520705207052
prefill,math,6,17,1,381,0.019526445264452644
prefill,math,6,18,47,379,0.019423944239442395
prefill,math,6,19,6,359,0.018398933989339894
prefill,math,6,20,48,352,0.018040180401804017
prefill,math,6,21,55,348,0.01783517835178352
prefill,math,6,22,17,339,0.017373923739237393
prefill,math,6,23,35,332,0.017015170151701516
prefill,math,6,24,2,330,0.016912669126691267
prefill,math,6,25,16,322,0.016502665026650265
prefill,math,6,26,58,310,0.015887658876588766
prefill,math,6,27,12,304,0.015580155801558016
prefill,math,6,28,0,297,0.01522140221402214
prefill,math,6,29,10,292,0.014965149651496515
prefill,math,6,30,32,290,0.014862648626486265
prefill,math,6,31,63,286,0.014657646576465764
prefill,math,6,32,13,281,0.014401394013940139
prefill,math,6,33,52,265,0.013581385813858139
prefill,math,6,34,4,262,0.013427634276342764
prefill,math,6,35,56,259,0.013273882738827389
prefill,math,6,36,29,223,0.011428864288642886
prefill,math,6,37,25,216,0.01107011070110701
prefill,math,6,38,30,212,0.010865108651086511
prefill,math,6,39,53,199,0.010198851988519886
prefill,math,6,40,8,194,0.00994259942599426
prefill,math,6,41,21,188,0.00963509635096351
prefill,math,6,42,24,187,0.009583845838458385
prefill,math,6,43,11,174,0.00891758917589176
prefill,math,6,44,44,172,0.008815088150881509
prefill,math,6,45,33,150,0.007687576875768758
prefill,math,6,46,50,128,0.006560065600656006
prefill,math,6,47,39,120,0.006150061500615006
prefill,math,6,48,22,112,0.005740057400574006
prefill,math,6,49,51,106,0.005432554325543256
prefill,math,6,50,34,80,0.004100041000410004
prefill,math,6,51,54,72,0.0036900369003690036
prefill,math,6,52,19,60,0.003075030750307503
prefill,math,6,53,7,60,0.003075030750307503
prefill,math,6,54,37,54,0.0027675276752767526
prefill,math,6,55,31,52,0.0026650266502665026
prefill,math,6,56,27,38,0.001947519475194752
prefill,math,6,57,46,36,0.0018450184501845018
prefill,math,6,58,60,34,0.0017425174251742518
prefill,math,6,59,15,31,0.0015887658876588765
prefill,math,6,60,42,18,0.0009225092250922509
prefill,math,6,61,14,17,0.0008712587125871259
prefill,math,6,62,28,16,0.0008200082000820008
prefill,math,6,63,45,11,0.0005637556375563755
prefill,math,6,64,41,8,0.0004100041000410004
prefill,math,7,1,4,1042,0.0534030340303403
prefill,math,7,2,25,810,0.04151291512915129
prefill,math,7,3,54,727,0.037259122591225914
prefill,math,7,4,13,620,0.03177531775317753
prefill,math,7,5,18,602,0.03085280852808528
prefill,math,7,6,17,575,0.029469044690446904
prefill,math,7,7,38,512,0.026240262402624025
prefill,math,7,8,15,508,0.026035260352603527
prefill,math,7,9,29,499,0.0255740057400574
prefill,math,7,10,39,494,0.025317753177531776
prefill,math,7,11,46,477,0.024446494464944648
prefill,math,7,12,35,450,0.023062730627306273
prefill,math,7,13,32,447,0.022908979089790896
prefill,math,7,14,9,437,0.022396473964739646
prefill,math,7,15,45,435,0.022293972939729397
prefill,math,7,16,61,409,0.020961459614596147
prefill,math,7,17,23,394,0.02019270192701927
prefill,math,7,18,48,393,0.020141451414514146
prefill,math,7,19,5,392,0.02009020090200902
prefill,math,7,20,37,387,0.019833948339483393
prefill,math,7,21,2,376,0.01927019270192702
prefill,math,7,22,26,366,0.018757687576875768
prefill,math,7,23,1,365,0.018706437064370644
prefill,math,7,24,56,365,0.018706437064370644
prefill,math,7,25,21,360,0.01845018450184502
prefill,math,7,26,58,355,0.018193931939319393
prefill,math,7,27,14,337,0.01727142271422714
prefill,math,7,28,36,325,0.01665641656416564
prefill,math,7,29,62,324,0.016605166051660517
prefill,math,7,30,24,323,0.016553915539155393
prefill,math,7,31,20,316,0.016195161951619515
prefill,math,7,32,41,299,0.015323903239032391
prefill,math,7,33,16,292,0.014965149651496515
prefill,math,7,34,63,284,0.014555145551455515
prefill,math,7,35,53,273,0.013991389913899139
prefill,math,7,36,19,264,0.013530135301353014
prefill,math,7,37,0,255,0.013068880688806888
prefill,math,7,38,55,231,0.011838868388683886
prefill,math,7,39,12,215,0.011018860188601886
prefill,math,7,40,33,204,0.010455104551045511
prefill,math,7,41,34,202,0.01035260352603526
prefill,math,7,42,52,201,0.010301353013530135
prefill,math,7,43,42,199,0.010198851988519886
prefill,math,7,44,3,196,0.01004510045100451
prefill,math,7,45,10,185,0.009481344813448134
prefill,math,7,46,44,181,0.009276342763427634
prefill,math,7,47,47,180,0.00922509225092251
prefill,math,7,48,31,176,0.009020090200902008
prefill,math,7,49,11,167,0.008558835588355884
prefill,math,7,50,59,135,0.006918819188191882
prefill,math,7,51,6,128,0.006560065600656006
prefill,math,7,52,60,124,0.006355063550635506
prefill,math,7,53,57,122,0.0062525625256252566
prefill,math,7,54,49,117,0.005996309963099631
prefill,math,7,55,40,99,0.00507380073800738
prefill,math,7,56,22,96,0.004920049200492005
prefill,math,7,57,8,94,0.004817548175481755
prefill,math,7,58,7,45,0.0023062730627306273
prefill,math,7,59,28,34,0.0017425174251742518
prefill,math,7,60,43,31,0.0015887658876588765
prefill,math,7,61,30,24,0.0012300123001230013
prefill,math,7,62,27,19,0.000973759737597376
prefill,math,7,63,50,16,0.0008200082000820008
prefill,math,7,64,51,2,0.0001025010250102501
prefill,math,8,1,11,1458,0.07472324723247233
prefill,math,8,2,54,1033,0.052941779417794176
prefill,math,8,3,42,694,0.03556785567855678
prefill,math,8,4,32,539,0.027624026240262403
prefill,math,8,5,37,522,0.026752767527675275
prefill,math,8,6,20,514,0.026342763427634277
prefill,math,8,7,29,491,0.0251640016400164
prefill,math,8,8,17,487,0.0249589995899959
prefill,math,8,9,34,485,0.02485649856498565
prefill,math,8,10,1,474,0.024292742927429275
prefill,math,8,11,57,464,0.023780237802378024
prefill,math,8,12,60,449,0.02301148011480115
prefill,math,8,13,45,434,0.022242722427224273
prefill,math,8,14,18,432,0.02214022140221402
prefill,math,8,15,55,428,0.021935219352193523
prefill,math,8,16,63,419,0.021473964739647397
prefill,math,8,17,35,395,0.020243952439524395
prefill,math,8,18,6,391,0.020038950389503894
prefill,math,8,19,62,389,0.019936449364493646
prefill,math,8,20,10,387,0.019833948339483393
prefill,math,8,21,28,380,0.01947519475194752
prefill,math,8,22,3,369,0.018911439114391145
prefill,math,8,23,51,366,0.018757687576875768
prefill,math,8,24,12,364,0.01865518655186552
prefill,math,8,25,14,351,0.017988929889298892
prefill,math,8,26,16,343,0.017578925789257894
prefill,math,8,27,59,341,0.01747642476424764
prefill,math,8,28,41,319,0.016348913489134892
prefill,math,8,29,50,303,0.01552890528905289
prefill,math,8,30,53,299,0.015323903239032391
prefill,math,8,31,9,298,0.015272652726527265
prefill,math,8,32,30,293,0.01501640016400164
prefill,math,8,33,56,285,0.01460639606396064
prefill,math,8,34,52,251,0.012863878638786387
prefill,math,8,35,47,242,0.012402624026240263
prefill,math,8,36,31,236,0.012095120951209511
prefill,math,8,37,21,225,0.011531365313653136
prefill,math,8,38,25,218,0.01117261172611726
prefill,math,8,39,13,215,0.011018860188601886
prefill,math,8,40,0,209,0.010711357113571136
prefill,math,8,41,40,206,0.01055760557605576
prefill,math,8,42,23,200,0.01025010250102501
prefill,math,8,43,7,190,0.00973759737597376
prefill,math,8,44,44,190,0.00973759737597376
prefill,math,8,45,26,185,0.009481344813448134
prefill,math,8,46,15,154,0.007892578925789259
prefill,math,8,47,48,148,0.007585075850758507
prefill,math,8,48,36,146,0.007482574825748258
prefill,math,8,49,39,146,0.007482574825748258
prefill,math,8,50,24,138,0.007072570725707257
prefill,math,8,51,49,136,0.006970069700697007
prefill,math,8,52,2,133,0.006816318163181631
prefill,math,8,53,38,127,0.006508815088150882
prefill,math,8,54,61,109,0.00558630586305863
prefill,math,8,55,43,97,0.00497129971299713
prefill,math,8,56,27,96,0.004920049200492005
prefill,math,8,57,22,94,0.004817548175481755
prefill,math,8,58,33,78,0.003997539975399754
prefill,math,8,59,4,44,0.002255022550225502
prefill,math,8,60,46,34,0.0017425174251742518
prefill,math,8,61,5,26,0.0013325133251332513
prefill,math,8,62,58,20,0.001025010250102501
prefill,math,8,63,19,14,0.0007175071750717508
prefill,math,8,64,8,9,0.00046125461254612545
prefill,math,9,1,5,1529,0.0783620336203362
prefill,math,9,2,39,586,0.03003280032800328
prefill,math,9,3,41,502,0.025727757277572774
prefill,math,9,4,42,496,0.025420254202542025
prefill,math,9,5,13,492,0.025215252152521524
prefill,math,9,6,28,491,0.0251640016400164
prefill,math,9,7,37,480,0.024600246002460024
prefill,math,9,8,8,477,0.024446494464944648
prefill,math,9,9,55,445,0.022806478064780648
prefill,math,9,10,44,440,0.022550225502255022
prefill,math,9,11,12,438,0.022447724477244774
prefill,math,9,12,58,434,0.022242722427224273
prefill,math,9,13,34,417,0.021371463714637145
prefill,math,9,14,50,410,0.02101271012710127
prefill,math,9,15,1,398,0.02039770397703977
prefill,math,9,16,21,398,0.02039770397703977
prefill,math,9,17,32,372,0.019065190651906518
prefill,math,9,18,7,371,0.019013940139401393
prefill,math,9,19,0,369,0.018911439114391145
prefill,math,9,20,53,368,0.01886018860188602
prefill,math,9,21,16,355,0.018193931939319393
prefill,math,9,22,26,352,0.018040180401804017
prefill,math,9,23,38,341,0.01747642476424764
prefill,math,9,24,61,325,0.01665641656416564
prefill,math,9,25,59,323,0.016553915539155393
prefill,math,9,26,6,320,0.016400164001640016
prefill,math,9,27,2,319,0.016348913489134892
prefill,math,9,28,29,318,0.016297662976629768
prefill,math,9,29,10,313,0.016041410414104142
prefill,math,9,30,36,307,0.01573390733907339
prefill,math,9,31,27,305,0.01563140631406314
prefill,math,9,32,62,300,0.015375153751537515
prefill,math,9,33,4,289,0.01481139811398114
prefill,math,9,34,43,285,0.01460639606396064
prefill,math,9,35,48,272,0.013940139401394014
prefill,math,9,36,49,270,0.013837638376383764
prefill,math,9,37,23,259,0.013273882738827389
prefill,math,9,38,47,254,0.013017630176301764
prefill,math,9,39,33,252,0.012915129151291513
prefill,math,9,40,24,238,0.012197621976219762
prefill,math,9,41,30,235,0.012043870438704387
prefill,math,9,42,54,221,0.011326363263632636
prefill,math,9,43,52,216,0.01107011070110701
prefill,math,9,44,17,206,0.01055760557605576
prefill,math,9,45,40,199,0.010198851988519886
prefill,math,9,46,31,187,0.009583845838458385
prefill,math,9,47,35,187,0.009583845838458385
prefill,math,9,48,9,186,0.009532595325953259
prefill,math,9,49,3,181,0.009276342763427634
prefill,math,9,50,63,179,0.009173841738417385
prefill,math,9,51,14,176,0.009020090200902008
prefill,math,9,52,57,174,0.00891758917589176
prefill,math,9,53,45,173,0.008866338663386633
prefill,math,9,54,51,162,0.008302583025830259
prefill,math,9,55,22,161,0.008251332513325133
prefill,math,9,56,20,151,0.007738827388273883
prefill,math,9,57,11,145,0.007431324313243132
prefill,math,9,58,60,144,0.007380073800738007
prefill,math,9,59,56,93,0.004766297662976629
prefill,math,9,60,25,75,0.003843788437884379
prefill,math,9,61,46,59,0.003023780237802378
prefill,math,9,62,18,58,0.002972529725297253
prefill,math,9,63,15,33,0.0016912669126691268
prefill,math,9,64,19,1,5.125051250512505e-05
prefill,math,10,1,16,827,0.04238417384173842
prefill,math,10,2,59,546,0.027982779827798277
prefill,math,10,3,17,530,0.027162771627716277
prefill,math,10,4,22,529,0.027111521115211153
prefill,math,10,5,37,503,0.025779007790077902
prefill,math,10,6,43,496,0.025420254202542025
prefill,math,10,7,4,486,0.024907749077490774
prefill,math,10,8,2,485,0.02485649856498565
prefill,math,10,9,30,469,0.02403649036490365
prefill,math,10,10,48,460,0.023575235752357523
prefill,math,10,11,32,456,0.023370233702337023
prefill,math,10,12,6,439,0.022498974989749898
prefill,math,10,13,45,431,0.022088970889708896
prefill,math,10,14,52,428,0.021935219352193523
prefill,math,10,15,44,427,0.021883968839688395
prefill,math,10,16,36,427,0.021883968839688395
prefill,math,10,17,35,425,0.021781467814678147
prefill,math,10,18,47,408,0.020910209102091022
prefill,math,10,19,38,398,0.02039770397703977
prefill,math,10,20,1,386,0.01978269782697827
prefill,math,10,21,13,385,0.019731447314473145
prefill,math,10,22,53,368,0.01886018860188602
prefill,math,10,23,61,348,0.01783517835178352
prefill,math,10,24,20,333,0.017066420664206643
prefill,math,10,25,62,331,0.01696391963919639
prefill,math,10,26,39,330,0.016912669126691267
prefill,math,10,27,23,327,0.01675891758917589
prefill,math,10,28,14,324,0.016605166051660517
prefill,math,10,29,0,322,0.016502665026650265
prefill,math,10,30,42,322,0.016502665026650265
prefill,math,10,31,46,308,0.015785157851578517
prefill,math,10,32,10,284,0.014555145551455515
prefill,math,10,33,5,277,0.01419639196391964
prefill,math,10,34,28,274,0.014042640426404265
prefill,math,10,35,3,270,0.013837638376383764
prefill,math,10,36,31,267,0.013683886838868389
prefill,math,10,37,56,266,0.013632636326363263
prefill,math,10,38,24,266,0.013632636326363263
prefill,math,10,39,51,260,0.013325133251332513
prefill,math,10,40,21,238,0.012197621976219762
prefill,math,10,41,11,230,0.011787617876178762
prefill,math,10,42,8,227,0.011633866338663387
prefill,math,10,43,60,222,0.011377613776137762
prefill,math,10,44,27,218,0.01117261172611726
prefill,math,10,45,7,214,0.010967609676096762
prefill,math,10,46,58,210,0.01076260762607626
prefill,math,10,47,15,205,0.010506355063550635
prefill,math,10,48,12,202,0.01035260352603526
prefill,math,10,49,33,202,0.01035260352603526
prefill,math,10,50,41,201,0.010301353013530135
prefill,math,10,51,29,188,0.00963509635096351
prefill,math,10,52,26,173,0.008866338663386633
prefill,math,10,53,49,172,0.008815088150881509
prefill,math,10,54,9,169,0.008661336613366134
prefill,math,10,55,34,161,0.008251332513325133
prefill,math,10,56,57,159,0.008148831488314884
prefill,math,10,57,18,136,0.006970069700697007
prefill,math,10,58,55,100,0.005125051250512505
prefill,math,10,59,50,99,0.00507380073800738
prefill,math,10,60,54,91,0.00466379663796638
prefill,math,10,61,40,84,0.004305043050430504
prefill,math,10,62,19,83,0.004253792537925379
prefill,math,10,63,63,80,0.004100041000410004
prefill,math,10,64,25,30,0.0015375153751537515
prefill,math,11,1,57,1256,0.06437064370643707
prefill,math,11,2,1,1060,0.054325543255432554
prefill,math,11,3,47,840,0.04305043050430504
prefill,math,11,4,15,532,0.027265272652726526
prefill,math,11,5,51,525,0.026906519065190652
prefill,math,11,6,44,508,0.026035260352603527
prefill,math,11,7,58,480,0.024600246002460024
prefill,math,11,8,37,479,0.0245489954899549
prefill,math,11,9,33,467,0.023933989339893397
prefill,math,11,10,34,464,0.023780237802378024
prefill,math,11,11,43,459,0.0235239852398524
prefill,math,11,12,22,436,0.02234522345223452
prefill,math,11,13,14,434,0.022242722427224273
prefill,math,11,14,56,433,0.02219147191471915
prefill,math,11,15,52,410,0.02101271012710127
prefill,math,11,16,8,407,0.020858958589585894
prefill,math,11,17,31,402,0.02060270602706027
prefill,math,11,18,61,400,0.02050020500205002
prefill,math,11,19,18,393,0.020141451414514146
prefill,math,11,20,53,382,0.019577695776957768
prefill,math,11,21,11,374,0.01916769167691677
prefill,math,11,22,0,342,0.017527675276752766
prefill,math,11,23,54,336,0.017220172201722016
prefill,math,11,24,20,334,0.017117671176711768
prefill,math,11,25,62,302,0.015477654776547766
prefill,math,11,26,29,300,0.015375153751537515
prefill,math,11,27,4,295,0.01511890118901189
prefill,math,11,28,30,293,0.01501640016400164
prefill,math,11,29,23,275,0.014093890938909389
prefill,math,11,30,36,273,0.013991389913899139
prefill,math,11,31,27,272,0.013940139401394014
prefill,math,11,32,42,268,0.013735137351373513
prefill,math,11,33,45,252,0.012915129151291513
prefill,math,11,34,7,251,0.012863878638786387
prefill,math,11,35,16,232,0.011890118901189012
prefill,math,11,36,21,231,0.011838868388683886
prefill,math,11,37,60,222,0.011377613776137762
prefill,math,11,38,17,221,0.011326363263632636
prefill,math,11,39,24,219,0.011223862238622387
prefill,math,11,40,49,215,0.011018860188601886
prefill,math,11,41,46,213,0.010916359163591636
prefill,math,11,42,26,195,0.009993849938499385
prefill,math,11,43,2,189,0.009686346863468635
prefill,math,11,44,41,171,0.008763837638376383
prefill,math,11,45,35,165,0.008456334563345633
prefill,math,11,46,63,163,0.008353833538335383
prefill,math,11,47,55,161,0.008251332513325133
prefill,math,11,48,3,157,0.008046330463304633
prefill,math,11,49,38,155,0.007943829438294383
prefill,math,11,50,9,150,0.007687576875768758
prefill,math,11,51,19,147,0.007533825338253383
prefill,math,11,52,28,145,0.007431324313243132
prefill,math,11,53,50,142,0.007277572775727758
prefill,math,11,54,10,140,0.007175071750717507
prefill,math,11,55,32,137,0.007021320213202132
prefill,math,11,56,5,133,0.006816318163181631
prefill,math,11,57,12,130,0.006662566625666257
prefill,math,11,58,39,119,0.006098810988109881
prefill,math,11,59,40,102,0.0052275522755227555
prefill,math,11,60,25,92,0.004715047150471505
prefill,math,11,61,48,78,0.003997539975399754
prefill,math,11,62,13,74,0.0037925379253792536
prefill,math,11,63,59,43,0.0022037720377203773
prefill,math,11,64,6,37,0.0018962689626896268
prefill,math,12,1,2,1293,0.0662669126691267
prefill,math,12,2,63,997,0.05109676096760968
prefill,math,12,3,43,723,0.03705412054120541
prefill,math,12,4,25,589,0.030186551865518656
prefill,math,12,5,46,553,0.028341533415334155
prefill,math,12,6,23,510,0.026137761377613776
prefill,math,12,7,11,509,0.02608651086510865
prefill,math,12,8,30,505,0.02588150881508815
prefill,math,12,9,54,504,0.025830258302583026
prefill,math,12,10,14,504,0.025830258302583026
prefill,math,12,11,52,480,0.024600246002460024
prefill,math,12,12,58,479,0.0245489954899549
prefill,math,12,13,6,477,0.024446494464944648
prefill,math,12,14,9,473,0.02424149241492415
prefill,math,12,15,50,456,0.023370233702337023
prefill,math,12,16,22,428,0.021935219352193523
prefill,math,12,17,32,426,0.02183271832718327
prefill,math,12,18,38,392,0.02009020090200902
prefill,math,12,19,59,384,0.01968019680196802
prefill,math,12,20,48,365,0.018706437064370644
prefill,math,12,21,15,338,0.01732267322673227
prefill,math,12,22,55,334,0.017117671176711768
prefill,math,12,23,17,332,0.017015170151701516
prefill,math,12,24,5,326,0.016707667076670766
prefill,math,12,25,7,310,0.015887658876588766
prefill,math,12,26,21,296,0.015170151701517014
prefill,math,12,27,49,294,0.015067650676506766
prefill,math,12,28,41,292,0.014965149651496515
prefill,math,12,29,51,280,0.014350143501435014
prefill,math,12,30,4,277,0.01419639196391964
prefill,math,12,31,45,275,0.014093890938909389
prefill,math,12,32,34,273,0.013991389913899139
prefill,math,12,33,29,270,0.013837638376383764
prefill,math,12,34,0,259,0.013273882738827389
prefill,math,12,35,33,259,0.013273882738827389
prefill,math,12,36,16,256,0.013120131201312012
prefill,math,12,37,42,248,0.012710127101271012
prefill,math,12,38,26,224,0.011480114801148012
prefill,math,12,39,28,222,0.011377613776137762
prefill,math,12,40,53,195,0.009993849938499385
prefill,math,12,41,47,190,0.00973759737597376
prefill,math,12,42,27,183,0.009378843788437884
prefill,math,12,43,44,181,0.009276342763427634
prefill,math,12,44,10,176,0.009020090200902008
prefill,math,12,45,61,172,0.008815088150881509
prefill,math,12,46,56,161,0.008251332513325133
prefill,math,12,47,13,158,0.008097580975809758
prefill,math,12,48,39,155,0.007943829438294383
prefill,math,12,49,3,149,0.007636326363263632
prefill,math,12,50,1,146,0.007482574825748258
prefill,math,12,51,60,140,0.007175071750717507
prefill,math,12,52,8,125,0.006406314063140631
prefill,math,12,53,19,120,0.006150061500615006
prefill,math,12,54,24,116,0.005945059450594506
prefill,math,12,55,62,115,0.005893808938089381
prefill,math,12,56,36,98,0.005022550225502255
prefill,math,12,57,35,97,0.00497129971299713
prefill,math,12,58,12,96,0.004920049200492005
prefill,math,12,59,40,83,0.004253792537925379
prefill,math,12,60,31,82,0.0042025420254202545
prefill,math,12,61,57,76,0.003895038950389504
prefill,math,12,62,18,46,0.0023575235752357525
prefill,math,12,63,20,39,0.001998769987699877
prefill,math,12,64,37,1,5.125051250512505e-05
prefill,math,13,1,27,1182,0.06057810578105781
prefill,math,13,2,53,947,0.048534235342353425
prefill,math,13,3,55,780,0.03997539975399754
prefill,math,13,4,5,638,0.032697826978269784
prefill,math,13,5,32,566,0.029007790077900778
prefill,math,13,6,41,545,0.027931529315293153
prefill,math,13,7,63,539,0.027624026240262403
prefill,math,13,8,54,526,0.026957769577695776
prefill,math,13,9,2,511,0.0261890118901189
prefill,math,13,10,8,508,0.026035260352603527
prefill,math,13,11,6,467,0.023933989339893397
prefill,math,13,12,45,458,0.023472734727347275
prefill,math,13,13,51,439,0.022498974989749898
prefill,math,13,14,46,429,0.021986469864698648
prefill,math,13,15,36,422,0.02162771627716277
prefill,math,13,16,19,409,0.020961459614596147
prefill,math,13,17,22,399,0.020448954489544896
prefill,math,13,18,47,395,0.020243952439524395
prefill,math,13,19,1,394,0.02019270192701927
prefill,math,13,20,34,373,0.019116441164411645
prefill,math,13,21,13,363,0.018603936039360395
prefill,math,13,22,35,355,0.018193931939319393
prefill,math,13,23,3,337,0.01727142271422714
prefill,math,13,24,33,318,0.016297662976629768
prefill,math,13,25,12,317,0.01624641246412464
prefill,math,13,26,37,305,0.01563140631406314
prefill,math,13,27,31,295,0.01511890118901189
prefill,math,13,28,30,288,0.014760147601476014
prefill,math,13,29,0,285,0.01460639606396064
prefill,math,13,30,24,270,0.013837638376383764
prefill,math,13,31,57,269,0.01378638786387864
prefill,math,13,32,44,258,0.013222632226322263
prefill,math,13,33,58,257,0.013171381713817138
prefill,math,13,34,43,253,0.012966379663796638
prefill,math,13,35,59,252,0.012915129151291513
prefill,math,13,36,4,247,0.012658876588765888
prefill,math,13,37,42,245,0.012556375563755637
prefill,math,13,38,11,232,0.011890118901189012
prefill,math,13,39,20,231,0.011838868388683886
prefill,math,13,40,23,229,0.011736367363673637
prefill,math,13,41,9,212,0.010865108651086511
prefill,math,13,42,61,205,0.010506355063550635
prefill,math,13,43,38,174,0.00891758917589176
prefill,math,13,44,15,171,0.008763837638376383
prefill,math,13,45,39,169,0.008661336613366134
prefill,math,13,46,62,168,0.008610086100861008
prefill,math,13,47,48,161,0.008251332513325133
prefill,math,13,48,10,159,0.008148831488314884
prefill,math,13,49,18,150,0.007687576875768758
prefill,math,13,50,49,137,0.007021320213202132
prefill,math,13,51,26,136,0.006970069700697007
prefill,math,13,52,25,135,0.006918819188191882
prefill,math,13,53,50,131,0.006713817138171382
prefill,math,13,54,29,121,0.006201312013120131
prefill,math,13,55,40,117,0.005996309963099631
prefill,math,13,56,28,113,0.00579130791307913
prefill,math,13,57,56,88,0.004510045100451004
prefill,math,13,58,17,87,0.00445879458794588
prefill,math,13,59,60,75,0.003843788437884379
prefill,math,13,60,7,70,0.0035875358753587536
prefill,math,13,61,21,61,0.0031262812628126283
prefill,math,13,62,16,60,0.003075030750307503
prefill,math,13,63,52,43,0.0022037720377203773
prefill,math,13,64,14,36,0.0018450184501845018
prefill,math,14,1,8,822,0.04212792127921279
prefill,math,14,2,62,621,0.031826568265682656
prefill,math,14,3,11,559,0.028649036490364904
prefill,math,14,4,42,554,0.02839278392783928
prefill,math,14,5,12,532,0.027265272652726526
prefill,math,14,6,21,515,0.0263940139401394
prefill,math,14,7,60,495,0.0253690036900369
prefill,math,14,8,9,479,0.0245489954899549
prefill,math,14,9,52,479,0.0245489954899549
prefill,math,14,10,43,465,0.02383148831488315
prefill,math,14,11,58,462,0.023677736777367772
prefill,math,14,12,25,460,0.023575235752357523
prefill,math,14,13,34,448,0.022960229602296024
prefill,math,14,14,63,443,0.0227039770397704
prefill,math,14,15,45,441,0.022601476014760147
prefill,math,14,16,44,441,0.022601476014760147
prefill,math,14,17,22,440,0.022550225502255022
prefill,math,14,18,16,439,0.022498974989749898
prefill,math,14,19,49,414,0.021217712177121772
prefill,math,14,20,20,399,0.020448954489544896
prefill,math,14,21,6,391,0.020038950389503894
prefill,math,14,22,15,388,0.01988519885198852
prefill,math,14,23,53,382,0.019577695776957768
prefill,math,14,24,24,371,0.019013940139401393
prefill,math,14,25,57,359,0.018398933989339894
prefill,math,14,26,59,356,0.018245182451824517
prefill,math,14,27,37,345,0.017681426814268143
prefill,math,14,28,1,330,0.016912669126691267
prefill,math,14,29,31,327,0.01675891758917589
prefill,math,14,30,29,325,0.01665641656416564
prefill,math,14,31,38,315,0.01614391143911439
prefill,math,14,32,18,300,0.015375153751537515
prefill,math,14,33,23,290,0.014862648626486265
prefill,math,14,34,10,289,0.01481139811398114
prefill,math,14,35,0,285,0.01460639606396064
prefill,math,14,36,3,269,0.01378638786387864
prefill,math,14,37,54,268,0.013735137351373513
prefill,math,14,38,36,262,0.013427634276342764
prefill,math,14,39,50,249,0.012761377613776138
prefill,math,14,40,35,228,0.011685116851168511
prefill,math,14,41,2,226,0.01158261582615826
prefill,math,14,42,17,213,0.010916359163591636
prefill,math,14,43,13,211,0.010813858138581385
prefill,math,14,44,48,211,0.010813858138581385
prefill,math,14,45,5,201,0.010301353013530135
prefill,math,14,46,7,194,0.00994259942599426
prefill,math,14,47,39,180,0.00922509225092251
prefill,math,14,48,40,180,0.00922509225092251
prefill,math,14,49,28,173,0.008866338663386633
prefill,math,14,50,46,171,0.008763837638376383
prefill,math,14,51,61,165,0.008456334563345633
prefill,math,14,52,4,155,0.007943829438294383
prefill,math,14,53,19,143,0.007328823288232882
prefill,math,14,54,51,127,0.006508815088150882
prefill,math,14,55,56,111,0.005688806888068881
prefill,math,14,56,30,111,0.005688806888068881
prefill,math,14,57,47,109,0.00558630586305863
prefill,math,14,58,27,101,0.00517630176301763
prefill,math,14,59,41,80,0.004100041000410004
prefill,math,14,60,32,67,0.0034337843378433783
prefill,math,14,61,26,51,0.0026137761377613778
prefill,math,14,62,14,50,0.0025625256252562525
prefill,math,14,63,33,38,0.001947519475194752
prefill,math,14,64,55,7,0.0003587535875358754
prefill,math,15,1,48,863,0.04422919229192292
prefill,math,15,2,39,770,0.03946289462894629
prefill,math,15,3,3,725,0.037156621566215665
prefill,math,15,4,51,559,0.028649036490364904
prefill,math,15,5,17,531,0.0272140221402214
prefill,math,15,6,58,525,0.026906519065190652
prefill,math,15,7,60,518,0.026547765477654778
prefill,math,15,8,8,513,0.026291512915129153
prefill,math,15,9,24,508,0.026035260352603527
prefill,math,15,10,22,504,0.025830258302583026
prefill,math,15,11,2,465,0.02383148831488315
prefill,math,15,12,27,456,0.023370233702337023
prefill,math,15,13,45,412,0.02111521115211152
prefill,math,15,14,30,408,0.020910209102091022
prefill,math,15,15,1,400,0.02050020500205002
prefill,math,15,16,52,397,0.020346453464534644
prefill,math,15,17,23,397,0.020346453464534644
prefill,math,15,18,9,378,0.01937269372693727
prefill,math,15,19,29,377,0.019321443214432143
prefill,math,15,20,59,376,0.01927019270192702
prefill,math,15,21,38,361,0.018501435014350143
prefill,math,15,22,34,344,0.017630176301763018
prefill,math,15,23,55,343,0.017578925789257894
prefill,math,15,24,20,339,0.017373923739237393
prefill,math,15,25,44,334,0.017117671176711768
prefill,math,15,26,56,315,0.01614391143911439
prefill,math,15,27,46,313,0.016041410414104142
prefill,math,15,28,10,309,0.01583640836408364
prefill,math,15,29,54,309,0.01583640836408364
prefill,math,15,30,12,298,0.015272652726527265
prefill,math,15,31,5,296,0.015170151701517014
prefill,math,15,32,37,293,0.01501640016400164
prefill,math,15,33,63,288,0.014760147601476014
prefill,math,15,34,13,281,0.014401394013940139
prefill,math,15,35,53,272,0.013940139401394014
prefill,math,15,36,47,269,0.01378638786387864
prefill,math,15,37,11,252,0.012915129151291513
prefill,math,15,38,21,249,0.012761377613776138
prefill,math,15,39,4,246,0.012607626076260762
prefill,math,15,40,61,237,0.012146371463714637
prefill,math,15,41,16,228,0.011685116851168511
prefill,math,15,42,26,223,0.011428864288642886
prefill,math,15,43,28,222,0.011377613776137762
prefill,math,15,44,18,221,0.011326363263632636
prefill,math,15,45,40,211,0.010813858138581385
prefill,math,15,46,19,192,0.00984009840098401
prefill,math,15,47,31,172,0.008815088150881509
prefill,math,15,48,50,168,0.008610086100861008
prefill,math,15,49,41,166,0.008507585075850758
prefill,math,15,50,62,164,0.008405084050840509
prefill,math,15,51,36,162,0.008302583025830259
prefill,math,15,52,14,161,0.008251332513325133
prefill,math,15,53,57,151,0.007738827388273883
prefill,math,15,54,15,148,0.007585075850758507
prefill,math,15,55,32,119,0.006098810988109881
prefill,math,15,56,0,115,0.005893808938089381
prefill,math,15,57,35,114,0.005842558425584256
prefill,math,15,58,43,111,0.005688806888068881
prefill,math,15,59,49,94,0.004817548175481755
prefill,math,15,60,33,86,0.0044075440754407546
prefill,math,15,61,42,84,0.004305043050430504
prefill,math,15,62,6,61,0.0031262812628126283
prefill,math,15,63,7,55,0.002818778187781878
prefill,math,15,64,25,54,0.0027675276752767526
