phase,domain,layer_id,rank,expert_id,selections,probability
prefill,__all__,0,1,6,6772,0.060820520189682425
prefill,__all__,0,2,41,4194,0.03766704986348613
prefill,__all__,0,3,21,3410,0.030625808305791064
prefill,__all__,0,4,58,2638,0.023692340853570915
prefill,__all__,0,5,53,2380,0.021375197585860036
prefill,__all__,0,6,54,2355,0.021150668199453944
prefill,__all__,0,7,40,2297,0.02062976002299181
prefill,__all__,0,8,61,2295,0.02061179767207932
prefill,__all__,0,9,25,2277,0.020450136513866936
prefill,__all__,0,10,29,2141,0.01922869665181779
prefill,__all__,0,11,13,2085,0.018725750826268144
prefill,__all__,0,12,19,2071,0.018600014369880728
prefill,__all__,0,13,22,2032,0.018249748527087224
prefill,__all__,0,14,24,1994,0.017908463859749965
prefill,__all__,0,15,17,1876,0.016848685155913205
prefill,__all__,0,16,49,1871,0.016803779278631987
prefill,__all__,0,17,60,1866,0.01675887340135077
prefill,__all__,0,18,39,1850,0.01661517459405087
prefill,__all__,0,19,18,1840,0.016525362839488432
prefill,__all__,0,20,46,1777,0.015959548785745077
prefill,__all__,0,21,0,1767,0.01586973703118264
prefill,__all__,0,22,7,1765,0.015851774680270155
prefill,__all__,0,23,12,1736,0.015591320592039087
prefill,__all__,0,24,20,1714,0.015393734732001724
prefill,__all__,0,25,8,1706,0.015321885328351775
prefill,__all__,0,26,55,1704,0.015303922977439287
prefill,__all__,0,27,33,1698,0.015250035924701824
prefill,__all__,0,28,59,1672,0.015016525362839489
prefill,__all__,0,29,5,1654,0.014854864204627102
prefill,__all__,0,30,36,1636,0.014693203046414714
prefill,__all__,0,31,38,1634,0.014675240695502228
prefill,__all__,0,32,26,1621,0.01455848541457106
prefill,__all__,0,33,42,1604,0.014405805431814916
prefill,__all__,0,34,30,1601,0.014378861905446185
prefill,__all__,0,35,43,1584,0.014226181922690042
prefill,__all__,0,36,44,1516,0.013615461991665469
prefill,__all__,0,37,47,1502,0.013489725535278057
prefill,__all__,0,38,16,1488,0.013363989078890645
prefill,__all__,0,39,14,1467,0.013175384394309528
prefill,__all__,0,40,62,1464,0.013148440867940796
prefill,__all__,0,41,32,1411,0.012672438568759879
prefill,__all__,0,42,51,1400,0.012573645638741198
prefill,__all__,0,43,10,1370,0.012304210375053887
prefill,__all__,0,44,45,1367,0.012277266848685155
prefill,__all__,0,45,48,1360,0.01221439862049145
prefill,__all__,0,46,31,1356,0.012178473918666475
prefill,__all__,0,47,37,1323,0.011882095128610432
prefill,__all__,0,48,27,1314,0.01180126454950424
prefill,__all__,0,49,57,1301,0.011684509268573071
prefill,__all__,0,50,3,1294,0.011621641040379365
prefill,__all__,0,51,2,1271,0.01141507400488576
prefill,__all__,0,52,1,1260,0.011316281074867079
prefill,__all__,0,53,15,1260,0.011316281074867079
prefill,__all__,0,54,63,1255,0.01127137519758586
prefill,__all__,0,55,50,1212,0.01088518465296738
prefill,__all__,0,56,4,1208,0.010849259951142406
prefill,__all__,0,57,52,1191,0.010696579968386263
prefill,__all__,0,58,11,1124,0.010094841212817934
prefill,__all__,0,59,56,1114,0.010005029458255496
prefill,__all__,0,60,9,1065,0.009564951860899555
prefill,__all__,0,61,35,1036,0.009304497772668487
prefill,__all__,0,62,28,1024,0.009196723667193563
prefill,__all__,0,63,23,784,0.007041241557695071
prefill,__all__,0,64,34,490,0.00440077597355942
prefill,__all__,1,1,47,4414,0.03964290846385975
prefill,__all__,1,2,25,4124,0.037038367581549075
prefill,__all__,1,3,18,4078,0.036625233510561864
prefill,__all__,1,4,11,3328,0.02988935191837908
prefill,__all__,1,5,15,2871,0.0257849547348757
prefill,__all__,1,6,42,2694,0.024195286679120562
prefill,__all__,1,7,5,2519,0.022623580974277913
prefill,__all__,1,8,27,2361,0.021204555252191407
prefill,__all__,1,9,21,2303,0.020683647075729273
prefill,__all__,1,10,32,2264,0.020333381232935765
prefill,__all__,1,11,40,2216,0.019902284811036067
prefill,__all__,1,12,37,2197,0.019731642477367438
prefill,__all__,1,13,29,2191,0.019677755424629975
prefill,__all__,1,14,17,2098,0.01884250610719931
prefill,__all__,1,15,62,2073,0.018617976720793218
prefill,__all__,1,16,31,1995,0.017917445035206207
prefill,__all__,1,17,23,1994,0.017908463859749965
prefill,__all__,1,18,53,1973,0.017719859175168846
prefill,__all__,1,19,59,1970,0.017692915648800114
prefill,__all__,1,20,48,1960,0.01760310389423768
prefill,__all__,1,21,45,1907,0.01712710159505676
prefill,__all__,1,22,60,1906,0.017118120419600518
prefill,__all__,1,23,19,1885,0.0169295157350194
prefill,__all__,1,24,9,1842,0.01654332519040092
prefill,__all__,1,25,14,1835,0.016480456962207214
prefill,__all__,1,26,35,1803,0.016193059347607414
prefill,__all__,1,27,41,1772,0.01591464290846386
prefill,__all__,1,28,12,1729,0.01552845236384538
prefill,__all__,1,29,1,1677,0.015061431240120706
prefill,__all__,1,30,49,1664,0.01494467595918954
prefill,__all__,1,31,44,1650,0.014818939502802126
prefill,__all__,1,32,8,1645,0.014774033625520908
prefill,__all__,1,33,7,1618,0.014531541888202328
prefill,__all__,1,34,63,1614,0.014495617186377353
prefill,__all__,1,35,39,1611,0.014468673660008622
prefill,__all__,1,36,20,1600,0.014369880729989942
prefill,__all__,1,37,61,1589,0.01427108779997126
prefill,__all__,1,38,51,1548,0.013902859606265267
prefill,__all__,1,39,3,1514,0.013597499640752981
prefill,__all__,1,40,34,1488,0.013363989078890645
prefill,__all__,1,41,13,1481,0.01330112085069694
prefill,__all__,1,42,24,1421,0.012762250323322316
prefill,__all__,1,43,30,1413,0.012690400919672367
prefill,__all__,1,44,52,1361,0.012223379795947694
prefill,__all__,1,45,16,1351,0.012133568041385257
prefill,__all__,1,46,54,1333,0.011971906883172869
prefill,__all__,1,47,50,1327,0.011918019830435408
prefill,__all__,1,48,55,1271,0.01141507400488576
prefill,__all__,1,49,58,1226,0.011010921109354792
prefill,__all__,1,50,0,1210,0.010867222302054893
prefill,__all__,1,51,2,1202,0.010795372898404943
prefill,__all__,1,52,4,1165,0.010463069406523926
prefill,__all__,1,53,36,1117,0.010031972984624228
prefill,__all__,1,54,33,1009,0.009062006035349906
prefill,__all__,1,55,57,948,0.00851415433251904
prefill,__all__,1,56,6,919,0.008253700244287973
prefill,__all__,1,57,22,900,0.008083057910619341
prefill,__all__,1,58,46,896,0.008047133208794367
prefill,__all__,1,59,56,791,0.007104109785888777
prefill,__all__,1,60,28,783,0.007032260382238828
prefill,__all__,1,61,26,770,0.006915505101307659
prefill,__all__,1,62,38,754,0.00677180629400776
prefill,__all__,1,63,10,623,0.0055952723092398335
prefill,__all__,1,64,43,553,0.004966590027302774
prefill,__all__,2,1,40,5222,0.04689969823250467
prefill,__all__,2,2,60,3268,0.029350481391004456
prefill,__all__,2,3,34,3219,0.028910403793648513
prefill,__all__,2,4,5,3146,0.028254777985342722
prefill,__all__,2,5,45,3052,0.027410547492455813
prefill,__all__,2,6,14,2708,0.024321023135507977
prefill,__all__,2,7,61,2612,0.023458830291708577
prefill,__all__,2,8,16,2390,0.021465009340422475
prefill,__all__,2,9,22,2329,0.020917157637591607
prefill,__all__,2,10,9,2325,0.020881232935766634
prefill,__all__,2,11,58,2214,0.01988432246012358
prefill,__all__,2,12,35,2160,0.01939933898548642
prefill,__all__,2,13,38,2126,0.019093979019974134
prefill,__all__,2,14,4,2057,0.018474277913493316
prefill,__all__,2,15,24,1984,0.017818652105187526
prefill,__all__,2,16,29,1974,0.01772884035062509
prefill,__all__,2,17,57,1941,0.017432461560569046
prefill,__all__,2,18,62,1938,0.017405518034200314
prefill,__all__,2,19,63,1903,0.017091176893231787
prefill,__all__,2,20,32,1881,0.016893591033194426
prefill,__all__,2,21,26,1870,0.016794798103175742
prefill,__all__,2,22,59,1850,0.01661517459405087
prefill,__all__,2,23,23,1845,0.01657026871676965
prefill,__all__,2,24,10,1831,0.016444532260382238
prefill,__all__,2,25,30,1806,0.016220002873976146
prefill,__all__,2,26,28,1802,0.016184078172151173
prefill,__all__,2,27,15,1785,0.01603139818939503
prefill,__all__,2,28,46,1785,0.01603139818939503
prefill,__all__,2,29,47,1764,0.01584279350481391
prefill,__all__,2,30,12,1751,0.015726038223882743
prefill,__all__,2,31,19,1726,0.01550150883747665
prefill,__all__,2,32,36,1700,0.015267998275614312
prefill,__all__,2,33,21,1697,0.015241054749245581
prefill,__all__,2,34,48,1651,0.014827920678258371
prefill,__all__,2,35,41,1617,0.014522560712746085
prefill,__all__,2,36,20,1617,0.014522560712746085
prefill,__all__,2,37,1,1608,0.01444173013363989
prefill,__all__,2,38,44,1595,0.014324974852708722
prefill,__all__,2,39,56,1581,0.01419923839632131
prefill,__all__,2,40,54,1578,0.014172294869952579
prefill,__all__,2,41,33,1544,0.013866934904440293
prefill,__all__,2,42,39,1498,0.013453800833453083
prefill,__all__,2,43,0,1470,0.01320232792067826
prefill,__all__,2,44,7,1467,0.013175384394309528
prefill,__all__,2,45,8,1457,0.01308557263974709
prefill,__all__,2,46,27,1434,0.012879005604253485
prefill,__all__,2,47,53,1377,0.012367078603247593
prefill,__all__,2,48,3,1335,0.011989869234085357
prefill,__all__,2,49,25,1238,0.011118695214829716
prefill,__all__,2,50,50,1200,0.010777410547492455
prefill,__all__,2,51,13,1174,0.01054389998563012
prefill,__all__,2,52,6,1157,0.010391220002873977
prefill,__all__,2,53,49,1107,0.00994216123006179
prefill,__all__,2,54,18,1099,0.009870311826411841
prefill,__all__,2,55,11,1079,0.009690688317286967
prefill,__all__,2,56,52,1066,0.009573933036355798
prefill,__all__,2,57,37,984,0.008837476648943814
prefill,__all__,2,58,17,935,0.008397399051587871
prefill,__all__,2,59,31,861,0.0077327920678258374
prefill,__all__,2,60,43,695,0.006241916942089381
prefill,__all__,2,61,42,691,0.006205992240264406
prefill,__all__,2,62,2,654,0.005873688748383388
prefill,__all__,2,63,55,508,0.004562437131771806
prefill,__all__,2,64,51,406,0.0036463572352349477
prefill,__all__,3,1,52,4098,0.036804857019686735
prefill,__all__,3,2,15,3890,0.034936772524788044
prefill,__all__,3,3,9,3645,0.03273638453800833
prefill,__all__,3,4,43,3462,0.031092829429515734
prefill,__all__,3,5,31,2953,0.026521411122287685
prefill,__all__,3,6,30,2888,0.025937634717631844
prefill,__all__,3,7,62,2823,0.025353858312976003
prefill,__all__,3,8,23,2721,0.024437778416439144
prefill,__all__,3,9,20,2649,0.023791133783589595
prefill,__all__,3,10,12,2591,0.02327022560712746
prefill,__all__,3,11,19,2474,0.022219428078746946
prefill,__all__,3,12,61,2421,0.02174342577956603
prefill,__all__,3,13,38,2410,0.02164463284954735
prefill,__all__,3,14,49,2345,0.02106085644489151
prefill,__all__,3,15,59,2284,0.02051300474206064
prefill,__all__,3,16,42,2218,0.019920247161948557
prefill,__all__,3,17,54,2147,0.019282583704555253
prefill,__all__,3,18,37,2062,0.018519183790774538
prefill,__all__,3,19,22,2013,0.018079106193418595
prefill,__all__,3,20,40,2011,0.01806114384250611
prefill,__all__,3,21,33,1975,0.017737821526081332
prefill,__all__,3,22,45,1971,0.01770189682425636
prefill,__all__,3,23,48,1958,0.01758514154332519
prefill,__all__,3,24,56,1870,0.016794798103175742
prefill,__all__,3,25,25,1861,0.01671396752406955
prefill,__all__,3,26,18,1848,0.01659721224313838
prefill,__all__,3,27,29,1819,0.016336758154907316
prefill,__all__,3,28,28,1811,0.016264908751257363
prefill,__all__,3,29,39,1740,0.01562724529386406
prefill,__all__,3,30,0,1712,0.015375772381089238
prefill,__all__,3,31,57,1660,0.014908751257364563
prefill,__all__,3,32,58,1610,0.014459692484552379
prefill,__all__,3,33,55,1604,0.014405805431814916
prefill,__all__,3,34,46,1523,0.013678330219859175
prefill,__all__,3,35,4,1508,0.01354361258801552
prefill,__all__,3,36,47,1499,0.013462782008909326
prefill,__all__,3,37,11,1457,0.01308557263974709
prefill,__all__,3,38,36,1446,0.01298677970972841
prefill,__all__,3,39,50,1422,0.01277123149877856
prefill,__all__,3,40,44,1392,0.01250179623509125
prefill,__all__,3,41,10,1387,0.01245689035781003
prefill,__all__,3,42,24,1384,0.012429946831441298
prefill,__all__,3,43,63,1383,0.012420965655985055
prefill,__all__,3,44,3,1297,0.011648584566748096
prefill,__all__,3,45,35,1256,0.011280356373042104
prefill,__all__,3,46,6,1235,0.011091751688460987
prefill,__all__,3,47,32,1234,0.011082770513004742
prefill,__all__,3,48,14,1177,0.010570843511998851
prefill,__all__,3,49,34,1161,0.010427144704698951
prefill,__all__,3,50,41,1142,0.01025650237103032
prefill,__all__,3,51,51,1127,0.010121784739186665
prefill,__all__,3,52,2,1101,0.009888274177324328
prefill,__all__,3,53,7,1094,0.009825405949130622
prefill,__all__,3,54,8,1082,0.009717631843655698
prefill,__all__,3,55,27,1009,0.009062006035349906
prefill,__all__,3,56,5,841,0.007553168558700963
prefill,__all__,3,57,1,786,0.007059203908607559
prefill,__all__,3,58,21,719,0.00645746515303923
prefill,__all__,3,59,60,665,0.005972481678402069
prefill,__all__,3,60,53,587,0.00527194999281506
prefill,__all__,3,61,16,522,0.004688173588159218
prefill,__all__,3,62,13,484,0.004346888920821957
prefill,__all__,3,63,17,446,0.004005604253484696
prefill,__all__,3,64,26,434,0.0038978301480097717
prefill,__all__,4,1,17,5307,0.04766309814628539
prefill,__all__,4,2,21,4842,0.04348685155913206
prefill,__all__,4,3,19,3918,0.03518824543756287
prefill,__all__,4,4,34,3106,0.027895530967092973
prefill,__all__,4,5,26,3073,0.027599152177036932
prefill,__all__,4,6,62,3064,0.027518321597930738
prefill,__all__,4,7,25,3062,0.027500359247018248
prefill,__all__,4,8,47,3018,0.027105187526943526
prefill,__all__,4,9,23,2728,0.024500646644632848
prefill,__all__,4,10,55,2723,0.02445574076735163
prefill,__all__,4,11,43,2526,0.02268644920247162
prefill,__all__,4,12,49,2405,0.021599726972266132
prefill,__all__,4,13,8,2285,0.020521985917516885
prefill,__all__,4,14,52,2277,0.020450136513866936
prefill,__all__,4,15,6,2275,0.020432174162954446
prefill,__all__,4,16,45,2176,0.01954303779278632
prefill,__all__,4,17,58,2172,0.019507113090961346
prefill,__all__,4,18,35,2120,0.01904009196723667
prefill,__all__,4,19,59,2069,0.018582052018968242
prefill,__all__,4,20,48,2057,0.018474277913493316
prefill,__all__,4,21,42,1987,0.017845595631556257
prefill,__all__,4,22,41,1923,0.01727080040235666
prefill,__all__,4,23,37,1874,0.016830722805000718
prefill,__all__,4,24,61,1852,0.016633136944963357
prefill,__all__,4,25,39,1844,0.016561287541313408
prefill,__all__,4,26,7,1811,0.016264908751257363
prefill,__all__,4,27,36,1737,0.01560030176749533
prefill,__all__,4,28,14,1630,0.014639315993677253
prefill,__all__,4,29,50,1609,0.014450711309096134
prefill,__all__,4,30,10,1606,0.014423767782727403
prefill,__all__,4,31,51,1588,0.014262106624515016
prefill,__all__,4,32,27,1513,0.013588518465296738
prefill,__all__,4,33,24,1460,0.013112516166115822
prefill,__all__,4,34,11,1460,0.013112516166115822
prefill,__all__,4,35,60,1439,0.012923911481534702
prefill,__all__,4,36,4,1391,0.012492815059635004
prefill,__all__,4,37,56,1386,0.012447909182353787
prefill,__all__,4,38,5,1386,0.012447909182353787
prefill,__all__,4,39,1,1245,0.011181563443023424
prefill,__all__,4,40,13,1222,0.010974996407529818
prefill,__all__,4,41,38,1220,0.01095703405661733
prefill,__all__,4,42,28,1201,0.0107863917229487
prefill,__all__,4,43,9,1176,0.010561862336542606
prefill,__all__,4,44,29,1134,0.010184652967380371
prefill,__all__,4,45,2,1130,0.010148728265555396
prefill,__all__,4,46,57,1116,0.010022991809167985
prefill,__all__,4,47,40,1094,0.009825405949130622
prefill,__all__,4,48,16,1078,0.009681707141830722
prefill,__all__,4,49,12,1057,0.009493102457249604
prefill,__all__,4,50,33,1042,0.00935838482540595
prefill,__all__,4,51,22,980,0.00880155194711884
prefill,__all__,4,52,20,931,0.008361474349762896
prefill,__all__,4,53,53,926,0.008316568472481679
prefill,__all__,4,54,3,915,0.008217775542462998
prefill,__all__,4,55,18,892,0.008011208506969392
prefill,__all__,4,56,63,881,0.007912415576950712
prefill,__all__,4,57,30,811,0.007283733295013651
prefill,__all__,4,58,44,791,0.007104109785888777
prefill,__all__,4,59,31,774,0.006951429803132634
prefill,__all__,4,60,32,741,0.006655051013076591
prefill,__all__,4,61,46,694,0.0062329357666331365
prefill,__all__,4,62,54,682,0.006125161661158212
prefill,__all__,4,63,15,519,0.004661230061790487
prefill,__all__,4,64,0,393,0.0035296019543037795
prefill,__all__,5,1,0,5791,0.05200998706710734
prefill,__all__,5,2,42,4723,0.04241809167983906
prefill,__all__,5,3,2,4190,0.03763112516166116
prefill,__all__,5,4,10,3570,0.03206279637879006
prefill,__all__,5,5,21,2835,0.025461632418450928
prefill,__all__,5,6,14,2800,0.025147291277482397
prefill,__all__,5,7,17,2607,0.02341392441442736
prefill,__all__,5,8,52,2568,0.023063658571633856
prefill,__all__,5,9,6,2561,0.023000790343440148
prefill,__all__,5,10,40,2551,0.022910978588877712
prefill,__all__,5,11,8,2428,0.021806294007759734
prefill,__all__,5,12,23,2213,0.019875341284667336
prefill,__all__,5,13,54,2171,0.0194981319155051
prefill,__all__,5,14,57,2136,0.019183790774536573
prefill,__all__,5,15,60,2130,0.01912990372179911
prefill,__all__,5,16,55,2128,0.01911194137088662
prefill,__all__,5,17,63,2123,0.019067035493605403
prefill,__all__,5,18,22,2117,0.01901314844086794
prefill,__all__,5,19,31,2109,0.01894129903721799
prefill,__all__,5,20,19,2076,0.01864492024716195
prefill,__all__,5,21,58,2074,0.01862695789624946
prefill,__all__,5,22,20,2047,0.01838446615893088
prefill,__all__,5,23,13,2018,0.018124012070699812
prefill,__all__,5,24,32,1942,0.01744144273602529
prefill,__all__,5,25,30,1870,0.016794798103175742
prefill,__all__,5,26,37,1787,0.016049360540307516
prefill,__all__,5,27,45,1721,0.01545660296019543
prefill,__all__,5,28,35,1711,0.015366791205632993
prefill,__all__,5,29,11,1653,0.014845883029170857
prefill,__all__,5,30,53,1644,0.014765052450064665
prefill,__all__,5,31,39,1643,0.01475607127460842
prefill,__all__,5,32,18,1632,0.01465727834458974
prefill,__all__,5,33,44,1592,0.01429803132633999
prefill,__all__,5,34,34,1563,0.014037577238108924
prefill,__all__,5,35,43,1504,0.013507687886190545
prefill,__all__,5,36,50,1488,0.013363989078890645
prefill,__all__,5,37,41,1483,0.013319083201609426
prefill,__all__,5,38,28,1472,0.013220290271590746
prefill,__all__,5,39,51,1422,0.01277123149877856
prefill,__all__,5,40,26,1393,0.012510777410547493
prefill,__all__,5,41,27,1365,0.012259304497772669
prefill,__all__,5,42,16,1242,0.011154619916654692
prefill,__all__,5,43,33,1166,0.010472050581980169
prefill,__all__,5,44,9,1128,0.010130765914642908
prefill,__all__,5,45,15,1080,0.00969966949274321
prefill,__all__,5,46,62,1038,0.009322460123580975
prefill,__all__,5,47,4,1022,0.009178761316281075
prefill,__all__,5,48,1,1018,0.0091428366144561
prefill,__all__,5,49,49,997,0.008954231929874983
prefill,__all__,5,50,7,970,0.008711740192556402
prefill,__all__,5,51,59,967,0.00868479666618767
prefill,__all__,5,52,56,887,0.007966302629688173
prefill,__all__,5,53,38,883,0.007930377927863198
prefill,__all__,5,54,48,873,0.007840566173300761
prefill,__all__,5,55,46,837,0.0075172438568759875
prefill,__all__,5,56,24,792,0.007113090961345021
prefill,__all__,5,57,5,783,0.007032260382238828
prefill,__all__,5,58,47,778,0.006987354504957609
prefill,__all__,5,59,61,777,0.006978373329501365
prefill,__all__,5,60,29,748,0.006717919241270297
prefill,__all__,5,61,12,728,0.006538295732145423
prefill,__all__,5,62,3,659,0.005918594625664607
prefill,__all__,5,63,36,564,0.005065382957321454
prefill,__all__,5,64,25,556,0.004993533553671504
prefill,__all__,6,1,18,6152,0.05525219140681133
prefill,__all__,6,2,52,4487,0.040298534272165544
prefill,__all__,6,3,57,4455,0.04001113665756574
prefill,__all__,6,4,42,3768,0.033841069119126314
prefill,__all__,6,5,61,3743,0.03361653973272022
prefill,__all__,6,6,5,3652,0.03279925276620204
prefill,__all__,6,7,36,3552,0.03190113522057767
prefill,__all__,6,8,62,2965,0.02662918522776261
prefill,__all__,6,9,24,2712,0.02435694783733295
prefill,__all__,6,10,2,2620,0.02353067969535853
prefill,__all__,6,11,55,2592,0.023279206782583703
prefill,__all__,6,12,20,2438,0.021896105762322173
prefill,__all__,6,13,40,2277,0.020450136513866936
prefill,__all__,6,14,16,2217,0.019911265986492312
prefill,__all__,6,15,26,2074,0.01862695789624946
prefill,__all__,6,16,1,2067,0.018564089668055755
prefill,__all__,6,17,48,2022,0.01815993677252479
prefill,__all__,6,18,9,2004,0.0179982756143124
prefill,__all__,6,19,0,1968,0.017674953297887628
prefill,__all__,6,20,59,1965,0.017648009771518897
prefill,__all__,6,21,3,1940,0.017423480385112804
prefill,__all__,6,22,45,1928,0.01731570627963788
prefill,__all__,6,23,47,1798,0.016148153470326197
prefill,__all__,6,24,35,1794,0.01611222876850122
prefill,__all__,6,25,38,1738,0.015609282942951573
prefill,__all__,6,26,21,1730,0.015537433539301624
prefill,__all__,6,27,12,1712,0.015375772381089238
prefill,__all__,6,28,15,1655,0.014863845380083346
prefill,__all__,6,29,28,1644,0.014765052450064665
prefill,__all__,6,30,6,1598,0.014351918379077453
prefill,__all__,6,31,49,1548,0.013902859606265267
prefill,__all__,6,32,39,1517,0.013624443167121712
prefill,__all__,6,33,63,1477,0.013265196148871965
prefill,__all__,6,34,13,1409,0.012654476217847392
prefill,__all__,6,35,25,1407,0.012636513866934904
prefill,__all__,6,36,17,1384,0.012429946831441298
prefill,__all__,6,37,44,1347,0.012097643339560281
prefill,__all__,6,38,4,1343,0.012061718637735306
prefill,__all__,6,39,58,1326,0.011909038654979163
prefill,__all__,6,40,30,1324,0.011891076304066677
prefill,__all__,6,41,54,1311,0.011774321023135508
prefill,__all__,6,42,53,1296,0.011639603391291851
prefill,__all__,6,43,23,1227,0.011019902284811036
prefill,__all__,6,44,8,1215,0.010912128179336112
prefill,__all__,6,45,22,1160,0.010418163529242708
prefill,__all__,6,46,50,1156,0.010382238827417732
prefill,__all__,6,47,10,1151,0.010337332950136514
prefill,__all__,6,48,27,955,0.008577022560712745
prefill,__all__,6,49,32,940,0.00844230492886909
prefill,__all__,6,50,19,938,0.008424342577956602
prefill,__all__,6,51,29,932,0.008370455525219141
prefill,__all__,6,52,56,924,0.00829860612156919
prefill,__all__,6,53,33,888,0.007975283805144418
prefill,__all__,6,54,7,772,0.006933467452220146
prefill,__all__,6,55,43,755,0.006780787469464003
prefill,__all__,6,56,41,713,0.006403578100301768
prefill,__all__,6,57,11,687,0.006170067538439431
prefill,__all__,6,58,46,663,0.005954519327489582
prefill,__all__,6,59,37,650,0.005837764046558414
prefill,__all__,6,60,51,394,0.003538583129760023
prefill,__all__,6,61,31,391,0.003511639603391292
prefill,__all__,6,62,60,371,0.0033320160942664177
prefill,__all__,6,63,14,348,0.0031254490587728123
prefill,__all__,6,64,34,158,0.0014190257220865067
prefill,__all__,7,1,4,5583,0.05014190257220865
prefill,__all__,7,2,17,5113,0.045920750107774105
prefill,__all__,7,3,35,3341,0.030006107199310246
prefill,__all__,7,4,46,3269,0.029359462566460697
prefill,__all__,7,5,2,3065,0.02752730277338698
prefill,__all__,7,6,38,3016,0.02708722517603104
prefill,__all__,7,7,1,2940,0.02640465584135652
prefill,__all__,7,8,29,2756,0.024752119557407675
prefill,__all__,7,9,21,2725,0.024473703118264117
prefill,__all__,7,10,48,2569,0.0230726397470901
prefill,__all__,7,11,23,2557,0.022964865641615175
prefill,__all__,7,12,5,2526,0.02268644920247162
prefill,__all__,7,13,37,2463,0.022120635148728265
prefill,__all__,7,14,58,2449,0.021994898692340854
prefill,__all__,7,15,32,2327,0.02089919528667912
prefill,__all__,7,16,26,2325,0.020881232935766634
prefill,__all__,7,17,0,2258,0.020279494180198303
prefill,__all__,7,18,56,2223,0.019965153039229775
prefill,__all__,7,19,54,2198,0.019740623652823683
prefill,__all__,7,20,44,2145,0.019264621353642764
prefill,__all__,7,21,18,2018,0.018124012070699812
prefill,__all__,7,22,61,2011,0.01806114384250611
prefill,__all__,7,23,41,1909,0.01714506394596925
prefill,__all__,7,24,39,1889,0.016965440436844375
prefill,__all__,7,25,31,1816,0.016309814628538585
prefill,__all__,7,26,45,1806,0.016220002873976146
prefill,__all__,7,27,63,1781,0.015995473487570053
prefill,__all__,7,28,19,1714,0.015393734732001724
prefill,__all__,7,29,36,1689,0.015169205345595632
prefill,__all__,7,30,43,1649,0.014809958327345883
prefill,__all__,7,31,15,1574,0.014136370168127604
prefill,__all__,7,32,55,1571,0.014109426641758873
prefill,__all__,7,33,47,1562,0.01402859606265268
prefill,__all__,7,34,24,1511,0.013570556114384251
prefill,__all__,7,35,52,1471,0.013211309096134502
prefill,__all__,7,36,34,1426,0.012807156200603536
prefill,__all__,7,37,14,1424,0.012789193849691047
prefill,__all__,7,38,13,1357,0.012187455094122718
prefill,__all__,7,39,16,1329,0.011935982181347895
prefill,__all__,7,40,62,1310,0.011765339847679265
prefill,__all__,7,41,12,1278,0.011477942233079465
prefill,__all__,7,42,11,1264,0.011352205776692053
prefill,__all__,7,43,40,1260,0.011316281074867079
prefill,__all__,7,44,10,1197,0.010750467021123724
prefill,__all__,7,45,59,1187,0.010660655266561287
prefill,__all__,7,46,20,1133,0.010175671791924128
prefill,__all__,7,47,22,1112,0.009987067107343008
prefill,__all__,7,48,25,1112,0.009987067107343008
prefill,__all__,7,49,3,1111,0.009978085931886765
prefill,__all__,7,50,49,994,0.008927288403506251
prefill,__all__,7,51,9,937,0.008415361402500359
prefill,__all__,7,52,42,913,0.00819981319155051
prefill,__all__,7,53,57,897,0.00805611438425061
prefill,__all__,7,54,33,814,0.007310676821382383
prefill,__all__,7,55,53,791,0.007104109785888777
prefill,__all__,7,56,27,752,0.006753843943095273
prefill,__all__,7,57,60,693,0.006223954591176893
prefill,__all__,7,58,30,672,0.006035349906595776
prefill,__all__,7,59,6,644,0.005783876993820951
prefill,__all__,7,60,50,450,0.004041528955309671
prefill,__all__,7,61,8,430,0.0038619054461847967
prefill,__all__,7,62,7,379,0.0034038654979163673
prefill,__all__,7,63,51,332,0.002981750251472913
prefill,__all__,7,64,28,327,0.002936844374191694
prefill,__all__,8,1,54,5762,0.05174953297887627
prefill,__all__,8,2,3,4450,0.03996623078028452
prefill,__all__,8,3,37,3470,0.031164678833165683
prefill,__all__,8,4,18,3294,0.029583991952866793
prefill,__all__,8,5,11,3280,0.029458255496479378
prefill,__all__,8,6,45,3051,0.027401566316999568
prefill,__all__,8,7,51,2969,0.026665109929587583
prefill,__all__,8,8,16,2641,0.023719284379939646
prefill,__all__,8,9,20,2607,0.02341392441442736
prefill,__all__,8,10,10,2515,0.02258765627245294
prefill,__all__,8,11,57,2460,0.022093691622359534
prefill,__all__,8,12,30,2384,0.021411122287685012
prefill,__all__,8,13,35,2363,0.021222517603103893
prefill,__all__,8,14,55,2358,0.021177611725822675
prefill,__all__,8,15,12,2322,0.020854289409397903
prefill,__all__,8,16,63,2224,0.019974134214686017
prefill,__all__,8,17,17,2207,0.019821454231929873
prefill,__all__,8,18,32,2178,0.01956100014369881
prefill,__all__,8,19,1,2136,0.019183790774536573
prefill,__all__,8,20,6,2111,0.018959261388130477
prefill,__all__,8,21,42,2083,0.018707788475355654
prefill,__all__,8,22,15,2062,0.018519183790774538
prefill,__all__,8,23,34,1953,0.01754023566604397
prefill,__all__,8,24,56,1913,0.017180988647794222
prefill,__all__,8,25,52,1866,0.01675887340135077
prefill,__all__,8,26,28,1780,0.01598649231211381
prefill,__all__,8,27,29,1775,0.01594158643483259
prefill,__all__,8,28,27,1734,0.015573358241126599
prefill,__all__,8,29,50,1688,0.015160224170139389
prefill,__all__,8,30,62,1612,0.014477654835464865
prefill,__all__,8,31,53,1608,0.01444173013363989
prefill,__all__,8,32,5,1601,0.014378861905446185
prefill,__all__,8,33,33,1595,0.014324974852708722
prefill,__all__,8,34,21,1588,0.014262106624515016
prefill,__all__,8,35,14,1526,0.013705273746227906
prefill,__all__,8,36,0,1505,0.013516669061646789
prefill,__all__,8,37,58,1479,0.013283158499784451
prefill,__all__,8,38,26,1447,0.012995760885184653
prefill,__all__,8,39,61,1418,0.012735306796953585
prefill,__all__,8,40,9,1372,0.012322172725966375
prefill,__all__,8,41,23,1365,0.012259304497772669
prefill,__all__,8,42,44,1334,0.011980888058629114
prefill,__all__,8,43,24,1328,0.011927001005891651
prefill,__all__,8,44,40,1207,0.010840278775686161
prefill,__all__,8,45,25,1163,0.010445107055611438
prefill,__all__,8,46,60,1138,0.010220577669205345
prefill,__all__,8,47,38,1093,0.009816424773674379
prefill,__all__,8,48,36,1069,0.00960087656272453
prefill,__all__,8,49,2,1032,0.009268573070843512
prefill,__all__,8,50,13,922,0.008280643770656704
prefill,__all__,8,51,31,905,0.008127963787900561
prefill,__all__,8,52,47,886,0.00795732145423193
prefill,__all__,8,53,41,885,0.007948340278775686
prefill,__all__,8,54,49,872,0.007831584997844518
prefill,__all__,8,55,48,862,0.007741773243282081
prefill,__all__,8,56,19,861,0.0077327920678258374
prefill,__all__,8,57,22,782,0.007023279206782584
prefill,__all__,8,58,39,647,0.0058108205201896825
prefill,__all__,8,59,7,517,0.004643267710878
prefill,__all__,8,60,46,498,0.004472625377209369
prefill,__all__,8,61,43,458,0.004113378358959621
prefill,__all__,8,62,8,421,0.003781074867078603
prefill,__all__,8,63,59,411,0.0036912631125161663
prefill,__all__,8,64,4,301,0.0027033338123293575
prefill,__all__,9,1,5,6112,0.05489294438856158
prefill,__all__,9,2,46,4562,0.04097212243138382
prefill,__all__,9,3,50,3545,0.031838266992383964
prefill,__all__,9,4,51,3061,0.027491378071562007
prefill,__all__,9,5,7,2763,0.02481498778560138
prefill,__all__,9,6,37,2529,0.02271339272884035
prefill,__all__,9,7,13,2517,0.022605618623365426
prefill,__all__,9,8,48,2486,0.02232720218422187
prefill,__all__,9,9,4,2356,0.02115964937491019
prefill,__all__,9,10,6,2290,0.020566891794798103
prefill,__all__,9,11,52,2265,0.02034236240839201
prefill,__all__,9,12,21,2236,0.020081908320160942
prefill,__all__,9,13,55,2203,0.0197855295301049
prefill,__all__,9,14,42,2191,0.019677755424629975
prefill,__all__,9,15,39,2168,0.01947118838913637
prefill,__all__,9,16,28,2030,0.018231786176174738
prefill,__all__,9,17,58,2000,0.017962350912487428
prefill,__all__,9,18,41,1969,0.017683934473343873
prefill,__all__,9,19,0,1936,0.017387555683287828
prefill,__all__,9,20,36,1930,0.017333668630550365
prefill,__all__,9,21,17,1910,0.01715404512142549
prefill,__all__,9,22,16,1864,0.016740911050438283
prefill,__all__,9,23,38,1856,0.01666906164678833
prefill,__all__,9,24,43,1812,0.01627388992671361
prefill,__all__,9,25,32,1807,0.01622898404943239
prefill,__all__,9,26,53,1798,0.016148153470326197
prefill,__all__,9,27,18,1764,0.01584279350481391
prefill,__all__,9,28,12,1753,0.01574400057479523
prefill,__all__,9,29,26,1734,0.015573358241126599
prefill,__all__,9,30,63,1708,0.015339847679264261
prefill,__all__,9,31,1,1684,0.015124299468314412
prefill,__all__,9,32,8,1634,0.014675240695502228
prefill,__all__,9,33,27,1585,0.014235163098146285
prefill,__all__,9,34,40,1585,0.014235163098146285
prefill,__all__,9,35,54,1558,0.013992671360827704
prefill,__all__,9,36,44,1532,0.013759160798965369
prefill,__all__,9,37,29,1510,0.013561574938928006
prefill,__all__,9,38,59,1495,0.013426857307084351
prefill,__all__,9,39,2,1494,0.013417876131628108
prefill,__all__,9,40,61,1476,0.01325621497341572
prefill,__all__,9,41,20,1452,0.013040666762465871
prefill,__all__,9,42,10,1450,0.013022704411553385
prefill,__all__,9,43,33,1430,0.01284308090242851
prefill,__all__,9,44,30,1373,0.012331153901422618
prefill,__all__,9,45,23,1342,0.012052737462279063
prefill,__all__,9,46,35,1332,0.011962925707716626
prefill,__all__,9,47,47,1319,0.011846170426785457
prefill,__all__,9,48,9,1217,0.010930090530248598
prefill,__all__,9,49,11,1180,0.01059778703836758
prefill,__all__,9,50,24,1157,0.010391220002873977
prefill,__all__,9,51,60,1150,0.01032835177468027
prefill,__all__,9,52,34,1147,0.01030140824831154
prefill,__all__,9,53,14,1136,0.010202615318292859
prefill,__all__,9,54,31,1122,0.010076878861905446
prefill,__all__,9,55,49,1010,0.009070987210806151
prefill,__all__,9,56,62,933,0.008379436700675385
prefill,__all__,9,57,22,908,0.008154907314269292
prefill,__all__,9,58,45,772,0.006933467452220146
prefill,__all__,9,59,56,730,0.006556258083057911
prefill,__all__,9,60,3,667,0.005990444029314557
prefill,__all__,9,61,15,598,0.00537074292283374
prefill,__all__,9,62,25,547,0.004912702974565311
prefill,__all__,9,63,57,417,0.0037451501652536285
prefill,__all__,9,64,19,247,0.002218350337692197
prefill,__all__,10,1,56,4778,0.04291205632993246
prefill,__all__,10,2,62,3732,0.03351774680270154
prefill,__all__,10,3,2,3054,0.0274285098433683
prefill,__all__,10,4,44,2931,0.026323825262250324
prefill,__all__,10,5,43,2884,0.025901710015806868
prefill,__all__,10,6,13,2807,0.025210159505676105
prefill,__all__,10,7,17,2792,0.025075441873832448
prefill,__all__,10,8,37,2593,0.023288187958039948
prefill,__all__,10,9,16,2591,0.02327022560712746
prefill,__all__,10,10,40,2490,0.022363126886046848
prefill,__all__,10,11,30,2275,0.020432174162954446
prefill,__all__,10,12,47,2221,0.01994719068831729
prefill,__all__,10,13,5,2208,0.01983043540738612
prefill,__all__,10,14,32,2133,0.01915684724816784
prefill,__all__,10,15,6,2094,0.018806581405374334
prefill,__all__,10,16,24,2075,0.018635939071705705
prefill,__all__,10,17,53,2047,0.01838446615893088
prefill,__all__,10,18,22,2036,0.0182856732289122
prefill,__all__,10,19,31,2030,0.018231786176174738
prefill,__all__,10,20,59,2028,0.01821382382526225
prefill,__all__,10,21,38,2016,0.018106049719787326
prefill,__all__,10,22,11,1988,0.017854576807012502
prefill,__all__,10,23,36,1987,0.017845595631556257
prefill,__all__,10,24,54,1980,0.017782727403362553
prefill,__all__,10,25,0,1941,0.017432461560569046
prefill,__all__,10,26,1,1923,0.01727080040235666
prefill,__all__,10,27,52,1804,0.01620204052306366
prefill,__all__,10,28,12,1756,0.01577094410116396
prefill,__all__,10,29,23,1740,0.01562724529386406
prefill,__all__,10,30,39,1732,0.01555539589021411
prefill,__all__,10,31,14,1660,0.014908751257364563
prefill,__all__,10,32,9,1589,0.01427108779997126
prefill,__all__,10,33,41,1565,0.01405553958902141
prefill,__all__,10,34,19,1564,0.014046558413565167
prefill,__all__,10,35,45,1426,0.012807156200603536
prefill,__all__,10,36,49,1418,0.012735306796953585
prefill,__all__,10,37,8,1382,0.012411984480528812
prefill,__all__,10,38,50,1379,0.01238504095416008
prefill,__all__,10,39,3,1358,0.012196436269578963
prefill,__all__,10,40,10,1348,0.012106624515016526
prefill,__all__,10,41,34,1338,0.012016812760454089
prefill,__all__,10,42,61,1319,0.011846170426785457
prefill,__all__,10,43,7,1302,0.011693490444029314
prefill,__all__,10,44,29,1298,0.01165756574220434
prefill,__all__,10,45,35,1296,0.011639603391291851
prefill,__all__,10,46,42,1291,0.011594697514010634
prefill,__all__,10,47,15,1290,0.01158571633855439
prefill,__all__,10,48,28,1273,0.011433036355798247
prefill,__all__,10,49,60,1246,0.011190544618479667
prefill,__all__,10,50,4,1198,0.010759448196579969
prefill,__all__,10,51,20,1135,0.010193634142836614
prefill,__all__,10,52,46,1112,0.009987067107343008
prefill,__all__,10,53,27,1090,0.009789481247305647
prefill,__all__,10,54,51,1039,0.009331441299037218
prefill,__all__,10,55,48,1009,0.009062006035349906
prefill,__all__,10,56,21,999,0.008972194280787469
prefill,__all__,10,57,33,980,0.00880155194711884
prefill,__all__,10,58,26,947,0.008505173157062796
prefill,__all__,10,59,58,940,0.00844230492886909
prefill,__all__,10,60,18,936,0.008406380227044116
prefill,__all__,10,61,55,912,0.008190832016094267
prefill,__all__,10,62,57,768,0.006897542750395172
prefill,__all__,10,63,63,737,0.006619126311251617
prefill,__all__,10,64,25,534,0.004795947693634143
prefill,__all__,11,1,47,5258,0.04722302054892944
prefill,__all__,11,2,27,4824,0.04332519040091967
prefill,__all__,11,3,57,4524,0.04063083776404656
prefill,__all__,11,4,13,3835,0.03444280787469464
prefill,__all__,11,5,43,3762,0.03378718206638885
prefill,__all__,11,6,7,2887,0.0259286535421756
prefill,__all__,11,7,44,2827,0.025389783014800976
prefill,__all__,11,8,58,2733,0.02454555252191407
prefill,__all__,11,9,55,2431,0.021833237534128466
prefill,__all__,11,10,63,2397,0.02152787756861618
prefill,__all__,11,11,15,2363,0.021222517603103893
prefill,__all__,11,12,34,2302,0.020674665900273028
prefill,__all__,11,13,1,2222,0.01995617186377353
prefill,__all__,11,14,61,2178,0.01956100014369881
prefill,__all__,11,15,22,2117,0.01901314844086794
prefill,__all__,11,16,23,2009,0.01804318149159362
prefill,__all__,11,17,33,2002,0.017980313263399914
prefill,__all__,11,18,0,1966,0.01765699094697514
prefill,__all__,11,19,6,1965,0.017648009771518897
prefill,__all__,11,20,8,1931,0.01734264980600661
prefill,__all__,11,21,31,1923,0.01727080040235666
prefill,__all__,11,22,11,1891,0.01698340278775686
prefill,__all__,11,23,54,1848,0.01659721224313838
prefill,__all__,11,24,45,1846,0.016579249892225895
prefill,__all__,11,25,18,1826,0.01639962638310102
prefill,__all__,11,26,56,1799,0.01615713464578244
prefill,__all__,11,27,46,1784,0.016022417013938785
prefill,__all__,11,28,17,1758,0.015788906452076448
prefill,__all__,11,29,52,1702,0.0152859606265268
prefill,__all__,11,30,20,1657,0.014881807730995832
prefill,__all__,11,31,51,1591,0.014289050150883748
prefill,__all__,11,32,49,1567,0.014073501939933898
prefill,__all__,11,33,32,1514,0.013597499640752981
prefill,__all__,11,34,37,1484,0.013328064377065671
prefill,__all__,11,35,30,1464,0.013148440867940796
prefill,__all__,11,36,24,1328,0.011927001005891651
prefill,__all__,11,37,42,1320,0.011855151602241702
prefill,__all__,11,38,14,1281,0.011504885759448196
prefill,__all__,11,39,36,1271,0.01141507400488576
prefill,__all__,11,40,26,1227,0.011019902284811036
prefill,__all__,11,41,3,1212,0.01088518465296738
prefill,__all__,11,42,59,1155,0.010373257651961489
prefill,__all__,11,43,12,1142,0.01025650237103032
prefill,__all__,11,44,2,1131,0.01015770944101164
prefill,__all__,11,45,40,1124,0.010094841212817934
prefill,__all__,11,46,53,1106,0.009933180054605547
prefill,__all__,11,47,21,1095,0.009834387124586865
prefill,__all__,11,48,41,1064,0.00955597068544331
prefill,__all__,11,49,4,1016,0.009124874263543612
prefill,__all__,11,50,19,998,0.008963213105331226
prefill,__all__,11,51,9,991,0.00890034487713752
prefill,__all__,11,52,62,975,0.00875664606983762
prefill,__all__,11,53,16,964,0.00865785313981894
prefill,__all__,11,54,29,946,0.008496191981606553
prefill,__all__,11,55,5,933,0.008379436700675385
prefill,__all__,11,56,35,915,0.008217775542462998
prefill,__all__,11,57,60,909,0.008163888489725536
prefill,__all__,11,58,39,889,0.007984264980600661
prefill,__all__,11,59,25,872,0.007831584997844518
prefill,__all__,11,60,50,775,0.006960410978588878
prefill,__all__,11,61,10,771,0.006924486276763903
prefill,__all__,11,62,38,726,0.0065203333812329355
prefill,__all__,11,63,28,679,0.0060982181347894815
prefill,__all__,11,64,48,342,0.00307156200603535
prefill,__all__,12,1,2,4746,0.042624658715332664
prefill,__all__,12,2,38,4523,0.04062185658859031
prefill,__all__,12,3,43,4386,0.03939143555108492
prefill,__all__,12,4,19,3374,0.030302485989366287
prefill,__all__,12,5,55,2893,0.02598254059491306
prefill,__all__,12,6,8,2866,0.025740048857594483
prefill,__all__,12,7,51,2838,0.02548857594481966
prefill,__all__,12,8,30,2776,0.024931743066532546
prefill,__all__,12,9,52,2610,0.02344086794079609
prefill,__all__,12,10,50,2552,0.022919959764333957
prefill,__all__,12,11,40,2519,0.022623580974277913
prefill,__all__,12,12,32,2485,0.022318221008765626
prefill,__all__,12,13,45,2410,0.02164463284954735
prefill,__all__,12,14,14,2273,0.02041421181204196
prefill,__all__,12,15,6,2226,0.019992096565598506
prefill,__all__,12,16,46,2182,0.01959692484552378
prefill,__all__,12,17,31,2180,0.019578962494611295
prefill,__all__,12,18,25,2154,0.019345451932748958
prefill,__all__,12,19,9,2131,0.01913888489725535
prefill,__all__,12,20,59,2036,0.0182856732289122
prefill,__all__,12,21,21,2031,0.018240767351630983
prefill,__all__,12,22,48,2028,0.01821382382526225
prefill,__all__,12,23,22,1946,0.017477367437850267
prefill,__all__,12,24,7,1860,0.016704986348613306
prefill,__all__,12,25,58,1830,0.016435551084925996
prefill,__all__,12,26,54,1791,0.01608528524213249
prefill,__all__,12,27,15,1775,0.01594158643483259
prefill,__all__,12,28,17,1775,0.01594158643483259
prefill,__all__,12,29,63,1747,0.015690113522057767
prefill,__all__,12,30,0,1657,0.014881807730995832
prefill,__all__,12,31,23,1580,0.014190257220865067
prefill,__all__,12,32,53,1572,0.014118407817215118
prefill,__all__,12,33,29,1489,0.013372970254346889
prefill,__all__,12,34,34,1468,0.013184365569765771
prefill,__all__,12,35,5,1464,0.013148440867940796
prefill,__all__,12,36,11,1434,0.012879005604253485
prefill,__all__,12,37,16,1341,0.01204375628682282
prefill,__all__,12,38,47,1316,0.011819226900416726
prefill,__all__,12,39,41,1302,0.011693490444029314
prefill,__all__,12,40,4,1299,0.011666546917660583
prefill,__all__,12,41,49,1268,0.011388130478517028
prefill,__all__,12,42,3,1259,0.011307299899410836
prefill,__all__,12,43,26,1244,0.011172582267567179
prefill,__all__,12,44,62,1174,0.01054389998563012
prefill,__all__,12,45,44,1136,0.010202615318292859
prefill,__all__,12,46,1,1107,0.00994216123006179
prefill,__all__,12,47,27,1090,0.009789481247305647
prefill,__all__,12,48,42,1070,0.009609857738180773
prefill,__all__,12,49,56,1012,0.009088949561718638
prefill,__all__,12,50,28,1002,0.0089991378071562
prefill,__all__,12,51,13,983,0.00882849547348757
prefill,__all__,12,52,10,973,0.008738683718925134
prefill,__all__,12,53,57,930,0.008352493174306653
prefill,__all__,12,54,36,916,0.008226756717919241
prefill,__all__,12,55,33,909,0.008163888489725536
prefill,__all__,12,56,61,900,0.008083057910619341
prefill,__all__,12,57,24,845,0.0075890932605259375
prefill,__all__,12,58,39,795,0.007140034487713752
prefill,__all__,12,59,20,781,0.00701429803132634
prefill,__all__,12,60,37,774,0.006951429803132634
prefill,__all__,12,61,60,703,0.0063137663457393306
prefill,__all__,12,62,12,656,0.005891651099295876
prefill,__all__,12,63,35,618,0.005550366431958615
prefill,__all__,12,64,18,334,0.0029997126023854
prefill,__all__,13,1,2,4688,0.04210375053887053
prefill,__all__,13,2,55,3769,0.03385005029458255
prefill,__all__,13,3,6,3691,0.033149518608995544
prefill,__all__,13,4,32,3531,0.03171253053599655
prefill,__all__,13,5,27,3466,0.03112875413134071
prefill,__all__,13,6,25,3163,0.028407457968098866
prefill,__all__,13,7,62,3031,0.027221942807874693
prefill,__all__,13,8,46,2861,0.025695142980313262
prefill,__all__,13,9,61,2777,0.02494072424198879
prefill,__all__,13,10,54,2737,0.024581477223739042
prefill,__all__,13,11,41,2699,0.024240192556401783
prefill,__all__,13,12,63,2557,0.022964865641615175
prefill,__all__,13,13,11,2427,0.021797312832303493
prefill,__all__,13,14,5,2363,0.021222517603103893
prefill,__all__,13,15,8,2363,0.021222517603103893
prefill,__all__,13,16,43,2305,0.02070160942664176
prefill,__all__,13,17,36,2292,0.02058485414571059
prefill,__all__,13,18,22,2245,0.020162738899267136
prefill,__all__,13,19,3,2090,0.01877065670354936
prefill,__all__,13,20,35,2063,0.01852816496623078
prefill,__all__,13,21,1,2037,0.018294654404368445
prefill,__all__,13,22,52,1951,0.017522273315131485
prefill,__all__,13,23,7,1843,0.016552306365857163
prefill,__all__,13,24,13,1806,0.016220002873976146
prefill,__all__,13,25,56,1796,0.01613019111941371
prefill,__all__,13,26,34,1732,0.01555539589021411
prefill,__all__,13,27,19,1641,0.014738108923695934
prefill,__all__,13,28,31,1570,0.01410044546630263
prefill,__all__,13,29,53,1532,0.013759160798965369
prefill,__all__,13,30,37,1493,0.013408894956171863
prefill,__all__,13,31,58,1472,0.013220290271590746
prefill,__all__,13,32,48,1469,0.013193346745222014
prefill,__all__,13,33,33,1468,0.013184365569765771
prefill,__all__,13,34,30,1426,0.012807156200603536
prefill,__all__,13,35,29,1384,0.012429946831441298
prefill,__all__,13,36,47,1368,0.0122862480241414
prefill,__all__,13,37,45,1270,0.011406092829429516
prefill,__all__,13,38,57,1225,0.01100193993389855
prefill,__all__,13,39,23,1219,0.010948052881161087
prefill,__all__,13,40,42,1200,0.010777410547492455
prefill,__all__,13,41,24,1195,0.010732504670211238
prefill,__all__,13,42,0,1180,0.01059778703836758
prefill,__all__,13,43,21,1167,0.010481031757436414
prefill,__all__,13,44,12,1150,0.01032835177468027
prefill,__all__,13,45,39,1110,0.009969104756430522
prefill,__all__,13,46,10,1105,0.009924198879149302
prefill,__all__,13,47,51,1081,0.009708650668199453
prefill,__all__,13,48,26,1079,0.009690688317286967
prefill,__all__,13,49,28,1069,0.00960087656272453
prefill,__all__,13,50,20,1060,0.009520045983618336
prefill,__all__,13,51,17,1042,0.00935838482540595
prefill,__all__,13,52,38,1028,0.009232648369018537
prefill,__all__,13,53,44,1008,0.009053024859893663
prefill,__all__,13,54,9,991,0.00890034487713752
prefill,__all__,13,55,14,989,0.008882382526225032
prefill,__all__,13,56,50,953,0.008559060209800259
prefill,__all__,13,57,18,952,0.008550079034344014
prefill,__all__,13,58,59,907,0.008145926138813047
prefill,__all__,13,59,40,896,0.008047133208794367
prefill,__all__,13,60,15,783,0.007032260382238828
prefill,__all__,13,61,4,773,0.00694244862767639
prefill,__all__,13,62,49,672,0.006035349906595776
prefill,__all__,13,63,16,619,0.005559347607414858
prefill,__all__,13,64,60,515,0.004625305359965512
prefill,__all__,14,1,58,4325,0.03884358384825406
prefill,__all__,14,2,36,4063,0.036490515878718204
prefill,__all__,14,3,6,3861,0.034676318436556976
prefill,__all__,14,4,37,2842,0.025524500646644632
prefill,__all__,14,5,52,2823,0.025353858312976003
prefill,__all__,14,6,7,2797,0.025120347751113666
prefill,__all__,14,7,1,2653,0.02382705848541457
prefill,__all__,14,8,3,2652,0.023818077309958326
prefill,__all__,14,9,11,2642,0.02372826555539589
prefill,__all__,14,10,49,2367,0.02125844230492887
prefill,__all__,14,11,44,2335,0.02097104469032907
prefill,__all__,14,12,34,2238,0.020099870671073432
prefill,__all__,14,13,42,2208,0.01983043540738612
prefill,__all__,14,14,15,2205,0.019803491881017387
prefill,__all__,14,15,38,2190,0.01966877424917373
prefill,__all__,14,16,63,2126,0.019093979019974134
prefill,__all__,14,17,43,2089,0.018761675528093116
prefill,__all__,14,18,2,2062,0.018519183790774538
prefill,__all__,14,19,60,2040,0.018321597930737173
prefill,__all__,14,20,9,2015,0.01809706854433108
prefill,__all__,14,21,39,2010,0.018052162667049863
prefill,__all__,14,22,59,1927,0.017306725104181634
prefill,__all__,14,23,5,1923,0.01727080040235666
prefill,__all__,14,24,21,1921,0.01725283805144417
prefill,__all__,14,25,13,1889,0.016965440436844375
prefill,__all__,14,26,20,1881,0.016893591033194426
prefill,__all__,14,27,28,1880,0.01688460985773818
prefill,__all__,14,28,62,1866,0.01675887340135077
prefill,__all__,14,29,53,1802,0.016184078172151173
prefill,__all__,14,30,12,1789,0.016067322891220003
prefill,__all__,14,31,24,1768,0.015878718206638887
prefill,__all__,14,32,57,1756,0.01577094410116396
prefill,__all__,14,33,48,1754,0.01575298175025147
prefill,__all__,14,34,16,1692,0.015196148871964363
prefill,__all__,14,35,45,1658,0.014890788906452077
prefill,__all__,14,36,46,1627,0.014612372467308522
prefill,__all__,14,37,31,1534,0.013777123149877855
prefill,__all__,14,38,18,1459,0.013103534990659577
prefill,__all__,14,39,35,1438,0.01291493030607846
prefill,__all__,14,40,40,1377,0.012367078603247593
prefill,__all__,14,41,8,1352,0.0121425492168415
prefill,__all__,14,42,0,1335,0.011989869234085357
prefill,__all__,14,43,25,1320,0.011855151602241702
prefill,__all__,14,44,41,1298,0.01165756574220434
prefill,__all__,14,45,23,1297,0.011648584566748096
prefill,__all__,14,46,14,1279,0.011486923408535708
prefill,__all__,14,47,10,1266,0.011370168127604541
prefill,__all__,14,48,50,1266,0.011370168127604541
prefill,__all__,14,49,22,1235,0.011091751688460987
prefill,__all__,14,50,29,1104,0.00991521770369306
prefill,__all__,14,51,47,1077,0.009672725966374479
prefill,__all__,14,52,27,1048,0.009412271878143412
prefill,__all__,14,53,4,1040,0.009340422474493461
prefill,__all__,14,54,54,976,0.008765627245293865
prefill,__all__,14,55,51,888,0.007975283805144418
prefill,__all__,14,56,19,869,0.0078046414714757865
prefill,__all__,14,57,17,849,0.007625017962350912
prefill,__all__,14,58,55,848,0.007616036786894669
prefill,__all__,14,59,56,815,0.007319657996838627
prefill,__all__,14,60,26,785,0.007050222733151315
prefill,__all__,14,61,61,689,0.006188029889351919
prefill,__all__,14,62,32,620,0.005568328782871102
prefill,__all__,14,63,30,325,0.002918882023279207
prefill,__all__,14,64,33,279,0.002505747952291996
prefill,__all__,15,1,17,5151,0.046262034775111364
prefill,__all__,15,2,8,4088,0.0367150452651243
prefill,__all__,15,3,30,3635,0.0326465727834459
prefill,__all__,15,4,48,3398,0.030518034200316138
prefill,__all__,15,5,3,3297,0.02961093547923552
prefill,__all__,15,6,44,3074,0.027608133352493174
prefill,__all__,15,7,59,2788,0.02503951717200747
prefill,__all__,15,8,58,2567,0.02305467739617761
prefill,__all__,15,9,36,2560,0.022991809167983907
prefill,__all__,15,10,60,2436,0.021878143411409687
prefill,__all__,15,11,2,2374,0.021321310533122573
prefill,__all__,15,12,55,2158,0.019381376634573934
prefill,__all__,15,13,49,2158,0.019381376634573934
prefill,__all__,15,14,45,2142,0.019237677827274032
prefill,__all__,15,15,20,2107,0.018923336686305504
prefill,__all__,15,16,21,2088,0.01875269435263687
prefill,__all__,15,17,24,1996,0.01792642621066245
prefill,__all__,15,18,26,1985,0.01782763328064377
prefill,__all__,15,19,23,1958,0.01758514154332519
prefill,__all__,15,20,27,1930,0.017333668630550365
prefill,__all__,15,21,56,1918,0.017225894525075443
prefill,__all__,15,22,57,1882,0.016902572208650667
prefill,__all__,15,23,47,1850,0.01661517459405087
prefill,__all__,15,24,1,1830,0.016435551084925996
prefill,__all__,15,25,53,1816,0.016309814628538585
prefill,__all__,15,26,34,1804,0.01620204052306366
prefill,__all__,15,27,29,1784,0.016022417013938785
prefill,__all__,15,28,7,1726,0.01550150883747665
prefill,__all__,15,29,40,1721,0.01545660296019543
prefill,__all__,15,30,10,1684,0.015124299468314412
prefill,__all__,15,31,54,1653,0.014845883029170857
prefill,__all__,15,32,22,1652,0.014836901853714614
prefill,__all__,15,33,13,1626,0.014603391291852277
prefill,__all__,15,34,46,1572,0.014118407817215118
prefill,__all__,15,35,15,1503,0.0134987067107343
prefill,__all__,15,36,52,1452,0.013040666762465871
prefill,__all__,15,37,16,1411,0.012672438568759879
prefill,__all__,15,38,62,1397,0.012546702112372467
prefill,__all__,15,39,61,1387,0.01245689035781003
prefill,__all__,15,40,41,1374,0.012340135076878861
prefill,__all__,15,41,9,1368,0.0122862480241414
prefill,__all__,15,42,5,1341,0.01204375628682282
prefill,__all__,15,43,35,1264,0.011352205776692053
prefill,__all__,15,44,31,1236,0.01110073286391723
prefill,__all__,15,45,0,1235,0.011091751688460987
prefill,__all__,15,46,14,1220,0.01095703405661733
prefill,__all__,15,47,28,1196,0.01074148584566748
prefill,__all__,15,48,51,1184,0.010633711740192557
prefill,__all__,15,49,63,1107,0.00994216123006179
prefill,__all__,15,50,33,1101,0.009888274177324328
prefill,__all__,15,51,37,1097,0.009852349475499353
prefill,__all__,15,52,39,1085,0.00974457537002443
prefill,__all__,15,53,42,1030,0.009250610719931024
prefill,__all__,15,54,12,1024,0.009196723667193563
prefill,__all__,15,55,6,1024,0.009196723667193563
prefill,__all__,15,56,43,1005,0.009026081333524932
prefill,__all__,15,57,11,905,0.008127963787900561
prefill,__all__,15,58,19,903,0.008110001436988073
prefill,__all__,15,59,4,805,0.007229846242276189
prefill,__all__,15,60,25,804,0.007220865066819945
prefill,__all__,15,61,50,734,0.0065921827848828855
prefill,__all__,15,62,38,702,0.0063047851702830865
prefill,__all__,15,63,18,534,0.004795947693634143
prefill,__all__,15,64,32,508,0.004562437131771806
prefill,code,0,1,21,3115,0.08797446904654316
prefill,code,0,2,6,2069,0.058433122458201536
prefill,code,0,3,0,1242,0.03507681879801175
prefill,code,0,4,40,1191,0.03363646633529146
prefill,code,0,5,25,1101,0.031094667871667418
prefill,code,0,6,53,987,0.027875056484410302
prefill,code,0,7,54,867,0.024485991866244915
prefill,code,0,8,13,856,0.024175327609579755
prefill,code,0,9,41,814,0.02298915499322187
prefill,code,0,10,24,779,0.022000677812923634
prefill,code,0,11,36,779,0.022000677812923634
prefill,code,0,12,52,771,0.021774740171712607
prefill,code,0,13,61,751,0.021209896068685043
prefill,code,0,14,62,723,0.020419114324446454
prefill,code,0,15,29,664,0.01875282422051514
prefill,code,0,16,8,660,0.018639855399909627
prefill,code,0,17,2,606,0.017114776321735203
prefill,code,0,18,32,604,0.017058291911432443
prefill,code,0,19,47,593,0.016747627654767283
prefill,code,0,20,20,587,0.016578174423859015
prefill,code,0,21,31,578,0.01632399457749661
prefill,code,0,22,49,563,0.01590036150022594
prefill,code,0,23,27,561,0.015843877089923183
prefill,code,0,24,55,510,0.014403524627202891
prefill,code,0,25,39,495,0.013979891549932219
prefill,code,0,26,43,492,0.013895164934478083
prefill,code,0,27,63,483,0.01364098508811568
prefill,code,0,28,23,460,0.012991414369633981
prefill,code,0,29,28,456,0.012878445549028467
prefill,code,0,30,58,451,0.012737234523271577
prefill,code,0,31,60,440,0.012426570266606417
prefill,code,0,32,18,430,0.012144148215092635
prefill,code,0,33,22,429,0.012115906009941255
prefill,code,0,34,14,411,0.011607546317216449
prefill,code,0,35,50,402,0.011353366470854045
prefill,code,0,36,33,396,0.011183913239945775
prefill,code,0,37,1,385,0.010873248983280615
prefill,code,0,38,15,385,0.010873248983280615
prefill,code,0,39,42,384,0.010845006778129237
prefill,code,0,40,48,374,0.010562584726615453
prefill,code,0,41,59,373,0.010534342521464075
prefill,code,0,42,16,368,0.010393131495707185
prefill,code,0,43,56,364,0.010280162675101671
prefill,code,0,44,37,359,0.010138951649344781
prefill,code,0,45,19,346,0.009771802982376863
prefill,code,0,46,38,346,0.009771802982376863
prefill,code,0,47,3,342,0.009658834161771351
prefill,code,0,48,30,340,0.009602349751468595
prefill,code,0,49,4,323,0.009122232263895165
prefill,code,0,50,17,315,0.00889629462268414
prefill,code,0,51,5,308,0.008698599186624491
prefill,code,0,52,26,296,0.008359692724807953
prefill,code,0,53,11,294,0.008303208314505197
prefill,code,0,54,44,282,0.007964301852688658
prefill,code,0,55,35,274,0.0077383642114776325
prefill,code,0,56,7,273,0.0077101220063262536
prefill,code,0,57,10,270,0.0076253953908721195
prefill,code,0,58,45,268,0.0075689109805693626
prefill,code,0,59,46,233,0.0065804338002711255
prefill,code,0,60,57,212,0.005987347492092183
prefill,code,0,61,51,183,0.005168323542702215
prefill,code,0,62,34,83,0.0023441030275643923
prefill,code,0,63,9,64,0.0018075011296882061
prefill,code,0,64,12,48,0.0013556258472661546
prefill,code,1,1,25,3653,0.10316877541798464
prefill,code,1,2,47,2189,0.06182218707636692
prefill,code,1,3,18,2166,0.06117261635788522
prefill,code,1,4,15,2134,0.060268865793041124
prefill,code,1,5,21,949,0.02680185268865793
prefill,code,1,6,27,894,0.025248531405332127
prefill,code,1,7,11,819,0.023130366018978762
prefill,code,1,8,44,789,0.022283099864437415
prefill,code,1,9,24,767,0.021661771351107095
prefill,code,1,10,42,754,0.02129462268413918
prefill,code,1,11,17,746,0.02106868504292815
prefill,code,1,12,61,682,0.019261183913239947
prefill,code,1,13,23,676,0.019091730682331675
prefill,code,1,14,48,641,0.01810325350203344
prefill,code,1,15,31,640,0.01807501129688206
prefill,code,1,16,34,622,0.01756665160415725
prefill,code,1,17,16,574,0.0162110257568911
prefill,code,1,18,7,572,0.016154541346588343
prefill,code,1,19,62,548,0.015476728422955265
prefill,code,1,20,32,507,0.014318798011748757
prefill,code,1,21,51,498,0.014064618165386353
prefill,code,1,22,45,481,0.013584500677812923
prefill,code,1,23,29,480,0.013556258472661545
prefill,code,1,24,1,476,0.013443289652056033
prefill,code,1,25,4,465,0.013132625395390871
prefill,code,1,26,40,454,0.012821961138725711
prefill,code,1,27,33,453,0.012793718933574333
prefill,code,1,28,60,452,0.012765476728422955
prefill,code,1,29,30,450,0.0127089923181202
prefill,code,1,30,6,449,0.012680750112968821
prefill,code,1,31,53,445,0.012567781292363307
prefill,code,1,32,9,436,0.012313601446000903
prefill,code,1,33,3,405,0.01143809308630818
prefill,code,1,34,19,394,0.01112742882964302
prefill,code,1,35,37,387,0.010929733393583371
prefill,code,1,36,14,380,0.010732037957523723
prefill,code,1,37,55,373,0.010534342521464075
prefill,code,1,38,54,346,0.009771802982376863
prefill,code,1,39,50,340,0.009602349751468595
prefill,code,1,40,8,338,0.009545865341165838
prefill,code,1,41,0,321,0.00906574785359241
prefill,code,1,42,26,311,0.008783325802078626
prefill,code,1,43,36,304,0.00858563036601898
prefill,code,1,44,20,302,0.008529145955716222
prefill,code,1,45,49,302,0.008529145955716222
prefill,code,1,46,12,301,0.008500903750564844
prefill,code,1,47,39,299,0.008444419340262087
prefill,code,1,48,63,292,0.00824672390420244
prefill,code,1,49,41,285,0.008049028468142793
prefill,code,1,50,52,284,0.008020786262991414
prefill,code,1,51,56,275,0.0077666064166290105
prefill,code,1,52,28,266,0.0075124265702666065
prefill,code,1,53,22,265,0.0074841843651152285
prefill,code,1,54,59,256,0.0072300045187528245
prefill,code,1,55,58,239,0.0067498870311793946
prefill,code,1,56,2,232,0.006552191595119747
prefill,code,1,57,46,187,0.005281292363307727
prefill,code,1,58,10,156,0.004405784003615003
prefill,code,1,59,57,149,0.004208088567555355
prefill,code,1,60,43,138,0.0038974243108901943
prefill,code,1,61,13,132,0.003727971079981925
prefill,code,1,62,5,102,0.0028807049254405783
prefill,code,1,63,35,98,0.0027677361048350653
prefill,code,1,64,38,88,0.0024853140533212833
prefill,code,2,1,40,4208,0.11884319927699954
prefill,code,2,2,5,2493,0.0704078174423859
prefill,code,2,3,60,1957,0.055269995481247176
prefill,code,2,4,45,1631,0.04606303660189787
prefill,code,2,5,61,1493,0.04216561229100768
prefill,code,2,6,14,1300,0.036714866696791686
prefill,code,2,7,34,1248,0.03524627202892002
prefill,code,2,8,24,1113,0.03143357433348396
prefill,code,2,9,30,1056,0.0298237686398554
prefill,code,2,10,22,861,0.024316538635336647
prefill,code,2,11,35,846,0.023892905558065974
prefill,code,2,12,32,831,0.0234692724807953
prefill,code,2,13,16,800,0.022593764121102575
prefill,code,2,14,23,753,0.0212663804789878
prefill,code,2,15,62,694,0.019600090375056483
prefill,code,2,16,41,691,0.01951536375960235
prefill,code,2,17,15,664,0.01875282422051514
prefill,code,2,18,38,663,0.01872458201536376
prefill,code,2,19,63,639,0.018046769091730683
prefill,code,2,20,28,538,0.015194306371441483
prefill,code,2,21,19,532,0.015024853140533213
prefill,code,2,22,54,496,0.014008133755083597
prefill,code,2,23,33,461,0.01301965657478536
prefill,code,2,24,3,455,0.01285020334387709
prefill,code,2,25,56,450,0.0127089923181202
prefill,code,2,26,29,421,0.011889968368730231
prefill,code,2,27,26,413,0.011664030727519205
prefill,code,2,28,50,361,0.010195436059647537
prefill,code,2,29,27,355,0.010025982828739267
prefill,code,2,30,0,352,0.009941256213285133
prefill,code,2,31,20,348,0.009828287392679621
prefill,code,2,32,1,346,0.009771802982376863
prefill,code,2,33,47,341,0.009630591956619973
prefill,code,2,34,39,336,0.009489380930863081
prefill,code,2,35,17,306,0.008642114776321735
prefill,code,2,36,21,305,0.008613872571170357
prefill,code,2,37,46,302,0.008529145955716222
prefill,code,2,38,48,265,0.0074841843651152285
prefill,code,2,39,31,264,0.00745594215996385
prefill,code,2,40,44,246,0.006947582467239042
prefill,code,2,41,9,244,0.0068910980569362856
prefill,code,2,42,49,237,0.006693402620876638
prefill,code,2,43,52,236,0.00666516041572526
prefill,code,2,44,37,235,0.006636918210573882
prefill,code,2,45,58,229,0.0064674649796656125
prefill,code,2,46,42,217,0.006128558517849074
prefill,code,2,47,13,211,0.005959105286940805
prefill,code,2,48,12,203,0.005733167645729779
prefill,code,2,49,2,187,0.005281292363307727
prefill,code,2,50,11,172,0.004857659286037054
prefill,code,2,51,10,163,0.00460347943967465
prefill,code,2,52,7,156,0.004405784003615003
prefill,code,2,53,53,153,0.004321057388160868
prefill,code,2,54,6,134,0.0037844554902846813
prefill,code,2,55,55,116,0.0032760957975598733
prefill,code,2,56,25,115,0.0032478535924084953
prefill,code,2,57,43,107,0.0030219159511974693
prefill,code,2,58,57,104,0.002937189335743335
prefill,code,2,59,51,90,0.00254179846362404
prefill,code,2,60,4,84,0.0023723452327157704
prefill,code,2,61,18,67,0.0018922277451423406
prefill,code,2,62,8,53,0.0014968368730230457
prefill,code,2,63,59,33,0.0009319927699954812
prefill,code,2,64,36,28,0.0007907817442385902
prefill,code,3,1,15,3032,0.08563036601897876
prefill,code,3,2,43,2873,0.08113985539990963
prefill,code,3,3,9,1965,0.0554959331224582
prefill,code,3,4,62,1724,0.04868956168097605
prefill,code,3,5,19,1292,0.03648892905558066
prefill,code,3,6,31,1283,0.03623474920921826
prefill,code,3,7,52,1279,0.036121780388612745
prefill,code,3,8,38,952,0.026886579304112066
prefill,code,3,9,42,943,0.026632399457749662
prefill,code,3,10,30,932,0.026321735201084502
prefill,code,3,11,39,907,0.025615680072300046
prefill,code,3,12,35,854,0.024118843199277
prefill,code,3,13,54,837,0.02363872571170357
prefill,code,3,14,63,819,0.023130366018978762
prefill,code,3,15,37,790,0.022311342069588794
prefill,code,3,16,44,727,0.020532083145051967
prefill,code,3,17,56,714,0.02016493447808405
prefill,code,3,18,29,671,0.018950519656574787
prefill,code,3,19,51,640,0.01807501129688206
prefill,code,3,20,20,631,0.017820831450519655
prefill,code,3,21,12,588,0.016606416629010395
prefill,code,3,22,61,576,0.016267510167193855
prefill,code,3,23,11,564,0.015928603705377315
prefill,code,3,24,36,550,0.015533212833258021
prefill,code,3,25,59,543,0.015335517397198373
prefill,code,3,26,49,531,0.014996610935381835
prefill,code,3,27,45,527,0.014883642114776321
prefill,code,3,28,57,512,0.014460009037505649
prefill,code,3,29,55,507,0.014318798011748757
prefill,code,3,30,14,405,0.01143809308630818
prefill,code,3,31,46,387,0.010929733393583371
prefill,code,3,32,40,370,0.010449615906009941
prefill,code,3,33,47,354,0.00999774062358789
prefill,code,3,34,28,338,0.009545865341165838
prefill,code,3,35,18,321,0.00906574785359241
prefill,code,3,36,6,316,0.008924536827835517
prefill,code,3,37,7,306,0.008642114776321735
prefill,code,3,38,8,292,0.00824672390420244
prefill,code,3,39,50,288,0.008133755083596927
prefill,code,3,40,33,285,0.008049028468142793
prefill,code,3,41,32,279,0.007879575237234523
prefill,code,3,42,23,250,0.007060551287844555
prefill,code,3,43,5,248,0.0070040668775417985
prefill,code,3,44,41,239,0.0067498870311793946
prefill,code,3,45,4,238,0.0067216448260280165
prefill,code,3,46,22,211,0.005959105286940805
prefill,code,3,47,10,176,0.004970628106642567
prefill,code,3,48,27,164,0.004631721644826028
prefill,code,3,49,34,154,0.004349299593312246
prefill,code,3,50,26,139,0.003925666516041573
prefill,code,3,51,16,124,0.0035020334387708993
prefill,code,3,52,3,119,0.0033608224130140083
prefill,code,3,53,21,104,0.002937189335743335
prefill,code,3,54,60,87,0.0024570718481699053
prefill,code,3,55,24,87,0.0024570718481699053
prefill,code,3,56,0,68,0.0019204699502937189
prefill,code,3,57,13,63,0.0017792589245368279
prefill,code,3,58,17,53,0.0014968368730230457
prefill,code,3,59,25,50,0.001412110257568911
prefill,code,3,60,2,36,0.001016719385449616
prefill,code,3,61,48,35,0.0009884771802982377
prefill,code,3,62,53,29,0.0008190239493899683
prefill,code,3,63,58,19,0.0005366018978761862
prefill,code,3,64,1,11,0.0003106642566651604
prefill,code,4,1,17,3325,0.09390533212833257
prefill,code,4,2,19,3229,0.09119408043380027
prefill,code,4,3,21,3224,0.09105286940804339
prefill,code,4,4,55,2426,0.06851558969724356
prefill,code,4,5,25,2360,0.0666516041572526
prefill,code,4,6,6,1431,0.04041459557162223
prefill,code,4,7,61,1061,0.02996497966561229
prefill,code,4,8,43,1024,0.028920018075011298
prefill,code,4,9,41,927,0.02618052417532761
prefill,code,4,10,34,903,0.02550271125169453
prefill,code,4,11,23,862,0.024344780840488026
prefill,code,4,12,52,834,0.023553999096249435
prefill,code,4,13,39,814,0.02298915499322187
prefill,code,4,14,59,783,0.022113646633529147
prefill,code,4,15,27,750,0.021181653863533666
prefill,code,4,16,42,746,0.02106868504292815
prefill,code,4,17,62,745,0.021040442837776775
prefill,code,4,18,2,731,0.02064505196565748
prefill,code,4,19,48,667,0.01883755083596927
prefill,code,4,20,4,543,0.015335517397198373
prefill,code,4,21,51,481,0.013584500677812923
prefill,code,4,22,8,455,0.01285020334387709
prefill,code,4,23,11,451,0.012737234523271577
prefill,code,4,24,35,420,0.011861726163578851
prefill,code,4,25,7,375,0.010590826931766833
prefill,code,4,26,14,345,0.009743560777225485
prefill,code,4,27,36,340,0.009602349751468595
prefill,code,4,28,24,321,0.00906574785359241
prefill,code,4,29,58,306,0.008642114776321735
prefill,code,4,30,56,286,0.008077270673294171
prefill,code,4,31,45,275,0.0077666064166290105
prefill,code,4,32,38,265,0.0074841843651152285
prefill,code,4,33,30,250,0.007060551287844555
prefill,code,4,34,50,237,0.006693402620876638
prefill,code,4,35,20,234,0.0066086760054225036
prefill,code,4,36,5,233,0.0065804338002711255
prefill,code,4,37,60,210,0.005930863081789426
prefill,code,4,38,33,203,0.005733167645729779
prefill,code,4,39,26,198,0.005591956619972888
prefill,code,4,40,47,189,0.005337776773610484
prefill,code,4,41,63,177,0.004998870311793945
prefill,code,4,42,16,168,0.004744690465431541
prefill,code,4,43,57,167,0.004716448260280163
prefill,code,4,44,18,147,0.004151604157252599
prefill,code,4,45,28,128,0.0036150022593764122
prefill,code,4,46,10,124,0.0035020334387708993
prefill,code,4,47,22,120,0.0033890646181653863
prefill,code,4,48,13,112,0.0031631269769543608
prefill,code,4,49,44,105,0.002965431540894713
prefill,code,4,50,37,83,0.0023441030275643923
prefill,code,4,51,3,81,0.002287618617261636
prefill,code,4,52,46,73,0.00206168097605061
prefill,code,4,53,40,70,0.0019769543605964754
prefill,code,4,54,1,68,0.0019204699502937189
prefill,code,4,55,15,56,0.0015815634884771804
prefill,code,4,56,49,53,0.0014968368730230457
prefill,code,4,57,32,44,0.0012426570266606417
prefill,code,4,58,31,38,0.0010732037957523724
prefill,code,4,59,12,38,0.0010732037957523724
prefill,code,4,60,9,38,0.0010732037957523724
prefill,code,4,61,54,22,0.0006213285133303208
prefill,code,4,62,53,20,0.0005648441030275643
prefill,code,4,63,29,13,0.00036714866696791685
prefill,code,4,64,0,4,0.00011296882060551288
prefill,code,5,1,42,4268,0.12053773158608225
prefill,code,5,2,2,3733,0.1054281518300949
prefill,code,5,3,0,3667,0.10356416629010393
prefill,code,5,4,31,1645,0.04645842747401717
prefill,code,5,5,17,1472,0.04157252598282874
prefill,code,5,6,21,1411,0.039849751468594666
prefill,code,5,7,10,1125,0.0317724807953005
prefill,code,5,8,52,1011,0.02855286940804338
prefill,code,5,9,8,995,0.02810099412562133
prefill,code,5,10,53,977,0.027592634432896522
prefill,code,5,11,22,959,0.027084274740171714
prefill,code,5,12,14,950,0.02683009489380931
prefill,code,5,13,55,917,0.025898102123813826
prefill,code,5,14,58,864,0.024401265250790782
prefill,code,5,15,6,762,0.021520560325350203
prefill,code,5,16,51,635,0.01793380027112517
prefill,code,5,17,40,602,0.017001807501129687
prefill,code,5,18,35,584,0.01649344780840488
prefill,code,5,19,30,575,0.016239267962042475
prefill,code,5,20,19,546,0.015420244012652507
prefill,code,5,21,11,501,0.014149344780840487
prefill,code,5,22,39,477,0.013471531857207411
prefill,code,5,23,29,474,0.013386805241753275
prefill,code,5,24,54,450,0.0127089923181202
prefill,code,5,25,41,399,0.01126863985539991
prefill,code,5,26,57,346,0.009771802982376863
prefill,code,5,27,13,341,0.009630591956619973
prefill,code,5,28,60,314,0.008868052417532761
prefill,code,5,29,18,302,0.008529145955716222
prefill,code,5,30,9,284,0.008020786262991414
prefill,code,5,31,15,281,0.00793605964753728
prefill,code,5,32,34,279,0.007879575237234523
prefill,code,5,33,27,268,0.0075689109805693626
prefill,code,5,34,24,265,0.0074841843651152285
prefill,code,5,35,61,240,0.006778129236330773
prefill,code,5,36,1,240,0.006778129236330773
prefill,code,5,37,25,189,0.005337776773610484
prefill,code,5,38,7,187,0.005281292363307727
prefill,code,5,39,5,183,0.005168323542702215
prefill,code,5,40,32,158,0.004462268413917759
prefill,code,5,41,20,133,0.0037562132851333033
prefill,code,5,42,12,129,0.0036432444645277903
prefill,code,5,43,4,128,0.0036150022593764122
prefill,code,5,44,44,112,0.0031631269769543608
prefill,code,5,45,50,106,0.0029936737460460913
prefill,code,5,46,62,102,0.0028807049254405783
prefill,code,5,47,43,98,0.0027677361048350653
prefill,code,5,48,45,96,0.0027112516945323093
prefill,code,5,49,37,95,0.002683009489380931
prefill,code,5,50,36,87,0.0024570718481699053
prefill,code,5,51,26,61,0.0017227745142340714
prefill,code,5,52,3,57,0.0016098056936285584
prefill,code,5,53,59,55,0.0015533212833258021
prefill,code,5,54,48,49,0.0013838680524175327
prefill,code,5,55,47,47,0.0013273836421147764
prefill,code,5,56,33,47,0.0013273836421147764
prefill,code,5,57,38,34,0.0009602349751468594
prefill,code,5,58,63,27,0.000762539539087212
prefill,code,5,59,16,23,0.0006495707184816991
prefill,code,5,60,49,15,0.0004236330772706733
prefill,code,5,61,28,14,0.0003953908721192951
prefill,code,5,62,56,10,0.0002824220515137822
prefill,code,5,63,23,7,0.00019769543605964755
prefill,code,6,1,52,4056,0.11455038409399006
prefill,code,6,2,42,3479,0.09825463172164482
prefill,code,6,3,57,2414,0.06817668323542703
prefill,code,6,4,5,2341,0.06611500225937642
prefill,code,6,5,18,1764,0.04981924988703118
prefill,code,6,6,36,1735,0.04900022593764121
prefill,code,6,7,24,1543,0.04357772254857659
prefill,code,6,8,62,1418,0.04004744690465432
prefill,code,6,9,1,1129,0.03188544961590601
prefill,code,6,10,55,1097,0.030981699051061906
prefill,code,6,11,49,952,0.026886579304112066
prefill,code,6,12,59,905,0.02555919566199729
prefill,code,6,13,61,892,0.02519204699502937
prefill,code,6,14,20,885,0.024994351558969723
prefill,code,6,15,40,820,0.02315860822413014
prefill,code,6,16,2,816,0.023045639403524627
prefill,code,6,17,16,744,0.021012200632625395
prefill,code,6,18,38,668,0.01886579304112065
prefill,code,6,19,9,634,0.01790555806597379
prefill,code,6,20,48,574,0.0162110257568911
prefill,code,6,21,17,432,0.012200632625395391
prefill,code,6,22,25,419,0.011833483958427473
prefill,code,6,23,26,385,0.010873248983280615
prefill,code,6,24,23,359,0.010138951649344781
prefill,code,6,25,50,353,0.009969498418436511
prefill,code,6,26,58,321,0.00906574785359241
prefill,code,6,27,8,307,0.008670356981473113
prefill,code,6,28,12,285,0.008049028468142793
prefill,code,6,29,63,270,0.0076253953908721195
prefill,code,6,30,10,265,0.0074841843651152285
prefill,code,6,31,4,264,0.00745594215996385
prefill,code,6,32,3,264,0.00745594215996385
prefill,code,6,33,13,257,0.0072582467239042025
prefill,code,6,34,47,255,0.007201762313601446
prefill,code,6,35,33,250,0.007060551287844555
prefill,code,6,36,44,231,0.006523949389968369
prefill,code,6,37,53,220,0.0062132851333032086
prefill,code,6,38,7,196,0.005535472209670131
prefill,code,6,39,30,187,0.005281292363307727
prefill,code,6,40,22,168,0.004744690465431541
prefill,code,6,41,6,163,0.00460347943967465
prefill,code,6,42,46,104,0.002937189335743335
prefill,code,6,43,32,70,0.0019769543605964754
prefill,code,6,44,54,66,0.0018639855399909624
prefill,code,6,45,19,61,0.0017227745142340714
prefill,code,6,46,56,54,0.001525079078174424
prefill,code,6,47,35,42,0.0011861726163578852
prefill,code,6,48,31,40,0.0011296882060551287
prefill,code,6,49,15,38,0.0010732037957523724
prefill,code,6,50,14,36,0.001016719385449616
prefill,code,6,51,29,30,0.0008472661545413466
prefill,code,6,52,21,29,0.0008190239493899683
prefill,code,6,53,11,26,0.0007342973339358337
prefill,code,6,54,37,18,0.000508359692724808
prefill,code,6,55,41,18,0.000508359692724808
prefill,code,6,56,51,17,0.0004801174875734297
prefill,code,6,57,43,12,0.00033890646181653866
prefill,code,6,58,60,12,0.00033890646181653866
prefill,code,6,59,34,7,0.00019769543605964755
prefill,code,6,60,0,4,0.00011296882060551288
prefill,code,6,61,27,3,8.472661545413467e-05
prefill,code,6,62,39,2,5.648441030275644e-05
prefill,code,6,63,28,1,2.824220515137822e-05
prefill,code,6,64,45,1,2.824220515137822e-05
prefill,code,7,1,17,4189,0.11830659737912336
prefill,code,7,2,4,3231,0.09125056484410303
prefill,code,7,3,2,2599,0.07340149118843199
prefill,code,7,4,35,2263,0.0639121102575689
prefill,code,7,5,0,1392,0.039313149570718485
prefill,code,7,6,21,1380,0.03897424310890194
prefill,code,7,7,58,1325,0.03742092182557614
prefill,code,7,8,45,1215,0.03431427925892454
prefill,code,7,9,23,1136,0.032083145051965654
prefill,code,7,10,48,1112,0.03140533212833258
prefill,code,7,11,39,1048,0.029597830998644374
prefill,code,7,12,29,1010,0.028524627202892002
prefill,code,7,13,46,962,0.027169001355625846
prefill,code,7,14,32,909,0.025672164482602802
prefill,code,7,15,56,887,0.025050835969272482
prefill,code,7,16,38,811,0.022904428377767735
prefill,code,7,17,15,672,0.018978761861726163
prefill,code,7,18,26,658,0.018583370989606867
prefill,code,7,19,54,627,0.017707862629914143
prefill,code,7,20,41,602,0.017001807501129687
prefill,code,7,21,5,583,0.016465205603253503
prefill,code,7,22,36,517,0.014601220063262539
prefill,code,7,23,10,509,0.014375282422051513
prefill,code,7,24,12,467,0.013189109805693629
prefill,code,7,25,61,381,0.010760280162675101
prefill,code,7,26,37,373,0.010534342521464075
prefill,code,7,27,13,319,0.009009263443289652
prefill,code,7,28,19,313,0.008839810212381383
prefill,code,7,29,14,312,0.008811568007230005
prefill,code,7,30,16,300,0.008472661545413466
prefill,code,7,31,34,298,0.00841617713511071
prefill,code,7,32,24,277,0.007823090826931767
prefill,code,7,33,31,254,0.007173520108450068
prefill,code,7,34,59,249,0.007032309082693177
prefill,code,7,35,1,189,0.005337776773610484
prefill,code,7,36,52,173,0.004885901491188432
prefill,code,7,37,6,163,0.00460347943967465
prefill,code,7,38,27,157,0.004434026208766381
prefill,code,7,39,22,156,0.004405784003615003
prefill,code,7,40,57,152,0.00429281518300949
prefill,code,7,41,20,135,0.0038126976954360597
prefill,code,7,42,30,126,0.0035585178490736558
prefill,code,7,43,63,123,0.003473791233619521
prefill,code,7,44,60,110,0.0031066425666516043
prefill,code,7,45,50,76,0.002146407591504745
prefill,code,7,46,49,76,0.002146407591504745
prefill,code,7,47,18,71,0.0020051965657478534
prefill,code,7,48,11,71,0.0020051965657478534
prefill,code,7,49,9,71,0.0020051965657478534
prefill,code,7,50,33,46,0.0012991414369633982
prefill,code,7,51,25,44,0.0012426570266606417
prefill,code,7,52,40,38,0.0010732037957523724
prefill,code,7,53,62,35,0.0009884771802982377
prefill,code,7,54,47,34,0.0009602349751468594
prefill,code,7,55,28,34,0.0009602349751468594
prefill,code,7,56,42,28,0.0007907817442385902
prefill,code,7,57,8,26,0.0007342973339358337
prefill,code,7,58,55,25,0.0007060551287844555
prefill,code,7,59,3,22,0.0006213285133303208
prefill,code,7,60,7,18,0.000508359692724808
prefill,code,7,61,53,16,0.00045187528242205153
prefill,code,7,62,43,5,0.0001412110257568911
prefill,code,7,63,51,5,0.0001412110257568911
prefill,code,7,64,44,3,8.472661545413467e-05
prefill,code,8,1,54,3908,0.11037053773158609
prefill,code,8,2,3,3886,0.10974920921825576
prefill,code,8,3,16,1929,0.054479213737008585
prefill,code,8,4,37,1598,0.0451310438319024
prefill,code,8,5,45,1236,0.03490736556710348
prefill,code,8,6,51,1224,0.03456845910528694
prefill,code,8,7,30,1196,0.03377767736104835
prefill,code,8,8,32,1166,0.032930411206507006
prefill,code,8,9,27,1040,0.02937189335743335
prefill,code,8,10,10,1035,0.029230682331676458
prefill,code,8,11,35,1027,0.02900474469046543
prefill,code,8,12,1,1024,0.028920018075011298
prefill,code,8,13,29,984,0.027790329868956166
prefill,code,8,14,18,751,0.021209896068685043
prefill,code,8,15,14,695,0.019628332580207863
prefill,code,8,16,57,659,0.018611613194758247
prefill,code,8,17,6,637,0.017990284681427927
prefill,code,8,18,20,637,0.017990284681427927
prefill,code,8,19,62,588,0.016606416629010395
prefill,code,8,20,60,580,0.016380478987799367
prefill,code,8,21,50,533,0.015053095345684591
prefill,code,8,22,21,532,0.015024853140533213
prefill,code,8,23,42,517,0.014601220063262539
prefill,code,8,24,11,512,0.014460009037505649
prefill,code,8,25,25,420,0.011861726163578851
prefill,code,8,26,55,414,0.011692272932670583
prefill,code,8,27,9,408,0.011522819701762313
prefill,code,8,28,52,397,0.011212155445097153
prefill,code,8,29,0,396,0.011183913239945775
prefill,code,8,30,63,378,0.010675553547220967
prefill,code,8,31,61,373,0.010534342521464075
prefill,code,8,32,12,363,0.010251920469950293
prefill,code,8,33,17,360,0.01016719385449616
prefill,code,8,34,38,293,0.008274966109353818
prefill,code,8,35,53,284,0.008020786262991414
prefill,code,8,36,28,283,0.007992544057840036
prefill,code,8,37,40,276,0.0077948486217803885
prefill,code,8,38,44,258,0.0072864889290555806
prefill,code,8,39,36,219,0.00618504292815183
prefill,code,8,40,24,214,0.006043831902394939
prefill,code,8,41,23,207,0.005846136466335292
prefill,code,8,42,13,168,0.004744690465431541
prefill,code,8,43,56,166,0.004688206055128785
prefill,code,8,44,2,164,0.004631721644826028
prefill,code,8,45,22,163,0.00460347943967465
prefill,code,8,46,34,150,0.004236330772706733
prefill,code,8,47,47,145,0.004095119746949842
prefill,code,8,48,31,141,0.003982150926344329
prefill,code,8,49,48,135,0.0038126976954360597
prefill,code,8,50,33,109,0.003078400361500226
prefill,code,8,51,7,104,0.002937189335743335
prefill,code,8,52,41,101,0.0028524627202892003
prefill,code,8,53,8,78,0.0022028920018075013
prefill,code,8,54,49,77,0.002174649796656123
prefill,code,8,55,26,67,0.0018922277451423406
prefill,code,8,56,39,53,0.0014968368730230457
prefill,code,8,57,59,41,0.001157930411206507
prefill,code,8,58,43,41,0.001157930411206507
prefill,code,8,59,58,28,0.0007907817442385902
prefill,code,8,60,4,20,0.0005648441030275643
prefill,code,8,61,46,16,0.00045187528242205153
prefill,code,8,62,5,2,5.648441030275644e-05
prefill,code,8,63,15,2,5.648441030275644e-05
prefill,code,9,1,46,4107,0.11599073655671034
prefill,code,9,2,5,3569,0.10079643018526886
prefill,code,9,3,51,2235,0.06312132851333033
prefill,code,9,4,4,2104,0.05942159963849977
prefill,code,9,5,50,1233,0.034822638951649346
prefill,code,9,6,52,1184,0.033438770899231814
prefill,code,9,7,39,1175,0.03318459105286941
prefill,code,9,8,7,1166,0.032930411206507006
prefill,code,9,9,6,1044,0.029484862178038862
prefill,code,9,10,42,1011,0.02855286940804338
prefill,code,9,11,13,1006,0.02841165838228649
prefill,code,9,12,8,889,0.025107320379575238
prefill,code,9,13,21,846,0.023892905558065974
prefill,code,9,14,12,811,0.022904428377767735
prefill,code,9,15,48,673,0.019007004066877543
prefill,code,9,16,28,657,0.01855512878445549
prefill,code,9,17,34,645,0.01821622232263895
prefill,code,9,18,16,639,0.018046769091730683
prefill,code,9,19,35,579,0.01635223678264799
prefill,code,9,20,20,548,0.015476728422955265
prefill,code,9,21,54,459,0.012963172164482603
prefill,code,9,22,61,446,0.012596023497514685
prefill,code,9,23,27,443,0.012511296882060551
prefill,code,9,24,37,442,0.012483054676909173
prefill,code,9,25,55,436,0.012313601446000903
prefill,code,9,26,1,407,0.011494577496610935
prefill,code,9,27,33,391,0.011042702214188883
prefill,code,9,28,58,360,0.01016719385449616
prefill,code,9,29,40,332,0.00937641211025757
prefill,code,9,30,38,322,0.009093990058743787
prefill,code,9,31,53,321,0.00906574785359241
prefill,code,9,32,44,299,0.008444419340262087
prefill,code,9,33,11,293,0.008274966109353818
prefill,code,9,34,0,288,0.008133755083596927
prefill,code,9,35,43,285,0.008049028468142793
prefill,code,9,36,47,254,0.007173520108450068
prefill,code,9,37,2,244,0.0068910980569362856
prefill,code,9,38,30,241,0.006806371441482151
prefill,code,9,39,23,232,0.006552191595119747
prefill,code,9,40,36,230,0.006495707184816991
prefill,code,9,41,49,214,0.006043831902394939
prefill,code,9,42,59,200,0.005648441030275644
prefill,code,9,43,22,183,0.005168323542702215
prefill,code,9,44,29,182,0.005140081337550836
prefill,code,9,45,26,181,0.005111839132399458
prefill,code,9,46,24,175,0.004942385901491189
prefill,code,9,47,14,169,0.004772932670582919
prefill,code,9,48,32,149,0.004208088567555355
prefill,code,9,49,41,114,0.003219611387257117
prefill,code,9,50,45,114,0.003219611387257117
prefill,code,9,51,9,112,0.0031631269769543608
prefill,code,9,52,60,103,0.002908947130591957
prefill,code,9,53,3,103,0.002908947130591957
prefill,code,9,54,63,93,0.0026265250790781743
prefill,code,9,55,56,78,0.0022028920018075013
prefill,code,9,56,10,68,0.0019204699502937189
prefill,code,9,57,62,64,0.0018075011296882061
prefill,code,9,58,31,61,0.0017227745142340714
prefill,code,9,59,25,56,0.0015815634884771804
prefill,code,9,60,57,44,0.0012426570266606417
prefill,code,9,61,18,38,0.0010732037957523724
prefill,code,9,62,15,25,0.0007060551287844555
prefill,code,9,63,17,18,0.000508359692724808
prefill,code,9,64,19,18,0.000508359692724808
prefill,code,10,1,56,3988,0.11262991414369634
prefill,code,10,2,43,2004,0.05659737912336195
prefill,code,10,3,44,1656,0.04676909173068233
prefill,code,10,4,2,1628,0.04597830998644374
prefill,code,10,5,62,1600,0.04518752824220515
prefill,code,10,6,6,1244,0.0351333032083145
prefill,code,10,7,13,1222,0.03451197469498418
prefill,code,10,8,30,1205,0.034031857207410754
prefill,code,10,9,11,1204,0.034003615002259374
prefill,code,10,10,19,1187,0.033523497514685946
prefill,code,10,11,59,1060,0.029936737460460914
prefill,code,10,12,16,1032,0.029145955716222322
prefill,code,10,13,38,902,0.025474469046543154
prefill,code,10,14,12,816,0.023045639403524627
prefill,code,10,15,50,665,0.018781066425666515
prefill,code,10,16,22,651,0.018385675553547223
prefill,code,10,17,5,633,0.017877315860822415
prefill,code,10,18,17,601,0.01697356529597831
prefill,code,10,19,48,550,0.015533212833258021
prefill,code,10,20,37,528,0.0149118843199277
prefill,code,10,21,46,507,0.014318798011748757
prefill,code,10,22,32,458,0.012934929959331225
prefill,code,10,23,34,427,0.0120594215996385
prefill,code,10,24,15,410,0.01157930411206507
prefill,code,10,25,52,394,0.01112742882964302
prefill,code,10,26,29,384,0.010845006778129237
prefill,code,10,27,47,363,0.010251920469950293
prefill,code,10,28,23,363,0.010251920469950293
prefill,code,10,29,53,346,0.009771802982376863
prefill,code,10,30,35,343,0.00968707636692273
prefill,code,10,31,39,341,0.009630591956619973
prefill,code,10,32,4,339,0.009574107546317217
prefill,code,10,33,49,333,0.009404654315408947
prefill,code,10,34,0,317,0.008952779032986895
prefill,code,10,35,36,309,0.00872684139177587
prefill,code,10,36,3,308,0.008698599186624491
prefill,code,10,37,20,301,0.008500903750564844
prefill,code,10,38,1,299,0.008444419340262087
prefill,code,10,39,14,297,0.008387934929959331
prefill,code,10,40,9,293,0.008274966109353818
prefill,code,10,41,28,284,0.008020786262991414
prefill,code,10,42,7,270,0.0076253953908721195
prefill,code,10,43,18,264,0.00745594215996385
prefill,code,10,44,10,258,0.0072864889290555806
prefill,code,10,45,42,251,0.0070887934929959335
prefill,code,10,46,60,245,0.006919340262087664
prefill,code,10,47,61,239,0.0067498870311793946
prefill,code,10,48,24,234,0.0066086760054225036
prefill,code,10,49,26,231,0.006523949389968369
prefill,code,10,50,21,223,0.006298011748757343
prefill,code,10,51,55,207,0.005846136466335292
prefill,code,10,52,27,201,0.005676683235427023
prefill,code,10,53,45,178,0.005027112516945323
prefill,code,10,54,41,165,0.004659963849977407
prefill,code,10,55,33,159,0.004490510619069137
prefill,code,10,56,58,138,0.0038974243108901943
prefill,code,10,57,31,109,0.003078400361500226
prefill,code,10,58,51,94,0.002654767284229553
prefill,code,10,59,63,56,0.0015815634884771804
prefill,code,10,60,8,35,0.0009884771802982377
prefill,code,10,61,25,31,0.0008755083596927248
prefill,code,10,62,57,13,0.00036714866696791685
prefill,code,10,63,54,9,0.000254179846362404
prefill,code,10,64,40,6,0.00016945323090826933
prefill,code,11,1,27,4122,0.11641436963398102
prefill,code,11,2,13,3476,0.0981699051061907
prefill,code,11,3,47,3372,0.09523271577044735
prefill,code,11,4,63,1707,0.04820944419340262
prefill,code,11,5,7,1465,0.04137483054676909
prefill,code,11,6,44,1342,0.03790103931314957
prefill,code,11,7,23,1340,0.037844554902846814
prefill,code,11,8,57,1181,0.033354044283777674
prefill,code,11,9,33,1170,0.03304338002711252
prefill,code,11,10,43,1065,0.030077948486217802
prefill,code,11,11,51,942,0.026604157252598282
prefill,code,11,12,22,918,0.025926344328965206
prefill,code,11,13,37,820,0.02315860822413014
prefill,code,11,14,56,759,0.02143583370989607
prefill,code,11,15,52,699,0.019741301400813375
prefill,code,11,16,46,654,0.018470402169001355
prefill,code,11,17,58,579,0.01635223678264799
prefill,code,11,18,62,508,0.014347040216900135
prefill,code,11,19,5,488,0.013782196113872571
prefill,code,11,20,29,470,0.013273836421147763
prefill,code,11,21,20,413,0.011664030727519205
prefill,code,11,22,54,381,0.010760280162675101
prefill,code,11,23,61,373,0.010534342521464075
prefill,code,11,24,15,372,0.010506100316312697
prefill,code,11,25,34,369,0.010421373700858563
prefill,code,11,26,11,364,0.010280162675101671
prefill,code,11,27,18,359,0.010138951649344781
prefill,code,11,28,31,342,0.009658834161771351
prefill,code,11,29,8,326,0.0092069588793493
prefill,code,11,30,0,301,0.008500903750564844
prefill,code,11,31,3,276,0.0077948486217803885
prefill,code,11,32,12,275,0.0077666064166290105
prefill,code,11,33,24,257,0.0072582467239042025
prefill,code,11,34,14,240,0.006778129236330773
prefill,code,11,35,38,215,0.0060720741075463176
prefill,code,11,36,59,213,0.006015589697243561
prefill,code,11,37,45,212,0.005987347492092183
prefill,code,11,38,4,209,0.005902620876638048
prefill,code,11,39,30,204,0.005761409850881157
prefill,code,11,40,26,198,0.005591956619972888
prefill,code,11,41,36,191,0.00539426118391324
prefill,code,11,42,49,188,0.005309534568459106
prefill,code,11,43,2,188,0.005309534568459106
prefill,code,11,44,16,149,0.004208088567555355
prefill,code,11,45,39,149,0.004208088567555355
prefill,code,11,46,10,146,0.00412336195210122
prefill,code,11,47,40,146,0.00412336195210122
prefill,code,11,48,19,142,0.004010393131495707
prefill,code,11,49,17,140,0.003953908721192951
prefill,code,11,50,28,138,0.0038974243108901943
prefill,code,11,51,32,136,0.0038409399005874378
prefill,code,11,52,42,132,0.003727971079981925
prefill,code,11,53,35,126,0.0035585178490736558
prefill,code,11,54,41,112,0.0031631269769543608
prefill,code,11,55,9,85,0.002400587437867149
prefill,code,11,56,60,69,0.0019487121554450971
prefill,code,11,57,25,65,0.0018357433348395844
prefill,code,11,58,21,56,0.0015815634884771804
prefill,code,11,59,1,36,0.001016719385449616
prefill,code,11,60,53,17,0.0004801174875734297
prefill,code,11,61,55,12,0.00033890646181653866
prefill,code,11,62,6,8,0.00022593764121102577
prefill,code,11,63,48,1,2.824220515137822e-05
prefill,code,12,1,38,3908,0.11037053773158609
prefill,code,12,2,43,2912,0.08224130140081337
prefill,code,12,3,8,2372,0.06699051061906913
prefill,code,12,4,31,1866,0.05269995481247176
prefill,code,12,5,51,1810,0.05111839132399458
prefill,code,12,6,2,1526,0.043097605061003165
prefill,code,12,7,55,1483,0.0418831902394939
prefill,code,12,8,59,1353,0.03821170356981473
prefill,code,12,9,30,1336,0.0377315860822413
prefill,code,12,10,6,1286,0.03631947582467239
prefill,code,12,11,17,1010,0.028524627202892002
prefill,code,12,12,54,1007,0.028439900587437866
prefill,code,12,13,58,1007,0.028439900587437866
prefill,code,12,14,45,984,0.027790329868956166
prefill,code,12,15,9,921,0.02601107094441934
prefill,code,12,16,32,758,0.02140759150474469
prefill,code,12,17,50,598,0.016888838680524175
prefill,code,12,18,52,533,0.015053095345684591
prefill,code,12,19,15,522,0.014742431089019431
prefill,code,12,20,48,432,0.012200632625395391
prefill,code,12,21,14,379,0.010703795752372345
prefill,code,12,22,21,358,0.010110709444193403
prefill,code,12,23,22,345,0.009743560777225485
prefill,code,12,24,23,344,0.009715318572074107
prefill,code,12,25,7,321,0.00906574785359241
prefill,code,12,26,20,312,0.008811568007230005
prefill,code,12,27,4,307,0.008670356981473113
prefill,code,12,28,46,292,0.00824672390420244
prefill,code,12,29,10,272,0.0076818798011748755
prefill,code,12,30,44,261,0.0073712155445097155
prefill,code,12,31,57,251,0.0070887934929959335
prefill,code,12,32,53,246,0.006947582467239042
prefill,code,12,33,60,244,0.0068910980569362856
prefill,code,12,34,29,242,0.0068346136466335295
prefill,code,12,35,41,234,0.0066086760054225036
prefill,code,12,36,13,234,0.0066086760054225036
prefill,code,12,37,34,230,0.006495707184816991
prefill,code,12,38,16,228,0.006439222774514234
prefill,code,12,39,39,227,0.006410980569362856
prefill,code,12,40,28,225,0.0063544961590601
prefill,code,12,41,47,217,0.006128558517849074
prefill,code,12,42,24,206,0.005817894261183914
prefill,code,12,43,49,197,0.00556371441482151
prefill,code,12,44,36,186,0.005253050158156349
prefill,code,12,45,1,177,0.004998870311793945
prefill,code,12,46,62,170,0.004801174875734298
prefill,code,12,47,0,167,0.004716448260280163
prefill,code,12,48,26,165,0.004659963849977407
prefill,code,12,49,12,153,0.004321057388160868
prefill,code,12,50,56,123,0.003473791233619521
prefill,code,12,51,25,106,0.0029936737460460913
prefill,code,12,52,42,73,0.00206168097605061
prefill,code,12,53,63,67,0.0018922277451423406
prefill,code,12,54,33,64,0.0018075011296882061
prefill,code,12,55,11,43,0.0012144148215092634
prefill,code,12,56,61,40,0.0011296882060551287
prefill,code,12,57,5,27,0.000762539539087212
prefill,code,12,58,3,23,0.0006495707184816991
prefill,code,12,59,40,11,0.0003106642566651604
prefill,code,12,60,27,10,0.0002824220515137822
prefill,code,12,61,19,3,8.472661545413467e-05
prefill,code,12,62,18,2,5.648441030275644e-05
prefill,code,12,63,37,1,2.824220515137822e-05
prefill,code,12,64,35,1,2.824220515137822e-05
prefill,code,13,1,2,3819,0.10785698147311341
prefill,code,13,2,6,3214,0.0907704473565296
prefill,code,13,3,25,2721,0.07684704021690014
prefill,code,13,4,62,2512,0.07094441934026209
prefill,code,13,5,61,2052,0.05795300497062811
prefill,code,13,6,55,1910,0.0539426118391324
prefill,code,13,7,11,1746,0.04931089019430637
prefill,code,13,8,32,1539,0.04346475372797108
prefill,code,13,9,54,1374,0.03880478987799368
prefill,code,13,10,5,1155,0.03261974694984184
prefill,code,13,11,27,910,0.02570040668775418
prefill,code,13,12,7,861,0.024316538635336647
prefill,code,13,13,46,760,0.021464075915047447
prefill,code,13,14,3,732,0.02067329417080886
prefill,code,13,15,45,522,0.014742431089019431
prefill,code,13,16,21,509,0.014375282422051513
prefill,code,13,17,41,507,0.014318798011748757
prefill,code,13,18,20,460,0.012991414369633981
prefill,code,13,19,17,436,0.012313601446000903
prefill,code,13,20,31,432,0.012200632625395391
prefill,code,13,21,22,420,0.011861726163578851
prefill,code,13,22,8,347,0.009800045187528241
prefill,code,13,23,35,346,0.009771802982376863
prefill,code,13,24,1,344,0.009715318572074107
prefill,code,13,25,51,311,0.008783325802078626
prefill,code,13,26,4,295,0.008331450519656575
prefill,code,13,27,47,287,0.00810551287844555
prefill,code,13,28,28,287,0.00810551287844555
prefill,code,13,29,58,277,0.007823090826931767
prefill,code,13,30,38,268,0.0075689109805693626
prefill,code,13,31,34,259,0.007314731134206959
prefill,code,13,32,10,256,0.0072300045187528245
prefill,code,13,33,39,238,0.0067216448260280165
prefill,code,13,34,9,218,0.006156800723000452
prefill,code,13,35,0,215,0.0060720741075463176
prefill,code,13,36,18,206,0.005817894261183914
prefill,code,13,37,37,202,0.005704925440578401
prefill,code,13,38,23,199,0.005620198825124266
prefill,code,13,39,50,190,0.005366018978761862
prefill,code,13,40,30,182,0.005140081337550836
prefill,code,13,41,19,163,0.00460347943967465
prefill,code,13,42,12,161,0.004546995029371894
prefill,code,13,43,36,143,0.004038635336647086
prefill,code,13,44,33,124,0.0035020334387708993
prefill,code,13,45,42,123,0.003473791233619521
prefill,code,13,46,57,120,0.0033890646181653863
prefill,code,13,47,24,119,0.0033608224130140083
prefill,code,13,48,26,110,0.0031066425666516043
prefill,code,13,49,13,98,0.0027677361048350653
prefill,code,13,50,15,85,0.002400587437867149
prefill,code,13,51,53,85,0.002400587437867149
prefill,code,13,52,29,79,0.0022311342069588794
prefill,code,13,53,16,71,0.0020051965657478534
prefill,code,13,54,40,60,0.0016945323090826931
prefill,code,13,55,43,60,0.0016945323090826931
prefill,code,13,56,49,59,0.001666290103931315
prefill,code,13,57,60,56,0.0015815634884771804
prefill,code,13,58,48,38,0.0010732037957523724
prefill,code,13,59,63,37,0.0010449615906009942
prefill,code,13,60,59,36,0.001016719385449616
prefill,code,13,61,44,35,0.0009884771802982377
prefill,code,13,62,14,21,0.0005930863081789426
prefill,code,13,63,56,5,0.0001412110257568911
prefill,code,13,64,52,2,5.648441030275644e-05
prefill,code,14,1,36,3609,0.101926118391324
prefill,code,14,2,58,3457,0.09763330320831451
prefill,code,14,3,6,3303,0.09328400361500226
prefill,code,14,4,11,1564,0.044170808856755533
prefill,code,14,5,28,1364,0.03852236782647989
prefill,code,14,6,42,1269,0.03583935833709896
prefill,code,14,7,7,1210,0.034173068233167646
prefill,code,14,8,1,1160,0.032760957975598734
prefill,code,14,9,24,1157,0.0326762313601446
prefill,code,14,10,52,1130,0.03191369182105739
prefill,code,14,11,60,1124,0.03174423859014912
prefill,code,14,12,9,1047,0.029569588793492994
prefill,code,14,13,34,1005,0.02838341617713511
prefill,code,14,14,13,945,0.026688883868052418
prefill,code,14,15,39,861,0.024316538635336647
prefill,code,14,16,12,777,0.02194419340262088
prefill,code,14,17,45,453,0.012793718933574333
prefill,code,14,18,38,452,0.012765476728422955
prefill,code,14,19,15,451,0.012737234523271577
prefill,code,14,20,54,440,0.012426570266606417
prefill,code,14,21,44,429,0.012115906009941255
prefill,code,14,22,35,405,0.01143809308630818
prefill,code,14,23,48,381,0.010760280162675101
prefill,code,14,24,47,378,0.010675553547220967
prefill,code,14,25,46,359,0.010138951649344781
prefill,code,14,26,29,344,0.009715318572074107
prefill,code,14,27,57,336,0.009489380930863081
prefill,code,14,28,20,329,0.009291685494803434
prefill,code,14,29,63,325,0.009178716674197921
prefill,code,14,30,23,322,0.009093990058743787
prefill,code,14,31,22,305,0.008613872571170357
prefill,code,14,32,16,304,0.00858563036601898
prefill,code,14,33,53,299,0.008444419340262087
prefill,code,14,34,4,295,0.008331450519656575
prefill,code,14,35,10,264,0.00745594215996385
prefill,code,14,36,41,263,0.0074276999548124716
prefill,code,14,37,61,253,0.0071452779032986895
prefill,code,14,38,17,234,0.0066086760054225036
prefill,code,14,39,51,231,0.006523949389968369
prefill,code,14,40,27,230,0.006495707184816991
prefill,code,14,41,19,217,0.006128558517849074
prefill,code,14,42,56,215,0.0060720741075463176
prefill,code,14,43,5,202,0.005704925440578401
prefill,code,14,44,31,194,0.005478987799367375
prefill,code,14,45,26,182,0.005140081337550836
prefill,code,14,46,37,160,0.004518752824220515
prefill,code,14,47,40,148,0.004179846362403977
prefill,code,14,48,8,139,0.003925666516041573
prefill,code,14,49,0,132,0.003727971079981925
prefill,code,14,50,18,115,0.0032478535924084953
prefill,code,14,51,32,93,0.0026265250790781743
prefill,code,14,52,50,90,0.00254179846362404
prefill,code,14,53,59,84,0.0023723452327157704
prefill,code,14,54,21,83,0.0023441030275643923
prefill,code,14,55,62,74,0.0020899231812019884
prefill,code,14,56,3,51,0.0014403524627202892
prefill,code,14,57,33,50,0.001412110257568911
prefill,code,14,58,25,49,0.0013838680524175327
prefill,code,14,59,49,31,0.0008755083596927248
prefill,code,14,60,30,15,0.0004236330772706733
prefill,code,14,61,43,14,0.0003953908721192951
prefill,code,14,62,2,4,0.00011296882060551288
prefill,code,14,63,14,1,2.824220515137822e-05
prefill,code,14,64,55,1,2.824220515137822e-05
prefill,code,15,1,17,3551,0.10028807049254405
prefill,code,15,2,8,3212,0.09071396294622684
prefill,code,15,3,30,3139,0.08865228197017623
prefill,code,15,4,44,2064,0.058291911432444644
prefill,code,15,5,58,1646,0.04648666967916855
prefill,code,15,6,36,1391,0.039284907365567105
prefill,code,15,7,1,1220,0.03445549028468143
prefill,code,15,8,29,1172,0.03309986443741527
prefill,code,15,9,57,1052,0.029710799819249886
prefill,code,15,10,60,1048,0.029597830998644374
prefill,code,15,11,3,1031,0.029117713511070946
prefill,code,15,12,34,951,0.026858337098960686
prefill,code,15,13,53,808,0.022819701762313602
prefill,code,15,14,33,742,0.02095571622232264
prefill,code,15,15,20,705,0.019910754631721646
prefill,code,15,16,35,680,0.01920469950293719
prefill,code,15,17,52,582,0.016436963398102123
prefill,code,15,18,6,559,0.015787392679620423
prefill,code,15,19,24,545,0.015392001807501129
prefill,code,15,20,9,493,0.013923407139629463
prefill,code,15,21,2,464,0.013104383190239493
prefill,code,15,22,22,452,0.012765476728422955
prefill,code,15,23,21,424,0.011974694984184365
prefill,code,15,24,55,408,0.011522819701762313
prefill,code,15,25,19,408,0.011522819701762313
prefill,code,15,26,37,392,0.011070944419340261
prefill,code,15,27,47,372,0.010506100316312697
prefill,code,15,28,15,356,0.010054225033890645
prefill,code,15,29,11,342,0.009658834161771351
prefill,code,15,30,56,308,0.008698599186624491
prefill,code,15,31,5,298,0.00841617713511071
prefill,code,15,32,0,283,0.007992544057840036
prefill,code,15,33,43,271,0.0076536375960234975
prefill,code,15,34,32,269,0.0075971531857207415
prefill,code,15,35,31,259,0.007314731134206959
prefill,code,15,36,12,251,0.0070887934929959335
prefill,code,15,37,62,250,0.007060551287844555
prefill,code,15,38,10,239,0.0067498870311793946
prefill,code,15,39,54,228,0.006439222774514234
prefill,code,15,40,13,210,0.005930863081789426
prefill,code,15,41,28,207,0.005846136466335292
prefill,code,15,42,4,202,0.005704925440578401
prefill,code,15,43,46,199,0.005620198825124266
prefill,code,15,44,48,185,0.005224807953004971
prefill,code,15,45,23,184,0.005196565747853593
prefill,code,15,46,63,164,0.004631721644826028
prefill,code,15,47,16,159,0.004490510619069137
prefill,code,15,48,61,134,0.0037844554902846813
prefill,code,15,49,7,130,0.0036714866696791687
prefill,code,15,50,50,121,0.0034173068233167648
prefill,code,15,51,59,117,0.0033043380027112518
prefill,code,15,52,45,84,0.0023723452327157704
prefill,code,15,53,41,79,0.0022311342069588794
prefill,code,15,54,18,71,0.0020051965657478534
prefill,code,15,55,51,54,0.001525079078174424
prefill,code,15,56,26,52,0.0014685946678716674
prefill,code,15,57,40,49,0.0013838680524175327
prefill,code,15,58,27,47,0.0013273836421147764
prefill,code,15,59,39,29,0.0008190239493899683
prefill,code,15,60,42,24,0.0006778129236330773
prefill,code,15,61,14,20,0.0005648441030275643
prefill,code,15,62,38,13,0.00036714866696791685
prefill,code,15,63,49,6,0.00016945323090826933
prefill,code,15,64,25,3,8.472661545413467e-05
prefill,conversation,0,1,6,1235,0.08112191276931162
prefill,conversation,0,2,41,615,0.04039674198633736
prefill,conversation,0,3,36,350,0.022990015764582237
prefill,conversation,0,4,61,345,0.02266158696794535
prefill,conversation,0,5,39,341,0.022398843930635837
prefill,conversation,0,6,29,322,0.02115081450341566
prefill,conversation,0,7,58,306,0.020099842354177614
prefill,conversation,0,8,19,303,0.01990278507619548
prefill,conversation,0,9,49,292,0.019180241723594324
prefill,conversation,0,10,60,290,0.019048870204939568
prefill,conversation,0,11,51,286,0.01878612716763006
prefill,conversation,0,12,24,285,0.01872044140830268
prefill,conversation,0,13,22,278,0.018260641093011034
prefill,conversation,0,14,40,277,0.018194955333683656
prefill,conversation,0,15,38,272,0.01786652653704677
prefill,conversation,0,16,20,272,0.01786652653704677
prefill,conversation,0,17,15,268,0.017603783499737256
prefill,conversation,0,18,5,267,0.017538097740409878
prefill,conversation,0,19,7,266,0.0174724119810825
prefill,conversation,0,20,33,265,0.017406726221755122
prefill,conversation,0,21,63,260,0.017078297425118235
prefill,conversation,0,22,30,252,0.01655281135049921
prefill,conversation,0,23,59,240,0.015764582238570676
prefill,conversation,0,24,53,236,0.015501839201261167
prefill,conversation,0,25,44,224,0.014713610089332634
prefill,conversation,0,26,55,219,0.014385181292695743
prefill,conversation,0,27,43,216,0.01418812401471361
prefill,conversation,0,28,54,215,0.014122438255386232
prefill,conversation,0,29,46,214,0.014056752496058854
prefill,conversation,0,30,25,212,0.013925380977404098
prefill,conversation,0,31,26,210,0.013794009458749344
prefill,conversation,0,32,0,204,0.013399894902785077
prefill,conversation,0,33,14,204,0.013399894902785077
prefill,conversation,0,34,8,202,0.01326852338413032
prefill,conversation,0,35,17,201,0.013202837624802942
prefill,conversation,0,36,18,199,0.013071466106148188
prefill,conversation,0,37,48,196,0.012874408828166053
prefill,conversation,0,38,42,195,0.012808723068838675
prefill,conversation,0,39,11,192,0.012611665790856543
prefill,conversation,0,40,16,189,0.012414608512874408
prefill,conversation,0,41,10,189,0.012414608512874408
prefill,conversation,0,42,1,189,0.012414608512874408
prefill,conversation,0,43,34,188,0.01234892275354703
prefill,conversation,0,44,13,182,0.011954808197582763
prefill,conversation,0,45,27,182,0.011954808197582763
prefill,conversation,0,46,21,178,0.011692065160273253
prefill,conversation,0,47,45,177,0.011626379400945875
prefill,conversation,0,48,12,177,0.011626379400945875
prefill,conversation,0,49,62,173,0.011363636363636364
prefill,conversation,0,50,4,169,0.011100893326326852
prefill,conversation,0,51,32,167,0.010969521807672097
prefill,conversation,0,52,50,167,0.010969521807672097
prefill,conversation,0,53,3,161,0.01057540725170783
prefill,conversation,0,54,35,160,0.010509721492380452
prefill,conversation,0,55,57,158,0.010378349973725696
prefill,conversation,0,56,47,150,0.009852863899106674
prefill,conversation,0,57,23,150,0.009852863899106674
prefill,conversation,0,58,56,148,0.009721492380451918
prefill,conversation,0,59,31,137,0.008998949027850763
prefill,conversation,0,60,37,137,0.008998949027850763
prefill,conversation,0,61,2,131,0.008604834471886496
prefill,conversation,0,62,9,126,0.008276405675249605
prefill,conversation,0,63,52,126,0.008276405675249605
prefill,conversation,0,64,28,87,0.005714661061481871
prefill,conversation,1,1,11,448,0.029427220178665267
prefill,conversation,1,2,12,383,0.025157645822385707
prefill,conversation,1,3,17,381,0.02502627430373095
prefill,conversation,1,4,47,380,0.024960588544403573
prefill,conversation,1,5,18,376,0.02469784550709406
prefill,conversation,1,6,60,374,0.024566473988439308
prefill,conversation,1,7,40,350,0.022990015764582237
prefill,conversation,1,8,35,346,0.022727272727272728
prefill,conversation,1,9,27,338,0.022201786652653703
prefill,conversation,1,10,49,328,0.021544929059379925
prefill,conversation,1,11,37,327,0.021479243300052547
prefill,conversation,1,12,23,325,0.021347871781397795
prefill,conversation,1,13,32,323,0.02121650026274304
prefill,conversation,1,14,21,318,0.020888071466106148
prefill,conversation,1,15,25,316,0.02075669994745139
prefill,conversation,1,16,63,315,0.020691014188124014
prefill,conversation,1,17,45,307,0.020165528113504992
prefill,conversation,1,18,41,302,0.0198370993168681
prefill,conversation,1,19,62,299,0.01964004203888597
prefill,conversation,1,20,53,294,0.01931161324224908
prefill,conversation,1,21,29,293,0.019245927482921702
prefill,conversation,1,22,9,286,0.01878612716763006
prefill,conversation,1,23,48,272,0.01786652653704677
prefill,conversation,1,24,59,267,0.017538097740409878
prefill,conversation,1,25,20,267,0.017538097740409878
prefill,conversation,1,26,15,265,0.017406726221755122
prefill,conversation,1,27,42,262,0.01720966894377299
prefill,conversation,1,28,39,254,0.016684182869153966
prefill,conversation,1,29,19,253,0.016618497109826588
prefill,conversation,1,30,14,245,0.016093011035207567
prefill,conversation,1,31,51,242,0.015895953757225433
prefill,conversation,1,32,7,241,0.015830267997898054
prefill,conversation,1,33,1,238,0.015633210719915924
prefill,conversation,1,34,30,236,0.015501839201261167
prefill,conversation,1,35,3,236,0.015501839201261167
prefill,conversation,1,36,5,230,0.0151077246452969
prefill,conversation,1,37,58,216,0.01418812401471361
prefill,conversation,1,38,13,214,0.014056752496058854
prefill,conversation,1,39,44,213,0.013991066736731476
prefill,conversation,1,40,50,211,0.013859695218076722
prefill,conversation,1,41,54,208,0.013662637940094587
prefill,conversation,1,42,0,205,0.013465580662112455
prefill,conversation,1,43,8,203,0.013334209143457698
prefill,conversation,1,44,52,198,0.01300578034682081
prefill,conversation,1,45,55,190,0.012480294272201787
prefill,conversation,1,46,2,186,0.012217551234892276
prefill,conversation,1,47,31,182,0.011954808197582763
prefill,conversation,1,48,36,173,0.011363636363636364
prefill,conversation,1,49,57,173,0.011363636363636364
prefill,conversation,1,50,34,163,0.010706778770362585
prefill,conversation,1,51,28,162,0.010641093011035208
prefill,conversation,1,52,61,157,0.010312664214398318
prefill,conversation,1,53,22,149,0.009787178139779296
prefill,conversation,1,54,4,136,0.008933263268523384
prefill,conversation,1,55,46,133,0.00873620599054125
prefill,conversation,1,56,38,117,0.007685233841303206
prefill,conversation,1,57,56,114,0.007488176563321072
prefill,conversation,1,58,10,104,0.006831318970047294
prefill,conversation,1,59,16,94,0.006174461376773515
prefill,conversation,1,60,24,91,0.005977404098791382
prefill,conversation,1,61,26,89,0.005846032580136626
prefill,conversation,1,62,6,85,0.005583289542827115
prefill,conversation,1,63,33,73,0.004795060430898581
prefill,conversation,1,64,43,68,0.004466631634261692
prefill,conversation,2,1,8,493,0.032383079348397265
prefill,conversation,2,2,34,442,0.029033105622701
prefill,conversation,2,3,40,422,0.027719390436153443
prefill,conversation,2,4,5,399,0.026208617971623754
prefill,conversation,2,5,35,389,0.025551760378349973
prefill,conversation,2,6,15,374,0.024566473988439308
prefill,conversation,2,7,9,348,0.022858644245927484
prefill,conversation,2,8,12,339,0.02226747241198108
prefill,conversation,2,9,47,338,0.022201786652653703
prefill,conversation,2,10,62,336,0.02207041513399895
prefill,conversation,2,11,46,322,0.02115081450341566
prefill,conversation,2,12,22,311,0.020428271150814505
prefill,conversation,2,13,53,302,0.0198370993168681
prefill,conversation,2,14,60,286,0.01878612716763006
prefill,conversation,2,15,26,285,0.01872044140830268
prefill,conversation,2,16,59,283,0.018589069889647925
prefill,conversation,2,17,14,280,0.01839201261166579
prefill,conversation,2,18,33,280,0.01839201261166579
prefill,conversation,2,19,1,279,0.018326326852338412
prefill,conversation,2,20,38,277,0.018194955333683656
prefill,conversation,2,21,16,273,0.017932212296374147
prefill,conversation,2,22,29,271,0.01780084077771939
prefill,conversation,2,23,4,271,0.01780084077771939
prefill,conversation,2,24,63,262,0.01720966894377299
prefill,conversation,2,25,13,260,0.017078297425118235
prefill,conversation,2,26,27,258,0.01694692590646348
prefill,conversation,2,27,20,248,0.0162900683131897
prefill,conversation,2,28,19,247,0.016224382553862323
prefill,conversation,2,29,57,245,0.016093011035207567
prefill,conversation,2,30,45,243,0.01596163951655281
prefill,conversation,2,31,24,242,0.015895953757225433
prefill,conversation,2,32,18,242,0.015895953757225433
prefill,conversation,2,33,41,240,0.015764582238570676
prefill,conversation,2,34,6,239,0.0156988964792433
prefill,conversation,2,35,23,238,0.015633210719915924
prefill,conversation,2,36,0,232,0.015239096163951655
prefill,conversation,2,37,21,231,0.015173410404624277
prefill,conversation,2,38,58,230,0.0151077246452969
prefill,conversation,2,39,11,227,0.014910667367314766
prefill,conversation,2,40,44,216,0.01418812401471361
prefill,conversation,2,41,39,214,0.014056752496058854
prefill,conversation,2,42,36,212,0.013925380977404098
prefill,conversation,2,43,3,200,0.013137151865475564
prefill,conversation,2,44,61,193,0.012677351550183921
prefill,conversation,2,45,32,188,0.01234892275354703
prefill,conversation,2,46,54,178,0.011692065160273253
prefill,conversation,2,47,25,177,0.011626379400945875
prefill,conversation,2,48,48,175,0.011495007882291118
prefill,conversation,2,49,56,169,0.011100893326326852
prefill,conversation,2,50,49,169,0.011100893326326852
prefill,conversation,2,51,37,167,0.010969521807672097
prefill,conversation,2,52,50,167,0.010969521807672097
prefill,conversation,2,53,28,165,0.01083815028901734
prefill,conversation,2,54,7,159,0.010444035733053074
prefill,conversation,2,55,52,145,0.009524435102469784
prefill,conversation,2,56,30,144,0.009458749343142408
prefill,conversation,2,57,17,137,0.008998949027850763
prefill,conversation,2,58,31,100,0.006568575932737782
prefill,conversation,2,59,43,94,0.006174461376773515
prefill,conversation,2,60,10,89,0.005846032580136626
prefill,conversation,2,61,42,77,0.0050578034682080926
prefill,conversation,2,62,2,74,0.004860746190225959
prefill,conversation,2,63,55,74,0.004860746190225959
prefill,conversation,2,64,51,57,0.003744088281660536
prefill,conversation,3,1,45,592,0.03888596952180767
prefill,conversation,3,2,61,504,0.03310562270099842
prefill,conversation,3,3,52,445,0.029230162900683133
prefill,conversation,3,4,30,387,0.025420388859695216
prefill,conversation,3,5,58,384,0.025223331581713086
prefill,conversation,3,6,31,377,0.02476353126642144
prefill,conversation,3,7,59,363,0.02384393063583815
prefill,conversation,3,8,43,358,0.02351550183920126
prefill,conversation,3,9,23,358,0.02351550183920126
prefill,conversation,3,10,48,353,0.02318707304256437
prefill,conversation,3,11,12,350,0.022990015764582237
prefill,conversation,3,12,42,338,0.022201786652653703
prefill,conversation,3,13,49,335,0.022004729374671572
prefill,conversation,3,14,20,332,0.021807672096689438
prefill,conversation,3,15,18,328,0.021544929059379925
prefill,conversation,3,16,57,327,0.021479243300052547
prefill,conversation,3,17,38,324,0.021282186022070416
prefill,conversation,3,18,62,318,0.020888071466106148
prefill,conversation,3,19,40,308,0.02023121387283237
prefill,conversation,3,20,28,303,0.01990278507619548
prefill,conversation,3,21,15,302,0.0198370993168681
prefill,conversation,3,22,9,296,0.019442984760903836
prefill,conversation,3,23,22,281,0.01845769837099317
prefill,conversation,3,24,33,275,0.018063583815028903
prefill,conversation,3,25,37,273,0.017932212296374147
prefill,conversation,3,26,56,271,0.01780084077771939
prefill,conversation,3,27,54,268,0.017603783499737256
prefill,conversation,3,28,19,255,0.016749868628481344
prefill,conversation,3,29,39,248,0.0162900683131897
prefill,conversation,3,30,29,247,0.016224382553862323
prefill,conversation,3,31,46,240,0.015764582238570676
prefill,conversation,3,32,25,225,0.01477929584866001
prefill,conversation,3,33,35,222,0.014582238570677877
prefill,conversation,3,34,14,215,0.014122438255386232
prefill,conversation,3,35,47,210,0.013794009458749344
prefill,conversation,3,36,32,204,0.013399894902785077
prefill,conversation,3,37,44,204,0.013399894902785077
prefill,conversation,3,38,2,199,0.013071466106148188
prefill,conversation,3,39,34,199,0.013071466106148188
prefill,conversation,3,40,27,196,0.012874408828166053
prefill,conversation,3,41,21,195,0.012808723068838675
prefill,conversation,3,42,0,192,0.012611665790856543
prefill,conversation,3,43,50,189,0.012414608512874408
prefill,conversation,3,44,10,183,0.012020493956910142
prefill,conversation,3,45,7,173,0.011363636363636364
prefill,conversation,3,46,8,170,0.01116657908565423
prefill,conversation,3,47,55,169,0.011100893326326852
prefill,conversation,3,48,36,161,0.01057540725170783
prefill,conversation,3,49,1,148,0.009721492380451918
prefill,conversation,3,50,11,146,0.009590120861797162
prefill,conversation,3,51,4,145,0.009524435102469784
prefill,conversation,3,52,6,140,0.009196006305832895
prefill,conversation,3,53,41,132,0.008670520231213872
prefill,conversation,3,54,24,129,0.00847346295323174
prefill,conversation,3,55,63,128,0.008407777193904361
prefill,conversation,3,56,5,124,0.00814503415659485
prefill,conversation,3,57,3,110,0.0072254335260115606
prefill,conversation,3,58,51,106,0.006962690488702049
prefill,conversation,3,59,53,57,0.003744088281660536
prefill,conversation,3,60,13,52,0.003415659485023647
prefill,conversation,3,61,60,49,0.0032186022070415134
prefill,conversation,3,62,26,44,0.002890173410404624
prefill,conversation,3,63,17,37,0.0024303730951129796
prefill,conversation,3,64,16,31,0.0020362585391487126
prefill,conversation,4,1,17,555,0.03645559642669469
prefill,conversation,4,2,48,516,0.03389385181292696
prefill,conversation,4,3,62,455,0.02988702049395691
prefill,conversation,4,4,43,427,0.02804781923279033
prefill,conversation,4,5,34,422,0.027719390436153443
prefill,conversation,4,6,21,421,0.027653704676826065
prefill,conversation,4,7,19,380,0.024960588544403573
prefill,conversation,4,8,47,374,0.024566473988439308
prefill,conversation,4,9,49,367,0.02410667367314766
prefill,conversation,4,10,23,364,0.023909616395165527
prefill,conversation,4,11,8,360,0.023646873357856018
prefill,conversation,4,12,56,338,0.022201786652653703
prefill,conversation,4,13,45,317,0.02082238570677877
prefill,conversation,4,14,26,312,0.020493956910141883
prefill,conversation,4,15,33,302,0.0198370993168681
prefill,conversation,4,16,5,284,0.018654755648975303
prefill,conversation,4,17,58,277,0.018194955333683656
prefill,conversation,4,18,41,274,0.017997898055701525
prefill,conversation,4,19,52,273,0.017932212296374147
prefill,conversation,4,20,13,270,0.017735155018392013
prefill,conversation,4,21,59,267,0.017538097740409878
prefill,conversation,4,22,31,267,0.017538097740409878
prefill,conversation,4,23,35,263,0.01727535470310037
prefill,conversation,4,24,60,263,0.01727535470310037
prefill,conversation,4,25,25,261,0.017143983184445613
prefill,conversation,4,26,36,260,0.017078297425118235
prefill,conversation,4,27,44,251,0.016487125591171835
prefill,conversation,4,28,42,244,0.01602732527588019
prefill,conversation,4,29,7,240,0.015764582238570676
prefill,conversation,4,30,14,229,0.015042038885969522
prefill,conversation,4,31,39,228,0.014976353126642144
prefill,conversation,4,32,40,228,0.014976353126642144
prefill,conversation,4,33,6,221,0.0145165528113505
prefill,conversation,4,34,57,220,0.014450867052023121
prefill,conversation,4,35,11,213,0.013991066736731476
prefill,conversation,4,36,50,210,0.013794009458749344
prefill,conversation,4,37,37,207,0.01359695218076721
prefill,conversation,4,38,46,204,0.013399894902785077
prefill,conversation,4,39,53,202,0.01326852338413032
prefill,conversation,4,40,18,196,0.012874408828166053
prefill,conversation,4,41,38,190,0.012480294272201787
prefill,conversation,4,42,10,188,0.01234892275354703
prefill,conversation,4,43,61,185,0.012151865475564898
prefill,conversation,4,44,24,182,0.011954808197582763
prefill,conversation,4,45,1,181,0.011889122438255387
prefill,conversation,4,46,29,179,0.01175775091960063
prefill,conversation,4,47,3,175,0.011495007882291118
prefill,conversation,4,48,55,168,0.011035207566999475
prefill,conversation,4,49,27,164,0.010772464529689963
prefill,conversation,4,50,4,163,0.010706778770362585
prefill,conversation,4,51,63,157,0.010312664214398318
prefill,conversation,4,52,54,157,0.010312664214398318
prefill,conversation,4,53,20,143,0.00939306358381503
prefill,conversation,4,54,22,137,0.008998949027850763
prefill,conversation,4,55,30,128,0.008407777193904361
prefill,conversation,4,56,51,122,0.008013662637940094
prefill,conversation,4,57,0,121,0.007947976878612716
prefill,conversation,4,58,28,111,0.007291119285338939
prefill,conversation,4,59,16,92,0.00604308985811876
prefill,conversation,4,60,9,86,0.005648975302154493
prefill,conversation,4,61,2,73,0.004795060430898581
prefill,conversation,4,62,32,67,0.004400945874934314
prefill,conversation,4,63,15,48,0.0031529164477141357
prefill,conversation,4,64,12,45,0.0029558591697320022
prefill,conversation,5,1,0,613,0.04026537046768261
prefill,conversation,5,2,13,525,0.03448502364687336
prefill,conversation,5,3,10,433,0.0284419337887546
prefill,conversation,5,4,21,423,0.02778507619548082
prefill,conversation,5,5,14,401,0.026339989490278506
prefill,conversation,5,6,27,389,0.025551760378349973
prefill,conversation,5,7,42,360,0.023646873357856018
prefill,conversation,5,8,48,355,0.023318444561219127
prefill,conversation,5,9,54,340,0.02233315817130846
prefill,conversation,5,10,6,340,0.02233315817130846
prefill,conversation,5,11,38,324,0.021282186022070416
prefill,conversation,5,12,52,322,0.02115081450341566
prefill,conversation,5,13,55,318,0.020888071466106148
prefill,conversation,5,14,26,311,0.020428271150814505
prefill,conversation,5,15,41,309,0.02029689963215975
prefill,conversation,5,16,45,308,0.02023121387283237
prefill,conversation,5,17,57,293,0.019245927482921702
prefill,conversation,5,18,23,293,0.019245927482921702
prefill,conversation,5,19,60,293,0.019245927482921702
prefill,conversation,5,20,34,288,0.018917498686284815
prefill,conversation,5,21,58,274,0.017997898055701525
prefill,conversation,5,22,19,272,0.01786652653704677
prefill,conversation,5,23,30,262,0.01720966894377299
prefill,conversation,5,24,40,258,0.01694692590646348
prefill,conversation,5,25,20,254,0.016684182869153966
prefill,conversation,5,26,8,248,0.0162900683131897
prefill,conversation,5,27,11,245,0.016093011035207567
prefill,conversation,5,28,22,243,0.01596163951655281
prefill,conversation,5,29,63,235,0.01543615344193379
prefill,conversation,5,30,2,233,0.015304781923279033
prefill,conversation,5,31,18,232,0.015239096163951655
prefill,conversation,5,32,39,216,0.01418812401471361
prefill,conversation,5,33,36,208,0.013662637940094587
prefill,conversation,5,34,59,207,0.01359695218076721
prefill,conversation,5,35,16,207,0.01359695218076721
prefill,conversation,5,36,29,199,0.013071466106148188
prefill,conversation,5,37,32,199,0.013071466106148188
prefill,conversation,5,38,1,196,0.012874408828166053
prefill,conversation,5,39,9,190,0.012480294272201787
prefill,conversation,5,40,46,190,0.012480294272201787
prefill,conversation,5,41,17,189,0.012414608512874408
prefill,conversation,5,42,51,184,0.01208617971623752
prefill,conversation,5,43,35,183,0.012020493956910142
prefill,conversation,5,44,33,182,0.011954808197582763
prefill,conversation,5,45,3,181,0.011889122438255387
prefill,conversation,5,46,61,176,0.011560693641618497
prefill,conversation,5,47,49,171,0.011232264844981608
prefill,conversation,5,48,4,169,0.011100893326326852
prefill,conversation,5,49,12,165,0.01083815028901734
prefill,conversation,5,50,7,165,0.01083815028901734
prefill,conversation,5,51,47,161,0.01057540725170783
prefill,conversation,5,52,43,147,0.00965580662112454
prefill,conversation,5,53,53,143,0.00939306358381503
prefill,conversation,5,54,24,139,0.009130320546505517
prefill,conversation,5,55,31,135,0.008867577509196006
prefill,conversation,5,56,62,120,0.007882291119285338
prefill,conversation,5,57,50,120,0.007882291119285338
prefill,conversation,5,58,28,110,0.0072254335260115606
prefill,conversation,5,59,15,107,0.007028376248029427
prefill,conversation,5,60,5,105,0.006897004729374672
prefill,conversation,5,61,37,101,0.00663426169206516
prefill,conversation,5,62,25,99,0.006502890173410405
prefill,conversation,5,63,44,90,0.0059117183394640045
prefill,conversation,5,64,56,76,0.0049921177088807145
prefill,conversation,6,1,18,814,0.05346820809248555
prefill,conversation,6,2,36,639,0.04197320021019443
prefill,conversation,6,3,57,461,0.030281135049921176
prefill,conversation,6,4,5,429,0.028179190751445087
prefill,conversation,6,5,61,414,0.02719390436153442
prefill,conversation,6,6,33,401,0.026339989490278506
prefill,conversation,6,7,38,385,0.025289017341040464
prefill,conversation,6,8,16,348,0.022858644245927484
prefill,conversation,6,9,20,341,0.022398843930635837
prefill,conversation,6,10,9,340,0.02233315817130846
prefill,conversation,6,11,40,340,0.02233315817130846
prefill,conversation,6,12,62,320,0.021019442984760904
prefill,conversation,6,13,24,316,0.02075669994745139
prefill,conversation,6,14,55,315,0.020691014188124014
prefill,conversation,6,15,26,305,0.020034156594850236
prefill,conversation,6,16,2,301,0.019771413557540723
prefill,conversation,6,17,48,288,0.018917498686284815
prefill,conversation,6,18,15,287,0.018851812926957437
prefill,conversation,6,19,12,283,0.018589069889647925
prefill,conversation,6,20,11,281,0.01845769837099317
prefill,conversation,6,21,41,278,0.018260641093011034
prefill,conversation,6,22,6,257,0.0168812401471361
prefill,conversation,6,23,52,255,0.016749868628481344
prefill,conversation,6,24,45,248,0.0162900683131897
prefill,conversation,6,25,42,246,0.016158696794534945
prefill,conversation,6,26,56,235,0.01543615344193379
prefill,conversation,6,27,47,234,0.015370467682606411
prefill,conversation,6,28,0,231,0.015173410404624277
prefill,conversation,6,29,17,226,0.014844981607987388
prefill,conversation,6,30,10,225,0.01477929584866001
prefill,conversation,6,31,63,222,0.014582238570677877
prefill,conversation,6,32,1,220,0.014450867052023121
prefill,conversation,6,33,25,216,0.01418812401471361
prefill,conversation,6,34,4,210,0.013794009458749344
prefill,conversation,6,35,35,210,0.013794009458749344
prefill,conversation,6,36,13,205,0.013465580662112455
prefill,conversation,6,37,21,205,0.013465580662112455
prefill,conversation,6,38,29,202,0.01326852338413032
prefill,conversation,6,39,59,200,0.013137151865475564
prefill,conversation,6,40,58,199,0.013071466106148188
prefill,conversation,6,41,27,198,0.01300578034682081
prefill,conversation,6,42,53,189,0.012414608512874408
prefill,conversation,6,43,23,188,0.01234892275354703
prefill,conversation,6,44,39,188,0.01234892275354703
prefill,conversation,6,45,3,185,0.012151865475564898
prefill,conversation,6,46,43,183,0.012020493956910142
prefill,conversation,6,47,60,176,0.011560693641618497
prefill,conversation,6,48,8,168,0.011035207566999475
prefill,conversation,6,49,28,153,0.010049921177088807
prefill,conversation,6,50,50,149,0.009787178139779296
prefill,conversation,6,51,30,123,0.008079348397267472
prefill,conversation,6,52,22,123,0.008079348397267472
prefill,conversation,6,53,37,123,0.008079348397267472
prefill,conversation,6,54,46,119,0.007816605359957962
prefill,conversation,6,55,7,115,0.00755386232264845
prefill,conversation,6,56,44,115,0.00755386232264845
prefill,conversation,6,57,54,104,0.006831318970047294
prefill,conversation,6,58,49,102,0.006699947451392538
prefill,conversation,6,59,51,98,0.006437204414083027
prefill,conversation,6,60,14,84,0.005517603783499738
prefill,conversation,6,61,19,82,0.005386232264844981
prefill,conversation,6,62,31,62,0.004072517078297425
prefill,conversation,6,63,32,43,0.0028244876510772465
prefill,conversation,6,64,34,22,0.001445086705202312
prefill,conversation,7,1,54,651,0.042761429322122964
prefill,conversation,7,2,4,596,0.039148712559117185
prefill,conversation,7,3,1,592,0.03888596952180767
prefill,conversation,7,4,46,426,0.027982133473462952
prefill,conversation,7,5,17,396,0.02601156069364162
prefill,conversation,7,6,29,395,0.02594587493431424
prefill,conversation,7,7,36,374,0.024566473988439308
prefill,conversation,7,8,0,374,0.024566473988439308
prefill,conversation,7,9,5,363,0.02384393063583815
prefill,conversation,7,10,26,346,0.022727272727272728
prefill,conversation,7,11,35,343,0.022530215449290594
prefill,conversation,7,12,60,331,0.02174198633736206
prefill,conversation,7,13,38,323,0.02121650026274304
prefill,conversation,7,14,13,309,0.02029689963215975
prefill,conversation,7,15,32,306,0.020099842354177614
prefill,conversation,7,16,11,304,0.019968470835522858
prefill,conversation,7,17,48,299,0.01964004203888597
prefill,conversation,7,18,34,288,0.018917498686284815
prefill,conversation,7,19,23,281,0.01845769837099317
prefill,conversation,7,20,61,279,0.018326326852338412
prefill,conversation,7,21,47,272,0.01786652653704677
prefill,conversation,7,22,41,270,0.017735155018392013
prefill,conversation,7,23,56,263,0.01727535470310037
prefill,conversation,7,24,24,261,0.017143983184445613
prefill,conversation,7,25,18,256,0.016815554387808723
prefill,conversation,7,26,53,244,0.01602732527588019
prefill,conversation,7,27,19,241,0.015830267997898054
prefill,conversation,7,28,37,236,0.015501839201261167
prefill,conversation,7,29,58,235,0.01543615344193379
prefill,conversation,7,30,2,234,0.015370467682606411
prefill,conversation,7,31,55,231,0.015173410404624277
prefill,conversation,7,32,62,226,0.014844981607987388
prefill,conversation,7,33,44,221,0.0145165528113505
prefill,conversation,7,34,59,211,0.013859695218076722
prefill,conversation,7,35,16,208,0.013662637940094587
prefill,conversation,7,36,14,207,0.01359695218076721
prefill,conversation,7,37,21,205,0.013465580662112455
prefill,conversation,7,38,12,204,0.013399894902785077
prefill,conversation,7,39,52,202,0.01326852338413032
prefill,conversation,7,40,15,199,0.013071466106148188
prefill,conversation,7,41,39,195,0.012808723068838675
prefill,conversation,7,42,3,189,0.012414608512874408
prefill,conversation,7,43,9,185,0.012151865475564898
prefill,conversation,7,44,28,183,0.012020493956910142
prefill,conversation,7,45,20,168,0.011035207566999475
prefill,conversation,7,46,22,160,0.010509721492380452
prefill,conversation,7,47,45,153,0.010049921177088807
prefill,conversation,7,48,63,141,0.009261692065160273
prefill,conversation,7,49,31,139,0.009130320546505517
prefill,conversation,7,50,8,139,0.009130320546505517
prefill,conversation,7,51,43,134,0.008801891749868628
prefill,conversation,7,52,10,131,0.008604834471886496
prefill,conversation,7,53,57,125,0.008210719915922229
prefill,conversation,7,54,51,119,0.007816605359957962
prefill,conversation,7,55,30,107,0.007028376248029427
prefill,conversation,7,56,6,107,0.007028376248029427
prefill,conversation,7,57,42,106,0.006962690488702049
prefill,conversation,7,58,40,101,0.00663426169206516
prefill,conversation,7,59,49,99,0.006502890173410405
prefill,conversation,7,60,33,91,0.005977404098791382
prefill,conversation,7,61,25,87,0.005714661061481871
prefill,conversation,7,62,50,72,0.004729374671571204
prefill,conversation,7,63,27,48,0.0031529164477141357
prefill,conversation,7,64,7,43,0.0028244876510772465
prefill,conversation,8,1,51,587,0.038557540725170786
prefill,conversation,8,2,54,580,0.038097740409879136
prefill,conversation,8,3,18,509,0.033434051497635314
prefill,conversation,8,4,11,493,0.032383079348397265
prefill,conversation,8,5,37,406,0.026668418286915397
prefill,conversation,8,6,57,398,0.026142932212296376
prefill,conversation,8,7,45,372,0.024435102469784552
prefill,conversation,8,8,55,352,0.023121387283236993
prefill,conversation,8,9,63,335,0.022004729374671572
prefill,conversation,8,10,17,327,0.021479243300052547
prefill,conversation,8,11,14,303,0.01990278507619548
prefill,conversation,8,12,28,299,0.01964004203888597
prefill,conversation,8,13,10,296,0.019442984760903836
prefill,conversation,8,14,42,291,0.019114555964266946
prefill,conversation,8,15,20,289,0.01898318444561219
prefill,conversation,8,16,62,286,0.01878612716763006
prefill,conversation,8,17,30,286,0.01878612716763006
prefill,conversation,8,18,12,283,0.018589069889647925
prefill,conversation,8,19,34,275,0.018063583815028903
prefill,conversation,8,20,35,269,0.017669469259064634
prefill,conversation,8,21,3,262,0.01720966894377299
prefill,conversation,8,22,27,258,0.01694692590646348
prefill,conversation,8,23,32,254,0.016684182869153966
prefill,conversation,8,24,38,252,0.01655281135049921
prefill,conversation,8,25,21,251,0.016487125591171835
prefill,conversation,8,26,53,245,0.016093011035207567
prefill,conversation,8,27,1,241,0.015830267997898054
prefill,conversation,8,28,6,240,0.015764582238570676
prefill,conversation,8,29,39,239,0.0156988964792433
prefill,conversation,8,30,16,237,0.015567524960588544
prefill,conversation,8,31,50,234,0.015370467682606411
prefill,conversation,8,32,58,230,0.0151077246452969
prefill,conversation,8,33,15,229,0.015042038885969522
prefill,conversation,8,34,36,226,0.014844981607987388
prefill,conversation,8,35,0,223,0.014647924330005255
prefill,conversation,8,36,49,222,0.014582238570677877
prefill,conversation,8,37,52,216,0.01418812401471361
prefill,conversation,8,38,47,212,0.013925380977404098
prefill,conversation,8,39,9,201,0.013202837624802942
prefill,conversation,8,40,23,199,0.013071466106148188
prefill,conversation,8,41,46,194,0.012743037309511297
prefill,conversation,8,42,29,193,0.012677351550183921
prefill,conversation,8,43,31,180,0.011823436678928009
prefill,conversation,8,44,13,174,0.011429322122963742
prefill,conversation,8,45,5,172,0.011297950604308986
prefill,conversation,8,46,56,172,0.011297950604308986
prefill,conversation,8,47,24,169,0.011100893326326852
prefill,conversation,8,48,40,168,0.011035207566999475
prefill,conversation,8,49,43,159,0.010444035733053074
prefill,conversation,8,50,2,153,0.010049921177088807
prefill,conversation,8,51,8,149,0.009787178139779296
prefill,conversation,8,52,44,139,0.009130320546505517
prefill,conversation,8,53,61,139,0.009130320546505517
prefill,conversation,8,54,41,137,0.008998949027850763
prefill,conversation,8,55,33,136,0.008933263268523384
prefill,conversation,8,56,26,122,0.008013662637940094
prefill,conversation,8,57,19,117,0.007685233841303206
prefill,conversation,8,58,7,115,0.00755386232264845
prefill,conversation,8,59,25,105,0.006897004729374672
prefill,conversation,8,60,22,96,0.006305832895428271
prefill,conversation,8,61,4,91,0.005977404098791382
prefill,conversation,8,62,60,86,0.005648975302154493
prefill,conversation,8,63,59,85,0.005583289542827115
prefill,conversation,8,64,48,66,0.004335260115606936
prefill,conversation,9,1,5,694,0.04558591697320021
prefill,conversation,9,2,37,408,0.026799789805570153
prefill,conversation,9,3,50,399,0.026208617971623754
prefill,conversation,9,4,7,357,0.023449816079873884
prefill,conversation,9,5,39,349,0.022924330005254862
prefill,conversation,9,6,28,347,0.022792958486600106
prefill,conversation,9,7,55,345,0.02266158696794535
prefill,conversation,9,8,0,330,0.02167630057803468
prefill,conversation,9,9,61,322,0.02115081450341566
prefill,conversation,9,10,58,318,0.020888071466106148
prefill,conversation,9,11,12,313,0.02055964266946926
prefill,conversation,9,12,13,311,0.020428271150814505
prefill,conversation,9,13,51,309,0.02029689963215975
prefill,conversation,9,14,52,305,0.020034156594850236
prefill,conversation,9,15,53,301,0.019771413557540723
prefill,conversation,9,16,48,298,0.019574356279558593
prefill,conversation,9,17,46,295,0.01937729900157646
prefill,conversation,9,18,47,290,0.019048870204939568
prefill,conversation,9,19,38,289,0.01898318444561219
prefill,conversation,9,20,36,286,0.01878612716763006
prefill,conversation,9,21,21,279,0.018326326852338412
prefill,conversation,9,22,29,278,0.018260641093011034
prefill,conversation,9,23,27,268,0.017603783499737256
prefill,conversation,9,24,43,265,0.017406726221755122
prefill,conversation,9,25,59,265,0.017406726221755122
prefill,conversation,9,26,32,261,0.017143983184445613
prefill,conversation,9,27,63,259,0.017012611665790857
prefill,conversation,9,28,1,256,0.016815554387808723
prefill,conversation,9,29,41,256,0.016815554387808723
prefill,conversation,9,30,54,244,0.01602732527588019
prefill,conversation,9,31,23,233,0.015304781923279033
prefill,conversation,9,32,42,232,0.015239096163951655
prefill,conversation,9,33,2,227,0.014910667367314766
prefill,conversation,9,34,16,224,0.014713610089332634
prefill,conversation,9,35,40,219,0.014385181292695743
prefill,conversation,9,36,15,217,0.014253809774040989
prefill,conversation,9,37,44,211,0.013859695218076722
prefill,conversation,9,38,26,200,0.013137151865475564
prefill,conversation,9,39,17,190,0.012480294272201787
prefill,conversation,9,40,33,188,0.01234892275354703
prefill,conversation,9,41,30,184,0.01208617971623752
prefill,conversation,9,42,6,179,0.01175775091960063
prefill,conversation,9,43,62,179,0.01175775091960063
prefill,conversation,9,44,18,175,0.011495007882291118
prefill,conversation,9,45,20,174,0.011429322122963742
prefill,conversation,9,46,45,174,0.011429322122963742
prefill,conversation,9,47,56,174,0.011429322122963742
prefill,conversation,9,48,10,170,0.01116657908565423
prefill,conversation,9,49,4,169,0.011100893326326852
prefill,conversation,9,50,8,168,0.011035207566999475
prefill,conversation,9,51,49,166,0.010903836048344719
prefill,conversation,9,52,34,165,0.01083815028901734
prefill,conversation,9,53,11,165,0.01083815028901734
prefill,conversation,9,54,22,158,0.010378349973725696
prefill,conversation,9,55,24,155,0.010181292695743563
prefill,conversation,9,56,25,145,0.009524435102469784
prefill,conversation,9,57,14,142,0.009327377824487651
prefill,conversation,9,58,3,123,0.008079348397267472
prefill,conversation,9,59,31,120,0.007882291119285338
prefill,conversation,9,60,35,115,0.00755386232264845
prefill,conversation,9,61,19,115,0.00755386232264845
prefill,conversation,9,62,9,108,0.007094062007356805
prefill,conversation,9,63,60,99,0.006502890173410405
prefill,conversation,9,64,57,64,0.004203888596952181
prefill,conversation,10,1,56,460,0.0302154492905938
prefill,conversation,10,2,62,443,0.029098791382028377
prefill,conversation,10,3,35,421,0.027653704676826065
prefill,conversation,10,4,17,404,0.02653704676826064
prefill,conversation,10,5,22,397,0.026077246452968997
prefill,conversation,10,6,37,381,0.02502627430373095
prefill,conversation,10,7,2,367,0.02410667367314766
prefill,conversation,10,8,16,360,0.023646873357856018
prefill,conversation,10,9,44,359,0.02358118759852864
prefill,conversation,10,10,47,340,0.02233315817130846
prefill,conversation,10,11,32,338,0.022201786652653703
prefill,conversation,10,12,13,329,0.021610614818707304
prefill,conversation,10,13,36,325,0.021347871781397795
prefill,conversation,10,14,53,322,0.02115081450341566
prefill,conversation,10,15,24,301,0.019771413557540723
prefill,conversation,10,16,1,297,0.019508670520231215
prefill,conversation,10,17,5,297,0.019508670520231215
prefill,conversation,10,18,20,293,0.019245927482921702
prefill,conversation,10,19,52,278,0.018260641093011034
prefill,conversation,10,20,0,277,0.018194955333683656
prefill,conversation,10,21,14,270,0.017735155018392013
prefill,conversation,10,22,39,266,0.0174724119810825
prefill,conversation,10,23,54,252,0.01655281135049921
prefill,conversation,10,24,40,240,0.015764582238570676
prefill,conversation,10,25,61,235,0.01543615344193379
prefill,conversation,10,26,4,231,0.015173410404624277
prefill,conversation,10,27,10,231,0.015173410404624277
prefill,conversation,10,28,28,229,0.015042038885969522
prefill,conversation,10,29,31,226,0.014844981607987388
prefill,conversation,10,30,3,224,0.014713610089332634
prefill,conversation,10,31,30,222,0.014582238570677877
prefill,conversation,10,32,12,219,0.014385181292695743
prefill,conversation,10,33,7,218,0.014319495533368365
prefill,conversation,10,34,25,216,0.01418812401471361
prefill,conversation,10,35,42,214,0.014056752496058854
prefill,conversation,10,36,6,213,0.013991066736731476
prefill,conversation,10,37,9,212,0.013925380977404098
prefill,conversation,10,38,38,212,0.013925380977404098
prefill,conversation,10,39,51,206,0.013531266421439831
prefill,conversation,10,40,43,195,0.012808723068838675
prefill,conversation,10,41,59,194,0.012743037309511297
prefill,conversation,10,42,60,194,0.012743037309511297
prefill,conversation,10,43,33,192,0.012611665790856543
prefill,conversation,10,44,11,190,0.012480294272201787
prefill,conversation,10,45,27,186,0.012217551234892276
prefill,conversation,10,46,41,182,0.011954808197582763
prefill,conversation,10,47,15,181,0.011889122438255387
prefill,conversation,10,48,45,179,0.01175775091960063
prefill,conversation,10,49,29,171,0.011232264844981608
prefill,conversation,10,50,23,170,0.01116657908565423
prefill,conversation,10,51,50,170,0.01116657908565423
prefill,conversation,10,52,21,169,0.011100893326326852
prefill,conversation,10,53,63,160,0.010509721492380452
prefill,conversation,10,54,8,157,0.010312664214398318
prefill,conversation,10,55,58,154,0.010115606936416185
prefill,conversation,10,56,49,153,0.010049921177088807
prefill,conversation,10,57,26,152,0.009984235417761429
prefill,conversation,10,58,34,149,0.009787178139779296
prefill,conversation,10,59,19,133,0.00873620599054125
prefill,conversation,10,60,46,102,0.006699947451392538
prefill,conversation,10,61,55,100,0.006568575932737782
prefill,conversation,10,62,57,93,0.006108775617446138
prefill,conversation,10,63,18,88,0.005780346820809248
prefill,conversation,10,64,48,85,0.005583289542827115
prefill,conversation,11,1,47,601,0.03947714135575407
prefill,conversation,11,2,57,542,0.03560168155543878
prefill,conversation,11,3,7,413,0.02712821860220704
prefill,conversation,11,4,14,411,0.026996847083552288
prefill,conversation,11,5,27,408,0.026799789805570153
prefill,conversation,11,6,43,407,0.026734104046242775
prefill,conversation,11,7,58,401,0.026339989490278506
prefill,conversation,11,8,15,368,0.02417235943247504
prefill,conversation,11,9,61,351,0.023055701523909615
prefill,conversation,11,10,34,344,0.02259590120861797
prefill,conversation,11,11,16,330,0.02167630057803468
prefill,conversation,11,12,54,329,0.021610614818707304
prefill,conversation,11,13,8,322,0.02115081450341566
prefill,conversation,11,14,18,315,0.020691014188124014
prefill,conversation,11,15,31,311,0.020428271150814505
prefill,conversation,11,16,44,305,0.020034156594850236
prefill,conversation,11,17,0,296,0.019442984760903836
prefill,conversation,11,18,63,292,0.019180241723594324
prefill,conversation,11,19,13,274,0.017997898055701525
prefill,conversation,11,20,45,262,0.01720966894377299
prefill,conversation,11,21,50,262,0.01720966894377299
prefill,conversation,11,22,23,259,0.017012611665790857
prefill,conversation,11,23,49,250,0.016421439831844457
prefill,conversation,11,24,24,245,0.016093011035207567
prefill,conversation,11,25,1,239,0.0156988964792433
prefill,conversation,11,26,53,238,0.015633210719915924
prefill,conversation,11,27,11,237,0.015567524960588544
prefill,conversation,11,28,35,235,0.01543615344193379
prefill,conversation,11,29,22,230,0.0151077246452969
prefill,conversation,11,30,42,228,0.014976353126642144
prefill,conversation,11,31,20,226,0.014844981607987388
prefill,conversation,11,32,36,224,0.014713610089332634
prefill,conversation,11,33,21,220,0.014450867052023121
prefill,conversation,11,34,52,219,0.014385181292695743
prefill,conversation,11,35,26,218,0.014319495533368365
prefill,conversation,11,36,55,217,0.014253809774040989
prefill,conversation,11,37,30,216,0.01418812401471361
prefill,conversation,11,38,60,214,0.014056752496058854
prefill,conversation,11,39,32,207,0.01359695218076721
prefill,conversation,11,40,56,199,0.013071466106148188
prefill,conversation,11,41,28,195,0.012808723068838675
prefill,conversation,11,42,25,194,0.012743037309511297
prefill,conversation,11,43,46,192,0.012611665790856543
prefill,conversation,11,44,19,189,0.012414608512874408
prefill,conversation,11,45,3,187,0.012283236994219654
prefill,conversation,11,46,17,184,0.01208617971623752
prefill,conversation,11,47,33,181,0.011889122438255387
prefill,conversation,11,48,4,170,0.01116657908565423
prefill,conversation,11,49,51,169,0.011100893326326852
prefill,conversation,11,50,2,168,0.011035207566999475
prefill,conversation,11,51,40,167,0.010969521807672097
prefill,conversation,11,52,39,159,0.010444035733053074
prefill,conversation,11,53,10,147,0.00965580662112454
prefill,conversation,11,54,48,126,0.008276405675249605
prefill,conversation,11,55,12,122,0.008013662637940094
prefill,conversation,11,56,37,120,0.007882291119285338
prefill,conversation,11,57,41,115,0.00755386232264845
prefill,conversation,11,58,9,101,0.00663426169206516
prefill,conversation,11,59,5,98,0.006437204414083027
prefill,conversation,11,60,62,84,0.005517603783499738
prefill,conversation,11,61,59,83,0.0054519180241723595
prefill,conversation,11,62,38,76,0.0049921177088807145
prefill,conversation,11,63,6,67,0.004400945874934314
prefill,conversation,11,64,29,65,0.004269574356279559
prefill,conversation,12,1,43,577,0.037900683131897005
prefill,conversation,12,2,2,538,0.03533893851812927
prefill,conversation,12,3,19,501,0.03290856542301629
prefill,conversation,12,4,23,450,0.02955859169732002
prefill,conversation,12,5,52,401,0.026339989490278506
prefill,conversation,12,6,0,396,0.02601156069364162
prefill,conversation,12,7,50,394,0.025880189174986863
prefill,conversation,12,8,55,359,0.02358118759852864
prefill,conversation,12,9,14,352,0.023121387283236993
prefill,conversation,12,10,46,344,0.02259590120861797
prefill,conversation,12,11,38,340,0.02233315817130846
prefill,conversation,12,12,32,337,0.02213610089332633
prefill,conversation,12,13,22,331,0.02174198633736206
prefill,conversation,12,14,30,326,0.02141355754072517
prefill,conversation,12,15,48,323,0.02121650026274304
prefill,conversation,12,16,62,319,0.020953757225433526
prefill,conversation,12,17,21,305,0.020034156594850236
prefill,conversation,12,18,8,297,0.019508670520231215
prefill,conversation,12,19,7,291,0.019114555964266946
prefill,conversation,12,20,29,286,0.01878612716763006
prefill,conversation,12,21,17,272,0.01786652653704677
prefill,conversation,12,22,25,269,0.017669469259064634
prefill,conversation,12,23,34,262,0.01720966894377299
prefill,conversation,12,24,63,262,0.01720966894377299
prefill,conversation,12,25,15,258,0.01694692590646348
prefill,conversation,12,26,5,257,0.0168812401471361
prefill,conversation,12,27,6,254,0.016684182869153966
prefill,conversation,12,28,16,245,0.016093011035207567
prefill,conversation,12,29,53,233,0.015304781923279033
prefill,conversation,12,30,49,229,0.015042038885969522
prefill,conversation,12,31,9,226,0.014844981607987388
prefill,conversation,12,32,45,220,0.014450867052023121
prefill,conversation,12,33,61,219,0.014385181292695743
prefill,conversation,12,34,51,213,0.013991066736731476
prefill,conversation,12,35,18,212,0.013925380977404098
prefill,conversation,12,36,1,209,0.013728323699421965
prefill,conversation,12,37,58,199,0.013071466106148188
prefill,conversation,12,38,33,194,0.012743037309511297
prefill,conversation,12,39,27,189,0.012414608512874408
prefill,conversation,12,40,59,181,0.011889122438255387
prefill,conversation,12,41,54,176,0.011560693641618497
prefill,conversation,12,42,31,175,0.011495007882291118
prefill,conversation,12,43,4,172,0.011297950604308986
prefill,conversation,12,44,47,170,0.01116657908565423
prefill,conversation,12,45,36,170,0.01116657908565423
prefill,conversation,12,46,11,165,0.01083815028901734
prefill,conversation,12,47,41,164,0.010772464529689963
prefill,conversation,12,48,44,156,0.010246978455070941
prefill,conversation,12,49,42,154,0.010115606936416185
prefill,conversation,12,50,3,150,0.009852863899106674
prefill,conversation,12,51,13,148,0.009721492380451918
prefill,conversation,12,52,39,141,0.009261692065160273
prefill,conversation,12,53,40,141,0.009261692065160273
prefill,conversation,12,54,28,135,0.008867577509196006
prefill,conversation,12,55,10,127,0.008342091434576983
prefill,conversation,12,56,26,118,0.007750919600630584
prefill,conversation,12,57,57,118,0.007750919600630584
prefill,conversation,12,58,56,94,0.006174461376773515
prefill,conversation,12,59,35,89,0.005846032580136626
prefill,conversation,12,60,20,87,0.005714661061481871
prefill,conversation,12,61,60,82,0.005386232264844981
prefill,conversation,12,62,24,81,0.005320546505517604
prefill,conversation,12,63,37,75,0.004926431949553337
prefill,conversation,12,64,12,66,0.004335260115606936
prefill,conversation,13,1,32,476,0.03126642143983185
prefill,conversation,13,2,13,441,0.02896741986337362
prefill,conversation,13,3,55,436,0.02863899106673673
prefill,conversation,13,4,27,429,0.028179190751445087
prefill,conversation,13,5,41,409,0.02686547556489753
prefill,conversation,13,6,8,378,0.024829217025748817
prefill,conversation,13,7,22,365,0.023975302154492905
prefill,conversation,13,8,2,360,0.023646873357856018
prefill,conversation,13,9,20,354,0.02325275880189175
prefill,conversation,13,10,5,341,0.022398843930635837
prefill,conversation,13,11,36,338,0.022201786652653703
prefill,conversation,13,12,35,334,0.021939043615344194
prefill,conversation,13,13,1,333,0.021873357856016816
prefill,conversation,13,14,3,323,0.02121650026274304
prefill,conversation,13,15,46,311,0.020428271150814505
prefill,conversation,13,16,11,303,0.01990278507619548
prefill,conversation,13,17,34,291,0.019114555964266946
prefill,conversation,13,18,62,291,0.019114555964266946
prefill,conversation,13,19,48,270,0.017735155018392013
prefill,conversation,13,20,57,269,0.017669469259064634
prefill,conversation,13,21,58,268,0.017603783499737256
prefill,conversation,13,22,54,264,0.017341040462427744
prefill,conversation,13,23,37,263,0.01727535470310037
prefill,conversation,13,24,31,262,0.01720966894377299
prefill,conversation,13,25,40,255,0.016749868628481344
prefill,conversation,13,26,63,255,0.016749868628481344
prefill,conversation,13,27,49,247,0.016224382553862323
prefill,conversation,13,28,33,246,0.016158696794534945
prefill,conversation,13,29,56,244,0.01602732527588019
prefill,conversation,13,30,30,241,0.015830267997898054
prefill,conversation,13,31,19,241,0.015830267997898054
prefill,conversation,13,32,42,227,0.014910667367314766
prefill,conversation,13,33,17,223,0.014647924330005255
prefill,conversation,13,34,51,219,0.014385181292695743
prefill,conversation,13,35,12,213,0.013991066736731476
prefill,conversation,13,36,6,207,0.01359695218076721
prefill,conversation,13,37,24,202,0.01326852338413032
prefill,conversation,13,38,45,197,0.012940094587493432
prefill,conversation,13,39,43,197,0.012940094587493432
prefill,conversation,13,40,15,195,0.012808723068838675
prefill,conversation,13,41,25,195,0.012808723068838675
prefill,conversation,13,42,44,192,0.012611665790856543
prefill,conversation,13,43,53,191,0.012545980031529165
prefill,conversation,13,44,9,190,0.012480294272201787
prefill,conversation,13,45,38,185,0.012151865475564898
prefill,conversation,13,46,47,182,0.011954808197582763
prefill,conversation,13,47,50,181,0.011889122438255387
prefill,conversation,13,48,26,178,0.011692065160273253
prefill,conversation,13,49,61,177,0.011626379400945875
prefill,conversation,13,50,0,174,0.011429322122963742
prefill,conversation,13,51,14,173,0.011363636363636364
prefill,conversation,13,52,39,160,0.010509721492380452
prefill,conversation,13,53,60,158,0.010378349973725696
prefill,conversation,13,54,16,141,0.009261692065160273
prefill,conversation,13,55,7,133,0.00873620599054125
prefill,conversation,13,56,52,123,0.008079348397267472
prefill,conversation,13,57,10,121,0.007947976878612716
prefill,conversation,13,58,23,120,0.007882291119285338
prefill,conversation,13,59,28,110,0.0072254335260115606
prefill,conversation,13,60,21,98,0.006437204414083027
prefill,conversation,13,61,4,87,0.005714661061481871
prefill,conversation,13,62,29,87,0.005714661061481871
prefill,conversation,13,63,18,86,0.005648975302154493
prefill,conversation,13,64,59,64,0.004203888596952181
prefill,conversation,14,1,43,400,0.02627430373095113
prefill,conversation,14,2,38,385,0.025289017341040464
prefill,conversation,14,3,15,362,0.023778244876510774
prefill,conversation,14,4,1,361,0.023712559117183396
prefill,conversation,14,5,37,357,0.023449816079873884
prefill,conversation,14,6,44,356,0.023384130320546506
prefill,conversation,14,7,52,355,0.023318444561219127
prefill,conversation,14,8,63,351,0.023055701523909615
prefill,conversation,14,9,41,350,0.022990015764582237
prefill,conversation,14,10,34,350,0.022990015764582237
prefill,conversation,14,11,58,337,0.02213610089332633
prefill,conversation,14,12,25,336,0.02207041513399895
prefill,conversation,14,13,6,312,0.020493956910141883
prefill,conversation,14,14,28,309,0.02029689963215975
prefill,conversation,14,15,23,304,0.019968470835522858
prefill,conversation,14,16,20,300,0.01970572779821335
prefill,conversation,14,17,7,295,0.01937729900157646
prefill,conversation,14,18,36,294,0.01931161324224908
prefill,conversation,14,19,53,283,0.018589069889647925
prefill,conversation,14,20,48,277,0.018194955333683656
prefill,conversation,14,21,13,273,0.017932212296374147
prefill,conversation,14,22,31,271,0.01780084077771939
prefill,conversation,14,23,11,270,0.017735155018392013
prefill,conversation,14,24,22,266,0.0174724119810825
prefill,conversation,14,25,18,265,0.017406726221755122
prefill,conversation,14,26,0,260,0.017078297425118235
prefill,conversation,14,27,3,259,0.017012611665790857
prefill,conversation,14,28,60,250,0.016421439831844457
prefill,conversation,14,29,49,247,0.016224382553862323
prefill,conversation,14,30,14,247,0.016224382553862323
prefill,conversation,14,31,16,246,0.016158696794534945
prefill,conversation,14,32,46,245,0.016093011035207567
prefill,conversation,14,33,21,245,0.016093011035207567
prefill,conversation,14,34,2,244,0.01602732527588019
prefill,conversation,14,35,35,243,0.01596163951655281
prefill,conversation,14,36,29,234,0.015370467682606411
prefill,conversation,14,37,45,234,0.015370467682606411
prefill,conversation,14,38,62,231,0.015173410404624277
prefill,conversation,14,39,42,227,0.014910667367314766
prefill,conversation,14,40,59,226,0.014844981607987388
prefill,conversation,14,41,39,222,0.014582238570677877
prefill,conversation,14,42,4,220,0.014450867052023121
prefill,conversation,14,43,50,212,0.013925380977404098
prefill,conversation,14,44,12,209,0.013728323699421965
prefill,conversation,14,45,10,198,0.01300578034682081
prefill,conversation,14,46,57,191,0.012545980031529165
prefill,conversation,14,47,9,189,0.012414608512874408
prefill,conversation,14,48,17,184,0.01208617971623752
prefill,conversation,14,49,5,184,0.01208617971623752
prefill,conversation,14,50,51,171,0.011232264844981608
prefill,conversation,14,51,55,161,0.01057540725170783
prefill,conversation,14,52,56,156,0.010246978455070941
prefill,conversation,14,53,24,144,0.009458749343142408
prefill,conversation,14,54,40,142,0.009327377824487651
prefill,conversation,14,55,32,137,0.008998949027850763
prefill,conversation,14,56,54,115,0.00755386232264845
prefill,conversation,14,57,47,113,0.007422490803993694
prefill,conversation,14,58,19,112,0.007356805044666317
prefill,conversation,14,59,8,103,0.0067656332107199155
prefill,conversation,14,60,27,97,0.006371518654755649
prefill,conversation,14,61,61,95,0.006240147136100893
prefill,conversation,14,62,26,74,0.004860746190225959
prefill,conversation,14,63,30,74,0.004860746190225959
prefill,conversation,14,64,33,64,0.004203888596952181
prefill,conversation,15,1,17,540,0.035470310036784025
prefill,conversation,15,2,24,464,0.03047819232790331
prefill,conversation,15,3,34,405,0.02660273252758802
prefill,conversation,15,4,21,392,0.025748817656332107
prefill,conversation,15,5,20,374,0.024566473988439308
prefill,conversation,15,6,51,361,0.023712559117183396
prefill,conversation,15,7,3,360,0.023646873357856018
prefill,conversation,15,8,48,351,0.023055701523909615
prefill,conversation,15,9,2,348,0.022858644245927484
prefill,conversation,15,10,8,338,0.022201786652653703
prefill,conversation,15,11,55,337,0.02213610089332633
prefill,conversation,15,12,7,330,0.02167630057803468
prefill,conversation,15,13,25,330,0.02167630057803468
prefill,conversation,15,14,27,329,0.021610614818707304
prefill,conversation,15,15,59,323,0.02121650026274304
prefill,conversation,15,16,56,316,0.02075669994745139
prefill,conversation,15,17,10,301,0.019771413557540723
prefill,conversation,15,18,60,290,0.019048870204939568
prefill,conversation,15,19,13,284,0.018654755648975303
prefill,conversation,15,20,61,283,0.018589069889647925
prefill,conversation,15,21,46,283,0.018589069889647925
prefill,conversation,15,22,54,282,0.018523384130320546
prefill,conversation,15,23,15,277,0.018194955333683656
prefill,conversation,15,24,30,272,0.01786652653704677
prefill,conversation,15,25,47,269,0.017669469259064634
prefill,conversation,15,26,23,256,0.016815554387808723
prefill,conversation,15,27,62,249,0.01635575407251708
prefill,conversation,15,28,53,242,0.015895953757225433
prefill,conversation,15,29,57,242,0.015895953757225433
prefill,conversation,15,30,36,239,0.0156988964792433
prefill,conversation,15,31,5,227,0.014910667367314766
prefill,conversation,15,32,42,225,0.01477929584866001
prefill,conversation,15,33,58,224,0.014713610089332634
prefill,conversation,15,34,26,224,0.014713610089332634
prefill,conversation,15,35,45,209,0.013728323699421965
prefill,conversation,15,36,12,208,0.013662637940094587
prefill,conversation,15,37,63,208,0.013662637940094587
prefill,conversation,15,38,14,208,0.013662637940094587
prefill,conversation,15,39,44,205,0.013465580662112455
prefill,conversation,15,40,16,200,0.013137151865475564
prefill,conversation,15,41,22,187,0.012283236994219654
prefill,conversation,15,42,4,187,0.012283236994219654
prefill,conversation,15,43,52,187,0.012283236994219654
prefill,conversation,15,44,28,187,0.012283236994219654
prefill,conversation,15,45,49,180,0.011823436678928009
prefill,conversation,15,46,40,176,0.011560693641618497
prefill,conversation,15,47,50,161,0.01057540725170783
prefill,conversation,15,48,1,160,0.010509721492380452
prefill,conversation,15,49,29,159,0.010444035733053074
prefill,conversation,15,50,31,155,0.010181292695743563
prefill,conversation,15,51,9,154,0.010115606936416185
prefill,conversation,15,52,37,154,0.010115606936416185
prefill,conversation,15,53,11,143,0.00939306358381503
prefill,conversation,15,54,19,137,0.008998949027850763
prefill,conversation,15,55,18,131,0.008604834471886496
prefill,conversation,15,56,35,129,0.00847346295323174
prefill,conversation,15,57,39,125,0.008210719915922229
prefill,conversation,15,58,0,124,0.00814503415659485
prefill,conversation,15,59,43,116,0.0076195480819758275
prefill,conversation,15,60,41,115,0.00755386232264845
prefill,conversation,15,61,33,105,0.006897004729374672
prefill,conversation,15,62,38,85,0.005583289542827115
prefill,conversation,15,63,6,84,0.005517603783499738
prefill,conversation,15,64,32,78,0.005123489227535471
prefill,general,0,1,41,2116,0.047520661157024795
prefill,general,0,2,6,1804,0.040513833992094864
prefill,general,0,3,12,1429,0.03209216672655408
prefill,general,0,4,58,1238,0.027802730865971972
prefill,general,0,5,17,1130,0.025377290693496226
prefill,general,0,6,19,1102,0.024748472871002514
prefill,general,0,7,46,1065,0.023917535034135826
prefill,general,0,8,54,1023,0.022974308300395256
prefill,general,0,9,22,1004,0.022547610492274522
prefill,general,0,10,18,951,0.021357348185411427
prefill,general,0,11,26,902,0.020256916996047432
prefill,general,0,12,53,897,0.020144628099173553
prefill,general,0,13,7,891,0.0200098814229249
prefill,general,0,14,60,885,0.019875134746676248
prefill,general,0,15,13,882,0.01980776140855192
prefill,general,0,16,5,841,0.01888699245418613
prefill,general,0,17,29,837,0.01879716133668703
prefill,general,0,18,30,813,0.01825817463169242
prefill,general,0,19,61,808,0.01814588573481854
prefill,general,0,20,51,801,0.017988681279195114
prefill,general,0,21,44,800,0.017966223499820338
prefill,general,0,22,38,780,0.01751706791232483
prefill,general,0,23,49,750,0.016843334531081566
prefill,general,0,24,39,749,0.016820876751706793
prefill,general,0,25,59,734,0.01648401006108516
prefill,general,0,26,45,733,0.016461552281710385
prefill,general,0,27,57,725,0.01628189004671218
prefill,general,0,28,24,721,0.01619205892921308
prefill,general,0,29,16,707,0.015877650017966222
prefill,general,0,30,55,706,0.01585519223859145
prefill,general,0,31,42,665,0.014934423284225656
prefill,general,0,32,47,663,0.014889507725476104
prefill,general,0,33,33,659,0.014799676607977003
prefill,general,0,34,40,652,0.014642472152353576
prefill,general,0,35,3,650,0.014597556593604025
prefill,general,0,36,14,630,0.014148401006108516
prefill,general,0,37,8,612,0.013744160977362559
prefill,general,0,38,37,603,0.01354204096298958
prefill,general,0,39,25,596,0.013384836507366151
prefill,general,0,40,20,582,0.013070427596119295
prefill,general,0,41,9,579,0.01300305425799497
prefill,general,0,42,48,572,0.012845849802371542
prefill,general,0,43,10,566,0.01271110312612289
prefill,general,0,44,43,556,0.012486525332375134
prefill,general,0,45,50,534,0.011992454186130076
prefill,general,0,46,4,494,0.01109414301113906
prefill,general,0,47,32,472,0.010600071864894
prefill,general,0,48,31,466,0.010465325188645347
prefill,general,0,49,1,459,0.010308120733021918
prefill,general,0,50,28,459,0.010308120733021918
prefill,general,0,51,56,437,0.00981404958677686
prefill,general,0,52,15,410,0.009207689543657922
prefill,general,0,53,35,405,0.009095400646784046
prefill,general,0,54,62,398,0.008938196191160618
prefill,general,0,55,27,394,0.008848365073661517
prefill,general,0,56,2,365,0.00819708947179303
prefill,general,0,57,36,333,0.007478440531800215
prefill,general,0,58,11,314,0.007051742723679482
prefill,general,0,59,63,306,0.0068720804886812795
prefill,general,0,60,0,288,0.0064678404599353215
prefill,general,0,61,34,207,0.0046487603305785125
prefill,general,0,62,52,163,0.003660618038088394
prefill,general,0,63,23,118,0.0026500179662235
prefill,general,0,64,21,97,0.002178404599353216
prefill,general,1,1,5,1913,0.04296173194394538
prefill,general,1,2,11,1371,0.030789615522817105
prefill,general,1,3,42,1361,0.03056503772906935
prefill,general,1,4,29,1269,0.02849892202659001
prefill,general,1,5,18,1257,0.028229428674092706
prefill,general,1,6,59,1164,0.02614085519223859
prefill,general,1,7,37,1145,0.025714157384117857
prefill,general,1,8,47,1103,0.02477093065037729
prefill,general,1,9,40,1032,0.023176428314768235
prefill,general,1,10,53,1005,0.0225700682716493
prefill,general,1,11,32,993,0.022300574919151994
prefill,general,1,12,9,952,0.0213798059647862
prefill,general,1,13,27,949,0.021312432626661874
prefill,general,1,14,35,939,0.021087854832914123
prefill,general,1,15,13,900,0.02021200143729788
prefill,general,1,16,8,872,0.019583183614804166
prefill,general,1,17,62,859,0.01929123248293209
prefill,general,1,18,45,833,0.018707330219187926
prefill,general,1,19,14,826,0.0185501257635645
prefill,general,1,20,41,817,0.01834800574919152
prefill,general,1,21,48,770,0.017292490118577076
prefill,general,1,22,21,764,0.017157743442328423
prefill,general,1,23,12,759,0.017045454545454544
prefill,general,1,24,31,756,0.016978081207330218
prefill,general,1,25,23,730,0.01639417894358606
prefill,general,1,26,49,716,0.0160797700323392
prefill,general,1,27,39,715,0.016057312252964428
prefill,general,1,28,17,712,0.0159899389148401
prefill,general,1,29,19,711,0.015967481135465325
prefill,general,1,30,63,687,0.015428494430470716
prefill,general,1,31,3,679,0.015248832195472512
prefill,general,1,32,60,670,0.015046712181099533
prefill,general,1,33,20,645,0.014485267696730147
prefill,general,1,34,61,645,0.014485267696730147
prefill,general,1,35,54,615,0.013811534315486885
prefill,general,1,36,51,589,0.013227632051742724
prefill,general,1,37,52,587,0.013182716492993173
prefill,general,1,38,50,583,0.013092885375494072
prefill,general,1,39,2,559,0.01255389867049946
prefill,general,1,40,58,549,0.012329320876751707
prefill,general,1,41,7,548,0.01230686309737693
prefill,general,1,42,1,541,0.012149658641753503
prefill,general,1,43,30,526,0.011812791951131872
prefill,general,1,44,16,503,0.011296263025512038
prefill,general,1,45,44,482,0.010824649658641753
prefill,general,1,46,34,480,0.010779734099892203
prefill,general,1,47,0,454,0.010195831836148042
prefill,general,1,48,4,451,0.010128458498023716
prefill,general,1,49,46,441,0.00990388070427596
prefill,general,1,50,38,437,0.00981404958677686
prefill,general,1,51,36,421,0.009454725116780452
prefill,general,1,52,55,418,0.009387351778656126
prefill,general,1,53,15,410,0.009207689543657922
prefill,general,1,54,24,380,0.00853395616241466
prefill,general,1,55,22,380,0.00853395616241466
prefill,general,1,56,57,380,0.00853395616241466
prefill,general,1,57,33,376,0.00844412504491556
prefill,general,1,58,6,337,0.007568271649299317
prefill,general,1,59,26,320,0.007186489399928135
prefill,general,1,60,56,312,0.007006827164929932
prefill,general,1,61,28,303,0.006804707150556953
prefill,general,1,62,10,281,0.006310636004311893
prefill,general,1,63,43,266,0.0059737693136902624
prefill,general,1,64,25,80,0.0017966223499820337
prefill,general,2,1,9,1557,0.03496676248652533
prefill,general,2,2,10,1546,0.034719726913402804
prefill,general,2,3,59,1397,0.031373517786561264
prefill,general,2,4,58,1353,0.030385375494071148
prefill,general,2,5,36,1311,0.029442148760330578
prefill,general,2,6,57,1302,0.0292400287459576
prefill,general,2,7,7,1038,0.023311174991016887
prefill,general,2,8,48,996,0.02236794825727632
prefill,general,2,9,28,988,0.02218828602227812
prefill,general,2,10,29,984,0.022098454904779016
prefill,general,2,11,44,964,0.021649299317283505
prefill,general,2,12,38,958,0.021514552641034853
prefill,general,2,13,45,938,0.021065397053539346
prefill,general,2,14,16,909,0.020414121451670857
prefill,general,2,15,46,908,0.020391663672296084
prefill,general,2,16,34,903,0.020279374775422205
prefill,general,2,17,21,892,0.020032339202299677
prefill,general,2,18,14,863,0.019381063600431188
prefill,general,2,19,22,842,0.018909450233560905
prefill,general,2,20,26,838,0.018819619116061805
prefill,general,2,21,12,795,0.017853934602946462
prefill,general,2,22,60,780,0.01751706791232483
prefill,general,2,23,47,780,0.01751706791232483
prefill,general,2,24,4,768,0.017247574559827523
prefill,general,2,25,35,760,0.01706791232482932
prefill,general,2,26,61,760,0.01706791232482932
prefill,general,2,27,1,745,0.01673104563420769
prefill,general,2,28,25,735,0.016506467840459935
prefill,general,2,29,63,723,0.01623697448796263
prefill,general,2,30,39,714,0.01603485447358965
prefill,general,2,31,20,695,0.015608156665468918
prefill,general,2,32,19,691,0.015518325547969817
prefill,general,2,33,56,665,0.014934423284225656
prefill,general,2,34,18,621,0.013946280991735538
prefill,general,2,35,23,613,0.013766618756737334
prefill,general,2,36,27,608,0.013654329859863456
prefill,general,2,37,32,578,0.012980596478620194
prefill,general,2,38,54,561,0.012598814229249012
prefill,general,2,39,50,548,0.01230686309737693
prefill,general,2,40,15,546,0.012261947538627381
prefill,general,2,41,53,530,0.011902623068630973
prefill,general,2,42,33,520,0.01167804527488322
prefill,general,2,43,11,518,0.011633129716133669
prefill,general,2,44,49,512,0.011498383039885016
prefill,general,2,45,3,476,0.0106899029823931
prefill,general,2,46,37,461,0.01035303629177147
prefill,general,2,47,0,450,0.01010600071864894
prefill,general,2,48,13,449,0.010083542939274165
prefill,general,2,49,40,443,0.009948796263025512
prefill,general,2,50,52,437,0.00981404958677686
prefill,general,2,51,6,431,0.009679302910528207
prefill,general,2,52,43,415,0.0093199784405318
prefill,general,2,53,24,395,0.008870822853036291
prefill,general,2,54,62,383,0.008601329500538987
prefill,general,2,55,30,378,0.008489040603665109
prefill,general,2,56,31,373,0.008376751706791233
prefill,general,2,57,17,371,0.008331836148041682
prefill,general,2,58,42,346,0.007770391663672296
prefill,general,2,59,2,326,0.007321236076176788
prefill,general,2,60,41,320,0.007186489399928135
prefill,general,2,61,55,268,0.006018684872439813
prefill,general,2,62,8,202,0.004536471433704635
prefill,general,2,63,5,178,0.003997484728710025
prefill,general,2,64,51,173,0.003885195831836148
prefill,general,3,1,23,1935,0.04345580309019044
prefill,general,3,2,25,1437,0.032271828961552285
prefill,general,3,3,48,1405,0.03155318002155947
prefill,general,3,4,30,1175,0.026387890765361122
prefill,general,3,5,12,1174,0.026365432985986346
prefill,general,3,6,9,1159,0.026028566295364715
prefill,general,3,7,0,1154,0.025916277398490836
prefill,general,3,8,20,1123,0.0252200862378728
prefill,general,3,9,52,1103,0.02477093065037729
prefill,general,3,10,22,1099,0.024681099532878188
prefill,general,3,11,24,1098,0.024658641753503414
prefill,general,3,12,58,1077,0.02418702838663313
prefill,general,3,13,33,1061,0.023827703916636724
prefill,general,3,14,49,1059,0.02378278835788717
prefill,general,3,15,40,1037,0.023288717211642114
prefill,general,3,16,3,1000,0.022457779374775423
prefill,general,3,17,59,921,0.020683614804168166
prefill,general,3,18,4,912,0.020481494789795184
prefill,general,3,19,55,865,0.01942597915918074
prefill,general,3,20,31,854,0.01917894358605821
prefill,general,3,21,28,820,0.018415379087315845
prefill,general,3,22,18,800,0.017966223499820338
prefill,general,3,23,10,797,0.01789885016169601
prefill,general,3,24,61,757,0.017000538986704995
prefill,general,3,25,54,729,0.016371721164211282
prefill,general,3,26,38,727,0.016326805605461733
prefill,general,3,27,37,726,0.016304347826086956
prefill,general,3,28,47,686,0.015406036651095939
prefill,general,3,29,19,678,0.015226374416097737
prefill,general,3,30,29,654,0.014687387711103126
prefill,general,3,31,41,652,0.014642472152353576
prefill,general,3,32,6,638,0.01432806324110672
prefill,general,3,33,36,629,0.014125943226733741
prefill,general,3,34,57,627,0.01408102766798419
prefill,general,3,35,50,599,0.013452209845490478
prefill,general,3,36,42,595,0.013362378727991377
prefill,general,3,37,56,591,0.013272547610492274
prefill,general,3,38,2,591,0.013272547610492274
prefill,general,3,39,46,578,0.012980596478620194
prefill,general,3,40,8,539,0.012104743083003952
prefill,general,3,41,27,520,0.01167804527488322
prefill,general,3,42,34,501,0.011251347466762486
prefill,general,3,43,11,479,0.010757276320517426
prefill,general,3,44,39,477,0.010712360761767877
prefill,general,3,45,32,473,0.010622529644268774
prefill,general,3,46,60,450,0.01010600071864894
prefill,general,3,47,53,449,0.010083542939274165
prefill,general,3,48,14,447,0.010038627380524613
prefill,general,3,49,45,408,0.009162773984908373
prefill,general,3,50,62,379,0.008511498383039886
prefill,general,3,51,44,372,0.008354293927416457
prefill,general,3,52,5,359,0.008062342795544377
prefill,general,3,53,7,340,0.007635644987423643
prefill,general,3,54,16,328,0.0073661516349263385
prefill,general,3,55,17,323,0.007253862738052461
prefill,general,3,56,13,311,0.006984369385555156
prefill,general,3,57,51,309,0.006939453826805606
prefill,general,3,58,1,302,0.006782249371182178
prefill,general,3,59,21,274,0.006153431548688465
prefill,general,3,60,63,266,0.0059737693136902624
prefill,general,3,61,15,223,0.005008084800574919
prefill,general,3,62,26,216,0.004850880344951491
prefill,general,3,63,43,151,0.003391124685591089
prefill,general,3,64,35,110,0.0024703557312252965
prefill,general,4,1,26,2429,0.0545499461013295
prefill,general,4,2,47,2240,0.05030542579949695
prefill,general,4,3,37,1442,0.03238411785842616
prefill,general,4,4,62,1411,0.03168792669780812
prefill,general,4,5,34,1292,0.029015450952209844
prefill,general,4,6,35,1269,0.02849892202659001
prefill,general,4,7,49,1207,0.027106539705353934
prefill,general,4,8,58,1203,0.027016708587854835
prefill,general,4,9,45,1172,0.026320517427236796
prefill,general,4,10,23,1124,0.025242544017247574
prefill,general,4,11,10,1040,0.02335609054976644
prefill,general,4,12,50,970,0.02178404599353216
prefill,general,4,13,12,949,0.021312432626661874
prefill,general,4,14,51,940,0.021110312612288896
prefill,general,4,15,7,915,0.02054886812791951
prefill,general,4,16,8,865,0.01942597915918074
prefill,general,4,17,28,823,0.01848275242544017
prefill,general,4,18,43,811,0.018213259072942866
prefill,general,4,19,14,787,0.017674272367948256
prefill,general,4,20,16,761,0.017090370104204097
prefill,general,4,21,36,746,0.016753503413582466
prefill,general,4,22,59,739,0.016596298957959037
prefill,general,4,23,42,704,0.015810276679841896
prefill,general,4,24,52,687,0.015428494430470716
prefill,general,4,25,1,678,0.015226374416097737
prefill,general,4,26,53,676,0.015181458857348186
prefill,general,4,27,24,660,0.014822134387351778
prefill,general,4,28,3,651,0.0146200143729788
prefill,general,4,29,60,649,0.01457509881422925
prefill,general,4,30,29,649,0.01457509881422925
prefill,general,4,31,4,629,0.014125943226733741
prefill,general,4,32,11,625,0.014036112109234639
prefill,general,4,33,21,611,0.013721703197987782
prefill,general,4,34,13,609,0.013676787639238233
prefill,general,4,35,32,608,0.013654329859863456
prefill,general,4,36,39,540,0.012127200862378729
prefill,general,4,37,56,537,0.012059827524254402
prefill,general,4,38,38,532,0.011947538627380525
prefill,general,4,39,9,527,0.011835249730506647
prefill,general,4,40,22,523,0.011745418613007546
prefill,general,4,41,41,516,0.011588214157384117
prefill,general,4,42,6,507,0.011386094143011139
prefill,general,4,43,54,492,0.011049227452389508
prefill,general,4,44,40,473,0.010622529644268774
prefill,general,4,45,20,466,0.010465325188645347
prefill,general,4,46,61,459,0.010308120733021918
prefill,general,4,47,57,453,0.010173374056773266
prefill,general,4,48,33,451,0.010128458498023716
prefill,general,4,49,5,426,0.00956701401365433
prefill,general,4,50,15,395,0.008870822853036291
prefill,general,4,51,48,391,0.00878099173553719
prefill,general,4,52,27,382,0.008578871721164212
prefill,general,4,53,30,349,0.007837765001796622
prefill,general,4,54,18,324,0.007276320517427237
prefill,general,4,55,25,314,0.007051742723679482
prefill,general,4,56,63,291,0.006535213798059648
prefill,general,4,57,19,272,0.006108515989938915
prefill,general,4,58,46,270,0.006063600431189364
prefill,general,4,59,0,267,0.005996227093065038
prefill,general,4,60,44,264,0.005928853754940711
prefill,general,4,61,31,211,0.004738591448077614
prefill,general,4,62,2,182,0.004087315846209126
prefill,general,4,63,17,84,0.0018864534674811354
prefill,general,4,64,55,59,0.00132500898311175
prefill,general,5,1,63,1810,0.040648580668343516
prefill,general,5,2,23,1549,0.03478710025152713
prefill,general,5,3,40,1502,0.033731584620912684
prefill,general,5,4,20,1443,0.03240657563780094
prefill,general,5,5,44,1376,0.03090190441969098
prefill,general,5,6,37,1330,0.02986884656845131
prefill,general,5,7,60,1274,0.028611210923463887
prefill,general,5,8,28,1258,0.028251886453467483
prefill,general,5,9,57,1158,0.02600610851598994
prefill,general,5,10,6,1104,0.024793388429752067
prefill,general,5,11,43,1097,0.024636183974128638
prefill,general,5,12,10,1082,0.024299317283507007
prefill,general,5,13,50,1077,0.02418702838663313
prefill,general,5,14,54,1028,0.023086597197269135
prefill,general,5,15,26,985,0.022120912684153792
prefill,general,5,16,52,916,0.020571325907294286
prefill,general,5,17,13,910,0.020436579231045634
prefill,general,5,18,45,851,0.019111570247933883
prefill,general,5,19,8,835,0.01875224577793748
prefill,general,5,20,18,834,0.018729787998562702
prefill,general,5,21,17,826,0.0185501257635645
prefill,general,5,22,16,794,0.017831476823571685
prefill,general,5,23,49,787,0.017674272367948256
prefill,general,5,24,30,783,0.017584441250449157
prefill,general,5,25,35,780,0.01751706791232483
prefill,general,5,26,14,736,0.01652892561983471
prefill,general,5,27,62,728,0.016349263384836506
prefill,general,5,28,58,703,0.015787818900467123
prefill,general,5,29,22,672,0.015091627739849083
prefill,general,5,30,34,655,0.014709845490477902
prefill,general,5,31,19,644,0.014462809917355372
prefill,general,5,32,55,631,0.014170858785483291
prefill,general,5,33,21,612,0.013744160977362559
prefill,general,5,34,27,590,0.013250089831117499
prefill,general,5,35,46,582,0.013070427596119295
prefill,general,5,36,15,577,0.012958138699245418
prefill,general,5,37,32,571,0.012823392022996765
prefill,general,5,38,11,563,0.012643729787998563
prefill,general,5,39,39,546,0.012261947538627381
prefill,general,5,40,59,531,0.01192508084800575
prefill,general,5,41,9,498,0.01118397412863816
prefill,general,5,42,53,491,0.011026769673014733
prefill,general,5,43,56,479,0.010757276320517426
prefill,general,5,44,41,471,0.010577614085519224
prefill,general,5,45,51,468,0.010510240747394898
prefill,general,5,46,1,466,0.010465325188645347
prefill,general,5,47,4,457,0.010263205174272368
prefill,general,5,48,33,447,0.010038627380524613
prefill,general,5,49,5,437,0.00981404958677686
prefill,general,5,50,47,425,0.009544556234279555
prefill,general,5,51,3,409,0.009185231764283147
prefill,general,5,52,7,373,0.008376751706791233
prefill,general,5,53,38,342,0.007680560546173195
prefill,general,5,54,48,328,0.0073661516349263385
prefill,general,5,55,12,285,0.006400467121810995
prefill,general,5,56,25,233,0.0052326625943226734
prefill,general,5,57,0,225,0.00505300035932447
prefill,general,5,58,2,222,0.0049856270212001435
prefill,general,5,59,61,200,0.0044915558749550845
prefill,general,5,60,31,177,0.00397502694933525
prefill,general,5,61,36,168,0.0037729069349622707
prefill,general,5,62,24,130,0.002919511318720805
prefill,general,5,63,42,42,0.0009432267337405677
prefill,general,5,64,29,25,0.0005614444843693856
prefill,general,6,1,18,2623,0.05890675530003593
prefill,general,6,2,45,1671,0.03752694933524973
prefill,general,6,3,28,1474,0.033102766798418976
prefill,general,6,4,0,1460,0.03278835788717212
prefill,general,6,5,15,1324,0.02973409989220266
prefill,general,6,6,21,1307,0.02935231764283148
prefill,general,6,7,35,1207,0.027106539705353934
prefill,general,6,8,39,1205,0.027061624146604384
prefill,general,6,9,2,1187,0.026657384117858427
prefill,general,6,10,54,1074,0.024119655048508805
prefill,general,6,11,47,1000,0.022457779374775423
prefill,general,6,12,61,982,0.022053539346029466
prefill,general,6,13,40,921,0.020683614804168166
prefill,general,6,14,55,909,0.020414121451670857
prefill,general,6,15,26,897,0.020144628099173553
prefill,general,6,16,62,886,0.019897592526051024
prefill,general,6,17,9,875,0.019650556952928496
prefill,general,6,18,44,862,0.019358605821056415
prefill,general,6,19,16,846,0.018999281351060007
prefill,general,6,20,20,845,0.01897682357168523
prefill,general,6,21,12,841,0.01888699245418613
prefill,general,6,22,6,825,0.018527667984189724
prefill,general,6,23,48,813,0.01825817463169242
prefill,general,6,24,30,804,0.01805605461731944
prefill,general,6,25,19,777,0.0174496945742005
prefill,general,6,26,22,760,0.01706791232482932
prefill,general,6,27,53,741,0.016641214516708587
prefill,general,6,28,27,716,0.0160797700323392
prefill,general,6,29,36,700,0.015720445562342797
prefill,general,6,30,63,699,0.01569798778296802
prefill,general,6,31,3,678,0.015226374416097737
prefill,general,6,32,24,667,0.014979338842975207
prefill,general,6,33,13,667,0.014979338842975207
prefill,general,6,34,4,632,0.014193316564858068
prefill,general,6,35,59,628,0.014103485447358965
prefill,general,6,36,8,617,0.013856449874236435
prefill,general,6,37,58,607,0.013631872080488681
prefill,general,6,38,25,588,0.013205174272367948
prefill,general,6,39,32,582,0.013070427596119295
prefill,general,6,40,50,527,0.011835249730506647
prefill,general,6,41,1,521,0.011700503054257995
prefill,general,6,42,29,470,0.010555156306144448
prefill,general,6,43,57,465,0.010442867409270572
prefill,general,6,44,37,460,0.010330578512396695
prefill,general,6,45,17,444,0.009971254042400287
prefill,general,6,46,56,420,0.009432267337405677
prefill,general,6,47,41,408,0.009162773984908373
prefill,general,6,48,7,402,0.00902802730865972
prefill,general,6,49,46,401,0.009005569529284944
prefill,general,6,50,38,374,0.008399209486166008
prefill,general,6,51,10,372,0.008354293927416457
prefill,general,6,52,49,360,0.008084800574919152
prefill,general,6,53,23,346,0.007770391663672296
prefill,general,6,54,11,311,0.006984369385555156
prefill,general,6,55,31,233,0.0052326625943226734
prefill,general,6,56,14,213,0.004783507006827165
prefill,general,6,57,60,181,0.004064858066834352
prefill,general,6,58,51,179,0.0040199425080848
prefill,general,6,59,5,175,0.003930111390585699
prefill,general,6,60,43,159,0.003570786920589292
prefill,general,6,61,33,105,0.0023580668343514194
prefill,general,6,62,34,48,0.0010779734099892202
prefill,general,6,63,52,32,0.0007186489399928135
prefill,general,6,64,42,25,0.0005614444843693856
prefill,general,7,1,1,1804,0.040513833992094864
prefill,general,7,2,44,1748,0.03925619834710744
prefill,general,7,3,43,1479,0.03321505569529285
prefill,general,7,4,37,1471,0.033035393460294646
prefill,general,7,5,46,1399,0.03141843334531082
prefill,general,7,6,38,1360,0.030542579949694573
prefill,general,7,7,31,1249,0.0280497664390945
prefill,general,7,8,63,1225,0.02751077973409989
prefill,general,7,9,5,1186,0.02663492633848365
prefill,general,7,10,47,1175,0.026387890765361122
prefill,general,7,11,18,1123,0.0252200862378728
prefill,general,7,12,55,1082,0.024299317283507007
prefill,general,7,13,40,1026,0.023041681638519582
prefill,general,7,14,21,1015,0.022794646065397054
prefill,general,7,15,26,953,0.021402263744160977
prefill,general,7,16,61,935,0.02099802371541502
prefill,general,7,17,19,896,0.02012217031979878
prefill,general,7,18,52,889,0.01996496586417535
prefill,general,7,19,48,868,0.019493352497305067
prefill,general,7,20,29,860,0.01931369026230686
prefill,general,7,21,23,832,0.018684872439813153
prefill,general,7,22,62,791,0.01776410348544736
prefill,general,7,23,56,772,0.017337405677326626
prefill,general,7,24,41,770,0.017292490118577076
prefill,general,7,25,11,757,0.017000538986704995
prefill,general,7,26,58,742,0.016663672296083364
prefill,general,7,27,49,737,0.016551383399209488
prefill,general,7,28,22,724,0.016259432267337406
prefill,general,7,29,3,716,0.0160797700323392
prefill,general,7,30,4,704,0.015810276679841896
prefill,general,7,31,42,679,0.015248832195472512
prefill,general,7,32,24,677,0.01520391663672296
prefill,general,7,33,32,657,0.014754761049227452
prefill,general,7,34,34,639,0.014350521020481495
prefill,general,7,35,14,634,0.014238232123607617
prefill,general,7,36,33,608,0.013654329859863456
prefill,general,7,37,59,589,0.013227632051742724
prefill,general,7,38,35,562,0.012621272008623787
prefill,general,7,39,16,550,0.012351778656126482
prefill,general,7,40,27,532,0.011947538627380525
prefill,general,7,41,20,517,0.011610671936758894
prefill,general,7,42,12,507,0.011386094143011139
prefill,general,7,43,57,500,0.011228889687387712
prefill,general,7,44,36,499,0.011206431908012935
prefill,general,7,45,13,429,0.009634387351778656
prefill,general,7,46,30,412,0.009252605102407474
prefill,general,7,47,39,408,0.009162773984908373
prefill,general,7,48,10,397,0.008915738411785843
prefill,general,7,49,0,341,0.007658102766798419
prefill,general,7,50,7,307,0.006894538268056054
prefill,general,7,51,45,296,0.006647502694933525
prefill,general,7,52,53,291,0.006535213798059648
prefill,general,7,53,50,290,0.006512756018684873
prefill,general,7,54,54,268,0.006018684872439813
prefill,general,7,55,9,268,0.006018684872439813
prefill,general,7,56,6,248,0.005569529284944304
prefill,general,7,57,51,207,0.0046487603305785125
prefill,general,7,58,15,189,0.0042445203018325545
prefill,general,7,59,8,176,0.003952569169960474
prefill,general,7,60,25,159,0.003570786920589292
prefill,general,7,61,2,150,0.003368666906216313
prefill,general,7,62,60,134,0.0030093424362199065
prefill,general,7,63,28,108,0.0024254401724757456
prefill,general,7,64,17,12,0.00026949335249730504
prefill,general,8,1,18,1737,0.03900916277398491
prefill,general,8,2,15,1676,0.03763923823212361
prefill,general,8,3,5,1405,0.03155318002155947
prefill,general,8,4,12,1310,0.029419690980955805
prefill,general,8,5,33,1287,0.028903162055335968
prefill,general,8,6,56,1285,0.02885824649658642
prefill,general,8,7,58,1205,0.027061624146604384
prefill,general,8,8,55,1176,0.026410348544735895
prefill,general,8,9,20,1163,0.026118397412863818
prefill,general,8,10,26,1139,0.025579410707869205
prefill,general,8,11,45,1093,0.024546352856629535
prefill,general,8,12,63,1087,0.024411606180380883
prefill,general,8,13,52,1044,0.02344592166726554
prefill,general,8,14,34,1042,0.02340100610851599
prefill,general,8,15,17,1029,0.02310905497664391
prefill,general,8,16,37,1021,0.022929392741645706
prefill,general,8,17,6,938,0.021065397053539346
prefill,general,8,18,57,937,0.02104293927416457
prefill,general,8,19,51,885,0.019875134746676248
prefill,general,8,20,10,858,0.019268774703557312
prefill,general,8,21,28,852,0.01913402802730866
prefill,general,8,22,44,811,0.018213259072942866
prefill,general,8,23,61,810,0.018190801293568093
prefill,general,8,24,24,808,0.01814588573481854
prefill,general,8,25,11,801,0.017988681279195114
prefill,general,8,26,53,774,0.017382321236076175
prefill,general,8,27,23,758,0.01702299676607977
prefill,general,8,28,35,748,0.016798418972332016
prefill,general,8,29,19,726,0.016304347826086956
prefill,general,8,30,0,672,0.015091627739849083
prefill,general,8,31,30,650,0.014597556593604025
prefill,general,8,32,50,642,0.014417894358605821
prefill,general,8,33,42,619,0.013901365432985986
prefill,general,8,34,1,589,0.013227632051742724
prefill,general,8,35,21,577,0.012958138699245418
prefill,general,8,36,48,576,0.012935680919870643
prefill,general,8,37,2,575,0.012913223140495868
prefill,general,8,38,40,555,0.01246406755300036
prefill,general,8,39,62,545,0.012239489759252604
prefill,general,8,40,32,533,0.0119699964067553
prefill,general,8,41,9,507,0.011386094143011139
prefill,general,8,42,49,483,0.01084710743801653
prefill,general,8,43,36,478,0.010734818541142652
prefill,general,8,44,22,433,0.009724218469277757
prefill,general,8,45,38,425,0.009544556234279555
prefill,general,8,46,25,425,0.009544556234279555
prefill,general,8,47,16,400,0.008983111749910169
prefill,general,8,48,31,381,0.008556413941789435
prefill,general,8,49,41,380,0.00853395616241466
prefill,general,8,50,27,376,0.00844412504491556
prefill,general,8,51,29,368,0.008264462809917356
prefill,general,8,52,13,358,0.0080398850161696
prefill,general,8,53,54,328,0.0073661516349263385
prefill,general,8,54,47,287,0.006445382680560546
prefill,general,8,55,46,253,0.005681818181818182
prefill,general,8,56,60,247,0.00554707150556953
prefill,general,8,57,59,239,0.005367409270571326
prefill,general,8,58,39,227,0.005097915918074021
prefill,general,8,59,14,209,0.004693675889328063
prefill,general,8,60,7,188,0.00422206252245778
prefill,general,8,61,8,187,0.004199604743083004
prefill,general,8,62,43,164,0.0036830758174631693
prefill,general,8,63,4,145,0.0032563780093424364
prefill,general,8,64,3,102,0.002290693496227093
prefill,general,9,1,50,1585,0.03559558030901904
prefill,general,9,2,18,1503,0.03375404240028746
prefill,general,9,3,17,1495,0.033574380165289255
prefill,general,9,4,48,1246,0.027982393100970174
prefill,general,9,5,63,1211,0.027196370822853037
prefill,general,9,6,37,1196,0.026859504132231406
prefill,general,9,7,36,1111,0.024950592885375496
prefill,general,9,8,41,1096,0.02461372619475386
prefill,general,9,9,32,1055,0.02369295724038807
prefill,general,9,10,26,1002,0.022502694933524973
prefill,general,9,11,0,989,0.02221074380165289
prefill,general,9,12,43,977,0.021941250449155587
prefill,general,9,13,55,973,0.021851419331656487
prefill,general,9,14,6,971,0.021806503772906934
prefill,general,9,15,40,920,0.02066115702479339
prefill,general,9,16,58,907,0.020369205892921308
prefill,general,9,17,38,902,0.020256916996047432
prefill,general,9,18,7,902,0.020256916996047432
prefill,general,9,19,10,862,0.019358605821056415
prefill,general,9,20,31,853,0.019156485806683436
prefill,general,9,21,9,849,0.019066654689184333
prefill,general,9,22,13,843,0.01893190801293568
prefill,general,9,23,60,839,0.01884207689543658
prefill,general,9,24,21,808,0.01814588573481854
prefill,general,9,25,53,805,0.018078512396694214
prefill,general,9,26,29,763,0.017135285662953647
prefill,general,9,27,59,737,0.016551383399209488
prefill,general,9,28,24,719,0.016147143370463527
prefill,general,9,29,30,715,0.016057312252964428
prefill,general,9,30,16,707,0.015877650017966222
prefill,general,9,31,2,704,0.015810276679841896
prefill,general,9,32,42,669,0.015024254401724757
prefill,general,9,33,54,655,0.014709845490477902
prefill,general,9,34,14,647,0.014530183255479698
prefill,general,9,35,33,622,0.013968738771110312
prefill,general,9,36,23,620,0.013923823212360761
prefill,general,9,37,11,617,0.013856449874236435
prefill,general,9,38,1,616,0.01383399209486166
prefill,general,9,39,20,613,0.013766618756737334
prefill,general,9,40,27,600,0.013474667624865252
prefill,general,9,41,44,569,0.012778476464247216
prefill,general,9,42,52,558,0.012531440891124686
prefill,general,9,43,47,542,0.012172116421128278
prefill,general,9,44,28,527,0.011835249730506647
prefill,general,9,45,61,482,0.010824649658641753
prefill,general,9,46,62,460,0.010330578512396695
prefill,general,9,47,35,453,0.010173374056773266
prefill,general,9,48,12,433,0.009724218469277757
prefill,general,9,49,51,430,0.00965684513115343
prefill,general,9,50,22,407,0.009140316205533596
prefill,general,9,51,56,391,0.00878099173553719
prefill,general,9,52,8,387,0.008691160618038088
prefill,general,9,53,49,361,0.008107258354293927
prefill,general,9,54,39,348,0.007815307222421847
prefill,general,9,55,5,348,0.007815307222421847
prefill,general,9,56,15,326,0.007321236076176788
prefill,general,9,57,45,305,0.006849622709306504
prefill,general,9,58,25,276,0.006198347107438017
prefill,general,9,59,57,275,0.006175889328063241
prefill,general,9,60,3,257,0.005771649299317284
prefill,general,9,61,34,222,0.0049856270212001435
prefill,general,9,62,19,113,0.0025377290693496227
prefill,general,9,63,46,105,0.0023580668343514194
prefill,general,9,64,4,49,0.0011004311893639956
prefill,general,10,1,40,2163,0.04857617678763924
prefill,general,10,2,54,1634,0.03669601149838304
prefill,general,10,3,31,1433,0.03218199784405318
prefill,general,10,4,62,1360,0.030542579949694573
prefill,general,10,5,24,1307,0.02935231764283148
prefill,general,10,6,17,1291,0.02899299317283507
prefill,general,10,7,37,1207,0.027106539705353934
prefill,general,10,8,47,1109,0.024905677326625943
prefill,general,10,9,8,1027,0.02306413941789436
prefill,general,10,10,0,1016,0.02281710384477183
prefill,general,10,11,41,1013,0.0227497305066475
prefill,general,10,12,53,1012,0.022727272727272728
prefill,general,10,13,5,1002,0.022502694933524973
prefill,general,10,14,36,956,0.021469637082285303
prefill,general,10,15,1,943,0.021177685950413222
prefill,general,10,16,9,916,0.020571325907294286
prefill,general,10,17,23,887,0.0199200503054258
prefill,general,10,18,32,881,0.01978530362917715
prefill,general,10,19,13,866,0.019448436938555514
prefill,general,10,20,14,799,0.01794376572044556
prefill,general,10,21,49,796,0.017876392382321235
prefill,general,10,22,39,789,0.01771918792669781
prefill,general,10,23,44,738,0.01657384117858426
prefill,general,10,24,52,732,0.01643909450233561
prefill,general,10,25,34,636,0.014283147682357169
prefill,general,10,26,45,636,0.014283147682357169
prefill,general,10,27,57,631,0.014170858785483291
prefill,general,10,28,60,613,0.013766618756737334
prefill,general,10,29,2,607,0.013631872080488681
prefill,general,10,30,38,601,0.013497125404240029
prefill,general,10,31,7,599,0.013452209845490478
prefill,general,10,32,29,589,0.013227632051742724
prefill,general,10,33,3,588,0.013205174272367948
prefill,general,10,34,10,577,0.012958138699245418
prefill,general,10,35,30,567,0.012733560905497664
prefill,general,10,36,12,539,0.012104743083003952
prefill,general,10,37,55,535,0.012014911965504851
prefill,general,10,38,11,524,0.011767876392382321
prefill,general,10,39,42,509,0.01143100970176069
prefill,general,10,40,43,505,0.011341178584261587
prefill,general,10,41,59,504,0.011318720804886813
prefill,general,10,42,18,498,0.01118397412863816
prefill,general,10,43,61,496,0.011139058569888609
prefill,general,10,44,28,490,0.011004311893639956
prefill,general,10,45,27,485,0.01089202299676608
prefill,general,10,46,50,478,0.010734818541142652
prefill,general,10,47,51,478,0.010734818541142652
prefill,general,10,48,22,476,0.0106899029823931
prefill,general,10,49,15,456,0.010240747394897592
prefill,general,10,50,63,444,0.009971254042400287
prefill,general,10,51,58,429,0.009634387351778656
prefill,general,10,52,33,427,0.009589471793029105
prefill,general,10,53,4,416,0.009342436219906576
prefill,general,10,54,46,406,0.009117858426158821
prefill,general,10,55,26,391,0.00878099173553719
prefill,general,10,56,6,390,0.008758533956162416
prefill,general,10,57,21,365,0.00819708947179303
prefill,general,10,58,16,363,0.008152173913043478
prefill,general,10,59,20,340,0.007635644987423643
prefill,general,10,60,48,300,0.006737333812432626
prefill,general,10,61,25,260,0.00583902263744161
prefill,general,10,62,19,229,0.0051428314768235716
prefill,general,10,63,35,143,0.0032114624505928855
prefill,general,10,64,56,131,0.0029419690980955803
prefill,general,11,1,55,2071,0.0465100610851599
prefill,general,11,2,6,1853,0.04161426518145886
prefill,general,11,3,43,1835,0.0412100251527129
prefill,general,11,4,57,1557,0.03496676248652533
prefill,general,11,5,58,1286,0.02888070427596119
prefill,general,11,6,17,1220,0.027398490837226015
prefill,general,11,7,34,1126,0.025287459575997127
prefill,general,11,8,45,1120,0.025152712899748474
prefill,general,11,9,15,1109,0.024905677326625943
prefill,general,11,10,61,1052,0.023625583902263745
prefill,general,11,11,32,1033,0.02319888609414301
prefill,general,11,12,0,1027,0.02306413941789436
prefill,general,11,13,49,915,0.02054886812791951
prefill,general,11,14,11,912,0.020481494789795184
prefill,general,11,15,8,907,0.020369205892921308
prefill,general,11,16,44,903,0.020279374775422205
prefill,general,11,17,31,898,0.02016708587854833
prefill,general,11,18,1,881,0.01978530362917715
prefill,general,11,19,59,819,0.01839292130794107
prefill,general,11,20,54,800,0.017966223499820338
prefill,general,11,21,46,760,0.01706791232482932
prefill,general,11,22,18,755,0.016955623427955445
prefill,general,11,23,7,750,0.016843334531081566
prefill,general,11,24,30,749,0.016820876751706793
prefill,general,11,25,40,724,0.016259432267337406
prefill,general,11,26,20,722,0.016214516708587853
prefill,general,11,27,41,705,0.015832734459216673
prefill,general,11,28,9,692,0.015540783327344591
prefill,general,11,29,42,691,0.015518325547969817
prefill,general,11,30,22,661,0.014844592166726555
prefill,general,11,31,12,647,0.014530183255479698
prefill,general,11,32,2,634,0.014238232123607617
prefill,general,11,33,26,617,0.013856449874236435
prefill,general,11,34,24,608,0.013654329859863456
prefill,general,11,35,3,593,0.013317463169241825
prefill,general,11,36,21,589,0.013227632051742724
prefill,general,11,37,36,582,0.013070427596119295
prefill,general,11,38,56,579,0.01300305425799497
prefill,general,11,39,47,541,0.012149658641753503
prefill,general,11,40,19,524,0.011767876392382321
prefill,general,11,41,25,523,0.011745418613007546
prefill,general,11,42,52,495,0.011116600790513834
prefill,general,11,43,53,473,0.010622529644268774
prefill,general,11,44,39,451,0.010128458498023716
prefill,general,11,45,14,423,0.009499640675530004
prefill,general,11,46,33,406,0.009117858426158821
prefill,general,11,47,60,404,0.00907294286740927
prefill,general,11,48,38,392,0.008803449514911965
prefill,general,11,49,35,387,0.008691160618038088
prefill,general,11,50,50,382,0.008578871721164212
prefill,general,11,51,37,373,0.008376751706791233
prefill,general,11,52,23,368,0.008264462809917356
prefill,general,11,53,62,368,0.008264462809917356
prefill,general,11,54,10,350,0.007860222781171398
prefill,general,11,55,4,344,0.007725476104922745
prefill,general,11,56,29,342,0.007680560546173195
prefill,general,11,57,16,319,0.00716403162055336
prefill,general,11,58,5,294,0.006602587136183974
prefill,general,11,59,51,281,0.006310636004311893
prefill,general,11,60,28,231,0.005187747035573123
prefill,general,11,61,63,203,0.004558929213079411
prefill,general,11,62,48,134,0.0030093424362199065
prefill,general,11,63,27,99,0.002223320158102767
prefill,general,11,64,13,39,0.0008758533956162415
prefill,general,12,1,19,2750,0.06175889328063241
prefill,general,12,2,40,2319,0.052079590370104206
prefill,general,12,3,2,1408,0.03162055335968379
prefill,general,12,4,52,1201,0.02697179302910528
prefill,general,12,5,25,1193,0.02679213079410708
prefill,general,12,6,50,1106,0.024838303988501616
prefill,general,12,7,21,1072,0.024074739489759252
prefill,general,12,8,14,1020,0.02290693496227093
prefill,general,12,9,46,1017,0.022839561624146604
prefill,general,12,10,3,999,0.022435321595400647
prefill,general,12,11,45,979,0.02198616600790514
prefill,general,12,12,32,953,0.021402263744160977
prefill,general,12,13,7,936,0.021020481494789797
prefill,general,12,14,5,932,0.020930650377290694
prefill,general,12,15,48,904,0.02030183255479698
prefill,general,12,16,53,893,0.020054796981674453
prefill,general,12,17,22,877,0.019695472511678046
prefill,general,12,18,0,867,0.01947089471793029
prefill,general,12,19,30,867,0.01947089471793029
prefill,general,12,20,26,800,0.017966223499820338
prefill,general,12,21,55,778,0.017472152353575278
prefill,general,12,22,29,759,0.017045454545454544
prefill,general,12,23,47,751,0.016865792310456342
prefill,general,12,24,27,717,0.016102227811713977
prefill,general,12,25,15,714,0.01603485447358965
prefill,general,12,26,11,712,0.0159899389148401
prefill,general,12,27,56,703,0.015787818900467123
prefill,general,12,28,34,701,0.01574290334171757
prefill,general,12,29,37,697,0.01565307222421847
prefill,general,12,30,9,671,0.015069169960474308
prefill,general,12,31,51,664,0.01491196550485088
prefill,general,12,32,16,614,0.013789076536112109
prefill,general,12,33,41,609,0.013676787639238233
prefill,general,12,34,42,598,0.013429752066115703
prefill,general,12,35,1,568,0.01275601868487244
prefill,general,12,36,62,567,0.012733560905497664
prefill,general,12,37,49,547,0.012284405318002156
prefill,general,12,38,4,546,0.012261947538627381
prefill,general,12,39,44,536,0.012037369744879626
prefill,general,12,40,23,529,0.011880165289256199
prefill,general,12,41,10,493,0.011071685231764283
prefill,general,12,42,57,485,0.01089202299676608
prefill,general,12,43,24,472,0.010600071864894
prefill,general,12,44,36,463,0.01039795185052102
prefill,general,12,45,61,461,0.01035303629177147
prefill,general,12,46,63,448,0.01006108515989939
prefill,general,12,47,28,439,0.009858965145526411
prefill,general,12,48,6,436,0.009791591807402083
prefill,general,12,49,58,431,0.009679302910528207
prefill,general,12,50,35,422,0.009477182896155229
prefill,general,12,51,13,405,0.009095400646784046
prefill,general,12,52,17,397,0.008915738411785843
prefill,general,12,53,12,386,0.008668702838663313
prefill,general,12,54,54,383,0.008601329500538987
prefill,general,12,55,33,371,0.008331836148041682
prefill,general,12,56,20,351,0.007882680560546173
prefill,general,12,57,59,342,0.007680560546173195
prefill,general,12,58,39,274,0.006153431548688465
prefill,general,12,59,60,271,0.006086058210564139
prefill,general,12,60,43,254,0.005704275961192958
prefill,general,12,61,8,161,0.003615702479338843
prefill,general,12,62,31,117,0.0026275601868487246
prefill,general,12,63,38,117,0.0026275601868487246
prefill,general,12,64,18,75,0.0016843334531081566
prefill,general,13,1,43,1857,0.04170409629895796
prefill,general,13,2,52,1782,0.0400197628458498
prefill,general,13,3,63,1732,0.03889687387711103
prefill,general,13,4,56,1487,0.03339471793029105
prefill,general,13,5,36,1394,0.03130614444843694
prefill,general,13,6,46,1371,0.030789615522817105
prefill,general,13,7,41,1239,0.02782518864534675
prefill,general,13,8,8,1158,0.02600610851598994
prefill,general,13,9,29,1142,0.02564678404599353
prefill,general,13,10,22,1060,0.023805246137261947
prefill,general,13,11,35,1035,0.02324380165289256
prefill,general,13,12,48,999,0.022435321595400647
prefill,general,13,13,1,997,0.022390406036651097
prefill,general,13,14,27,993,0.022300574919151994
prefill,general,13,15,55,971,0.021806503772906934
prefill,general,13,16,32,966,0.02169421487603306
prefill,general,13,17,13,909,0.020414121451670857
prefill,general,13,18,54,831,0.018662414660438376
prefill,general,13,19,23,817,0.01834800574919152
prefill,general,13,20,19,814,0.018280632411067192
prefill,general,13,21,34,808,0.01814588573481854
prefill,general,13,22,7,793,0.01780901904419691
prefill,general,13,23,33,780,0.01751706791232483
prefill,general,13,24,3,763,0.017135285662953647
prefill,general,13,25,14,762,0.01711282788357887
prefill,general,13,26,37,721,0.01619205892921308
prefill,general,13,27,30,710,0.01594502335609055
prefill,general,13,28,58,671,0.015069169960474308
prefill,general,13,29,42,670,0.015046712181099533
prefill,general,13,30,26,662,0.01486704994610133
prefill,general,13,31,31,645,0.014485267696730147
prefill,general,13,32,39,611,0.013721703197987782
prefill,general,13,33,10,608,0.013654329859863456
prefill,general,13,34,24,601,0.013497125404240029
prefill,general,13,35,28,585,0.013137800934243622
prefill,general,13,36,59,581,0.01304796981674452
prefill,general,13,37,18,572,0.012845849802371542
prefill,general,13,38,57,570,0.01280093424362199
prefill,general,13,39,47,559,0.01255389867049946
prefill,general,13,40,44,524,0.011767876392382321
prefill,general,13,41,0,507,0.011386094143011139
prefill,general,13,42,5,501,0.011251347466762486
prefill,general,13,43,21,501,0.011251347466762486
prefill,general,13,44,40,468,0.010510240747394898
prefill,general,13,45,9,467,0.010487782968020122
prefill,general,13,46,12,452,0.01015091627739849
prefill,general,13,47,50,448,0.01006108515989939
prefill,general,13,48,38,377,0.008466582824290334
prefill,general,13,49,16,369,0.00828692058929213
prefill,general,13,50,61,341,0.007658102766798419
prefill,general,13,51,45,337,0.007568271649299317
prefill,general,13,52,15,329,0.007388609414301114
prefill,general,13,53,4,311,0.006984369385555156
prefill,general,13,54,17,301,0.006759791591807402
prefill,general,13,55,2,299,0.006714876033057851
prefill,general,13,56,53,295,0.0066250449155587495
prefill,general,13,57,49,263,0.005906395975565936
prefill,general,13,58,51,249,0.00559198706431908
prefill,general,13,59,25,231,0.005187747035573123
prefill,general,13,60,60,227,0.005097915918074021
prefill,general,13,61,62,206,0.004626302551203737
prefill,general,13,62,11,120,0.0026949335249730508
prefill,general,13,63,20,103,0.0023131512756018684
prefill,general,13,64,6,76,0.001706791232482932
prefill,general,14,1,3,2075,0.046599892202659
prefill,general,14,2,37,2007,0.045072763205174275
prefill,general,14,3,49,1711,0.03842526051024075
prefill,general,14,4,2,1631,0.036628638160258714
prefill,general,14,5,5,1336,0.030003593244699964
prefill,general,14,6,59,1266,0.028431548688465685
prefill,general,14,7,43,1228,0.027578153072224217
prefill,general,14,8,7,1125,0.02526500179662235
prefill,general,14,9,44,1097,0.024636183974128638
prefill,general,14,10,21,1087,0.024411606180380883
prefill,general,14,11,38,1052,0.023625583902263745
prefill,general,14,12,15,1009,0.0226598993891484
prefill,general,14,13,63,1001,0.022480237154150196
prefill,general,14,14,14,984,0.022098454904779016
prefill,general,14,15,40,968,0.021739130434782608
prefill,general,14,16,62,933,0.02095310815666547
prefill,general,14,17,48,901,0.020234459216672655
prefill,general,14,18,20,874,0.01962809917355372
prefill,general,14,19,53,870,0.019538268056054617
prefill,general,14,20,57,862,0.019358605821056415
prefill,general,14,21,52,859,0.01929123248293209
prefill,general,14,22,46,858,0.019268774703557312
prefill,general,14,23,1,806,0.01810097017606899
prefill,general,14,24,39,787,0.017674272367948256
prefill,general,14,25,18,777,0.0174496945742005
prefill,general,14,26,31,744,0.016708587854832913
prefill,general,14,27,50,712,0.0159899389148401
prefill,general,14,28,16,703,0.015787818900467123
prefill,general,14,29,55,679,0.015248832195472512
prefill,general,14,30,0,657,0.014754761049227452
prefill,general,14,31,45,652,0.014642472152353576
prefill,general,14,32,27,637,0.014305605461731943
prefill,general,14,33,41,608,0.013654329859863456
prefill,general,14,34,12,585,0.013137800934243622
prefill,general,14,35,35,569,0.012778476464247216
prefill,general,14,36,11,543,0.012194574200503055
prefill,general,14,37,9,539,0.012104743083003952
prefill,general,14,38,10,535,0.012014911965504851
prefill,general,14,39,47,507,0.011386094143011139
prefill,general,14,40,26,480,0.010779734099892203
prefill,general,14,41,13,461,0.01035303629177147
prefill,general,14,42,19,459,0.010308120733021918
prefill,general,14,43,34,456,0.010240747394897592
prefill,general,14,44,25,455,0.010218289615522817
prefill,general,14,45,42,447,0.010038627380524613
prefill,general,14,46,22,442,0.009926338483650737
prefill,general,14,47,60,391,0.00878099173553719
prefill,general,14,48,23,384,0.008623787279913761
prefill,general,14,49,4,373,0.008376751706791233
prefill,general,14,50,58,364,0.008174631692418253
prefill,general,14,51,24,355,0.007972511678045274
prefill,general,14,52,32,349,0.007837765001796622
prefill,general,14,53,56,335,0.007523356090549767
prefill,general,14,54,51,301,0.006759791591807402
prefill,general,14,55,8,295,0.0066250449155587495
prefill,general,14,56,61,291,0.006535213798059648
prefill,general,14,57,29,270,0.006063600431189364
prefill,general,14,58,54,228,0.005120373697448796
prefill,general,14,59,17,214,0.004805964786201941
prefill,general,14,60,30,141,0.0031665468918433345
prefill,general,14,61,33,131,0.0029419690980955803
prefill,general,14,62,28,58,0.0013025512037369744
prefill,general,14,63,36,54,0.0012127200862378728
prefill,general,14,64,6,20,0.0004491555874955084
prefill,general,15,1,48,2023,0.04543208767517068
prefill,general,15,2,59,1971,0.044264283147682354
prefill,general,15,3,49,1912,0.04293927416457061
prefill,general,15,4,26,1498,0.033641753503413585
prefill,general,15,5,45,1444,0.03242903341717571
prefill,general,15,6,3,1395,0.03132860222781171
prefill,general,15,7,40,1321,0.029666726554078333
prefill,general,15,8,7,1227,0.027555695292849444
prefill,general,15,9,23,1117,0.025085339561624148
prefill,general,15,10,2,1100,0.024703557312252964
prefill,general,15,11,27,1091,0.024501437297879985
prefill,general,15,12,55,1081,0.02427685950413223
prefill,general,15,13,21,1069,0.024007366151634926
prefill,general,15,14,41,1013,0.0227497305066475
prefill,general,15,15,56,990,0.022233201581027668
prefill,general,15,16,47,908,0.020391663672296084
prefill,general,15,17,60,866,0.019448436938555514
prefill,general,15,18,13,847,0.019021739130434784
prefill,general,15,19,54,845,0.01897682357168523
prefill,general,15,20,14,835,0.01875224577793748
prefill,general,15,21,16,834,0.018729787998562702
prefill,general,15,22,10,831,0.018662414660438376
prefill,general,15,23,36,828,0.01859504132231405
prefill,general,15,24,46,775,0.01740477901545095
prefill,general,15,25,61,765,0.017180201221703197
prefill,general,15,26,15,733,0.016461552281710385
prefill,general,15,27,62,732,0.01643909450233561
prefill,general,15,28,42,714,0.01603485447358965
prefill,general,15,29,0,712,0.0159899389148401
prefill,general,15,30,20,694,0.015585698886094143
prefill,general,15,31,31,691,0.015518325547969817
prefill,general,15,32,28,591,0.013272547610492274
prefill,general,15,33,24,582,0.013070427596119295
prefill,general,15,34,17,570,0.01280093424362199
prefill,general,15,35,5,538,0.012082285303629177
prefill,general,15,36,53,529,0.011880165289256199
prefill,general,15,37,43,521,0.011700503054257995
prefill,general,15,38,22,505,0.011341178584261587
prefill,general,15,39,9,502,0.011273805246137261
prefill,general,15,40,57,490,0.011004311893639956
prefill,general,15,41,58,480,0.010779734099892203
prefill,general,15,42,44,479,0.010757276320517426
prefill,general,15,43,52,479,0.010757276320517426
prefill,general,15,44,63,478,0.010734818541142652
prefill,general,15,45,25,424,0.009522098454904778
prefill,general,15,46,35,378,0.008489040603665109
prefill,general,15,47,37,334,0.007500898311174991
prefill,general,15,48,6,324,0.007276320517427237
prefill,general,15,49,29,310,0.0069619116061803805
prefill,general,15,50,1,306,0.0068720804886812795
prefill,general,15,51,8,299,0.006714876033057851
prefill,general,15,52,50,268,0.006018684872439813
prefill,general,15,53,38,265,0.005951311534315487
prefill,general,15,54,51,256,0.005749191519942508
prefill,general,15,55,11,254,0.005704275961192958
prefill,general,15,56,19,253,0.005681818181818182
prefill,general,15,57,12,243,0.005457240388070428
prefill,general,15,58,33,204,0.004581386992454186
prefill,general,15,59,18,193,0.004334351419331656
prefill,general,15,60,4,173,0.003885195831836148
prefill,general,15,61,39,162,0.0036381602587136183
prefill,general,15,62,34,158,0.003548329141214517
prefill,general,15,63,32,97,0.002178404599353216
prefill,general,15,64,30,21,0.00047161336687028384
prefill,math,0,1,6,1664,0.1028175976272862
prefill,math,0,2,41,649,0.04010133465150766
prefill,math,0,3,58,643,0.03973059812160158
prefill,math,0,4,61,391,0.02415966386554622
prefill,math,0,5,33,378,0.023356401384083045
prefill,math,0,6,25,368,0.022738507167572912
prefill,math,0,7,42,360,0.022244191794364803
prefill,math,0,8,10,345,0.021317350469599605
prefill,math,0,9,7,335,0.02069945625308947
prefill,math,0,10,59,325,0.020081562036579337
prefill,math,0,11,11,324,0.020019772614928325
prefill,math,0,12,22,321,0.019834404349975285
prefill,math,0,13,19,320,0.019772614928324272
prefill,math,0,14,43,320,0.019772614928324272
prefill,math,0,15,29,318,0.019649036085022244
prefill,math,0,16,9,296,0.01828966880869995
prefill,math,0,17,20,273,0.016868512110726645
prefill,math,0,18,55,269,0.01662135442412259
prefill,math,0,19,49,266,0.01643598615916955
prefill,math,0,20,46,265,0.016374196737518536
prefill,math,0,21,39,265,0.016374196737518536
prefill,math,0,22,53,260,0.01606524962926347
prefill,math,0,23,18,260,0.01606524962926347
prefill,math,0,24,60,251,0.01550914483440435
prefill,math,0,25,54,250,0.015447355412753336
prefill,math,0,26,5,238,0.014705882352941176
prefill,math,0,27,38,236,0.01458230350963915
prefill,math,0,28,8,232,0.014335145823035097
prefill,math,0,29,17,230,0.014211566979733069
prefill,math,0,30,1,227,0.01402619871478003
prefill,math,0,31,37,224,0.01384083044982699
prefill,math,0,32,16,224,0.01384083044982699
prefill,math,0,33,4,222,0.013717251606524964
prefill,math,0,34,14,222,0.013717251606524964
prefill,math,0,35,48,218,0.01347009391992091
prefill,math,0,36,26,213,0.013161146811665842
prefill,math,0,37,44,210,0.012975778546712802
prefill,math,0,38,24,209,0.01291398912506179
prefill,math,0,39,57,206,0.01272862086010875
prefill,math,0,40,63,206,0.01272862086010875
prefill,math,0,41,35,197,0.01217251606524963
prefill,math,0,42,15,197,0.01217251606524963
prefill,math,0,43,30,196,0.012110726643598616
prefill,math,0,44,45,189,0.011678200692041523
prefill,math,0,45,27,177,0.010936727632229363
prefill,math,0,46,40,177,0.010936727632229363
prefill,math,0,47,31,175,0.010813148788927335
prefill,math,0,48,36,174,0.010751359367276322
prefill,math,0,49,62,170,0.01050420168067227
prefill,math,0,50,2,169,0.010442412259021256
prefill,math,0,51,32,168,0.010380622837370242
prefill,math,0,52,56,165,0.010195254572417203
prefill,math,0,53,13,165,0.010195254572417203
prefill,math,0,54,3,141,0.008712308452792882
prefill,math,0,55,52,131,0.008094414236282748
prefill,math,0,56,51,130,0.008032624814631736
prefill,math,0,57,50,109,0.006735046959960455
prefill,math,0,58,47,96,0.005931784478497282
prefill,math,0,59,12,82,0.0050667325753830945
prefill,math,0,60,23,56,0.0034602076124567475
prefill,math,0,61,0,33,0.0020390509144834405
prefill,math,0,62,28,22,0.0013593672763222936
prefill,math,0,63,21,20,0.001235788433020267
prefill,math,0,64,34,12,0.0007414730598121602
prefill,math,1,1,47,742,0.045847750865051905
prefill,math,1,2,11,690,0.04263470093919921
prefill,math,1,3,19,527,0.032563025210084036
prefill,math,1,4,32,441,0.027249134948096887
prefill,math,1,5,1,422,0.026075135936727632
prefill,math,1,6,35,420,0.025951557093425604
prefill,math,1,7,31,417,0.025766188828472567
prefill,math,1,8,60,410,0.02533366287691547
prefill,math,1,9,20,386,0.02385071675729115
prefill,math,1,10,14,384,0.023727137913989126
prefill,math,1,11,40,380,0.02347998022738507
prefill,math,1,12,41,368,0.022738507167572912
prefill,math,1,13,62,367,0.0226767177459219
prefill,math,1,14,39,343,0.021193771626297576
prefill,math,1,15,37,338,0.02088482451804251
prefill,math,1,16,63,320,0.019772614928324272
prefill,math,1,17,49,318,0.019649036085022244
prefill,math,1,18,42,317,0.019587246663371232
prefill,math,1,19,52,292,0.018042511122095897
prefill,math,1,20,55,290,0.017918932278793872
prefill,math,1,21,45,286,0.017671774592189816
prefill,math,1,22,12,286,0.017671774592189816
prefill,math,1,23,59,283,0.017486406327236775
prefill,math,1,24,18,279,0.017239248640632723
prefill,math,1,25,48,277,0.017115669797330698
prefill,math,1,26,5,274,0.016930301532377658
prefill,math,1,27,21,272,0.01680672268907563
prefill,math,1,28,23,263,0.016250617894216512
prefill,math,1,29,17,259,0.016003460207612456
prefill,math,1,30,7,257,0.01587988136431043
prefill,math,1,31,57,246,0.015200197726149283
prefill,math,1,32,13,235,0.014520514087988136
prefill,math,1,33,8,232,0.014335145823035097
prefill,math,1,34,0,230,0.014211566979733069
prefill,math,1,35,53,229,0.014149777558082057
prefill,math,1,36,2,225,0.013902619871478002
prefill,math,1,37,34,223,0.013779041028175976
prefill,math,1,38,58,222,0.013717251606524964
prefill,math,1,39,51,219,0.013531883341571923
prefill,math,1,40,36,219,0.013531883341571923
prefill,math,1,41,30,201,0.012419673751853683
prefill,math,1,42,3,194,0.01198714780029659
prefill,math,1,43,50,193,0.011925358378645575
prefill,math,1,44,24,183,0.011307464162135442
prefill,math,1,45,16,180,0.011122095897182402
prefill,math,1,46,27,180,0.011122095897182402
prefill,math,1,47,9,168,0.010380622837370242
prefill,math,1,48,44,166,0.010257043994068215
prefill,math,1,49,54,164,0.010133465150766189
prefill,math,1,50,29,149,0.009206623826000989
prefill,math,1,51,46,135,0.008341571922886802
prefill,math,1,52,4,113,0.006982204646564508
prefill,math,1,53,38,112,0.006920415224913495
prefill,math,1,54,33,107,0.006611468116658428
prefill,math,1,55,22,106,0.006549678695007415
prefill,math,1,56,61,105,0.006487889273356401
prefill,math,1,57,56,90,0.005561047948591201
prefill,math,1,58,10,82,0.0050667325753830945
prefill,math,1,59,43,81,0.005004943153732081
prefill,math,1,60,25,75,0.004634206623826001
prefill,math,1,61,15,62,0.0038309441423628274
prefill,math,1,62,28,52,0.003213049925852694
prefill,math,1,63,26,50,0.003089471082550667
prefill,math,1,64,6,48,0.002965892239248641
prefill,math,2,1,4,934,0.05771131982204646
prefill,math,2,2,8,709,0.043808699950568464
prefill,math,2,3,34,626,0.03868017795353435
prefill,math,2,4,62,525,0.032439446366782004
prefill,math,2,5,0,436,0.02694018783984182
prefill,math,2,6,12,414,0.025580820563519527
prefill,math,2,7,16,408,0.025210084033613446
prefill,math,2,8,58,402,0.024839347503707365
prefill,math,2,9,53,392,0.02422145328719723
prefill,math,2,10,41,366,0.022614928324270884
prefill,math,2,11,6,353,0.02181166584280771
prefill,math,2,12,54,343,0.021193771626297576
prefill,math,2,13,26,334,0.02063766683143846
prefill,math,2,14,20,326,0.02014335145823035
prefill,math,2,15,22,315,0.019463667820069204
prefill,math,2,16,47,305,0.01884577360355907
prefill,math,2,17,29,298,0.018413247652001977
prefill,math,2,18,56,297,0.018351458230350965
prefill,math,2,19,57,290,0.017918932278793872
prefill,math,2,20,32,284,0.01754819574888779
prefill,math,2,21,33,283,0.017486406327236775
prefill,math,2,22,63,279,0.017239248640632723
prefill,math,2,23,21,269,0.01662135442412259
prefill,math,2,24,14,265,0.016374196737518536
prefill,math,2,25,19,256,0.015818091942659415
prefill,math,2,26,13,254,0.01569451309935739
prefill,math,2,27,46,253,0.01563272367770638
prefill,math,2,28,52,248,0.01532377656945131
prefill,math,2,29,60,245,0.01513840830449827
prefill,math,2,30,23,241,0.014891250617894217
prefill,math,2,31,45,240,0.014829461196243203
prefill,math,2,32,1,238,0.014705882352941176
prefill,math,2,33,24,234,0.014458724666337124
prefill,math,2,34,39,234,0.014458724666337124
prefill,math,2,35,30,228,0.014087988136431043
prefill,math,2,36,38,228,0.014087988136431043
prefill,math,2,37,48,215,0.013284725654967869
prefill,math,2,38,27,213,0.013161146811665842
prefill,math,2,39,25,211,0.013037567968363816
prefill,math,2,40,3,204,0.012605042016806723
prefill,math,2,41,15,201,0.012419673751853683
prefill,math,2,42,49,189,0.011678200692041523
prefill,math,2,43,9,176,0.010874938210578349
prefill,math,2,44,18,169,0.010442412259021256
prefill,math,2,45,44,169,0.010442412259021256
prefill,math,2,46,61,166,0.010257043994068215
prefill,math,2,47,35,165,0.010195254572417203
prefill,math,2,48,11,162,0.010009886307464163
prefill,math,2,49,40,149,0.009206623826000989
prefill,math,2,50,36,149,0.009206623826000989
prefill,math,2,51,59,137,0.008465150766188829
prefill,math,2,52,50,124,0.007661888284725655
prefill,math,2,53,31,124,0.007661888284725655
prefill,math,2,54,37,121,0.007476520019772615
prefill,math,2,55,17,121,0.007476520019772615
prefill,math,2,56,7,114,0.007043994068215521
prefill,math,2,57,28,111,0.006858625803262482
prefill,math,2,58,51,86,0.005313890261987148
prefill,math,2,59,43,79,0.004881364310430054
prefill,math,2,60,5,76,0.0046959960454770145
prefill,math,2,61,2,67,0.004139891250617894
prefill,math,2,62,42,51,0.0031512605042016808
prefill,math,2,63,55,50,0.003089471082550667
prefill,math,2,64,10,33,0.0020390509144834405
prefill,math,3,1,52,1271,0.07853435491843797
prefill,math,3,2,61,584,0.03608502224419179
prefill,math,3,3,20,563,0.034787444389520514
prefill,math,3,4,12,479,0.029597132970835393
prefill,math,3,5,59,457,0.028237765694513098
prefill,math,3,6,45,444,0.027434503213049927
prefill,math,3,7,31,439,0.02712555610479486
prefill,math,3,8,22,422,0.026075135936727632
prefill,math,3,9,49,420,0.025951557093425604
prefill,math,3,10,38,407,0.025148294611962434
prefill,math,3,11,62,402,0.024839347503707365
prefill,math,3,12,18,399,0.024653979238754325
prefill,math,3,13,30,394,0.02434503213049926
prefill,math,3,14,33,354,0.021873455264458726
prefill,math,3,15,28,350,0.02162629757785467
prefill,math,3,16,50,346,0.021379139891250617
prefill,math,3,17,42,342,0.021131982204646564
prefill,math,3,18,15,333,0.020575877409787443
prefill,math,3,19,1,325,0.020081562036579337
prefill,math,3,20,46,318,0.019649036085022244
prefill,math,3,21,54,313,0.019340088976767176
prefill,math,3,22,34,307,0.0189693524468611
prefill,math,3,23,0,298,0.018413247652001977
prefill,math,3,24,40,296,0.01828966880869995
prefill,math,3,25,56,294,0.018166089965397925
prefill,math,3,26,32,278,0.01717745921898171
prefill,math,3,27,2,275,0.01699209095402867
prefill,math,3,28,7,275,0.01699209095402867
prefill,math,3,29,37,273,0.016868512110726645
prefill,math,3,30,11,268,0.016559565002471577
prefill,math,3,31,19,249,0.015385565991102324
prefill,math,3,32,47,249,0.015385565991102324
prefill,math,3,33,29,247,0.015261987147800296
prefill,math,3,34,10,231,0.014273356401384083
prefill,math,3,35,9,225,0.013902619871478002
prefill,math,3,36,4,213,0.013161146811665842
prefill,math,3,37,57,194,0.01198714780029659
prefill,math,3,38,23,178,0.010998517053880375
prefill,math,3,39,63,170,0.01050420168067227
prefill,math,3,40,48,165,0.010195254572417203
prefill,math,3,41,25,149,0.009206623826000989
prefill,math,3,42,21,146,0.009021255561047948
prefill,math,3,43,6,141,0.008712308452792882
prefill,math,3,44,58,130,0.008032624814631736
prefill,math,3,45,27,129,0.007970835392980722
prefill,math,3,46,41,119,0.007352941176470588
prefill,math,3,47,14,110,0.006796836381611468
prefill,math,3,48,5,110,0.006796836381611468
prefill,math,3,49,39,108,0.0066732575383094414
prefill,math,3,50,36,106,0.006549678695007415
prefill,math,3,51,44,89,0.005499258526940188
prefill,math,3,52,8,81,0.005004943153732081
prefill,math,3,53,43,80,0.004943153732081068
prefill,math,3,54,60,79,0.004881364310430054
prefill,math,3,55,51,72,0.004448838358872961
prefill,math,3,56,35,70,0.004325259515570935
prefill,math,3,57,24,70,0.004325259515570935
prefill,math,3,58,3,68,0.004201680672268907
prefill,math,3,59,55,63,0.0038927335640138406
prefill,math,3,60,13,58,0.0035837864557587743
prefill,math,3,61,53,52,0.003213049925852694
prefill,math,3,62,16,39,0.0024097874443895204
prefill,math,3,63,26,35,0.0021626297577854673
prefill,math,3,64,17,33,0.0020390509144834405
prefill,math,4,1,17,1343,0.08298319327731092
prefill,math,4,2,49,778,0.04807217004448838
prefill,math,4,3,8,605,0.03738260009886307
prefill,math,4,4,21,586,0.03620860108749382
prefill,math,4,5,9,525,0.032439446366782004
prefill,math,4,6,34,489,0.030215027187345526
prefill,math,4,7,48,483,0.029844290657439446
prefill,math,4,8,52,483,0.029844290657439446
prefill,math,4,9,62,453,0.027990608007909045
prefill,math,4,10,5,443,0.02737271379139891
prefill,math,4,11,45,412,0.0254572417202175
prefill,math,4,12,36,391,0.02415966386554622
prefill,math,4,13,58,386,0.02385071675729115
prefill,math,4,14,23,378,0.023356401384083045
prefill,math,4,15,40,323,0.01995798319327731
prefill,math,4,16,1,318,0.019649036085022244
prefill,math,4,17,60,317,0.019587246663371232
prefill,math,4,18,24,297,0.018351458230350965
prefill,math,4,19,42,293,0.01810430054374691
prefill,math,4,20,29,293,0.01810430054374691
prefill,math,4,21,7,281,0.01736282748393475
prefill,math,4,22,59,280,0.01730103806228374
prefill,math,4,23,57,276,0.017053880375679682
prefill,math,4,24,14,269,0.01662135442412259
prefill,math,4,25,43,264,0.016312407315867524
prefill,math,4,26,39,262,0.016188828472565496
prefill,math,4,27,31,258,0.015941670785961443
prefill,math,4,28,63,256,0.015818091942659415
prefill,math,4,29,10,254,0.01569451309935739
prefill,math,4,30,38,233,0.01439693524468611
prefill,math,4,31,13,231,0.014273356401384083
prefill,math,4,32,18,225,0.013902619871478002
prefill,math,4,33,56,225,0.013902619871478002
prefill,math,4,34,27,217,0.013408304498269897
prefill,math,4,35,47,215,0.013284725654967869
prefill,math,4,36,41,206,0.01272862086010875
prefill,math,4,37,22,200,0.012357884330202669
prefill,math,4,38,50,192,0.011863568956994563
prefill,math,4,39,44,171,0.010565991102323282
prefill,math,4,40,11,171,0.010565991102323282
prefill,math,4,41,35,168,0.010380622837370242
prefill,math,4,42,46,147,0.009083044982698962
prefill,math,4,43,61,147,0.009083044982698962
prefill,math,4,44,2,144,0.008897676717745922
prefill,math,4,45,37,142,0.008774097874443896
prefill,math,4,46,28,139,0.008588729609490855
prefill,math,4,47,26,134,0.008279782501235788
prefill,math,4,48,25,127,0.007847256549678695
prefill,math,4,49,6,116,0.007167572911517549
prefill,math,4,50,20,88,0.005437469105289174
prefill,math,4,51,33,86,0.005313890261987148
prefill,math,4,52,30,84,0.005190311418685121
prefill,math,4,53,55,70,0.004325259515570935
prefill,math,4,54,16,57,0.0035219970341077607
prefill,math,4,55,4,56,0.0034602076124567475
prefill,math,4,56,51,45,0.0027805239742956004
prefill,math,4,57,19,37,0.0022862086010874937
prefill,math,4,58,53,28,0.0017301038062283738
prefill,math,4,59,12,25,0.0015447355412753336
prefill,math,4,60,32,22,0.0013593672763222936
prefill,math,4,61,15,20,0.001235788433020267
prefill,math,4,62,54,11,0.0006796836381611468
prefill,math,4,63,3,8,0.0004943153732081067
prefill,math,4,64,0,1,6.178942165101334e-05
prefill,math,5,1,0,1286,0.07946119624320316
prefill,math,5,2,32,1014,0.06265447355412754
prefill,math,5,3,10,930,0.05746416213544241
prefill,math,5,4,14,713,0.04405585763717251
prefill,math,5,5,19,614,0.0379387048937222
prefill,math,5,6,33,490,0.03027681660899654
prefill,math,5,7,45,466,0.02879387048937222
prefill,math,5,8,39,404,0.024962926347009393
prefill,math,5,9,21,389,0.02403608502224419
prefill,math,5,10,23,364,0.02249134948096886
prefill,math,5,11,6,355,0.021935244686109738
prefill,math,5,12,54,353,0.02181166584280771
prefill,math,5,13,8,350,0.02162629757785467
prefill,math,5,14,11,344,0.021255561047948592
prefill,math,5,15,34,341,0.021070192782995552
prefill,math,5,16,57,339,0.020946613939693524
prefill,math,5,17,56,322,0.019896193771626297
prefill,math,5,18,52,319,0.019710825506673257
prefill,math,5,19,41,304,0.018783984181908058
prefill,math,5,20,4,268,0.016559565002471577
prefill,math,5,21,18,264,0.016312407315867524
prefill,math,5,22,55,262,0.016188828472565496
prefill,math,5,23,37,261,0.016127039050914484
prefill,math,5,24,24,258,0.015941670785961443
prefill,math,5,25,30,250,0.015447355412753336
prefill,math,5,26,60,249,0.015385565991102324
prefill,math,5,27,7,245,0.01513840830449827
prefill,math,5,28,22,243,0.015014829461196243
prefill,math,5,29,13,242,0.01495304003954523
prefill,math,5,30,58,233,0.01439693524468611
prefill,math,5,31,16,218,0.01347009391992091
prefill,math,5,32,20,217,0.013408304498269897
prefill,math,5,33,40,189,0.011678200692041523
prefill,math,5,34,50,185,0.011431043005437468
prefill,math,5,35,38,183,0.011307464162135442
prefill,math,5,36,59,174,0.010751359367276322
prefill,math,5,37,35,164,0.010133465150766189
prefill,math,5,38,43,162,0.010009886307464163
prefill,math,5,39,61,161,0.009948096885813149
prefill,math,5,40,9,156,0.009639149777558082
prefill,math,5,41,31,152,0.009391992090954029
prefill,math,5,42,12,149,0.009206623826000989
prefill,math,5,43,47,145,0.008959466139396936
prefill,math,5,44,48,141,0.008712308452792882
prefill,math,5,45,51,135,0.008341571922886802
prefill,math,5,46,17,120,0.007414730598121601
prefill,math,5,47,27,118,0.007291151754819575
prefill,math,5,48,1,116,0.007167572911517549
prefill,math,5,49,15,115,0.0071057834898665346
prefill,math,5,50,36,101,0.006240731586752348
prefill,math,5,51,28,90,0.005561047948591201
prefill,math,5,52,62,88,0.005437469105289174
prefill,math,5,53,46,65,0.004016312407315868
prefill,math,5,54,5,58,0.0035837864557587743
prefill,math,5,55,42,53,0.0032748393475037075
prefill,math,5,56,63,51,0.0031512605042016808
prefill,math,5,57,29,50,0.003089471082550667
prefill,math,5,58,26,36,0.0022244191794364805
prefill,math,5,59,25,35,0.0021626297577854673
prefill,math,5,60,53,33,0.0020390509144834405
prefill,math,5,61,49,24,0.0014829461196243204
prefill,math,5,62,44,14,0.0008650519031141869
prefill,math,5,63,3,12,0.0007414730598121602
prefill,math,5,64,2,2,0.00012357884330202668
prefill,math,6,1,61,1455,0.08990360850222442
prefill,math,6,2,57,1115,0.06889520514087988
prefill,math,6,3,18,951,0.05876173999011369
prefill,math,6,4,3,813,0.05023479980227385
prefill,math,6,5,5,707,0.04368512110726644
prefill,math,6,6,26,487,0.0300914483440435
prefill,math,6,7,36,478,0.02953534354918438
prefill,math,6,8,43,401,0.024777558082056353
prefill,math,6,9,20,367,0.0226767177459219
prefill,math,6,10,6,353,0.02181166584280771
prefill,math,6,11,48,347,0.021440929312901633
prefill,math,6,12,62,341,0.021070192782995552
prefill,math,6,13,35,335,0.02069945625308947
prefill,math,6,14,23,334,0.02063766683143846
prefill,math,6,15,2,316,0.019525457241720216
prefill,math,6,16,38,311,0.01921651013346515
prefill,math,6,17,47,309,0.019092931290163123
prefill,math,6,18,12,303,0.018722194760257042
prefill,math,6,19,10,289,0.017857142857142856
prefill,math,6,20,63,286,0.017671774592189816
prefill,math,6,21,17,282,0.017424616905585763
prefill,math,6,22,13,280,0.01730103806228374
prefill,math,6,23,16,279,0.017239248640632723
prefill,math,6,24,0,273,0.016868512110726645
prefill,math,6,25,55,271,0.016744933267424617
prefill,math,6,26,32,245,0.01513840830449827
prefill,math,6,27,4,237,0.014644092931290164
prefill,math,6,28,59,232,0.014335145823035097
prefill,math,6,29,29,230,0.014211566979733069
prefill,math,6,30,56,215,0.013284725654967869
prefill,math,6,31,30,210,0.012975778546712802
prefill,math,6,32,58,199,0.012296094908551656
prefill,math,6,33,1,197,0.01217251606524963
prefill,math,6,34,40,196,0.012110726643598616
prefill,math,6,35,21,189,0.011678200692041523
prefill,math,6,36,24,186,0.011492832427088482
prefill,math,6,37,25,184,0.011369253583786456
prefill,math,6,38,9,155,0.00957736035590707
prefill,math,6,39,53,146,0.009021255561047948
prefill,math,6,40,52,144,0.008897676717745922
prefill,math,6,41,44,139,0.008588729609490855
prefill,math,6,42,49,134,0.008279782501235788
prefill,math,6,43,33,132,0.008156203657933762
prefill,math,6,44,50,127,0.007847256549678695
prefill,math,6,45,8,123,0.007600098863074642
prefill,math,6,46,39,122,0.0075383094414236285
prefill,math,6,47,22,109,0.006735046959960455
prefill,math,6,48,51,100,0.006178942165101334
prefill,math,6,49,34,81,0.005004943153732081
prefill,math,6,50,11,69,0.0042634700939199206
prefill,math,6,51,54,67,0.004139891250617894
prefill,math,6,52,7,59,0.0036455758774097875
prefill,math,6,53,31,56,0.0034602076124567475
prefill,math,6,54,37,49,0.003027681660899654
prefill,math,6,55,46,39,0.0024097874443895204
prefill,math,6,56,27,38,0.0023479980227385073
prefill,math,6,57,19,18,0.0011122095897182402
prefill,math,6,58,42,18,0.0011122095897182402
prefill,math,6,59,28,16,0.0009886307464162135
prefill,math,6,60,14,15,0.0009268413247652002
prefill,math,6,61,41,9,0.0005561047948591201
prefill,math,6,62,45,8,0.0004943153732081067
prefill,math,6,63,15,6,0.0003707365299060801
prefill,math,6,64,60,2,0.00012357884330202668
prefill,math,7,1,4,1052,0.06500247157686605
prefill,math,7,2,25,822,0.05079090459713297
prefill,math,7,3,54,652,0.0402867029164607
prefill,math,7,4,18,568,0.03509639149777558
prefill,math,7,5,38,522,0.03225407810182897
prefill,math,7,6,17,516,0.03188334157192289
prefill,math,7,7,15,514,0.03175976272862086
prefill,math,7,8,29,491,0.030338606030647555
prefill,math,7,9,46,482,0.029782501235788433
prefill,math,7,10,32,455,0.028114186851211073
prefill,math,7,11,61,416,0.02570439940682155
prefill,math,7,12,9,413,0.02551903114186851
prefill,math,7,13,5,394,0.02434503213049926
prefill,math,7,14,37,383,0.02366534849233811
prefill,math,7,15,26,368,0.022738507167572912
prefill,math,7,16,1,355,0.021935244686109738
prefill,math,7,17,20,313,0.019340088976767176
prefill,math,7,18,23,308,0.01903114186851211
prefill,math,7,19,56,301,0.018598615916955018
prefill,math,7,20,13,300,0.018536826495304005
prefill,math,7,21,36,299,0.01847503707365299
prefill,math,7,22,24,296,0.01828966880869995
prefill,math,7,23,63,292,0.018042511122095897
prefill,math,7,24,48,290,0.017918932278793872
prefill,math,7,25,14,271,0.016744933267424617
prefill,math,7,26,16,271,0.016744933267424617
prefill,math,7,27,41,267,0.016497775580820565
prefill,math,7,28,19,264,0.016312407315867524
prefill,math,7,29,62,258,0.015941670785961443
prefill,math,7,30,53,240,0.014829461196243203
prefill,math,7,31,39,238,0.014705882352941176
prefill,math,7,32,55,233,0.01439693524468611
prefill,math,7,33,52,207,0.012790410281759763
prefill,math,7,34,34,201,0.012419673751853683
prefill,math,7,35,3,184,0.011369253583786456
prefill,math,7,36,31,174,0.010751359367276322
prefill,math,7,37,35,173,0.010689569945625308
prefill,math,7,38,44,173,0.010689569945625308
prefill,math,7,39,10,160,0.009886307464162136
prefill,math,7,40,0,151,0.009330202669303015
prefill,math,7,41,58,147,0.009083044982698962
prefill,math,7,42,45,142,0.008774097874443896
prefill,math,7,43,59,138,0.008526940187839841
prefill,math,7,44,11,132,0.008156203657933762
prefill,math,7,45,6,126,0.007785467128027681
prefill,math,7,46,21,125,0.007723677706376668
prefill,math,7,47,57,120,0.007414730598121601
prefill,math,7,48,60,118,0.007291151754819575
prefill,math,7,49,12,100,0.006178942165101334
prefill,math,7,50,42,100,0.006178942165101334
prefill,math,7,51,40,95,0.0058699950568462675
prefill,math,7,52,8,89,0.005499258526940188
prefill,math,7,53,2,82,0.0050667325753830945
prefill,math,7,54,49,82,0.0050667325753830945
prefill,math,7,55,47,81,0.005004943153732081
prefill,math,7,56,22,72,0.004448838358872961
prefill,math,7,57,33,69,0.0042634700939199206
prefill,math,7,58,43,31,0.0019154720711814137
prefill,math,7,59,30,27,0.0016683143845773604
prefill,math,7,60,27,15,0.0009268413247652002
prefill,math,7,61,50,12,0.0007414730598121602
prefill,math,7,62,7,11,0.0006796836381611468
prefill,math,7,63,28,2,0.00012357884330202668
prefill,math,7,64,51,1,6.178942165101334e-05
prefill,math,8,1,11,1474,0.09107760751359367
prefill,math,8,2,54,946,0.058452792881858624
prefill,math,8,3,42,656,0.040533860603064756
prefill,math,8,4,20,518,0.03200692041522491
prefill,math,8,5,17,491,0.030338606030647555
prefill,math,8,6,34,486,0.030029658922392486
prefill,math,8,7,57,466,0.02879387048937222
prefill,math,8,8,37,445,0.02749629263470094
prefill,math,8,9,63,424,0.02619871478002966
prefill,math,8,10,55,416,0.02570439940682155
prefill,math,8,11,12,366,0.022614928324270884
prefill,math,8,12,45,350,0.02162629757785467
prefill,math,8,13,28,346,0.021379139891250617
prefill,math,8,14,10,326,0.02014335145823035
prefill,math,8,15,35,319,0.019710825506673257
prefill,math,8,16,14,319,0.019710825506673257
prefill,math,8,17,53,305,0.01884577360355907
prefill,math,8,18,18,297,0.018351458230350965
prefill,math,8,19,6,296,0.01828966880869995
prefill,math,8,20,56,290,0.017918932278793872
prefill,math,8,21,1,282,0.017424616905585763
prefill,math,8,22,50,279,0.017239248640632723
prefill,math,8,23,51,273,0.016868512110726645
prefill,math,8,24,41,267,0.016497775580820565
prefill,math,8,25,9,256,0.015818091942659415
prefill,math,8,26,30,252,0.015570934256055362
prefill,math,8,27,47,242,0.01495304003954523
prefill,math,8,28,29,230,0.014211566979733069
prefill,math,8,29,21,228,0.014087988136431043
prefill,math,8,30,32,225,0.013902619871478002
prefill,math,8,31,60,225,0.013902619871478002
prefill,math,8,32,13,222,0.013717251606524964
prefill,math,8,33,0,214,0.013222936233316857
prefill,math,8,34,25,213,0.013161146811665842
prefill,math,8,35,52,209,0.01291398912506179
prefill,math,8,36,40,208,0.012852199703410776
prefill,math,8,37,31,203,0.012543252595155709
prefill,math,8,38,23,201,0.012419673751853683
prefill,math,8,39,3,200,0.012357884330202669
prefill,math,8,40,62,193,0.011925358378645575
prefill,math,8,41,15,155,0.00957736035590707
prefill,math,8,42,36,146,0.009021255561047948
prefill,math,8,43,2,140,0.00865051903114187
prefill,math,8,44,24,137,0.008465150766188829
prefill,math,8,45,39,128,0.007909045971329708
prefill,math,8,46,44,126,0.007785467128027681
prefill,math,8,47,38,123,0.007600098863074642
prefill,math,8,48,26,119,0.007352941176470588
prefill,math,8,49,7,110,0.006796836381611468
prefill,math,8,50,61,96,0.005931784478497282
prefill,math,8,51,43,94,0.005808205635195254
prefill,math,8,52,22,90,0.005561047948591201
prefill,math,8,53,49,90,0.005561047948591201
prefill,math,8,54,48,85,0.005252100840336135
prefill,math,8,55,16,75,0.004634206623826001
prefill,math,8,56,33,63,0.0038927335640138406
prefill,math,8,57,27,60,0.0037073652990608007
prefill,math,8,58,59,46,0.002842313395946614
prefill,math,8,59,4,45,0.0027805239742956004
prefill,math,8,60,46,35,0.0021626297577854673
prefill,math,8,61,5,22,0.0013593672763222936
prefill,math,8,62,19,18,0.0011122095897182402
prefill,math,8,63,58,16,0.0009886307464162135
prefill,math,8,64,8,7,0.00043252595155709344
prefill,math,9,1,5,1501,0.09274592189817103
prefill,math,9,2,41,503,0.031080079090459713
prefill,math,9,3,28,499,0.03083292140385566
prefill,math,9,4,37,483,0.029844290657439446
prefill,math,9,5,44,453,0.027990608007909045
prefill,math,9,6,55,449,0.027743450321304992
prefill,math,9,7,58,415,0.02564260998517054
prefill,math,9,8,1,405,0.025024715768660406
prefill,math,9,9,53,371,0.022923875432525952
prefill,math,9,10,13,357,0.022058823529411766
prefill,math,9,11,26,351,0.021688086999505685
prefill,math,9,12,10,350,0.02162629757785467
prefill,math,9,13,38,343,0.021193771626297576
prefill,math,9,14,32,342,0.021131982204646564
prefill,math,9,15,7,338,0.02088482451804251
prefill,math,9,16,0,329,0.02032871972318339
prefill,math,9,17,50,328,0.020266930301532378
prefill,math,9,18,2,319,0.019710825506673257
prefill,math,9,19,21,303,0.018722194760257042
prefill,math,9,20,36,303,0.018722194760257042
prefill,math,9,21,39,296,0.01828966880869995
prefill,math,9,22,16,294,0.018166089965397925
prefill,math,9,23,59,293,0.01810430054374691
prefill,math,9,24,29,287,0.01773356401384083
prefill,math,9,25,43,285,0.017609985170538803
prefill,math,9,26,42,279,0.017239248640632723
prefill,math,9,27,27,274,0.016930301532377658
prefill,math,9,28,48,269,0.01662135442412259
prefill,math,9,29,49,269,0.01662135442412259
prefill,math,9,30,23,257,0.01587988136431043
prefill,math,9,31,47,233,0.01439693524468611
prefill,math,9,32,30,233,0.01439693524468611
prefill,math,9,33,62,230,0.014211566979733069
prefill,math,9,34,33,229,0.014149777558082057
prefill,math,9,35,61,226,0.013964409293129016
prefill,math,9,36,52,218,0.01347009391992091
prefill,math,9,37,17,207,0.012790410281759763
prefill,math,9,38,54,200,0.012357884330202669
prefill,math,9,39,12,196,0.012110726643598616
prefill,math,9,40,8,190,0.011739990113692535
prefill,math,9,41,35,185,0.011431043005437468
prefill,math,9,42,3,184,0.011369253583786456
prefill,math,9,43,45,179,0.01106030647553139
prefill,math,9,44,14,178,0.010998517053880375
prefill,math,9,45,22,160,0.009886307464162136
prefill,math,9,46,9,148,0.009144834404349975
prefill,math,9,47,63,145,0.008959466139396936
prefill,math,9,48,20,117,0.007229362333168562
prefill,math,9,49,34,115,0.0071057834898665346
prefill,math,9,50,40,114,0.007043994068215521
prefill,math,9,51,60,109,0.006735046959960455
prefill,math,9,52,24,108,0.0066732575383094414
prefill,math,9,53,11,105,0.006487889273356401
prefill,math,9,54,6,96,0.005931784478497282
prefill,math,9,55,31,88,0.005437469105289174
prefill,math,9,56,51,87,0.005375679683638161
prefill,math,9,57,56,87,0.005375679683638161
prefill,math,9,58,25,70,0.004325259515570935
prefill,math,9,59,46,55,0.003398418190805734
prefill,math,9,60,18,48,0.002965892239248641
prefill,math,9,61,57,34,0.0021008403361344537
prefill,math,9,62,4,34,0.0021008403361344537
prefill,math,9,63,15,30,0.0018536826495304003
prefill,math,9,64,19,1,6.178942165101334e-05
prefill,math,10,1,16,836,0.05165595650024716
prefill,math,10,2,22,512,0.03163618388531883
prefill,math,10,3,17,496,0.03064755313890262
prefill,math,10,4,37,477,0.029473554127533365
prefill,math,10,5,32,456,0.028175976272862086
prefill,math,10,6,2,452,0.027928818586258033
prefill,math,10,7,45,433,0.026754819574888778
prefill,math,10,8,47,409,0.02527187345526446
prefill,math,10,9,52,400,0.024715768660405337
prefill,math,10,10,36,397,0.0245304003954523
prefill,math,10,11,13,390,0.024097874443895204
prefill,math,10,12,35,389,0.02403608502224419
prefill,math,10,13,1,384,0.023727137913989126
prefill,math,10,14,53,367,0.0226767177459219
prefill,math,10,15,61,349,0.021564508156203657
prefill,math,10,16,39,336,0.020761245674740483
prefill,math,10,17,0,331,0.02045229856648542
prefill,math,10,18,62,329,0.02032871972318339
prefill,math,10,19,23,320,0.019772614928324272
prefill,math,10,20,42,317,0.019587246663371232
prefill,math,10,21,38,301,0.018598615916955018
prefill,math,10,22,14,294,0.018166089965397925
prefill,math,10,23,10,282,0.017424616905585763
prefill,math,10,24,30,281,0.01736282748393475
prefill,math,10,25,5,276,0.017053880375679682
prefill,math,10,26,59,270,0.016683143845773605
prefill,math,10,27,28,270,0.016683143845773605
prefill,math,10,28,31,262,0.016188828472565496
prefill,math,10,29,51,261,0.016127039050914484
prefill,math,10,30,6,247,0.015261987147800296
prefill,math,10,31,15,243,0.015014829461196243
prefill,math,10,32,21,242,0.01495304003954523
prefill,math,10,33,3,238,0.014705882352941176
prefill,math,10,34,24,233,0.01439693524468611
prefill,math,10,35,58,219,0.013531883341571923
prefill,math,10,36,27,218,0.01347009391992091
prefill,math,10,37,7,215,0.013284725654967869
prefill,math,10,38,4,212,0.01309935739001483
prefill,math,10,39,41,205,0.012666831438457735
prefill,math,10,40,33,202,0.012481463173504697
prefill,math,10,41,20,201,0.012419673751853683
prefill,math,10,42,56,199,0.012296094908551656
prefill,math,10,43,60,194,0.01198714780029659
prefill,math,10,44,12,182,0.01124567474048443
prefill,math,10,45,43,180,0.011122095897182402
prefill,math,10,46,44,178,0.010998517053880375
prefill,math,10,47,26,173,0.010689569945625308
prefill,math,10,48,9,168,0.010380622837370242
prefill,math,10,49,8,163,0.010071675729115175
prefill,math,10,50,29,154,0.009515570934256055
prefill,math,10,51,49,136,0.008403361344537815
prefill,math,10,52,34,126,0.007785467128027681
prefill,math,10,53,46,97,0.005993573900148295
prefill,math,10,54,18,86,0.005313890261987148
prefill,math,10,55,54,85,0.005252100840336135
prefill,math,10,56,40,81,0.005004943153732081
prefill,math,10,57,63,77,0.004757785467128028
prefill,math,10,58,48,74,0.004572417202174987
prefill,math,10,59,11,70,0.004325259515570935
prefill,math,10,60,55,70,0.004325259515570935
prefill,math,10,61,50,66,0.004078101828966881
prefill,math,10,62,57,31,0.0019154720711814137
prefill,math,10,63,25,27,0.0016683143845773604
prefill,math,10,64,19,15,0.0009268413247652002
prefill,math,11,1,57,1244,0.0768660405338606
prefill,math,11,2,1,1066,0.06586752347998023
prefill,math,11,3,47,744,0.04597132970835393
prefill,math,11,4,15,514,0.03175976272862086
prefill,math,11,5,58,467,0.02885565991102323
prefill,math,11,6,34,463,0.02860850222441918
prefill,math,11,7,43,455,0.028114186851211073
prefill,math,11,8,61,402,0.024839347503707365
prefill,math,11,9,18,397,0.0245304003954523
prefill,math,11,10,11,378,0.023356401384083045
prefill,math,11,11,53,378,0.023356401384083045
prefill,math,11,12,8,376,0.023232822540781017
prefill,math,11,13,31,372,0.022985664854176965
prefill,math,11,14,0,342,0.021131982204646564
prefill,math,11,15,54,338,0.02088482451804251
prefill,math,11,16,22,308,0.01903114186851211
prefill,math,11,17,20,296,0.01828966880869995
prefill,math,11,18,30,295,0.018227879387048937
prefill,math,11,19,4,293,0.01810430054374691
prefill,math,11,20,52,289,0.017857142857142856
prefill,math,11,21,44,277,0.017115669797330698
prefill,math,11,22,36,274,0.016930301532377658
prefill,math,11,23,42,269,0.01662135442412259
prefill,math,11,24,56,262,0.016188828472565496
prefill,math,11,25,7,259,0.016003460207612456
prefill,math,11,26,45,252,0.015570934256055362
prefill,math,11,27,33,245,0.01513840830449827
prefill,math,11,28,21,230,0.014211566979733069
prefill,math,11,29,60,222,0.013717251606524964
prefill,math,11,30,24,218,0.01347009391992091
prefill,math,11,31,49,214,0.013222936233316857
prefill,math,11,32,17,214,0.013222936233316857
prefill,math,11,33,14,207,0.012790410281759763
prefill,math,11,34,51,199,0.012296094908551656
prefill,math,11,35,63,195,0.012048937221947602
prefill,math,11,36,27,195,0.012048937221947602
prefill,math,11,37,26,194,0.01198714780029659
prefill,math,11,38,46,178,0.010998517053880375
prefill,math,11,39,37,171,0.010565991102323282
prefill,math,11,40,35,167,0.01031883341571923
prefill,math,11,41,16,166,0.010257043994068215
prefill,math,11,42,3,156,0.009639149777558082
prefill,math,11,43,19,143,0.008835887296094908
prefill,math,11,44,2,141,0.008712308452792882
prefill,math,11,45,32,138,0.008526940187839841
prefill,math,11,46,41,132,0.008156203657933762
prefill,math,11,47,55,131,0.008094414236282748
prefill,math,11,48,50,131,0.008094414236282748
prefill,math,11,49,39,130,0.008032624814631736
prefill,math,11,50,10,128,0.007909045971329708
prefill,math,11,51,28,115,0.0071057834898665346
prefill,math,11,52,9,113,0.006982204646564508
prefill,math,11,53,12,98,0.006055363321799308
prefill,math,11,54,25,90,0.005561047948591201
prefill,math,11,55,40,87,0.005375679683638161
prefill,math,11,56,48,81,0.005004943153732081
prefill,math,11,57,29,69,0.0042634700939199206
prefill,math,11,58,5,53,0.0032748393475037075
prefill,math,11,59,13,46,0.002842313395946614
prefill,math,11,60,38,43,0.002656945130993574
prefill,math,11,61,23,42,0.0025951557093425604
prefill,math,11,62,59,40,0.002471576866040534
prefill,math,11,63,6,37,0.0022862086010874937
prefill,math,11,64,62,15,0.0009268413247652002
prefill,math,12,1,2,1274,0.078719723183391
prefill,math,12,2,63,970,0.05993573900148295
prefill,math,12,3,43,643,0.03973059812160158
prefill,math,12,4,25,586,0.03620860108749382
prefill,math,12,5,46,529,0.03268660405338606
prefill,math,12,6,14,522,0.03225407810182897
prefill,math,12,7,11,514,0.03175976272862086
prefill,math,12,8,52,475,0.02934997528423134
prefill,math,12,9,50,454,0.02805239742956006
prefill,math,12,10,32,437,0.02700197726149283
prefill,math,12,11,22,393,0.024283242708848244
prefill,math,12,12,48,369,0.022800296589223924
prefill,math,12,13,9,313,0.019340088976767176
prefill,math,12,14,7,312,0.019278299555116164
prefill,math,12,15,21,296,0.01828966880869995
prefill,math,12,16,41,295,0.018227879387048937
prefill,math,12,17,49,295,0.018227879387048937
prefill,math,12,18,15,281,0.01736282748393475
prefill,math,12,19,33,280,0.01730103806228374
prefill,math,12,20,34,275,0.01699209095402867
prefill,math,12,21,4,274,0.016930301532377658
prefill,math,12,22,55,273,0.016868512110726645
prefill,math,12,23,23,257,0.01587988136431043
prefill,math,12,24,16,254,0.01569451309935739
prefill,math,12,25,6,250,0.015447355412753336
prefill,math,12,26,5,248,0.01532377656945131
prefill,math,12,27,30,247,0.015261987147800296
prefill,math,12,28,42,245,0.01513840830449827
prefill,math,12,29,0,227,0.01402619871478003
prefill,math,12,30,45,227,0.01402619871478003
prefill,math,12,31,54,225,0.013902619871478002
prefill,math,12,32,28,203,0.012543252595155709
prefill,math,12,33,29,202,0.012481463173504697
prefill,math,12,34,53,200,0.012357884330202669
prefill,math,12,35,13,196,0.012110726643598616
prefill,math,12,36,58,193,0.011925358378645575
prefill,math,12,37,44,183,0.011307464162135442
prefill,math,12,38,61,180,0.011122095897182402
prefill,math,12,39,47,178,0.010998517053880375
prefill,math,12,40,27,174,0.010751359367276322
prefill,math,12,41,26,161,0.009948096885813149
prefill,math,12,42,59,160,0.009886307464162136
prefill,math,12,43,38,158,0.009762728620860108
prefill,math,12,44,39,153,0.009453781512605041
prefill,math,12,45,1,153,0.009453781512605041
prefill,math,12,46,51,151,0.009330202669303015
prefill,math,12,47,19,120,0.007414730598121601
prefill,math,12,48,62,118,0.007291151754819575
prefill,math,12,49,60,106,0.006549678695007415
prefill,math,12,50,35,106,0.006549678695007415
prefill,math,12,51,36,97,0.005993573900148295
prefill,math,12,52,17,96,0.005931784478497282
prefill,math,12,53,56,92,0.005684626791893228
prefill,math,12,54,3,87,0.005375679683638161
prefill,math,12,55,24,86,0.005313890261987148
prefill,math,12,56,10,81,0.005004943153732081
prefill,math,12,57,57,76,0.0046959960454770145
prefill,math,12,58,12,51,0.0031512605042016808
prefill,math,12,59,40,48,0.002965892239248641
prefill,math,12,60,18,45,0.0027805239742956004
prefill,math,12,61,8,36,0.0022244191794364805
prefill,math,12,62,20,31,0.0019154720711814137
prefill,math,12,63,31,22,0.0013593672763222936
prefill,math,12,64,37,1,6.178942165101334e-05
prefill,math,13,1,27,1134,0.07006920415224914
prefill,math,13,2,53,961,0.05937963420662382
prefill,math,13,3,32,550,0.03398418190805734
prefill,math,13,4,41,544,0.03361344537815126
prefill,math,13,5,63,533,0.03293376173999012
prefill,math,13,6,8,480,0.029658922392486405
prefill,math,13,7,55,452,0.027928818586258033
prefill,math,13,8,19,423,0.026136925358378645
prefill,math,13,9,46,419,0.025889767671774592
prefill,math,13,10,36,417,0.025766188828472567
prefill,math,13,11,22,400,0.024715768660405337
prefill,math,13,12,34,374,0.023109243697478993
prefill,math,13,13,5,366,0.022614928324270884
prefill,math,13,14,1,363,0.022429560059317843
prefill,math,13,15,13,358,0.02212061295106278
prefill,math,13,16,35,348,0.021502718734552645
prefill,math,13,17,47,340,0.02100840336134454
prefill,math,13,18,12,324,0.020019772614928325
prefill,math,13,19,33,318,0.019649036085022244
prefill,math,13,20,37,307,0.0189693524468611
prefill,math,13,21,51,302,0.01866040533860603
prefill,math,13,22,30,293,0.01810430054374691
prefill,math,13,23,0,284,0.01754819574888779
prefill,math,13,24,24,273,0.016868512110726645
prefill,math,13,25,3,272,0.01680672268907563
prefill,math,13,26,54,268,0.016559565002471577
prefill,math,13,27,57,266,0.01643598615916955
prefill,math,13,28,11,258,0.015941670785961443
prefill,math,13,29,44,257,0.01587988136431043
prefill,math,13,30,58,256,0.015818091942659415
prefill,math,13,31,31,231,0.014273356401384083
prefill,math,13,32,59,226,0.013964409293129016
prefill,math,13,33,45,214,0.013222936233316857
prefill,math,13,34,2,210,0.012975778546712802
prefill,math,13,35,61,207,0.012790410281759763
prefill,math,13,36,38,198,0.012234305486900642
prefill,math,13,37,6,194,0.01198714780029659
prefill,math,13,38,43,191,0.011801779535343549
prefill,math,13,39,42,180,0.011122095897182402
prefill,math,13,40,15,174,0.010751359367276322
prefill,math,13,41,48,162,0.010009886307464163
prefill,math,13,42,20,143,0.008835887296094908
prefill,math,13,43,50,134,0.008279782501235788
prefill,math,13,44,26,129,0.007970835392980722
prefill,math,13,45,10,120,0.007414730598121601
prefill,math,13,46,9,116,0.007167572911517549
prefill,math,13,47,40,113,0.006982204646564508
prefill,math,13,48,49,103,0.006364310430054375
prefill,math,13,49,39,101,0.006240731586752348
prefill,math,13,50,18,88,0.005437469105289174
prefill,math,13,51,28,87,0.005375679683638161
prefill,math,13,52,23,83,0.005128521997034108
prefill,math,13,53,17,82,0.0050667325753830945
prefill,math,13,54,4,80,0.004943153732081068
prefill,math,13,55,29,76,0.0046959960454770145
prefill,math,13,56,60,74,0.004572417202174987
prefill,math,13,57,56,60,0.0037073652990608007
prefill,math,13,58,21,59,0.0036455758774097875
prefill,math,13,59,7,56,0.0034602076124567475
prefill,math,13,60,52,44,0.002718734552644587
prefill,math,13,61,16,38,0.0023479980227385073
prefill,math,13,62,14,33,0.0020390509144834405
prefill,math,13,63,62,22,0.0013593672763222936
prefill,math,13,64,25,16,0.0009886307464162135
prefill,math,14,1,8,815,0.05035837864557588
prefill,math,14,2,62,628,0.03880375679683638
prefill,math,14,3,21,506,0.03126544735541276
prefill,math,14,4,25,480,0.029658922392486405
prefill,math,14,5,52,479,0.029597132970835393
prefill,math,14,6,44,453,0.027990608007909045
prefill,math,14,7,63,449,0.027743450321304992
prefill,math,14,8,43,447,0.027619871478002964
prefill,math,14,9,16,439,0.02712555610479486
prefill,math,14,10,34,427,0.026384083044982697
prefill,math,14,11,15,383,0.02366534849233811
prefill,math,14,12,20,378,0.023356401384083045
prefill,math,14,13,49,378,0.023356401384083045
prefill,math,14,14,57,367,0.0226767177459219
prefill,math,14,15,59,351,0.021688086999505685
prefill,math,14,16,53,350,0.02162629757785467
prefill,math,14,17,1,326,0.02014335145823035
prefill,math,14,18,31,325,0.020081562036579337
prefill,math,14,19,45,319,0.019710825506673257
prefill,math,14,20,37,318,0.019649036085022244
prefill,math,14,21,18,302,0.01866040533860603
prefill,math,14,22,38,301,0.018598615916955018
prefill,math,14,23,23,287,0.01773356401384083
prefill,math,14,24,0,286,0.017671774592189816
prefill,math,14,25,60,275,0.01699209095402867
prefill,math,14,26,10,269,0.01662135442412259
prefill,math,14,27,3,267,0.016497775580820565
prefill,math,14,28,11,265,0.016374196737518536
prefill,math,14,29,42,265,0.016374196737518536
prefill,math,14,30,29,256,0.015818091942659415
prefill,math,14,31,50,252,0.015570934256055362
prefill,math,14,32,9,240,0.014829461196243203
prefill,math,14,33,6,226,0.013964409293129016
prefill,math,14,34,22,222,0.013717251606524964
prefill,math,14,35,35,221,0.01365546218487395
prefill,math,14,36,12,218,0.01347009391992091
prefill,math,14,37,17,217,0.013408304498269897
prefill,math,14,38,13,210,0.012975778546712802
prefill,math,14,39,5,201,0.012419673751853683
prefill,math,14,40,48,195,0.012048937221947602
prefill,math,14,41,54,193,0.011925358378645575
prefill,math,14,42,51,185,0.011431043005437468
prefill,math,14,43,2,183,0.011307464162135442
prefill,math,14,44,58,167,0.01031883341571923
prefill,math,14,45,7,167,0.01031883341571923
prefill,math,14,46,46,165,0.010195254572417203
prefill,math,14,47,4,152,0.009391992090954029
prefill,math,14,48,28,149,0.009206623826000989
prefill,math,14,49,39,140,0.00865051903114187
prefill,math,14,50,40,119,0.007352941176470588
prefill,math,14,51,24,112,0.006920415224913495
prefill,math,14,52,56,109,0.006735046959960455
prefill,math,14,53,36,106,0.006549678695007415
prefill,math,14,54,30,95,0.0058699950568462675
prefill,math,14,55,27,84,0.005190311418685121
prefill,math,14,56,19,81,0.005004943153732081
prefill,math,14,57,47,79,0.004881364310430054
prefill,math,14,58,41,77,0.004757785467128028
prefill,math,14,59,61,50,0.003089471082550667
prefill,math,14,60,26,49,0.003027681660899654
prefill,math,14,61,14,47,0.002904102817597627
prefill,math,14,62,32,41,0.0025333662876915472
prefill,math,14,63,33,34,0.0021008403361344537
prefill,math,14,64,55,7,0.00043252595155709344
prefill,math,15,1,48,839,0.051841324765200196
prefill,math,15,2,39,769,0.047516065249629265
prefill,math,15,3,51,513,0.03169797330696985
prefill,math,15,4,3,511,0.03157439446366782
prefill,math,15,5,22,508,0.03138902619871478
prefill,math,15,6,17,490,0.03027681660899654
prefill,math,15,7,27,463,0.02860850222441918
prefill,math,15,8,2,462,0.028546712802768166
prefill,math,15,9,24,405,0.025024715768660406
prefill,math,15,10,45,405,0.025024715768660406
prefill,math,15,11,23,401,0.024777558082056353
prefill,math,15,12,59,377,0.023294611962432033
prefill,math,15,13,38,339,0.020946613939693524
prefill,math,15,14,20,334,0.02063766683143846
prefill,math,15,15,55,332,0.02051408798813643
prefill,math,15,16,44,326,0.02014335145823035
prefill,math,15,17,12,322,0.019896193771626297
prefill,math,15,18,46,315,0.019463667820069204
prefill,math,15,19,10,313,0.019340088976767176
prefill,math,15,20,56,304,0.018783984181908058
prefill,math,15,21,47,301,0.018598615916955018
prefill,math,15,22,54,298,0.018413247652001977
prefill,math,15,23,34,290,0.017918932278793872
prefill,math,15,24,13,285,0.017609985170538803
prefill,math,15,25,5,278,0.01717745921898171
prefill,math,15,26,63,257,0.01587988136431043
prefill,math,15,27,4,243,0.015014829461196243
prefill,math,15,28,8,239,0.01476767177459219
prefill,math,15,29,53,237,0.014644092931290164
prefill,math,15,30,60,232,0.014335145823035097
prefill,math,15,31,9,219,0.013531883341571923
prefill,math,15,32,16,218,0.01347009391992091
prefill,math,15,33,58,217,0.013408304498269897
prefill,math,15,34,37,217,0.013408304498269897
prefill,math,15,35,26,211,0.013037567968363816
prefill,math,15,36,28,211,0.013037567968363816
prefill,math,15,37,61,205,0.012666831438457735
prefill,math,15,38,52,204,0.012605042016806723
prefill,math,15,39,30,203,0.012543252595155709
prefill,math,15,40,21,203,0.012543252595155709
prefill,math,15,41,50,184,0.011369253583786456
prefill,math,15,42,40,175,0.010813148788927335
prefill,math,15,43,41,167,0.01031883341571923
prefill,math,15,44,11,166,0.010257043994068215
prefill,math,15,45,62,166,0.010257043994068215
prefill,math,15,46,14,157,0.009700939199209096
prefill,math,15,47,1,144,0.008897676717745922
prefill,math,15,48,29,143,0.008835887296094908
prefill,math,15,49,18,139,0.008588729609490855
prefill,math,15,50,15,137,0.008465150766188829
prefill,math,15,51,31,131,0.008094414236282748
prefill,math,15,52,0,116,0.007167572911517549
prefill,math,15,53,19,105,0.006487889273356401
prefill,math,15,54,36,102,0.0063025210084033615
prefill,math,15,55,57,98,0.006055363321799308
prefill,math,15,56,43,97,0.005993573900148295
prefill,math,15,57,35,77,0.004757785467128028
prefill,math,15,58,42,67,0.004139891250617894
prefill,math,15,59,32,64,0.003954522985664854
prefill,math,15,60,49,60,0.0037073652990608007
prefill,math,15,61,6,57,0.0035219970341077607
prefill,math,15,62,33,50,0.003089471082550667
prefill,math,15,63,25,47,0.002904102817597627
prefill,math,15,64,7,39,0.0024097874443895204
