phase,domain,source_layer,target_layer,delta,capacity,baseline,n_tokens,routing_top_k,selection_coverage,complete_token_coverage,candidate_amplification,useful_amplification,mean_candidate_replacement_fraction,mean_candidate_jaccard
decode,code,0,1,1,8,domain_oracle,504,8,0.3712797619047619,0.0,1.0,2.693386773547094,0.0,1.0
decode,code,0,1,1,8,previous_window,504,8,0.3685515873015873,0.0,1.0,2.7133243606998656,0.001242544731610338,0.9981203686969095
decode,code,0,1,1,8,static,504,8,0.35267857142857145,0.0,1.0,2.8354430379746836,0.0,1.0
decode,code,0,1,1,8,transition,504,8,0.4851190476190476,0.0,1.0,2.061349693251534,0.3836978131212724,0.46305049048587876
decode,code,0,1,1,16,domain_oracle,504,8,0.519593253968254,0.015873015873015872,2.0,3.849164677804296,0.0,1.0
decode,code,0,1,1,16,previous_window,504,8,0.5074404761904762,0.00992063492063492,2.0,3.941348973607038,0.0009940357852882703,0.9984095427435389
decode,code,0,1,1,16,static,504,8,0.45014880952380953,0.0,2.0,4.44297520661157,0.0,1.0
decode,code,0,1,1,16,transition,504,8,0.6488095238095238,0.06349206349206349,2.0,3.0825688073394497,0.4258200795228628,0.4162528081955076
decode,code,0,1,1,32,domain_oracle,504,8,0.7189980158730159,0.09722222222222222,4.0,5.563297688858227,0.0,1.0
decode,code,0,1,1,32,previous_window,504,8,0.7251984126984127,0.10714285714285714,4.0,5.515731874145007,0.0006833996023856859,0.9988348712843848
decode,code,0,1,1,32,static,504,8,0.6428571428571429,0.025793650793650792,4.0,6.222222222222222,0.0,1.0
decode,code,0,1,1,32,transition,504,8,0.8000992063492064,0.23214285714285715,4.0,4.999380037197768,0.2911903578528827,0.5578669653360465
decode,code,0,2,2,8,domain_oracle,504,8,0.40947420634920634,0.0,1.0,2.4421562689279224,0.0,1.0
decode,code,0,2,2,8,previous_window,504,8,0.4020337301587302,0.0,1.0,2.487353485502776,0.0007455268389662028,0.9987629776894191
decode,code,0,2,2,8,static,504,8,0.37028769841269843,0.0,1.0,2.7006028131279303,0.0,1.0
decode,code,0,2,2,8,transition,504,8,0.4888392857142857,0.005952380952380952,1.0,2.045662100456621,0.3717693836978131,0.48487509839398535
decode,code,0,2,2,16,domain_oracle,504,8,0.5622519841269841,0.001984126984126984,2.0,3.557123952359947,0.0,1.0
decode,code,0,2,2,16,previous_window,504,8,0.5548115079365079,0.001984126984126984,2.0,3.6048278945015646,0.0011182902584493041,0.9982580706238758
decode,code,0,2,2,16,static,504,8,0.5181051587301587,0.0,2.0,3.8602202010531355,0.0,1.0
decode,code,0,2,2,16,transition,504,8,0.6440972222222222,0.04563492063492063,2.0,3.105121293800539,0.33548707753479123,0.514403536910423
decode,code,0,2,2,32,domain_oracle,504,8,0.7914186507936508,0.15873015873015872,4.0,5.05421497963021,0.0,1.0
decode,code,0,2,2,32,previous_window,504,8,0.7770337301587301,0.1626984126984127,4.0,5.147781678902011,0.0008076540755467197,0.9986674547310731
decode,code,0,2,2,32,static,504,8,0.7140376984126984,0.0496031746031746,4.0,5.6019451198332755,0.0,1.0
decode,code,0,2,2,32,transition,504,8,0.8149801587301587,0.2123015873015873,4.0,4.908094948265369,0.22403081510934394,0.6419661909382397
decode,code,0,3,3,8,domain_oracle,504,8,0.4149305555555556,0.0,1.0,2.410041841004184,0.0,1.0
decode,code,0,3,3,8,previous_window,504,8,0.41121031746031744,0.0,1.0,2.4318455971049455,0.00024850894632206757,0.9995582063176497
decode,code,0,3,3,8,static,504,8,0.3732638888888889,0.0,1.0,2.6790697674418604,0.0,1.0
decode,code,0,3,3,8,transition,504,8,0.4801587301587302,0.0,1.0,2.0826446280991737,0.34443339960238567,0.512147847734329
decode,code,0,3,3,16,domain_oracle,504,8,0.5756448412698413,0.005952380952380952,2.0,3.4743644980611803,0.0,1.0
decode,code,0,3,3,16,previous_window,504,8,0.5724206349206349,0.007936507936507936,2.0,3.4939341421143846,0.0007455268389662028,0.9988194084790973
decode,code,0,3,3,16,static,504,8,0.5334821428571429,0.001984126984126984,2.0,3.7489539748953975,0.0,1.0
decode,code,0,3,3,16,transition,504,8,0.6498015873015873,0.04365079365079365,2.0,3.0778625954198473,0.2668986083499006,0.5912117739259382
decode,code,0,3,3,32,domain_oracle,504,8,0.8236607142857143,0.1884920634920635,4.0,4.856368563685637,0.0,1.0
decode,code,0,3,3,32,previous_window,504,8,0.8167162698412699,0.19246031746031747,4.0,4.897661706650471,0.0005591451292246521,0.9990208896769533
decode,code,0,3,3,32,static,504,8,0.7529761904761905,0.10912698412698413,4.0,5.312252964426878,0.0,1.0
decode,code,0,3,3,32,transition,504,8,0.8474702380952381,0.31547619047619047,4.0,4.719929762949956,0.1683026838966203,0.7186151996769905
decode,code,1,2,1,8,domain_oracle,504,8,0.40947420634920634,0.0,1.0,2.4421562689279224,0.0,1.0
decode,code,1,2,1,8,previous_window,504,8,0.4020337301587302,0.0,1.0,2.487353485502776,0.0007455268389662028,0.9987629776894191
decode,code,1,2,1,8,static,504,8,0.37028769841269843,0.0,1.0,2.7006028131279303,0.0,1.0
decode,code,1,2,1,8,transition,504,8,0.5119047619047619,0.00992063492063492,1.0,1.9534883720930232,0.3682902584493042,0.48787417574693914
decode,code,1,2,1,16,domain_oracle,504,8,0.5622519841269841,0.001984126984126984,2.0,3.557123952359947,0.0,1.0
decode,code,1,2,1,16,previous_window,504,8,0.5548115079365079,0.001984126984126984,2.0,3.6048278945015646,0.0011182902584493041,0.9982580706238758
decode,code,1,2,1,16,static,504,8,0.5181051587301587,0.0,2.0,3.8602202010531355,0.0,1.0
decode,code,1,2,1,16,transition,504,8,0.6817956349206349,0.05952380952380952,2.0,2.933430338304838,0.31759443339960236,0.5365126532012943
decode,code,1,2,1,32,domain_oracle,504,8,0.7914186507936508,0.15873015873015872,4.0,5.05421497963021,0.0,1.0
decode,code,1,2,1,32,previous_window,504,8,0.7770337301587301,0.1626984126984127,4.0,5.147781678902011,0.0008076540755467197,0.9986674547310731
decode,code,1,2,1,32,static,504,8,0.7140376984126984,0.0496031746031746,4.0,5.6019451198332755,0.0,1.0
decode,code,1,2,1,32,transition,504,8,0.8459821428571429,0.2916666666666667,4.0,4.728232189973615,0.22440357852882703,0.640251486898662
decode,code,1,3,2,8,domain_oracle,504,8,0.4149305555555556,0.0,1.0,2.410041841004184,0.0,1.0
decode,code,1,3,2,8,previous_window,504,8,0.41121031746031744,0.0,1.0,2.4318455971049455,0.00024850894632206757,0.9995582063176497
decode,code,1,3,2,8,static,504,8,0.3732638888888889,0.0,1.0,2.6790697674418604,0.0,1.0
decode,code,1,3,2,8,transition,504,8,0.4930555555555556,0.0,1.0,2.028169014084507,0.32032803180914515,0.544213418567295
decode,code,1,3,2,16,domain_oracle,504,8,0.5756448412698413,0.005952380952380952,2.0,3.4743644980611803,0.0,1.0
decode,code,1,3,2,16,previous_window,504,8,0.5724206349206349,0.007936507936507936,2.0,3.4939341421143846,0.0007455268389662028,0.9988194084790973
decode,code,1,3,2,16,static,504,8,0.5334821428571429,0.001984126984126984,2.0,3.7489539748953975,0.0,1.0
decode,code,1,3,2,16,transition,504,8,0.6755952380952381,0.08134920634920635,2.0,2.960352422907489,0.25124254473161034,0.6118641793058216
decode,code,1,3,2,32,domain_oracle,504,8,0.8236607142857143,0.1884920634920635,4.0,4.856368563685637,0.0,1.0
decode,code,1,3,2,32,previous_window,504,8,0.8167162698412699,0.19246031746031747,4.0,4.897661706650471,0.0005591451292246521,0.9990208896769533
decode,code,1,3,2,32,static,504,8,0.7529761904761905,0.10912698412698413,4.0,5.312252964426878,0.0,1.0
decode,code,1,3,2,32,transition,504,8,0.871031746031746,0.39285714285714285,4.0,4.592255125284738,0.16743290258449303,0.7193444789527673
decode,code,1,4,3,8,domain_oracle,504,8,0.5319940476190477,0.005952380952380952,1.0,1.8797202797202797,0.0,1.0
decode,code,1,4,3,8,previous_window,504,8,0.5319940476190477,0.005952380952380952,1.0,1.8797202797202797,0.0,1.0
decode,code,1,4,3,8,static,504,8,0.4871031746031746,0.0,1.0,2.0529531568228108,0.0,1.0
decode,code,1,4,3,8,transition,504,8,0.5999503968253969,0.005952380952380952,1.0,1.6668044646548161,0.2616799204771372,0.6058965553995368
decode,code,1,4,3,16,domain_oracle,504,8,0.6974206349206349,0.08134920634920635,2.0,2.867709815078236,0.0,1.0
decode,code,1,4,3,16,previous_window,504,8,0.6922123015873016,0.07142857142857142,2.0,2.889286993908993,0.000621272365805169,0.9989303942427307
decode,code,1,4,3,16,static,504,8,0.6830357142857143,0.06547619047619048,2.0,2.9281045751633985,0.0,1.0
decode,code,1,4,3,16,transition,504,8,0.7906746031746031,0.15079365079365079,2.0,2.5294855708908406,0.22179423459244532,0.6505803459622955
decode,code,1,4,3,32,domain_oracle,504,8,0.8794642857142857,0.3531746031746032,4.0,4.548223350253807,0.0,1.0
decode,code,1,4,3,32,previous_window,504,8,0.8673115079365079,0.3412698412698413,4.0,4.611953102659422,0.000621272365805169,0.9989455210131154
decode,code,1,4,3,32,static,504,8,0.8189484126984127,0.2003968253968254,4.0,4.884312537855845,0.0,1.0
decode,code,1,4,3,32,transition,504,8,0.9151785714285714,0.5,4.0,4.3707317073170735,0.18371023856858848,0.6961220777368068
decode,code,2,3,1,8,domain_oracle,504,8,0.4149305555555556,0.0,1.0,2.410041841004184,0.0,1.0
decode,code,2,3,1,8,previous_window,504,8,0.41121031746031744,0.0,1.0,2.4318455971049455,0.00024850894632206757,0.9995582063176497
decode,code,2,3,1,8,static,504,8,0.3732638888888889,0.0,1.0,2.6790697674418604,0.0,1.0
decode,code,2,3,1,8,transition,504,8,0.5560515873015873,0.003968253968253968,1.0,1.7983942908117752,0.3976143141153082,0.45912307264195906
decode,code,2,3,1,16,domain_oracle,504,8,0.5756448412698413,0.005952380952380952,2.0,3.4743644980611803,0.0,1.0
decode,code,2,3,1,16,previous_window,504,8,0.5724206349206349,0.007936507936507936,2.0,3.4939341421143846,0.0007455268389662028,0.9988194084790973
decode,code,2,3,1,16,static,504,8,0.5334821428571429,0.001984126984126984,2.0,3.7489539748953975,0.0,1.0
decode,code,2,3,1,16,transition,504,8,0.7502480158730159,0.12103174603174603,2.0,2.665785123966942,0.29945328031809143,0.5630494080276514
decode,code,2,3,1,32,domain_oracle,504,8,0.8236607142857143,0.1884920634920635,4.0,4.856368563685637,0.0,1.0
decode,code,2,3,1,32,previous_window,504,8,0.8167162698412699,0.19246031746031747,4.0,4.897661706650471,0.0005591451292246521,0.9990208896769533
decode,code,2,3,1,32,static,504,8,0.7529761904761905,0.10912698412698413,4.0,5.312252964426878,0.0,1.0
decode,code,2,3,1,32,transition,504,8,0.9094742063492064,0.5099206349206349,4.0,4.3981456231251705,0.20247266401590458,0.6736754430615456
decode,code,2,4,2,8,domain_oracle,504,8,0.5319940476190477,0.005952380952380952,1.0,1.8797202797202797,0.0,1.0
decode,code,2,4,2,8,previous_window,504,8,0.5319940476190477,0.005952380952380952,1.0,1.8797202797202797,0.0,1.0
decode,code,2,4,2,8,static,504,8,0.4871031746031746,0.0,1.0,2.0529531568228108,0.0,1.0
decode,code,2,4,2,8,transition,504,8,0.6443452380952381,0.013888888888888888,1.0,1.5519630484988454,0.316351888667992,0.5438628082763266
decode,code,2,4,2,16,domain_oracle,504,8,0.6974206349206349,0.08134920634920635,2.0,2.867709815078236,0.0,1.0
decode,code,2,4,2,16,previous_window,504,8,0.6922123015873016,0.07142857142857142,2.0,2.889286993908993,0.000621272365805169,0.9989303942427307
decode,code,2,4,2,16,static,504,8,0.6830357142857143,0.06547619047619048,2.0,2.9281045751633985,0.0,1.0
decode,code,2,4,2,16,transition,504,8,0.8276289682539683,0.19642857142857142,2.0,2.416541804015583,0.2701292246520875,0.5976766863569005
decode,code,2,4,2,32,domain_oracle,504,8,0.8794642857142857,0.3531746031746032,4.0,4.548223350253807,0.0,1.0
decode,code,2,4,2,32,previous_window,504,8,0.8673115079365079,0.3412698412698413,4.0,4.611953102659422,0.000621272365805169,0.9989455210131154
decode,code,2,4,2,32,static,504,8,0.8189484126984127,0.2003968253968254,4.0,4.884312537855845,0.0,1.0
decode,code,2,4,2,32,transition,504,8,0.9362599206349206,0.5992063492063492,4.0,4.272317880794702,0.21887425447316103,0.6512369114786678
decode,code,2,5,3,8,domain_oracle,504,8,0.5515873015873016,0.0,1.0,1.8129496402877698,0.0,1.0
decode,code,2,5,3,8,previous_window,504,8,0.5515873015873016,0.0,1.0,1.8129496402877698,0.0,1.0
decode,code,2,5,3,8,static,504,8,0.5094246031746031,0.0,1.0,1.9629990262901655,0.0,1.0
decode,code,2,5,3,8,transition,504,8,0.6619543650793651,0.00992063492063492,1.0,1.5106781566129637,0.3210735586481113,0.5448017412232117
decode,code,2,5,3,16,domain_oracle,504,8,0.7286706349206349,0.10317460317460317,2.0,2.7447243022464263,0.0,1.0
decode,code,2,5,3,16,previous_window,504,8,0.7204861111111112,0.09523809523809523,2.0,2.7759036144578313,0.00024850894632206757,0.9995582063176497
decode,code,2,5,3,16,static,504,8,0.6676587301587301,0.041666666666666664,2.0,2.9955423476968797,0.0,1.0
decode,code,2,5,3,16,transition,504,8,0.8459821428571429,0.29563492063492064,2.0,2.3641160949868074,0.26043737574552683,0.6148309953682941
decode,code,2,5,3,32,domain_oracle,504,8,0.9151785714285714,0.5654761904761905,4.0,4.3707317073170735,0.0,1.0
decode,code,2,5,3,32,previous_window,504,8,0.9010416666666666,0.5099206349206349,4.0,4.4393063583815024,0.0003106361829025845,0.9994626833593037
decode,code,2,5,3,32,static,504,8,0.8725198412698413,0.37896825396825395,4.0,4.584422967595224,0.0,1.0
decode,code,2,5,3,32,transition,504,8,0.9389880952380952,0.6329365079365079,4.0,4.259904912836767,0.18992296222664015,0.6892105230004093
decode,code,3,4,1,8,domain_oracle,504,8,0.5319940476190477,0.005952380952380952,1.0,1.8797202797202797,0.0,1.0
decode,code,3,4,1,8,previous_window,504,8,0.5319940476190477,0.005952380952380952,1.0,1.8797202797202797,0.0,1.0
decode,code,3,4,1,8,static,504,8,0.4871031746031746,0.0,1.0,2.0529531568228108,0.0,1.0
decode,code,3,4,1,8,transition,504,8,0.6607142857142857,0.021825396825396824,1.0,1.5135135135135136,0.36307157057654077,0.5017688298006382
decode,code,3,4,1,16,domain_oracle,504,8,0.6974206349206349,0.08134920634920635,2.0,2.867709815078236,0.0,1.0
decode,code,3,4,1,16,previous_window,504,8,0.6922123015873016,0.07142857142857142,2.0,2.889286993908993,0.000621272365805169,0.9989303942427307
decode,code,3,4,1,16,static,504,8,0.6830357142857143,0.06547619047619048,2.0,2.9281045751633985,0.0,1.0
decode,code,3,4,1,16,transition,504,8,0.859375,0.2857142857142857,2.0,2.327272727272727,0.3359840954274354,0.5337863071702428
decode,code,3,4,1,32,domain_oracle,504,8,0.8794642857142857,0.3531746031746032,4.0,4.548223350253807,0.0,1.0
decode,code,3,4,1,32,previous_window,504,8,0.8673115079365079,0.3412698412698413,4.0,4.611953102659422,0.000621272365805169,0.9989455210131154
decode,code,3,4,1,32,static,504,8,0.8189484126984127,0.2003968253968254,4.0,4.884312537855845,0.0,1.0
decode,code,3,4,1,32,transition,504,8,0.9481646825396826,0.6626984126984127,4.0,4.218676432121371,0.2750994035785288,0.5897046343068602
decode,code,3,5,2,8,domain_oracle,504,8,0.5515873015873016,0.0,1.0,1.8129496402877698,0.0,1.0
decode,code,3,5,2,8,previous_window,504,8,0.5515873015873016,0.0,1.0,1.8129496402877698,0.0,1.0
decode,code,3,5,2,8,static,504,8,0.5094246031746031,0.0,1.0,1.9629990262901655,0.0,1.0
decode,code,3,5,2,8,transition,504,8,0.6904761904761905,0.027777777777777776,1.0,1.4482758620689655,0.36704771371769385,0.5000325497343382
decode,code,3,5,2,16,domain_oracle,504,8,0.7286706349206349,0.10317460317460317,2.0,2.7447243022464263,0.0,1.0
decode,code,3,5,2,16,previous_window,504,8,0.7204861111111112,0.09523809523809523,2.0,2.7759036144578313,0.00024850894632206757,0.9995582063176497
decode,code,3,5,2,16,static,504,8,0.6676587301587301,0.041666666666666664,2.0,2.9955423476968797,0.0,1.0
decode,code,3,5,2,16,transition,504,8,0.8650793650793651,0.3253968253968254,2.0,2.311926605504587,0.33548707753479123,0.5430067445168305
decode,code,3,5,2,32,domain_oracle,504,8,0.9151785714285714,0.5654761904761905,4.0,4.3707317073170735,0.0,1.0
decode,code,3,5,2,32,previous_window,504,8,0.9010416666666666,0.5099206349206349,4.0,4.4393063583815024,0.0003106361829025845,0.9994626833593037
decode,code,3,5,2,32,static,504,8,0.8725198412698413,0.37896825396825395,4.0,4.584422967595224,0.0,1.0
decode,code,3,5,2,32,transition,504,8,0.9595734126984127,0.7162698412698413,4.0,4.168518997156888,0.2717445328031809,0.5942708536113622
decode,code,3,6,3,8,domain_oracle,504,8,0.5138888888888888,0.0,1.0,1.945945945945946,0.0,1.0
decode,code,3,6,3,8,previous_window,504,8,0.5106646825396826,0.0,1.0,1.9582321515298688,0.0004970178926441351,0.9991164126352993
decode,code,3,6,3,8,static,504,8,0.48759920634920634,0.0,1.0,2.0508646998982707,0.0,1.0
decode,code,3,6,3,8,transition,504,8,0.6676587301587301,0.025793650793650792,1.0,1.4977711738484398,0.3195825049701789,0.5559314994702658
decode,code,3,6,3,16,domain_oracle,504,8,0.7284226190476191,0.10912698412698413,2.0,2.745658835546476,0.0,1.0
decode,code,3,6,3,16,previous_window,504,8,0.730406746031746,0.10119047619047619,2.0,2.7382003395585737,0.00024850894632206757,0.999532218453982
decode,code,3,6,3,16,static,504,8,0.6629464285714286,0.01984126984126984,2.0,3.016835016835017,0.0,1.0
decode,code,3,6,3,16,transition,504,8,0.8787202380952381,0.42658730158730157,2.0,2.2760372565622355,0.30752982107355864,0.5668661192829397
decode,code,3,6,3,32,domain_oracle,504,8,0.9124503968253969,0.5178571428571429,4.0,4.383799945637401,0.0,1.0
decode,code,3,6,3,32,previous_window,504,8,0.9007936507936508,0.49603174603174605,4.0,4.440528634361233,0.0005591451292246521,0.9990313756558393
decode,code,3,6,3,32,static,504,8,0.8787202380952381,0.42063492063492064,4.0,4.552074513124471,0.0,1.0
decode,code,3,6,3,32,transition,504,8,0.9563492063492064,0.7242063492063492,4.0,4.182572614107884,0.23956262425447317,0.632069678359946
decode,code,4,5,1,8,domain_oracle,504,8,0.5515873015873016,0.0,1.0,1.8129496402877698,0.0,1.0
decode,code,4,5,1,8,previous_window,504,8,0.5515873015873016,0.0,1.0,1.8129496402877698,0.0,1.0
decode,code,4,5,1,8,static,504,8,0.5094246031746031,0.0,1.0,1.9629990262901655,0.0,1.0
decode,code,4,5,1,8,transition,504,8,0.7068452380952381,0.03571428571428571,1.0,1.414736842105263,0.3213220675944334,0.5462537903889784
decode,code,4,5,1,16,domain_oracle,504,8,0.7286706349206349,0.10317460317460317,2.0,2.7447243022464263,0.0,1.0
decode,code,4,5,1,16,previous_window,504,8,0.7204861111111112,0.09523809523809523,2.0,2.7759036144578313,0.00024850894632206757,0.9995582063176497
decode,code,4,5,1,16,static,504,8,0.6676587301587301,0.041666666666666664,2.0,2.9955423476968797,0.0,1.0
decode,code,4,5,1,16,transition,504,8,0.8571428571428571,0.3134920634920635,2.0,2.3333333333333335,0.2662773359840954,0.6114805259776467
decode,code,4,5,1,32,domain_oracle,504,8,0.9151785714285714,0.5654761904761905,4.0,4.3707317073170735,0.0,1.0
decode,code,4,5,1,32,previous_window,504,8,0.9010416666666666,0.5099206349206349,4.0,4.4393063583815024,0.0003106361829025845,0.9994626833593037
decode,code,4,5,1,32,static,504,8,0.8725198412698413,0.37896825396825395,4.0,4.584422967595224,0.0,1.0
decode,code,4,5,1,32,transition,504,8,0.9508928571428571,0.6825396825396826,4.0,4.206572769953052,0.1995526838966203,0.6811447845235199
decode,code,4,6,2,8,domain_oracle,504,8,0.5138888888888888,0.0,1.0,1.945945945945946,0.0,1.0
decode,code,4,6,2,8,previous_window,504,8,0.5106646825396826,0.0,1.0,1.9582321515298688,0.0004970178926441351,0.9991164126352993
decode,code,4,6,2,8,static,504,8,0.48759920634920634,0.0,1.0,2.0508646998982707,0.0,1.0
decode,code,4,6,2,8,transition,504,8,0.6649305555555556,0.011904761904761904,1.0,1.5039164490861618,0.2731113320079523,0.6011792051553478
decode,code,4,6,2,16,domain_oracle,504,8,0.7284226190476191,0.10912698412698413,2.0,2.745658835546476,0.0,1.0
decode,code,4,6,2,16,previous_window,504,8,0.730406746031746,0.10119047619047619,2.0,2.7382003395585737,0.00024850894632206757,0.999532218453982
decode,code,4,6,2,16,static,504,8,0.6629464285714286,0.01984126984126984,2.0,3.016835016835017,0.0,1.0
decode,code,4,6,2,16,transition,504,8,0.8670634920634921,0.3869047619047619,2.0,2.3066361556064074,0.23931411530815108,0.6388363285229899
decode,code,4,6,2,32,domain_oracle,504,8,0.9124503968253969,0.5178571428571429,4.0,4.383799945637401,0.0,1.0
decode,code,4,6,2,32,previous_window,504,8,0.9007936507936508,0.49603174603174605,4.0,4.440528634361233,0.0005591451292246521,0.9990313756558393
decode,code,4,6,2,32,static,504,8,0.8787202380952381,0.42063492063492064,4.0,4.552074513124471,0.0,1.0
decode,code,4,6,2,32,transition,504,8,0.9583333333333334,0.7619047619047619,4.0,4.173913043478261,0.19147614314115308,0.6918813449725838
decode,code,4,7,3,8,domain_oracle,504,8,0.5084325396825397,0.0,1.0,1.966829268292683,0.0,1.0
decode,code,4,7,3,8,previous_window,504,8,0.5084325396825397,0.0,1.0,1.966829268292683,0.0004970178926441351,0.9991164126352993
decode,code,4,7,3,8,static,504,8,0.4494047619047619,0.0,1.0,2.225165562913907,0.0,1.0
decode,code,4,7,3,8,transition,504,8,0.6922123015873016,0.041666666666666664,1.0,1.4446434969544966,0.34940357852882703,0.525290967040469
decode,code,4,7,3,16,domain_oracle,504,8,0.7197420634920635,0.1349206349206349,2.0,2.778773259820813,0.0,1.0
decode,code,4,7,3,16,previous_window,504,8,0.7189980158730159,0.13095238095238096,2.0,2.7816488444291134,0.00024850894632206757,0.9995582063176497
decode,code,4,7,3,16,static,504,8,0.6540178571428571,0.05555555555555555,2.0,3.0580204778157,0.0,1.0
decode,code,4,7,3,16,transition,504,8,0.8511904761904762,0.3492063492063492,2.0,2.3496503496503496,0.27373260437375746,0.5994110835702372
decode,code,4,7,3,32,domain_oracle,504,8,0.9012896825396826,0.5119047619047619,4.0,4.438084755090809,0.0,1.0
decode,code,4,7,3,32,previous_window,504,8,0.8978174603174603,0.5178571428571429,4.0,4.45524861878453,0.0004348906560636183,0.9992173940484079
decode,code,4,7,3,32,static,504,8,0.8559027777777778,0.35714285714285715,4.0,4.67342799188641,0.0,1.0
decode,code,4,7,3,32,transition,504,8,0.9563492063492064,0.7321428571428571,4.0,4.182572614107884,0.18495278330019882,0.7004251737801005
decode,code,5,6,1,8,domain_oracle,504,8,0.5138888888888888,0.0,1.0,1.945945945945946,0.0,1.0
decode,code,5,6,1,8,previous_window,504,8,0.5106646825396826,0.0,1.0,1.9582321515298688,0.0004970178926441351,0.9991164126352993
decode,code,5,6,1,8,static,504,8,0.48759920634920634,0.0,1.0,2.0508646998982707,0.0,1.0
decode,code,5,6,1,8,transition,504,8,0.6803075396825397,0.017857142857142856,1.0,1.4699234414874225,0.29249502982107356,0.5818239635337041
decode,code,5,6,1,16,domain_oracle,504,8,0.7284226190476191,0.10912698412698413,2.0,2.745658835546476,0.0,1.0
decode,code,5,6,1,16,previous_window,504,8,0.730406746031746,0.10119047619047619,2.0,2.7382003395585737,0.00024850894632206757,0.999532218453982
decode,code,5,6,1,16,static,504,8,0.6629464285714286,0.01984126984126984,2.0,3.016835016835017,0.0,1.0
decode,code,5,6,1,16,transition,504,8,0.8685515873015873,0.40476190476190477,2.0,2.302684180468304,0.2563369781312127,0.6254979471158915
decode,code,5,6,1,32,domain_oracle,504,8,0.9124503968253969,0.5178571428571429,4.0,4.383799945637401,0.0,1.0
decode,code,5,6,1,32,previous_window,504,8,0.9007936507936508,0.49603174603174605,4.0,4.440528634361233,0.0005591451292246521,0.9990313756558393
decode,code,5,6,1,32,static,504,8,0.8787202380952381,0.42063492063492064,4.0,4.552074513124471,0.0,1.0
decode,code,5,6,1,32,transition,504,8,0.9543650793650794,0.7321428571428571,4.0,4.1912681912681915,0.1868166003976143,0.6999407249833256
decode,code,5,7,2,8,domain_oracle,504,8,0.5084325396825397,0.0,1.0,1.966829268292683,0.0,1.0
decode,code,5,7,2,8,previous_window,504,8,0.5084325396825397,0.0,1.0,1.966829268292683,0.0004970178926441351,0.9991164126352993
decode,code,5,7,2,8,static,504,8,0.4494047619047619,0.0,1.0,2.225165562913907,0.0,1.0
decode,code,5,7,2,8,transition,504,8,0.7028769841269841,0.0496031746031746,1.0,1.4227240649258999,0.36456262425447317,0.5097309141046704
decode,code,5,7,2,16,domain_oracle,504,8,0.7197420634920635,0.1349206349206349,2.0,2.778773259820813,0.0,1.0
decode,code,5,7,2,16,previous_window,504,8,0.7189980158730159,0.13095238095238096,2.0,2.7816488444291134,0.00024850894632206757,0.9995582063176497
decode,code,5,7,2,16,static,504,8,0.6540178571428571,0.05555555555555555,2.0,3.0580204778157,0.0,1.0
decode,code,5,7,2,16,transition,504,8,0.8596230158730159,0.3869047619047619,2.0,2.326601269474899,0.2706262425447316,0.6067157079776723
decode,code,5,7,2,32,domain_oracle,504,8,0.9012896825396826,0.5119047619047619,4.0,4.438084755090809,0.0,1.0
decode,code,5,7,2,32,previous_window,504,8,0.8978174603174603,0.5178571428571429,4.0,4.45524861878453,0.0004348906560636183,0.9992173940484079
decode,code,5,7,2,32,static,504,8,0.8559027777777778,0.35714285714285715,4.0,4.67342799188641,0.0,1.0
decode,code,5,7,2,32,transition,504,8,0.9655257936507936,0.7658730158730159,4.0,4.142820446956075,0.18687872763419483,0.701667374603951
decode,code,5,8,3,8,domain_oracle,504,8,0.486359126984127,0.0,1.0,2.056093829678735,0.0,1.0
decode,code,5,8,3,8,previous_window,504,8,0.48387896825396826,0.0,1.0,2.0666324961558176,0.0004970178926441351,0.9991164126352993
decode,code,5,8,3,8,static,504,8,0.3993055555555556,0.0,1.0,2.5043478260869567,0.0,1.0
decode,code,5,8,3,8,transition,504,8,0.6505456349206349,0.027777777777777776,1.0,1.5371711780404118,0.37077534791252487,0.4949042122004344
decode,code,5,8,3,16,domain_oracle,504,8,0.6929563492063492,0.1746031746031746,2.0,2.886184681460272,0.0,1.0
decode,code,5,8,3,16,previous_window,504,8,0.6929563492063492,0.1746031746031746,2.0,2.886184681460272,0.0,1.0
decode,code,5,8,3,16,static,504,8,0.6066468253968254,0.0,2.0,3.2968111201962387,0.0,1.0
decode,code,5,8,3,16,transition,504,8,0.8509424603174603,0.3630952380952381,2.0,2.3503351792480327,0.3192097415506958,0.5620952066284997
decode,code,5,8,3,32,domain_oracle,504,8,0.8697916666666666,0.4027777777777778,4.0,4.598802395209581,0.0,1.0
decode,code,5,8,3,32,previous_window,504,8,0.8596230158730159,0.3948412698412698,4.0,4.653202538949798,0.0006833996023856859,0.9988348712843848
decode,code,5,8,3,32,static,504,8,0.8204365079365079,0.22420634920634921,4.0,4.875453446191052,0.0,1.0
decode,code,5,8,3,32,transition,504,8,0.957093253968254,0.7400793650793651,4.0,4.179321067634102,0.20781560636182903,0.6705156469418897
decode,code,6,7,1,8,domain_oracle,504,8,0.5084325396825397,0.0,1.0,1.966829268292683,0.0,1.0
decode,code,6,7,1,8,previous_window,504,8,0.5084325396825397,0.0,1.0,1.966829268292683,0.0004970178926441351,0.9991164126352993
decode,code,6,7,1,8,static,504,8,0.4494047619047619,0.0,1.0,2.225165562913907,0.0,1.0
decode,code,6,7,1,8,transition,504,8,0.7105654761904762,0.05555555555555555,1.0,1.4073298429319372,0.3956262425447316,0.4783301964216464
decode,code,6,7,1,16,domain_oracle,504,8,0.7197420634920635,0.1349206349206349,2.0,2.778773259820813,0.0,1.0
decode,code,6,7,1,16,previous_window,504,8,0.7189980158730159,0.13095238095238096,2.0,2.7816488444291134,0.00024850894632206757,0.9995582063176497
decode,code,6,7,1,16,static,504,8,0.6540178571428571,0.05555555555555555,2.0,3.0580204778157,0.0,1.0
decode,code,6,7,1,16,transition,504,8,0.8705357142857143,0.3948412698412698,2.0,2.2974358974358973,0.3205765407554672,0.5548939428628569
decode,code,6,7,1,32,domain_oracle,504,8,0.9012896825396826,0.5119047619047619,4.0,4.438084755090809,0.0,1.0
decode,code,6,7,1,32,previous_window,504,8,0.8978174603174603,0.5178571428571429,4.0,4.45524861878453,0.0004348906560636183,0.9992173940484079
decode,code,6,7,1,32,static,504,8,0.8559027777777778,0.35714285714285715,4.0,4.67342799188641,0.0,1.0
decode,code,6,7,1,32,transition,504,8,0.9640376984126984,0.751984126984127,4.0,4.149215333161822,0.22086232604373757,0.6564271136873859
decode,code,6,8,2,8,domain_oracle,504,8,0.486359126984127,0.0,1.0,2.056093829678735,0.0,1.0
decode,code,6,8,2,8,previous_window,504,8,0.48387896825396826,0.0,1.0,2.0666324961558176,0.0004970178926441351,0.9991164126352993
decode,code,6,8,2,8,static,504,8,0.3993055555555556,0.0,1.0,2.5043478260869567,0.0,1.0
decode,code,6,8,2,8,transition,504,8,0.6512896825396826,0.017857142857142856,1.0,1.5354150799695354,0.4087972166998012,0.459161911647
decode,code,6,8,2,16,domain_oracle,504,8,0.6929563492063492,0.1746031746031746,2.0,2.886184681460272,0.0,1.0
decode,code,6,8,2,16,previous_window,504,8,0.6929563492063492,0.1746031746031746,2.0,2.886184681460272,0.0,1.0
decode,code,6,8,2,16,static,504,8,0.6066468253968254,0.0,2.0,3.2968111201962387,0.0,1.0
decode,code,6,8,2,16,transition,504,8,0.8717757936507936,0.40674603174603174,2.0,2.2941678520625888,0.3503976143141153,0.5289593641469715
decode,code,6,8,2,32,domain_oracle,504,8,0.8697916666666666,0.4027777777777778,4.0,4.598802395209581,0.0,1.0
decode,code,6,8,2,32,previous_window,504,8,0.8596230158730159,0.3948412698412698,4.0,4.653202538949798,0.0006833996023856859,0.9988348712843848
decode,code,6,8,2,32,static,504,8,0.8204365079365079,0.22420634920634921,4.0,4.875453446191052,0.0,1.0
decode,code,6,8,2,32,transition,504,8,0.9702380952380952,0.8134920634920635,4.0,4.122699386503068,0.2411779324055666,0.6275088256015453
decode,code,6,9,3,8,domain_oracle,504,8,0.519593253968254,0.0,1.0,1.924582338902148,0.0,1.0
decode,code,6,9,3,8,previous_window,504,8,0.5190972222222222,0.0,1.0,1.9264214046822743,0.0007455268389662028,0.9987629776894191
decode,code,6,9,3,8,static,504,8,0.4853670634920635,0.0,1.0,2.060296371997956,0.0,1.0
decode,code,6,9,3,8,transition,504,8,0.6733630952380952,0.001984126984126984,1.0,1.4850828729281769,0.3414512922465209,0.5211444618999297
decode,code,6,9,3,16,domain_oracle,504,8,0.7073412698412699,0.13690476190476192,2.0,2.8274894810659186,0.0,1.0
decode,code,6,9,3,16,previous_window,504,8,0.7080853174603174,0.15873015873015872,2.0,2.824518388791594,0.0003727634194831014,0.9993243155446406
decode,code,6,9,3,16,static,504,8,0.6019345238095238,0.0,2.0,3.322620519159456,0.0,1.0
decode,code,6,9,3,16,transition,504,8,0.9089781746031746,0.5654761904761905,2.0,2.2002728512960434,0.40357852882703776,0.4823588333486963
decode,code,6,9,3,32,domain_oracle,504,8,0.8965773809523809,0.5555555555555556,4.0,4.461410788381743,0.0,1.0
decode,code,6,9,3,32,previous_window,504,8,0.8881448412698413,0.5079365079365079,4.0,4.503769896676906,0.0004970178926441351,0.999121871090062
decode,code,6,9,3,32,static,504,8,0.8110119047619048,0.21031746031746032,4.0,4.9321100917431195,0.0,1.0
decode,code,6,9,3,32,transition,504,8,0.9774305555555556,0.8670634920634921,4.0,4.092362344582593,0.27559642147117297,0.5925508966539078
decode,code,7,8,1,8,domain_oracle,504,8,0.486359126984127,0.0,1.0,2.056093829678735,0.0,1.0
decode,code,7,8,1,8,previous_window,504,8,0.48387896825396826,0.0,1.0,2.0666324961558176,0.0004970178926441351,0.9991164126352993
decode,code,7,8,1,8,static,504,8,0.3993055555555556,0.0,1.0,2.5043478260869567,0.0,1.0
decode,code,7,8,1,8,transition,504,8,0.6597222222222222,0.027777777777777776,1.0,1.5157894736842106,0.3976143141153082,0.47889353853568445
decode,code,7,8,1,16,domain_oracle,504,8,0.6929563492063492,0.1746031746031746,2.0,2.886184681460272,0.0,1.0
decode,code,7,8,1,16,previous_window,504,8,0.6929563492063492,0.1746031746031746,2.0,2.886184681460272,0.0,1.0
decode,code,7,8,1,16,static,504,8,0.6066468253968254,0.0,2.0,3.2968111201962387,0.0,1.0
decode,code,7,8,1,16,transition,504,8,0.8732638888888888,0.39087301587301587,2.0,2.290258449304175,0.33337475149105367,0.5523419118224647
decode,code,7,8,1,32,domain_oracle,504,8,0.8697916666666666,0.4027777777777778,4.0,4.598802395209581,0.0,1.0
decode,code,7,8,1,32,previous_window,504,8,0.8596230158730159,0.3948412698412698,4.0,4.653202538949798,0.0006833996023856859,0.9988348712843848
decode,code,7,8,1,32,static,504,8,0.8204365079365079,0.22420634920634921,4.0,4.875453446191052,0.0,1.0
decode,code,7,8,1,32,transition,504,8,0.9692460317460317,0.8015873015873016,4.0,4.126919140225179,0.2276341948310139,0.648231614400801
decode,code,7,9,2,8,domain_oracle,504,8,0.519593253968254,0.0,1.0,1.924582338902148,0.0,1.0
decode,code,7,9,2,8,previous_window,504,8,0.5190972222222222,0.0,1.0,1.9264214046822743,0.0007455268389662028,0.9987629776894191
decode,code,7,9,2,8,static,504,8,0.4853670634920635,0.0,1.0,2.060296371997956,0.0,1.0
decode,code,7,9,2,8,transition,504,8,0.675843253968254,0.017857142857142856,1.0,1.4796330275229357,0.36853876739562624,0.49867733326977864
decode,code,7,9,2,16,domain_oracle,504,8,0.7073412698412699,0.13690476190476192,2.0,2.8274894810659186,0.0,1.0
decode,code,7,9,2,16,previous_window,504,8,0.7080853174603174,0.15873015873015872,2.0,2.824518388791594,0.0003727634194831014,0.9993243155446406
decode,code,7,9,2,16,static,504,8,0.6019345238095238,0.0,2.0,3.322620519159456,0.0,1.0
decode,code,7,9,2,16,transition,504,8,0.9025297619047619,0.5297619047619048,2.0,2.2159934047815333,0.38779821073558646,0.49884120248563507
decode,code,7,9,2,32,domain_oracle,504,8,0.8965773809523809,0.5555555555555556,4.0,4.461410788381743,0.0,1.0
decode,code,7,9,2,32,previous_window,504,8,0.8881448412698413,0.5079365079365079,4.0,4.503769896676906,0.0004970178926441351,0.999121871090062
decode,code,7,9,2,32,static,504,8,0.8110119047619048,0.21031746031746032,4.0,4.9321100917431195,0.0,1.0
decode,code,7,9,2,32,transition,504,8,0.9781746031746031,0.8571428571428571,4.0,4.089249492900609,0.2591948310139165,0.6090310756924625
decode,code,7,10,3,8,domain_oracle,504,8,0.4312996031746032,0.0,1.0,2.3185738930419784,0.0,1.0
decode,code,7,10,3,8,previous_window,504,8,0.4288194444444444,0.0,1.0,2.331983805668016,0.00024850894632206757,0.9995582063176497
decode,code,7,10,3,8,static,504,8,0.3427579365079365,0.0,1.0,2.917510853835022,0.0,1.0
decode,code,7,10,3,8,transition,504,8,0.6153273809523809,0.021825396825396824,1.0,1.6251511487303507,0.4739065606361829,0.4273047473842685
decode,code,7,10,3,16,domain_oracle,504,8,0.6334325396825397,0.10912698412698413,2.0,3.1574001566170713,0.0,1.0
decode,code,7,10,3,16,previous_window,504,8,0.6277281746031746,0.11706349206349206,2.0,3.186092453575662,0.0003727634194831014,0.9993243155446406
decode,code,7,10,3,16,static,504,8,0.47172619047619047,0.0,2.0,4.239747634069401,0.0,1.0
decode,code,7,10,3,16,transition,504,8,0.8122519841269841,0.26785714285714285,2.0,2.462290076335878,0.389786282306163,0.4925851468532016
decode,code,7,10,3,32,domain_oracle,504,8,0.8271329365079365,0.3611111111111111,4.0,4.835982008995503,0.0,1.0
decode,code,7,10,3,32,previous_window,504,8,0.8244047619047619,0.4166666666666667,4.0,4.851985559566787,0.0004970178926441351,0.9991164126352993
decode,code,7,10,3,32,static,504,8,0.7137896825396826,0.125,4.0,5.603891591382904,0.0,1.0
decode,code,7,10,3,32,transition,504,8,0.9521329365079365,0.7103174603174603,4.0,4.201094034904923,0.27845427435387676,0.5918452313132561
decode,code,8,9,1,8,domain_oracle,504,8,0.519593253968254,0.0,1.0,1.924582338902148,0.0,1.0
decode,code,8,9,1,8,previous_window,504,8,0.5190972222222222,0.0,1.0,1.9264214046822743,0.0007455268389662028,0.9987629776894191
decode,code,8,9,1,8,static,504,8,0.4853670634920635,0.0,1.0,2.060296371997956,0.0,1.0
decode,code,8,9,1,8,transition,504,8,0.7016369047619048,0.015873015873015872,1.0,1.4252386002120891,0.37922465208747513,0.4846693399377289
decode,code,8,9,1,16,domain_oracle,504,8,0.7073412698412699,0.13690476190476192,2.0,2.8274894810659186,0.0,1.0
decode,code,8,9,1,16,previous_window,504,8,0.7080853174603174,0.15873015873015872,2.0,2.824518388791594,0.0003727634194831014,0.9993243155446406
decode,code,8,9,1,16,static,504,8,0.6019345238095238,0.0,2.0,3.322620519159456,0.0,1.0
decode,code,8,9,1,16,transition,504,8,0.9119543650793651,0.5575396825396826,2.0,2.1930921947239597,0.38680417495029823,0.49263903749442756
decode,code,8,9,1,32,domain_oracle,504,8,0.8965773809523809,0.5555555555555556,4.0,4.461410788381743,0.0,1.0
decode,code,8,9,1,32,previous_window,504,8,0.8881448412698413,0.5079365079365079,4.0,4.503769896676906,0.0004970178926441351,0.999121871090062
decode,code,8,9,1,32,static,504,8,0.8110119047619048,0.21031746031746032,4.0,4.9321100917431195,0.0,1.0
decode,code,8,9,1,32,transition,504,8,0.9851190476190477,0.9047619047619048,4.0,4.0604229607250755,0.28056660039761433,0.5873748352256941
decode,code,8,10,2,8,domain_oracle,504,8,0.4312996031746032,0.0,1.0,2.3185738930419784,0.0,1.0
decode,code,8,10,2,8,previous_window,504,8,0.4288194444444444,0.0,1.0,2.331983805668016,0.00024850894632206757,0.9995582063176497
decode,code,8,10,2,8,static,504,8,0.3427579365079365,0.0,1.0,2.917510853835022,0.0,1.0
decode,code,8,10,2,8,transition,504,8,0.6468253968253969,0.03571428571428571,1.0,1.5460122699386503,0.4599900596421471,0.4299397532001885
decode,code,8,10,2,16,domain_oracle,504,8,0.6334325396825397,0.10912698412698413,2.0,3.1574001566170713,0.0,1.0
decode,code,8,10,2,16,previous_window,504,8,0.6277281746031746,0.11706349206349206,2.0,3.186092453575662,0.0003727634194831014,0.9993243155446406
decode,code,8,10,2,16,static,504,8,0.47172619047619047,0.0,2.0,4.239747634069401,0.0,1.0
decode,code,8,10,2,16,transition,504,8,0.8454861111111112,0.3630952380952381,2.0,2.3655030800821355,0.4087972166998012,0.4676058792616709
decode,code,8,10,2,32,domain_oracle,504,8,0.8271329365079365,0.3611111111111111,4.0,4.835982008995503,0.0,1.0
decode,code,8,10,2,32,previous_window,504,8,0.8244047619047619,0.4166666666666667,4.0,4.851985559566787,0.0004970178926441351,0.9991164126352993
decode,code,8,10,2,32,static,504,8,0.7137896825396826,0.125,4.0,5.603891591382904,0.0,1.0
decode,code,8,10,2,32,transition,504,8,0.9501488095238095,0.7123015873015873,4.0,4.209866875489428,0.2981486083499006,0.5672480295989103
decode,code,8,11,3,8,domain_oracle,504,8,0.5119047619047619,0.001984126984126984,1.0,1.9534883720930232,0.0,1.0
decode,code,8,11,3,8,previous_window,504,8,0.511656746031746,0.001984126984126984,1.0,1.9544352884149296,0.00024850894632206757,0.9995582063176497
decode,code,8,11,3,8,static,504,8,0.42857142857142855,0.0,1.0,2.3333333333333335,0.0,1.0
decode,code,8,11,3,8,transition,504,8,0.6431051587301587,0.003968253968253968,1.0,1.5549556498264558,0.3851888667992048,0.4778523883891663
decode,code,8,11,3,16,domain_oracle,504,8,0.6944444444444444,0.12301587301587301,2.0,2.88,0.0,1.0
decode,code,8,11,3,16,previous_window,504,8,0.6969246031746031,0.12103174603174603,2.0,2.8697508896797155,0.0003727634194831014,0.9993243155446406
decode,code,8,11,3,16,static,504,8,0.5746527777777778,0.007936507936507936,2.0,3.4803625377643503,0.0,1.0
decode,code,8,11,3,16,transition,504,8,0.8544146825396826,0.36507936507936506,2.0,2.3407837445573296,0.3607107355864811,0.5096240004354817
decode,code,8,11,3,32,domain_oracle,504,8,0.875,0.49603174603174605,4.0,4.571428571428571,0.0,1.0
decode,code,8,11,3,32,previous_window,504,8,0.8712797619047619,0.5119047619047619,4.0,4.5909479077711355,0.0005591451292246521,0.9990208896769533
decode,code,8,11,3,32,static,504,8,0.7767857142857143,0.21428571428571427,4.0,5.149425287356322,0.0,1.0
decode,code,8,11,3,32,transition,504,8,0.9615575396825397,0.7698412698412699,4.0,4.15991746195512,0.27149602385685884,0.5952168264259637
decode,code,9,10,1,8,domain_oracle,504,8,0.4312996031746032,0.0,1.0,2.3185738930419784,0.0,1.0
decode,code,9,10,1,8,previous_window,504,8,0.4288194444444444,0.0,1.0,2.331983805668016,0.00024850894632206757,0.9995582063176497
decode,code,9,10,1,8,static,504,8,0.3427579365079365,0.0,1.0,2.917510853835022,0.0,1.0
decode,code,9,10,1,8,transition,504,8,0.6622023809523809,0.02976190476190476,1.0,1.510112359550562,0.48434393638170975,0.40330162437518097
decode,code,9,10,1,16,domain_oracle,504,8,0.6334325396825397,0.10912698412698413,2.0,3.1574001566170713,0.0,1.0
decode,code,9,10,1,16,previous_window,504,8,0.6277281746031746,0.11706349206349206,2.0,3.186092453575662,0.0003727634194831014,0.9993243155446406
decode,code,9,10,1,16,static,504,8,0.47172619047619047,0.0,2.0,4.239747634069401,0.0,1.0
decode,code,9,10,1,16,transition,504,8,0.8531746031746031,0.3630952380952381,2.0,2.344186046511628,0.3999751491053678,0.47349932247584126
decode,code,9,10,1,32,domain_oracle,504,8,0.8271329365079365,0.3611111111111111,4.0,4.835982008995503,0.0,1.0
decode,code,9,10,1,32,previous_window,504,8,0.8244047619047619,0.4166666666666667,4.0,4.851985559566787,0.0004970178926441351,0.9991164126352993
decode,code,9,10,1,32,static,504,8,0.7137896825396826,0.125,4.0,5.603891591382904,0.0,1.0
decode,code,9,10,1,32,transition,504,8,0.9632936507936508,0.7638888888888888,4.0,4.1524201853759015,0.3047962226640159,0.5570214273474751
decode,code,9,11,2,8,domain_oracle,504,8,0.5119047619047619,0.001984126984126984,1.0,1.9534883720930232,0.0,1.0
decode,code,9,11,2,8,previous_window,504,8,0.511656746031746,0.001984126984126984,1.0,1.9544352884149296,0.00024850894632206757,0.9995582063176497
decode,code,9,11,2,8,static,504,8,0.42857142857142855,0.0,1.0,2.3333333333333335,0.0,1.0
decode,code,9,11,2,8,transition,504,8,0.6654265873015873,0.011904761904761904,1.0,1.5027953783078642,0.38220675944334,0.48603126495770577
decode,code,9,11,2,16,domain_oracle,504,8,0.6944444444444444,0.12301587301587301,2.0,2.88,0.0,1.0
decode,code,9,11,2,16,previous_window,504,8,0.6969246031746031,0.12103174603174603,2.0,2.8697508896797155,0.0003727634194831014,0.9993243155446406
decode,code,9,11,2,16,static,504,8,0.5746527777777778,0.007936507936507936,2.0,3.4803625377643503,0.0,1.0
decode,code,9,11,2,16,transition,504,8,0.8692956349206349,0.4166666666666667,2.0,2.3007132667617687,0.3584741550695825,0.5092894903471963
decode,code,9,11,2,32,domain_oracle,504,8,0.875,0.49603174603174605,4.0,4.571428571428571,0.0,1.0
decode,code,9,11,2,32,previous_window,504,8,0.8712797619047619,0.5119047619047619,4.0,4.5909479077711355,0.0005591451292246521,0.9990208896769533
decode,code,9,11,2,32,static,504,8,0.7767857142857143,0.21428571428571427,4.0,5.149425287356322,0.0,1.0
decode,code,9,11,2,32,transition,504,8,0.9665178571428571,0.7857142857142857,4.0,4.138568129330254,0.2750372763419483,0.5896995356727032
decode,code,9,12,3,8,domain_oracle,504,8,0.49007936507936506,0.0,1.0,2.0404858299595143,0.0,1.0
decode,code,9,12,3,8,previous_window,504,8,0.4853670634920635,0.0,1.0,2.060296371997956,0.00024850894632206757,0.9995582063176497
decode,code,9,12,3,8,static,504,8,0.3665674603174603,0.0,1.0,2.7280108254397835,0.0,1.0
decode,code,9,12,3,8,transition,504,8,0.6195436507936508,0.021825396825396824,1.0,1.6140912730184147,0.3581013916500994,0.5199229310561313
decode,code,9,12,3,16,domain_oracle,504,8,0.6842757936507936,0.2123015873015873,2.0,2.922798115259152,0.0,1.0
decode,code,9,12,3,16,previous_window,504,8,0.6840277777777778,0.19642857142857142,2.0,2.9238578680203045,0.0003727634194831014,0.9993243155446406
decode,code,9,12,3,16,static,504,8,0.5687003968253969,0.037698412698412696,2.0,3.5167902311382466,0.0,1.0
decode,code,9,12,3,16,transition,504,8,0.8283730158730159,0.36904761904761907,2.0,2.41437125748503,0.3025596421471173,0.5718356814887168
decode,code,9,12,3,32,domain_oracle,504,8,0.859375,0.4007936507936508,4.0,4.654545454545454,0.0,1.0
decode,code,9,12,3,32,previous_window,504,8,0.8559027777777778,0.4126984126984127,4.0,4.67342799188641,0.0008697813121272366,0.9985726665647142
decode,code,9,12,3,32,static,504,8,0.7571924603174603,0.21626984126984128,4.0,5.282672780871274,0.0,1.0
decode,code,9,12,3,32,transition,504,8,0.9538690476190477,0.7440476190476191,4.0,4.1934477379095165,0.2970924453280318,0.5626063816929704
decode,code,10,11,1,8,domain_oracle,504,8,0.5119047619047619,0.001984126984126984,1.0,1.9534883720930232,0.0,1.0
decode,code,10,11,1,8,previous_window,504,8,0.511656746031746,0.001984126984126984,1.0,1.9544352884149296,0.00024850894632206757,0.9995582063176497
decode,code,10,11,1,8,static,504,8,0.42857142857142855,0.0,1.0,2.3333333333333335,0.0,1.0
decode,code,10,11,1,8,transition,504,8,0.6837797619047619,0.005952380952380952,1.0,1.4624591947769314,0.4177435387673956,0.4488224388820798
decode,code,10,11,1,16,domain_oracle,504,8,0.6944444444444444,0.12301587301587301,2.0,2.88,0.0,1.0
decode,code,10,11,1,16,previous_window,504,8,0.6969246031746031,0.12103174603174603,2.0,2.8697508896797155,0.0003727634194831014,0.9993243155446406
decode,code,10,11,1,16,static,504,8,0.5746527777777778,0.007936507936507936,2.0,3.4803625377643503,0.0,1.0
decode,code,10,11,1,16,transition,504,8,0.888640873015873,0.44642857142857145,2.0,2.2506279653921295,0.39053180914512925,0.4822805370177397
decode,code,10,11,1,32,domain_oracle,504,8,0.875,0.49603174603174605,4.0,4.571428571428571,0.0,1.0
decode,code,10,11,1,32,previous_window,504,8,0.8712797619047619,0.5119047619047619,4.0,4.5909479077711355,0.0005591451292246521,0.9990208896769533
decode,code,10,11,1,32,static,504,8,0.7767857142857143,0.21428571428571427,4.0,5.149425287356322,0.0,1.0
decode,code,10,11,1,32,transition,504,8,0.9744543650793651,0.8432539682539683,4.0,4.1048612878595065,0.283051689860835,0.5795849902226179
decode,code,10,12,2,8,domain_oracle,504,8,0.49007936507936506,0.0,1.0,2.0404858299595143,0.0,1.0
decode,code,10,12,2,8,previous_window,504,8,0.4853670634920635,0.0,1.0,2.060296371997956,0.00024850894632206757,0.9995582063176497
decode,code,10,12,2,8,static,504,8,0.3665674603174603,0.0,1.0,2.7280108254397835,0.0,1.0
decode,code,10,12,2,8,transition,504,8,0.6314484126984127,0.005952380952380952,1.0,1.5836606441476826,0.3923956262425447,0.48550014156375865
decode,code,10,12,2,16,domain_oracle,504,8,0.6842757936507936,0.2123015873015873,2.0,2.922798115259152,0.0,1.0
decode,code,10,12,2,16,previous_window,504,8,0.6840277777777778,0.19642857142857142,2.0,2.9238578680203045,0.0003727634194831014,0.9993243155446406
decode,code,10,12,2,16,static,504,8,0.5687003968253969,0.037698412698412696,2.0,3.5167902311382466,0.0,1.0
decode,code,10,12,2,16,transition,504,8,0.8601190476190477,0.4384920634920635,2.0,2.3252595155709344,0.33685387673956263,0.5396175290293359
decode,code,10,12,2,32,domain_oracle,504,8,0.859375,0.4007936507936508,4.0,4.654545454545454,0.0,1.0
decode,code,10,12,2,32,previous_window,504,8,0.8559027777777778,0.4126984126984127,4.0,4.67342799188641,0.0008697813121272366,0.9985726665647142
decode,code,10,12,2,32,static,504,8,0.7571924603174603,0.21626984126984128,4.0,5.282672780871274,0.0,1.0
decode,code,10,12,2,32,transition,504,8,0.9627976190476191,0.7876984126984127,4.0,4.1545595054095825,0.30019880715705766,0.5619401714584097
decode,code,10,13,3,8,domain_oracle,504,8,0.5424107142857143,0.001984126984126984,1.0,1.8436213991769548,0.0,1.0
decode,code,10,13,3,8,previous_window,504,8,0.5344742063492064,0.001984126984126984,1.0,1.8709976798143853,0.0007455268389662028,0.9987629776894191
decode,code,10,13,3,8,static,504,8,0.5037202380952381,0.0,1.0,1.9852289512555392,0.0,1.0
decode,code,10,13,3,8,transition,504,8,0.6125992063492064,0.001984126984126984,1.0,1.6323886639676113,0.4341451292246521,0.45203874985186954
decode,code,10,13,3,16,domain_oracle,504,8,0.7234623015873016,0.17261904761904762,2.0,2.76448405896469,0.0,1.0
decode,code,10,13,3,16,previous_window,504,8,0.7150297619047619,0.16468253968253968,2.0,2.797086368366285,0.0004970178926441351,0.999138297152072
decode,code,10,13,3,16,static,504,8,0.6416170634920635,0.06349206349206349,2.0,3.1171240819482025,0.0,1.0
decode,code,10,13,3,16,transition,504,8,0.8395337301587301,0.36904761904761907,2.0,2.382274741506647,0.3433151093439364,0.5285801886928967
decode,code,10,13,3,32,domain_oracle,504,8,0.8764880952380952,0.49206349206349204,4.0,4.5636672325976235,0.0,1.0
decode,code,10,13,3,32,previous_window,504,8,0.8735119047619048,0.49206349206349204,4.0,4.579216354344123,0.0006833996023856859,0.9988348712843848
decode,code,10,13,3,32,static,504,8,0.7745535714285714,0.2619047619047619,4.0,5.164265129682997,0.0,1.0
decode,code,10,13,3,32,transition,504,8,0.9568452380952381,0.7777777777777778,4.0,4.1804043545878695,0.27528578528827036,0.5914684634992855
decode,code,11,12,1,8,domain_oracle,504,8,0.49007936507936506,0.0,1.0,2.0404858299595143,0.0,1.0
decode,code,11,12,1,8,previous_window,504,8,0.4853670634920635,0.0,1.0,2.060296371997956,0.00024850894632206757,0.9995582063176497
decode,code,11,12,1,8,static,504,8,0.3665674603174603,0.0,1.0,2.7280108254397835,0.0,1.0
decode,code,11,12,1,8,transition,504,8,0.6691468253968254,0.023809523809523808,1.0,1.4944403261675314,0.352882703777336,0.5241535579507728
decode,code,11,12,1,16,domain_oracle,504,8,0.6842757936507936,0.2123015873015873,2.0,2.922798115259152,0.0,1.0
decode,code,11,12,1,16,previous_window,504,8,0.6840277777777778,0.19642857142857142,2.0,2.9238578680203045,0.0003727634194831014,0.9993243155446406
decode,code,11,12,1,16,static,504,8,0.5687003968253969,0.037698412698412696,2.0,3.5167902311382466,0.0,1.0
decode,code,11,12,1,16,transition,504,8,0.8616071428571429,0.44246031746031744,2.0,2.321243523316062,0.2937375745526839,0.5774609714160923
decode,code,11,12,1,32,domain_oracle,504,8,0.859375,0.4007936507936508,4.0,4.654545454545454,0.0,1.0
decode,code,11,12,1,32,previous_window,504,8,0.8559027777777778,0.4126984126984127,4.0,4.67342799188641,0.0008697813121272366,0.9985726665647142
decode,code,11,12,1,32,static,504,8,0.7571924603174603,0.21626984126984128,4.0,5.282672780871274,0.0,1.0
decode,code,11,12,1,32,transition,504,8,0.9561011904761905,0.7738095238095238,4.0,4.183657587548638,0.25465954274353875,0.6071175986460886
decode,code,11,13,2,8,domain_oracle,504,8,0.5424107142857143,0.001984126984126984,1.0,1.8436213991769548,0.0,1.0
decode,code,11,13,2,8,previous_window,504,8,0.5344742063492064,0.001984126984126984,1.0,1.8709976798143853,0.0007455268389662028,0.9987629776894191
decode,code,11,13,2,8,static,504,8,0.5037202380952381,0.0,1.0,1.9852289512555392,0.0,1.0
decode,code,11,13,2,8,transition,504,8,0.6545138888888888,0.005952380952380952,1.0,1.5278514588859415,0.29398608349900596,0.5861070230851528
decode,code,11,13,2,16,domain_oracle,504,8,0.7234623015873016,0.17261904761904762,2.0,2.76448405896469,0.0,1.0
decode,code,11,13,2,16,previous_window,504,8,0.7150297619047619,0.16468253968253968,2.0,2.797086368366285,0.0004970178926441351,0.999138297152072
decode,code,11,13,2,16,static,504,8,0.6416170634920635,0.06349206349206349,2.0,3.1171240819482025,0.0,1.0
decode,code,11,13,2,16,transition,504,8,0.8402777777777778,0.3531746031746032,2.0,2.3801652892561984,0.2657803180914513,0.609676804904233
decode,code,11,13,2,32,domain_oracle,504,8,0.8764880952380952,0.49206349206349204,4.0,4.5636672325976235,0.0,1.0
decode,code,11,13,2,32,previous_window,504,8,0.8735119047619048,0.49206349206349204,4.0,4.579216354344123,0.0006833996023856859,0.9988348712843848
decode,code,11,13,2,32,static,504,8,0.7745535714285714,0.2619047619047619,4.0,5.164265129682997,0.0,1.0
decode,code,11,13,2,32,transition,504,8,0.9538690476190477,0.7638888888888888,4.0,4.1934477379095165,0.23359840954274355,0.6345704853397268
decode,code,11,14,3,8,domain_oracle,504,8,0.4479166666666667,0.017857142857142856,1.0,2.2325581395348837,0.0,1.0
decode,code,11,14,3,8,previous_window,504,8,0.44345238095238093,0.013888888888888888,1.0,2.2550335570469797,0.0004970178926441351,0.9992047713717694
decode,code,11,14,3,8,static,504,8,0.39459325396825395,0.0,1.0,2.534255185417976,0.0,1.0
decode,code,11,14,3,8,transition,504,8,0.6371527777777778,0.025793650793650792,1.0,1.569482288828338,0.39686878727634195,0.47102153424220883
decode,code,11,14,3,16,domain_oracle,504,8,0.6572420634920635,0.1626984126984127,2.0,3.0430188679245282,0.0,1.0
decode,code,11,14,3,16,previous_window,504,8,0.6515376984126984,0.15674603174603174,2.0,3.069661210506281,0.00024850894632206757,0.9995582063176497
decode,code,11,14,3,16,static,504,8,0.5503472222222222,0.01984126984126984,2.0,3.634069400630915,0.0,1.0
decode,code,11,14,3,16,transition,504,8,0.8137400793650794,0.37896825396825395,2.0,2.4577872599817128,0.3293986083499006,0.5392326388608544
decode,code,11,14,3,32,domain_oracle,504,8,0.8601190476190477,0.36904761904761907,4.0,4.650519031141869,0.0,1.0
decode,code,11,14,3,32,previous_window,504,8,0.8603670634920635,0.4166666666666667,4.0,4.649178437590083,0.0003727634194831014,0.9993243155446406
decode,code,11,14,3,32,static,504,8,0.6946924603174603,0.15873015873015872,4.0,5.7579435915744375,0.0,1.0
decode,code,11,14,3,32,transition,504,8,0.9337797619047619,0.6865079365079365,4.0,4.283665338645418,0.24583747514910537,0.6204688348946242
decode,code,12,13,1,8,domain_oracle,504,8,0.5424107142857143,0.001984126984126984,1.0,1.8436213991769548,0.0,1.0
decode,code,12,13,1,8,previous_window,504,8,0.5344742063492064,0.001984126984126984,1.0,1.8709976798143853,0.0007455268389662028,0.9987629776894191
decode,code,12,13,1,8,static,504,8,0.5037202380952381,0.0,1.0,1.9852289512555392,0.0,1.0
decode,code,12,13,1,8,transition,504,8,0.6726190476190477,0.00992063492063492,1.0,1.4867256637168142,0.33623260437375746,0.5406212519532595
decode,code,12,13,1,16,domain_oracle,504,8,0.7234623015873016,0.17261904761904762,2.0,2.76448405896469,0.0,1.0
decode,code,12,13,1,16,previous_window,504,8,0.7150297619047619,0.16468253968253968,2.0,2.797086368366285,0.0004970178926441351,0.999138297152072
decode,code,12,13,1,16,static,504,8,0.6416170634920635,0.06349206349206349,2.0,3.1171240819482025,0.0,1.0
decode,code,12,13,1,16,transition,504,8,0.8687996031746031,0.4126984126984127,2.0,2.302026834142164,0.2989562624254473,0.5719570030161557
decode,code,12,13,1,32,domain_oracle,504,8,0.8764880952380952,0.49206349206349204,4.0,4.5636672325976235,0.0,1.0
decode,code,12,13,1,32,previous_window,504,8,0.8735119047619048,0.49206349206349204,4.0,4.579216354344123,0.0006833996023856859,0.9988348712843848
decode,code,12,13,1,32,static,504,8,0.7745535714285714,0.2619047619047619,4.0,5.164265129682997,0.0,1.0
decode,code,12,13,1,32,transition,504,8,0.9662698412698413,0.8174603174603174,4.0,4.139630390143737,0.23179671968190854,0.6395674969450664
decode,code,12,14,2,8,domain_oracle,504,8,0.4479166666666667,0.017857142857142856,1.0,2.2325581395348837,0.0,1.0
decode,code,12,14,2,8,previous_window,504,8,0.44345238095238093,0.013888888888888888,1.0,2.2550335570469797,0.0004970178926441351,0.9992047713717694
decode,code,12,14,2,8,static,504,8,0.39459325396825395,0.0,1.0,2.534255185417976,0.0,1.0
decode,code,12,14,2,8,transition,504,8,0.6520337301587301,0.023809523809523808,1.0,1.5336629897299354,0.41177932405566603,0.4645942968010554
decode,code,12,14,2,16,domain_oracle,504,8,0.6572420634920635,0.1626984126984127,2.0,3.0430188679245282,0.0,1.0
decode,code,12,14,2,16,previous_window,504,8,0.6515376984126984,0.15674603174603174,2.0,3.069661210506281,0.00024850894632206757,0.9995582063176497
decode,code,12,14,2,16,static,504,8,0.5503472222222222,0.01984126984126984,2.0,3.634069400630915,0.0,1.0
decode,code,12,14,2,16,transition,504,8,0.8444940476190477,0.4384920634920635,2.0,2.368281938325991,0.3522614314115308,0.5168777595848195
decode,code,12,14,2,32,domain_oracle,504,8,0.8601190476190477,0.36904761904761907,4.0,4.650519031141869,0.0,1.0
decode,code,12,14,2,32,previous_window,504,8,0.8603670634920635,0.4166666666666667,4.0,4.649178437590083,0.0003727634194831014,0.9993243155446406
decode,code,12,14,2,32,static,504,8,0.6946924603174603,0.15873015873015872,4.0,5.7579435915744375,0.0,1.0
decode,code,12,14,2,32,transition,504,8,0.951140873015873,0.7261904761904762,4.0,4.205475880052151,0.24428429423459244,0.6245948315553221
decode,code,12,15,3,8,domain_oracle,504,8,0.43452380952380953,0.001984126984126984,1.0,2.3013698630136985,0.0,1.0
decode,code,12,15,3,8,previous_window,504,8,0.44047619047619047,0.001984126984126984,1.0,2.27027027027027,0.00024850894632206757,0.9995582063176497
decode,code,12,15,3,8,static,504,8,0.34970238095238093,0.0,1.0,2.8595744680851065,0.0,1.0
decode,code,12,15,3,8,transition,504,8,0.5907738095238095,0.057539682539682536,1.0,1.6926952141057934,0.38295228628230615,0.48583455422421556
decode,code,12,15,3,16,domain_oracle,504,8,0.6235119047619048,0.07738095238095238,2.0,3.20763723150358,0.0,1.0
decode,code,12,15,3,16,previous_window,504,8,0.6312003968253969,0.09523809523809523,2.0,3.168565815324165,0.0007455268389662028,0.9987443758501622
decode,code,12,15,3,16,static,504,8,0.44494047619047616,0.005952380952380952,2.0,4.494983277591973,0.0,1.0
decode,code,12,15,3,16,transition,504,8,0.8023313492063492,0.2837301587301587,2.0,2.49273570324575,0.33536282306163023,0.5328824431903671
decode,code,12,15,3,32,domain_oracle,504,8,0.8861607142857143,0.5555555555555556,4.0,4.513853904282116,0.0,1.0
decode,code,12,15,3,32,previous_window,504,8,0.8816964285714286,0.5297619047619048,4.0,4.536708860759494,0.00024850894632206757,0.9995386985446627
decode,code,12,15,3,32,static,504,8,0.669890873015873,0.1388888888888889,4.0,5.971121806738245,0.0,1.0
decode,code,12,15,3,32,transition,504,8,0.9536210317460317,0.7658730158730159,4.0,4.194538361508452,0.21887425447316103,0.6613475992300263
decode,code,13,14,1,8,domain_oracle,504,8,0.4479166666666667,0.017857142857142856,1.0,2.2325581395348837,0.0,1.0
decode,code,13,14,1,8,previous_window,504,8,0.44345238095238093,0.013888888888888888,1.0,2.2550335570469797,0.0004970178926441351,0.9992047713717694
decode,code,13,14,1,8,static,504,8,0.39459325396825395,0.0,1.0,2.534255185417976,0.0,1.0
decode,code,13,14,1,8,transition,504,8,0.6312003968253969,0.025793650793650792,1.0,1.5842829076620826,0.3772365805168986,0.4988246125423045
decode,code,13,14,1,16,domain_oracle,504,8,0.6572420634920635,0.1626984126984127,2.0,3.0430188679245282,0.0,1.0
decode,code,13,14,1,16,previous_window,504,8,0.6515376984126984,0.15674603174603174,2.0,3.069661210506281,0.00024850894632206757,0.9995582063176497
decode,code,13,14,1,16,static,504,8,0.5503472222222222,0.01984126984126984,2.0,3.634069400630915,0.0,1.0
decode,code,13,14,1,16,transition,504,8,0.8226686507936508,0.38095238095238093,2.0,2.4311124510099487,0.31461232604373757,0.5552596541205818
decode,code,13,14,1,32,domain_oracle,504,8,0.8601190476190477,0.36904761904761907,4.0,4.650519031141869,0.0,1.0
decode,code,13,14,1,32,previous_window,504,8,0.8603670634920635,0.4166666666666667,4.0,4.649178437590083,0.0003727634194831014,0.9993243155446406
decode,code,13,14,1,32,static,504,8,0.6946924603174603,0.15873015873015872,4.0,5.7579435915744375,0.0,1.0
decode,code,13,14,1,32,transition,504,8,0.9461805555555556,0.7123015873015873,4.0,4.227522935779817,0.244470675944334,0.6226914439481515
decode,code,13,15,2,8,domain_oracle,504,8,0.43452380952380953,0.001984126984126984,1.0,2.3013698630136985,0.0,1.0
decode,code,13,15,2,8,previous_window,504,8,0.44047619047619047,0.001984126984126984,1.0,2.27027027027027,0.00024850894632206757,0.9995582063176497
decode,code,13,15,2,8,static,504,8,0.34970238095238093,0.0,1.0,2.8595744680851065,0.0,1.0
decode,code,13,15,2,8,transition,504,8,0.5959821428571429,0.03373015873015873,1.0,1.6779026217228465,0.3864314115308151,0.4798321184007069
decode,code,13,15,2,16,domain_oracle,504,8,0.6235119047619048,0.07738095238095238,2.0,3.20763723150358,0.0,1.0
decode,code,13,15,2,16,previous_window,504,8,0.6312003968253969,0.09523809523809523,2.0,3.168565815324165,0.0007455268389662028,0.9987443758501622
decode,code,13,15,2,16,static,504,8,0.44494047619047616,0.005952380952380952,2.0,4.494983277591973,0.0,1.0
decode,code,13,15,2,16,transition,504,8,0.7876984126984127,0.24603174603174602,2.0,2.53904282115869,0.32480119284294234,0.5374104133629157
decode,code,13,15,2,32,domain_oracle,504,8,0.8861607142857143,0.5555555555555556,4.0,4.513853904282116,0.0,1.0
decode,code,13,15,2,32,previous_window,504,8,0.8816964285714286,0.5297619047619048,4.0,4.536708860759494,0.00024850894632206757,0.9995386985446627
decode,code,13,15,2,32,static,504,8,0.669890873015873,0.1388888888888889,4.0,5.971121806738245,0.0,1.0
decode,code,13,15,2,32,transition,504,8,0.9580853174603174,0.7738095238095238,4.0,4.174993528345845,0.1937748508946322,0.6931170133753743
decode,code,14,15,1,8,domain_oracle,504,8,0.43452380952380953,0.001984126984126984,1.0,2.3013698630136985,0.0,1.0
decode,code,14,15,1,8,previous_window,504,8,0.44047619047619047,0.001984126984126984,1.0,2.27027027027027,0.00024850894632206757,0.9995582063176497
decode,code,14,15,1,8,static,504,8,0.34970238095238093,0.0,1.0,2.8595744680851065,0.0,1.0
decode,code,14,15,1,8,transition,504,8,0.6433531746031746,0.06349206349206349,1.0,1.5543562066306862,0.42569582504970177,0.4515500845520721
decode,code,14,15,1,16,domain_oracle,504,8,0.6235119047619048,0.07738095238095238,2.0,3.20763723150358,0.0,1.0
decode,code,14,15,1,16,previous_window,504,8,0.6312003968253969,0.09523809523809523,2.0,3.168565815324165,0.0007455268389662028,0.9987443758501622
decode,code,14,15,1,16,static,504,8,0.44494047619047616,0.005952380952380952,2.0,4.494983277591973,0.0,1.0
decode,code,14,15,1,16,transition,504,8,0.8489583333333334,0.35714285714285715,2.0,2.355828220858896,0.38680417495029823,0.4788044674508474
decode,code,14,15,1,32,domain_oracle,504,8,0.8861607142857143,0.5555555555555556,4.0,4.513853904282116,0.0,1.0
decode,code,14,15,1,32,previous_window,504,8,0.8816964285714286,0.5297619047619048,4.0,4.536708860759494,0.00024850894632206757,0.9995386985446627
decode,code,14,15,1,32,static,504,8,0.669890873015873,0.1388888888888889,4.0,5.971121806738245,0.0,1.0
decode,code,14,15,1,32,transition,504,8,0.9662698412698413,0.7996031746031746,4.0,4.139630390143737,0.2363941351888668,0.6365544156953477
decode,conversation,0,1,1,8,domain_oracle,504,8,0.17857142857142858,0.0,1.0,5.6,0.0,1.0
decode,conversation,0,1,1,8,previous_window,504,8,0.17311507936507936,0.0,1.0,5.776504297994269,0.0022365805168986083,0.9972115359789318
decode,conversation,0,1,1,8,static,504,8,0.18725198412698413,0.0,1.0,5.340397350993378,0.0,1.0
decode,conversation,0,1,1,8,transition,504,8,0.3549107142857143,0.0,1.0,2.8176100628930816,0.47142147117296224,0.38390463082311965
decode,conversation,0,1,1,16,domain_oracle,504,8,0.34375,0.001984126984126984,2.0,5.818181818181818,0.0,1.0
decode,conversation,0,1,1,16,previous_window,504,8,0.31746031746031744,0.001984126984126984,2.0,6.3,0.0017395626242544733,0.9975902162780891
decode,conversation,0,1,1,16,static,504,8,0.3333333333333333,0.0,2.0,6.0,0.0,1.0
decode,conversation,0,1,1,16,transition,504,8,0.5620039682539683,0.021825396825396824,2.0,3.558693733451015,0.43538767395626243,0.4077126091400668
decode,conversation,0,1,1,32,domain_oracle,504,8,0.6173115079365079,0.03571428571428571,4.0,6.479710727199679,0.0,1.0
decode,conversation,0,1,1,32,previous_window,504,8,0.5818452380952381,0.017857142857142856,4.0,6.874680306905371,0.001180417495029821,0.9981804873430729
decode,conversation,0,1,1,32,static,504,8,0.6098710317460317,0.041666666666666664,4.0,6.5587637250915005,0.0,1.0
decode,conversation,0,1,1,32,transition,504,8,0.7991071428571429,0.1884920634920635,4.0,5.005586592178771,0.2984592445328032,0.5493396882896986
decode,conversation,0,2,2,8,domain_oracle,504,8,0.18055555555555555,0.0,1.0,5.538461538461538,0.0,1.0
decode,conversation,0,2,2,8,previous_window,504,8,0.1827876984126984,0.0,1.0,5.470827679782904,0.0022365805168986083,0.9971453331294287
decode,conversation,0,2,2,8,static,504,8,0.1654265873015873,0.0,1.0,6.044977511244378,0.0,1.0
decode,conversation,0,2,2,8,transition,504,8,0.3288690476190476,0.0,1.0,3.0407239819004523,0.47664015904572565,0.38671816365653294
decode,conversation,0,2,2,16,domain_oracle,504,8,0.32514880952380953,0.0,2.0,6.151029748283753,0.0,1.0
decode,conversation,0,2,2,16,previous_window,504,8,0.3410218253968254,0.0,2.0,5.864727272727273,0.0016153081510934394,0.9977279182050554
decode,conversation,0,2,2,16,static,504,8,0.3382936507936508,0.0,2.0,5.912023460410557,0.0,1.0
decode,conversation,0,2,2,16,transition,504,8,0.5220734126984127,0.011904761904761904,2.0,3.8308788598574823,0.4202286282306163,0.43092590010584053
decode,conversation,0,2,2,32,domain_oracle,504,8,0.6396329365079365,0.025793650793650792,4.0,6.253586661496704,0.0,1.0
decode,conversation,0,2,2,32,previous_window,504,8,0.6063988095238095,0.027777777777777776,4.0,6.596319018404908,0.0013046719681908548,0.9980561077976585
decode,conversation,0,2,2,32,static,504,8,0.5887896825396826,0.017857142857142856,4.0,6.7935973041280535,0.0,1.0
decode,conversation,0,2,2,32,transition,504,8,0.7621527777777778,0.15476190476190477,4.0,5.248291571753986,0.2734840954274354,0.5808207285527974
decode,conversation,0,3,3,8,domain_oracle,504,8,0.2214781746031746,0.0,1.0,4.51511758118701,0.0,1.0
decode,conversation,0,3,3,8,previous_window,504,8,0.21552579365079366,0.0,1.0,4.639815880322209,0.0019880715705765406,0.9973863115016197
decode,conversation,0,3,3,8,static,504,8,0.17584325396825398,0.0,1.0,5.68688293370945,0.0,1.0
decode,conversation,0,3,3,8,transition,504,8,0.3645833333333333,0.0,1.0,2.742857142857143,0.45899602385685884,0.4016497308743828
decode,conversation,0,3,3,16,domain_oracle,504,8,0.4107142857142857,0.0,2.0,4.869565217391305,0.0,1.0
decode,conversation,0,3,3,16,previous_window,504,8,0.39211309523809523,0.0,2.0,5.100569259962049,0.0013667992047713719,0.99804680687803
decode,conversation,0,3,3,16,static,504,8,0.39087301587301587,0.0,2.0,5.116751269035533,0.0,1.0
decode,conversation,0,3,3,16,transition,504,8,0.5699404761904762,0.031746031746031744,2.0,3.5091383812010446,0.32852882703777336,0.5265150688528636
decode,conversation,0,3,3,32,domain_oracle,504,8,0.6577380952380952,0.03373015873015873,4.0,6.081447963800905,0.0,1.0
decode,conversation,0,3,3,32,previous_window,504,8,0.6530257936507936,0.051587301587301584,4.0,6.125332320546905,0.0009319085487077535,0.9984911046541266
decode,conversation,0,3,3,32,static,504,8,0.683531746031746,0.05555555555555555,4.0,5.851959361393324,0.0,1.0
decode,conversation,0,3,3,32,transition,504,8,0.8117559523809523,0.2619047619047619,4.0,4.927589367552704,0.21489811133200795,0.6573674778157828
decode,conversation,1,2,1,8,domain_oracle,504,8,0.18055555555555555,0.0,1.0,5.538461538461538,0.0,1.0
decode,conversation,1,2,1,8,previous_window,504,8,0.1827876984126984,0.0,1.0,5.470827679782904,0.0022365805168986083,0.9971453331294287
decode,conversation,1,2,1,8,static,504,8,0.1654265873015873,0.0,1.0,6.044977511244378,0.0,1.0
decode,conversation,1,2,1,8,transition,504,8,0.38913690476190477,0.0,1.0,2.5697896749521987,0.507703777335984,0.35908487359779534
decode,conversation,1,2,1,16,domain_oracle,504,8,0.32514880952380953,0.0,2.0,6.151029748283753,0.0,1.0
decode,conversation,1,2,1,16,previous_window,504,8,0.3410218253968254,0.0,2.0,5.864727272727273,0.0016153081510934394,0.9977279182050554
decode,conversation,1,2,1,16,static,504,8,0.3382936507936508,0.0,2.0,5.912023460410557,0.0,1.0
decode,conversation,1,2,1,16,transition,504,8,0.6125992063492064,0.03968253968253968,2.0,3.2647773279352226,0.4268141153081511,0.42580785010465194
decode,conversation,1,2,1,32,domain_oracle,504,8,0.6396329365079365,0.025793650793650792,4.0,6.253586661496704,0.0,1.0
decode,conversation,1,2,1,32,previous_window,504,8,0.6063988095238095,0.027777777777777776,4.0,6.596319018404908,0.0013046719681908548,0.9980561077976585
decode,conversation,1,2,1,32,static,504,8,0.5887896825396826,0.017857142857142856,4.0,6.7935973041280535,0.0,1.0
decode,conversation,1,2,1,32,transition,504,8,0.8286210317460317,0.2638888888888889,4.0,4.8272972164022745,0.2783300198807157,0.5747775020895749
decode,conversation,1,3,2,8,domain_oracle,504,8,0.2214781746031746,0.0,1.0,4.51511758118701,0.0,1.0
decode,conversation,1,3,2,8,previous_window,504,8,0.21552579365079366,0.0,1.0,4.639815880322209,0.0019880715705765406,0.9973863115016197
decode,conversation,1,3,2,8,static,504,8,0.17584325396825398,0.0,1.0,5.68688293370945,0.0,1.0
decode,conversation,1,3,2,8,transition,504,8,0.4290674603174603,0.0,1.0,2.330635838150289,0.4900596421471173,0.37641889808887763
decode,conversation,1,3,2,16,domain_oracle,504,8,0.4107142857142857,0.0,2.0,4.869565217391305,0.0,1.0
decode,conversation,1,3,2,16,previous_window,504,8,0.39211309523809523,0.0,2.0,5.100569259962049,0.0013667992047713719,0.99804680687803
decode,conversation,1,3,2,16,static,504,8,0.39087301587301587,0.0,2.0,5.116751269035533,0.0,1.0
decode,conversation,1,3,2,16,transition,504,8,0.6225198412698413,0.05357142857142857,2.0,3.212749003984064,0.3147365805168986,0.5391991393894837
decode,conversation,1,3,2,32,domain_oracle,504,8,0.6577380952380952,0.03373015873015873,4.0,6.081447963800905,0.0,1.0
decode,conversation,1,3,2,32,previous_window,504,8,0.6530257936507936,0.051587301587301584,4.0,6.125332320546905,0.0009319085487077535,0.9984911046541266
decode,conversation,1,3,2,32,static,504,8,0.683531746031746,0.05555555555555555,4.0,5.851959361393324,0.0,1.0
decode,conversation,1,3,2,32,transition,504,8,0.8514384920634921,0.3253968253968254,4.0,4.697931838042528,0.2117917495029821,0.6600466157655949
decode,conversation,1,4,3,8,domain_oracle,504,8,0.2152777777777778,0.0,1.0,4.645161290322581,0.0,1.0
decode,conversation,1,4,3,8,previous_window,504,8,0.21726190476190477,0.0,1.0,4.602739726027397,0.001242544731610338,0.9981203686969095
decode,conversation,1,4,3,8,static,504,8,0.1817956349206349,0.0,1.0,5.5006821282401095,0.0,1.0
decode,conversation,1,4,3,8,transition,504,8,0.38913690476190477,0.0,1.0,2.5697896749521987,0.3682902584493042,0.4861676428276828
decode,conversation,1,4,3,16,domain_oracle,504,8,0.3722718253968254,0.0,2.0,5.372418387741505,0.0,1.0
decode,conversation,1,4,3,16,previous_window,504,8,0.37648809523809523,0.0,2.0,5.312252964426878,0.0013667992047713719,0.9979688965772464
decode,conversation,1,4,3,16,static,504,8,0.34970238095238093,0.001984126984126984,2.0,5.719148936170213,0.0,1.0
decode,conversation,1,4,3,16,transition,504,8,0.5830853174603174,0.02976190476190476,2.0,3.4300297745640154,0.3188369781312127,0.5374974163270086
decode,conversation,1,4,3,32,domain_oracle,504,8,0.6227678571428571,0.01984126984126984,4.0,6.422939068100359,0.0,1.0
decode,conversation,1,4,3,32,previous_window,504,8,0.6202876984126984,0.025793650793650792,4.0,6.448620551779288,0.001180417495029821,0.9981804873430729
decode,conversation,1,4,3,32,static,504,8,0.6195436507936508,0.04365079365079365,4.0,6.456365092073659,0.0,1.0
decode,conversation,1,4,3,32,transition,504,8,0.7876984126984127,0.20634920634920634,4.0,5.07808564231738,0.21893638170974156,0.6490818362187074
decode,conversation,2,3,1,8,domain_oracle,504,8,0.2214781746031746,0.0,1.0,4.51511758118701,0.0,1.0
decode,conversation,2,3,1,8,previous_window,504,8,0.21552579365079366,0.0,1.0,4.639815880322209,0.0019880715705765406,0.9973863115016197
decode,conversation,2,3,1,8,static,504,8,0.17584325396825398,0.0,1.0,5.68688293370945,0.0,1.0
decode,conversation,2,3,1,8,transition,504,8,0.4935515873015873,0.0,1.0,2.0261306532663315,0.5096918489065606,0.37200096126537374
decode,conversation,2,3,1,16,domain_oracle,504,8,0.4107142857142857,0.0,2.0,4.869565217391305,0.0,1.0
decode,conversation,2,3,1,16,previous_window,504,8,0.39211309523809523,0.0,2.0,5.100569259962049,0.0013667992047713719,0.99804680687803
decode,conversation,2,3,1,16,static,504,8,0.39087301587301587,0.0,2.0,5.116751269035533,0.0,1.0
decode,conversation,2,3,1,16,transition,504,8,0.7103174603174603,0.08134920634920635,2.0,2.815642458100559,0.363941351888668,0.5005921786344157
decode,conversation,2,3,1,32,domain_oracle,504,8,0.6577380952380952,0.03373015873015873,4.0,6.081447963800905,0.0,1.0
decode,conversation,2,3,1,32,previous_window,504,8,0.6530257936507936,0.051587301587301584,4.0,6.125332320546905,0.0009319085487077535,0.9984911046541266
decode,conversation,2,3,1,32,static,504,8,0.683531746031746,0.05555555555555555,4.0,5.851959361393324,0.0,1.0
decode,conversation,2,3,1,32,transition,504,8,0.9030257936507936,0.48412698412698413,4.0,4.429552320790991,0.23713966202783301,0.6313024822492718
decode,conversation,2,4,2,8,domain_oracle,504,8,0.2152777777777778,0.0,1.0,4.645161290322581,0.0,1.0
decode,conversation,2,4,2,8,previous_window,504,8,0.21726190476190477,0.0,1.0,4.602739726027397,0.001242544731610338,0.9981203686969095
decode,conversation,2,4,2,8,static,504,8,0.1817956349206349,0.0,1.0,5.5006821282401095,0.0,1.0
decode,conversation,2,4,2,8,transition,504,8,0.44047619047619047,0.0,1.0,2.27027027027027,0.393389662027833,0.46919490935395436
decode,conversation,2,4,2,16,domain_oracle,504,8,0.3722718253968254,0.0,2.0,5.372418387741505,0.0,1.0
decode,conversation,2,4,2,16,previous_window,504,8,0.37648809523809523,0.0,2.0,5.312252964426878,0.0013667992047713719,0.9979688965772464
decode,conversation,2,4,2,16,static,504,8,0.34970238095238093,0.001984126984126984,2.0,5.719148936170213,0.0,1.0
decode,conversation,2,4,2,16,transition,504,8,0.6560019841269841,0.06547619047619048,2.0,3.048771266540643,0.35785288270377735,0.5024961903074753
decode,conversation,2,4,2,32,domain_oracle,504,8,0.6227678571428571,0.01984126984126984,4.0,6.422939068100359,0.0,1.0
decode,conversation,2,4,2,32,previous_window,504,8,0.6202876984126984,0.025793650793650792,4.0,6.448620551779288,0.001180417495029821,0.9981804873430729
decode,conversation,2,4,2,32,static,504,8,0.6195436507936508,0.04365079365079365,4.0,6.456365092073659,0.0,1.0
decode,conversation,2,4,2,32,transition,504,8,0.847718253968254,0.28174603174603174,4.0,4.718548858981861,0.2504348906560636,0.6142707117912943
decode,conversation,2,5,3,8,domain_oracle,504,8,0.1974206349206349,0.0,1.0,5.065326633165829,0.0,1.0
decode,conversation,2,5,3,8,previous_window,504,8,0.18551587301587302,0.0,1.0,5.390374331550802,0.0022365805168986083,0.9971453331294287
decode,conversation,2,5,3,8,static,504,8,0.18799603174603174,0.0,1.0,5.319261213720317,0.0,1.0
decode,conversation,2,5,3,8,transition,504,8,0.4072420634920635,0.0,1.0,2.455542021924482,0.4249502982107356,0.44067904704087546
decode,conversation,2,5,3,16,domain_oracle,504,8,0.3759920634920635,0.0,2.0,5.319261213720317,0.0,1.0
decode,conversation,2,5,3,16,previous_window,504,8,0.33978174603174605,0.0,2.0,5.886131386861313,0.001863817097415507,0.997484185794325
decode,conversation,2,5,3,16,static,504,8,0.3638392857142857,0.005952380952380952,2.0,5.4969325153374236,0.0,1.0
decode,conversation,2,5,3,16,transition,504,8,0.6212797619047619,0.047619047619047616,2.0,3.2191616766467064,0.3475397614314115,0.5195317418250579
decode,conversation,2,5,3,32,domain_oracle,504,8,0.6376488095238095,0.057539682539682536,4.0,6.273045507584597,0.0,1.0
decode,conversation,2,5,3,32,previous_window,504,8,0.6118551587301587,0.0496031746031746,4.0,6.537494933117146,0.001180417495029821,0.9981804873430729
decode,conversation,2,5,3,32,static,504,8,0.5969742063492064,0.08134920634920635,4.0,6.700457000415455,0.0,1.0
decode,conversation,2,5,3,32,transition,504,8,0.8368055555555556,0.30357142857142855,4.0,4.780082987551867,0.2411158051689861,0.6254502982075503
decode,conversation,3,4,1,8,domain_oracle,504,8,0.2152777777777778,0.0,1.0,4.645161290322581,0.0,1.0
decode,conversation,3,4,1,8,previous_window,504,8,0.21726190476190477,0.0,1.0,4.602739726027397,0.001242544731610338,0.9981203686969095
decode,conversation,3,4,1,8,static,504,8,0.1817956349206349,0.0,1.0,5.5006821282401095,0.0,1.0
decode,conversation,3,4,1,8,transition,504,8,0.4779265873015873,0.001984126984126984,1.0,2.0923715620134926,0.4634691848906561,0.40607468519993273
decode,conversation,3,4,1,16,domain_oracle,504,8,0.3722718253968254,0.0,2.0,5.372418387741505,0.0,1.0
decode,conversation,3,4,1,16,previous_window,504,8,0.37648809523809523,0.0,2.0,5.312252964426878,0.0013667992047713719,0.9979688965772464
decode,conversation,3,4,1,16,static,504,8,0.34970238095238093,0.001984126984126984,2.0,5.719148936170213,0.0,1.0
decode,conversation,3,4,1,16,transition,504,8,0.6981646825396826,0.07936507936507936,2.0,2.8646536412078154,0.4132703777335984,0.4565987416618533
decode,conversation,3,4,1,32,domain_oracle,504,8,0.6227678571428571,0.01984126984126984,4.0,6.422939068100359,0.0,1.0
decode,conversation,3,4,1,32,previous_window,504,8,0.6202876984126984,0.025793650793650792,4.0,6.448620551779288,0.001180417495029821,0.9981804873430729
decode,conversation,3,4,1,32,static,504,8,0.6195436507936508,0.04365079365079365,4.0,6.456365092073659,0.0,1.0
decode,conversation,3,4,1,32,transition,504,8,0.8764880952380952,0.3948412698412698,4.0,4.5636672325976235,0.29827286282306165,0.5673743896422181
decode,conversation,3,5,2,8,domain_oracle,504,8,0.1974206349206349,0.0,1.0,5.065326633165829,0.0,1.0
decode,conversation,3,5,2,8,previous_window,504,8,0.18551587301587302,0.0,1.0,5.390374331550802,0.0022365805168986083,0.9971453331294287
decode,conversation,3,5,2,8,static,504,8,0.18799603174603174,0.0,1.0,5.319261213720317,0.0,1.0
decode,conversation,3,5,2,8,transition,504,8,0.45634920634920634,0.001984126984126984,1.0,2.1913043478260867,0.48881709741550694,0.383994754968909
decode,conversation,3,5,2,16,domain_oracle,504,8,0.3759920634920635,0.0,2.0,5.319261213720317,0.0,1.0
decode,conversation,3,5,2,16,previous_window,504,8,0.33978174603174605,0.0,2.0,5.886131386861313,0.001863817097415507,0.997484185794325
decode,conversation,3,5,2,16,static,504,8,0.3638392857142857,0.005952380952380952,2.0,5.4969325153374236,0.0,1.0
decode,conversation,3,5,2,16,transition,504,8,0.6711309523809523,0.07341269841269842,2.0,2.9800443458980044,0.4220924453280318,0.4553992315535257
decode,conversation,3,5,2,32,domain_oracle,504,8,0.6376488095238095,0.057539682539682536,4.0,6.273045507584597,0.0,1.0
decode,conversation,3,5,2,32,previous_window,504,8,0.6118551587301587,0.0496031746031746,4.0,6.537494933117146,0.001180417495029821,0.9981804873430729
decode,conversation,3,5,2,32,static,504,8,0.5969742063492064,0.08134920634920635,4.0,6.700457000415455,0.0,1.0
decode,conversation,3,5,2,32,transition,504,8,0.8809523809523809,0.42857142857142855,4.0,4.54054054054054,0.3033051689860835,0.5633906094497106
decode,conversation,3,6,3,8,domain_oracle,504,8,0.24107142857142858,0.0,1.0,4.148148148148148,0.0,1.0
decode,conversation,3,6,3,8,previous_window,504,8,0.21850198412698413,0.0,1.0,4.576617480136209,0.0022365805168986083,0.9971453331294287
decode,conversation,3,6,3,8,static,504,8,0.18625992063492064,0.0,1.0,5.36884154460719,0.0,1.0
decode,conversation,3,6,3,8,transition,504,8,0.45535714285714285,0.001984126984126984,1.0,2.196078431372549,0.44209741550695825,0.43273797110775153
decode,conversation,3,6,3,16,domain_oracle,504,8,0.4558531746031746,0.0,2.0,4.387377584330794,0.0,1.0
decode,conversation,3,6,3,16,previous_window,504,8,0.41790674603174605,0.0,2.0,4.785756676557863,0.0011182902584493041,0.9982580706238758
decode,conversation,3,6,3,16,static,504,8,0.40153769841269843,0.0,2.0,4.980852378011118,0.0,1.0
decode,conversation,3,6,3,16,transition,504,8,0.6981646825396826,0.10119047619047619,2.0,2.8646536412078154,0.3553677932405567,0.5151549016822916
decode,conversation,3,6,3,32,domain_oracle,504,8,0.6830357142857143,0.051587301587301584,4.0,5.856209150326797,0.0,1.0
decode,conversation,3,6,3,32,previous_window,504,8,0.6589781746031746,0.05357142857142857,4.0,6.070003763643206,0.001180417495029821,0.9982019306074972
decode,conversation,3,6,3,32,static,504,8,0.652281746031746,0.06746031746031746,4.0,6.132319391634981,0.0,1.0
decode,conversation,3,6,3,32,transition,504,8,0.8608630952380952,0.3630952380952381,4.0,4.646499567847883,0.2638543737574553,0.6062705496847142
decode,conversation,4,5,1,8,domain_oracle,504,8,0.1974206349206349,0.0,1.0,5.065326633165829,0.0,1.0
decode,conversation,4,5,1,8,previous_window,504,8,0.18551587301587302,0.0,1.0,5.390374331550802,0.0022365805168986083,0.9971453331294287
decode,conversation,4,5,1,8,static,504,8,0.18799603174603174,0.0,1.0,5.319261213720317,0.0,1.0
decode,conversation,4,5,1,8,transition,504,8,0.4833829365079365,0.0,1.0,2.068753206772704,0.47912524850894633,0.39590628059812866
decode,conversation,4,5,1,16,domain_oracle,504,8,0.3759920634920635,0.0,2.0,5.319261213720317,0.0,1.0
decode,conversation,4,5,1,16,previous_window,504,8,0.33978174603174605,0.0,2.0,5.886131386861313,0.001863817097415507,0.997484185794325
decode,conversation,4,5,1,16,static,504,8,0.3638392857142857,0.005952380952380952,2.0,5.4969325153374236,0.0,1.0
decode,conversation,4,5,1,16,transition,504,8,0.6902281746031746,0.06746031746031746,2.0,2.897592526051024,0.4138916500994036,0.4618957244734465
decode,conversation,4,5,1,32,domain_oracle,504,8,0.6376488095238095,0.057539682539682536,4.0,6.273045507584597,0.0,1.0
decode,conversation,4,5,1,32,previous_window,504,8,0.6118551587301587,0.0496031746031746,4.0,6.537494933117146,0.001180417495029821,0.9981804873430729
decode,conversation,4,5,1,32,static,504,8,0.5969742063492064,0.08134920634920635,4.0,6.700457000415455,0.0,1.0
decode,conversation,4,5,1,32,transition,504,8,0.8888888888888888,0.4166666666666667,4.0,4.5,0.26932157057654077,0.600566985491822
decode,conversation,4,6,2,8,domain_oracle,504,8,0.24107142857142858,0.0,1.0,4.148148148148148,0.0,1.0
decode,conversation,4,6,2,8,previous_window,504,8,0.21850198412698413,0.0,1.0,4.576617480136209,0.0022365805168986083,0.9971453331294287
decode,conversation,4,6,2,8,static,504,8,0.18625992063492064,0.0,1.0,5.36884154460719,0.0,1.0
decode,conversation,4,6,2,8,transition,504,8,0.46750992063492064,0.0,1.0,2.1389920424403184,0.42768389662027834,0.4475531978514079
decode,conversation,4,6,2,16,domain_oracle,504,8,0.4558531746031746,0.0,2.0,4.387377584330794,0.0,1.0
decode,conversation,4,6,2,16,previous_window,504,8,0.41790674603174605,0.0,2.0,4.785756676557863,0.0011182902584493041,0.9982580706238758
decode,conversation,4,6,2,16,static,504,8,0.40153769841269843,0.0,2.0,4.980852378011118,0.0,1.0
decode,conversation,4,6,2,16,transition,504,8,0.6971726190476191,0.09722222222222222,2.0,2.8687299893276412,0.3448061630218688,0.5266222049180891
decode,conversation,4,6,2,32,domain_oracle,504,8,0.6830357142857143,0.051587301587301584,4.0,5.856209150326797,0.0,1.0
decode,conversation,4,6,2,32,previous_window,504,8,0.6589781746031746,0.05357142857142857,4.0,6.070003763643206,0.001180417495029821,0.9982019306074972
decode,conversation,4,6,2,32,static,504,8,0.652281746031746,0.06746031746031746,4.0,6.132319391634981,0.0,1.0
decode,conversation,4,6,2,32,transition,504,8,0.8745039682539683,0.373015873015873,4.0,4.57402155416903,0.23465457256461233,0.6409152253012974
decode,conversation,4,7,3,8,domain_oracle,504,8,0.20634920634920634,0.0,1.0,4.846153846153846,0.0,1.0
decode,conversation,4,7,3,8,previous_window,504,8,0.20907738095238096,0.0,1.0,4.782918149466192,0.0022365805168986083,0.9971453331294287
decode,conversation,4,7,3,8,static,504,8,0.1746031746031746,0.0,1.0,5.7272727272727275,0.0,1.0
decode,conversation,4,7,3,8,transition,504,8,0.48040674603174605,0.001984126984126984,1.0,2.081569437274135,0.44781312127236583,0.4316097862817533
decode,conversation,4,7,3,16,domain_oracle,504,8,0.40128968253968256,0.001984126984126984,2.0,4.983930778739184,0.0,1.0
decode,conversation,4,7,3,16,previous_window,504,8,0.3940972222222222,0.0,2.0,5.07488986784141,0.001242544731610338,0.9981065985042128
decode,conversation,4,7,3,16,static,504,8,0.3802083333333333,0.001984126984126984,2.0,5.260273972602739,0.0,1.0
decode,conversation,4,7,3,16,transition,504,8,0.7155257936507936,0.11507936507936507,2.0,2.795147313691508,0.3850646123260437,0.48806317482791356
decode,conversation,4,7,3,32,domain_oracle,504,8,0.6746031746031746,0.04365079365079365,4.0,5.929411764705883,0.0,1.0
decode,conversation,4,7,3,32,previous_window,504,8,0.636656746031746,0.03571428571428571,4.0,6.282820412933385,0.0010561630218687873,0.9983396325344636
decode,conversation,4,7,3,32,static,504,8,0.6552579365079365,0.12301587301587301,4.0,6.10446631339894,0.0,1.0
decode,conversation,4,7,3,32,transition,504,8,0.9067460317460317,0.4880952380952381,4.0,4.411378555798687,0.26410288270377735,0.6075654198691374
decode,conversation,5,6,1,8,domain_oracle,504,8,0.24107142857142858,0.0,1.0,4.148148148148148,0.0,1.0
decode,conversation,5,6,1,8,previous_window,504,8,0.21850198412698413,0.0,1.0,4.576617480136209,0.0022365805168986083,0.9971453331294287
decode,conversation,5,6,1,8,static,504,8,0.18625992063492064,0.0,1.0,5.36884154460719,0.0,1.0
decode,conversation,5,6,1,8,transition,504,8,0.49503968253968256,0.0,1.0,2.0200400801603204,0.45825049701789267,0.4228377321816673
decode,conversation,5,6,1,16,domain_oracle,504,8,0.4558531746031746,0.0,2.0,4.387377584330794,0.0,1.0
decode,conversation,5,6,1,16,previous_window,504,8,0.41790674603174605,0.0,2.0,4.785756676557863,0.0011182902584493041,0.9982580706238758
decode,conversation,5,6,1,16,static,504,8,0.40153769841269843,0.0,2.0,4.980852378011118,0.0,1.0
decode,conversation,5,6,1,16,transition,504,8,0.7224702380952381,0.11904761904761904,2.0,2.768280123583934,0.3731361829025845,0.5001968090685227
decode,conversation,5,6,1,32,domain_oracle,504,8,0.6830357142857143,0.051587301587301584,4.0,5.856209150326797,0.0,1.0
decode,conversation,5,6,1,32,previous_window,504,8,0.6589781746031746,0.05357142857142857,4.0,6.070003763643206,0.001180417495029821,0.9982019306074972
decode,conversation,5,6,1,32,static,504,8,0.652281746031746,0.06746031746031746,4.0,6.132319391634981,0.0,1.0
decode,conversation,5,6,1,32,transition,504,8,0.8839285714285714,0.4246031746031746,4.0,4.525252525252525,0.2485710735586481,0.6289727852627673
decode,conversation,5,7,2,8,domain_oracle,504,8,0.20634920634920634,0.0,1.0,4.846153846153846,0.0,1.0
decode,conversation,5,7,2,8,previous_window,504,8,0.20907738095238096,0.0,1.0,4.782918149466192,0.0022365805168986083,0.9971453331294287
decode,conversation,5,7,2,8,static,504,8,0.1746031746031746,0.0,1.0,5.7272727272727275,0.0,1.0
decode,conversation,5,7,2,8,transition,504,8,0.4955357142857143,0.001984126984126984,1.0,2.018018018018018,0.474155069582505,0.41227396416263073
decode,conversation,5,7,2,16,domain_oracle,504,8,0.40128968253968256,0.001984126984126984,2.0,4.983930778739184,0.0,1.0
decode,conversation,5,7,2,16,previous_window,504,8,0.3940972222222222,0.0,2.0,5.07488986784141,0.001242544731610338,0.9981065985042128
decode,conversation,5,7,2,16,static,504,8,0.3802083333333333,0.001984126984126984,2.0,5.260273972602739,0.0,1.0
decode,conversation,5,7,2,16,transition,504,8,0.7423115079365079,0.15476190476190477,2.0,2.6942866688940863,0.393265407554672,0.48268125328039474
decode,conversation,5,7,2,32,domain_oracle,504,8,0.6746031746031746,0.04365079365079365,4.0,5.929411764705883,0.0,1.0
decode,conversation,5,7,2,32,previous_window,504,8,0.636656746031746,0.03571428571428571,4.0,6.282820412933385,0.0010561630218687873,0.9983396325344636
decode,conversation,5,7,2,32,static,504,8,0.6552579365079365,0.12301587301587301,4.0,6.10446631339894,0.0,1.0
decode,conversation,5,7,2,32,transition,504,8,0.9122023809523809,0.5138888888888888,4.0,4.3849918433931485,0.2587599403578529,0.6161926228408162
decode,conversation,5,8,3,8,domain_oracle,504,8,0.21552579365079366,0.0,1.0,4.639815880322209,0.0,1.0
decode,conversation,5,8,3,8,previous_window,504,8,0.21800595238095238,0.0,1.0,4.587030716723549,0.0017395626242544733,0.997675485548249
decode,conversation,5,8,3,8,static,504,8,0.17162698412698413,0.0,1.0,5.826589595375722,0.0,1.0
decode,conversation,5,8,3,8,transition,504,8,0.5496031746031746,0.0,1.0,1.8194945848375452,0.5134194831013916,0.3794526657349708
decode,conversation,5,8,3,16,domain_oracle,504,8,0.408234126984127,0.0,2.0,4.899149453219927,0.0,1.0
decode,conversation,5,8,3,16,previous_window,504,8,0.4176587301587302,0.001984126984126984,2.0,4.788598574821853,0.0009940357852882703,0.9984095427435389
decode,conversation,5,8,3,16,static,504,8,0.3568948412698413,0.0,2.0,5.603891591382904,0.0,1.0
decode,conversation,5,8,3,16,transition,504,8,0.7628968253968254,0.17261904761904762,2.0,2.6215864759427827,0.40308151093439365,0.47206324820867196
decode,conversation,5,8,3,32,domain_oracle,504,8,0.6996527777777778,0.13690476190476192,4.0,5.71712158808933,0.0,1.0
decode,conversation,5,8,3,32,previous_window,504,8,0.6872519841269841,0.1130952380952381,4.0,5.82028148682786,0.0008076540755467197,0.9986585212074383
decode,conversation,5,8,3,32,static,504,8,0.6671626984126984,0.04563492063492063,4.0,5.995539033457249,0.0,1.0
decode,conversation,5,8,3,32,transition,504,8,0.9389880952380952,0.6488095238095238,4.0,4.259904912836767,0.27435387673956263,0.5946417732585895
decode,conversation,6,7,1,8,domain_oracle,504,8,0.20634920634920634,0.0,1.0,4.846153846153846,0.0,1.0
decode,conversation,6,7,1,8,previous_window,504,8,0.20907738095238096,0.0,1.0,4.782918149466192,0.0022365805168986083,0.9971453331294287
decode,conversation,6,7,1,8,static,504,8,0.1746031746031746,0.0,1.0,5.7272727272727275,0.0,1.0
decode,conversation,6,7,1,8,transition,504,8,0.5233134920634921,0.001984126984126984,1.0,1.9109004739336493,0.5067097415506958,0.37983637745069004
decode,conversation,6,7,1,16,domain_oracle,504,8,0.40128968253968256,0.001984126984126984,2.0,4.983930778739184,0.0,1.0
decode,conversation,6,7,1,16,previous_window,504,8,0.3940972222222222,0.0,2.0,5.07488986784141,0.001242544731610338,0.9981065985042128
decode,conversation,6,7,1,16,static,504,8,0.3802083333333333,0.001984126984126984,2.0,5.260273972602739,0.0,1.0
decode,conversation,6,7,1,16,transition,504,8,0.7475198412698413,0.14682539682539683,2.0,2.6755142667551426,0.4254473161033797,0.448308906256981
decode,conversation,6,7,1,32,domain_oracle,504,8,0.6746031746031746,0.04365079365079365,4.0,5.929411764705883,0.0,1.0
decode,conversation,6,7,1,32,previous_window,504,8,0.636656746031746,0.03571428571428571,4.0,6.282820412933385,0.0010561630218687873,0.9983396325344636
decode,conversation,6,7,1,32,static,504,8,0.6552579365079365,0.12301587301587301,4.0,6.10446631339894,0.0,1.0
decode,conversation,6,7,1,32,transition,504,8,0.9226190476190477,0.5496031746031746,4.0,4.335483870967742,0.2826789264413519,0.5901731571803321
decode,conversation,6,8,2,8,domain_oracle,504,8,0.21552579365079366,0.0,1.0,4.639815880322209,0.0,1.0
decode,conversation,6,8,2,8,previous_window,504,8,0.21800595238095238,0.0,1.0,4.587030716723549,0.0017395626242544733,0.997675485548249
decode,conversation,6,8,2,8,static,504,8,0.17162698412698413,0.0,1.0,5.826589595375722,0.0,1.0
decode,conversation,6,8,2,8,transition,504,8,0.5815972222222222,0.007936507936507936,1.0,1.7194029850746269,0.5459741550695825,0.345190263679328
decode,conversation,6,8,2,16,domain_oracle,504,8,0.408234126984127,0.0,2.0,4.899149453219927,0.0,1.0
decode,conversation,6,8,2,16,previous_window,504,8,0.4176587301587302,0.001984126984126984,2.0,4.788598574821853,0.0009940357852882703,0.9984095427435389
decode,conversation,6,8,2,16,static,504,8,0.3568948412698413,0.0,2.0,5.603891591382904,0.0,1.0
decode,conversation,6,8,2,16,transition,504,8,0.7911706349206349,0.19642857142857142,2.0,2.527899686520376,0.4382455268389662,0.4384674379854084
decode,conversation,6,8,2,32,domain_oracle,504,8,0.6996527777777778,0.13690476190476192,4.0,5.71712158808933,0.0,1.0
decode,conversation,6,8,2,32,previous_window,504,8,0.6872519841269841,0.1130952380952381,4.0,5.82028148682786,0.0008076540755467197,0.9986585212074383
decode,conversation,6,8,2,32,static,504,8,0.6671626984126984,0.04563492063492063,4.0,5.995539033457249,0.0,1.0
decode,conversation,6,8,2,32,transition,504,8,0.9546130952380952,0.7103174603174603,4.0,4.190179267342167,0.2977758449304175,0.569113804933506
decode,conversation,6,9,3,8,domain_oracle,504,8,0.19593253968253968,0.0,1.0,5.10379746835443,0.0,1.0
decode,conversation,6,9,3,8,previous_window,504,8,0.2078373015873016,0.0,1.0,4.81145584725537,0.0022365805168986083,0.9971453331294285
decode,conversation,6,9,3,8,static,504,8,0.1827876984126984,0.0,1.0,5.470827679782904,0.0,1.0
decode,conversation,6,9,3,8,transition,504,8,0.5486111111111112,0.0,1.0,1.8227848101265822,0.5501988071570576,0.3384496219486268
decode,conversation,6,9,3,16,domain_oracle,504,8,0.37475198412698413,0.0,2.0,5.3368630046326935,0.0,1.0
decode,conversation,6,9,3,16,previous_window,504,8,0.3834325396825397,0.001984126984126984,2.0,5.216041397153946,0.0011182902584493041,0.9982580706238758
decode,conversation,6,9,3,16,static,504,8,0.35466269841269843,0.0,2.0,5.639160839160839,0.0,1.0
decode,conversation,6,9,3,16,transition,504,8,0.798859126984127,0.2400793650793651,2.0,2.503570319776467,0.4908051689860835,0.3957191194997575
decode,conversation,6,9,3,32,domain_oracle,504,8,0.6592261904761905,0.06746031746031746,4.0,6.067720090293454,0.0,1.0
decode,conversation,6,9,3,32,previous_window,504,8,0.6411210317460317,0.07341269841269842,4.0,6.239071566731141,0.0008697813121272366,0.9985769592968505
decode,conversation,6,9,3,32,static,504,8,0.6254960317460317,0.027777777777777776,4.0,6.3949246629659005,0.0,1.0
decode,conversation,6,9,3,32,transition,504,8,0.949156746031746,0.6884920634920635,4.0,4.214267049908544,0.31703528827037775,0.5517054220549568
decode,conversation,7,8,1,8,domain_oracle,504,8,0.21552579365079366,0.0,1.0,4.639815880322209,0.0,1.0
decode,conversation,7,8,1,8,previous_window,504,8,0.21800595238095238,0.0,1.0,4.587030716723549,0.0017395626242544733,0.997675485548249
decode,conversation,7,8,1,8,static,504,8,0.17162698412698413,0.0,1.0,5.826589595375722,0.0,1.0
decode,conversation,7,8,1,8,transition,504,8,0.5815972222222222,0.017857142857142856,1.0,1.7194029850746269,0.5556660039761432,0.3444253118209365
decode,conversation,7,8,1,16,domain_oracle,504,8,0.408234126984127,0.0,2.0,4.899149453219927,0.0,1.0
decode,conversation,7,8,1,16,previous_window,504,8,0.4176587301587302,0.001984126984126984,2.0,4.788598574821853,0.0009940357852882703,0.9984095427435389
decode,conversation,7,8,1,16,static,504,8,0.3568948412698413,0.0,2.0,5.603891591382904,0.0,1.0
decode,conversation,7,8,1,16,transition,504,8,0.7958829365079365,0.2261904761904762,2.0,2.5129323776877532,0.4382455268389662,0.44246759291242377
decode,conversation,7,8,1,32,domain_oracle,504,8,0.6996527777777778,0.13690476190476192,4.0,5.71712158808933,0.0,1.0
decode,conversation,7,8,1,32,previous_window,504,8,0.6872519841269841,0.1130952380952381,4.0,5.82028148682786,0.0008076540755467197,0.9986585212074383
decode,conversation,7,8,1,32,static,504,8,0.6671626984126984,0.04563492063492063,4.0,5.995539033457249,0.0,1.0
decode,conversation,7,8,1,32,transition,504,8,0.9595734126984127,0.75,4.0,4.168518997156888,0.3092693836978131,0.5576006423760707
decode,conversation,7,9,2,8,domain_oracle,504,8,0.19593253968253968,0.0,1.0,5.10379746835443,0.0,1.0
decode,conversation,7,9,2,8,previous_window,504,8,0.2078373015873016,0.0,1.0,4.81145584725537,0.0022365805168986083,0.9971453331294285
decode,conversation,7,9,2,8,static,504,8,0.1827876984126984,0.0,1.0,5.470827679782904,0.0,1.0
decode,conversation,7,9,2,8,transition,504,8,0.5637400793650794,0.0,1.0,1.7738671359436868,0.5646123260437376,0.3301362653251307
decode,conversation,7,9,2,16,domain_oracle,504,8,0.37475198412698413,0.0,2.0,5.3368630046326935,0.0,1.0
decode,conversation,7,9,2,16,previous_window,504,8,0.3834325396825397,0.001984126984126984,2.0,5.216041397153946,0.0011182902584493041,0.9982580706238758
decode,conversation,7,9,2,16,static,504,8,0.35466269841269843,0.0,2.0,5.639160839160839,0.0,1.0
decode,conversation,7,9,2,16,transition,504,8,0.8117559523809523,0.24404761904761904,2.0,2.463794683776352,0.4947813121272366,0.3987978140678021
decode,conversation,7,9,2,32,domain_oracle,504,8,0.6592261904761905,0.06746031746031746,4.0,6.067720090293454,0.0,1.0
decode,conversation,7,9,2,32,previous_window,504,8,0.6411210317460317,0.07341269841269842,4.0,6.239071566731141,0.0008697813121272366,0.9985769592968505
decode,conversation,7,9,2,32,static,504,8,0.6254960317460317,0.027777777777777776,4.0,6.3949246629659005,0.0,1.0
decode,conversation,7,9,2,32,transition,504,8,0.9585813492063492,0.7380952380952381,4.0,4.172833117723156,0.3308275347912525,0.5378272566659893
decode,conversation,7,10,3,8,domain_oracle,504,8,0.19866071428571427,0.0,1.0,5.033707865168539,0.0,1.0
decode,conversation,7,10,3,8,previous_window,504,8,0.19419642857142858,0.0,1.0,5.149425287356322,0.0017395626242544733,0.9975902162780891
decode,conversation,7,10,3,8,static,504,8,0.18377976190476192,0.0,1.0,5.441295546558704,0.0,1.0
decode,conversation,7,10,3,8,transition,504,8,0.5711805555555556,0.007936507936507936,1.0,1.750759878419453,0.6135685884691849,0.30649562498468924
decode,conversation,7,10,3,16,domain_oracle,504,8,0.37276785714285715,0.0,2.0,5.365269461077844,0.0,1.0
decode,conversation,7,10,3,16,previous_window,504,8,0.3784722222222222,0.0,2.0,5.284403669724771,0.001242544731610338,0.9981065985042128
decode,conversation,7,10,3,16,static,504,8,0.37971230158730157,0.0,2.0,5.267145656433703,0.0,1.0
decode,conversation,7,10,3,16,transition,504,8,0.8045634920634921,0.25595238095238093,2.0,2.4858199753390875,0.5116799204771372,0.3852879064092103
decode,conversation,7,10,3,32,domain_oracle,504,8,0.6716269841269841,0.03968253968253968,4.0,5.955686853766617,0.0,1.0
decode,conversation,7,10,3,32,previous_window,504,8,0.6604662698412699,0.04563492063492063,4.0,6.056327450244086,0.0007455268389662028,0.9987443758501622
decode,conversation,7,10,3,32,static,504,8,0.625,0.031746031746031744,4.0,6.4,0.0,1.0
decode,conversation,7,10,3,32,transition,504,8,0.9479166666666666,0.6706349206349206,4.0,4.21978021978022,0.3289015904572565,0.5462121860001724
decode,conversation,8,9,1,8,domain_oracle,504,8,0.19593253968253968,0.0,1.0,5.10379746835443,0.0,1.0
decode,conversation,8,9,1,8,previous_window,504,8,0.2078373015873016,0.0,1.0,4.81145584725537,0.0022365805168986083,0.9971453331294285
decode,conversation,8,9,1,8,static,504,8,0.1827876984126984,0.0,1.0,5.470827679782904,0.0,1.0
decode,conversation,8,9,1,8,transition,504,8,0.5935019841269841,0.001984126984126984,1.0,1.6849143334726284,0.5797713717693836,0.31959134305058634
decode,conversation,8,9,1,16,domain_oracle,504,8,0.37475198412698413,0.0,2.0,5.3368630046326935,0.0,1.0
decode,conversation,8,9,1,16,previous_window,504,8,0.3834325396825397,0.001984126984126984,2.0,5.216041397153946,0.0011182902584493041,0.9982580706238758
decode,conversation,8,9,1,16,static,504,8,0.35466269841269843,0.0,2.0,5.639160839160839,0.0,1.0
decode,conversation,8,9,1,16,transition,504,8,0.8296130952380952,0.27976190476190477,2.0,2.410762331838565,0.5214960238568589,0.3735688077528835
decode,conversation,8,9,1,32,domain_oracle,504,8,0.6592261904761905,0.06746031746031746,4.0,6.067720090293454,0.0,1.0
decode,conversation,8,9,1,32,previous_window,504,8,0.6411210317460317,0.07341269841269842,4.0,6.239071566731141,0.0008697813121272366,0.9985769592968505
decode,conversation,8,9,1,32,static,504,8,0.6254960317460317,0.027777777777777776,4.0,6.3949246629659005,0.0,1.0
decode,conversation,8,9,1,32,transition,504,8,0.9749503968253969,0.8253968253968254,4.0,4.1027728313406255,0.3595924453280318,0.5137361785608859
decode,conversation,8,10,2,8,domain_oracle,504,8,0.19866071428571427,0.0,1.0,5.033707865168539,0.0,1.0
decode,conversation,8,10,2,8,previous_window,504,8,0.19419642857142858,0.0,1.0,5.149425287356322,0.0017395626242544733,0.9975902162780891
decode,conversation,8,10,2,8,static,504,8,0.18377976190476192,0.0,1.0,5.441295546558704,0.0,1.0
decode,conversation,8,10,2,8,transition,504,8,0.6192956349206349,0.011904761904761904,1.0,1.6147376852222668,0.643389662027833,0.28183616692562896
decode,conversation,8,10,2,16,domain_oracle,504,8,0.37276785714285715,0.0,2.0,5.365269461077844,0.0,1.0
decode,conversation,8,10,2,16,previous_window,504,8,0.3784722222222222,0.0,2.0,5.284403669724771,0.001242544731610338,0.9981065985042128
decode,conversation,8,10,2,16,static,504,8,0.37971230158730157,0.0,2.0,5.267145656433703,0.0,1.0
decode,conversation,8,10,2,16,transition,504,8,0.8412698412698413,0.31547619047619047,2.0,2.3773584905660377,0.5544234592445328,0.34836468377647356
decode,conversation,8,10,2,32,domain_oracle,504,8,0.6716269841269841,0.03968253968253968,4.0,5.955686853766617,0.0,1.0
decode,conversation,8,10,2,32,previous_window,504,8,0.6604662698412699,0.04563492063492063,4.0,6.056327450244086,0.0007455268389662028,0.9987443758501622
decode,conversation,8,10,2,32,static,504,8,0.625,0.031746031746031744,4.0,6.4,0.0,1.0
decode,conversation,8,10,2,32,transition,504,8,0.9632936507936508,0.75,4.0,4.1524201853759015,0.3510188866799205,0.5256760489771476
decode,conversation,8,11,3,8,domain_oracle,504,8,0.17906746031746032,0.0,1.0,5.584487534626039,0.0,1.0
decode,conversation,8,11,3,8,previous_window,504,8,0.17237103174603174,0.0,1.0,5.8014388489208635,0.002485089463220676,0.9970600638592687
decode,conversation,8,11,3,8,static,504,8,0.1644345238095238,0.0,1.0,6.081447963800905,0.0,1.0
decode,conversation,8,11,3,8,transition,504,8,0.5691964285714286,0.007936507936507936,1.0,1.7568627450980392,0.584741550695825,0.3168234901833297
decode,conversation,8,11,3,16,domain_oracle,504,8,0.3501984126984127,0.0,2.0,5.711048158640226,0.0,1.0
decode,conversation,8,11,3,16,previous_window,504,8,0.3400297619047619,0.003968253968253968,2.0,5.8818380743982495,0.001863817097415507,0.9974644884317285
decode,conversation,8,11,3,16,static,504,8,0.34250992063492064,0.0,2.0,5.839246922519913,0.0,1.0
decode,conversation,8,11,3,16,transition,504,8,0.7703373015873016,0.20436507936507936,2.0,2.5962652929813266,0.47365805168986086,0.40740121298891896
decode,conversation,8,11,3,32,domain_oracle,504,8,0.6599702380952381,0.07738095238095238,4.0,6.060879368658399,0.0,1.0
decode,conversation,8,11,3,32,previous_window,504,8,0.6304563492063492,0.08134920634920635,4.0,6.3446105428796225,0.0009319085487077535,0.9984993760160474
decode,conversation,8,11,3,32,static,504,8,0.6021825396825397,0.05952380952380952,4.0,6.642504118616145,0.0,1.0
decode,conversation,8,11,3,32,transition,504,8,0.9317956349206349,0.5952380952380952,4.0,4.29278679797711,0.30740556660039764,0.5617037352346065
decode,conversation,9,10,1,8,domain_oracle,504,8,0.19866071428571427,0.0,1.0,5.033707865168539,0.0,1.0
decode,conversation,9,10,1,8,previous_window,504,8,0.19419642857142858,0.0,1.0,5.149425287356322,0.0017395626242544733,0.9975902162780891
decode,conversation,9,10,1,8,static,504,8,0.18377976190476192,0.0,1.0,5.441295546558704,0.0,1.0
decode,conversation,9,10,1,8,transition,504,8,0.6525297619047619,0.01984126984126984,1.0,1.532497149372862,0.6806660039761432,0.25443860314635547
decode,conversation,9,10,1,16,domain_oracle,504,8,0.37276785714285715,0.0,2.0,5.365269461077844,0.0,1.0
decode,conversation,9,10,1,16,previous_window,504,8,0.3784722222222222,0.0,2.0,5.284403669724771,0.001242544731610338,0.9981065985042128
decode,conversation,9,10,1,16,static,504,8,0.37971230158730157,0.0,2.0,5.267145656433703,0.0,1.0
decode,conversation,9,10,1,16,transition,504,8,0.8546626984126984,0.32936507936507936,2.0,2.3401044689495065,0.5703280318091452,0.3306858006491103
decode,conversation,9,10,1,32,domain_oracle,504,8,0.6716269841269841,0.03968253968253968,4.0,5.955686853766617,0.0,1.0
decode,conversation,9,10,1,32,previous_window,504,8,0.6604662698412699,0.04563492063492063,4.0,6.056327450244086,0.0007455268389662028,0.9987443758501622
decode,conversation,9,10,1,32,static,504,8,0.625,0.031746031746031744,4.0,6.4,0.0,1.0
decode,conversation,9,10,1,32,transition,504,8,0.9694940476190477,0.7996031746031746,4.0,4.125863392171911,0.3724527833001988,0.4990691721211366
decode,conversation,9,11,2,8,domain_oracle,504,8,0.17906746031746032,0.0,1.0,5.584487534626039,0.0,1.0
decode,conversation,9,11,2,8,previous_window,504,8,0.17237103174603174,0.0,1.0,5.8014388489208635,0.002485089463220676,0.9970600638592687
decode,conversation,9,11,2,8,static,504,8,0.1644345238095238,0.0,1.0,6.081447963800905,0.0,1.0
decode,conversation,9,11,2,8,transition,504,8,0.6049107142857143,0.013888888888888888,1.0,1.6531365313653137,0.621272365805169,0.2906049550184724
decode,conversation,9,11,2,16,domain_oracle,504,8,0.3501984126984127,0.0,2.0,5.711048158640226,0.0,1.0
decode,conversation,9,11,2,16,previous_window,504,8,0.3400297619047619,0.003968253968253968,2.0,5.8818380743982495,0.001863817097415507,0.9974644884317285
decode,conversation,9,11,2,16,static,504,8,0.34250992063492064,0.0,2.0,5.839246922519913,0.0,1.0
decode,conversation,9,11,2,16,transition,504,8,0.7981150793650794,0.22420634920634921,2.0,2.5059042883778746,0.49403578528827036,0.38343516924378096
decode,conversation,9,11,2,32,domain_oracle,504,8,0.6599702380952381,0.07738095238095238,4.0,6.060879368658399,0.0,1.0
decode,conversation,9,11,2,32,previous_window,504,8,0.6304563492063492,0.08134920634920635,4.0,6.3446105428796225,0.0009319085487077535,0.9984993760160474
decode,conversation,9,11,2,32,static,504,8,0.6021825396825397,0.05952380952380952,4.0,6.642504118616145,0.0,1.0
decode,conversation,9,11,2,32,transition,504,8,0.9422123015873016,0.623015873015873,4.0,4.245327717820479,0.32430417495029823,0.5387856860447909
decode,conversation,9,12,3,8,domain_oracle,504,8,0.21180555555555555,0.0,1.0,4.721311475409836,0.0,1.0
decode,conversation,9,12,3,8,previous_window,504,8,0.21676587301587302,0.0,1.0,4.613272311212815,0.0014910536779324055,0.9978793903247184
decode,conversation,9,12,3,8,static,504,8,0.16865079365079366,0.0,1.0,5.929411764705883,0.0,1.0
decode,conversation,9,12,3,8,transition,504,8,0.5570436507936508,0.007936507936507936,1.0,1.7951914514692786,0.584741550695825,0.3201984231805292
decode,conversation,9,12,3,16,domain_oracle,504,8,0.3933531746031746,0.0,2.0,5.084489281210593,0.0,1.0
decode,conversation,9,12,3,16,previous_window,504,8,0.39285714285714285,0.001984126984126984,2.0,5.090909090909091,0.0011182902584493041,0.9982580706238758
decode,conversation,9,12,3,16,static,504,8,0.3179563492063492,0.007936507936507936,2.0,6.290171606864274,0.0,1.0
decode,conversation,9,12,3,16,transition,504,8,0.761656746031746,0.1884920634920635,2.0,2.625854770433084,0.4917992047713718,0.38590374268826133
decode,conversation,9,12,3,32,domain_oracle,504,8,0.6731150793650794,0.09523809523809523,4.0,5.942520265291083,0.0,1.0
decode,conversation,9,12,3,32,previous_window,504,8,0.6654265873015873,0.07936507936507936,4.0,6.011181513231457,0.0008697813121272366,0.9985769592968505
decode,conversation,9,12,3,32,static,504,8,0.6128472222222222,0.07738095238095238,4.0,6.526912181303116,0.0,1.0
decode,conversation,9,12,3,32,transition,504,8,0.9464285714285714,0.6944444444444444,4.0,4.226415094339623,0.3433151093439364,0.5164267825204116
decode,conversation,10,11,1,8,domain_oracle,504,8,0.17906746031746032,0.0,1.0,5.584487534626039,0.0,1.0
decode,conversation,10,11,1,8,previous_window,504,8,0.17237103174603174,0.0,1.0,5.8014388489208635,0.002485089463220676,0.9970600638592687
decode,conversation,10,11,1,8,static,504,8,0.1644345238095238,0.0,1.0,6.081447963800905,0.0,1.0
decode,conversation,10,11,1,8,transition,504,8,0.6254960317460317,0.007936507936507936,1.0,1.5987311657414751,0.6416500994035785,0.2682756607209876
decode,conversation,10,11,1,16,domain_oracle,504,8,0.3501984126984127,0.0,2.0,5.711048158640226,0.0,1.0
decode,conversation,10,11,1,16,previous_window,504,8,0.3400297619047619,0.003968253968253968,2.0,5.8818380743982495,0.001863817097415507,0.9974644884317285
decode,conversation,10,11,1,16,static,504,8,0.34250992063492064,0.0,2.0,5.839246922519913,0.0,1.0
decode,conversation,10,11,1,16,transition,504,8,0.8251488095238095,0.26587301587301587,2.0,2.42380522993688,0.4894383697813121,0.38373056508069253
decode,conversation,10,11,1,32,domain_oracle,504,8,0.6599702380952381,0.07738095238095238,4.0,6.060879368658399,0.0,1.0
decode,conversation,10,11,1,32,previous_window,504,8,0.6304563492063492,0.08134920634920635,4.0,6.3446105428796225,0.0009319085487077535,0.9984993760160474
decode,conversation,10,11,1,32,static,504,8,0.6021825396825397,0.05952380952380952,4.0,6.642504118616145,0.0,1.0
decode,conversation,10,11,1,32,transition,504,8,0.9486607142857143,0.6785714285714286,4.0,4.216470588235294,0.3312002982107356,0.5250018295821717
decode,conversation,10,12,2,8,domain_oracle,504,8,0.21180555555555555,0.0,1.0,4.721311475409836,0.0,1.0
decode,conversation,10,12,2,8,previous_window,504,8,0.21676587301587302,0.0,1.0,4.613272311212815,0.0014910536779324055,0.9978793903247184
decode,conversation,10,12,2,8,static,504,8,0.16865079365079366,0.0,1.0,5.929411764705883,0.0,1.0
decode,conversation,10,12,2,8,transition,504,8,0.5848214285714286,0.003968253968253968,1.0,1.7099236641221374,0.6023856858846919,0.2962038182714111
decode,conversation,10,12,2,16,domain_oracle,504,8,0.3933531746031746,0.0,2.0,5.084489281210593,0.0,1.0
decode,conversation,10,12,2,16,previous_window,504,8,0.39285714285714285,0.001984126984126984,2.0,5.090909090909091,0.0011182902584493041,0.9982580706238758
decode,conversation,10,12,2,16,static,504,8,0.3179563492063492,0.007936507936507936,2.0,6.290171606864274,0.0,1.0
decode,conversation,10,12,2,16,transition,504,8,0.7946428571428571,0.19444444444444445,2.0,2.5168539325842696,0.50360337972167,0.37156589724551037
decode,conversation,10,12,2,32,domain_oracle,504,8,0.6731150793650794,0.09523809523809523,4.0,5.942520265291083,0.0,1.0
decode,conversation,10,12,2,32,previous_window,504,8,0.6654265873015873,0.07936507936507936,4.0,6.011181513231457,0.0008697813121272366,0.9985769592968505
decode,conversation,10,12,2,32,static,504,8,0.6128472222222222,0.07738095238095238,4.0,6.526912181303116,0.0,1.0
decode,conversation,10,12,2,32,transition,504,8,0.9546130952380952,0.7242063492063492,4.0,4.190179267342167,0.3515159045725646,0.5031229158242382
decode,conversation,10,13,3,8,domain_oracle,504,8,0.17584325396825398,0.0,1.0,5.68688293370945,0.0,1.0
decode,conversation,10,13,3,8,previous_window,504,8,0.17956349206349206,0.0,1.0,5.569060773480663,0.002485089463220676,0.9969705576067404
decode,conversation,10,13,3,8,static,504,8,0.13442460317460317,0.0,1.0,7.439114391143911,0.0,1.0
decode,conversation,10,13,3,8,transition,504,8,0.5545634920634921,0.0,1.0,1.8032200357781754,0.7032803180914513,0.23710819774437994
decode,conversation,10,13,3,16,domain_oracle,504,8,0.36061507936507936,0.001984126984126984,2.0,5.546079779917469,0.0,1.0
decode,conversation,10,13,3,16,previous_window,504,8,0.3549107142857143,0.0,2.0,5.635220125786163,0.0013667992047713719,0.9979688965772465
decode,conversation,10,13,3,16,static,504,8,0.30084325396825395,0.0,2.0,6.6479802143446,0.0,1.0
decode,conversation,10,13,3,16,transition,504,8,0.7651289682539683,0.16865079365079366,2.0,2.613938411669368,0.5415009940357853,0.3457398175869051
decode,conversation,10,13,3,32,domain_oracle,504,8,0.6676587301587301,0.061507936507936505,4.0,5.991084695393759,0.0,1.0
decode,conversation,10,13,3,32,previous_window,504,8,0.6391369047619048,0.01984126984126984,4.0,6.258440046565775,0.0009940357852882703,0.9984135213733235
decode,conversation,10,13,3,32,static,504,8,0.6118551587301587,0.05357142857142857,4.0,6.537494933117146,0.0,1.0
decode,conversation,10,13,3,32,transition,504,8,0.9253472222222222,0.6051587301587301,4.0,4.322701688555347,0.3312002982107356,0.5241936529405972
decode,conversation,11,12,1,8,domain_oracle,504,8,0.21180555555555555,0.0,1.0,4.721311475409836,0.0,1.0
decode,conversation,11,12,1,8,previous_window,504,8,0.21676587301587302,0.0,1.0,4.613272311212815,0.0014910536779324055,0.9978793903247184
decode,conversation,11,12,1,8,static,504,8,0.16865079365079366,0.0,1.0,5.929411764705883,0.0,1.0
decode,conversation,11,12,1,8,transition,504,8,0.6123511904761905,0.005952380952380952,1.0,1.6330498177399757,0.5837475149105368,0.31306255043829434
decode,conversation,11,12,1,16,domain_oracle,504,8,0.3933531746031746,0.0,2.0,5.084489281210593,0.0,1.0
decode,conversation,11,12,1,16,previous_window,504,8,0.39285714285714285,0.001984126984126984,2.0,5.090909090909091,0.0011182902584493041,0.9982580706238758
decode,conversation,11,12,1,16,static,504,8,0.3179563492063492,0.007936507936507936,2.0,6.290171606864274,0.0,1.0
decode,conversation,11,12,1,16,transition,504,8,0.8216765873015873,0.24404761904761904,2.0,2.434047690914579,0.48471669980119286,0.38575294832663676
decode,conversation,11,12,1,32,domain_oracle,504,8,0.6731150793650794,0.09523809523809523,4.0,5.942520265291083,0.0,1.0
decode,conversation,11,12,1,32,previous_window,504,8,0.6654265873015873,0.07936507936507936,4.0,6.011181513231457,0.0008697813121272366,0.9985769592968505
decode,conversation,11,12,1,32,static,504,8,0.6128472222222222,0.07738095238095238,4.0,6.526912181303116,0.0,1.0
decode,conversation,11,12,1,32,transition,504,8,0.9642857142857143,0.753968253968254,4.0,4.148148148148148,0.33592196819085485,0.5168498714217826
decode,conversation,11,13,2,8,domain_oracle,504,8,0.17584325396825398,0.0,1.0,5.68688293370945,0.0,1.0
decode,conversation,11,13,2,8,previous_window,504,8,0.17956349206349206,0.0,1.0,5.569060773480663,0.002485089463220676,0.9969705576067404
decode,conversation,11,13,2,8,static,504,8,0.13442460317460317,0.0,1.0,7.439114391143911,0.0,1.0
decode,conversation,11,13,2,8,transition,504,8,0.5987103174603174,0.005952380952380952,1.0,1.6702568351284175,0.6637673956262425,0.26349171041019837
decode,conversation,11,13,2,16,domain_oracle,504,8,0.36061507936507936,0.001984126984126984,2.0,5.546079779917469,0.0,1.0
decode,conversation,11,13,2,16,previous_window,504,8,0.3549107142857143,0.0,2.0,5.635220125786163,0.0013667992047713719,0.9979688965772465
decode,conversation,11,13,2,16,static,504,8,0.30084325396825395,0.0,2.0,6.6479802143446,0.0,1.0
decode,conversation,11,13,2,16,transition,504,8,0.792906746031746,0.22023809523809523,2.0,2.5223647169221146,0.5290755467196819,0.3561383438034368
decode,conversation,11,13,2,32,domain_oracle,504,8,0.6676587301587301,0.061507936507936505,4.0,5.991084695393759,0.0,1.0
decode,conversation,11,13,2,32,previous_window,504,8,0.6391369047619048,0.01984126984126984,4.0,6.258440046565775,0.0009940357852882703,0.9984135213733235
decode,conversation,11,13,2,32,static,504,8,0.6118551587301587,0.05357142857142857,4.0,6.537494933117146,0.0,1.0
decode,conversation,11,13,2,32,transition,504,8,0.9352678571428571,0.6031746031746031,4.0,4.276849642004773,0.3282803180914513,0.5251559449441002
decode,conversation,11,14,3,8,domain_oracle,504,8,0.16964285714285715,0.0,1.0,5.894736842105263,0.0,1.0
decode,conversation,11,14,3,8,previous_window,504,8,0.16393849206349206,0.0,1.0,6.099848714069592,0.002982107355864811,0.9966151807106082
decode,conversation,11,14,3,8,static,504,8,0.1810515873015873,0.0,1.0,5.523287671232877,0.0,1.0
decode,conversation,11,14,3,8,transition,504,8,0.6408730158730159,0.011904761904761904,1.0,1.5603715170278638,0.6709741550695825,0.2636185992050793
decode,conversation,11,14,3,16,domain_oracle,504,8,0.34846230158730157,0.005952380952380952,2.0,5.739501779359431,0.0,1.0
decode,conversation,11,14,3,16,previous_window,504,8,0.3288690476190476,0.001984126984126984,2.0,6.081447963800905,0.0019880715705765406,0.9973863115016197
decode,conversation,11,14,3,16,static,504,8,0.3333333333333333,0.0,2.0,6.0,0.0,1.0
decode,conversation,11,14,3,16,transition,504,8,0.8497023809523809,0.3492063492063492,2.0,2.3537653239929948,0.5634940357852882,0.3299555273944403
decode,conversation,11,14,3,32,domain_oracle,504,8,0.6763392857142857,0.09722222222222222,4.0,5.914191419141914,0.0,1.0
decode,conversation,11,14,3,32,previous_window,504,8,0.6431051587301587,0.06746031746031746,4.0,6.219822599305823,0.0007455268389662028,0.9987490166416608
decode,conversation,11,14,3,32,static,504,8,0.636656746031746,0.06349206349206349,4.0,6.282820412933385,0.0,1.0
decode,conversation,11,14,3,32,transition,504,8,0.9546130952380952,0.7182539682539683,4.0,4.190179267342167,0.3321943339960239,0.5196750525224256
decode,conversation,12,13,1,8,domain_oracle,504,8,0.17584325396825398,0.0,1.0,5.68688293370945,0.0,1.0
decode,conversation,12,13,1,8,previous_window,504,8,0.17956349206349206,0.0,1.0,5.569060773480663,0.002485089463220676,0.9969705576067404
decode,conversation,12,13,1,8,static,504,8,0.13442460317460317,0.0,1.0,7.439114391143911,0.0,1.0
decode,conversation,12,13,1,8,transition,504,8,0.6431051587301587,0.015873015873015872,1.0,1.5549556498264558,0.6694831013916501,0.2583929876176387
decode,conversation,12,13,1,16,domain_oracle,504,8,0.36061507936507936,0.001984126984126984,2.0,5.546079779917469,0.0,1.0
decode,conversation,12,13,1,16,previous_window,504,8,0.3549107142857143,0.0,2.0,5.635220125786163,0.0013667992047713719,0.9979688965772465
decode,conversation,12,13,1,16,static,504,8,0.30084325396825395,0.0,2.0,6.6479802143446,0.0,1.0
decode,conversation,12,13,1,16,transition,504,8,0.8216765873015873,0.22420634920634921,2.0,2.434047690914579,0.5369035785288271,0.3563468606101562
decode,conversation,12,13,1,32,domain_oracle,504,8,0.6676587301587301,0.061507936507936505,4.0,5.991084695393759,0.0,1.0
decode,conversation,12,13,1,32,previous_window,504,8,0.6391369047619048,0.01984126984126984,4.0,6.258440046565775,0.0009940357852882703,0.9984135213733235
decode,conversation,12,13,1,32,static,504,8,0.6118551587301587,0.05357142857142857,4.0,6.537494933117146,0.0,1.0
decode,conversation,12,13,1,32,transition,504,8,0.9499007936507936,0.6666666666666666,4.0,4.2109660574412535,0.3320700795228628,0.5264371063635224
decode,conversation,12,14,2,8,domain_oracle,504,8,0.16964285714285715,0.0,1.0,5.894736842105263,0.0,1.0
decode,conversation,12,14,2,8,previous_window,504,8,0.16393849206349206,0.0,1.0,6.099848714069592,0.002982107355864811,0.9966151807106082
decode,conversation,12,14,2,8,static,504,8,0.1810515873015873,0.0,1.0,5.523287671232877,0.0,1.0
decode,conversation,12,14,2,8,transition,504,8,0.6664186507936508,0.011904761904761904,1.0,1.5005582433941198,0.6751988071570576,0.2634306272477235
decode,conversation,12,14,2,16,domain_oracle,504,8,0.34846230158730157,0.005952380952380952,2.0,5.739501779359431,0.0,1.0
decode,conversation,12,14,2,16,previous_window,504,8,0.3288690476190476,0.001984126984126984,2.0,6.081447963800905,0.0019880715705765406,0.9973863115016197
decode,conversation,12,14,2,16,static,504,8,0.3333333333333333,0.0,2.0,6.0,0.0,1.0
decode,conversation,12,14,2,16,transition,504,8,0.8737599206349206,0.4226190476190476,2.0,2.2889582741981265,0.5656063618290258,0.33144322267265214
decode,conversation,12,14,2,32,domain_oracle,504,8,0.6763392857142857,0.09722222222222222,4.0,5.914191419141914,0.0,1.0
decode,conversation,12,14,2,32,previous_window,504,8,0.6431051587301587,0.06746031746031746,4.0,6.219822599305823,0.0007455268389662028,0.9987490166416608
decode,conversation,12,14,2,32,static,504,8,0.636656746031746,0.06349206349206349,4.0,6.282820412933385,0.0,1.0
decode,conversation,12,14,2,32,transition,504,8,0.9682539682539683,0.7817460317460317,4.0,4.131147540983607,0.3378479125248509,0.5184012808170191
decode,conversation,12,15,3,8,domain_oracle,504,8,0.17733134920634921,0.0,1.0,5.639160839160839,0.0,1.0
decode,conversation,12,15,3,8,previous_window,504,8,0.18427579365079366,0.0,1.0,5.426648721399731,0.0022365805168986083,0.9971453331294287
decode,conversation,12,15,3,8,static,504,8,0.15228174603174602,0.0,1.0,6.5667752442996745,0.0,1.0
decode,conversation,12,15,3,8,transition,504,8,0.582093253968254,0.013888888888888888,1.0,1.717937792927141,0.6242544731610338,0.2943187141994288
decode,conversation,12,15,3,16,domain_oracle,504,8,0.3521825396825397,0.0,2.0,5.67887323943662,0.0,1.0
decode,conversation,12,15,3,16,previous_window,504,8,0.3427579365079365,0.0,2.0,5.835021707670044,0.0016153081510934394,0.9977279182050554
decode,conversation,12,15,3,16,static,504,8,0.34151785714285715,0.0,2.0,5.856209150326797,0.0,1.0
decode,conversation,12,15,3,16,transition,504,8,0.7958829365079365,0.22420634920634921,2.0,2.5129323776877532,0.5129224652087475,0.3703185570137163
decode,conversation,12,15,3,32,domain_oracle,504,8,0.6284722222222222,0.05952380952380952,4.0,6.3646408839779,0.0,1.0
decode,conversation,12,15,3,32,previous_window,504,8,0.628968253968254,0.05952380952380952,4.0,6.359621451104101,0.001180417495029821,0.9981804873430729
decode,conversation,12,15,3,32,static,504,8,0.6195436507936508,0.02976190476190476,4.0,6.456365092073659,0.0,1.0
decode,conversation,12,15,3,32,transition,504,8,0.939484126984127,0.6845238095238095,4.0,4.25765575501584,0.3249875745526839,0.5355741103354773
decode,conversation,13,14,1,8,domain_oracle,504,8,0.16964285714285715,0.0,1.0,5.894736842105263,0.0,1.0
decode,conversation,13,14,1,8,previous_window,504,8,0.16393849206349206,0.0,1.0,6.099848714069592,0.002982107355864811,0.9966151807106082
decode,conversation,13,14,1,8,static,504,8,0.1810515873015873,0.0,1.0,5.523287671232877,0.0,1.0
decode,conversation,13,14,1,8,transition,504,8,0.6629464285714286,0.011904761904761904,1.0,1.5084175084175084,0.6558151093439364,0.274882131343363
decode,conversation,13,14,1,16,domain_oracle,504,8,0.34846230158730157,0.005952380952380952,2.0,5.739501779359431,0.0,1.0
decode,conversation,13,14,1,16,previous_window,504,8,0.3288690476190476,0.001984126984126984,2.0,6.081447963800905,0.0019880715705765406,0.9973863115016197
decode,conversation,13,14,1,16,static,504,8,0.3333333333333333,0.0,2.0,6.0,0.0,1.0
decode,conversation,13,14,1,16,transition,504,8,0.8630952380952381,0.35714285714285715,2.0,2.317241379310345,0.5693339960238568,0.3319785775897068
decode,conversation,13,14,1,32,domain_oracle,504,8,0.6763392857142857,0.09722222222222222,4.0,5.914191419141914,0.0,1.0
decode,conversation,13,14,1,32,previous_window,504,8,0.6431051587301587,0.06746031746031746,4.0,6.219822599305823,0.0007455268389662028,0.9987490166416608
decode,conversation,13,14,1,32,static,504,8,0.636656746031746,0.06349206349206349,4.0,6.282820412933385,0.0,1.0
decode,conversation,13,14,1,32,transition,504,8,0.9670138888888888,0.7777777777777778,4.0,4.136445242369838,0.3442470178926441,0.5105418121467084
decode,conversation,13,15,2,8,domain_oracle,504,8,0.17733134920634921,0.0,1.0,5.639160839160839,0.0,1.0
decode,conversation,13,15,2,8,previous_window,504,8,0.18427579365079366,0.0,1.0,5.426648721399731,0.0022365805168986083,0.9971453331294287
decode,conversation,13,15,2,8,static,504,8,0.15228174603174602,0.0,1.0,6.5667752442996745,0.0,1.0
decode,conversation,13,15,2,8,transition,504,8,0.5969742063492064,0.015873015873015872,1.0,1.6751142501038638,0.6354373757455268,0.2842131581694196
decode,conversation,13,15,2,16,domain_oracle,504,8,0.3521825396825397,0.0,2.0,5.67887323943662,0.0,1.0
decode,conversation,13,15,2,16,previous_window,504,8,0.3427579365079365,0.0,2.0,5.835021707670044,0.0016153081510934394,0.9977279182050554
decode,conversation,13,15,2,16,static,504,8,0.34151785714285715,0.0,2.0,5.856209150326797,0.0,1.0
decode,conversation,13,15,2,16,transition,504,8,0.8050595238095238,0.2123015873015873,2.0,2.4842883548983363,0.5166500994035785,0.36337529116343015
decode,conversation,13,15,2,32,domain_oracle,504,8,0.6284722222222222,0.05952380952380952,4.0,6.3646408839779,0.0,1.0
decode,conversation,13,15,2,32,previous_window,504,8,0.628968253968254,0.05952380952380952,4.0,6.359621451104101,0.001180417495029821,0.9981804873430729
decode,conversation,13,15,2,32,static,504,8,0.6195436507936508,0.02976190476190476,4.0,6.456365092073659,0.0,1.0
decode,conversation,13,15,2,32,transition,504,8,0.9474206349206349,0.6984126984126984,4.0,4.221989528795811,0.33057902584493043,0.5293459876217638
decode,conversation,14,15,1,8,domain_oracle,504,8,0.17733134920634921,0.0,1.0,5.639160839160839,0.0,1.0
decode,conversation,14,15,1,8,previous_window,504,8,0.18427579365079366,0.0,1.0,5.426648721399731,0.0022365805168986083,0.9971453331294287
decode,conversation,14,15,1,8,static,504,8,0.15228174603174602,0.0,1.0,6.5667752442996745,0.0,1.0
decode,conversation,14,15,1,8,transition,504,8,0.59375,0.015873015873015872,1.0,1.6842105263157894,0.6145626242544732,0.30182382230095833
decode,conversation,14,15,1,16,domain_oracle,504,8,0.3521825396825397,0.0,2.0,5.67887323943662,0.0,1.0
decode,conversation,14,15,1,16,previous_window,504,8,0.3427579365079365,0.0,2.0,5.835021707670044,0.0016153081510934394,0.9977279182050554
decode,conversation,14,15,1,16,static,504,8,0.34151785714285715,0.0,2.0,5.856209150326797,0.0,1.0
decode,conversation,14,15,1,16,transition,504,8,0.8117559523809523,0.22817460317460317,2.0,2.463794683776352,0.5002485089463221,0.3824562784575554
decode,conversation,14,15,1,32,domain_oracle,504,8,0.6284722222222222,0.05952380952380952,4.0,6.3646408839779,0.0,1.0
decode,conversation,14,15,1,32,previous_window,504,8,0.628968253968254,0.05952380952380952,4.0,6.359621451104101,0.001180417495029821,0.9981804873430729
decode,conversation,14,15,1,32,static,504,8,0.6195436507936508,0.02976190476190476,4.0,6.456365092073659,0.0,1.0
decode,conversation,14,15,1,32,transition,504,8,0.9523809523809523,0.7301587301587301,4.0,4.2,0.32368290258449306,0.5382515792975228
decode,general,0,1,1,8,domain_oracle,504,8,0.21800595238095238,0.0,1.0,4.587030716723549,0.0,1.0
decode,general,0,1,1,8,previous_window,504,8,0.20337301587301587,0.0,1.0,4.917073170731707,0.0022365805168986083,0.9971453331294285
decode,general,0,1,1,8,static,504,8,0.1359126984126984,0.0,1.0,7.357664233576642,0.0,1.0
decode,general,0,1,1,8,transition,504,8,0.3474702380952381,0.0,1.0,2.8779443254817987,0.5298210735586482,0.33033412357467945
decode,general,0,1,1,16,domain_oracle,504,8,0.40228174603174605,0.0,2.0,4.971639950678175,0.0,1.0
decode,general,0,1,1,16,previous_window,504,8,0.3888888888888889,0.0,2.0,5.142857142857143,0.0011182902584493041,0.9982877852502211
decode,general,0,1,1,16,static,504,8,0.33804563492063494,0.0,2.0,5.9163609684519445,0.0,1.0
decode,general,0,1,1,16,transition,504,8,0.5530753968253969,0.023809523809523808,2.0,3.6161434977578475,0.45564115308151093,0.38843526601419326
decode,general,0,1,1,32,domain_oracle,504,8,0.6617063492063492,0.031746031746031744,4.0,6.044977511244378,0.0,1.0
decode,general,0,1,1,32,previous_window,504,8,0.6527777777777778,0.03571428571428571,4.0,6.127659574468085,0.0006833996023856859,0.9988348712843848
decode,general,0,1,1,32,static,504,8,0.6103670634920635,0.03571428571428571,4.0,6.553433563592035,0.0,1.0
decode,general,0,1,1,32,transition,504,8,0.7708333333333334,0.1488095238095238,4.0,5.1891891891891895,0.3114438369781312,0.5325664210654496
decode,general,0,2,2,8,domain_oracle,504,8,0.18675595238095238,0.0,1.0,5.354581673306773,0.0,1.0
decode,general,0,2,2,8,previous_window,504,8,0.17857142857142858,0.0,1.0,5.6,0.0019880715705765406,0.9973863115016197
decode,general,0,2,2,8,static,504,8,0.09350198412698413,0.0,1.0,10.694960212201591,0.0,1.0
decode,general,0,2,2,8,transition,504,8,0.2708333333333333,0.0,1.0,3.6923076923076925,0.5472166998011928,0.32220944507226673
decode,general,0,2,2,16,domain_oracle,504,8,0.36681547619047616,0.0,2.0,5.452332657200811,0.0,1.0
decode,general,0,2,2,16,previous_window,504,8,0.36433531746031744,0.0,2.0,5.4894486044928525,0.0014910536779324055,0.9978793903247184
decode,general,0,2,2,16,static,504,8,0.21626984126984128,0.0,2.0,9.247706422018348,0.0,1.0
decode,general,0,2,2,16,transition,504,8,0.4677579365079365,0.001984126984126984,2.0,4.275715800636267,0.47514910536779326,0.3759995648197944
decode,general,0,2,2,32,domain_oracle,504,8,0.6763392857142857,0.05555555555555555,4.0,5.914191419141914,0.0,1.0
decode,general,0,2,2,32,previous_window,504,8,0.6713789682539683,0.06349206349206349,4.0,5.957886959734023,0.0009319085487077535,0.9984993760160474
decode,general,0,2,2,32,static,504,8,0.529265873015873,0.00992063492063492,4.0,7.557638238050609,0.0,1.0
decode,general,0,2,2,32,transition,504,8,0.7224702380952381,0.14285714285714285,4.0,5.536560247167868,0.30933151093439365,0.5371623007253985
decode,general,0,3,3,8,domain_oracle,504,8,0.2279265873015873,0.0,1.0,4.387377584330794,0.0,1.0
decode,general,0,3,3,8,previous_window,504,8,0.22197420634920634,0.0,1.0,4.5050279329608935,0.0019880715705765406,0.997349237905898
decode,general,0,3,3,8,static,504,8,0.11631944444444445,0.0,1.0,8.597014925373134,0.0,1.0
decode,general,0,3,3,8,transition,504,8,0.31200396825396826,0.0,1.0,3.205087440381558,0.5419980119284294,0.33041524413293727
decode,general,0,3,3,16,domain_oracle,504,8,0.4072420634920635,0.0,2.0,4.911084043848964,0.0,1.0
decode,general,0,3,3,16,previous_window,504,8,0.39732142857142855,0.0,2.0,5.033707865168539,0.001242544731610338,0.9981203686969096
decode,general,0,3,3,16,static,504,8,0.2916666666666667,0.0,2.0,6.857142857142857,0.0,1.0
decode,general,0,3,3,16,transition,504,8,0.4947916666666667,0.001984126984126984,2.0,4.042105263157895,0.37089960238568587,0.4830022737383636
decode,general,0,3,3,32,domain_oracle,504,8,0.7103174603174603,0.1130952380952381,4.0,5.631284916201118,0.0,1.0
decode,general,0,3,3,32,previous_window,504,8,0.7018849206349206,0.11507936507936507,4.0,5.698939929328622,0.0006833996023856859,0.9988639591025277
decode,general,0,3,3,32,static,504,8,0.5987103174603174,0.017857142857142856,4.0,6.68102734051367,0.0,1.0
decode,general,0,3,3,32,transition,504,8,0.7683531746031746,0.17063492063492064,4.0,5.20593931568754,0.2537897614314115,0.6074952467314275
decode,general,1,2,1,8,domain_oracle,504,8,0.18675595238095238,0.0,1.0,5.354581673306773,0.0,1.0
decode,general,1,2,1,8,previous_window,504,8,0.17857142857142858,0.0,1.0,5.6,0.0019880715705765406,0.9973863115016197
decode,general,1,2,1,8,static,504,8,0.09350198412698413,0.0,1.0,10.694960212201591,0.0,1.0
decode,general,1,2,1,8,transition,504,8,0.3229166666666667,0.0,1.0,3.096774193548387,0.5539264413518886,0.3127774809683349
decode,general,1,2,1,16,domain_oracle,504,8,0.36681547619047616,0.0,2.0,5.452332657200811,0.0,1.0
decode,general,1,2,1,16,previous_window,504,8,0.36433531746031744,0.0,2.0,5.4894486044928525,0.0014910536779324055,0.9978793903247184
decode,general,1,2,1,16,static,504,8,0.21626984126984128,0.0,2.0,9.247706422018348,0.0,1.0
decode,general,1,2,1,16,transition,504,8,0.5426587301587301,0.011904761904761904,2.0,3.6855575868372945,0.4639662027833002,0.3846402115709716
decode,general,1,2,1,32,domain_oracle,504,8,0.6763392857142857,0.05555555555555555,4.0,5.914191419141914,0.0,1.0
decode,general,1,2,1,32,previous_window,504,8,0.6713789682539683,0.06349206349206349,4.0,5.957886959734023,0.0009319085487077535,0.9984993760160474
decode,general,1,2,1,32,static,504,8,0.529265873015873,0.00992063492063492,4.0,7.557638238050609,0.0,1.0
decode,general,1,2,1,32,transition,504,8,0.7956349206349206,0.23412698412698413,4.0,5.027431421446384,0.2959741550695825,0.5522011039801489
decode,general,1,3,2,8,domain_oracle,504,8,0.2279265873015873,0.0,1.0,4.387377584330794,0.0,1.0
decode,general,1,3,2,8,previous_window,504,8,0.22197420634920634,0.0,1.0,4.5050279329608935,0.0019880715705765406,0.997349237905898
decode,general,1,3,2,8,static,504,8,0.11631944444444445,0.0,1.0,8.597014925373134,0.0,1.0
decode,general,1,3,2,8,transition,504,8,0.36259920634920634,0.0,1.0,2.7578659370725034,0.5432405566600398,0.32778950671594725
decode,general,1,3,2,16,domain_oracle,504,8,0.4072420634920635,0.0,2.0,4.911084043848964,0.0,1.0
decode,general,1,3,2,16,previous_window,504,8,0.39732142857142855,0.0,2.0,5.033707865168539,0.001242544731610338,0.9981203686969096
decode,general,1,3,2,16,static,504,8,0.2916666666666667,0.0,2.0,6.857142857142857,0.0,1.0
decode,general,1,3,2,16,transition,504,8,0.5314980158730159,0.005952380952380952,2.0,3.7629491367242185,0.3331262425447316,0.5162416560688814
decode,general,1,3,2,32,domain_oracle,504,8,0.7103174603174603,0.1130952380952381,4.0,5.631284916201118,0.0,1.0
decode,general,1,3,2,32,previous_window,504,8,0.7018849206349206,0.11507936507936507,4.0,5.698939929328622,0.0006833996023856859,0.9988639591025277
decode,general,1,3,2,32,static,504,8,0.5987103174603174,0.017857142857142856,4.0,6.68102734051367,0.0,1.0
decode,general,1,3,2,32,transition,504,8,0.8038194444444444,0.251984126984127,4.0,4.976241900647948,0.2416128230616302,0.6191487992916075
decode,general,1,4,3,8,domain_oracle,504,8,0.24553571428571427,0.0,1.0,4.072727272727272,0.0,1.0
decode,general,1,4,3,8,previous_window,504,8,0.22643849206349206,0.0,1.0,4.416210295728368,0.0022365805168986083,0.9971453331294287
decode,general,1,4,3,8,static,504,8,0.12723214285714285,0.0,1.0,7.859649122807017,0.0,1.0
decode,general,1,4,3,8,transition,504,8,0.3368055555555556,0.0,1.0,2.9690721649484537,0.3948807157057654,0.45380680728593303
decode,general,1,4,3,16,domain_oracle,504,8,0.39012896825396826,0.0,2.0,5.126509853782581,0.0,1.0
decode,general,1,4,3,16,previous_window,504,8,0.4020337301587302,0.001984126984126984,2.0,4.974706971005552,0.0013667992047713719,0.9979688965772465
decode,general,1,4,3,16,static,504,8,0.26091269841269843,0.0,2.0,7.665399239543726,0.0,1.0
decode,general,1,4,3,16,transition,504,8,0.5228174603174603,0.003968253968253968,2.0,3.825426944971537,0.3518886679920477,0.49455330632242256
decode,general,1,4,3,32,domain_oracle,504,8,0.6994047619047619,0.10119047619047619,4.0,5.719148936170213,0.0,1.0
decode,general,1,4,3,32,previous_window,504,8,0.6850198412698413,0.07341269841269842,4.0,5.839246922519913,0.0009940357852882703,0.9984135213733235
decode,general,1,4,3,32,static,504,8,0.6056547619047619,0.023809523809523808,4.0,6.604422604422604,0.0,1.0
decode,general,1,4,3,32,transition,504,8,0.7822420634920635,0.15079365079365079,4.0,5.1135066582117945,0.23583499005964215,0.6259178751685267
decode,general,2,3,1,8,domain_oracle,504,8,0.2279265873015873,0.0,1.0,4.387377584330794,0.0,1.0
decode,general,2,3,1,8,previous_window,504,8,0.22197420634920634,0.0,1.0,4.5050279329608935,0.0019880715705765406,0.997349237905898
decode,general,2,3,1,8,static,504,8,0.11631944444444445,0.0,1.0,8.597014925373134,0.0,1.0
decode,general,2,3,1,8,transition,504,8,0.4419642857142857,0.0,1.0,2.2626262626262625,0.5869781312127237,0.2997534385208331
decode,general,2,3,1,16,domain_oracle,504,8,0.4072420634920635,0.0,2.0,4.911084043848964,0.0,1.0
decode,general,2,3,1,16,previous_window,504,8,0.39732142857142855,0.0,2.0,5.033707865168539,0.001242544731610338,0.9981203686969096
decode,general,2,3,1,16,static,504,8,0.2916666666666667,0.0,2.0,6.857142857142857,0.0,1.0
decode,general,2,3,1,16,transition,504,8,0.6448412698412699,0.01984126984126984,2.0,3.1015384615384614,0.41277335984095426,0.443916499830292
decode,general,2,3,1,32,domain_oracle,504,8,0.7103174603174603,0.1130952380952381,4.0,5.631284916201118,0.0,1.0
decode,general,2,3,1,32,previous_window,504,8,0.7018849206349206,0.11507936507936507,4.0,5.698939929328622,0.0006833996023856859,0.9988639591025277
decode,general,2,3,1,32,static,504,8,0.5987103174603174,0.017857142857142856,4.0,6.68102734051367,0.0,1.0
decode,general,2,3,1,32,transition,504,8,0.8819444444444444,0.3948412698412698,4.0,4.535433070866142,0.25975397614314116,0.6023997308201238
decode,general,2,4,2,8,domain_oracle,504,8,0.24553571428571427,0.0,1.0,4.072727272727272,0.0,1.0
decode,general,2,4,2,8,previous_window,504,8,0.22643849206349206,0.0,1.0,4.416210295728368,0.0022365805168986083,0.9971453331294287
decode,general,2,4,2,8,static,504,8,0.12723214285714285,0.0,1.0,7.859649122807017,0.0,1.0
decode,general,2,4,2,8,transition,504,8,0.4055059523809524,0.0,1.0,2.4660550458715598,0.4321570576540755,0.4298707698310081
decode,general,2,4,2,16,domain_oracle,504,8,0.39012896825396826,0.0,2.0,5.126509853782581,0.0,1.0
decode,general,2,4,2,16,previous_window,504,8,0.4020337301587302,0.001984126984126984,2.0,4.974706971005552,0.0013667992047713719,0.9979688965772465
decode,general,2,4,2,16,static,504,8,0.26091269841269843,0.0,2.0,7.665399239543726,0.0,1.0
decode,general,2,4,2,16,transition,504,8,0.6299603174603174,0.021825396825396824,2.0,3.174803149606299,0.3928926441351889,0.4602463093735367
decode,general,2,4,2,32,domain_oracle,504,8,0.6994047619047619,0.10119047619047619,4.0,5.719148936170213,0.0,1.0
decode,general,2,4,2,32,previous_window,504,8,0.6850198412698413,0.07341269841269842,4.0,5.839246922519913,0.0009940357852882703,0.9984135213733235
decode,general,2,4,2,32,static,504,8,0.6056547619047619,0.023809523809523808,4.0,6.604422604422604,0.0,1.0
decode,general,2,4,2,32,transition,504,8,0.8665674603174603,0.32936507936507936,4.0,4.615912993703492,0.27186878727634195,0.5879670816611283
decode,general,2,5,3,8,domain_oracle,504,8,0.2564484126984127,0.0,1.0,3.8994197292069632,0.0,1.0
decode,general,2,5,3,8,previous_window,504,8,0.2720734126984127,0.0,1.0,3.675478577939836,0.001242544731610338,0.9981203686969095
decode,general,2,5,3,8,static,504,8,0.09350198412698413,0.0,1.0,10.694960212201591,0.0,1.0
decode,general,2,5,3,8,transition,504,8,0.34871031746031744,0.0,1.0,2.867709815078236,0.4552683896620278,0.40721624300153075
decode,general,2,5,3,16,domain_oracle,504,8,0.4427083333333333,0.001984126984126984,2.0,4.517647058823529,0.0,1.0
decode,general,2,5,3,16,previous_window,504,8,0.45907738095238093,0.003968253968253968,2.0,4.356564019448946,0.0011182902584493041,0.9982580706238758
decode,general,2,5,3,16,static,504,8,0.23511904761904762,0.0,2.0,8.50632911392405,0.0,1.0
decode,general,2,5,3,16,transition,504,8,0.5766369047619048,0.00992063492063492,2.0,3.4683870967741934,0.3894135188866799,0.4644643866039465
decode,general,2,5,3,32,domain_oracle,504,8,0.7390873015873016,0.09722222222222222,4.0,5.412080536912752,0.0,1.0
decode,general,2,5,3,32,previous_window,504,8,0.7353670634920635,0.09722222222222222,4.0,5.439460370994941,0.0009319085487077535,0.9984993760160474
decode,general,2,5,3,32,static,504,8,0.5753968253968254,0.023809523809523808,4.0,6.951724137931034,0.0,1.0
decode,general,2,5,3,32,transition,504,8,0.8375496031746031,0.25793650793650796,4.0,4.775836541308854,0.25124254473161034,0.6123943446732413
decode,general,3,4,1,8,domain_oracle,504,8,0.24553571428571427,0.0,1.0,4.072727272727272,0.0,1.0
decode,general,3,4,1,8,previous_window,504,8,0.22643849206349206,0.0,1.0,4.416210295728368,0.0022365805168986083,0.9971453331294287
decode,general,3,4,1,8,static,504,8,0.12723214285714285,0.0,1.0,7.859649122807017,0.0,1.0
decode,general,3,4,1,8,transition,504,8,0.4486607142857143,0.0,1.0,2.228855721393035,0.507455268389662,0.3636719807693952
decode,general,3,4,1,16,domain_oracle,504,8,0.39012896825396826,0.0,2.0,5.126509853782581,0.0,1.0
decode,general,3,4,1,16,previous_window,504,8,0.4020337301587302,0.001984126984126984,2.0,4.974706971005552,0.0013667992047713719,0.9979688965772465
decode,general,3,4,1,16,static,504,8,0.26091269841269843,0.0,2.0,7.665399239543726,0.0,1.0
decode,general,3,4,1,16,transition,504,8,0.6867559523809523,0.06746031746031746,2.0,2.912242686890574,0.4592445328031809,0.4067239529536567
decode,general,3,4,1,32,domain_oracle,504,8,0.6994047619047619,0.10119047619047619,4.0,5.719148936170213,0.0,1.0
decode,general,3,4,1,32,previous_window,504,8,0.6850198412698413,0.07341269841269842,4.0,5.839246922519913,0.0009940357852882703,0.9984135213733235
decode,general,3,4,1,32,static,504,8,0.6056547619047619,0.023809523809523808,4.0,6.604422604422604,0.0,1.0
decode,general,3,4,1,32,transition,504,8,0.8856646825396826,0.41865079365079366,4.0,4.5163819658359,0.3054796222664016,0.556957285581083
decode,general,3,5,2,8,domain_oracle,504,8,0.2564484126984127,0.0,1.0,3.8994197292069632,0.0,1.0
decode,general,3,5,2,8,previous_window,504,8,0.2720734126984127,0.0,1.0,3.675478577939836,0.001242544731610338,0.9981203686969095
decode,general,3,5,2,8,static,504,8,0.09350198412698413,0.0,1.0,10.694960212201591,0.0,1.0
decode,general,3,5,2,8,transition,504,8,0.40327380952380953,0.0,1.0,2.4797047970479706,0.5417495029821073,0.33442925530400563
decode,general,3,5,2,16,domain_oracle,504,8,0.4427083333333333,0.001984126984126984,2.0,4.517647058823529,0.0,1.0
decode,general,3,5,2,16,previous_window,504,8,0.45907738095238093,0.003968253968253968,2.0,4.356564019448946,0.0011182902584493041,0.9982580706238758
decode,general,3,5,2,16,static,504,8,0.23511904761904762,0.0,2.0,8.50632911392405,0.0,1.0
decode,general,3,5,2,16,transition,504,8,0.626984126984127,0.021825396825396824,2.0,3.189873417721519,0.4683151093439364,0.40252364770992294
decode,general,3,5,2,32,domain_oracle,504,8,0.7390873015873016,0.09722222222222222,4.0,5.412080536912752,0.0,1.0
decode,general,3,5,2,32,previous_window,504,8,0.7353670634920635,0.09722222222222222,4.0,5.439460370994941,0.0009319085487077535,0.9984993760160474
decode,general,3,5,2,32,static,504,8,0.5753968253968254,0.023809523809523808,4.0,6.951724137931034,0.0,1.0
decode,general,3,5,2,32,transition,504,8,0.8767361111111112,0.3630952380952381,4.0,4.562376237623762,0.3102012922465209,0.5509710680593821
decode,general,3,6,3,8,domain_oracle,504,8,0.2425595238095238,0.0,1.0,4.122699386503068,0.0,1.0
decode,general,3,6,3,8,previous_window,504,8,0.2604166666666667,0.0,1.0,3.84,0.0019880715705765406,0.9973863115016197
decode,general,3,6,3,8,static,504,8,0.11284722222222222,0.0,1.0,8.861538461538462,0.0,1.0
decode,general,3,6,3,8,transition,504,8,0.4027777777777778,0.0,1.0,2.4827586206896552,0.4970178926441352,0.38046874706914346
decode,general,3,6,3,16,domain_oracle,504,8,0.4556051587301587,0.001984126984126984,2.0,4.389765922700055,0.0,1.0
decode,general,3,6,3,16,previous_window,504,8,0.4437003968253968,0.001984126984126984,2.0,4.507546115148127,0.0013667992047713719,0.9979688965772464
decode,general,3,6,3,16,static,504,8,0.2728174603174603,0.0,2.0,7.330909090909091,0.0,1.0
decode,general,3,6,3,16,transition,504,8,0.6051587301587301,0.03373015873015873,2.0,3.3049180327868855,0.40072067594433397,0.4602870491930885
decode,general,3,6,3,32,domain_oracle,504,8,0.7371031746031746,0.10714285714285714,4.0,5.426648721399731,0.0,1.0
decode,general,3,6,3,32,previous_window,504,8,0.7125496031746031,0.12301587301587301,4.0,5.613644274277759,0.0008076540755467197,0.9986674547310731
decode,general,3,6,3,32,static,504,8,0.5243055555555556,0.0,4.0,7.629139072847682,0.0,1.0
decode,general,3,6,3,32,transition,504,8,0.8737599206349206,0.38492063492063494,4.0,4.577916548396253,0.27075049701789267,0.5959966538679009
decode,general,4,5,1,8,domain_oracle,504,8,0.2564484126984127,0.0,1.0,3.8994197292069632,0.0,1.0
decode,general,4,5,1,8,previous_window,504,8,0.2720734126984127,0.0,1.0,3.675478577939836,0.001242544731610338,0.9981203686969095
decode,general,4,5,1,8,static,504,8,0.09350198412698413,0.0,1.0,10.694960212201591,0.0,1.0
decode,general,4,5,1,8,transition,504,8,0.4288194444444444,0.0,1.0,2.331983805668016,0.5213717693836978,0.35545444173674695
decode,general,4,5,1,16,domain_oracle,504,8,0.4427083333333333,0.001984126984126984,2.0,4.517647058823529,0.0,1.0
decode,general,4,5,1,16,previous_window,504,8,0.45907738095238093,0.003968253968253968,2.0,4.356564019448946,0.0011182902584493041,0.9982580706238758
decode,general,4,5,1,16,static,504,8,0.23511904761904762,0.0,2.0,8.50632911392405,0.0,1.0
decode,general,4,5,1,16,transition,504,8,0.6540178571428571,0.023809523809523808,2.0,3.0580204778157,0.4393638170974155,0.425224038856878
decode,general,4,5,1,32,domain_oracle,504,8,0.7390873015873016,0.09722222222222222,4.0,5.412080536912752,0.0,1.0
decode,general,4,5,1,32,previous_window,504,8,0.7353670634920635,0.09722222222222222,4.0,5.439460370994941,0.0009319085487077535,0.9984993760160474
decode,general,4,5,1,32,static,504,8,0.5753968253968254,0.023809523809523808,4.0,6.951724137931034,0.0,1.0
decode,general,4,5,1,32,transition,504,8,0.8876488095238095,0.4027777777777778,4.0,4.50628667225482,0.2764040755467197,0.5909531015313293
decode,general,4,6,2,8,domain_oracle,504,8,0.2425595238095238,0.0,1.0,4.122699386503068,0.0,1.0
decode,general,4,6,2,8,previous_window,504,8,0.2604166666666667,0.0,1.0,3.84,0.0019880715705765406,0.9973863115016197
decode,general,4,6,2,8,static,504,8,0.11284722222222222,0.0,1.0,8.861538461538462,0.0,1.0
decode,general,4,6,2,8,transition,504,8,0.41121031746031744,0.0,1.0,2.4318455971049455,0.4649602385685885,0.4069298053393476
decode,general,4,6,2,16,domain_oracle,504,8,0.4556051587301587,0.001984126984126984,2.0,4.389765922700055,0.0,1.0
decode,general,4,6,2,16,previous_window,504,8,0.4437003968253968,0.001984126984126984,2.0,4.507546115148127,0.0013667992047713719,0.9979688965772464
decode,general,4,6,2,16,static,504,8,0.2728174603174603,0.0,2.0,7.330909090909091,0.0,1.0
decode,general,4,6,2,16,transition,504,8,0.6361607142857143,0.03968253968253968,2.0,3.143859649122807,0.38593439363817095,0.47550152065002793
decode,general,4,6,2,32,domain_oracle,504,8,0.7371031746031746,0.10714285714285714,4.0,5.426648721399731,0.0,1.0
decode,general,4,6,2,32,previous_window,504,8,0.7125496031746031,0.12301587301587301,4.0,5.613644274277759,0.0008076540755467197,0.9986674547310731
decode,general,4,6,2,32,static,504,8,0.5243055555555556,0.0,4.0,7.629139072847682,0.0,1.0
decode,general,4,6,2,32,transition,504,8,0.8861607142857143,0.4226190476190476,4.0,4.513853904282116,0.24210984095427435,0.6305890715757513
decode,general,4,7,3,8,domain_oracle,504,8,0.2770337301587302,0.0,1.0,3.6096687555953446,0.0,1.0
decode,general,4,7,3,8,previous_window,504,8,0.26686507936507936,0.0,1.0,3.7472118959107807,0.0017395626242544733,0.9975902162780891
decode,general,4,7,3,8,static,504,8,0.14459325396825398,0.0,1.0,6.915951972555746,0.0,1.0
decode,general,4,7,3,8,transition,504,8,0.44816468253968256,0.0,1.0,2.231322634200332,0.4532803180914513,0.42617016294948595
decode,general,4,7,3,16,domain_oracle,504,8,0.47544642857142855,0.003968253968253968,2.0,4.206572769953052,0.0,1.0
decode,general,4,7,3,16,previous_window,504,8,0.4632936507936508,0.001984126984126984,2.0,4.316916488222698,0.0011182902584493041,0.9982580706238758
decode,general,4,7,3,16,static,504,8,0.26339285714285715,0.0,2.0,7.593220338983051,0.0,1.0
decode,general,4,7,3,16,transition,504,8,0.6909722222222222,0.03571428571428571,2.0,2.8944723618090453,0.40792743538767395,0.4570665141941704
decode,general,4,7,3,32,domain_oracle,504,8,0.7611607142857143,0.12103174603174603,4.0,5.255131964809384,0.0,1.0
decode,general,4,7,3,32,previous_window,504,8,0.7472718253968254,0.1111111111111111,4.0,5.3528045137736475,0.0005591451292246521,0.9990208896769533
decode,general,4,7,3,32,static,504,8,0.5731646825396826,0.003968253968253968,4.0,6.978797057550844,0.0,1.0
decode,general,4,7,3,32,transition,504,8,0.9055059523809523,0.43253968253968256,4.0,4.4174198849630235,0.273918986083499,0.5928761598730253
decode,general,5,6,1,8,domain_oracle,504,8,0.2425595238095238,0.0,1.0,4.122699386503068,0.0,1.0
decode,general,5,6,1,8,previous_window,504,8,0.2604166666666667,0.0,1.0,3.84,0.0019880715705765406,0.9973863115016197
decode,general,5,6,1,8,static,504,8,0.11284722222222222,0.0,1.0,8.861538461538462,0.0,1.0
decode,general,5,6,1,8,transition,504,8,0.4623015873015873,0.0,1.0,2.163090128755365,0.5104373757455268,0.3682657964964121
decode,general,5,6,1,16,domain_oracle,504,8,0.4556051587301587,0.001984126984126984,2.0,4.389765922700055,0.0,1.0
decode,general,5,6,1,16,previous_window,504,8,0.4437003968253968,0.001984126984126984,2.0,4.507546115148127,0.0013667992047713719,0.9979688965772464
decode,general,5,6,1,16,static,504,8,0.2728174603174603,0.0,2.0,7.330909090909091,0.0,1.0
decode,general,5,6,1,16,transition,504,8,0.6917162698412699,0.07142857142857142,2.0,2.8913589100035857,0.40059642147117297,0.46316613834998466
decode,general,5,6,1,32,domain_oracle,504,8,0.7371031746031746,0.10714285714285714,4.0,5.426648721399731,0.0,1.0
decode,general,5,6,1,32,previous_window,504,8,0.7125496031746031,0.12301587301587301,4.0,5.613644274277759,0.0008076540755467197,0.9986674547310731
decode,general,5,6,1,32,static,504,8,0.5243055555555556,0.0,4.0,7.629139072847682,0.0,1.0
decode,general,5,6,1,32,transition,504,8,0.9045138888888888,0.4444444444444444,4.0,4.422264875239923,0.23726391650099404,0.6374868553098797
decode,general,5,7,2,8,domain_oracle,504,8,0.2770337301587302,0.0,1.0,3.6096687555953446,0.0,1.0
decode,general,5,7,2,8,previous_window,504,8,0.26686507936507936,0.0,1.0,3.7472118959107807,0.0017395626242544733,0.9975902162780891
decode,general,5,7,2,8,static,504,8,0.14459325396825398,0.0,1.0,6.915951972555746,0.0,1.0
decode,general,5,7,2,8,transition,504,8,0.46651785714285715,0.0,1.0,2.1435406698564594,0.4855864811133201,0.3959714683372725
decode,general,5,7,2,16,domain_oracle,504,8,0.47544642857142855,0.003968253968253968,2.0,4.206572769953052,0.0,1.0
decode,general,5,7,2,16,previous_window,504,8,0.4632936507936508,0.001984126984126984,2.0,4.316916488222698,0.0011182902584493041,0.9982580706238758
decode,general,5,7,2,16,static,504,8,0.26339285714285715,0.0,2.0,7.593220338983051,0.0,1.0
decode,general,5,7,2,16,transition,504,8,0.7321428571428571,0.08134920634920635,2.0,2.731707317073171,0.40134194831013914,0.46192661615962904
decode,general,5,7,2,32,domain_oracle,504,8,0.7611607142857143,0.12103174603174603,4.0,5.255131964809384,0.0,1.0
decode,general,5,7,2,32,previous_window,504,8,0.7472718253968254,0.1111111111111111,4.0,5.3528045137736475,0.0005591451292246521,0.9990208896769533
decode,general,5,7,2,32,static,504,8,0.5731646825396826,0.003968253968253968,4.0,6.978797057550844,0.0,1.0
decode,general,5,7,2,32,transition,504,8,0.9278273809523809,0.5198412698412699,4.0,4.311146752205293,0.2621148111332008,0.6067509444342297
decode,general,5,8,3,8,domain_oracle,504,8,0.2378472222222222,0.0,1.0,4.204379562043796,0.0,1.0
decode,general,5,8,3,8,previous_window,504,8,0.25818452380952384,0.0,1.0,3.873198847262248,0.0017395626242544733,0.997675485548249
decode,general,5,8,3,8,static,504,8,0.15029761904761904,0.0,1.0,6.653465346534653,0.0,1.0
decode,general,5,8,3,8,transition,504,8,0.5347222222222222,0.0,1.0,1.87012987012987,0.5606361829025845,0.33462649566029157
decode,general,5,8,3,16,domain_oracle,504,8,0.4652777777777778,0.0,2.0,4.298507462686567,0.0,1.0
decode,general,5,8,3,16,previous_window,504,8,0.4697420634920635,0.0,2.0,4.25765575501584,0.0007455268389662028,0.9987443758501622
decode,general,5,8,3,16,static,504,8,0.2916666666666667,0.0,2.0,6.857142857142857,0.0,1.0
decode,general,5,8,3,16,transition,504,8,0.7403273809523809,0.06944444444444445,2.0,2.701507537688442,0.4224652087475149,0.44716106332628475
decode,general,5,8,3,32,domain_oracle,504,8,0.734375,0.1488095238095238,4.0,5.446808510638298,0.0,1.0
decode,general,5,8,3,32,previous_window,504,8,0.7457837301587301,0.1527777777777778,4.0,5.363485201197206,0.0007455268389662028,0.9987443758501622
decode,general,5,8,3,32,static,504,8,0.5689484126984127,0.013888888888888888,4.0,7.030514385353095,0.0,1.0
decode,general,5,8,3,32,transition,504,8,0.9317956349206349,0.5932539682539683,4.0,4.29278679797711,0.2529199801192843,0.620263048293351
decode,general,6,7,1,8,domain_oracle,504,8,0.2770337301587302,0.0,1.0,3.6096687555953446,0.0,1.0
decode,general,6,7,1,8,previous_window,504,8,0.26686507936507936,0.0,1.0,3.7472118959107807,0.0017395626242544733,0.9975902162780891
decode,general,6,7,1,8,static,504,8,0.14459325396825398,0.0,1.0,6.915951972555746,0.0,1.0
decode,general,6,7,1,8,transition,504,8,0.4878472222222222,0.0,1.0,2.0498220640569396,0.4995029821073559,0.38569228430063246
decode,general,6,7,1,16,domain_oracle,504,8,0.47544642857142855,0.003968253968253968,2.0,4.206572769953052,0.0,1.0
decode,general,6,7,1,16,previous_window,504,8,0.4632936507936508,0.001984126984126984,2.0,4.316916488222698,0.0011182902584493041,0.9982580706238758
decode,general,6,7,1,16,static,504,8,0.26339285714285715,0.0,2.0,7.593220338983051,0.0,1.0
decode,general,6,7,1,16,transition,504,8,0.748015873015873,0.07539682539682539,2.0,2.673740053050398,0.43389662027833004,0.43656707449440324
decode,general,6,7,1,32,domain_oracle,504,8,0.7611607142857143,0.12103174603174603,4.0,5.255131964809384,0.0,1.0
decode,general,6,7,1,32,previous_window,504,8,0.7472718253968254,0.1111111111111111,4.0,5.3528045137736475,0.0005591451292246521,0.9990208896769533
decode,general,6,7,1,32,static,504,8,0.5731646825396826,0.003968253968253968,4.0,6.978797057550844,0.0,1.0
decode,general,6,7,1,32,transition,504,8,0.9389880952380952,0.5932539682539683,4.0,4.259904912836767,0.28727634194831014,0.5800800699954933
decode,general,6,8,2,8,domain_oracle,504,8,0.2378472222222222,0.0,1.0,4.204379562043796,0.0,1.0
decode,general,6,8,2,8,previous_window,504,8,0.25818452380952384,0.0,1.0,3.873198847262248,0.0017395626242544733,0.997675485548249
decode,general,6,8,2,8,static,504,8,0.15029761904761904,0.0,1.0,6.653465346534653,0.0,1.0
decode,general,6,8,2,8,transition,504,8,0.5753968253968254,0.001984126984126984,1.0,1.7379310344827585,0.5812624254473161,0.3223623736546188
decode,general,6,8,2,16,domain_oracle,504,8,0.4652777777777778,0.0,2.0,4.298507462686567,0.0,1.0
decode,general,6,8,2,16,previous_window,504,8,0.4697420634920635,0.0,2.0,4.25765575501584,0.0007455268389662028,0.9987443758501622
decode,general,6,8,2,16,static,504,8,0.2916666666666667,0.0,2.0,6.857142857142857,0.0,1.0
decode,general,6,8,2,16,transition,504,8,0.7725694444444444,0.10317460317460317,2.0,2.58876404494382,0.4509194831013916,0.42484775576756967
decode,general,6,8,2,32,domain_oracle,504,8,0.734375,0.1488095238095238,4.0,5.446808510638298,0.0,1.0
decode,general,6,8,2,32,previous_window,504,8,0.7457837301587301,0.1527777777777778,4.0,5.363485201197206,0.0007455268389662028,0.9987443758501622
decode,general,6,8,2,32,static,504,8,0.5689484126984127,0.013888888888888888,4.0,7.030514385353095,0.0,1.0
decode,general,6,8,2,32,transition,504,8,0.9474206349206349,0.6746031746031746,4.0,4.221989528795811,0.283175944333996,0.5863412224898241
decode,general,6,9,3,8,domain_oracle,504,8,0.23958333333333334,0.0,1.0,4.173913043478261,0.0,1.0
decode,general,6,9,3,8,previous_window,504,8,0.22495039682539683,0.0,1.0,4.4454244762954795,0.0017395626242544733,0.997675485548249
decode,general,6,9,3,8,static,504,8,0.10317460317460317,0.0,1.0,9.692307692307692,0.0,1.0
decode,general,6,9,3,8,transition,504,8,0.5300099206349206,0.0,1.0,1.886757136172204,0.5944333996023857,0.30313071068538117
decode,general,6,9,3,16,domain_oracle,504,8,0.41393849206349204,0.0,2.0,4.831635710005991,0.0,1.0
decode,general,6,9,3,16,previous_window,504,8,0.4270833333333333,0.0,2.0,4.682926829268292,0.0009940357852882703,0.9984254871771875
decode,general,6,9,3,16,static,504,8,0.2586805555555556,0.0,2.0,7.731543624161074,0.0,1.0
decode,general,6,9,3,16,transition,504,8,0.7976190476190477,0.23412698412698413,2.0,2.5074626865671643,0.514537773359841,0.36784278054864067
decode,general,6,9,3,32,domain_oracle,504,8,0.7202380952380952,0.09722222222222222,4.0,5.553719008264463,0.0,1.0
decode,general,6,9,3,32,previous_window,504,8,0.7135416666666666,0.10515873015873016,4.0,5.605839416058394,0.000621272365805169,0.9989303942427307
decode,general,6,9,3,32,static,504,8,0.5548115079365079,0.007936507936507936,4.0,7.209655789003129,0.0,1.0
decode,general,6,9,3,32,transition,504,8,0.9600694444444444,0.7559523809523809,4.0,4.166365280289331,0.3109468190854871,0.5581074908725124
decode,general,7,8,1,8,domain_oracle,504,8,0.2378472222222222,0.0,1.0,4.204379562043796,0.0,1.0
decode,general,7,8,1,8,previous_window,504,8,0.25818452380952384,0.0,1.0,3.873198847262248,0.0017395626242544733,0.997675485548249
decode,general,7,8,1,8,static,504,8,0.15029761904761904,0.0,1.0,6.653465346534653,0.0,1.0
decode,general,7,8,1,8,transition,504,8,0.5674603174603174,0.001984126984126984,1.0,1.7622377622377623,0.595427435387674,0.31287038563380365
decode,general,7,8,1,16,domain_oracle,504,8,0.4652777777777778,0.0,2.0,4.298507462686567,0.0,1.0
decode,general,7,8,1,16,previous_window,504,8,0.4697420634920635,0.0,2.0,4.25765575501584,0.0007455268389662028,0.9987443758501622
decode,general,7,8,1,16,static,504,8,0.2916666666666667,0.0,2.0,6.857142857142857,0.0,1.0
decode,general,7,8,1,16,transition,504,8,0.7703373015873016,0.10515873015873016,2.0,2.5962652929813266,0.4532803180914513,0.4235870408853552
decode,general,7,8,1,32,domain_oracle,504,8,0.734375,0.1488095238095238,4.0,5.446808510638298,0.0,1.0
decode,general,7,8,1,32,previous_window,504,8,0.7457837301587301,0.1527777777777778,4.0,5.363485201197206,0.0007455268389662028,0.9987443758501622
decode,general,7,8,1,32,static,504,8,0.5689484126984127,0.013888888888888888,4.0,7.030514385353095,0.0,1.0
decode,general,7,8,1,32,transition,504,8,0.9503968253968254,0.6726190476190477,4.0,4.208768267223382,0.29547713717693835,0.5707905533920529
decode,general,7,9,2,8,domain_oracle,504,8,0.23958333333333334,0.0,1.0,4.173913043478261,0.0,1.0
decode,general,7,9,2,8,previous_window,504,8,0.22495039682539683,0.0,1.0,4.4454244762954795,0.0017395626242544733,0.997675485548249
decode,general,7,9,2,8,static,504,8,0.10317460317460317,0.0,1.0,9.692307692307692,0.0,1.0
decode,general,7,9,2,8,transition,504,8,0.5473710317460317,0.0,1.0,1.8269143633892162,0.6051192842942346,0.2967809747133789
decode,general,7,9,2,16,domain_oracle,504,8,0.41393849206349204,0.0,2.0,4.831635710005991,0.0,1.0
decode,general,7,9,2,16,previous_window,504,8,0.4270833333333333,0.0,2.0,4.682926829268292,0.0009940357852882703,0.9984254871771875
decode,general,7,9,2,16,static,504,8,0.2586805555555556,0.0,2.0,7.731543624161074,0.0,1.0
decode,general,7,9,2,16,transition,504,8,0.8184523809523809,0.25793650793650796,2.0,2.443636363636364,0.5234840954274353,0.36676872643844394
decode,general,7,9,2,32,domain_oracle,504,8,0.7202380952380952,0.09722222222222222,4.0,5.553719008264463,0.0,1.0
decode,general,7,9,2,32,previous_window,504,8,0.7135416666666666,0.10515873015873016,4.0,5.605839416058394,0.000621272365805169,0.9989303942427307
decode,general,7,9,2,32,static,504,8,0.5548115079365079,0.007936507936507936,4.0,7.209655789003129,0.0,1.0
decode,general,7,9,2,32,transition,504,8,0.9630456349206349,0.7619047619047619,4.0,4.153489569920165,0.31703528827037775,0.5492504601753196
decode,general,7,10,3,8,domain_oracle,504,8,0.2767857142857143,0.0,1.0,3.6129032258064515,0.0,1.0
decode,general,7,10,3,8,previous_window,504,8,0.28100198412698413,0.0,1.0,3.558693733451015,0.0007455268389662028,0.9987629776894191
decode,general,7,10,3,8,static,504,8,0.11780753968253968,0.0,1.0,8.48842105263158,0.0,1.0
decode,general,7,10,3,8,transition,504,8,0.5409226190476191,0.001984126984126984,1.0,1.8486932599724897,0.6565606361829026,0.2690575605088517
decode,general,7,10,3,16,domain_oracle,504,8,0.4635416666666667,0.0,2.0,4.314606741573034,0.0,1.0
decode,general,7,10,3,16,previous_window,504,8,0.46478174603174605,0.007936507936507936,2.0,4.303094983991462,0.0007455268389662028,0.9987629776894191
decode,general,7,10,3,16,static,504,8,0.24131944444444445,0.0,2.0,8.287769784172662,0.0,1.0
decode,general,7,10,3,16,transition,504,8,0.7854662698412699,0.18055555555555555,2.0,2.5462582886011997,0.5203777335984096,0.3742322600209216
decode,general,7,10,3,32,domain_oracle,504,8,0.7361111111111112,0.1130952380952381,4.0,5.433962264150943,0.0,1.0
decode,general,7,10,3,32,previous_window,504,8,0.7336309523809523,0.1349206349206349,4.0,5.452332657200811,0.000621272365805169,0.9989303942427307
decode,general,7,10,3,32,static,504,8,0.576140873015873,0.017857142857142856,4.0,6.942746448557899,0.0,1.0
decode,general,7,10,3,32,transition,504,8,0.9518849206349206,0.6865079365079365,4.0,4.202188639916623,0.31597912524850896,0.5576918145640863
decode,general,8,9,1,8,domain_oracle,504,8,0.23958333333333334,0.0,1.0,4.173913043478261,0.0,1.0
decode,general,8,9,1,8,previous_window,504,8,0.22495039682539683,0.0,1.0,4.4454244762954795,0.0017395626242544733,0.997675485548249
decode,general,8,9,1,8,static,504,8,0.10317460317460317,0.0,1.0,9.692307692307692,0.0,1.0
decode,general,8,9,1,8,transition,504,8,0.5587797619047619,0.0,1.0,1.7896138482023969,0.5999005964214712,0.30212107309522673
decode,general,8,9,1,16,domain_oracle,504,8,0.41393849206349204,0.0,2.0,4.831635710005991,0.0,1.0
decode,general,8,9,1,16,previous_window,504,8,0.4270833333333333,0.0,2.0,4.682926829268292,0.0009940357852882703,0.9984254871771875
decode,general,8,9,1,16,static,504,8,0.2586805555555556,0.0,2.0,7.731543624161074,0.0,1.0
decode,general,8,9,1,16,transition,504,8,0.8273809523809523,0.25396825396825395,2.0,2.41726618705036,0.5325546719681908,0.36039082892195573
decode,general,8,9,1,32,domain_oracle,504,8,0.7202380952380952,0.09722222222222222,4.0,5.553719008264463,0.0,1.0
decode,general,8,9,1,32,previous_window,504,8,0.7135416666666666,0.10515873015873016,4.0,5.605839416058394,0.000621272365805169,0.9989303942427307
decode,general,8,9,1,32,static,504,8,0.5548115079365079,0.007936507936507936,4.0,7.209655789003129,0.0,1.0
decode,general,8,9,1,32,transition,504,8,0.9724702380952381,0.8134920634920635,4.0,4.1132364192807955,0.3445576540755467,0.5295131934343371
decode,general,8,10,2,8,domain_oracle,504,8,0.2767857142857143,0.0,1.0,3.6129032258064515,0.0,1.0
decode,general,8,10,2,8,previous_window,504,8,0.28100198412698413,0.0,1.0,3.558693733451015,0.0007455268389662028,0.9987629776894191
decode,general,8,10,2,8,static,504,8,0.11780753968253968,0.0,1.0,8.48842105263158,0.0,1.0
decode,general,8,10,2,8,transition,504,8,0.5873015873015873,0.0,1.0,1.7027027027027026,0.687375745526839,0.23840047736667927
decode,general,8,10,2,16,domain_oracle,504,8,0.4635416666666667,0.0,2.0,4.314606741573034,0.0,1.0
decode,general,8,10,2,16,previous_window,504,8,0.46478174603174605,0.007936507936507936,2.0,4.303094983991462,0.0007455268389662028,0.9987629776894191
decode,general,8,10,2,16,static,504,8,0.24131944444444445,0.0,2.0,8.287769784172662,0.0,1.0
decode,general,8,10,2,16,transition,504,8,0.8179563492063492,0.23015873015873015,2.0,2.445118253486962,0.540258449304175,0.35868310358579547
decode,general,8,10,2,32,domain_oracle,504,8,0.7361111111111112,0.1130952380952381,4.0,5.433962264150943,0.0,1.0
decode,general,8,10,2,32,previous_window,504,8,0.7336309523809523,0.1349206349206349,4.0,5.452332657200811,0.000621272365805169,0.9989303942427307
decode,general,8,10,2,32,static,504,8,0.576140873015873,0.017857142857142856,4.0,6.942746448557899,0.0,1.0
decode,general,8,10,2,32,transition,504,8,0.9623015873015873,0.7658730158730159,4.0,4.156701030927835,0.3351143141153082,0.5420972371803243
decode,general,8,11,3,8,domain_oracle,504,8,0.2296626984126984,0.0,1.0,4.3542116630669545,0.0,1.0
decode,general,8,11,3,8,previous_window,504,8,0.24379960317460317,0.0,1.0,4.101729399796541,0.001242544731610338,0.9981203686969095
decode,general,8,11,3,8,static,504,8,0.11656746031746032,0.0,1.0,8.578723404255319,0.0,1.0
decode,general,8,11,3,8,transition,504,8,0.5277777777777778,0.003968253968253968,1.0,1.894736842105263,0.6247514910536779,0.2802594357266314
decode,general,8,11,3,16,domain_oracle,504,8,0.4226190476190476,0.0,2.0,4.732394366197183,0.0,1.0
decode,general,8,11,3,16,previous_window,504,8,0.4330357142857143,0.0,2.0,4.618556701030927,0.0009940357852882703,0.9984254871771875
decode,general,8,11,3,16,static,504,8,0.2631448412698413,0.0,2.0,7.600377002827521,0.0,1.0
decode,general,8,11,3,16,transition,504,8,0.7371031746031746,0.10912698412698413,2.0,2.7133243606998656,0.48434393638170975,0.398438459356768
decode,general,8,11,3,32,domain_oracle,504,8,0.7529761904761905,0.1984126984126984,4.0,5.312252964426878,0.0,1.0
decode,general,8,11,3,32,previous_window,504,8,0.7495039682539683,0.18452380952380953,4.0,5.3368630046326935,0.000621272365805169,0.9989303942427307
decode,general,8,11,3,32,static,504,8,0.5629960317460317,0.031746031746031744,4.0,7.104845814977973,0.0,1.0
decode,general,8,11,3,32,transition,504,8,0.9226190476190477,0.5714285714285714,4.0,4.335483870967742,0.2941724652087475,0.5752476430184313
decode,general,9,10,1,8,domain_oracle,504,8,0.2767857142857143,0.0,1.0,3.6129032258064515,0.0,1.0
decode,general,9,10,1,8,previous_window,504,8,0.28100198412698413,0.0,1.0,3.558693733451015,0.0007455268389662028,0.9987629776894191
decode,general,9,10,1,8,static,504,8,0.11780753968253968,0.0,1.0,8.48842105263158,0.0,1.0
decode,general,9,10,1,8,transition,504,8,0.6309523809523809,0.005952380952380952,1.0,1.5849056603773586,0.724155069582505,0.2090405728576697
decode,general,9,10,1,16,domain_oracle,504,8,0.4635416666666667,0.0,2.0,4.314606741573034,0.0,1.0
decode,general,9,10,1,16,previous_window,504,8,0.46478174603174605,0.007936507936507936,2.0,4.303094983991462,0.0007455268389662028,0.9987629776894191
decode,general,9,10,1,16,static,504,8,0.24131944444444445,0.0,2.0,8.287769784172662,0.0,1.0
decode,general,9,10,1,16,transition,504,8,0.8571428571428571,0.2896825396825397,2.0,2.3333333333333335,0.5853628230616302,0.3083351522744399
decode,general,9,10,1,32,domain_oracle,504,8,0.7361111111111112,0.1130952380952381,4.0,5.433962264150943,0.0,1.0
decode,general,9,10,1,32,previous_window,504,8,0.7336309523809523,0.1349206349206349,4.0,5.452332657200811,0.000621272365805169,0.9989303942427307
decode,general,9,10,1,32,static,504,8,0.576140873015873,0.017857142857142856,4.0,6.942746448557899,0.0,1.0
decode,general,9,10,1,32,transition,504,8,0.9774305555555556,0.8412698412698413,4.0,4.092362344582593,0.3682902584493042,0.5018423837000191
decode,general,9,11,2,8,domain_oracle,504,8,0.2296626984126984,0.0,1.0,4.3542116630669545,0.0,1.0
decode,general,9,11,2,8,previous_window,504,8,0.24379960317460317,0.0,1.0,4.101729399796541,0.001242544731610338,0.9981203686969095
decode,general,9,11,2,8,static,504,8,0.11656746031746032,0.0,1.0,8.578723404255319,0.0,1.0
decode,general,9,11,2,8,transition,504,8,0.582093253968254,0.005952380952380952,1.0,1.717937792927141,0.6789264413518886,0.23366357521427
decode,general,9,11,2,16,domain_oracle,504,8,0.4226190476190476,0.0,2.0,4.732394366197183,0.0,1.0
decode,general,9,11,2,16,previous_window,504,8,0.4330357142857143,0.0,2.0,4.618556701030927,0.0009940357852882703,0.9984254871771875
decode,general,9,11,2,16,static,504,8,0.2631448412698413,0.0,2.0,7.600377002827521,0.0,1.0
decode,general,9,11,2,16,transition,504,8,0.7919146825396826,0.1626984126984127,2.0,2.5255245850297525,0.5130467196819085,0.3619692057360385
decode,general,9,11,2,32,domain_oracle,504,8,0.7529761904761905,0.1984126984126984,4.0,5.312252964426878,0.0,1.0
decode,general,9,11,2,32,previous_window,504,8,0.7495039682539683,0.18452380952380953,4.0,5.3368630046326935,0.000621272365805169,0.9989303942427307
decode,general,9,11,2,32,static,504,8,0.5629960317460317,0.031746031746031744,4.0,7.104845814977973,0.0,1.0
decode,general,9,11,2,32,transition,504,8,0.9409722222222222,0.6468253968253969,4.0,4.250922509225092,0.3198931411530815,0.5441277644415201
decode,general,9,12,3,8,domain_oracle,504,8,0.2542162698412698,0.0,1.0,3.933658536585366,0.0,1.0
decode,general,9,12,3,8,previous_window,504,8,0.27554563492063494,0.0,1.0,3.6291629162916292,0.0009940357852882703,0.9984095427435389
decode,general,9,12,3,8,static,504,8,0.13219246031746032,0.0,1.0,7.564727954971858,0.0,1.0
decode,general,9,12,3,8,transition,504,8,0.5255456349206349,0.0,1.0,1.902784332232185,0.6461232604373758,0.25446358368823446
decode,general,9,12,3,16,domain_oracle,504,8,0.43725198412698413,0.007936507936507936,2.0,4.57402155416903,0.0,1.0
decode,general,9,12,3,16,previous_window,504,8,0.45362103174603174,0.01984126984126984,2.0,4.408966648441772,0.0011182902584493041,0.9982580706238758
decode,general,9,12,3,16,static,504,8,0.3070436507936508,0.0,2.0,6.51373182552504,0.0,1.0
decode,general,9,12,3,16,transition,504,8,0.7829861111111112,0.20833333333333334,2.0,2.5543237250554323,0.518513916500994,0.35166207308903474
decode,general,9,12,3,32,domain_oracle,504,8,0.7447916666666666,0.2123015873015873,4.0,5.370629370629371,0.0,1.0
decode,general,9,12,3,32,previous_window,504,8,0.7321428571428571,0.19047619047619047,4.0,5.463414634146342,0.0006833996023856859,0.9988348712843848
decode,general,9,12,3,32,static,504,8,0.5870535714285714,0.06349206349206349,4.0,6.813688212927756,0.0,1.0
decode,general,9,12,3,32,transition,504,8,0.949156746031746,0.7103174603174603,4.0,4.214267049908544,0.33579771371769385,0.5265939265354106
decode,general,10,11,1,8,domain_oracle,504,8,0.2296626984126984,0.0,1.0,4.3542116630669545,0.0,1.0
decode,general,10,11,1,8,previous_window,504,8,0.24379960317460317,0.0,1.0,4.101729399796541,0.001242544731610338,0.9981203686969095
decode,general,10,11,1,8,static,504,8,0.11656746031746032,0.0,1.0,8.578723404255319,0.0,1.0
decode,general,10,11,1,8,transition,504,8,0.5964781746031746,0.001984126984126984,1.0,1.6765072765072766,0.6963220675944334,0.2178756520704822
decode,general,10,11,1,16,domain_oracle,504,8,0.4226190476190476,0.0,2.0,4.732394366197183,0.0,1.0
decode,general,10,11,1,16,previous_window,504,8,0.4330357142857143,0.0,2.0,4.618556701030927,0.0009940357852882703,0.9984254871771875
decode,general,10,11,1,16,static,504,8,0.2631448412698413,0.0,2.0,7.600377002827521,0.0,1.0
decode,general,10,11,1,16,transition,504,8,0.8154761904761905,0.16666666666666666,2.0,2.4525547445255476,0.5301938369781312,0.3379641109521805
decode,general,10,11,1,32,domain_oracle,504,8,0.7529761904761905,0.1984126984126984,4.0,5.312252964426878,0.0,1.0
decode,general,10,11,1,32,previous_window,504,8,0.7495039682539683,0.18452380952380953,4.0,5.3368630046326935,0.000621272365805169,0.9989303942427307
decode,general,10,11,1,32,static,504,8,0.5629960317460317,0.031746031746031744,4.0,7.104845814977973,0.0,1.0
decode,general,10,11,1,32,transition,504,8,0.9494047619047619,0.6825396825396826,4.0,4.213166144200627,0.31672465208747513,0.5413950343521645
decode,general,10,12,2,8,domain_oracle,504,8,0.2542162698412698,0.0,1.0,3.933658536585366,0.0,1.0
decode,general,10,12,2,8,previous_window,504,8,0.27554563492063494,0.0,1.0,3.6291629162916292,0.0009940357852882703,0.9984095427435389
decode,general,10,12,2,8,static,504,8,0.13219246031746032,0.0,1.0,7.564727954971858,0.0,1.0
decode,general,10,12,2,8,transition,504,8,0.5657242063492064,0.0,1.0,1.7676457693993863,0.6714711729622267,0.23510569395261136
decode,general,10,12,2,16,domain_oracle,504,8,0.43725198412698413,0.007936507936507936,2.0,4.57402155416903,0.0,1.0
decode,general,10,12,2,16,previous_window,504,8,0.45362103174603174,0.01984126984126984,2.0,4.408966648441772,0.0011182902584493041,0.9982580706238758
decode,general,10,12,2,16,static,504,8,0.3070436507936508,0.0,2.0,6.51373182552504,0.0,1.0
decode,general,10,12,2,16,transition,504,8,0.8172123015873016,0.25595238095238093,2.0,2.4473444613050077,0.5267147117296223,0.3407043259474476
decode,general,10,12,2,32,domain_oracle,504,8,0.7447916666666666,0.2123015873015873,4.0,5.370629370629371,0.0,1.0
decode,general,10,12,2,32,previous_window,504,8,0.7321428571428571,0.19047619047619047,4.0,5.463414634146342,0.0006833996023856859,0.9988348712843848
decode,general,10,12,2,32,static,504,8,0.5870535714285714,0.06349206349206349,4.0,6.813688212927756,0.0,1.0
decode,general,10,12,2,32,transition,504,8,0.9526289682539683,0.7420634920634921,4.0,4.198906534756574,0.34343936381709744,0.5123277198204206
decode,general,10,13,3,8,domain_oracle,504,8,0.26264880952380953,0.0,1.0,3.8073654390934846,0.0,1.0
decode,general,10,13,3,8,previous_window,504,8,0.26091269841269843,0.0,1.0,3.832699619771863,0.0017395626242544733,0.9975902162780891
decode,general,10,13,3,8,static,504,8,0.0642361111111111,0.0,1.0,15.567567567567568,0.0,1.0
decode,general,10,13,3,8,transition,504,8,0.5414186507936508,0.0,1.0,1.8469995419147962,0.7432902584493042,0.19492771421200816
decode,general,10,13,3,16,domain_oracle,504,8,0.4573412698412698,0.001984126984126984,2.0,4.373101952277657,0.0,1.0
decode,general,10,13,3,16,previous_window,504,8,0.44990079365079366,0.001984126984126984,2.0,4.4454244762954795,0.0008697813121272366,0.9986115055697561
decode,general,10,13,3,16,static,504,8,0.22420634920634921,0.0,2.0,8.920353982300885,0.0,1.0
decode,general,10,13,3,16,transition,504,8,0.7564484126984127,0.13690476190476192,2.0,2.6439344262295084,0.5892147117296223,0.2974762255471347
decode,general,10,13,3,32,domain_oracle,504,8,0.7405753968253969,0.23015873015873015,4.0,5.4012056262558605,0.0,1.0
decode,general,10,13,3,32,previous_window,504,8,0.7237103174603174,0.20436507936507936,4.0,5.527073337902673,0.0005591451292246521,0.9990524425093481
decode,general,10,13,3,32,static,504,8,0.5314980158730159,0.011904761904761904,4.0,7.525898273448437,0.0,1.0
decode,general,10,13,3,32,transition,504,8,0.9248511904761905,0.5654761904761905,4.0,4.325020112630732,0.3397117296222664,0.514501496200204
decode,general,11,12,1,8,domain_oracle,504,8,0.2542162698412698,0.0,1.0,3.933658536585366,0.0,1.0
decode,general,11,12,1,8,previous_window,504,8,0.27554563492063494,0.0,1.0,3.6291629162916292,0.0009940357852882703,0.9984095427435389
decode,general,11,12,1,8,static,504,8,0.13219246031746032,0.0,1.0,7.564727954971858,0.0,1.0
decode,general,11,12,1,8,transition,504,8,0.5833333333333334,0.0,1.0,1.7142857142857142,0.6473658051689861,0.25241853353185223
decode,general,11,12,1,16,domain_oracle,504,8,0.43725198412698413,0.007936507936507936,2.0,4.57402155416903,0.0,1.0
decode,general,11,12,1,16,previous_window,504,8,0.45362103174603174,0.01984126984126984,2.0,4.408966648441772,0.0011182902584493041,0.9982580706238758
decode,general,11,12,1,16,static,504,8,0.3070436507936508,0.0,2.0,6.51373182552504,0.0,1.0
decode,general,11,12,1,16,transition,504,8,0.8338293650793651,0.2718253968253968,2.0,2.398572278405711,0.5088220675944334,0.3587908169645953
decode,general,11,12,1,32,domain_oracle,504,8,0.7447916666666666,0.2123015873015873,4.0,5.370629370629371,0.0,1.0
decode,general,11,12,1,32,previous_window,504,8,0.7321428571428571,0.19047619047619047,4.0,5.463414634146342,0.0006833996023856859,0.9988348712843848
decode,general,11,12,1,32,static,504,8,0.5870535714285714,0.06349206349206349,4.0,6.813688212927756,0.0,1.0
decode,general,11,12,1,32,transition,504,8,0.9756944444444444,0.8392857142857143,4.0,4.099644128113879,0.3349279324055666,0.517347215727914
decode,general,11,13,2,8,domain_oracle,504,8,0.26264880952380953,0.0,1.0,3.8073654390934846,0.0,1.0
decode,general,11,13,2,8,previous_window,504,8,0.26091269841269843,0.0,1.0,3.832699619771863,0.0017395626242544733,0.9975902162780891
decode,general,11,13,2,8,static,504,8,0.0642361111111111,0.0,1.0,15.567567567567568,0.0,1.0
decode,general,11,13,2,8,transition,504,8,0.5773809523809523,0.001984126984126984,1.0,1.731958762886598,0.7253976143141153,0.20368873450384342
decode,general,11,13,2,16,domain_oracle,504,8,0.4573412698412698,0.001984126984126984,2.0,4.373101952277657,0.0,1.0
decode,general,11,13,2,16,previous_window,504,8,0.44990079365079366,0.001984126984126984,2.0,4.4454244762954795,0.0008697813121272366,0.9986115055697561
decode,general,11,13,2,16,static,504,8,0.22420634920634921,0.0,2.0,8.920353982300885,0.0,1.0
decode,general,11,13,2,16,transition,504,8,0.785218253968254,0.17261904761904762,2.0,2.5470625394819963,0.577286282306163,0.30603326783707024
decode,general,11,13,2,32,domain_oracle,504,8,0.7405753968253969,0.23015873015873015,4.0,5.4012056262558605,0.0,1.0
decode,general,11,13,2,32,previous_window,504,8,0.7237103174603174,0.20436507936507936,4.0,5.527073337902673,0.0005591451292246521,0.9990524425093481
decode,general,11,13,2,32,static,504,8,0.5314980158730159,0.011904761904761904,4.0,7.525898273448437,0.0,1.0
decode,general,11,13,2,32,transition,504,8,0.9375,0.6091269841269841,4.0,4.266666666666667,0.3370402584493042,0.5165648641524107
decode,general,11,14,3,8,domain_oracle,504,8,0.24875992063492064,0.0,1.0,4.019940179461615,0.0,1.0
decode,general,11,14,3,8,previous_window,504,8,0.28125,0.0,1.0,3.5555555555555554,0.001242544731610338,0.9982328252705986
decode,general,11,14,3,8,static,504,8,0.08705357142857142,0.0,1.0,11.487179487179487,0.0,1.0
decode,general,11,14,3,8,transition,504,8,0.6364087301587301,0.01984126984126984,1.0,1.5713172252533125,0.7308648111332008,0.21398910345232355
decode,general,11,14,3,16,domain_oracle,504,8,0.4789186507936508,0.005952380952380952,2.0,4.1760745727602275,0.0,1.0
decode,general,11,14,3,16,previous_window,504,8,0.4781746031746032,0.005952380952380952,2.0,4.182572614107884,0.0009940357852882703,0.9984738036427897
decode,general,11,14,3,16,static,504,8,0.24603174603174602,0.0,2.0,8.129032258064516,0.0,1.0
decode,general,11,14,3,16,transition,504,8,0.8400297619047619,0.2896825396825397,2.0,2.3808680248007086,0.5899602385685885,0.30172512363347315
decode,general,11,14,3,32,domain_oracle,504,8,0.7549603174603174,0.21825396825396826,4.0,5.298291721419186,0.0,1.0
decode,general,11,14,3,32,previous_window,504,8,0.7624007936507936,0.27380952380952384,4.0,5.24658425504229,0.0004970178926441351,0.9991164126352993
decode,general,11,14,3,32,static,504,8,0.5863095238095238,0.03373015873015873,4.0,6.822335025380711,0.0,1.0
decode,general,11,14,3,32,transition,504,8,0.9508928571428571,0.6765873015873016,4.0,4.206572769953052,0.3210114314115308,0.5325557505662621
decode,general,12,13,1,8,domain_oracle,504,8,0.26264880952380953,0.0,1.0,3.8073654390934846,0.0,1.0
decode,general,12,13,1,8,previous_window,504,8,0.26091269841269843,0.0,1.0,3.832699619771863,0.0017395626242544733,0.9975902162780891
decode,general,12,13,1,8,static,504,8,0.0642361111111111,0.0,1.0,15.567567567567568,0.0,1.0
decode,general,12,13,1,8,transition,504,8,0.6195436507936508,0.007936507936507936,1.0,1.6140912730184147,0.717196819085487,0.20926261721490305
decode,general,12,13,1,16,domain_oracle,504,8,0.4573412698412698,0.001984126984126984,2.0,4.373101952277657,0.0,1.0
decode,general,12,13,1,16,previous_window,504,8,0.44990079365079366,0.001984126984126984,2.0,4.4454244762954795,0.0008697813121272366,0.9986115055697561
decode,general,12,13,1,16,static,504,8,0.22420634920634921,0.0,2.0,8.920353982300885,0.0,1.0
decode,general,12,13,1,16,transition,504,8,0.814484126984127,0.21031746031746032,2.0,2.455542021924482,0.5823807157057654,0.30774170371410847
decode,general,12,13,1,32,domain_oracle,504,8,0.7405753968253969,0.23015873015873015,4.0,5.4012056262558605,0.0,1.0
decode,general,12,13,1,32,previous_window,504,8,0.7237103174603174,0.20436507936507936,4.0,5.527073337902673,0.0005591451292246521,0.9990524425093481
decode,general,12,13,1,32,static,504,8,0.5314980158730159,0.011904761904761904,4.0,7.525898273448437,0.0,1.0
decode,general,12,13,1,32,transition,504,8,0.9479166666666666,0.6567460317460317,4.0,4.21978021978022,0.338344930417495,0.5182039430207497
decode,general,12,14,2,8,domain_oracle,504,8,0.24875992063492064,0.0,1.0,4.019940179461615,0.0,1.0
decode,general,12,14,2,8,previous_window,504,8,0.28125,0.0,1.0,3.5555555555555554,0.001242544731610338,0.9982328252705986
decode,general,12,14,2,8,static,504,8,0.08705357142857142,0.0,1.0,11.487179487179487,0.0,1.0
decode,general,12,14,2,8,transition,504,8,0.6840277777777778,0.037698412698412696,1.0,1.4619289340101522,0.7345924453280318,0.2042709223623732
decode,general,12,14,2,16,domain_oracle,504,8,0.4789186507936508,0.005952380952380952,2.0,4.1760745727602275,0.0,1.0
decode,general,12,14,2,16,previous_window,504,8,0.4781746031746032,0.005952380952380952,2.0,4.182572614107884,0.0009940357852882703,0.9984738036427897
decode,general,12,14,2,16,static,504,8,0.24603174603174602,0.0,2.0,8.129032258064516,0.0,1.0
decode,general,12,14,2,16,transition,504,8,0.8707837301587301,0.3392857142857143,2.0,2.296781543719738,0.5977882703777336,0.2998951970623699
decode,general,12,14,2,32,domain_oracle,504,8,0.7549603174603174,0.21825396825396826,4.0,5.298291721419186,0.0,1.0
decode,general,12,14,2,32,previous_window,504,8,0.7624007936507936,0.27380952380952384,4.0,5.24658425504229,0.0004970178926441351,0.9991164126352993
decode,general,12,14,2,32,static,504,8,0.5863095238095238,0.03373015873015873,4.0,6.822335025380711,0.0,1.0
decode,general,12,14,2,32,transition,504,8,0.9583333333333334,0.7162698412698413,4.0,4.173913043478261,0.3258573558648111,0.5297478544851617
decode,general,12,15,3,8,domain_oracle,504,8,0.29464285714285715,0.0,1.0,3.393939393939394,0.0,1.0
decode,general,12,15,3,8,previous_window,504,8,0.2961309523809524,0.0,1.0,3.3768844221105527,0.0017395626242544733,0.9975902162780891
decode,general,12,15,3,8,static,504,8,0.1111111111111111,0.0,1.0,9.0,0.0,1.0
decode,general,12,15,3,8,transition,504,8,0.6312003968253969,0.013888888888888888,1.0,1.5842829076620826,0.6898608349900597,0.23230407763210867
decode,general,12,15,3,16,domain_oracle,504,8,0.503968253968254,0.0,2.0,3.968503937007874,0.0,1.0
decode,general,12,15,3,16,previous_window,504,8,0.4965277777777778,0.005952380952380952,2.0,4.027972027972028,0.0013667992047713719,0.9979688965772464
decode,general,12,15,3,16,static,504,8,0.3556547619047619,0.0,2.0,5.623430962343096,0.0,1.0
decode,general,12,15,3,16,transition,504,8,0.8487103174603174,0.3353174603174603,2.0,2.3565166569257743,0.5188866799204771,0.3584946868486245
decode,general,12,15,3,32,domain_oracle,504,8,0.8023313492063492,0.3611111111111111,4.0,4.9854714064915,0.0,1.0
decode,general,12,15,3,32,previous_window,504,8,0.8015873015873016,0.373015873015873,4.0,4.99009900990099,0.0004970178926441351,0.999121871090062
decode,general,12,15,3,32,static,504,8,0.6185515873015873,0.011904761904761904,4.0,6.466720128307939,0.0,1.0
decode,general,12,15,3,32,transition,504,8,0.9618055555555556,0.7638888888888888,4.0,4.15884476534296,0.3184020874751491,0.5400737883336517
decode,general,13,14,1,8,domain_oracle,504,8,0.24875992063492064,0.0,1.0,4.019940179461615,0.0,1.0
decode,general,13,14,1,8,previous_window,504,8,0.28125,0.0,1.0,3.5555555555555554,0.001242544731610338,0.9982328252705986
decode,general,13,14,1,8,static,504,8,0.08705357142857142,0.0,1.0,11.487179487179487,0.0,1.0
decode,general,13,14,1,8,transition,504,8,0.6862599206349206,0.023809523809523808,1.0,1.4571738344777738,0.7147117296222664,0.22353961479209938
decode,general,13,14,1,16,domain_oracle,504,8,0.4789186507936508,0.005952380952380952,2.0,4.1760745727602275,0.0,1.0
decode,general,13,14,1,16,previous_window,504,8,0.4781746031746032,0.005952380952380952,2.0,4.182572614107884,0.0009940357852882703,0.9984738036427897
decode,general,13,14,1,16,static,504,8,0.24603174603174602,0.0,2.0,8.129032258064516,0.0,1.0
decode,general,13,14,1,16,transition,504,8,0.8712797619047619,0.373015873015873,2.0,2.2954739538855677,0.5710735586481114,0.32567455481907104
decode,general,13,14,1,32,domain_oracle,504,8,0.7549603174603174,0.21825396825396826,4.0,5.298291721419186,0.0,1.0
decode,general,13,14,1,32,previous_window,504,8,0.7624007936507936,0.27380952380952384,4.0,5.24658425504229,0.0004970178926441351,0.9991164126352993
decode,general,13,14,1,32,static,504,8,0.5863095238095238,0.03373015873015873,4.0,6.822335025380711,0.0,1.0
decode,general,13,14,1,32,transition,504,8,0.9556051587301587,0.6884920634920635,4.0,4.1858292239813135,0.32082504970178927,0.5365889510013125
decode,general,13,15,2,8,domain_oracle,504,8,0.29464285714285715,0.0,1.0,3.393939393939394,0.0,1.0
decode,general,13,15,2,8,previous_window,504,8,0.2961309523809524,0.0,1.0,3.3768844221105527,0.0017395626242544733,0.9975902162780891
decode,general,13,15,2,8,static,504,8,0.1111111111111111,0.0,1.0,9.0,0.0,1.0
decode,general,13,15,2,8,transition,504,8,0.6423611111111112,0.027777777777777776,1.0,1.5567567567567568,0.6809145129224652,0.24065018259849177
decode,general,13,15,2,16,domain_oracle,504,8,0.503968253968254,0.0,2.0,3.968503937007874,0.0,1.0
decode,general,13,15,2,16,previous_window,504,8,0.4965277777777778,0.005952380952380952,2.0,4.027972027972028,0.0013667992047713719,0.9979688965772464
decode,general,13,15,2,16,static,504,8,0.3556547619047619,0.0,2.0,5.623430962343096,0.0,1.0
decode,general,13,15,2,16,transition,504,8,0.8611111111111112,0.3392857142857143,2.0,2.3225806451612905,0.5176441351888668,0.36244659306248206
decode,general,13,15,2,32,domain_oracle,504,8,0.8023313492063492,0.3611111111111111,4.0,4.9854714064915,0.0,1.0
decode,general,13,15,2,32,previous_window,504,8,0.8015873015873016,0.373015873015873,4.0,4.99009900990099,0.0004970178926441351,0.999121871090062
decode,general,13,15,2,32,static,504,8,0.6185515873015873,0.011904761904761904,4.0,6.466720128307939,0.0,1.0
decode,general,13,15,2,32,transition,504,8,0.9645337301587301,0.7837301587301587,4.0,4.147081511956801,0.3176565606361829,0.5428206436439792
decode,general,14,15,1,8,domain_oracle,504,8,0.29464285714285715,0.0,1.0,3.393939393939394,0.0,1.0
decode,general,14,15,1,8,previous_window,504,8,0.2961309523809524,0.0,1.0,3.3768844221105527,0.0017395626242544733,0.9975902162780891
decode,general,14,15,1,8,static,504,8,0.1111111111111111,0.0,1.0,9.0,0.0,1.0
decode,general,14,15,1,8,transition,504,8,0.6324404761904762,0.021825396825396824,1.0,1.5811764705882352,0.6824055666003976,0.2509901408509749
decode,general,14,15,1,16,domain_oracle,504,8,0.503968253968254,0.0,2.0,3.968503937007874,0.0,1.0
decode,general,14,15,1,16,previous_window,504,8,0.4965277777777778,0.005952380952380952,2.0,4.027972027972028,0.0013667992047713719,0.9979688965772464
decode,general,14,15,1,16,static,504,8,0.3556547619047619,0.0,2.0,5.623430962343096,0.0,1.0
decode,general,14,15,1,16,transition,504,8,0.8645833333333334,0.35119047619047616,2.0,2.3132530120481927,0.5408797216699801,0.3500318339642423
decode,general,14,15,1,32,domain_oracle,504,8,0.8023313492063492,0.3611111111111111,4.0,4.9854714064915,0.0,1.0
decode,general,14,15,1,32,previous_window,504,8,0.8015873015873016,0.373015873015873,4.0,4.99009900990099,0.0004970178926441351,0.999121871090062
decode,general,14,15,1,32,static,504,8,0.6185515873015873,0.011904761904761904,4.0,6.466720128307939,0.0,1.0
decode,general,14,15,1,32,transition,504,8,0.9714781746031746,0.8253968253968254,4.0,4.11743681388818,0.33915258449304175,0.5228527240250399
decode,math,0,1,1,8,domain_oracle,504,8,0.22767857142857142,0.0,1.0,4.392156862745098,0.0,1.0
decode,math,0,1,1,8,previous_window,504,8,0.21081349206349206,0.0,1.0,4.7435294117647056,0.002485089463220676,0.9969705576067406
decode,math,0,1,1,8,static,504,8,0.21106150793650794,0.0,1.0,4.737955346650999,0.0,1.0
decode,math,0,1,1,8,transition,504,8,0.39856150793650796,0.0,1.0,2.509023024268824,0.4445825049701789,0.406843123741732
decode,math,0,1,1,16,domain_oracle,504,8,0.38467261904761907,0.001984126984126984,2.0,5.199226305609284,0.0,1.0
decode,math,0,1,1,16,previous_window,504,8,0.3628472222222222,0.001984126984126984,2.0,5.511961722488039,0.001863817097415507,0.997484185794325
decode,math,0,1,1,16,static,504,8,0.35962301587301587,0.0,2.0,5.561379310344828,0.0,1.0
decode,math,0,1,1,16,transition,504,8,0.6011904761904762,0.037698412698412696,2.0,3.3267326732673266,0.42084990059642147,0.4217380762055216
decode,math,0,1,1,32,domain_oracle,504,8,0.6572420634920635,0.05952380952380952,4.0,6.0860377358490565,0.0,1.0
decode,math,0,1,1,32,previous_window,504,8,0.638640873015873,0.037698412698412696,4.0,6.263300970873787,0.0009319085487077535,0.9984993760160474
decode,math,0,1,1,32,static,504,8,0.6140873015873016,0.0496031746031746,4.0,6.51373182552504,0.0,1.0
decode,math,0,1,1,32,transition,504,8,0.8127480158730159,0.2222222222222222,4.0,4.921574610924626,0.28951292246520877,0.5595920375092572
decode,math,0,2,2,8,domain_oracle,504,8,0.2663690476190476,0.0,1.0,3.7541899441340782,0.0,1.0
decode,math,0,2,2,8,previous_window,504,8,0.26165674603174605,0.0,1.0,3.8218009478672985,0.0014910536779324055,0.9978793903247184
decode,math,0,2,2,8,static,504,8,0.18725198412698413,0.0,1.0,5.340397350993378,0.0,1.0
decode,math,0,2,2,8,transition,504,8,0.37177579365079366,0.0,1.0,2.6897931954636425,0.4517892644135189,0.4063837642366464
decode,math,0,2,2,16,domain_oracle,504,8,0.4367559523809524,0.0,2.0,4.579216354344123,0.0,1.0
decode,math,0,2,2,16,previous_window,504,8,0.42931547619047616,0.0,2.0,4.658578856152513,0.0011182902584493041,0.9982877852502211
decode,math,0,2,2,16,static,504,8,0.36607142857142855,0.001984126984126984,2.0,5.463414634146342,0.0,1.0
decode,math,0,2,2,16,transition,504,8,0.5895337301587301,0.021825396825396824,2.0,3.39251156920488,0.3959990059642147,0.4534777100875329
decode,math,0,2,2,32,domain_oracle,504,8,0.6897321428571429,0.07539682539682539,4.0,5.799352750809062,0.0,1.0
decode,math,0,2,2,32,previous_window,504,8,0.6974206349206349,0.07341269841269842,4.0,5.735419630156472,0.000621272365805169,0.9989253667186073
decode,math,0,2,2,32,static,504,8,0.6760912698412699,0.04365079365079365,4.0,5.9163609684519445,0.0,1.0
decode,math,0,2,2,32,transition,504,8,0.8050595238095238,0.22817460317460317,4.0,4.968576709796673,0.253851888667992,0.6047885216844653
decode,math,0,3,3,8,domain_oracle,504,8,0.2986111111111111,0.0,1.0,3.3488372093023258,0.0,1.0
decode,math,0,3,3,8,previous_window,504,8,0.28149801587301587,0.0,1.0,3.5524229074889866,0.0019880715705765406,0.9973863115016197
decode,math,0,3,3,8,static,504,8,0.2896825396825397,0.0,1.0,3.452054794520548,0.0,1.0
decode,math,0,3,3,8,transition,504,8,0.46081349206349204,0.0,1.0,2.170075349838536,0.441351888667992,0.41737952791630667
decode,math,0,3,3,16,domain_oracle,504,8,0.49007936507936506,0.0,2.0,4.080971659919029,0.0,1.0
decode,math,0,3,3,16,previous_window,504,8,0.4774305555555556,0.0,2.0,4.189090909090909,0.0008697813121272366,0.9986115055697561
decode,math,0,3,3,16,static,504,8,0.48214285714285715,0.001984126984126984,2.0,4.148148148148148,0.0,1.0
decode,math,0,3,3,16,transition,504,8,0.6550099206349206,0.05555555555555555,2.0,3.053388867853086,0.3071570576540755,0.5471512984145078
decode,math,0,3,3,32,domain_oracle,504,8,0.7581845238095238,0.1488095238095238,4.0,5.275760549558391,0.0,1.0
decode,math,0,3,3,32,previous_window,504,8,0.7532242063492064,0.0992063492063492,4.0,5.3105037866315445,0.0004348906560636183,0.9992173940484079
decode,math,0,3,3,32,static,504,8,0.7336309523809523,0.10317460317460317,4.0,5.452332657200811,0.0,1.0
decode,math,0,3,3,32,transition,504,8,0.8501984126984127,0.3492063492063492,4.0,4.704784130688448,0.209617296222664,0.66364928233138
decode,math,1,2,1,8,domain_oracle,504,8,0.2663690476190476,0.0,1.0,3.7541899441340782,0.0,1.0
decode,math,1,2,1,8,previous_window,504,8,0.26165674603174605,0.0,1.0,3.8218009478672985,0.0014910536779324055,0.9978793903247184
decode,math,1,2,1,8,static,504,8,0.18725198412698413,0.0,1.0,5.340397350993378,0.0,1.0
decode,math,1,2,1,8,transition,504,8,0.4243551587301587,0.0,1.0,2.3565166569257743,0.474155069582505,0.39208474317818204
decode,math,1,2,1,16,domain_oracle,504,8,0.4367559523809524,0.0,2.0,4.579216354344123,0.0,1.0
decode,math,1,2,1,16,previous_window,504,8,0.42931547619047616,0.0,2.0,4.658578856152513,0.0011182902584493041,0.9982877852502211
decode,math,1,2,1,16,static,504,8,0.36607142857142855,0.001984126984126984,2.0,5.463414634146342,0.0,1.0
decode,math,1,2,1,16,transition,504,8,0.6532738095238095,0.047619047619047616,2.0,3.061503416856492,0.4061878727634195,0.446360583732881
decode,math,1,2,1,32,domain_oracle,504,8,0.6897321428571429,0.07539682539682539,4.0,5.799352750809062,0.0,1.0
decode,math,1,2,1,32,previous_window,504,8,0.6974206349206349,0.07341269841269842,4.0,5.735419630156472,0.000621272365805169,0.9989253667186073
decode,math,1,2,1,32,static,504,8,0.6760912698412699,0.04365079365079365,4.0,5.9163609684519445,0.0,1.0
decode,math,1,2,1,32,transition,504,8,0.8665674603174603,0.38293650793650796,4.0,4.615912993703492,0.2683275347912525,0.5853798831893455
decode,math,1,3,2,8,domain_oracle,504,8,0.2986111111111111,0.0,1.0,3.3488372093023258,0.0,1.0
decode,math,1,3,2,8,previous_window,504,8,0.28149801587301587,0.0,1.0,3.5524229074889866,0.0019880715705765406,0.9973863115016197
decode,math,1,3,2,8,static,504,8,0.2896825396825397,0.0,1.0,3.452054794520548,0.0,1.0
decode,math,1,3,2,8,transition,504,8,0.49776785714285715,0.003968253968253968,1.0,2.008968609865471,0.4309145129224652,0.42859415821642466
decode,math,1,3,2,16,domain_oracle,504,8,0.49007936507936506,0.0,2.0,4.080971659919029,0.0,1.0
decode,math,1,3,2,16,previous_window,504,8,0.4774305555555556,0.0,2.0,4.189090909090909,0.0008697813121272366,0.9986115055697561
decode,math,1,3,2,16,static,504,8,0.48214285714285715,0.001984126984126984,2.0,4.148148148148148,0.0,1.0
decode,math,1,3,2,16,transition,504,8,0.7165178571428571,0.12301587301587301,2.0,2.791277258566978,0.2865308151093439,0.5712604039243782
decode,math,1,3,2,32,domain_oracle,504,8,0.7581845238095238,0.1488095238095238,4.0,5.275760549558391,0.0,1.0
decode,math,1,3,2,32,previous_window,504,8,0.7532242063492064,0.0992063492063492,4.0,5.3105037866315445,0.0004348906560636183,0.9992173940484079
decode,math,1,3,2,32,static,504,8,0.7336309523809523,0.10317460317460317,4.0,5.452332657200811,0.0,1.0
decode,math,1,3,2,32,transition,504,8,0.8799603174603174,0.4444444444444444,4.0,4.545659526493799,0.20943091451292248,0.6623130596948735
decode,math,1,4,3,8,domain_oracle,504,8,0.3263888888888889,0.0,1.0,3.0638297872340425,0.0,1.0
decode,math,1,4,3,8,previous_window,504,8,0.30853174603174605,0.0,1.0,3.2411575562700965,0.0017395626242544733,0.9975902162780891
decode,math,1,4,3,8,static,504,8,0.2472718253968254,0.0,1.0,4.044132397191575,0.0,1.0
decode,math,1,4,3,8,transition,504,8,0.47867063492063494,0.0,1.0,2.089119170984456,0.3553677932405567,0.49924111673614785
decode,math,1,4,3,16,domain_oracle,504,8,0.49231150793650796,0.0,2.0,4.062468513853904,0.0,1.0
decode,math,1,4,3,16,previous_window,504,8,0.4799107142857143,0.0,2.0,4.167441860465116,0.0013667992047713719,0.9979688965772464
decode,math,1,4,3,16,static,504,8,0.4174107142857143,0.0,2.0,4.791443850267379,0.0,1.0
decode,math,1,4,3,16,transition,504,8,0.6676587301587301,0.041666666666666664,2.0,2.9955423476968797,0.2967196819085487,0.5615192490152701
decode,math,1,4,3,32,domain_oracle,504,8,0.7663690476190477,0.0992063492063492,4.0,5.2194174757281555,0.0,1.0
decode,math,1,4,3,32,previous_window,504,8,0.7678571428571429,0.1349206349206349,4.0,5.209302325581396,0.0004348906560636183,0.9992173940484079
decode,math,1,4,3,32,static,504,8,0.7023809523809523,0.05357142857142857,4.0,5.694915254237288,0.0,1.0
decode,math,1,4,3,32,transition,504,8,0.8702876984126984,0.34523809523809523,4.0,4.5961812482188655,0.2103628230616302,0.6599214398015032
decode,math,2,3,1,8,domain_oracle,504,8,0.2986111111111111,0.0,1.0,3.3488372093023258,0.0,1.0
decode,math,2,3,1,8,previous_window,504,8,0.28149801587301587,0.0,1.0,3.5524229074889866,0.0019880715705765406,0.9973863115016197
decode,math,2,3,1,8,static,504,8,0.2896825396825397,0.0,1.0,3.452054794520548,0.0,1.0
decode,math,2,3,1,8,transition,504,8,0.5627480158730159,0.001984126984126984,1.0,1.7769942706037902,0.49105367793240556,0.38271478907661677
decode,math,2,3,1,16,domain_oracle,504,8,0.49007936507936506,0.0,2.0,4.080971659919029,0.0,1.0
decode,math,2,3,1,16,previous_window,504,8,0.4774305555555556,0.0,2.0,4.189090909090909,0.0008697813121272366,0.9986115055697561
decode,math,2,3,1,16,static,504,8,0.48214285714285715,0.001984126984126984,2.0,4.148148148148148,0.0,1.0
decode,math,2,3,1,16,transition,504,8,0.7748015873015873,0.1765873015873016,2.0,2.581306017925736,0.3445576540755467,0.517755050350668
decode,math,2,3,1,32,domain_oracle,504,8,0.7581845238095238,0.1488095238095238,4.0,5.275760549558391,0.0,1.0
decode,math,2,3,1,32,previous_window,504,8,0.7532242063492064,0.0992063492063492,4.0,5.3105037866315445,0.0004348906560636183,0.9992173940484079
decode,math,2,3,1,32,static,504,8,0.7336309523809523,0.10317460317460317,4.0,5.452332657200811,0.0,1.0
decode,math,2,3,1,32,transition,504,8,0.9188988095238095,0.5654761904761905,4.0,4.353036437246963,0.23378479125248508,0.6350598622433058
decode,math,2,4,2,8,domain_oracle,504,8,0.3263888888888889,0.0,1.0,3.0638297872340425,0.0,1.0
decode,math,2,4,2,8,previous_window,504,8,0.30853174603174605,0.0,1.0,3.2411575562700965,0.0017395626242544733,0.9975902162780891
decode,math,2,4,2,8,static,504,8,0.2472718253968254,0.0,1.0,4.044132397191575,0.0,1.0
decode,math,2,4,2,8,transition,504,8,0.5525793650793651,0.003968253968253968,1.0,1.8096947935368044,0.4202286282306163,0.4430905961721066
decode,math,2,4,2,16,domain_oracle,504,8,0.49231150793650796,0.0,2.0,4.062468513853904,0.0,1.0
decode,math,2,4,2,16,previous_window,504,8,0.4799107142857143,0.0,2.0,4.167441860465116,0.0013667992047713719,0.9979688965772464
decode,math,2,4,2,16,static,504,8,0.4174107142857143,0.0,2.0,4.791443850267379,0.0,1.0
decode,math,2,4,2,16,transition,504,8,0.7557043650793651,0.10515873015873016,2.0,2.6465375779455202,0.34393638170974156,0.5187568360272148
decode,math,2,4,2,32,domain_oracle,504,8,0.7663690476190477,0.0992063492063492,4.0,5.2194174757281555,0.0,1.0
decode,math,2,4,2,32,previous_window,504,8,0.7678571428571429,0.1349206349206349,4.0,5.209302325581396,0.0004348906560636183,0.9992173940484079
decode,math,2,4,2,32,static,504,8,0.7023809523809523,0.05357142857142857,4.0,5.694915254237288,0.0,1.0
decode,math,2,4,2,32,transition,504,8,0.9139384920634921,0.501984126984127,4.0,4.376662143826323,0.2477634194831014,0.6166638795115531
decode,math,2,5,3,8,domain_oracle,504,8,0.341765873015873,0.0,1.0,2.925979680696662,0.0,1.0
decode,math,2,5,3,8,previous_window,504,8,0.3325892857142857,0.0,1.0,3.0067114093959733,0.0009940357852882703,0.9984095427435389
decode,math,2,5,3,8,static,504,8,0.29712301587301587,0.0,1.0,3.365609348914858,0.0,1.0
decode,math,2,5,3,8,transition,504,8,0.5300099206349206,0.0,1.0,1.886757136172204,0.3794731610337972,0.48310271570708896
decode,math,2,5,3,16,domain_oracle,504,8,0.533234126984127,0.031746031746031744,2.0,3.7506976744186047,0.0,1.0
decode,math,2,5,3,16,previous_window,504,8,0.513640873015873,0.023809523809523808,2.0,3.8937711250603573,0.0011182902584493041,0.9982877852502211
decode,math,2,5,3,16,static,504,8,0.4635416666666667,0.011904761904761904,2.0,4.314606741573034,0.0,1.0
decode,math,2,5,3,16,transition,504,8,0.7653769841269841,0.15674603174603174,2.0,2.613091380427738,0.3249254473161034,0.5459829014325092
decode,math,2,5,3,32,domain_oracle,504,8,0.7896825396825397,0.24404761904761904,4.0,5.065326633165829,0.0,1.0
decode,math,2,5,3,32,previous_window,504,8,0.7723214285714286,0.19642857142857142,4.0,5.179190751445087,0.0006833996023856859,0.9988445396000067
decode,math,2,5,3,32,static,504,8,0.7036210317460317,0.13690476190476192,4.0,5.6848783926683115,0.0,1.0
decode,math,2,5,3,32,transition,504,8,0.9265873015873016,0.5753968253968254,4.0,4.316916488222698,0.2316724652087475,0.6368709098162986
decode,math,3,4,1,8,domain_oracle,504,8,0.3263888888888889,0.0,1.0,3.0638297872340425,0.0,1.0
decode,math,3,4,1,8,previous_window,504,8,0.30853174603174605,0.0,1.0,3.2411575562700965,0.0017395626242544733,0.9975902162780891
decode,math,3,4,1,8,static,504,8,0.2472718253968254,0.0,1.0,4.044132397191575,0.0,1.0
decode,math,3,4,1,8,transition,504,8,0.5704365079365079,0.005952380952380952,1.0,1.7530434782608695,0.42992047713717696,0.44579414400487843
decode,math,3,4,1,16,domain_oracle,504,8,0.49231150793650796,0.0,2.0,4.062468513853904,0.0,1.0
decode,math,3,4,1,16,previous_window,504,8,0.4799107142857143,0.0,2.0,4.167441860465116,0.0013667992047713719,0.9979688965772464
decode,math,3,4,1,16,static,504,8,0.4174107142857143,0.0,2.0,4.791443850267379,0.0,1.0
decode,math,3,4,1,16,transition,504,8,0.7782738095238095,0.125,2.0,2.5697896749521987,0.3746272365805169,0.49672514649968025
decode,math,3,4,1,32,domain_oracle,504,8,0.7663690476190477,0.0992063492063492,4.0,5.2194174757281555,0.0,1.0
decode,math,3,4,1,32,previous_window,504,8,0.7678571428571429,0.1349206349206349,4.0,5.209302325581396,0.0004348906560636183,0.9992173940484079
decode,math,3,4,1,32,static,504,8,0.7023809523809523,0.05357142857142857,4.0,5.694915254237288,0.0,1.0
decode,math,3,4,1,32,transition,504,8,0.9342757936507936,0.6150793650793651,4.0,4.281391027342713,0.2698185884691849,0.5991355326155156
decode,math,3,5,2,8,domain_oracle,504,8,0.341765873015873,0.0,1.0,2.925979680696662,0.0,1.0
decode,math,3,5,2,8,previous_window,504,8,0.3325892857142857,0.0,1.0,3.0067114093959733,0.0009940357852882703,0.9984095427435389
decode,math,3,5,2,8,static,504,8,0.29712301587301587,0.0,1.0,3.365609348914858,0.0,1.0
decode,math,3,5,2,8,transition,504,8,0.5555555555555556,0.0,1.0,1.8,0.3966202783300199,0.4699006317296571
decode,math,3,5,2,16,domain_oracle,504,8,0.533234126984127,0.031746031746031744,2.0,3.7506976744186047,0.0,1.0
decode,math,3,5,2,16,previous_window,504,8,0.513640873015873,0.023809523809523808,2.0,3.8937711250603573,0.0011182902584493041,0.9982877852502211
decode,math,3,5,2,16,static,504,8,0.4635416666666667,0.011904761904761904,2.0,4.314606741573034,0.0,1.0
decode,math,3,5,2,16,transition,504,8,0.7906746031746031,0.18055555555555555,2.0,2.5294855708908406,0.3581013916500994,0.5168261728036516
decode,math,3,5,2,32,domain_oracle,504,8,0.7896825396825397,0.24404761904761904,4.0,5.065326633165829,0.0,1.0
decode,math,3,5,2,32,previous_window,504,8,0.7723214285714286,0.19642857142857142,4.0,5.179190751445087,0.0006833996023856859,0.9988445396000067
decode,math,3,5,2,32,static,504,8,0.7036210317460317,0.13690476190476192,4.0,5.6848783926683115,0.0,1.0
decode,math,3,5,2,32,transition,504,8,0.9461805555555556,0.6706349206349206,4.0,4.227522935779817,0.2749751491053678,0.5941149035894135
decode,math,3,6,3,8,domain_oracle,504,8,0.40302579365079366,0.0,1.0,2.4812307692307694,0.0,1.0
decode,math,3,6,3,8,previous_window,504,8,0.4025297619047619,0.0,1.0,2.4842883548983363,0.0007455268389662028,0.9987629776894191
decode,math,3,6,3,8,static,504,8,0.3787202380952381,0.0,1.0,2.6404715127701377,0.0,1.0
decode,math,3,6,3,8,transition,504,8,0.6061507936507936,0.005952380952380952,1.0,1.6497545008183305,0.349155069582505,0.5193822744518564
decode,math,3,6,3,16,domain_oracle,504,8,0.6190476190476191,0.001984126984126984,2.0,3.230769230769231,0.0,1.0
decode,math,3,6,3,16,previous_window,504,8,0.5942460317460317,0.001984126984126984,2.0,3.365609348914858,0.0007455268389662028,0.9987629776894191
decode,math,3,6,3,16,static,504,8,0.5704365079365079,0.0,2.0,3.506086956521739,0.0,1.0
decode,math,3,6,3,16,transition,504,8,0.8432539682539683,0.28174603174603174,2.0,2.3717647058823528,0.3128727634194831,0.5606910127959035
decode,math,3,6,3,32,domain_oracle,504,8,0.8563988095238095,0.36904761904761907,4.0,4.670721112076455,0.0,1.0
decode,math,3,6,3,32,previous_window,504,8,0.8526785714285714,0.34523809523809523,4.0,4.69109947643979,0.0003727634194831014,0.9993183754615166
decode,math,3,6,3,32,static,504,8,0.8082837301587301,0.20634920634920634,4.0,4.948757287511507,0.0,1.0
decode,math,3,6,3,32,transition,504,8,0.9402281746031746,0.6388888888888888,4.0,4.254286467950409,0.24403578528827038,0.6292883581437662
decode,math,4,5,1,8,domain_oracle,504,8,0.341765873015873,0.0,1.0,2.925979680696662,0.0,1.0
decode,math,4,5,1,8,previous_window,504,8,0.3325892857142857,0.0,1.0,3.0067114093959733,0.0009940357852882703,0.9984095427435389
decode,math,4,5,1,8,static,504,8,0.29712301587301587,0.0,1.0,3.365609348914858,0.0,1.0
decode,math,4,5,1,8,transition,504,8,0.5877976190476191,0.003968253968253968,1.0,1.70126582278481,0.41177932405566603,0.4533706629134062
decode,math,4,5,1,16,domain_oracle,504,8,0.533234126984127,0.031746031746031744,2.0,3.7506976744186047,0.0,1.0
decode,math,4,5,1,16,previous_window,504,8,0.513640873015873,0.023809523809523808,2.0,3.8937711250603573,0.0011182902584493041,0.9982877852502211
decode,math,4,5,1,16,static,504,8,0.4635416666666667,0.011904761904761904,2.0,4.314606741573034,0.0,1.0
decode,math,4,5,1,16,transition,504,8,0.8273809523809523,0.22817460317460317,2.0,2.41726618705036,0.3592196819085487,0.512689646669591
decode,math,4,5,1,32,domain_oracle,504,8,0.7896825396825397,0.24404761904761904,4.0,5.065326633165829,0.0,1.0
decode,math,4,5,1,32,previous_window,504,8,0.7723214285714286,0.19642857142857142,4.0,5.179190751445087,0.0006833996023856859,0.9988445396000067
decode,math,4,5,1,32,static,504,8,0.7036210317460317,0.13690476190476192,4.0,5.6848783926683115,0.0,1.0
decode,math,4,5,1,32,transition,504,8,0.9548611111111112,0.7242063492063492,4.0,4.189090909090909,0.24987574552683897,0.6217460428694715
decode,math,4,6,2,8,domain_oracle,504,8,0.40302579365079366,0.0,1.0,2.4812307692307694,0.0,1.0
decode,math,4,6,2,8,previous_window,504,8,0.4025297619047619,0.0,1.0,2.4842883548983363,0.0007455268389662028,0.9987629776894191
decode,math,4,6,2,8,static,504,8,0.3787202380952381,0.0,1.0,2.6404715127701377,0.0,1.0
decode,math,4,6,2,8,transition,504,8,0.6140873015873016,0.005952380952380952,1.0,1.62843295638126,0.34840954274353875,0.5170672932104339
decode,math,4,6,2,16,domain_oracle,504,8,0.6190476190476191,0.001984126984126984,2.0,3.230769230769231,0.0,1.0
decode,math,4,6,2,16,previous_window,504,8,0.5942460317460317,0.001984126984126984,2.0,3.365609348914858,0.0007455268389662028,0.9987629776894191
decode,math,4,6,2,16,static,504,8,0.5704365079365079,0.0,2.0,3.506086956521739,0.0,1.0
decode,math,4,6,2,16,transition,504,8,0.8524305555555556,0.2777777777777778,2.0,2.346232179226069,0.30603876739562624,0.5645922933250833
decode,math,4,6,2,32,domain_oracle,504,8,0.8563988095238095,0.36904761904761907,4.0,4.670721112076455,0.0,1.0
decode,math,4,6,2,32,previous_window,504,8,0.8526785714285714,0.34523809523809523,4.0,4.69109947643979,0.0003727634194831014,0.9993183754615166
decode,math,4,6,2,32,static,504,8,0.8082837301587301,0.20634920634920634,4.0,4.948757287511507,0.0,1.0
decode,math,4,6,2,32,transition,504,8,0.9496527777777778,0.6805555555555556,4.0,4.212065813528336,0.2183772365805169,0.659634845830484
decode,math,4,7,3,8,domain_oracle,504,8,0.3583829365079365,0.0,1.0,2.7903114186851212,0.0,1.0
decode,math,4,7,3,8,previous_window,504,8,0.3385416666666667,0.0,1.0,2.953846153846154,0.0017395626242544733,0.9975902162780891
decode,math,4,7,3,8,static,504,8,0.33804563492063494,0.0,1.0,2.9581804842259722,0.0,1.0
decode,math,4,7,3,8,transition,504,8,0.654265873015873,0.011904761904761904,1.0,1.5284306292645944,0.408051689860835,0.4688473885292958
decode,math,4,7,3,16,domain_oracle,504,8,0.5654761904761905,0.001984126984126984,2.0,3.536842105263158,0.0,1.0
decode,math,4,7,3,16,previous_window,504,8,0.5513392857142857,0.011904761904761904,2.0,3.6275303643724697,0.0007455268389662028,0.9988194084790973
decode,math,4,7,3,16,static,504,8,0.5518353174603174,0.001984126984126984,2.0,3.6242696629213484,0.0,1.0
decode,math,4,7,3,16,transition,504,8,0.8606150793650794,0.3472222222222222,2.0,2.3239193083573486,0.35027335984095426,0.5214724980440412
decode,math,4,7,3,32,domain_oracle,504,8,0.8330853174603174,0.29563492063492064,4.0,4.801428996725216,0.0,1.0
decode,math,4,7,3,32,previous_window,504,8,0.8268849206349206,0.2876984126984127,4.0,4.8374325134973,0.0005591451292246521,0.9990208896769533
decode,math,4,7,3,32,static,504,8,0.7867063492063492,0.25992063492063494,4.0,5.084489281210593,0.0,1.0
decode,math,4,7,3,32,transition,504,8,0.966765873015873,0.7757936507936508,4.0,4.137506413545408,0.2327286282306163,0.6414152943116816
decode,math,5,6,1,8,domain_oracle,504,8,0.40302579365079366,0.0,1.0,2.4812307692307694,0.0,1.0
decode,math,5,6,1,8,previous_window,504,8,0.4025297619047619,0.0,1.0,2.4842883548983363,0.0007455268389662028,0.9987629776894191
decode,math,5,6,1,8,static,504,8,0.3787202380952381,0.0,1.0,2.6404715127701377,0.0,1.0
decode,math,5,6,1,8,transition,504,8,0.6299603174603174,0.005952380952380952,1.0,1.5874015748031496,0.34642147117296224,0.5188863268386126
decode,math,5,6,1,16,domain_oracle,504,8,0.6190476190476191,0.001984126984126984,2.0,3.230769230769231,0.0,1.0
decode,math,5,6,1,16,previous_window,504,8,0.5942460317460317,0.001984126984126984,2.0,3.365609348914858,0.0007455268389662028,0.9987629776894191
decode,math,5,6,1,16,static,504,8,0.5704365079365079,0.0,2.0,3.506086956521739,0.0,1.0
decode,math,5,6,1,16,transition,504,8,0.8640873015873016,0.3115079365079365,2.0,2.314580941446613,0.29398608349900596,0.580443667940979
decode,math,5,6,1,32,domain_oracle,504,8,0.8563988095238095,0.36904761904761907,4.0,4.670721112076455,0.0,1.0
decode,math,5,6,1,32,previous_window,504,8,0.8526785714285714,0.34523809523809523,4.0,4.69109947643979,0.0003727634194831014,0.9993183754615166
decode,math,5,6,1,32,static,504,8,0.8082837301587301,0.20634920634920634,4.0,4.948757287511507,0.0,1.0
decode,math,5,6,1,32,transition,504,8,0.9518849206349206,0.6904761904761905,4.0,4.202188639916623,0.2103628230616302,0.6716931674573684
decode,math,5,7,2,8,domain_oracle,504,8,0.3583829365079365,0.0,1.0,2.7903114186851212,0.0,1.0
decode,math,5,7,2,8,previous_window,504,8,0.3385416666666667,0.0,1.0,2.953846153846154,0.0017395626242544733,0.9975902162780891
decode,math,5,7,2,8,static,504,8,0.33804563492063494,0.0,1.0,2.9581804842259722,0.0,1.0
decode,math,5,7,2,8,transition,504,8,0.6594742063492064,0.015873015873015872,1.0,1.5163595336592703,0.40357852882703776,0.47493081250536406
decode,math,5,7,2,16,domain_oracle,504,8,0.5654761904761905,0.001984126984126984,2.0,3.536842105263158,0.0,1.0
decode,math,5,7,2,16,previous_window,504,8,0.5513392857142857,0.011904761904761904,2.0,3.6275303643724697,0.0007455268389662028,0.9988194084790973
decode,math,5,7,2,16,static,504,8,0.5518353174603174,0.001984126984126984,2.0,3.6242696629213484,0.0,1.0
decode,math,5,7,2,16,transition,504,8,0.8782242063492064,0.3968253968253968,2.0,2.277322790172268,0.3226888667992048,0.5516628370629172
decode,math,5,7,2,32,domain_oracle,504,8,0.8330853174603174,0.29563492063492064,4.0,4.801428996725216,0.0,1.0
decode,math,5,7,2,32,previous_window,504,8,0.8268849206349206,0.2876984126984127,4.0,4.8374325134973,0.0005591451292246521,0.9990208896769533
decode,math,5,7,2,32,static,504,8,0.7867063492063492,0.25992063492063494,4.0,5.084489281210593,0.0,1.0
decode,math,5,7,2,32,transition,504,8,0.9747023809523809,0.8234126984126984,4.0,4.10381679389313,0.21458747514910537,0.6660753784588186
decode,math,5,8,3,8,domain_oracle,504,8,0.3492063492063492,0.0,1.0,2.8636363636363638,0.0,1.0
decode,math,5,8,3,8,previous_window,504,8,0.3395337301587302,0.0,1.0,2.945215485756026,0.001242544731610338,0.9982328252705985
decode,math,5,8,3,8,static,504,8,0.30481150793650796,0.0,1.0,3.2807160292921074,0.0,1.0
decode,math,5,8,3,8,transition,504,8,0.6396329365079365,0.015873015873015872,1.0,1.563396665374176,0.4393638170974155,0.4398757858002379
decode,math,5,8,3,16,domain_oracle,504,8,0.5280257936507936,0.0,2.0,3.7876937529356507,0.0,1.0
decode,math,5,8,3,16,previous_window,504,8,0.5081845238095238,0.007936507936507936,2.0,3.9355783308931187,0.0013667992047713719,0.9979946408505489
decode,math,5,8,3,16,static,504,8,0.5032242063492064,0.0,2.0,3.9743716116313457,0.0,1.0
decode,math,5,8,3,16,transition,504,8,0.8583829365079365,0.3630952380952381,2.0,2.32996243860156,0.3404572564612326,0.5315989057511054
decode,math,5,8,3,32,domain_oracle,504,8,0.8023313492063492,0.2261904761904762,4.0,4.9854714064915,0.0,1.0
decode,math,5,8,3,32,previous_window,504,8,0.7886904761904762,0.2261904761904762,4.0,5.071698113207547,0.0004348906560636183,0.9992287925862946
decode,math,5,8,3,32,static,504,8,0.7700892857142857,0.15476190476190477,4.0,5.194202898550724,0.0,1.0
decode,math,5,8,3,32,transition,504,8,0.9739583333333334,0.8313492063492064,4.0,4.106951871657754,0.2143389662027833,0.6657235149430835
decode,math,6,7,1,8,domain_oracle,504,8,0.3583829365079365,0.0,1.0,2.7903114186851212,0.0,1.0
decode,math,6,7,1,8,previous_window,504,8,0.3385416666666667,0.0,1.0,2.953846153846154,0.0017395626242544733,0.9975902162780891
decode,math,6,7,1,8,static,504,8,0.33804563492063494,0.0,1.0,2.9581804842259722,0.0,1.0
decode,math,6,7,1,8,transition,504,8,0.6490575396825397,0.013888888888888888,1.0,1.5406954528085595,0.40656063618290256,0.4669242398864658
decode,math,6,7,1,16,domain_oracle,504,8,0.5654761904761905,0.001984126984126984,2.0,3.536842105263158,0.0,1.0
decode,math,6,7,1,16,previous_window,504,8,0.5513392857142857,0.011904761904761904,2.0,3.6275303643724697,0.0007455268389662028,0.9988194084790973
decode,math,6,7,1,16,static,504,8,0.5518353174603174,0.001984126984126984,2.0,3.6242696629213484,0.0,1.0
decode,math,6,7,1,16,transition,504,8,0.8685515873015873,0.37103174603174605,2.0,2.302684180468304,0.3385934393638171,0.5328868579533611
decode,math,6,7,1,32,domain_oracle,504,8,0.8330853174603174,0.29563492063492064,4.0,4.801428996725216,0.0,1.0
decode,math,6,7,1,32,previous_window,504,8,0.8268849206349206,0.2876984126984127,4.0,4.8374325134973,0.0005591451292246521,0.9990208896769533
decode,math,6,7,1,32,static,504,8,0.7867063492063492,0.25992063492063494,4.0,5.084489281210593,0.0,1.0
decode,math,6,7,1,32,transition,504,8,0.9717261904761905,0.8015873015873016,4.0,4.116385911179173,0.2106113320079523,0.6713123134198945
decode,math,6,8,2,8,domain_oracle,504,8,0.3492063492063492,0.0,1.0,2.8636363636363638,0.0,1.0
decode,math,6,8,2,8,previous_window,504,8,0.3395337301587302,0.0,1.0,2.945215485756026,0.001242544731610338,0.9982328252705985
decode,math,6,8,2,8,static,504,8,0.30481150793650796,0.0,1.0,3.2807160292921074,0.0,1.0
decode,math,6,8,2,8,transition,504,8,0.6579861111111112,0.017857142857142856,1.0,1.5197889182058046,0.4383697813121272,0.436672538859417
decode,math,6,8,2,16,domain_oracle,504,8,0.5280257936507936,0.0,2.0,3.7876937529356507,0.0,1.0
decode,math,6,8,2,16,previous_window,504,8,0.5081845238095238,0.007936507936507936,2.0,3.9355783308931187,0.0013667992047713719,0.9979946408505489
decode,math,6,8,2,16,static,504,8,0.5032242063492064,0.0,2.0,3.9743716116313457,0.0,1.0
decode,math,6,8,2,16,transition,504,8,0.855406746031746,0.35912698412698413,2.0,2.338069005508843,0.34443339960238567,0.5303980922717187
decode,math,6,8,2,32,domain_oracle,504,8,0.8023313492063492,0.2261904761904762,4.0,4.9854714064915,0.0,1.0
decode,math,6,8,2,32,previous_window,504,8,0.7886904761904762,0.2261904761904762,4.0,5.071698113207547,0.0004348906560636183,0.9992287925862946
decode,math,6,8,2,32,static,504,8,0.7700892857142857,0.15476190476190477,4.0,5.194202898550724,0.0,1.0
decode,math,6,8,2,32,transition,504,8,0.9749503968253969,0.8293650793650794,4.0,4.1027728313406255,0.22670228628230615,0.6456736853409882
decode,math,6,9,3,8,domain_oracle,504,8,0.3196924603174603,0.0,1.0,3.1280062063615204,0.0,1.0
decode,math,6,9,3,8,previous_window,504,8,0.3038194444444444,0.0,1.0,3.2914285714285714,0.0017395626242544733,0.997675485548249
decode,math,6,9,3,8,static,504,8,0.28869047619047616,0.0,1.0,3.463917525773196,0.0,1.0
decode,math,6,9,3,8,transition,504,8,0.6205357142857143,0.001984126984126984,1.0,1.6115107913669064,0.4495526838966203,0.42358891384736214
decode,math,6,9,3,16,domain_oracle,504,8,0.5014880952380952,0.007936507936507936,2.0,3.9881305637982196,0.0,1.0
decode,math,6,9,3,16,previous_window,504,8,0.48214285714285715,0.003968253968253968,2.0,4.148148148148148,0.001242544731610338,0.9981203686969095
decode,math,6,9,3,16,static,504,8,0.4697420634920635,0.0,2.0,4.25765575501584,0.0,1.0
decode,math,6,9,3,16,transition,504,8,0.8787202380952381,0.48214285714285715,2.0,2.2760372565622355,0.39053180914512925,0.4857717049099578
decode,math,6,9,3,32,domain_oracle,504,8,0.7584325396825397,0.11706349206349206,4.0,5.274035317200785,0.0,1.0
decode,math,6,9,3,32,previous_window,504,8,0.7410714285714286,0.1349206349206349,4.0,5.397590361445783,0.0007455268389662028,0.9987629776894191
decode,math,6,9,3,32,static,504,8,0.7326388888888888,0.08531746031746032,4.0,5.459715639810427,0.0,1.0
decode,math,6,9,3,32,transition,504,8,0.9794146825396826,0.8531746031746031,4.0,4.084071916940998,0.24316600397614313,0.6306598887648118
decode,math,7,8,1,8,domain_oracle,504,8,0.3492063492063492,0.0,1.0,2.8636363636363638,0.0,1.0
decode,math,7,8,1,8,previous_window,504,8,0.3395337301587302,0.0,1.0,2.945215485756026,0.001242544731610338,0.9982328252705985
decode,math,7,8,1,8,static,504,8,0.30481150793650796,0.0,1.0,3.2807160292921074,0.0,1.0
decode,math,7,8,1,8,transition,504,8,0.6530257936507936,0.01984126984126984,1.0,1.5313330801367262,0.4587475149105368,0.42638744070155427
decode,math,7,8,1,16,domain_oracle,504,8,0.5280257936507936,0.0,2.0,3.7876937529356507,0.0,1.0
decode,math,7,8,1,16,previous_window,504,8,0.5081845238095238,0.007936507936507936,2.0,3.9355783308931187,0.0013667992047713719,0.9979946408505489
decode,math,7,8,1,16,static,504,8,0.5032242063492064,0.0,2.0,3.9743716116313457,0.0,1.0
decode,math,7,8,1,16,transition,504,8,0.8663194444444444,0.37896825396825395,2.0,2.308617234468938,0.3672962226640159,0.5175919114869828
decode,math,7,8,1,32,domain_oracle,504,8,0.8023313492063492,0.2261904761904762,4.0,4.9854714064915,0.0,1.0
decode,math,7,8,1,32,previous_window,504,8,0.7886904761904762,0.2261904761904762,4.0,5.071698113207547,0.0004348906560636183,0.9992287925862946
decode,math,7,8,1,32,static,504,8,0.7700892857142857,0.15476190476190477,4.0,5.194202898550724,0.0,1.0
decode,math,7,8,1,32,transition,504,8,0.9784226190476191,0.8611111111111112,4.0,4.088212927756654,0.2587599403578529,0.6088158908998577
decode,math,7,9,2,8,domain_oracle,504,8,0.3196924603174603,0.0,1.0,3.1280062063615204,0.0,1.0
decode,math,7,9,2,8,previous_window,504,8,0.3038194444444444,0.0,1.0,3.2914285714285714,0.0017395626242544733,0.997675485548249
decode,math,7,9,2,8,static,504,8,0.28869047619047616,0.0,1.0,3.463917525773196,0.0,1.0
decode,math,7,9,2,8,transition,504,8,0.6483134920634921,0.001984126984126984,1.0,1.5424636572302983,0.47813121272365805,0.40113017091148173
decode,math,7,9,2,16,domain_oracle,504,8,0.5014880952380952,0.007936507936507936,2.0,3.9881305637982196,0.0,1.0
decode,math,7,9,2,16,previous_window,504,8,0.48214285714285715,0.003968253968253968,2.0,4.148148148148148,0.001242544731610338,0.9981203686969095
decode,math,7,9,2,16,static,504,8,0.4697420634920635,0.0,2.0,4.25765575501584,0.0,1.0
decode,math,7,9,2,16,transition,504,8,0.910218253968254,0.5555555555555556,2.0,2.197275204359673,0.419234592445328,0.4649212227826864
decode,math,7,9,2,32,domain_oracle,504,8,0.7584325396825397,0.11706349206349206,4.0,5.274035317200785,0.0,1.0
decode,math,7,9,2,32,previous_window,504,8,0.7410714285714286,0.1349206349206349,4.0,5.397590361445783,0.0007455268389662028,0.9987629776894191
decode,math,7,9,2,32,static,504,8,0.7326388888888888,0.08531746031746032,4.0,5.459715639810427,0.0,1.0
decode,math,7,9,2,32,transition,504,8,0.9851190476190477,0.8968253968253969,4.0,4.0604229607250755,0.27292495029821073,0.5936299551398063
decode,math,7,10,3,8,domain_oracle,504,8,0.27827380952380953,0.0,1.0,3.593582887700535,0.0,1.0
decode,math,7,10,3,8,previous_window,504,8,0.26587301587301587,0.0,1.0,3.7611940298507465,0.0014910536779324055,0.9980289204941292
decode,math,7,10,3,8,static,504,8,0.2785218253968254,0.0,1.0,3.590382902938557,0.0,1.0
decode,math,7,10,3,8,transition,504,8,0.6550099206349206,0.027777777777777776,1.0,1.526694433926543,0.5131709741550696,0.3860384369330675
decode,math,7,10,3,16,domain_oracle,504,8,0.4650297619047619,0.00992063492063492,2.0,4.3008,0.0,1.0
decode,math,7,10,3,16,previous_window,504,8,0.44146825396825395,0.003968253968253968,2.0,4.5303370786516854,0.001242544731610338,0.9982328252705985
decode,math,7,10,3,16,static,504,8,0.4670138888888889,0.0,2.0,4.282527881040892,0.0,1.0
decode,math,7,10,3,16,transition,504,8,0.8578869047619048,0.38095238095238093,2.0,2.3313096270598437,0.44582504970178927,0.44849951549914546
decode,math,7,10,3,32,domain_oracle,504,8,0.7428075396825397,0.20833333333333334,4.0,5.384974958263773,0.0,1.0
decode,math,7,10,3,32,previous_window,504,8,0.7247023809523809,0.14682539682539683,4.0,5.519507186858316,0.000621272365805169,0.9989303942427307
decode,math,7,10,3,32,static,504,8,0.6909722222222222,0.037698412698412696,4.0,5.788944723618091,0.0,1.0
decode,math,7,10,3,32,transition,504,8,0.9692460317460317,0.8095238095238095,4.0,4.126919140225179,0.2864686878727634,0.5831373968010976
decode,math,8,9,1,8,domain_oracle,504,8,0.3196924603174603,0.0,1.0,3.1280062063615204,0.0,1.0
decode,math,8,9,1,8,previous_window,504,8,0.3038194444444444,0.0,1.0,3.2914285714285714,0.0017395626242544733,0.997675485548249
decode,math,8,9,1,8,static,504,8,0.28869047619047616,0.0,1.0,3.463917525773196,0.0,1.0
decode,math,8,9,1,8,transition,504,8,0.7008928571428571,0.021825396825396824,1.0,1.4267515923566878,0.5241053677932406,0.3620486868995802
decode,math,8,9,1,16,domain_oracle,504,8,0.5014880952380952,0.007936507936507936,2.0,3.9881305637982196,0.0,1.0
decode,math,8,9,1,16,previous_window,504,8,0.48214285714285715,0.003968253968253968,2.0,4.148148148148148,0.001242544731610338,0.9981203686969095
decode,math,8,9,1,16,static,504,8,0.4697420634920635,0.0,2.0,4.25765575501584,0.0,1.0
decode,math,8,9,1,16,transition,504,8,0.9213789682539683,0.5694444444444444,2.0,2.170659488559892,0.44980119284294234,0.4344671592429551
decode,math,8,9,1,32,domain_oracle,504,8,0.7584325396825397,0.11706349206349206,4.0,5.274035317200785,0.0,1.0
decode,math,8,9,1,32,previous_window,504,8,0.7410714285714286,0.1349206349206349,4.0,5.397590361445783,0.0007455268389662028,0.9987629776894191
decode,math,8,9,1,32,static,504,8,0.7326388888888888,0.08531746031746032,4.0,5.459715639810427,0.0,1.0
decode,math,8,9,1,32,transition,504,8,0.9928075396825397,0.9464285714285714,4.0,4.028978266300275,0.29317842942345923,0.580602175389549
decode,math,8,10,2,8,domain_oracle,504,8,0.27827380952380953,0.0,1.0,3.593582887700535,0.0,1.0
decode,math,8,10,2,8,previous_window,504,8,0.26587301587301587,0.0,1.0,3.7611940298507465,0.0014910536779324055,0.9980289204941292
decode,math,8,10,2,8,static,504,8,0.2785218253968254,0.0,1.0,3.590382902938557,0.0,1.0
decode,math,8,10,2,8,transition,504,8,0.6837797619047619,0.023809523809523808,1.0,1.4624591947769314,0.5603876739562624,0.3459065785109508
decode,math,8,10,2,16,domain_oracle,504,8,0.4650297619047619,0.00992063492063492,2.0,4.3008,0.0,1.0
decode,math,8,10,2,16,previous_window,504,8,0.44146825396825395,0.003968253968253968,2.0,4.5303370786516854,0.001242544731610338,0.9982328252705985
decode,math,8,10,2,16,static,504,8,0.4670138888888889,0.0,2.0,4.282527881040892,0.0,1.0
decode,math,8,10,2,16,transition,504,8,0.8891369047619048,0.4781746031746032,2.0,2.2493723849372387,0.4899353876739563,0.40326957635296257
decode,math,8,10,2,32,domain_oracle,504,8,0.7428075396825397,0.20833333333333334,4.0,5.384974958263773,0.0,1.0
decode,math,8,10,2,32,previous_window,504,8,0.7247023809523809,0.14682539682539683,4.0,5.519507186858316,0.000621272365805169,0.9989303942427307
decode,math,8,10,2,32,static,504,8,0.6909722222222222,0.037698412698412696,4.0,5.788944723618091,0.0,1.0
decode,math,8,10,2,32,transition,504,8,0.9756944444444444,0.8452380952380952,4.0,4.099644128113879,0.30168986083499005,0.5724371102913123
decode,math,8,11,3,8,domain_oracle,504,8,0.3325892857142857,0.0,1.0,3.0067114093959733,0.0,1.0
decode,math,8,11,3,8,previous_window,504,8,0.3189484126984127,0.0,1.0,3.135303265940902,0.0014910536779324055,0.9978793903247184
decode,math,8,11,3,8,static,504,8,0.3082837301587302,0.0,1.0,3.2437650844730492,0.0,1.0
decode,math,8,11,3,8,transition,504,8,0.6458333333333334,0.037698412698412696,1.0,1.5483870967741935,0.4823558648111332,0.39463302326125305
decode,math,8,11,3,16,domain_oracle,504,8,0.5146329365079365,0.001984126984126984,2.0,3.886265060240964,0.0,1.0
decode,math,8,11,3,16,previous_window,504,8,0.4935515873015873,0.017857142857142856,2.0,4.052261306532663,0.0013667992047713719,0.9979946408505489
decode,math,8,11,3,16,static,504,8,0.4868551587301587,0.0,2.0,4.107997962302598,0.0,1.0
decode,math,8,11,3,16,transition,504,8,0.8685515873015873,0.3968253968253968,2.0,2.302684180468304,0.40792743538767395,0.46881529702723496
decode,math,8,11,3,32,domain_oracle,504,8,0.7921626984126984,0.2638888888888889,4.0,5.049467752035066,0.0,1.0
decode,math,8,11,3,32,previous_window,504,8,0.7802579365079365,0.25793650793650796,4.0,5.126509853782581,0.0005591451292246521,0.9990313756558393
decode,math,8,11,3,32,static,504,8,0.7638888888888888,0.19444444444444445,4.0,5.236363636363636,0.0,1.0
decode,math,8,11,3,32,transition,504,8,0.9670138888888888,0.7876984126984127,4.0,4.136445242369838,0.27572067594433397,0.5927423066381778
decode,math,9,10,1,8,domain_oracle,504,8,0.27827380952380953,0.0,1.0,3.593582887700535,0.0,1.0
decode,math,9,10,1,8,previous_window,504,8,0.26587301587301587,0.0,1.0,3.7611940298507465,0.0014910536779324055,0.9980289204941292
decode,math,9,10,1,8,static,504,8,0.2785218253968254,0.0,1.0,3.590382902938557,0.0,1.0
decode,math,9,10,1,8,transition,504,8,0.7115575396825397,0.04365079365079365,1.0,1.4053677239456257,0.6153081510934394,0.3034589002779843
decode,math,9,10,1,16,domain_oracle,504,8,0.4650297619047619,0.00992063492063492,2.0,4.3008,0.0,1.0
decode,math,9,10,1,16,previous_window,504,8,0.44146825396825395,0.003968253968253968,2.0,4.5303370786516854,0.001242544731610338,0.9982328252705985
decode,math,9,10,1,16,static,504,8,0.4670138888888889,0.0,2.0,4.282527881040892,0.0,1.0
decode,math,9,10,1,16,transition,504,8,0.8975694444444444,0.5198412698412699,2.0,2.228239845261122,0.5351640159045725,0.3655007194459684
decode,math,9,10,1,32,domain_oracle,504,8,0.7428075396825397,0.20833333333333334,4.0,5.384974958263773,0.0,1.0
decode,math,9,10,1,32,previous_window,504,8,0.7247023809523809,0.14682539682539683,4.0,5.519507186858316,0.000621272365805169,0.9989303942427307
decode,math,9,10,1,32,static,504,8,0.6909722222222222,0.037698412698412696,4.0,5.788944723618091,0.0,1.0
decode,math,9,10,1,32,transition,504,8,0.9786706349206349,0.8551587301587301,4.0,4.087176887987836,0.35468439363817095,0.510749116972167
decode,math,9,11,2,8,domain_oracle,504,8,0.3325892857142857,0.0,1.0,3.0067114093959733,0.0,1.0
decode,math,9,11,2,8,previous_window,504,8,0.3189484126984127,0.0,1.0,3.135303265940902,0.0014910536779324055,0.9978793903247184
decode,math,9,11,2,8,static,504,8,0.3082837301587302,0.0,1.0,3.2437650844730492,0.0,1.0
decode,math,9,11,2,8,transition,504,8,0.671875,0.021825396825396824,1.0,1.4883720930232558,0.5484592445328031,0.3458435092629909
decode,math,9,11,2,16,domain_oracle,504,8,0.5146329365079365,0.001984126984126984,2.0,3.886265060240964,0.0,1.0
decode,math,9,11,2,16,previous_window,504,8,0.4935515873015873,0.017857142857142856,2.0,4.052261306532663,0.0013667992047713719,0.9979946408505489
decode,math,9,11,2,16,static,504,8,0.4868551587301587,0.0,2.0,4.107997962302598,0.0,1.0
decode,math,9,11,2,16,transition,504,8,0.8767361111111112,0.3968253968253968,2.0,2.281188118811881,0.4499254473161034,0.42476428675789757
decode,math,9,11,2,32,domain_oracle,504,8,0.7921626984126984,0.2638888888888889,4.0,5.049467752035066,0.0,1.0
decode,math,9,11,2,32,previous_window,504,8,0.7802579365079365,0.25793650793650796,4.0,5.126509853782581,0.0005591451292246521,0.9990313756558393
decode,math,9,11,2,32,static,504,8,0.7638888888888888,0.19444444444444445,4.0,5.236363636363636,0.0,1.0
decode,math,9,11,2,32,transition,504,8,0.9751984126984127,0.8373015873015873,4.0,4.101729399796541,0.31368041749502984,0.5489029367177853
decode,math,9,12,3,8,domain_oracle,504,8,0.3482142857142857,0.0,1.0,2.871794871794872,0.0,1.0
decode,math,9,12,3,8,previous_window,504,8,0.3392857142857143,0.003968253968253968,1.0,2.9473684210526314,0.0014910536779324055,0.9980289204941292
decode,math,9,12,3,8,static,504,8,0.2725694444444444,0.0,1.0,3.6687898089171975,0.0,1.0
decode,math,9,12,3,8,transition,504,8,0.6299603174603174,0.007936507936507936,1.0,1.5874015748031496,0.5313121272365805,0.3670088250605135
decode,math,9,12,3,16,domain_oracle,504,8,0.5300099206349206,0.0496031746031746,2.0,3.773514272344408,0.0,1.0
decode,math,9,12,3,16,previous_window,504,8,0.5076884920634921,0.03571428571428571,2.0,3.9394235466536394,0.0013667992047713719,0.99804680687803
decode,math,9,12,3,16,static,504,8,0.40476190476190477,0.0,2.0,4.9411764705882355,0.0,1.0
decode,math,9,12,3,16,transition,504,8,0.8340773809523809,0.28174603174603174,2.0,2.3978590544157004,0.46085984095427435,0.4160039030155023
decode,math,9,12,3,32,domain_oracle,504,8,0.7931547619047619,0.2400793650793651,4.0,5.043151969981238,0.0,1.0
decode,math,9,12,3,32,previous_window,504,8,0.7785218253968254,0.23015873015873015,4.0,5.137942019751513,0.0005591451292246521,0.9990313756558393
decode,math,9,12,3,32,static,504,8,0.7395833333333334,0.1884920634920635,4.0,5.408450704225352,0.0,1.0
decode,math,9,12,3,32,transition,504,8,0.9632936507936508,0.7718253968253969,4.0,4.1524201853759015,0.34014662027833004,0.5185590969425671
decode,math,10,11,1,8,domain_oracle,504,8,0.3325892857142857,0.0,1.0,3.0067114093959733,0.0,1.0
decode,math,10,11,1,8,previous_window,504,8,0.3189484126984127,0.0,1.0,3.135303265940902,0.0014910536779324055,0.9978793903247184
decode,math,10,11,1,8,static,504,8,0.3082837301587302,0.0,1.0,3.2437650844730492,0.0,1.0
decode,math,10,11,1,8,transition,504,8,0.689484126984127,0.027777777777777776,1.0,1.4503597122302159,0.5616302186878728,0.3255488492068987
decode,math,10,11,1,16,domain_oracle,504,8,0.5146329365079365,0.001984126984126984,2.0,3.886265060240964,0.0,1.0
decode,math,10,11,1,16,previous_window,504,8,0.4935515873015873,0.017857142857142856,2.0,4.052261306532663,0.0013667992047713719,0.9979946408505489
decode,math,10,11,1,16,static,504,8,0.4868551587301587,0.0,2.0,4.107997962302598,0.0,1.0
decode,math,10,11,1,16,transition,504,8,0.8903769841269841,0.4444444444444444,2.0,2.246239554317549,0.4371272365805169,0.4323390247597961
decode,math,10,11,1,32,domain_oracle,504,8,0.7921626984126984,0.2638888888888889,4.0,5.049467752035066,0.0,1.0
decode,math,10,11,1,32,previous_window,504,8,0.7802579365079365,0.25793650793650796,4.0,5.126509853782581,0.0005591451292246521,0.9990313756558393
decode,math,10,11,1,32,static,504,8,0.7638888888888888,0.19444444444444445,4.0,5.236363636363636,0.0,1.0
decode,math,10,11,1,32,transition,504,8,0.984375,0.8829365079365079,4.0,4.063492063492063,0.3302683896620278,0.5260801457797787
decode,math,10,12,2,8,domain_oracle,504,8,0.3482142857142857,0.0,1.0,2.871794871794872,0.0,1.0
decode,math,10,12,2,8,previous_window,504,8,0.3392857142857143,0.003968253968253968,1.0,2.9473684210526314,0.0014910536779324055,0.9980289204941292
decode,math,10,12,2,8,static,504,8,0.2725694444444444,0.0,1.0,3.6687898089171975,0.0,1.0
decode,math,10,12,2,8,transition,504,8,0.6525297619047619,0.005952380952380952,1.0,1.532497149372862,0.540258449304175,0.3568966487455536
decode,math,10,12,2,16,domain_oracle,504,8,0.5300099206349206,0.0496031746031746,2.0,3.773514272344408,0.0,1.0
decode,math,10,12,2,16,previous_window,504,8,0.5076884920634921,0.03571428571428571,2.0,3.9394235466536394,0.0013667992047713719,0.99804680687803
decode,math,10,12,2,16,static,504,8,0.40476190476190477,0.0,2.0,4.9411764705882355,0.0,1.0
decode,math,10,12,2,16,transition,504,8,0.861359126984127,0.3472222222222222,2.0,2.321911891736251,0.4635934393638171,0.4124404222267035
decode,math,10,12,2,32,domain_oracle,504,8,0.7931547619047619,0.2400793650793651,4.0,5.043151969981238,0.0,1.0
decode,math,10,12,2,32,previous_window,504,8,0.7785218253968254,0.23015873015873015,4.0,5.137942019751513,0.0005591451292246521,0.9990313756558393
decode,math,10,12,2,32,static,504,8,0.7395833333333334,0.1884920634920635,4.0,5.408450704225352,0.0,1.0
decode,math,10,12,2,32,transition,504,8,0.9680059523809523,0.8095238095238095,4.0,4.132205995388163,0.33803429423459247,0.5167227437578108
decode,math,10,13,3,8,domain_oracle,504,8,0.27232142857142855,0.0,1.0,3.6721311475409837,0.0,1.0
decode,math,10,13,3,8,previous_window,504,8,0.2646329365079365,0.0,1.0,3.7788191190253047,0.0019880715705765406,0.9975007100255611
decode,math,10,13,3,8,static,504,8,0.1892361111111111,0.0,1.0,5.284403669724771,0.0,1.0
decode,math,10,13,3,8,transition,504,8,0.6026785714285714,0.001984126984126984,1.0,1.6592592592592592,0.6585487077534792,0.2719749435455187
decode,math,10,13,3,16,domain_oracle,504,8,0.4751984126984127,0.011904761904761904,2.0,4.208768267223382,0.0,1.0
decode,math,10,13,3,16,previous_window,504,8,0.4568452380952381,0.001984126984126984,2.0,4.37785016286645,0.0011182902584493041,0.9982877852502211
decode,math,10,13,3,16,static,504,8,0.3841765873015873,0.0,2.0,5.20593931568754,0.0,1.0
decode,math,10,13,3,16,transition,504,8,0.8025793650793651,0.20833333333333334,2.0,2.491965389369592,0.4664512922465209,0.41265221745675434
decode,math,10,13,3,32,domain_oracle,504,8,0.7698412698412699,0.18055555555555555,4.0,5.195876288659794,0.0,1.0
decode,math,10,13,3,32,previous_window,504,8,0.7574404761904762,0.15873015873015872,4.0,5.280943025540275,0.000621272365805169,0.9989303942427307
decode,math,10,13,3,32,static,504,8,0.7003968253968254,0.07539682539682539,4.0,5.711048158640226,0.0,1.0
decode,math,10,13,3,32,transition,504,8,0.9536210317460317,0.7222222222222222,4.0,4.194538361508452,0.31759443339960236,0.541432430327126
decode,math,11,12,1,8,domain_oracle,504,8,0.3482142857142857,0.0,1.0,2.871794871794872,0.0,1.0
decode,math,11,12,1,8,previous_window,504,8,0.3392857142857143,0.003968253968253968,1.0,2.9473684210526314,0.0014910536779324055,0.9980289204941292
decode,math,11,12,1,8,static,504,8,0.2725694444444444,0.0,1.0,3.6687898089171975,0.0,1.0
decode,math,11,12,1,8,transition,504,8,0.6788194444444444,0.015873015873015872,1.0,1.473145780051151,0.5429920477137177,0.3493117441427568
decode,math,11,12,1,16,domain_oracle,504,8,0.5300099206349206,0.0496031746031746,2.0,3.773514272344408,0.0,1.0
decode,math,11,12,1,16,previous_window,504,8,0.5076884920634921,0.03571428571428571,2.0,3.9394235466536394,0.0013667992047713719,0.99804680687803
decode,math,11,12,1,16,static,504,8,0.40476190476190477,0.0,2.0,4.9411764705882355,0.0,1.0
decode,math,11,12,1,16,transition,504,8,0.873015873015873,0.35119047619047616,2.0,2.290909090909091,0.4517892644135189,0.42010202411628367
decode,math,11,12,1,32,domain_oracle,504,8,0.7931547619047619,0.2400793650793651,4.0,5.043151969981238,0.0,1.0
decode,math,11,12,1,32,previous_window,504,8,0.7785218253968254,0.23015873015873015,4.0,5.137942019751513,0.0005591451292246521,0.9990313756558393
decode,math,11,12,1,32,static,504,8,0.7395833333333334,0.1884920634920635,4.0,5.408450704225352,0.0,1.0
decode,math,11,12,1,32,transition,504,8,0.9751984126984127,0.8373015873015873,4.0,4.101729399796541,0.3106361829025845,0.5435117625802603
decode,math,11,13,2,8,domain_oracle,504,8,0.27232142857142855,0.0,1.0,3.6721311475409837,0.0,1.0
decode,math,11,13,2,8,previous_window,504,8,0.2646329365079365,0.0,1.0,3.7788191190253047,0.0019880715705765406,0.9975007100255611
decode,math,11,13,2,8,static,504,8,0.1892361111111111,0.0,1.0,5.284403669724771,0.0,1.0
decode,math,11,13,2,8,transition,504,8,0.6304563492063492,0.005952380952380952,1.0,1.5861526357199056,0.6185387673956262,0.30077075564152955
decode,math,11,13,2,16,domain_oracle,504,8,0.4751984126984127,0.011904761904761904,2.0,4.208768267223382,0.0,1.0
decode,math,11,13,2,16,previous_window,504,8,0.4568452380952381,0.001984126984126984,2.0,4.37785016286645,0.0011182902584493041,0.9982877852502211
decode,math,11,13,2,16,static,504,8,0.3841765873015873,0.0,2.0,5.20593931568754,0.0,1.0
decode,math,11,13,2,16,transition,504,8,0.8375496031746031,0.25595238095238093,2.0,2.387918270654427,0.4625994035785288,0.4144442497334374
decode,math,11,13,2,32,domain_oracle,504,8,0.7698412698412699,0.18055555555555555,4.0,5.195876288659794,0.0,1.0
decode,math,11,13,2,32,previous_window,504,8,0.7574404761904762,0.15873015873015872,4.0,5.280943025540275,0.000621272365805169,0.9989303942427307
decode,math,11,13,2,32,static,504,8,0.7003968253968254,0.07539682539682539,4.0,5.711048158640226,0.0,1.0
decode,math,11,13,2,32,transition,504,8,0.9630456349206349,0.7638888888888888,4.0,4.153489569920165,0.29404821073558646,0.5634891773738923
decode,math,11,14,3,8,domain_oracle,504,8,0.22668650793650794,0.0,1.0,4.411378555798687,0.0,1.0
decode,math,11,14,3,8,previous_window,504,8,0.22569444444444445,0.0,1.0,4.430769230769231,0.0022365805168986083,0.9971453331294287
decode,math,11,14,3,8,static,504,8,0.16071428571428573,0.0,1.0,6.222222222222222,0.0,1.0
decode,math,11,14,3,8,transition,504,8,0.6259920634920635,0.023809523809523808,1.0,1.5974643423137875,0.6515904572564613,0.2856281778746979
decode,math,11,14,3,16,domain_oracle,504,8,0.4384920634920635,0.001984126984126984,2.0,4.5610859728506785,0.0,1.0
decode,math,11,14,3,16,previous_window,504,8,0.4079861111111111,0.003968253968253968,2.0,4.902127659574468,0.0016153081510934394,0.9977279182050554
decode,math,11,14,3,16,static,504,8,0.3323412698412698,0.0,2.0,6.017910447761194,0.0,1.0
decode,math,11,14,3,16,transition,504,8,0.8474702380952381,0.3194444444444444,2.0,2.359964881474978,0.5111829025844931,0.3734150808596119
decode,math,11,14,3,32,domain_oracle,504,8,0.7398313492063492,0.10515873015873016,4.0,5.406637613141133,0.0,1.0
decode,math,11,14,3,32,previous_window,504,8,0.7249503968253969,0.10119047619047619,4.0,5.517618884707493,0.000621272365805169,0.9989303942427307
decode,math,11,14,3,32,static,504,8,0.6649305555555556,0.051587301587301584,4.0,6.015665796344647,0.0,1.0
decode,math,11,14,3,32,transition,504,8,0.9652777777777778,0.7896825396825397,4.0,4.143884892086331,0.3073434393638171,0.5462205335344029
decode,math,12,13,1,8,domain_oracle,504,8,0.27232142857142855,0.0,1.0,3.6721311475409837,0.0,1.0
decode,math,12,13,1,8,previous_window,504,8,0.2646329365079365,0.0,1.0,3.7788191190253047,0.0019880715705765406,0.9975007100255611
decode,math,12,13,1,8,static,504,8,0.1892361111111111,0.0,1.0,5.284403669724771,0.0,1.0
decode,math,12,13,1,8,transition,504,8,0.6666666666666666,0.015873015873015872,1.0,1.5,0.606610337972167,0.30283981536466476
decode,math,12,13,1,16,domain_oracle,504,8,0.4751984126984127,0.011904761904761904,2.0,4.208768267223382,0.0,1.0
decode,math,12,13,1,16,previous_window,504,8,0.4568452380952381,0.001984126984126984,2.0,4.37785016286645,0.0011182902584493041,0.9982877852502211
decode,math,12,13,1,16,static,504,8,0.3841765873015873,0.0,2.0,5.20593931568754,0.0,1.0
decode,math,12,13,1,16,transition,504,8,0.8606150793650794,0.25992063492063494,2.0,2.3239193083573486,0.4628479125248509,0.41472649863154987
decode,math,12,13,1,32,domain_oracle,504,8,0.7698412698412699,0.18055555555555555,4.0,5.195876288659794,0.0,1.0
decode,math,12,13,1,32,previous_window,504,8,0.7574404761904762,0.15873015873015872,4.0,5.280943025540275,0.000621272365805169,0.9989303942427307
decode,math,12,13,1,32,static,504,8,0.7003968253968254,0.07539682539682539,4.0,5.711048158640226,0.0,1.0
decode,math,12,13,1,32,transition,504,8,0.9719742063492064,0.8035714285714286,4.0,4.115335544781832,0.29255715705765406,0.5677135104659239
decode,math,12,14,2,8,domain_oracle,504,8,0.22668650793650794,0.0,1.0,4.411378555798687,0.0,1.0
decode,math,12,14,2,8,previous_window,504,8,0.22569444444444445,0.0,1.0,4.430769230769231,0.0022365805168986083,0.9971453331294287
decode,math,12,14,2,8,static,504,8,0.16071428571428573,0.0,1.0,6.222222222222222,0.0,1.0
decode,math,12,14,2,8,transition,504,8,0.6530257936507936,0.025793650793650792,1.0,1.5313330801367262,0.6418986083499006,0.2905639975222472
decode,math,12,14,2,16,domain_oracle,504,8,0.4384920634920635,0.001984126984126984,2.0,4.5610859728506785,0.0,1.0
decode,math,12,14,2,16,previous_window,504,8,0.4079861111111111,0.003968253968253968,2.0,4.902127659574468,0.0016153081510934394,0.9977279182050554
decode,math,12,14,2,16,static,504,8,0.3323412698412698,0.0,2.0,6.017910447761194,0.0,1.0
decode,math,12,14,2,16,transition,504,8,0.8692956349206349,0.35119047619047616,2.0,2.3007132667617687,0.5105616302186878,0.3735436832450467
decode,math,12,14,2,32,domain_oracle,504,8,0.7398313492063492,0.10515873015873016,4.0,5.406637613141133,0.0,1.0
decode,math,12,14,2,32,previous_window,504,8,0.7249503968253969,0.10119047619047619,4.0,5.517618884707493,0.000621272365805169,0.9989303942427307
decode,math,12,14,2,32,static,504,8,0.6649305555555556,0.051587301587301584,4.0,6.015665796344647,0.0,1.0
decode,math,12,14,2,32,transition,504,8,0.9692460317460317,0.8035714285714286,4.0,4.126919140225179,0.30212475149105367,0.5550676089568805
decode,math,12,15,3,8,domain_oracle,504,8,0.27033730158730157,0.0,1.0,3.6990825688073397,0.0,1.0
decode,math,12,15,3,8,previous_window,504,8,0.25,0.0,1.0,4.0,0.0014910536779324055,0.9978793903247184
decode,math,12,15,3,8,static,504,8,0.18898809523809523,0.0,1.0,5.291338582677166,0.0,1.0
decode,math,12,15,3,8,transition,504,8,0.5803571428571429,0.013888888888888888,1.0,1.7230769230769232,0.5907057654075547,0.3152881136976549
decode,math,12,15,3,16,domain_oracle,504,8,0.4496527777777778,0.0,2.0,4.447876447876448,0.0,1.0
decode,math,12,15,3,16,previous_window,504,8,0.4166666666666667,0.00992063492063492,2.0,4.8,0.0017395626242544733,0.9976218877212912
decode,math,12,15,3,16,static,504,8,0.3529265873015873,0.0,2.0,5.666900913562896,0.0,1.0
decode,math,12,15,3,16,transition,504,8,0.8005952380952381,0.20436507936507936,2.0,2.4981412639405205,0.4586232604373757,0.41490188721116755
decode,math,12,15,3,32,domain_oracle,504,8,0.748015873015873,0.19444444444444445,4.0,5.347480106100796,0.0,1.0
decode,math,12,15,3,32,previous_window,504,8,0.7202380952380952,0.1349206349206349,4.0,5.553719008264463,0.0007455268389662028,0.9987490166416608
decode,math,12,15,3,32,static,504,8,0.6773313492063492,0.04365079365079365,4.0,5.905529110216038,0.0,1.0
decode,math,12,15,3,32,transition,504,8,0.9459325396825397,0.7043650793650794,4.0,4.228631358154169,0.29535288270377735,0.565865955057593
decode,math,13,14,1,8,domain_oracle,504,8,0.22668650793650794,0.0,1.0,4.411378555798687,0.0,1.0
decode,math,13,14,1,8,previous_window,504,8,0.22569444444444445,0.0,1.0,4.430769230769231,0.0022365805168986083,0.9971453331294287
decode,math,13,14,1,8,static,504,8,0.16071428571428573,0.0,1.0,6.222222222222222,0.0,1.0
decode,math,13,14,1,8,transition,504,8,0.6604662698412699,0.017857142857142856,1.0,1.5140818625610215,0.6625248508946322,0.2754860337365298
decode,math,13,14,1,16,domain_oracle,504,8,0.4384920634920635,0.001984126984126984,2.0,4.5610859728506785,0.0,1.0
decode,math,13,14,1,16,previous_window,504,8,0.4079861111111111,0.003968253968253968,2.0,4.902127659574468,0.0016153081510934394,0.9977279182050554
decode,math,13,14,1,16,static,504,8,0.3323412698412698,0.0,2.0,6.017910447761194,0.0,1.0
decode,math,13,14,1,16,transition,504,8,0.8742559523809523,0.375,2.0,2.287659574468085,0.5489562624254473,0.34074362026204635
decode,math,13,14,1,32,domain_oracle,504,8,0.7398313492063492,0.10515873015873016,4.0,5.406637613141133,0.0,1.0
decode,math,13,14,1,32,previous_window,504,8,0.7249503968253969,0.10119047619047619,4.0,5.517618884707493,0.000621272365805169,0.9989303942427307
decode,math,13,14,1,32,static,504,8,0.6649305555555556,0.051587301587301584,4.0,6.015665796344647,0.0,1.0
decode,math,13,14,1,32,transition,504,8,0.9712301587301587,0.8055555555555556,4.0,4.118488253319714,0.33952534791252487,0.5154225492459924
decode,math,13,15,2,8,domain_oracle,504,8,0.27033730158730157,0.0,1.0,3.6990825688073397,0.0,1.0
decode,math,13,15,2,8,previous_window,504,8,0.25,0.0,1.0,4.0,0.0014910536779324055,0.9978793903247184
decode,math,13,15,2,8,static,504,8,0.18898809523809523,0.0,1.0,5.291338582677166,0.0,1.0
decode,math,13,15,2,8,transition,504,8,0.5865575396825397,0.00992063492063492,1.0,1.704862579281184,0.6376739562624254,0.2786768786768776
decode,math,13,15,2,16,domain_oracle,504,8,0.4496527777777778,0.0,2.0,4.447876447876448,0.0,1.0
decode,math,13,15,2,16,previous_window,504,8,0.4166666666666667,0.00992063492063492,2.0,4.8,0.0017395626242544733,0.9976218877212912
decode,math,13,15,2,16,static,504,8,0.3529265873015873,0.0,2.0,5.666900913562896,0.0,1.0
decode,math,13,15,2,16,transition,504,8,0.8117559523809523,0.20238095238095238,2.0,2.463794683776352,0.5080765407554672,0.36713579168073107
decode,math,13,15,2,32,domain_oracle,504,8,0.748015873015873,0.19444444444444445,4.0,5.347480106100796,0.0,1.0
decode,math,13,15,2,32,previous_window,504,8,0.7202380952380952,0.1349206349206349,4.0,5.553719008264463,0.0007455268389662028,0.9987490166416608
decode,math,13,15,2,32,static,504,8,0.6773313492063492,0.04365079365079365,4.0,5.905529110216038,0.0,1.0
decode,math,13,15,2,32,transition,504,8,0.9583333333333334,0.7559523809523809,4.0,4.173913043478261,0.32915009940357853,0.531216488577764
decode,math,14,15,1,8,domain_oracle,504,8,0.27033730158730157,0.0,1.0,3.6990825688073397,0.0,1.0
decode,math,14,15,1,8,previous_window,504,8,0.25,0.0,1.0,4.0,0.0014910536779324055,0.9978793903247184
decode,math,14,15,1,8,static,504,8,0.18898809523809523,0.0,1.0,5.291338582677166,0.0,1.0
decode,math,14,15,1,8,transition,504,8,0.6061507936507936,0.013888888888888888,1.0,1.6497545008183305,0.6215208747514911,0.30259883699247403
decode,math,14,15,1,16,domain_oracle,504,8,0.4496527777777778,0.0,2.0,4.447876447876448,0.0,1.0
decode,math,14,15,1,16,previous_window,504,8,0.4166666666666667,0.00992063492063492,2.0,4.8,0.0017395626242544733,0.9976218877212912
decode,math,14,15,1,16,static,504,8,0.3529265873015873,0.0,2.0,5.666900913562896,0.0,1.0
decode,math,14,15,1,16,transition,504,8,0.8325892857142857,0.22420634920634921,2.0,2.4021447721179623,0.5032306163021869,0.37934249767776435
decode,math,14,15,1,32,domain_oracle,504,8,0.748015873015873,0.19444444444444445,4.0,5.347480106100796,0.0,1.0
decode,math,14,15,1,32,previous_window,504,8,0.7202380952380952,0.1349206349206349,4.0,5.553719008264463,0.0007455268389662028,0.9987490166416608
decode,math,14,15,1,32,static,504,8,0.6773313492063492,0.04365079365079365,4.0,5.905529110216038,0.0,1.0
decode,math,14,15,1,32,transition,504,8,0.9702380952380952,0.7996031746031746,4.0,4.122699386503068,0.32051441351888665,0.5423666233779408
prefill,code,0,1,1,8,domain_oracle,1137,8,0.37532981530343007,0.0,1.0,2.664323374340949,0.0,1.0
prefill,code,0,1,1,8,previous_window,1137,8,0.3676341248900616,0.0,1.0,2.7200956937799043,0.0013204225352112676,0.9979833546734955
prefill,code,0,1,1,8,static,1137,8,0.3543315743183817,0.0,1.0,2.8222153273347814,0.0,1.0
prefill,code,0,1,1,8,transition,1137,8,0.47812225153913807,0.0,1.0,2.0915152908714645,0.2640845070422535,0.5979828074898579
prefill,code,0,1,1,16,domain_oracle,1137,8,0.5242963940193491,0.021108179419525065,2.0,3.81463619207381,0.0,1.0
prefill,code,0,1,1,16,previous_window,1137,8,0.5056068601583114,0.0043975373790677225,2.0,3.9556425309849965,0.0013754401408450703,0.9979101884031462
prefill,code,0,1,1,16,static,1137,8,0.4814204045734389,0.0,2.0,4.154373144553551,0.0,1.0
prefill,code,0,1,1,16,transition,1137,8,0.6751319261213721,0.07036059806508356,2.0,2.9623839765510502,0.33120598591549294,0.5165034861496957
prefill,code,0,1,1,32,domain_oracle,1137,8,0.7375769569041337,0.1802990325417766,4.0,5.423162915486659,0.0,1.0
prefill,code,0,1,1,32,previous_window,1137,8,0.725263852242744,0.11521547933157432,4.0,5.515234197362437,0.0009628080985915493,0.9984338069274517
prefill,code,0,1,1,32,static,1137,8,0.691622691292876,0.051890941072999124,4.0,5.7835002384358605,0.0,1.0
prefill,code,0,1,1,32,transition,1137,8,0.8353122251539138,0.3386103781882146,4.0,4.788628586470124,0.22257372359154928,0.6417460099260245
prefill,code,0,2,2,8,domain_oracle,1137,8,0.41743623570800353,0.0,1.0,2.395575454306031,0.0,1.0
prefill,code,0,2,2,8,previous_window,1137,8,0.4051231310466139,0.0,1.0,2.4683853459972864,0.0009903169014084507,0.9985417555840091
prefill,code,0,2,2,8,static,1137,8,0.3967678100263852,0.0,1.0,2.5203657522859517,0.0,1.0
prefill,code,0,2,2,8,transition,1137,8,0.48801671064204044,0.0008795074758135445,1.0,2.0491101599459336,0.22744278169014084,0.6457246196682916
prefill,code,0,2,2,16,domain_oracle,1137,8,0.593117854001759,0.011433597185576077,2.0,3.3720111214087116,0.0,1.0
prefill,code,0,2,2,16,previous_window,1137,8,0.5767370272647317,0.0158311345646438,2.0,3.4677849790316433,0.0010453345070422534,0.9983359219645359
prefill,code,0,2,2,16,static,1137,8,0.5534300791556728,0.01759014951627089,2.0,3.6138259833134683,0.0,1.0
prefill,code,0,2,2,16,transition,1137,8,0.6749120492524187,0.1266490765171504,2.0,2.963349079654667,0.2365206866197183,0.6288761736371573
prefill,code,0,2,2,32,domain_oracle,1137,8,0.81915127528584,0.2858399296394019,4.0,4.883102939202791,0.0,1.0
prefill,code,0,2,2,32,previous_window,1137,8,0.8016710642040458,0.20492524186455585,4.0,4.9895776193088315,0.0008527728873239436,0.998592202193334
prefill,code,0,2,2,32,static,1137,8,0.7623131046613896,0.20140721196130168,4.0,5.247187770406692,0.0,1.0
prefill,code,0,2,2,32,transition,1137,8,0.8524626209322779,0.33421284080914687,4.0,4.692287851431519,0.1875550176056338,0.6899107765654386
prefill,code,0,3,3,8,domain_oracle,1137,8,0.4045734388742304,0.0,1.0,2.4717391304347824,0.0,1.0
prefill,code,0,3,3,8,previous_window,1137,8,0.39335971855760776,0.0,1.0,2.542202347680268,0.0011003521126760564,0.9982678901692988
prefill,code,0,3,3,8,static,1137,8,0.38995162708883024,0.0,1.0,2.564420637158162,0.0,1.0
prefill,code,0,3,3,8,transition,1137,8,0.5002198768689534,0.0,1.0,1.9991208791208792,0.2855413732394366,0.5717839281219634
prefill,code,0,3,3,16,domain_oracle,1137,8,0.586301671064204,0.029023746701846966,2.0,3.4112132008250518,0.0,1.0
prefill,code,0,3,3,16,previous_window,1137,8,0.5756376429199648,0.027264731750219876,2.0,3.47440794499618,0.0011003521126760564,0.9982535564262771
prefill,code,0,3,3,16,static,1137,8,0.5546394019349165,0.0008795074758135445,2.0,3.605946481665015,0.0,1.0
prefill,code,0,3,3,16,transition,1137,8,0.7120712401055409,0.10642040457343888,2.0,2.808707735062529,0.2770136443661972,0.5792682460567963
prefill,code,0,3,3,32,domain_oracle,1137,8,0.8335532102022867,0.2691292875989446,4.0,4.79873384331311,0.0,1.0
prefill,code,0,3,3,32,previous_window,1137,8,0.8178320140721196,0.24626209322779244,4.0,4.890979970426133,0.0007152288732394366,0.9987984565006653
prefill,code,0,3,3,32,static,1137,8,0.7841908531222516,0.18997361477572558,4.0,5.100799102761811,0.0,1.0
prefill,code,0,3,3,32,transition,1137,8,0.8730211081794196,0.3913808267370273,4.0,4.5817907064601435,0.1735255281690141,0.7110180385481245
prefill,code,1,2,1,8,domain_oracle,1137,8,0.41743623570800353,0.0,1.0,2.395575454306031,0.0,1.0
prefill,code,1,2,1,8,previous_window,1137,8,0.4051231310466139,0.0,1.0,2.4683853459972864,0.0009903169014084507,0.9985417555840091
prefill,code,1,2,1,8,static,1137,8,0.3967678100263852,0.0,1.0,2.5203657522859517,0.0,1.0
prefill,code,1,2,1,8,transition,1137,8,0.5213280562884784,0.0043975373790677225,1.0,1.918177983973007,0.2578125,0.6107320300982367
prefill,code,1,2,1,16,domain_oracle,1137,8,0.593117854001759,0.011433597185576077,2.0,3.3720111214087116,0.0,1.0
prefill,code,1,2,1,16,previous_window,1137,8,0.5767370272647317,0.0158311345646438,2.0,3.4677849790316433,0.0010453345070422534,0.9983359219645359
prefill,code,1,2,1,16,static,1137,8,0.5534300791556728,0.01759014951627089,2.0,3.6138259833134683,0.0,1.0
prefill,code,1,2,1,16,transition,1137,8,0.7194371152154794,0.1706244503078276,2.0,2.779951100244499,0.2532460387323944,0.6097278534789842
prefill,code,1,2,1,32,domain_oracle,1137,8,0.81915127528584,0.2858399296394019,4.0,4.883102939202791,0.0,1.0
prefill,code,1,2,1,32,previous_window,1137,8,0.8016710642040458,0.20492524186455585,4.0,4.9895776193088315,0.0008527728873239436,0.998592202193334
prefill,code,1,2,1,32,static,1137,8,0.7623131046613896,0.20140721196130168,4.0,5.247187770406692,0.0,1.0
prefill,code,1,2,1,32,transition,1137,8,0.8787379067722075,0.4045734388742304,4.0,4.551982985111973,0.20042913732394366,0.6723971496546799
prefill,code,1,3,2,8,domain_oracle,1137,8,0.4045734388742304,0.0,1.0,2.4717391304347824,0.0,1.0
prefill,code,1,3,2,8,previous_window,1137,8,0.39335971855760776,0.0,1.0,2.542202347680268,0.0011003521126760564,0.9982678901692988
prefill,code,1,3,2,8,static,1137,8,0.38995162708883024,0.0,1.0,2.564420637158162,0.0,1.0
prefill,code,1,3,2,8,transition,1137,8,0.5238566402814424,0.002638522427440633,1.0,1.908919202518363,0.3027068661971831,0.5542815166054665
prefill,code,1,3,2,16,domain_oracle,1137,8,0.586301671064204,0.029023746701846966,2.0,3.4112132008250518,0.0,1.0
prefill,code,1,3,2,16,previous_window,1137,8,0.5756376429199648,0.027264731750219876,2.0,3.47440794499618,0.0011003521126760564,0.9982535564262771
prefill,code,1,3,2,16,static,1137,8,0.5546394019349165,0.0008795074758135445,2.0,3.605946481665015,0.0,1.0
prefill,code,1,3,2,16,transition,1137,8,0.7509894459102903,0.1468777484608619,2.0,2.663153271848924,0.2809198943661972,0.5746196478476173
prefill,code,1,3,2,32,domain_oracle,1137,8,0.8335532102022867,0.2691292875989446,4.0,4.79873384331311,0.0,1.0
prefill,code,1,3,2,32,previous_window,1137,8,0.8178320140721196,0.24626209322779244,4.0,4.890979970426133,0.0007152288732394366,0.9987984565006653
prefill,code,1,3,2,32,static,1137,8,0.7841908531222516,0.18997361477572558,4.0,5.100799102761811,0.0,1.0
prefill,code,1,3,2,32,transition,1137,8,0.8947889182058048,0.45822339489885666,4.0,4.470328050129009,0.1660706426056338,0.7210340034767998
prefill,code,1,4,3,8,domain_oracle,1137,8,0.4836191732629727,0.0,1.0,2.067742668788361,0.0,1.0
prefill,code,1,4,3,8,previous_window,1137,8,0.4779023746701847,0.0043975373790677225,1.0,2.09247757073844,0.0008802816901408451,0.9985524256651017
prefill,code,1,4,3,8,static,1137,8,0.4726253298153034,0.001759014951627089,1.0,2.115840893230984,0.0,1.0
prefill,code,1,4,3,8,transition,1137,8,0.6036719437115216,0.0158311345646438,1.0,1.6565288654161354,0.26606514084507044,0.6012396445495117
prefill,code,1,4,3,16,domain_oracle,1137,8,0.6616094986807388,0.07387862796833773,2.0,3.0229312063808575,0.0,1.0
prefill,code,1,4,3,16,previous_window,1137,8,0.6576517150395779,0.05364995602462621,2.0,3.041123370110331,0.0007702464788732394,0.9986924470801419
prefill,code,1,4,3,16,static,1137,8,0.6103781882145998,0.05013192612137203,2.0,3.276657060518732,0.0,1.0
prefill,code,1,4,3,16,transition,1137,8,0.7941952506596306,0.17678100263852242,2.0,2.5182724252491693,0.24680897887323944,0.6147007560440793
prefill,code,1,4,3,32,domain_oracle,1137,8,0.8725813544415127,0.42216358839050133,4.0,4.5840997858132795,0.0,1.0
prefill,code,1,4,3,32,previous_window,1137,8,0.8587291116974495,0.3658751099384345,4.0,4.658046344898221,0.0007152288732394366,0.9987703604271433
prefill,code,1,4,3,32,static,1137,8,0.8401495162708883,0.32629727352682497,4.0,4.761057314839047,0.0,1.0
prefill,code,1,4,3,32,transition,1137,8,0.9250219876868954,0.5708003518029904,4.0,4.324221535536012,0.14194542253521128,0.7566690387473991
prefill,code,2,3,1,8,domain_oracle,1137,8,0.4045734388742304,0.0,1.0,2.4717391304347824,0.0,1.0
prefill,code,2,3,1,8,previous_window,1137,8,0.39335971855760776,0.0,1.0,2.542202347680268,0.0011003521126760564,0.9982678901692988
prefill,code,2,3,1,8,static,1137,8,0.38995162708883024,0.0,1.0,2.564420637158162,0.0,1.0
prefill,code,2,3,1,8,transition,1137,8,0.5912489006156553,0.0079155672823219,1.0,1.69133506879881,0.3764304577464789,0.48194931047043804
prefill,code,2,3,1,16,domain_oracle,1137,8,0.586301671064204,0.029023746701846966,2.0,3.4112132008250518,0.0,1.0
prefill,code,2,3,1,16,previous_window,1137,8,0.5756376429199648,0.027264731750219876,2.0,3.47440794499618,0.0011003521126760564,0.9982535564262771
prefill,code,2,3,1,16,static,1137,8,0.5546394019349165,0.0008795074758135445,2.0,3.605946481665015,0.0,1.0
prefill,code,2,3,1,16,transition,1137,8,0.7889182058047494,0.14072119613016712,2.0,2.5351170568561874,0.2889524647887324,0.5776340831410817
prefill,code,2,3,1,32,domain_oracle,1137,8,0.8335532102022867,0.2691292875989446,4.0,4.79873384331311,0.0,1.0
prefill,code,2,3,1,32,previous_window,1137,8,0.8178320140721196,0.24626209322779244,4.0,4.890979970426133,0.0007152288732394366,0.9987984565006653
prefill,code,2,3,1,32,static,1137,8,0.7841908531222516,0.18997361477572558,4.0,5.100799102761811,0.0,1.0
prefill,code,2,3,1,32,transition,1137,8,0.9343667546174143,0.6015831134564644,4.0,4.280974232262619,0.18865536971830985,0.6953044625962987
prefill,code,2,4,2,8,domain_oracle,1137,8,0.4836191732629727,0.0,1.0,2.067742668788361,0.0,1.0
prefill,code,2,4,2,8,previous_window,1137,8,0.4779023746701847,0.0043975373790677225,1.0,2.09247757073844,0.0008802816901408451,0.9985524256651017
prefill,code,2,4,2,8,static,1137,8,0.4726253298153034,0.001759014951627089,1.0,2.115840893230984,0.0,1.0
prefill,code,2,4,2,8,transition,1137,8,0.63863236587511,0.02198768689533861,1.0,1.565846100877948,0.3102992957746479,0.5484046079116566
prefill,code,2,4,2,16,domain_oracle,1137,8,0.6616094986807388,0.07387862796833773,2.0,3.0229312063808575,0.0,1.0
prefill,code,2,4,2,16,previous_window,1137,8,0.6576517150395779,0.05364995602462621,2.0,3.041123370110331,0.0007702464788732394,0.9986924470801419
prefill,code,2,4,2,16,static,1137,8,0.6103781882145998,0.05013192612137203,2.0,3.276657060518732,0.0,1.0
prefill,code,2,4,2,16,transition,1137,8,0.8344327176781002,0.22163588390501318,2.0,2.3968379446640315,0.2832856514084507,0.587227277448065
prefill,code,2,4,2,32,domain_oracle,1137,8,0.8725813544415127,0.42216358839050133,4.0,4.5840997858132795,0.0,1.0
prefill,code,2,4,2,32,previous_window,1137,8,0.8587291116974495,0.3658751099384345,4.0,4.658046344898221,0.0007152288732394366,0.9987703604271433
prefill,code,2,4,2,32,static,1137,8,0.8401495162708883,0.32629727352682497,4.0,4.761057314839047,0.0,1.0
prefill,code,2,4,2,32,transition,1137,8,0.9500879507475813,0.6728232189973615,4.0,4.210136542467022,0.17677156690140844,0.7082381456808147
prefill,code,2,5,3,8,domain_oracle,1137,8,0.5004397537379067,0.0,1.0,1.9982425307557117,0.0,1.0
prefill,code,2,5,3,8,previous_window,1137,8,0.4919744942832014,0.0,1.0,2.0326256983240225,0.0009903169014084507,0.9983959311424101
prefill,code,2,5,3,8,static,1137,8,0.48383905013192613,0.0,1.0,2.0668029993183366,0.0,1.0
prefill,code,2,5,3,8,transition,1137,8,0.6336851363236587,0.001759014951627089,1.0,1.5780707841776545,0.26903609154929575,0.6062902277691088
prefill,code,2,5,3,16,domain_oracle,1137,8,0.6952506596306068,0.12313104661389622,2.0,2.876660341555977,0.0,1.0
prefill,code,2,5,3,16,previous_window,1137,8,0.6765611257695691,0.09146877748460862,2.0,2.9561260968475787,0.0007702464788732394,0.9986924470801419
prefill,code,2,5,3,16,static,1137,8,0.6795294635004397,0.04573438874230431,2.0,2.943213072318395,0.0,1.0
prefill,code,2,5,3,16,transition,1137,8,0.8354221635883905,0.34300791556728233,2.0,2.393999210422424,0.2727772887323944,0.6002659535226917
prefill,code,2,5,3,32,domain_oracle,1137,8,0.8979771328056289,0.5277044854881267,4.0,4.454456415279138,0.0,1.0
prefill,code,2,5,3,32,previous_window,1137,8,0.8798372911169745,0.46701846965699206,4.0,4.546295139322754,0.0006327024647887324,0.9988950217823458
prefill,code,2,5,3,32,static,1137,8,0.832014072119613,0.36939313984168864,4.0,4.807610993657505,0.0,1.0
prefill,code,2,5,3,32,transition,1137,8,0.9406332453825857,0.6508355321020228,4.0,4.252454417952314,0.17248019366197184,0.7145217419476375
prefill,code,3,4,1,8,domain_oracle,1137,8,0.4836191732629727,0.0,1.0,2.067742668788361,0.0,1.0
prefill,code,3,4,1,8,previous_window,1137,8,0.4779023746701847,0.0043975373790677225,1.0,2.09247757073844,0.0008802816901408451,0.9985524256651017
prefill,code,3,4,1,8,static,1137,8,0.4726253298153034,0.001759014951627089,1.0,2.115840893230984,0.0,1.0
prefill,code,3,4,1,8,transition,1137,8,0.6505057167985928,0.027264731750219876,1.0,1.5372655061686666,0.33483714788732394,0.5233139317646395
prefill,code,3,4,1,16,domain_oracle,1137,8,0.6616094986807388,0.07387862796833773,2.0,3.0229312063808575,0.0,1.0
prefill,code,3,4,1,16,previous_window,1137,8,0.6576517150395779,0.05364995602462621,2.0,3.041123370110331,0.0007702464788732394,0.9986924470801419
prefill,code,3,4,1,16,static,1137,8,0.6103781882145998,0.05013192612137203,2.0,3.276657060518732,0.0,1.0
prefill,code,3,4,1,16,transition,1137,8,0.8526824978012313,0.27352682497801234,2.0,2.3455389375966993,0.32531910211267606,0.5397766160952787
prefill,code,3,4,1,32,domain_oracle,1137,8,0.8725813544415127,0.42216358839050133,4.0,4.5840997858132795,0.0,1.0
prefill,code,3,4,1,32,previous_window,1137,8,0.8587291116974495,0.3658751099384345,4.0,4.658046344898221,0.0007152288732394366,0.9987703604271433
prefill,code,3,4,1,32,static,1137,8,0.8401495162708883,0.32629727352682497,4.0,4.761057314839047,0.0,1.0
prefill,code,3,4,1,32,transition,1137,8,0.9549252418645559,0.6956904133685137,4.0,4.188809578632282,0.22535211267605634,0.6457742555341804
prefill,code,3,5,2,8,domain_oracle,1137,8,0.5004397537379067,0.0,1.0,1.9982425307557117,0.0,1.0
prefill,code,3,5,2,8,previous_window,1137,8,0.4919744942832014,0.0,1.0,2.0326256983240225,0.0009903169014084507,0.9983959311424101
prefill,code,3,5,2,8,static,1137,8,0.48383905013192613,0.0,1.0,2.0668029993183366,0.0,1.0
prefill,code,3,5,2,8,transition,1137,8,0.6699648197009674,0.011433597185576077,1.0,1.492615687561536,0.32559419014084506,0.5487248275980724
prefill,code,3,5,2,16,domain_oracle,1137,8,0.6952506596306068,0.12313104661389622,2.0,2.876660341555977,0.0,1.0
prefill,code,3,5,2,16,previous_window,1137,8,0.6765611257695691,0.09146877748460862,2.0,2.9561260968475787,0.0007702464788732394,0.9986924470801419
prefill,code,3,5,2,16,static,1137,8,0.6795294635004397,0.04573438874230431,2.0,2.943213072318395,0.0,1.0
prefill,code,3,5,2,16,transition,1137,8,0.8537818821459983,0.357080035180299,2.0,2.342518671130569,0.301056338028169,0.5743765118272479
prefill,code,3,5,2,32,domain_oracle,1137,8,0.8979771328056289,0.5277044854881267,4.0,4.454456415279138,0.0,1.0
prefill,code,3,5,2,32,previous_window,1137,8,0.8798372911169745,0.46701846965699206,4.0,4.546295139322754,0.0006327024647887324,0.9988950217823458
prefill,code,3,5,2,32,static,1137,8,0.832014072119613,0.36939313984168864,4.0,4.807610993657505,0.0,1.0
prefill,code,3,5,2,32,transition,1137,8,0.9619613016710642,0.7598944591029023,4.0,4.158171428571428,0.2301661531690141,0.6413669006891084
prefill,code,3,6,3,8,domain_oracle,1137,8,0.4921943711521548,0.0,1.0,2.0317176680813045,0.0,1.0
prefill,code,3,6,3,8,previous_window,1137,8,0.4794415127528584,0.0,1.0,2.0857601467553315,0.0008802816901408451,0.9985524256651016
prefill,code,3,6,3,8,static,1137,8,0.4774626209322779,0.0,1.0,2.094404789316141,0.0,1.0
prefill,code,3,6,3,8,transition,1137,8,0.6867854001759015,0.014072119613016711,1.0,1.4560589082759725,0.367737676056338,0.49567842173476173
prefill,code,3,6,3,16,domain_oracle,1137,8,0.7040457343887423,0.15567282321899736,2.0,2.8407245471580262,0.0,1.0
prefill,code,3,6,3,16,previous_window,1137,8,0.6987686895338611,0.12752858399296393,2.0,2.8621774701069853,0.0006051936619718309,0.9989395436949182
prefill,code,3,6,3,16,static,1137,8,0.7050351802990326,0.16534740545294635,2.0,2.836737876188991,0.0,1.0
prefill,code,3,6,3,16,transition,1137,8,0.8898416886543535,0.45822339489885666,2.0,2.2475908080059304,0.2480193661971831,0.6303370088270092
prefill,code,3,6,3,32,domain_oracle,1137,8,0.9130386983289358,0.5954265611257695,4.0,4.380975316074654,0.0,1.0
prefill,code,3,6,3,32,previous_window,1137,8,0.906882145998241,0.5602462620932278,4.0,4.410716450478846,0.0005226672535211267,0.9990690388577714
prefill,code,3,6,3,32,static,1137,8,0.8433377308707124,0.335971855760774,4.0,4.743058271411811,0.0,1.0
prefill,code,3,6,3,32,transition,1137,8,0.9704265611257695,0.7950747581354441,4.0,4.121898719836864,0.2107724471830986,0.6670902689231752
prefill,code,4,5,1,8,domain_oracle,1137,8,0.5004397537379067,0.0,1.0,1.9982425307557117,0.0,1.0
prefill,code,4,5,1,8,previous_window,1137,8,0.4919744942832014,0.0,1.0,2.0326256983240225,0.0009903169014084507,0.9983959311424101
prefill,code,4,5,1,8,static,1137,8,0.48383905013192613,0.0,1.0,2.0668029993183366,0.0,1.0
prefill,code,4,5,1,8,transition,1137,8,0.6691952506596306,0.013192612137203167,1.0,1.4943321833415475,0.2718970070422535,0.5996995961784773
prefill,code,4,5,1,16,domain_oracle,1137,8,0.6952506596306068,0.12313104661389622,2.0,2.876660341555977,0.0,1.0
prefill,code,4,5,1,16,previous_window,1137,8,0.6765611257695691,0.09146877748460862,2.0,2.9561260968475787,0.0007702464788732394,0.9986924470801419
prefill,code,4,5,1,16,static,1137,8,0.6795294635004397,0.04573438874230431,2.0,2.943213072318395,0.0,1.0
prefill,code,4,5,1,16,transition,1137,8,0.849934036939314,0.37467018469656993,2.0,2.3531237873496313,0.2482394366197183,0.6318705754058418
prefill,code,4,5,1,32,domain_oracle,1137,8,0.8979771328056289,0.5277044854881267,4.0,4.454456415279138,0.0,1.0
prefill,code,4,5,1,32,previous_window,1137,8,0.8798372911169745,0.46701846965699206,4.0,4.546295139322754,0.0006327024647887324,0.9988950217823458
prefill,code,4,5,1,32,static,1137,8,0.832014072119613,0.36939313984168864,4.0,4.807610993657505,0.0,1.0
prefill,code,4,5,1,32,transition,1137,8,0.9537159190853123,0.6965699208443272,4.0,4.194121037463977,0.1624119718309859,0.7290542044875812
prefill,code,4,6,2,8,domain_oracle,1137,8,0.4921943711521548,0.0,1.0,2.0317176680813045,0.0,1.0
prefill,code,4,6,2,8,previous_window,1137,8,0.4794415127528584,0.0,1.0,2.0857601467553315,0.0008802816901408451,0.9985524256651016
prefill,code,4,6,2,8,static,1137,8,0.4774626209322779,0.0,1.0,2.094404789316141,0.0,1.0
prefill,code,4,6,2,8,transition,1137,8,0.6868953386103782,0.025505716798592787,1.0,1.4558258642765685,0.27750880281690143,0.5960128681959747
prefill,code,4,6,2,16,domain_oracle,1137,8,0.7040457343887423,0.15567282321899736,2.0,2.8407245471580262,0.0,1.0
prefill,code,4,6,2,16,previous_window,1137,8,0.6987686895338611,0.12752858399296393,2.0,2.8621774701069853,0.0006051936619718309,0.9989395436949182
prefill,code,4,6,2,16,static,1137,8,0.7050351802990326,0.16534740545294635,2.0,2.836737876188991,0.0,1.0
prefill,code,4,6,2,16,transition,1137,8,0.8699428320140721,0.4204045734388742,2.0,2.2990016428661697,0.19311179577464788,0.6998148520551828
prefill,code,4,6,2,32,domain_oracle,1137,8,0.9130386983289358,0.5954265611257695,4.0,4.380975316074654,0.0,1.0
prefill,code,4,6,2,32,previous_window,1137,8,0.906882145998241,0.5602462620932278,4.0,4.410716450478846,0.0005226672535211267,0.9990690388577714
prefill,code,4,6,2,32,static,1137,8,0.8433377308707124,0.335971855760774,4.0,4.743058271411811,0.0,1.0
prefill,code,4,6,2,32,transition,1137,8,0.9715259454705365,0.8073878627968337,4.0,4.117234355550527,0.16579555457746478,0.7253093414464485
prefill,code,4,7,3,8,domain_oracle,1137,8,0.4625109938434477,0.0,1.0,2.162110767768006,0.0,1.0
prefill,code,4,7,3,8,previous_window,1137,8,0.45030782761653476,0.0008795074758135445,1.0,2.220703125,0.0009903169014084507,0.9984919618722436
prefill,code,4,7,3,8,static,1137,8,0.44854881266490765,0.0,1.0,2.2294117647058824,0.0,1.0
prefill,code,4,7,3,8,transition,1137,8,0.6797493403693932,0.044854881266490766,1.0,1.4711305191654536,0.32075264084507044,0.5468945764720466
prefill,code,4,7,3,16,domain_oracle,1137,8,0.6783201407211962,0.14951627088830255,2.0,2.9484602917341975,0.0,1.0
prefill,code,4,7,3,16,previous_window,1137,8,0.6623790677220757,0.11609498680738786,2.0,3.0194190871369293,0.0006602112676056338,0.998866868219984
prefill,code,4,7,3,16,static,1137,8,0.6369832893579596,0.1284080914687775,2.0,3.1397997928891956,0.0,1.0
prefill,code,4,7,3,16,transition,1137,8,0.8632365875109939,0.41952506596306066,2.0,2.3168619460010187,0.25291593309859156,0.6222800038405167
prefill,code,4,7,3,32,domain_oracle,1137,8,0.8989665787159191,0.5109938434476693,4.0,4.449553626024215,0.0,1.0
prefill,code,4,7,3,32,previous_window,1137,8,0.8873131046613896,0.48548812664907653,4.0,4.5079915747738815,0.0005226672535211267,0.9990716690178166
prefill,code,4,7,3,32,static,1137,8,0.8339929639401935,0.38698328935795956,4.0,4.796203532823623,0.0,1.0
prefill,code,4,7,3,32,transition,1137,8,0.9549252418645559,0.741424802110818,4.0,4.188809578632282,0.16747359154929578,0.7222931546525418
prefill,code,5,6,1,8,domain_oracle,1137,8,0.4921943711521548,0.0,1.0,2.0317176680813045,0.0,1.0
prefill,code,5,6,1,8,previous_window,1137,8,0.4794415127528584,0.0,1.0,2.0857601467553315,0.0008802816901408451,0.9985524256651016
prefill,code,5,6,1,8,static,1137,8,0.4774626209322779,0.0,1.0,2.094404789316141,0.0,1.0
prefill,code,5,6,1,8,transition,1137,8,0.700197889182058,0.014951627088830254,1.0,1.4281676872350448,0.31294014084507044,0.5602693863257312
prefill,code,5,6,1,16,domain_oracle,1137,8,0.7040457343887423,0.15567282321899736,2.0,2.8407245471580262,0.0,1.0
prefill,code,5,6,1,16,previous_window,1137,8,0.6987686895338611,0.12752858399296393,2.0,2.8621774701069853,0.0006051936619718309,0.9989395436949182
prefill,code,5,6,1,16,static,1137,8,0.7050351802990326,0.16534740545294635,2.0,2.836737876188991,0.0,1.0
prefill,code,5,6,1,16,transition,1137,8,0.8822559366754618,0.4467897977132806,2.0,2.2669158878504674,0.222931338028169,0.6610034769899177
prefill,code,5,6,1,32,domain_oracle,1137,8,0.9130386983289358,0.5954265611257695,4.0,4.380975316074654,0.0,1.0
prefill,code,5,6,1,32,previous_window,1137,8,0.906882145998241,0.5602462620932278,4.0,4.410716450478846,0.0005226672535211267,0.9990690388577714
prefill,code,5,6,1,32,static,1137,8,0.8433377308707124,0.335971855760774,4.0,4.743058271411811,0.0,1.0
prefill,code,5,6,1,32,transition,1137,8,0.9730650835532102,0.8117854001759015,4.0,4.1107219523217715,0.18007262323943662,0.7067627703997366
prefill,code,5,7,2,8,domain_oracle,1137,8,0.4625109938434477,0.0,1.0,2.162110767768006,0.0,1.0
prefill,code,5,7,2,8,previous_window,1137,8,0.45030782761653476,0.0008795074758135445,1.0,2.220703125,0.0009903169014084507,0.9984919618722436
prefill,code,5,7,2,8,static,1137,8,0.44854881266490765,0.0,1.0,2.2294117647058824,0.0,1.0
prefill,code,5,7,2,8,transition,1137,8,0.6850263852242744,0.040457343887423045,1.0,1.4597977852672124,0.34661091549295775,0.5163001708776394
prefill,code,5,7,2,16,domain_oracle,1137,8,0.6783201407211962,0.14951627088830255,2.0,2.9484602917341975,0.0,1.0
prefill,code,5,7,2,16,previous_window,1137,8,0.6623790677220757,0.11609498680738786,2.0,3.0194190871369293,0.0006602112676056338,0.998866868219984
prefill,code,5,7,2,16,static,1137,8,0.6369832893579596,0.1284080914687775,2.0,3.1397997928891956,0.0,1.0
prefill,code,5,7,2,16,transition,1137,8,0.8684036939313984,0.4133685136323659,2.0,2.3030763387770605,0.2678257042253521,0.6069424791662469
prefill,code,5,7,2,32,domain_oracle,1137,8,0.8989665787159191,0.5109938434476693,4.0,4.449553626024215,0.0,1.0
prefill,code,5,7,2,32,previous_window,1137,8,0.8873131046613896,0.48548812664907653,4.0,4.5079915747738815,0.0005226672535211267,0.9990716690178166
prefill,code,5,7,2,32,static,1137,8,0.8339929639401935,0.38698328935795956,4.0,4.796203532823623,0.0,1.0
prefill,code,5,7,2,32,transition,1137,8,0.9659190853122251,0.7924362357080035,4.0,4.14113362167084,0.18620708626760563,0.6973862113055059
prefill,code,5,8,3,8,domain_oracle,1137,8,0.42502198768689536,0.0,1.0,2.3528194516295913,0.0,1.0
prefill,code,5,8,3,8,previous_window,1137,8,0.4099604221635884,0.0008795074758135445,1.0,2.4392598551890585,0.0015404929577464788,0.9977699530516432
prefill,code,5,8,3,8,static,1137,8,0.41545734388742306,0.0,1.0,2.4069859751256946,0.0,1.0
prefill,code,5,8,3,8,transition,1137,8,0.6403913808267371,0.03605980650835532,1.0,1.5615450643776825,0.3496919014084507,0.5249585312965636
prefill,code,5,8,3,16,domain_oracle,1137,8,0.6265391380826737,0.11169744942832015,2.0,3.1921389717494297,0.0,1.0
prefill,code,5,8,3,16,previous_window,1137,8,0.6083992963940194,0.08179419525065963,2.0,3.2873147813516446,0.0008802816901408451,0.998584472088811
prefill,code,5,8,3,16,static,1137,8,0.6108179419525066,0.0633245382585752,2.0,3.2742980561555077,0.0,1.0
prefill,code,5,8,3,16,transition,1137,8,0.8546613896218118,0.38522427440633245,2.0,2.3401080524826345,0.32157790492957744,0.5536683208101952
prefill,code,5,8,3,32,domain_oracle,1137,8,0.8459762532981531,0.4890061565523307,4.0,4.728265107212476,0.0,1.0
prefill,code,5,8,3,32,previous_window,1137,8,0.8289357959542656,0.3922603342128408,4.0,4.825464190981433,0.0007977552816901409,0.9986544322163301
prefill,code,5,8,3,32,static,1137,8,0.8049692172383466,0.2805628847845207,4.0,4.96913411636165,0.0,1.0
prefill,code,5,8,3,32,transition,1137,8,0.9683377308707124,0.8188214599824098,4.0,4.130790190735695,0.19820092429577466,0.6823446617712777
prefill,code,6,7,1,8,domain_oracle,1137,8,0.4625109938434477,0.0,1.0,2.162110767768006,0.0,1.0
prefill,code,6,7,1,8,previous_window,1137,8,0.45030782761653476,0.0008795074758135445,1.0,2.220703125,0.0009903169014084507,0.9984919618722436
prefill,code,6,7,1,8,static,1137,8,0.44854881266490765,0.0,1.0,2.2294117647058824,0.0,1.0
prefill,code,6,7,1,8,transition,1137,8,0.7095426561125769,0.04309586631486367,1.0,1.4093585373411837,0.3413292253521127,0.5290206663446136
prefill,code,6,7,1,16,domain_oracle,1137,8,0.6783201407211962,0.14951627088830255,2.0,2.9484602917341975,0.0,1.0
prefill,code,6,7,1,16,previous_window,1137,8,0.6623790677220757,0.11609498680738786,2.0,3.0194190871369293,0.0006602112676056338,0.998866868219984
prefill,code,6,7,1,16,static,1137,8,0.6369832893579596,0.1284080914687775,2.0,3.1397997928891956,0.0,1.0
prefill,code,6,7,1,16,transition,1137,8,0.8841248900615655,0.4529463500439754,2.0,2.2621238497886096,0.2704665492957746,0.6027829969643216
prefill,code,6,7,1,32,domain_oracle,1137,8,0.8989665787159191,0.5109938434476693,4.0,4.449553626024215,0.0,1.0
prefill,code,6,7,1,32,previous_window,1137,8,0.8873131046613896,0.48548812664907653,4.0,4.5079915747738815,0.0005226672535211267,0.9990716690178166
prefill,code,6,7,1,32,static,1137,8,0.8339929639401935,0.38698328935795956,4.0,4.796203532823623,0.0,1.0
prefill,code,6,7,1,32,transition,1137,8,0.963830255057168,0.7827616534740546,4.0,4.150108360898825,0.18249339788732394,0.7033765793963127
prefill,code,6,8,2,8,domain_oracle,1137,8,0.42502198768689536,0.0,1.0,2.3528194516295913,0.0,1.0
prefill,code,6,8,2,8,previous_window,1137,8,0.4099604221635884,0.0008795074758135445,1.0,2.4392598551890585,0.0015404929577464788,0.9977699530516432
prefill,code,6,8,2,8,static,1137,8,0.41545734388742306,0.0,1.0,2.4069859751256946,0.0,1.0
prefill,code,6,8,2,8,transition,1137,8,0.6596306068601583,0.027264731750219876,1.0,1.516,0.3683978873239437,0.5021557472261727
prefill,code,6,8,2,16,domain_oracle,1137,8,0.6265391380826737,0.11169744942832015,2.0,3.1921389717494297,0.0,1.0
prefill,code,6,8,2,16,previous_window,1137,8,0.6083992963940194,0.08179419525065963,2.0,3.2873147813516446,0.0008802816901408451,0.998584472088811
prefill,code,6,8,2,16,static,1137,8,0.6108179419525066,0.0633245382585752,2.0,3.2742980561555077,0.0,1.0
prefill,code,6,8,2,16,transition,1137,8,0.8545514511873351,0.37906772207563766,2.0,2.340409108452335,0.30419234154929575,0.5700638656414783
prefill,code,6,8,2,32,domain_oracle,1137,8,0.8459762532981531,0.4890061565523307,4.0,4.728265107212476,0.0,1.0
prefill,code,6,8,2,32,previous_window,1137,8,0.8289357959542656,0.3922603342128408,4.0,4.825464190981433,0.0007977552816901409,0.9986544322163301
prefill,code,6,8,2,32,static,1137,8,0.8049692172383466,0.2805628847845207,4.0,4.96913411636165,0.0,1.0
prefill,code,6,8,2,32,transition,1137,8,0.9697669305189094,0.8249780123131046,4.0,4.124702414692211,0.19635783450704225,0.6856414519202213
prefill,code,6,9,3,8,domain_oracle,1137,8,0.42480211081794195,0.002638522427440633,1.0,2.3540372670807455,0.0,1.0
prefill,code,6,9,3,8,previous_window,1137,8,0.42788038698328934,0.0008795074758135445,1.0,2.3371017471736897,0.0012103873239436619,0.998111395646607
prefill,code,6,9,3,8,static,1137,8,0.431948109058927,0.0,1.0,2.3150928989564776,0.0,1.0
prefill,code,6,9,3,8,transition,1137,8,0.6502858399296394,0.019349164467897976,1.0,1.5377852916314454,0.3449603873239437,0.5308875006058129
prefill,code,6,9,3,16,domain_oracle,1137,8,0.6357739665787159,0.2832014072119613,2.0,3.14577209061041,0.0,1.0
prefill,code,6,9,3,16,previous_window,1137,8,0.6158751099384345,0.1820580474934037,2.0,3.247411638700464,0.0007702464788732394,0.998718610251118
prefill,code,6,9,3,16,static,1137,8,0.6248900615655233,0.10817941952506596,2.0,3.2005629838142156,0.0,1.0
prefill,code,6,9,3,16,transition,1137,8,0.8784080914687775,0.49868073878627966,2.0,2.276846057571965,0.3339568661971831,0.5445292940111511
prefill,code,6,9,3,32,domain_oracle,1137,8,0.8399296394019349,0.4714160070360598,4.0,4.762303664921466,0.0,1.0
prefill,code,6,9,3,32,previous_window,1137,8,0.816952506596306,0.4080914687774846,4.0,4.896245458215583,0.0007977552816901409,0.9986522061207015
prefill,code,6,9,3,32,static,1137,8,0.7800131926121372,0.3227792436235708,4.0,5.128118393234672,0.0,1.0
prefill,code,6,9,3,32,transition,1137,8,0.976693051890941,0.8742304309586632,4.0,4.095452498874381,0.2516230193661972,0.6177265745926523
prefill,code,7,8,1,8,domain_oracle,1137,8,0.42502198768689536,0.0,1.0,2.3528194516295913,0.0,1.0
prefill,code,7,8,1,8,previous_window,1137,8,0.4099604221635884,0.0008795074758135445,1.0,2.4392598551890585,0.0015404929577464788,0.9977699530516432
prefill,code,7,8,1,8,static,1137,8,0.41545734388742306,0.0,1.0,2.4069859751256946,0.0,1.0
prefill,code,7,8,1,8,transition,1137,8,0.6820580474934037,0.026385224274406333,1.0,1.4661508704061896,0.3970070422535211,0.4841377910039909
prefill,code,7,8,1,16,domain_oracle,1137,8,0.6265391380826737,0.11169744942832015,2.0,3.1921389717494297,0.0,1.0
prefill,code,7,8,1,16,previous_window,1137,8,0.6083992963940194,0.08179419525065963,2.0,3.2873147813516446,0.0008802816901408451,0.998584472088811
prefill,code,7,8,1,16,static,1137,8,0.6108179419525066,0.0633245382585752,2.0,3.2742980561555077,0.0,1.0
prefill,code,7,8,1,16,transition,1137,8,0.8589489885664028,0.3605980650835532,2.0,2.3284269806732367,0.3164612676056338,0.5663454031562545
prefill,code,7,8,1,32,domain_oracle,1137,8,0.8459762532981531,0.4890061565523307,4.0,4.728265107212476,0.0,1.0
prefill,code,7,8,1,32,previous_window,1137,8,0.8289357959542656,0.3922603342128408,4.0,4.825464190981433,0.0007977552816901409,0.9986544322163301
prefill,code,7,8,1,32,static,1137,8,0.8049692172383466,0.2805628847845207,4.0,4.96913411636165,0.0,1.0
prefill,code,7,8,1,32,transition,1137,8,0.9759234828496042,0.851363236587511,4.0,4.098681987157824,0.22136333626760563,0.6587543332208254
prefill,code,7,9,2,8,domain_oracle,1137,8,0.42480211081794195,0.002638522427440633,1.0,2.3540372670807455,0.0,1.0
prefill,code,7,9,2,8,previous_window,1137,8,0.42788038698328934,0.0008795074758135445,1.0,2.3371017471736897,0.0012103873239436619,0.998111395646607
prefill,code,7,9,2,8,static,1137,8,0.431948109058927,0.0,1.0,2.3150928989564776,0.0,1.0
prefill,code,7,9,2,8,transition,1137,8,0.6798592788038699,0.010554089709762533,1.0,1.4708926261319535,0.41065140845070425,0.4714439316552002
prefill,code,7,9,2,16,domain_oracle,1137,8,0.6357739665787159,0.2832014072119613,2.0,3.14577209061041,0.0,1.0
prefill,code,7,9,2,16,previous_window,1137,8,0.6158751099384345,0.1820580474934037,2.0,3.247411638700464,0.0007702464788732394,0.998718610251118
prefill,code,7,9,2,16,static,1137,8,0.6248900615655233,0.10817941952506596,2.0,3.2005629838142156,0.0,1.0
prefill,code,7,9,2,16,transition,1137,8,0.8796174142480211,0.4547053649956025,2.0,2.273715785526809,0.33549735915492956,0.5603227325054062
prefill,code,7,9,2,32,domain_oracle,1137,8,0.8399296394019349,0.4714160070360598,4.0,4.762303664921466,0.0,1.0
prefill,code,7,9,2,32,previous_window,1137,8,0.816952506596306,0.4080914687774846,4.0,4.896245458215583,0.0007977552816901409,0.9986522061207015
prefill,code,7,9,2,32,static,1137,8,0.7800131926121372,0.3227792436235708,4.0,5.128118393234672,0.0,1.0
prefill,code,7,9,2,32,transition,1137,8,0.9812005277044855,0.8935795954265612,4.0,4.076638655462185,0.2616912411971831,0.6090452173182394
prefill,code,7,10,3,8,domain_oracle,1137,8,0.3739006156552331,0.0,1.0,2.674507497794766,0.0,1.0
prefill,code,7,10,3,8,previous_window,1137,8,0.36961301671064206,0.0,1.0,2.70553242117787,0.0012103873239436619,0.9981683027457677
prefill,code,7,10,3,8,static,1137,8,0.3802770448548813,0.0,1.0,2.629661751951431,0.0,1.0
prefill,code,7,10,3,8,transition,1137,8,0.6492963940193491,0.023746701846965697,1.0,1.5401286826955638,0.45653609154929575,0.43034528069739325
prefill,code,7,10,3,16,domain_oracle,1137,8,0.5804749340369393,0.09850483729111698,2.0,3.4454545454545453,0.0,1.0
prefill,code,7,10,3,16,previous_window,1137,8,0.5704705364995603,0.11257695690413369,2.0,3.5058778184621313,0.0007152288732394366,0.9987830491722265
prefill,code,7,10,3,16,static,1137,8,0.5568381706244503,0.052770448548812667,2.0,3.5917077986179664,0.0,1.0
prefill,code,7,10,3,16,transition,1137,8,0.852792436235708,0.42656112576956906,2.0,2.3452365605259766,0.3669674295774648,0.5232685603190596
prefill,code,7,10,3,32,domain_oracle,1137,8,0.7911169744942832,0.41424802110817943,4.0,5.056142301278488,0.0,1.0
prefill,code,7,10,3,32,previous_window,1137,8,0.7701187335092349,0.3579595426561126,4.0,5.194004282655246,0.0010453345070422534,0.9983306237256769
prefill,code,7,10,3,32,static,1137,8,0.7491204925241864,0.2647317502198769,4.0,5.339594951570296,0.0,1.0
prefill,code,7,10,3,32,transition,1137,8,0.961301671064204,0.7845206684256816,4.0,4.161024702653248,0.25528169014084506,0.6194275564633215
prefill,code,8,9,1,8,domain_oracle,1137,8,0.42480211081794195,0.002638522427440633,1.0,2.3540372670807455,0.0,1.0
prefill,code,8,9,1,8,previous_window,1137,8,0.42788038698328934,0.0008795074758135445,1.0,2.3371017471736897,0.0012103873239436619,0.998111395646607
prefill,code,8,9,1,8,static,1137,8,0.431948109058927,0.0,1.0,2.3150928989564776,0.0,1.0
prefill,code,8,9,1,8,transition,1137,8,0.7028364116094987,0.029023746701846966,1.0,1.4228061942749883,0.4164832746478873,0.46832947959708776
prefill,code,8,9,1,16,domain_oracle,1137,8,0.6357739665787159,0.2832014072119613,2.0,3.14577209061041,0.0,1.0
prefill,code,8,9,1,16,previous_window,1137,8,0.6158751099384345,0.1820580474934037,2.0,3.247411638700464,0.0007702464788732394,0.998718610251118
prefill,code,8,9,1,16,static,1137,8,0.6248900615655233,0.10817941952506596,2.0,3.2005629838142156,0.0,1.0
prefill,code,8,9,1,16,transition,1137,8,0.9143579595426561,0.5672823218997362,2.0,2.1873271612360226,0.36823283450704225,0.5105605420526257
prefill,code,8,9,1,32,domain_oracle,1137,8,0.8399296394019349,0.4714160070360598,4.0,4.762303664921466,0.0,1.0
prefill,code,8,9,1,32,previous_window,1137,8,0.816952506596306,0.4080914687774846,4.0,4.896245458215583,0.0007977552816901409,0.9986522061207015
prefill,code,8,9,1,32,static,1137,8,0.7800131926121372,0.3227792436235708,4.0,5.128118393234672,0.0,1.0
prefill,code,8,9,1,32,transition,1137,8,0.989995602462621,0.9322779243623571,4.0,4.040421987784564,0.2780039612676056,0.59080855785402
prefill,code,8,10,2,8,domain_oracle,1137,8,0.3739006156552331,0.0,1.0,2.674507497794766,0.0,1.0
prefill,code,8,10,2,8,previous_window,1137,8,0.36961301671064206,0.0,1.0,2.70553242117787,0.0012103873239436619,0.9981683027457677
prefill,code,8,10,2,8,static,1137,8,0.3802770448548813,0.0,1.0,2.629661751951431,0.0,1.0
prefill,code,8,10,2,8,transition,1137,8,0.6727132805628848,0.023746701846965697,1.0,1.4865174048047067,0.4308978873239437,0.46722766669949856
prefill,code,8,10,2,16,domain_oracle,1137,8,0.5804749340369393,0.09850483729111698,2.0,3.4454545454545453,0.0,1.0
prefill,code,8,10,2,16,previous_window,1137,8,0.5704705364995603,0.11257695690413369,2.0,3.5058778184621313,0.0007152288732394366,0.9987830491722265
prefill,code,8,10,2,16,static,1137,8,0.5568381706244503,0.052770448548812667,2.0,3.5917077986179664,0.0,1.0
prefill,code,8,10,2,16,transition,1137,8,0.8837950747581355,0.47757255936675463,2.0,2.262968030849608,0.3986575704225352,0.4855252648614868
prefill,code,8,10,2,32,domain_oracle,1137,8,0.7911169744942832,0.41424802110817943,4.0,5.056142301278488,0.0,1.0
prefill,code,8,10,2,32,previous_window,1137,8,0.7701187335092349,0.3579595426561126,4.0,5.194004282655246,0.0010453345070422534,0.9983306237256769
prefill,code,8,10,2,32,static,1137,8,0.7491204925241864,0.2647317502198769,4.0,5.339594951570296,0.0,1.0
prefill,code,8,10,2,32,transition,1137,8,0.9732849604221636,0.8311345646437994,4.0,4.109793290410031,0.2636993838028169,0.6075947683066933
prefill,code,8,11,3,8,domain_oracle,1137,8,0.4794415127528584,0.0,1.0,2.0857601467553315,0.0,1.0
prefill,code,8,11,3,8,previous_window,1137,8,0.47020668425681617,0.0,1.0,2.126724339490297,0.0011003521126760564,0.9982394366197183
prefill,code,8,11,3,8,static,1137,8,0.43227792436235707,0.0,1.0,2.313326551373347,0.0,1.0
prefill,code,8,11,3,8,transition,1137,8,0.6967897977132805,0.058927000879507474,1.0,1.435153045124645,0.3338468309859155,0.5684166576772244
prefill,code,8,11,3,16,domain_oracle,1137,8,0.6787598944591029,0.20316622691292877,2.0,2.946550048590865,0.0,1.0
prefill,code,8,11,3,16,previous_window,1137,8,0.6643579595426561,0.11169744942832015,2.0,3.0104252854542444,0.0007702464788732394,0.9987103736972922
prefill,code,8,11,3,16,static,1137,8,0.6083992963940194,0.06244503078276165,2.0,3.2873147813516446,0.0,1.0
prefill,code,8,11,3,16,transition,1137,8,0.8935795954265612,0.4951627088830255,2.0,2.2381889763779528,0.3343970070422535,0.5347166063727183
prefill,code,8,11,3,32,domain_oracle,1137,8,0.8713720316622692,0.4916446789797713,4.0,4.590461771385314,0.0,1.0
prefill,code,8,11,3,32,previous_window,1137,8,0.8474054529463501,0.4766930518909411,4.0,4.720290607161391,0.0008252640845070422,0.9986491872096196
prefill,code,8,11,3,32,static,1137,8,0.8297053649956024,0.3491644678979771,4.0,4.820988472240625,0.0,1.0
prefill,code,8,11,3,32,transition,1137,8,0.977792436235708,0.8557607739665787,4.0,4.090847762536542,0.23522777288732394,0.6396726732642994
prefill,code,9,10,1,8,domain_oracle,1137,8,0.3739006156552331,0.0,1.0,2.674507497794766,0.0,1.0
prefill,code,9,10,1,8,previous_window,1137,8,0.36961301671064206,0.0,1.0,2.70553242117787,0.0012103873239436619,0.9981683027457677
prefill,code,9,10,1,8,static,1137,8,0.3802770448548813,0.0,1.0,2.629661751951431,0.0,1.0
prefill,code,9,10,1,8,transition,1137,8,0.7048153034300791,0.03605980650835532,1.0,1.4188114178755264,0.4472931338028169,0.45107246040344556
prefill,code,9,10,1,16,domain_oracle,1137,8,0.5804749340369393,0.09850483729111698,2.0,3.4454545454545453,0.0,1.0
prefill,code,9,10,1,16,previous_window,1137,8,0.5704705364995603,0.11257695690413369,2.0,3.5058778184621313,0.0007152288732394366,0.9987830491722265
prefill,code,9,10,1,16,static,1137,8,0.5568381706244503,0.052770448548812667,2.0,3.5917077986179664,0.0,1.0
prefill,code,9,10,1,16,transition,1137,8,0.9058927000879508,0.5567282321899736,2.0,2.207766990291262,0.39733714788732394,0.4898490526772857
prefill,code,9,10,1,32,domain_oracle,1137,8,0.7911169744942832,0.41424802110817943,4.0,5.056142301278488,0.0,1.0
prefill,code,9,10,1,32,previous_window,1137,8,0.7701187335092349,0.3579595426561126,4.0,5.194004282655246,0.0010453345070422534,0.9983306237256769
prefill,code,9,10,1,32,static,1137,8,0.7491204925241864,0.2647317502198769,4.0,5.339594951570296,0.0,1.0
prefill,code,9,10,1,32,transition,1137,8,0.9824098504837291,0.8768689533861038,4.0,4.071620411817368,0.26026078345070425,0.6116982101430788
prefill,code,9,11,2,8,domain_oracle,1137,8,0.4794415127528584,0.0,1.0,2.0857601467553315,0.0,1.0
prefill,code,9,11,2,8,previous_window,1137,8,0.47020668425681617,0.0,1.0,2.126724339490297,0.0011003521126760564,0.9982394366197183
prefill,code,9,11,2,8,static,1137,8,0.43227792436235707,0.0,1.0,2.313326551373347,0.0,1.0
prefill,code,9,11,2,8,transition,1137,8,0.7153693931398417,0.05452946350043975,1.0,1.3978792070078376,0.3467209507042254,0.5560777055495388
prefill,code,9,11,2,16,domain_oracle,1137,8,0.6787598944591029,0.20316622691292877,2.0,2.946550048590865,0.0,1.0
prefill,code,9,11,2,16,previous_window,1137,8,0.6643579595426561,0.11169744942832015,2.0,3.0104252854542444,0.0007702464788732394,0.9987103736972922
prefill,code,9,11,2,16,static,1137,8,0.6083992963940194,0.06244503078276165,2.0,3.2873147813516446,0.0,1.0
prefill,code,9,11,2,16,transition,1137,8,0.9090809146877749,0.5532102022867195,2.0,2.20002418672149,0.32713468309859156,0.5479991194855351
prefill,code,9,11,2,32,domain_oracle,1137,8,0.8713720316622692,0.4916446789797713,4.0,4.590461771385314,0.0,1.0
prefill,code,9,11,2,32,previous_window,1137,8,0.8474054529463501,0.4766930518909411,4.0,4.720290607161391,0.0008252640845070422,0.9986491872096196
prefill,code,9,11,2,32,static,1137,8,0.8297053649956024,0.3491644678979771,4.0,4.820988472240625,0.0,1.0
prefill,code,9,11,2,32,transition,1137,8,0.9821899736147758,0.8883025505716798,4.0,4.0725319006044325,0.24471830985915494,0.6282330212376697
prefill,code,9,12,3,8,domain_oracle,1137,8,0.45668425681618297,0.0,1.0,2.1896966779008187,0.0,1.0
prefill,code,9,12,3,8,previous_window,1137,8,0.44964819700967457,0.0,1.0,2.223960880195599,0.0012103873239436619,0.9981398491961871
prefill,code,9,12,3,8,static,1137,8,0.3999560246262093,0.0,1.0,2.5002748763056624,0.0,1.0
prefill,code,9,12,3,8,transition,1137,8,0.6817282321899736,0.02990325417766051,1.0,1.466860183841316,0.36454665492957744,0.5246580493059398
prefill,code,9,12,3,16,domain_oracle,1137,8,0.695910290237467,0.24802110817941952,2.0,2.8739336492890994,0.0,1.0
prefill,code,9,12,3,16,previous_window,1137,8,0.6937115215479331,0.19876868953386104,2.0,2.8830427892234547,0.0002750880281690141,0.9994821872410937
prefill,code,9,12,3,16,static,1137,8,0.6182937554969217,0.15743183817062445,2.0,3.2347083926031295,0.0,1.0
prefill,code,9,12,3,16,transition,1137,8,0.8684036939313984,0.44327176781002636,2.0,2.3030763387770605,0.3058428697183099,0.5794091383089481
prefill,code,9,12,3,32,domain_oracle,1137,8,0.8696130167106421,0.5285839929639402,4.0,4.599747155499368,0.0,1.0
prefill,code,9,12,3,32,previous_window,1137,8,0.8547713280562885,0.4916446789797713,4.0,4.679614147909968,0.0008802816901408451,0.9985380074149536
prefill,code,9,12,3,32,static,1137,8,0.8344327176781002,0.4608619173262973,4.0,4.793675889328063,0.0,1.0
prefill,code,9,12,3,32,transition,1137,8,0.9680079155672823,0.8337730870712401,4.0,4.132197614991482,0.2422150088028169,0.6277480949340192
prefill,code,10,11,1,8,domain_oracle,1137,8,0.4794415127528584,0.0,1.0,2.0857601467553315,0.0,1.0
prefill,code,10,11,1,8,previous_window,1137,8,0.47020668425681617,0.0,1.0,2.126724339490297,0.0011003521126760564,0.9982394366197183
prefill,code,10,11,1,8,static,1137,8,0.43227792436235707,0.0,1.0,2.313326551373347,0.0,1.0
prefill,code,10,11,1,8,transition,1137,8,0.7176781002638523,0.05013192612137203,1.0,1.3933823529411764,0.3851232394366197,0.5177456541893188
prefill,code,10,11,1,16,domain_oracle,1137,8,0.6787598944591029,0.20316622691292877,2.0,2.946550048590865,0.0,1.0
prefill,code,10,11,1,16,previous_window,1137,8,0.6643579595426561,0.11169744942832015,2.0,3.0104252854542444,0.0007702464788732394,0.9987103736972922
prefill,code,10,11,1,16,static,1137,8,0.6083992963940194,0.06244503078276165,2.0,3.2873147813516446,0.0,1.0
prefill,code,10,11,1,16,transition,1137,8,0.9231530343007915,0.6059806508355321,2.0,2.1664880314398,0.3572293133802817,0.5150195153206567
prefill,code,10,11,1,32,domain_oracle,1137,8,0.8713720316622692,0.4916446789797713,4.0,4.590461771385314,0.0,1.0
prefill,code,10,11,1,32,previous_window,1137,8,0.8474054529463501,0.4766930518909411,4.0,4.720290607161391,0.0008252640845070422,0.9986491872096196
prefill,code,10,11,1,32,static,1137,8,0.8297053649956024,0.3491644678979771,4.0,4.820988472240625,0.0,1.0
prefill,code,10,11,1,32,transition,1137,8,0.9858179419525066,0.911169744942832,4.0,4.057544329207093,0.26424955985915494,0.6073490372117349
prefill,code,10,12,2,8,domain_oracle,1137,8,0.45668425681618297,0.0,1.0,2.1896966779008187,0.0,1.0
prefill,code,10,12,2,8,previous_window,1137,8,0.44964819700967457,0.0,1.0,2.223960880195599,0.0012103873239436619,0.9981398491961871
prefill,code,10,12,2,8,static,1137,8,0.3999560246262093,0.0,1.0,2.5002748763056624,0.0,1.0
prefill,code,10,12,2,8,transition,1137,8,0.6888742304309586,0.03869832893579595,1.0,1.4516437918927545,0.39590669014084506,0.49584206872939496
prefill,code,10,12,2,16,domain_oracle,1137,8,0.695910290237467,0.24802110817941952,2.0,2.8739336492890994,0.0,1.0
prefill,code,10,12,2,16,previous_window,1137,8,0.6937115215479331,0.19876868953386104,2.0,2.8830427892234547,0.0002750880281690141,0.9994821872410937
prefill,code,10,12,2,16,static,1137,8,0.6182937554969217,0.15743183817062445,2.0,3.2347083926031295,0.0,1.0
prefill,code,10,12,2,16,transition,1137,8,0.8967678100263852,0.5048372911169745,2.0,2.2302317028319236,0.34683098591549294,0.5312369661131796
prefill,code,10,12,2,32,domain_oracle,1137,8,0.8696130167106421,0.5285839929639402,4.0,4.599747155499368,0.0,1.0
prefill,code,10,12,2,32,previous_window,1137,8,0.8547713280562885,0.4916446789797713,4.0,4.679614147909968,0.0008802816901408451,0.9985380074149536
prefill,code,10,12,2,32,static,1137,8,0.8344327176781002,0.4608619173262973,4.0,4.793675889328063,0.0,1.0
prefill,code,10,12,2,32,transition,1137,8,0.9784520668425681,0.8812664907651715,4.0,4.088089887640449,0.2581976232394366,0.6115695907273558
prefill,code,10,13,3,8,domain_oracle,1137,8,0.5490325417766051,0.0043975373790677225,1.0,1.8213856627953544,0.0,1.0
prefill,code,10,13,3,8,previous_window,1137,8,0.5478232189973615,0.0008795074758135445,1.0,1.8254063816977724,0.00022007042253521127,0.9996087636932708
prefill,code,10,13,3,8,static,1137,8,0.4826297273526825,0.0,1.0,2.0719817767653756,0.0,1.0
prefill,code,10,13,3,8,transition,1137,8,0.6549032541776605,0.018469656992084433,1.0,1.5269430921604834,0.3951364436619718,0.506220207804717
prefill,code,10,13,3,16,domain_oracle,1137,8,0.7224054529463501,0.148636763412489,2.0,2.768528382285801,0.0,1.0
prefill,code,10,13,3,16,previous_window,1137,8,0.7077836411609498,0.11345646437994723,2.0,2.825722273998136,0.0008802816901408451,0.998544189111276
prefill,code,10,13,3,16,static,1137,8,0.6885444151275286,0.08970976253298153,2.0,2.9046782692000637,0.0,1.0
prefill,code,10,13,3,16,transition,1137,8,0.8813764291996482,0.43447669305189096,2.0,2.2691779967568917,0.3379181338028169,0.5298539645890314
prefill,code,10,13,3,32,domain_oracle,1137,8,0.887203166226913,0.5795954265611257,4.0,4.508550185873606,0.0,1.0
prefill,code,10,13,3,32,previous_window,1137,8,0.8722515391380826,0.5101143359718557,4.0,4.585833123266952,0.0008802816901408451,0.9985459507756964
prefill,code,10,13,3,32,static,1137,8,0.8323438874230431,0.35883905013192613,4.0,4.805705983357549,0.0,1.0
prefill,code,10,13,3,32,transition,1137,8,0.9769129287598944,0.8847845206684257,4.0,4.094530722484808,0.24922975352112675,0.6209469558997411
prefill,code,11,12,1,8,domain_oracle,1137,8,0.45668425681618297,0.0,1.0,2.1896966779008187,0.0,1.0
prefill,code,11,12,1,8,previous_window,1137,8,0.44964819700967457,0.0,1.0,2.223960880195599,0.0012103873239436619,0.9981398491961871
prefill,code,11,12,1,8,static,1137,8,0.3999560246262093,0.0,1.0,2.5002748763056624,0.0,1.0
prefill,code,11,12,1,8,transition,1137,8,0.713830255057168,0.04397537379067722,1.0,1.4008932696750347,0.35112235915492956,0.5435877698201673
prefill,code,11,12,1,16,domain_oracle,1137,8,0.695910290237467,0.24802110817941952,2.0,2.8739336492890994,0.0,1.0
prefill,code,11,12,1,16,previous_window,1137,8,0.6937115215479331,0.19876868953386104,2.0,2.8830427892234547,0.0002750880281690141,0.9994821872410937
prefill,code,11,12,1,16,static,1137,8,0.6182937554969217,0.15743183817062445,2.0,3.2347083926031295,0.0,1.0
prefill,code,11,12,1,16,transition,1137,8,0.8905013192612137,0.5118733509234829,2.0,2.245925925925926,0.28433098591549294,0.5937716438134525
prefill,code,11,12,1,32,domain_oracle,1137,8,0.8696130167106421,0.5285839929639402,4.0,4.599747155499368,0.0,1.0
prefill,code,11,12,1,32,previous_window,1137,8,0.8547713280562885,0.4916446789797713,4.0,4.679614147909968,0.0008802816901408451,0.9985380074149536
prefill,code,11,12,1,32,static,1137,8,0.8344327176781002,0.4608619173262973,4.0,4.793675889328063,0.0,1.0
prefill,code,11,12,1,32,transition,1137,8,0.9741644678979772,0.8408091468777484,4.0,4.106082834894481,0.20227222711267606,0.6779235393624976
prefill,code,11,13,2,8,domain_oracle,1137,8,0.5490325417766051,0.0043975373790677225,1.0,1.8213856627953544,0.0,1.0
prefill,code,11,13,2,8,previous_window,1137,8,0.5478232189973615,0.0008795074758135445,1.0,1.8254063816977724,0.00022007042253521127,0.9996087636932708
prefill,code,11,13,2,8,static,1137,8,0.4826297273526825,0.0,1.0,2.0719817767653756,0.0,1.0
prefill,code,11,13,2,8,transition,1137,8,0.7010773966578716,0.024626209322779244,1.0,1.4263760388897602,0.296875,0.5991614606051289
prefill,code,11,13,2,16,domain_oracle,1137,8,0.7224054529463501,0.148636763412489,2.0,2.768528382285801,0.0,1.0
prefill,code,11,13,2,16,previous_window,1137,8,0.7077836411609498,0.11345646437994723,2.0,2.825722273998136,0.0008802816901408451,0.998544189111276
prefill,code,11,13,2,16,static,1137,8,0.6885444151275286,0.08970976253298153,2.0,2.9046782692000637,0.0,1.0
prefill,code,11,13,2,16,transition,1137,8,0.8954485488126649,0.4995602462620932,2.0,2.2335174953959482,0.2605633802816901,0.610668550761804
prefill,code,11,13,2,32,domain_oracle,1137,8,0.887203166226913,0.5795954265611257,4.0,4.508550185873606,0.0,1.0
prefill,code,11,13,2,32,previous_window,1137,8,0.8722515391380826,0.5101143359718557,4.0,4.585833123266952,0.0008802816901408451,0.9985459507756964
prefill,code,11,13,2,32,static,1137,8,0.8323438874230431,0.35883905013192613,4.0,4.805705983357549,0.0,1.0
prefill,code,11,13,2,32,transition,1137,8,0.980321020228672,0.8874230430958663,4.0,4.080296063698554,0.20667363556338028,0.6734000602572977
prefill,code,11,14,3,8,domain_oracle,1137,8,0.47119613016710643,0.009674582233948988,1.0,2.1222585160989267,0.0,1.0
prefill,code,11,14,3,8,previous_window,1137,8,0.46866754617414247,0.002638522427440633,1.0,2.1337086558761436,0.0008802816901408451,0.9985808792146821
prefill,code,11,14,3,8,static,1137,8,0.46580914687774844,0.0,1.0,2.1468019825348126,0.0,1.0
prefill,code,11,14,3,8,transition,1137,8,0.6976693051890941,0.028144239226033423,1.0,1.4333438386385124,0.3633362676056338,0.5236973707044152
prefill,code,11,14,3,16,domain_oracle,1137,8,0.6909630606860159,0.1759014951627089,2.0,2.894510739856802,0.0,1.0
prefill,code,11,14,3,16,previous_window,1137,8,0.679089709762533,0.15391380826737028,2.0,2.945118989800874,0.0004951584507042253,0.999192212096106
prefill,code,11,14,3,16,static,1137,8,0.580584872471416,0.05716798592788039,2.0,3.4448021208104525,0.0,1.0
prefill,code,11,14,3,16,transition,1137,8,0.8852242744063324,0.484608619173263,2.0,2.2593144560357676,0.3219080105633803,0.5545420715288222
prefill,code,11,14,3,32,domain_oracle,1137,8,0.8768689533861038,0.45822339489885666,4.0,4.561685055165497,0.0,1.0
prefill,code,11,14,3,32,previous_window,1137,8,0.8591688654353562,0.4335971855760774,4.0,4.655662188099808,0.0007702464788732394,0.9987011997946021
prefill,code,11,14,3,32,static,1137,8,0.8051890941072999,0.3403693931398417,4.0,4.967777170944839,0.0,1.0
prefill,code,11,14,3,32,transition,1137,8,0.9683377308707124,0.810905892700088,4.0,4.130790190735695,0.22964348591549297,0.6438350253854808
prefill,code,12,13,1,8,domain_oracle,1137,8,0.5490325417766051,0.0043975373790677225,1.0,1.8213856627953544,0.0,1.0
prefill,code,12,13,1,8,previous_window,1137,8,0.5478232189973615,0.0008795074758135445,1.0,1.8254063816977724,0.00022007042253521127,0.9996087636932708
prefill,code,12,13,1,8,static,1137,8,0.4826297273526825,0.0,1.0,2.0719817767653756,0.0,1.0
prefill,code,12,13,1,8,transition,1137,8,0.7109718557607739,0.028144239226033423,1.0,1.406525436833153,0.3287852112676056,0.5653128170733859
prefill,code,12,13,1,16,domain_oracle,1137,8,0.7224054529463501,0.148636763412489,2.0,2.768528382285801,0.0,1.0
prefill,code,12,13,1,16,previous_window,1137,8,0.7077836411609498,0.11345646437994723,2.0,2.825722273998136,0.0008802816901408451,0.998544189111276
prefill,code,12,13,1,16,static,1137,8,0.6885444151275286,0.08970976253298153,2.0,2.9046782692000637,0.0,1.0
prefill,code,12,13,1,16,transition,1137,8,0.9084212840809147,0.523306948109059,2.0,2.201621687038606,0.2683208626760563,0.6082149860207359
prefill,code,12,13,1,32,domain_oracle,1137,8,0.887203166226913,0.5795954265611257,4.0,4.508550185873606,0.0,1.0
prefill,code,12,13,1,32,previous_window,1137,8,0.8722515391380826,0.5101143359718557,4.0,4.585833123266952,0.0008802816901408451,0.9985459507756964
prefill,code,12,13,1,32,static,1137,8,0.8323438874230431,0.35883905013192613,4.0,4.805705983357549,0.0,1.0
prefill,code,12,13,1,32,transition,1137,8,0.9828496042216359,0.909410729991205,4.0,4.06979865771812,0.20964458626760563,0.6689679562366203
prefill,code,12,14,2,8,domain_oracle,1137,8,0.47119613016710643,0.009674582233948988,1.0,2.1222585160989267,0.0,1.0
prefill,code,12,14,2,8,previous_window,1137,8,0.46866754617414247,0.002638522427440633,1.0,2.1337086558761436,0.0008802816901408451,0.9985808792146821
prefill,code,12,14,2,8,static,1137,8,0.46580914687774844,0.0,1.0,2.1468019825348126,0.0,1.0
prefill,code,12,14,2,8,transition,1137,8,0.704155672823219,0.02990325417766051,1.0,1.4201405152224824,0.3930457746478873,0.4940033362568599
prefill,code,12,14,2,16,domain_oracle,1137,8,0.6909630606860159,0.1759014951627089,2.0,2.894510739856802,0.0,1.0
prefill,code,12,14,2,16,previous_window,1137,8,0.679089709762533,0.15391380826737028,2.0,2.945118989800874,0.0004951584507042253,0.999192212096106
prefill,code,12,14,2,16,static,1137,8,0.580584872471416,0.05716798592788039,2.0,3.4448021208104525,0.0,1.0
prefill,code,12,14,2,16,transition,1137,8,0.9046833773087071,0.5294635004397538,2.0,2.210718191760846,0.3142055457746479,0.5686933422452785
prefill,code,12,14,2,32,domain_oracle,1137,8,0.8768689533861038,0.45822339489885666,4.0,4.561685055165497,0.0,1.0
prefill,code,12,14,2,32,previous_window,1137,8,0.8591688654353562,0.4335971855760774,4.0,4.655662188099808,0.0007702464788732394,0.9987011997946021
prefill,code,12,14,2,32,static,1137,8,0.8051890941072999,0.3403693931398417,4.0,4.967777170944839,0.0,1.0
prefill,code,12,14,2,32,transition,1137,8,0.9774626209322779,0.8548812664907651,4.0,4.092228095827241,0.24543353873239437,0.621737480353287
prefill,code,12,15,3,8,domain_oracle,1137,8,0.4890061565523307,0.0,1.0,2.0449640287769784,0.0,1.0
prefill,code,12,15,3,8,previous_window,1137,8,0.48328935795954264,0.003518029903254178,1.0,2.0691537761601455,0.0008802816901408451,0.9985808792146821
prefill,code,12,15,3,8,static,1137,8,0.45118733509234826,0.0,1.0,2.216374269005848,0.0,1.0
prefill,code,12,15,3,8,transition,1137,8,0.6590809146877749,0.06948109058927,1.0,1.5172643869891576,0.33274647887323944,0.550919034017629
prefill,code,12,15,3,16,domain_oracle,1137,8,0.6818381706244503,0.22955145118733508,2.0,2.9332473395678815,0.0,1.0
prefill,code,12,15,3,16,previous_window,1137,8,0.6687554969217239,0.1882145998240985,2.0,2.990629623541016,0.0007152288732394366,0.9988221728028994
prefill,code,12,15,3,16,static,1137,8,0.5926781002638523,0.06244503078276165,2.0,3.374513077351141,0.0,1.0
prefill,code,12,15,3,16,transition,1137,8,0.8601583113456465,0.3887423043095866,2.0,2.3251533742331287,0.2711267605633803,0.6204403365976319
prefill,code,12,15,3,32,domain_oracle,1137,8,0.8762093227792436,0.5074758135444152,4.0,4.565119196988707,0.0,1.0
prefill,code,12,15,3,32,previous_window,1137,8,0.864995602462621,0.46701846965699206,4.0,4.624300965937977,0.0006877200704225352,0.9988262231961269
prefill,code,12,15,3,32,static,1137,8,0.7900175901495162,0.2928759894459103,4.0,5.063178402449207,0.0,1.0
prefill,code,12,15,3,32,transition,1137,8,0.9720756376429199,0.8443271767810027,4.0,4.114906129834879,0.22158340669014084,0.6526723955536713
prefill,code,13,14,1,8,domain_oracle,1137,8,0.47119613016710643,0.009674582233948988,1.0,2.1222585160989267,0.0,1.0
prefill,code,13,14,1,8,previous_window,1137,8,0.46866754617414247,0.002638522427440633,1.0,2.1337086558761436,0.0008802816901408451,0.9985808792146821
prefill,code,13,14,1,8,static,1137,8,0.46580914687774844,0.0,1.0,2.1468019825348126,0.0,1.0
prefill,code,13,14,1,8,transition,1137,8,0.6887642919964819,0.008795074758135445,1.0,1.451875498802873,0.3669674295774648,0.5134231183526974
prefill,code,13,14,1,16,domain_oracle,1137,8,0.6909630606860159,0.1759014951627089,2.0,2.894510739856802,0.0,1.0
prefill,code,13,14,1,16,previous_window,1137,8,0.679089709762533,0.15391380826737028,2.0,2.945118989800874,0.0004951584507042253,0.999192212096106
prefill,code,13,14,1,16,static,1137,8,0.580584872471416,0.05716798592788039,2.0,3.4448021208104525,0.0,1.0
prefill,code,13,14,1,16,transition,1137,8,0.8759894459102903,0.43535620052770446,2.0,2.283132530120482,0.28075484154929575,0.6039858205487061
prefill,code,13,14,1,32,domain_oracle,1137,8,0.8768689533861038,0.45822339489885666,4.0,4.561685055165497,0.0,1.0
prefill,code,13,14,1,32,previous_window,1137,8,0.8591688654353562,0.4335971855760774,4.0,4.655662188099808,0.0007702464788732394,0.9987011997946021
prefill,code,13,14,1,32,static,1137,8,0.8051890941072999,0.3403693931398417,4.0,4.967777170944839,0.0,1.0
prefill,code,13,14,1,32,transition,1137,8,0.9659190853122251,0.7941952506596306,4.0,4.14113362167084,0.22394916373239437,0.6483447329353628
prefill,code,13,15,2,8,domain_oracle,1137,8,0.4890061565523307,0.0,1.0,2.0449640287769784,0.0,1.0
prefill,code,13,15,2,8,previous_window,1137,8,0.48328935795954264,0.003518029903254178,1.0,2.0691537761601455,0.0008802816901408451,0.9985808792146821
prefill,code,13,15,2,8,static,1137,8,0.45118733509234826,0.0,1.0,2.216374269005848,0.0,1.0
prefill,code,13,15,2,8,transition,1137,8,0.6506156552330695,0.04925241864555849,1.0,1.5370057451841839,0.3202024647887324,0.5607633563619524
prefill,code,13,15,2,16,domain_oracle,1137,8,0.6818381706244503,0.22955145118733508,2.0,2.9332473395678815,0.0,1.0
prefill,code,13,15,2,16,previous_window,1137,8,0.6687554969217239,0.1882145998240985,2.0,2.990629623541016,0.0007152288732394366,0.9988221728028994
prefill,code,13,15,2,16,static,1137,8,0.5926781002638523,0.06244503078276165,2.0,3.374513077351141,0.0,1.0
prefill,code,13,15,2,16,transition,1137,8,0.855650835532102,0.38698328935795956,2.0,2.3374020300655274,0.2521456866197183,0.6347099859845049
prefill,code,13,15,2,32,domain_oracle,1137,8,0.8762093227792436,0.5074758135444152,4.0,4.565119196988707,0.0,1.0
prefill,code,13,15,2,32,previous_window,1137,8,0.864995602462621,0.46701846965699206,4.0,4.624300965937977,0.0006877200704225352,0.9988262231961269
prefill,code,13,15,2,32,static,1137,8,0.7900175901495162,0.2928759894459103,4.0,5.063178402449207,0.0,1.0
prefill,code,13,15,2,32,transition,1137,8,0.9697669305189094,0.8170624450307827,4.0,4.124702414692211,0.2109650088028169,0.6660661417402989
prefill,code,14,15,1,8,domain_oracle,1137,8,0.4890061565523307,0.0,1.0,2.0449640287769784,0.0,1.0
prefill,code,14,15,1,8,previous_window,1137,8,0.48328935795954264,0.003518029903254178,1.0,2.0691537761601455,0.0008802816901408451,0.9985808792146821
prefill,code,14,15,1,8,static,1137,8,0.45118733509234826,0.0,1.0,2.216374269005848,0.0,1.0
prefill,code,14,15,1,8,transition,1137,8,0.7020668425681619,0.08091468777484609,1.0,1.4243658001879111,0.3735695422535211,0.5027360745670619
prefill,code,14,15,1,16,domain_oracle,1137,8,0.6818381706244503,0.22955145118733508,2.0,2.9332473395678815,0.0,1.0
prefill,code,14,15,1,16,previous_window,1137,8,0.6687554969217239,0.1882145998240985,2.0,2.990629623541016,0.0007152288732394366,0.9988221728028994
prefill,code,14,15,1,16,static,1137,8,0.5926781002638523,0.06244503078276165,2.0,3.374513077351141,0.0,1.0
prefill,code,14,15,1,16,transition,1137,8,0.8868733509234829,0.46437994722955145,2.0,2.25511342506508,0.2849361795774648,0.591910615416673
prefill,code,14,15,1,32,domain_oracle,1137,8,0.8762093227792436,0.5074758135444152,4.0,4.565119196988707,0.0,1.0
prefill,code,14,15,1,32,previous_window,1137,8,0.864995602462621,0.46701846965699206,4.0,4.624300965937977,0.0006877200704225352,0.9988262231961269
prefill,code,14,15,1,32,static,1137,8,0.7900175901495162,0.2928759894459103,4.0,5.063178402449207,0.0,1.0
prefill,code,14,15,1,32,transition,1137,8,0.9772427440633246,0.8487247141600703,4.0,4.093148835639554,0.22166593309859156,0.6509265431241453
prefill,conversation,0,1,1,8,domain_oracle,525,8,0.20023809523809524,0.0,1.0,4.9940546967895365,0.0,1.0
prefill,conversation,0,1,1,8,previous_window,525,8,0.19142857142857142,0.0,1.0,5.223880597014926,0.0021469465648854963,0.9972597377177529
prefill,conversation,0,1,1,8,static,525,8,0.20095238095238097,0.0,1.0,4.976303317535545,0.0,1.0
prefill,conversation,0,1,1,8,transition,525,8,0.3419047619047619,0.0,1.0,2.9247910863509747,0.3389790076335878,0.5107107481153285
prefill,conversation,0,1,1,16,domain_oracle,525,8,0.35,0.0,2.0,5.714285714285714,0.0,1.0
prefill,conversation,0,1,1,16,previous_window,525,8,0.3530952380952381,0.0,2.0,5.664194200944032,0.0015505725190839694,0.9978189749182116
prefill,conversation,0,1,1,16,static,525,8,0.3585714285714286,0.0,2.0,5.577689243027889,0.0,1.0
prefill,conversation,0,1,1,16,transition,525,8,0.5869047619047619,0.0838095238095238,2.0,3.4077079107505073,0.36283396946564883,0.4823383412312503
prefill,conversation,0,1,1,32,domain_oracle,525,8,0.6588095238095238,0.06857142857142857,4.0,6.071557643657391,0.0,1.0
prefill,conversation,0,1,1,32,previous_window,525,8,0.6504761904761904,0.05904761904761905,4.0,6.149341142020498,0.0007752862595419847,0.998712282762102
prefill,conversation,0,1,1,32,static,525,8,0.6478571428571429,0.08952380952380952,4.0,6.1742006615215,0.0,1.0
prefill,conversation,0,1,1,32,transition,525,8,0.8023809523809524,0.2914285714285714,4.0,4.985163204747774,0.23455391221374045,0.6263941240213723
prefill,conversation,0,2,2,8,domain_oracle,525,8,0.16642857142857143,0.0,1.0,6.008583690987124,0.0,1.0
prefill,conversation,0,2,2,8,previous_window,525,8,0.15166666666666667,0.0,1.0,6.593406593406593,0.0026240458015267176,0.9969465648854964
prefill,conversation,0,2,2,8,static,525,8,0.1661904761904762,0.0,1.0,6.017191977077364,0.0,1.0
prefill,conversation,0,2,2,8,transition,525,8,0.2619047619047619,0.0,1.0,3.8181818181818183,0.3401717557251908,0.5208001498077827
prefill,conversation,0,2,2,16,domain_oracle,525,8,0.31523809523809526,0.0,2.0,6.3444108761329305,0.0,1.0
prefill,conversation,0,2,2,16,previous_window,525,8,0.30142857142857143,0.0,2.0,6.6350710900473935,0.0022662213740458014,0.9971579565472696
prefill,conversation,0,2,2,16,static,525,8,0.30833333333333335,0.02095238095238095,2.0,6.486486486486487,0.0,1.0
prefill,conversation,0,2,2,16,transition,525,8,0.45,0.06857142857142857,2.0,4.444444444444445,0.2885257633587786,0.5693007281772564
prefill,conversation,0,2,2,32,domain_oracle,525,8,0.6135714285714285,0.07428571428571429,4.0,6.5192083818393485,0.0,1.0
prefill,conversation,0,2,2,32,previous_window,525,8,0.6076190476190476,0.04,4.0,6.58307210031348,0.0010138358778625954,0.9983988084155653
prefill,conversation,0,2,2,32,static,525,8,0.565952380952381,0.07238095238095238,4.0,7.0677324358435,0.0,1.0
prefill,conversation,0,2,2,32,transition,525,8,0.7219047619047619,0.18857142857142858,4.0,5.54089709762533,0.2163645038167939,0.6529877852067264
prefill,conversation,0,3,3,8,domain_oracle,525,8,0.23952380952380953,0.0,1.0,4.174950298210735,0.0,1.0
prefill,conversation,0,3,3,8,previous_window,525,8,0.20523809523809525,0.0,1.0,4.872389791183295,0.0021469465648854963,0.9972597377177529
prefill,conversation,0,3,3,8,static,525,8,0.19857142857142857,0.0,1.0,5.0359712230215825,0.0,1.0
prefill,conversation,0,3,3,8,transition,525,8,0.3223809523809524,0.0,1.0,3.1019202363367797,0.35424618320610685,0.5055381429427226
prefill,conversation,0,3,3,16,domain_oracle,525,8,0.3626190476190476,0.0,2.0,5.51543007222587,0.0,1.0
prefill,conversation,0,3,3,16,previous_window,525,8,0.3578571428571429,0.0,2.0,5.588822355289421,0.0016698473282442748,0.9976867915799212
prefill,conversation,0,3,3,16,static,525,8,0.3476190476190476,0.0,2.0,5.7534246575342465,0.0,1.0
prefill,conversation,0,3,3,16,transition,525,8,0.5576190476190476,0.07047619047619047,2.0,3.5866780529462,0.3198950381679389,0.533851108098409
prefill,conversation,0,3,3,32,domain_oracle,525,8,0.6611904761904762,0.12761904761904763,4.0,6.049693914296003,0.0,1.0
prefill,conversation,0,3,3,32,previous_window,525,8,0.6397619047619048,0.08761904761904762,4.0,6.252326014142166,0.0009541984732824427,0.9984771016236291
prefill,conversation,0,3,3,32,static,525,8,0.6607142857142857,0.12,4.0,6.054054054054054,0.0,1.0
prefill,conversation,0,3,3,32,transition,525,8,0.8092857142857143,0.3028571428571429,4.0,4.942630185348632,0.20127624045801526,0.674425893790435
prefill,conversation,1,2,1,8,domain_oracle,525,8,0.16642857142857143,0.0,1.0,6.008583690987124,0.0,1.0
prefill,conversation,1,2,1,8,previous_window,525,8,0.15166666666666667,0.0,1.0,6.593406593406593,0.0026240458015267176,0.9969465648854964
prefill,conversation,1,2,1,8,static,525,8,0.1661904761904762,0.0,1.0,6.017191977077364,0.0,1.0
prefill,conversation,1,2,1,8,transition,525,8,0.3419047619047619,0.0,1.0,2.9247910863509747,0.42700381679389315,0.42926420483672373
prefill,conversation,1,2,1,16,domain_oracle,525,8,0.31523809523809526,0.0,2.0,6.3444108761329305,0.0,1.0
prefill,conversation,1,2,1,16,previous_window,525,8,0.30142857142857143,0.0,2.0,6.6350710900473935,0.0022662213740458014,0.9971579565472696
prefill,conversation,1,2,1,16,static,525,8,0.30833333333333335,0.02095238095238095,2.0,6.486486486486487,0.0,1.0
prefill,conversation,1,2,1,16,transition,525,8,0.5445238095238095,0.0761904761904762,2.0,3.6729339746392653,0.3662929389312977,0.48254390128050634
prefill,conversation,1,2,1,32,domain_oracle,525,8,0.6135714285714285,0.07428571428571429,4.0,6.5192083818393485,0.0,1.0
prefill,conversation,1,2,1,32,previous_window,525,8,0.6076190476190476,0.04,4.0,6.58307210031348,0.0010138358778625954,0.9983988084155653
prefill,conversation,1,2,1,32,static,525,8,0.565952380952381,0.07238095238095238,4.0,7.0677324358435,0.0,1.0
prefill,conversation,1,2,1,32,transition,525,8,0.8176190476190476,0.2780952380952381,4.0,4.892253931275481,0.24159112595419846,0.6175695676080012
prefill,conversation,1,3,2,8,domain_oracle,525,8,0.23952380952380953,0.0,1.0,4.174950298210735,0.0,1.0
prefill,conversation,1,3,2,8,previous_window,525,8,0.20523809523809525,0.0,1.0,4.872389791183295,0.0021469465648854963,0.9972597377177529
prefill,conversation,1,3,2,8,static,525,8,0.19857142857142857,0.0,1.0,5.0359712230215825,0.0,1.0
prefill,conversation,1,3,2,8,transition,525,8,0.4116666666666667,0.0,1.0,2.42914979757085,0.4303435114503817,0.42328841641818754
prefill,conversation,1,3,2,16,domain_oracle,525,8,0.3626190476190476,0.0,2.0,5.51543007222587,0.0,1.0
prefill,conversation,1,3,2,16,previous_window,525,8,0.3578571428571429,0.0,2.0,5.588822355289421,0.0016698473282442748,0.9976867915799212
prefill,conversation,1,3,2,16,static,525,8,0.3476190476190476,0.0,2.0,5.7534246575342465,0.0,1.0
prefill,conversation,1,3,2,16,transition,525,8,0.6542857142857142,0.08761904761904762,2.0,3.056768558951965,0.34553912213740456,0.5004111093603787
prefill,conversation,1,3,2,32,domain_oracle,525,8,0.6611904761904762,0.12761904761904763,4.0,6.049693914296003,0.0,1.0
prefill,conversation,1,3,2,32,previous_window,525,8,0.6397619047619048,0.08761904761904762,4.0,6.252326014142166,0.0009541984732824427,0.9984771016236291
prefill,conversation,1,3,2,32,static,525,8,0.6607142857142857,0.12,4.0,6.054054054054054,0.0,1.0
prefill,conversation,1,3,2,32,transition,525,8,0.8447619047619047,0.37523809523809526,4.0,4.735062006764374,0.20234971374045801,0.6701509171735058
prefill,conversation,1,4,3,8,domain_oracle,525,8,0.17261904761904762,0.0,1.0,5.793103448275862,0.0,1.0
prefill,conversation,1,4,3,8,previous_window,525,8,0.17642857142857143,0.0,1.0,5.668016194331984,0.0028625954198473282,0.9967284623773173
prefill,conversation,1,4,3,8,static,525,8,0.16285714285714287,0.0,1.0,6.140350877192983,0.0,1.0
prefill,conversation,1,4,3,8,transition,525,8,0.35285714285714287,0.0,1.0,2.834008097165992,0.3931297709923664,0.4566193772300647
prefill,conversation,1,4,3,16,domain_oracle,525,8,0.3433333333333333,0.0,2.0,5.825242718446602,0.0,1.0
prefill,conversation,1,4,3,16,previous_window,525,8,0.3464285714285714,0.0,2.0,5.77319587628866,0.0021469465648854963,0.9972597377177529
prefill,conversation,1,4,3,16,static,525,8,0.30095238095238097,0.0,2.0,6.6455696202531644,0.0,1.0
prefill,conversation,1,4,3,16,transition,525,8,0.5678571428571428,0.04,2.0,3.5220125786163523,0.31059160305343514,0.5380228354428274
prefill,conversation,1,4,3,32,domain_oracle,525,8,0.6090476190476191,0.12761904761904763,4.0,6.5676309616888195,0.0,1.0
prefill,conversation,1,4,3,32,previous_window,525,8,0.6061904761904762,0.0838095238095238,4.0,6.598586017282011,0.001252385496183206,0.998114850413803
prefill,conversation,1,4,3,32,static,525,8,0.5861904761904762,0.09333333333333334,4.0,6.823720552396425,0.0,1.0
prefill,conversation,1,4,3,32,transition,525,8,0.7888095238095238,0.2361904761904762,4.0,5.070932689405373,0.18183444656488548,0.6988987873057285
prefill,conversation,2,3,1,8,domain_oracle,525,8,0.23952380952380953,0.0,1.0,4.174950298210735,0.0,1.0
prefill,conversation,2,3,1,8,previous_window,525,8,0.20523809523809525,0.0,1.0,4.872389791183295,0.0021469465648854963,0.9972597377177529
prefill,conversation,2,3,1,8,static,525,8,0.19857142857142857,0.0,1.0,5.0359712230215825,0.0,1.0
prefill,conversation,2,3,1,8,transition,525,8,0.5,0.0,1.0,2.0,0.4854484732824427,0.3904847061335602
prefill,conversation,2,3,1,16,domain_oracle,525,8,0.3626190476190476,0.0,2.0,5.51543007222587,0.0,1.0
prefill,conversation,2,3,1,16,previous_window,525,8,0.3578571428571429,0.0,2.0,5.588822355289421,0.0016698473282442748,0.9976867915799212
prefill,conversation,2,3,1,16,static,525,8,0.3476190476190476,0.0,2.0,5.7534246575342465,0.0,1.0
prefill,conversation,2,3,1,16,transition,525,8,0.7323809523809524,0.1219047619047619,2.0,2.730819245773732,0.36128339694656486,0.49854303889189566
prefill,conversation,2,3,1,32,domain_oracle,525,8,0.6611904761904762,0.12761904761904763,4.0,6.049693914296003,0.0,1.0
prefill,conversation,2,3,1,32,previous_window,525,8,0.6397619047619048,0.08761904761904762,4.0,6.252326014142166,0.0009541984732824427,0.9984771016236291
prefill,conversation,2,3,1,32,static,525,8,0.6607142857142857,0.12,4.0,6.054054054054054,0.0,1.0
prefill,conversation,2,3,1,32,transition,525,8,0.9147619047619048,0.5447619047619048,4.0,4.372722540343571,0.21827290076335878,0.6541630699246097
prefill,conversation,2,4,2,8,domain_oracle,525,8,0.17261904761904762,0.0,1.0,5.793103448275862,0.0,1.0
prefill,conversation,2,4,2,8,previous_window,525,8,0.17642857142857143,0.0,1.0,5.668016194331984,0.0028625954198473282,0.9967284623773173
prefill,conversation,2,4,2,8,static,525,8,0.16285714285714287,0.0,1.0,6.140350877192983,0.0,1.0
prefill,conversation,2,4,2,8,transition,525,8,0.4257142857142857,0.0,1.0,2.348993288590604,0.397662213740458,0.46686078976155265
prefill,conversation,2,4,2,16,domain_oracle,525,8,0.3433333333333333,0.0,2.0,5.825242718446602,0.0,1.0
prefill,conversation,2,4,2,16,previous_window,525,8,0.3464285714285714,0.0,2.0,5.77319587628866,0.0021469465648854963,0.9972597377177529
prefill,conversation,2,4,2,16,static,525,8,0.30095238095238097,0.0,2.0,6.6455696202531644,0.0,1.0
prefill,conversation,2,4,2,16,transition,525,8,0.6495238095238095,0.05714285714285714,2.0,3.0791788856304985,0.32872137404580154,0.53366533140857
prefill,conversation,2,4,2,32,domain_oracle,525,8,0.6090476190476191,0.12761904761904763,4.0,6.5676309616888195,0.0,1.0
prefill,conversation,2,4,2,32,previous_window,525,8,0.6061904761904762,0.0838095238095238,4.0,6.598586017282011,0.001252385496183206,0.998114850413803
prefill,conversation,2,4,2,32,static,525,8,0.5861904761904762,0.09333333333333334,4.0,6.823720552396425,0.0,1.0
prefill,conversation,2,4,2,32,transition,525,8,0.8547619047619047,0.32571428571428573,4.0,4.67966573816156,0.21541030534351144,0.6575226419395808
prefill,conversation,2,5,3,8,domain_oracle,525,8,0.19047619047619047,0.0,1.0,5.25,0.0,1.0
prefill,conversation,2,5,3,8,previous_window,525,8,0.19690476190476192,0.0,1.0,5.078597339782346,0.0021469465648854963,0.9973232873996233
prefill,conversation,2,5,3,8,static,525,8,0.17261904761904762,0.0,1.0,5.793103448275862,0.0,1.0
prefill,conversation,2,5,3,8,transition,525,8,0.4095238095238095,0.0,1.0,2.441860465116279,0.39837786259541985,0.4744444274978618
prefill,conversation,2,5,3,16,domain_oracle,525,8,0.3252380952380952,0.015238095238095238,2.0,6.149341142020498,0.0,1.0
prefill,conversation,2,5,3,16,previous_window,525,8,0.31976190476190475,0.007619047619047619,2.0,6.254653760238273,0.0020276717557251907,0.9973703694248002
prefill,conversation,2,5,3,16,static,525,8,0.3142857142857143,0.0,2.0,6.363636363636363,0.0,1.0
prefill,conversation,2,5,3,16,transition,525,8,0.6178571428571429,0.05714285714285714,2.0,3.2369942196531793,0.3344465648854962,0.5281831091443482
prefill,conversation,2,5,3,32,domain_oracle,525,8,0.5935714285714285,0.10095238095238095,4.0,6.738868832731649,0.0,1.0
prefill,conversation,2,5,3,32,previous_window,525,8,0.5780952380952381,0.05714285714285714,4.0,6.919275123558484,0.0011927480916030535,0.9981857780587393
prefill,conversation,2,5,3,32,static,525,8,0.5876190476190476,0.09142857142857143,4.0,6.807131280388979,0.0,1.0
prefill,conversation,2,5,3,32,transition,525,8,0.8228571428571428,0.29333333333333333,4.0,4.861111111111111,0.19620706106870228,0.6827203001112905
prefill,conversation,3,4,1,8,domain_oracle,525,8,0.17261904761904762,0.0,1.0,5.793103448275862,0.0,1.0
prefill,conversation,3,4,1,8,previous_window,525,8,0.17642857142857143,0.0,1.0,5.668016194331984,0.0028625954198473282,0.9967284623773173
prefill,conversation,3,4,1,8,static,525,8,0.16285714285714287,0.0,1.0,6.140350877192983,0.0,1.0
prefill,conversation,3,4,1,8,transition,525,8,0.4695238095238095,0.0,1.0,2.129817444219067,0.44083969465648853,0.4298747478136784
prefill,conversation,3,4,1,16,domain_oracle,525,8,0.3433333333333333,0.0,2.0,5.825242718446602,0.0,1.0
prefill,conversation,3,4,1,16,previous_window,525,8,0.3464285714285714,0.0,2.0,5.77319587628866,0.0021469465648854963,0.9972597377177529
prefill,conversation,3,4,1,16,static,525,8,0.30095238095238097,0.0,2.0,6.6455696202531644,0.0,1.0
prefill,conversation,3,4,1,16,transition,525,8,0.7030952380952381,0.08571428571428572,2.0,2.8445648493057907,0.3642652671755725,0.4954982918003145
prefill,conversation,3,4,1,32,domain_oracle,525,8,0.6090476190476191,0.12761904761904763,4.0,6.5676309616888195,0.0,1.0
prefill,conversation,3,4,1,32,previous_window,525,8,0.6061904761904762,0.0838095238095238,4.0,6.598586017282011,0.001252385496183206,0.998114850413803
prefill,conversation,3,4,1,32,static,525,8,0.5861904761904762,0.09333333333333334,4.0,6.823720552396425,0.0,1.0
prefill,conversation,3,4,1,32,transition,525,8,0.8845238095238095,0.3980952380952381,4.0,4.522207267833109,0.2511331106870229,0.6165688720591702
prefill,conversation,3,5,2,8,domain_oracle,525,8,0.19047619047619047,0.0,1.0,5.25,0.0,1.0
prefill,conversation,3,5,2,8,previous_window,525,8,0.19690476190476192,0.0,1.0,5.078597339782346,0.0021469465648854963,0.9973232873996233
prefill,conversation,3,5,2,8,static,525,8,0.17261904761904762,0.0,1.0,5.793103448275862,0.0,1.0
prefill,conversation,3,5,2,8,transition,525,8,0.44476190476190475,0.0,1.0,2.2483940042826553,0.42748091603053434,0.4560283228222149
prefill,conversation,3,5,2,16,domain_oracle,525,8,0.3252380952380952,0.015238095238095238,2.0,6.149341142020498,0.0,1.0
prefill,conversation,3,5,2,16,previous_window,525,8,0.31976190476190475,0.007619047619047619,2.0,6.254653760238273,0.0020276717557251907,0.9973703694248002
prefill,conversation,3,5,2,16,static,525,8,0.3142857142857143,0.0,2.0,6.363636363636363,0.0,1.0
prefill,conversation,3,5,2,16,transition,525,8,0.6592857142857143,0.1219047619047619,2.0,3.0335861321776814,0.36486164122137404,0.5001538258018665
prefill,conversation,3,5,2,32,domain_oracle,525,8,0.5935714285714285,0.10095238095238095,4.0,6.738868832731649,0.0,1.0
prefill,conversation,3,5,2,32,previous_window,525,8,0.5780952380952381,0.05714285714285714,4.0,6.919275123558484,0.0011927480916030535,0.9981857780587393
prefill,conversation,3,5,2,32,static,525,8,0.5876190476190476,0.09142857142857143,4.0,6.807131280388979,0.0,1.0
prefill,conversation,3,5,2,32,transition,525,8,0.8842857142857142,0.46095238095238095,4.0,4.523424878836834,0.24880725190839695,0.6183890259913888
prefill,conversation,3,6,3,8,domain_oracle,525,8,0.2261904761904762,0.0,1.0,4.421052631578948,0.0,1.0
prefill,conversation,3,6,3,8,previous_window,525,8,0.21714285714285714,0.0,1.0,4.605263157894737,0.0021469465648854963,0.9972597377177529
prefill,conversation,3,6,3,8,static,525,8,0.18785714285714286,0.0,1.0,5.32319391634981,0.0,1.0
prefill,conversation,3,6,3,8,transition,525,8,0.48547619047619045,0.005714285714285714,1.0,2.0598332515939184,0.45467557251908397,0.41564559274482893
prefill,conversation,3,6,3,16,domain_oracle,525,8,0.3680952380952381,0.009523809523809525,2.0,5.433376455368693,0.0,1.0
prefill,conversation,3,6,3,16,previous_window,525,8,0.36523809523809525,0.0038095238095238095,2.0,5.475880052151239,0.0020276717557251907,0.9973536895674299
prefill,conversation,3,6,3,16,static,525,8,0.36547619047619045,0.017142857142857144,2.0,5.472312703583062,0.0,1.0
prefill,conversation,3,6,3,16,transition,525,8,0.6852380952380952,0.12380952380952381,2.0,2.918693537178596,0.3245467557251908,0.5436629805764591
prefill,conversation,3,6,3,32,domain_oracle,525,8,0.6071428571428571,0.18666666666666668,4.0,6.588235294117647,0.0,1.0
prefill,conversation,3,6,3,32,previous_window,525,8,0.6207142857142857,0.12571428571428572,4.0,6.444188722669735,0.0010734732824427481,0.9983815876945649
prefill,conversation,3,6,3,32,static,525,8,0.6223809523809524,0.09714285714285714,4.0,6.426931905126243,0.0,1.0
prefill,conversation,3,6,3,32,transition,525,8,0.85,0.38476190476190475,4.0,4.705882352941177,0.22990219465648856,0.6447919275735483
prefill,conversation,4,5,1,8,domain_oracle,525,8,0.19047619047619047,0.0,1.0,5.25,0.0,1.0
prefill,conversation,4,5,1,8,previous_window,525,8,0.19690476190476192,0.0,1.0,5.078597339782346,0.0021469465648854963,0.9973232873996233
prefill,conversation,4,5,1,8,static,525,8,0.17261904761904762,0.0,1.0,5.793103448275862,0.0,1.0
prefill,conversation,4,5,1,8,transition,525,8,0.47333333333333333,0.0,1.0,2.112676056338028,0.46469465648854963,0.4172221332526668
prefill,conversation,4,5,1,16,domain_oracle,525,8,0.3252380952380952,0.015238095238095238,2.0,6.149341142020498,0.0,1.0
prefill,conversation,4,5,1,16,previous_window,525,8,0.31976190476190475,0.007619047619047619,2.0,6.254653760238273,0.0020276717557251907,0.9973703694248002
prefill,conversation,4,5,1,16,static,525,8,0.3142857142857143,0.0,2.0,6.363636363636363,0.0,1.0
prefill,conversation,4,5,1,16,transition,525,8,0.6888095238095238,0.13714285714285715,2.0,2.9035603180089873,0.3654580152671756,0.5105685342944852
prefill,conversation,4,5,1,32,domain_oracle,525,8,0.5935714285714285,0.10095238095238095,4.0,6.738868832731649,0.0,1.0
prefill,conversation,4,5,1,32,previous_window,525,8,0.5780952380952381,0.05714285714285714,4.0,6.919275123558484,0.0011927480916030535,0.9981857780587393
prefill,conversation,4,5,1,32,static,525,8,0.5876190476190476,0.09142857142857143,4.0,6.807131280388979,0.0,1.0
prefill,conversation,4,5,1,32,transition,525,8,0.8952380952380953,0.4342857142857143,4.0,4.468085106382978,0.2266817748091603,0.6470342055923167
prefill,conversation,4,6,2,8,domain_oracle,525,8,0.2261904761904762,0.0,1.0,4.421052631578948,0.0,1.0
prefill,conversation,4,6,2,8,previous_window,525,8,0.21714285714285714,0.0,1.0,4.605263157894737,0.0021469465648854963,0.9972597377177529
prefill,conversation,4,6,2,8,static,525,8,0.18785714285714286,0.0,1.0,5.32319391634981,0.0,1.0
prefill,conversation,4,6,2,8,transition,525,8,0.5038095238095238,0.0019047619047619048,1.0,1.9848771266540643,0.44179389312977096,0.44266683274316776
prefill,conversation,4,6,2,16,domain_oracle,525,8,0.3680952380952381,0.009523809523809525,2.0,5.433376455368693,0.0,1.0
prefill,conversation,4,6,2,16,previous_window,525,8,0.36523809523809525,0.0038095238095238095,2.0,5.475880052151239,0.0020276717557251907,0.9973536895674299
prefill,conversation,4,6,2,16,static,525,8,0.36547619047619045,0.017142857142857144,2.0,5.472312703583062,0.0,1.0
prefill,conversation,4,6,2,16,transition,525,8,0.6854761904761905,0.14476190476190476,2.0,2.917679749913164,0.3317032442748092,0.5428107406543986
prefill,conversation,4,6,2,32,domain_oracle,525,8,0.6071428571428571,0.18666666666666668,4.0,6.588235294117647,0.0,1.0
prefill,conversation,4,6,2,32,previous_window,525,8,0.6207142857142857,0.12571428571428572,4.0,6.444188722669735,0.0010734732824427481,0.9983815876945649
prefill,conversation,4,6,2,32,static,525,8,0.6223809523809524,0.09714285714285714,4.0,6.426931905126243,0.0,1.0
prefill,conversation,4,6,2,32,transition,525,8,0.8840476190476191,0.42857142857142855,4.0,4.524643145704283,0.22143368320610687,0.6549715477718999
prefill,conversation,4,7,3,8,domain_oracle,525,8,0.1830952380952381,0.0,1.0,5.461638491547464,0.0,1.0
prefill,conversation,4,7,3,8,previous_window,525,8,0.18714285714285714,0.0,1.0,5.343511450381679,0.0026240458015267176,0.9968962335374549
prefill,conversation,4,7,3,8,static,525,8,0.15642857142857142,0.0,1.0,6.392694063926941,0.0,1.0
prefill,conversation,4,7,3,8,transition,525,8,0.490952380952381,0.0,1.0,2.0368574199806013,0.4770992366412214,0.40473072305133295
prefill,conversation,4,7,3,16,domain_oracle,525,8,0.3442857142857143,0.02666666666666667,2.0,5.809128630705394,0.0,1.0
prefill,conversation,4,7,3,16,previous_window,525,8,0.31952380952380954,0.02095238095238095,2.0,6.259314456035767,0.0022662213740458014,0.9972025982646628
prefill,conversation,4,7,3,16,static,525,8,0.3161904761904762,0.007619047619047619,2.0,6.325301204819277,0.0,1.0
prefill,conversation,4,7,3,16,transition,525,8,0.7188095238095238,0.1657142857142857,2.0,2.782378270950646,0.38728530534351147,0.4840931727665174
prefill,conversation,4,7,3,32,domain_oracle,525,8,0.6447619047619048,0.16380952380952382,4.0,6.203840472673559,0.0,1.0
prefill,conversation,4,7,3,32,previous_window,525,8,0.6107142857142858,0.10857142857142857,4.0,6.549707602339181,0.0011927480916030535,0.9981824790985097
prefill,conversation,4,7,3,32,static,525,8,0.5983333333333334,0.10666666666666667,4.0,6.685236768802229,0.0,1.0
prefill,conversation,4,7,3,32,transition,525,8,0.8985714285714286,0.4742857142857143,4.0,4.451510333863275,0.23610448473282442,0.6361636523281579
prefill,conversation,5,6,1,8,domain_oracle,525,8,0.2261904761904762,0.0,1.0,4.421052631578948,0.0,1.0
prefill,conversation,5,6,1,8,previous_window,525,8,0.21714285714285714,0.0,1.0,4.605263157894737,0.0021469465648854963,0.9972597377177529
prefill,conversation,5,6,1,8,static,525,8,0.18785714285714286,0.0,1.0,5.32319391634981,0.0,1.0
prefill,conversation,5,6,1,8,transition,525,8,0.5135714285714286,0.0019047619047619048,1.0,1.9471488178025034,0.4708969465648855,0.4129391812597915
prefill,conversation,5,6,1,16,domain_oracle,525,8,0.3680952380952381,0.009523809523809525,2.0,5.433376455368693,0.0,1.0
prefill,conversation,5,6,1,16,previous_window,525,8,0.36523809523809525,0.0038095238095238095,2.0,5.475880052151239,0.0020276717557251907,0.9973536895674299
prefill,conversation,5,6,1,16,static,525,8,0.36547619047619045,0.017142857142857144,2.0,5.472312703583062,0.0,1.0
prefill,conversation,5,6,1,16,transition,525,8,0.7026190476190476,0.17714285714285713,2.0,2.846492714334124,0.36128339694656486,0.5076447145377998
prefill,conversation,5,6,1,32,domain_oracle,525,8,0.6071428571428571,0.18666666666666668,4.0,6.588235294117647,0.0,1.0
prefill,conversation,5,6,1,32,previous_window,525,8,0.6207142857142857,0.12571428571428572,4.0,6.444188722669735,0.0010734732824427481,0.9983815876945649
prefill,conversation,5,6,1,32,static,525,8,0.6223809523809524,0.09714285714285714,4.0,6.426931905126243,0.0,1.0
prefill,conversation,5,6,1,32,transition,525,8,0.8816666666666667,0.44952380952380955,4.0,4.536862003780718,0.24224713740458015,0.6289509961705931
prefill,conversation,5,7,2,8,domain_oracle,525,8,0.1830952380952381,0.0,1.0,5.461638491547464,0.0,1.0
prefill,conversation,5,7,2,8,previous_window,525,8,0.18714285714285714,0.0,1.0,5.343511450381679,0.0026240458015267176,0.9968962335374549
prefill,conversation,5,7,2,8,static,525,8,0.15642857142857142,0.0,1.0,6.392694063926941,0.0,1.0
prefill,conversation,5,7,2,8,transition,525,8,0.5138095238095238,0.007619047619047619,1.0,1.9462465245597775,0.5166984732824428,0.36483092818970625
prefill,conversation,5,7,2,16,domain_oracle,525,8,0.3442857142857143,0.02666666666666667,2.0,5.809128630705394,0.0,1.0
prefill,conversation,5,7,2,16,previous_window,525,8,0.31952380952380954,0.02095238095238095,2.0,6.259314456035767,0.0022662213740458014,0.9972025982646628
prefill,conversation,5,7,2,16,static,525,8,0.3161904761904762,0.007619047619047619,2.0,6.325301204819277,0.0,1.0
prefill,conversation,5,7,2,16,transition,525,8,0.7288095238095238,0.17142857142857143,2.0,2.744201241424371,0.39849713740458015,0.472328291756123
prefill,conversation,5,7,2,32,domain_oracle,525,8,0.6447619047619048,0.16380952380952382,4.0,6.203840472673559,0.0,1.0
prefill,conversation,5,7,2,32,previous_window,525,8,0.6107142857142858,0.10857142857142857,4.0,6.549707602339181,0.0011927480916030535,0.9981824790985097
prefill,conversation,5,7,2,32,static,525,8,0.5983333333333334,0.10666666666666667,4.0,6.685236768802229,0.0,1.0
prefill,conversation,5,7,2,32,transition,525,8,0.9166666666666666,0.5638095238095238,4.0,4.363636363636363,0.25071564885496184,0.6204734209771354
prefill,conversation,5,8,3,8,domain_oracle,525,8,0.1838095238095238,0.0,1.0,5.4404145077720205,0.0,1.0
prefill,conversation,5,8,3,8,previous_window,525,8,0.17547619047619048,0.0,1.0,5.698778833107191,0.0028625954198473282,0.9967508318653356
prefill,conversation,5,8,3,8,static,525,8,0.1738095238095238,0.0,1.0,5.7534246575342465,0.0,1.0
prefill,conversation,5,8,3,8,transition,525,8,0.535,0.011428571428571429,1.0,1.8691588785046729,0.5193225190839694,0.37325787020443435
prefill,conversation,5,8,3,16,domain_oracle,525,8,0.3495238095238095,0.0,2.0,5.722070844686648,0.0,1.0
prefill,conversation,5,8,3,16,previous_window,525,8,0.33666666666666667,0.0,2.0,5.9405940594059405,0.0020276717557251907,0.9973536895674299
prefill,conversation,5,8,3,16,static,525,8,0.33976190476190476,0.005714285714285714,2.0,5.886475122634899,0.0,1.0
prefill,conversation,5,8,3,16,transition,525,8,0.7504761904761905,0.21714285714285714,2.0,2.66497461928934,0.3895515267175573,0.48365663025575134
prefill,conversation,5,8,3,32,domain_oracle,525,8,0.6261904761904762,0.14285714285714285,4.0,6.387832699619772,0.0,1.0
prefill,conversation,5,8,3,32,previous_window,525,8,0.6185714285714285,0.10476190476190476,4.0,6.466512702078522,0.0010138358778625954,0.9983988084155653
prefill,conversation,5,8,3,32,static,525,8,0.6321428571428571,0.06095238095238095,4.0,6.327683615819209,0.0,1.0
prefill,conversation,5,8,3,32,transition,525,8,0.9221428571428572,0.5847619047619048,4.0,4.337722695584818,0.24880725190839695,0.6219054122323756
prefill,conversation,6,7,1,8,domain_oracle,525,8,0.1830952380952381,0.0,1.0,5.461638491547464,0.0,1.0
prefill,conversation,6,7,1,8,previous_window,525,8,0.18714285714285714,0.0,1.0,5.343511450381679,0.0026240458015267176,0.9968962335374549
prefill,conversation,6,7,1,8,static,525,8,0.15642857142857142,0.0,1.0,6.392694063926941,0.0,1.0
prefill,conversation,6,7,1,8,transition,525,8,0.5392857142857143,0.0019047619047619048,1.0,1.8543046357615893,0.514074427480916,0.3779017420238781
prefill,conversation,6,7,1,16,domain_oracle,525,8,0.3442857142857143,0.02666666666666667,2.0,5.809128630705394,0.0,1.0
prefill,conversation,6,7,1,16,previous_window,525,8,0.31952380952380954,0.02095238095238095,2.0,6.259314456035767,0.0022662213740458014,0.9972025982646628
prefill,conversation,6,7,1,16,static,525,8,0.3161904761904762,0.007619047619047619,2.0,6.325301204819277,0.0,1.0
prefill,conversation,6,7,1,16,transition,525,8,0.75,0.16380952380952382,2.0,2.6666666666666665,0.4042223282442748,0.46644948656622426
prefill,conversation,6,7,1,32,domain_oracle,525,8,0.6447619047619048,0.16380952380952382,4.0,6.203840472673559,0.0,1.0
prefill,conversation,6,7,1,32,previous_window,525,8,0.6107142857142858,0.10857142857142857,4.0,6.549707602339181,0.0011927480916030535,0.9981824790985097
prefill,conversation,6,7,1,32,static,525,8,0.5983333333333334,0.10666666666666667,4.0,6.685236768802229,0.0,1.0
prefill,conversation,6,7,1,32,transition,525,8,0.9223809523809524,0.5580952380952381,4.0,4.336602994321115,0.24439408396946566,0.6287455537679367
prefill,conversation,6,8,2,8,domain_oracle,525,8,0.1838095238095238,0.0,1.0,5.4404145077720205,0.0,1.0
prefill,conversation,6,8,2,8,previous_window,525,8,0.17547619047619048,0.0,1.0,5.698778833107191,0.0028625954198473282,0.9967508318653356
prefill,conversation,6,8,2,8,static,525,8,0.1738095238095238,0.0,1.0,5.7534246575342465,0.0,1.0
prefill,conversation,6,8,2,8,transition,525,8,0.5778571428571428,0.005714285714285714,1.0,1.73053152039555,0.5338740458015268,0.36117665201634575
prefill,conversation,6,8,2,16,domain_oracle,525,8,0.3495238095238095,0.0,2.0,5.722070844686648,0.0,1.0
prefill,conversation,6,8,2,16,previous_window,525,8,0.33666666666666667,0.0,2.0,5.9405940594059405,0.0020276717557251907,0.9973536895674299
prefill,conversation,6,8,2,16,static,525,8,0.33976190476190476,0.005714285714285714,2.0,5.886475122634899,0.0,1.0
prefill,conversation,6,8,2,16,transition,525,8,0.7871428571428571,0.23809523809523808,2.0,2.540834845735027,0.397662213740458,0.47568134864167394
prefill,conversation,6,8,2,32,domain_oracle,525,8,0.6261904761904762,0.14285714285714285,4.0,6.387832699619772,0.0,1.0
prefill,conversation,6,8,2,32,previous_window,525,8,0.6185714285714285,0.10476190476190476,4.0,6.466512702078522,0.0010138358778625954,0.9983988084155653
prefill,conversation,6,8,2,32,static,525,8,0.6321428571428571,0.06095238095238095,4.0,6.327683615819209,0.0,1.0
prefill,conversation,6,8,2,32,transition,525,8,0.9419047619047619,0.6514285714285715,4.0,4.246713852376137,0.2563812022900763,0.6116058459504858
prefill,conversation,6,9,3,8,domain_oracle,525,8,0.16333333333333333,0.0,1.0,6.122448979591836,0.0,1.0
prefill,conversation,6,9,3,8,previous_window,525,8,0.1519047619047619,0.0,1.0,6.58307210031348,0.003101145038167939,0.996583060705198
prefill,conversation,6,9,3,8,static,525,8,0.14785714285714285,0.0,1.0,6.763285024154589,0.0,1.0
prefill,conversation,6,9,3,8,transition,525,8,0.5957142857142858,0.0038095238095238095,1.0,1.6786570743405276,0.5522423664122137,0.35269764162893813
prefill,conversation,6,9,3,16,domain_oracle,525,8,0.3273809523809524,0.02095238095238095,2.0,6.109090909090909,0.0,1.0
prefill,conversation,6,9,3,16,previous_window,525,8,0.32,0.017142857142857144,2.0,6.25,0.0019083969465648854,0.9974554707379136
prefill,conversation,6,9,3,16,static,525,8,0.30428571428571427,0.0,2.0,6.572769953051643,0.0,1.0
prefill,conversation,6,9,3,16,transition,525,8,0.8111904761904762,0.26285714285714284,2.0,2.4655121808042266,0.45157442748091603,0.43088552752209863
prefill,conversation,6,9,3,32,domain_oracle,525,8,0.5976190476190476,0.08761904761904762,4.0,6.693227091633466,0.0,1.0
prefill,conversation,6,9,3,32,previous_window,525,8,0.6061904761904762,0.06285714285714286,4.0,6.598586017282011,0.0010138358778625954,0.9984209591972117
prefill,conversation,6,9,3,32,static,525,8,0.6092857142857143,0.06666666666666667,4.0,6.56506447831184,0.0,1.0
prefill,conversation,6,9,3,32,transition,525,8,0.9542857142857143,0.7257142857142858,4.0,4.191616766467066,0.29341603053435117,0.5716353249503685
prefill,conversation,7,8,1,8,domain_oracle,525,8,0.1838095238095238,0.0,1.0,5.4404145077720205,0.0,1.0
prefill,conversation,7,8,1,8,previous_window,525,8,0.17547619047619048,0.0,1.0,5.698778833107191,0.0028625954198473282,0.9967508318653356
prefill,conversation,7,8,1,8,static,525,8,0.1738095238095238,0.0,1.0,5.7534246575342465,0.0,1.0
prefill,conversation,7,8,1,8,transition,525,8,0.5888095238095238,0.011428571428571429,1.0,1.6983420946219168,0.5620229007633588,0.3379282718977366
prefill,conversation,7,8,1,16,domain_oracle,525,8,0.3495238095238095,0.0,2.0,5.722070844686648,0.0,1.0
prefill,conversation,7,8,1,16,previous_window,525,8,0.33666666666666667,0.0,2.0,5.9405940594059405,0.0020276717557251907,0.9973536895674299
prefill,conversation,7,8,1,16,static,525,8,0.33976190476190476,0.005714285714285714,2.0,5.886475122634899,0.0,1.0
prefill,conversation,7,8,1,16,transition,525,8,0.7921428571428571,0.25142857142857145,2.0,2.5247971145175834,0.4159112595419847,0.4562797843569049
prefill,conversation,7,8,1,32,domain_oracle,525,8,0.6261904761904762,0.14285714285714285,4.0,6.387832699619772,0.0,1.0
prefill,conversation,7,8,1,32,previous_window,525,8,0.6185714285714285,0.10476190476190476,4.0,6.466512702078522,0.0010138358778625954,0.9983988084155653
prefill,conversation,7,8,1,32,static,525,8,0.6321428571428571,0.06095238095238095,4.0,6.327683615819209,0.0,1.0
prefill,conversation,7,8,1,32,transition,525,8,0.9411904761904762,0.6666666666666666,4.0,4.249936756893499,0.2608540076335878,0.6096904027178393
prefill,conversation,7,9,2,8,domain_oracle,525,8,0.16333333333333333,0.0,1.0,6.122448979591836,0.0,1.0
prefill,conversation,7,9,2,8,previous_window,525,8,0.1519047619047619,0.0,1.0,6.58307210031348,0.003101145038167939,0.996583060705198
prefill,conversation,7,9,2,8,static,525,8,0.14785714285714285,0.0,1.0,6.763285024154589,0.0,1.0
prefill,conversation,7,9,2,8,transition,525,8,0.6188095238095238,0.005714285714285714,1.0,1.6160061562139285,0.579675572519084,0.3252817157397298
prefill,conversation,7,9,2,16,domain_oracle,525,8,0.3273809523809524,0.02095238095238095,2.0,6.109090909090909,0.0,1.0
prefill,conversation,7,9,2,16,previous_window,525,8,0.32,0.017142857142857144,2.0,6.25,0.0019083969465648854,0.9974554707379136
prefill,conversation,7,9,2,16,static,525,8,0.30428571428571427,0.0,2.0,6.572769953051643,0.0,1.0
prefill,conversation,7,9,2,16,transition,525,8,0.8380952380952381,0.2742857142857143,2.0,2.3863636363636362,0.47662213740458015,0.4098798475410334
prefill,conversation,7,9,2,32,domain_oracle,525,8,0.5976190476190476,0.08761904761904762,4.0,6.693227091633466,0.0,1.0
prefill,conversation,7,9,2,32,previous_window,525,8,0.6061904761904762,0.06285714285714286,4.0,6.598586017282011,0.0010138358778625954,0.9984209591972117
prefill,conversation,7,9,2,32,static,525,8,0.6092857142857143,0.06666666666666667,4.0,6.56506447831184,0.0,1.0
prefill,conversation,7,9,2,32,transition,525,8,0.9514285714285714,0.7047619047619048,4.0,4.2042042042042045,0.3026598282442748,0.5660481901880668
prefill,conversation,7,10,3,8,domain_oracle,525,8,0.16738095238095238,0.0,1.0,5.974395448079658,0.0,1.0
prefill,conversation,7,10,3,8,previous_window,525,8,0.15452380952380954,0.0,1.0,6.471494607087828,0.0028625954198473282,0.9968193384223919
prefill,conversation,7,10,3,8,static,525,8,0.16333333333333333,0.0,1.0,6.122448979591836,0.0,1.0
prefill,conversation,7,10,3,8,transition,525,8,0.5976190476190476,0.017142857142857144,1.0,1.6733067729083666,0.6028148854961832,0.3114625832183073
prefill,conversation,7,10,3,16,domain_oracle,525,8,0.3319047619047619,0.007619047619047619,2.0,6.025824964131994,0.0,1.0
prefill,conversation,7,10,3,16,previous_window,525,8,0.33071428571428574,0.005714285714285714,2.0,6.047516198704104,0.0016698473282442748,0.997717193747728
prefill,conversation,7,10,3,16,static,525,8,0.32595238095238094,0.0019047619047619048,2.0,6.135865595325055,0.0,1.0
prefill,conversation,7,10,3,16,transition,525,8,0.8233333333333334,0.3352380952380952,2.0,2.42914979757085,0.4908158396946565,0.3946060344272256
prefill,conversation,7,10,3,32,domain_oracle,525,8,0.6197619047619047,0.09142857142857143,4.0,6.454091432961967,0.0,1.0
prefill,conversation,7,10,3,32,previous_window,525,8,0.605,0.07809523809523809,4.0,6.6115702479338845,0.0010138358778625954,0.998406173978693
prefill,conversation,7,10,3,32,static,525,8,0.5959523809523809,0.0761904761904762,4.0,6.711945665201758,0.0,1.0
prefill,conversation,7,10,3,32,transition,525,8,0.9497619047619048,0.7104761904761905,4.0,4.211581850087741,0.3002743320610687,0.5723705368918542
prefill,conversation,8,9,1,8,domain_oracle,525,8,0.16333333333333333,0.0,1.0,6.122448979591836,0.0,1.0
prefill,conversation,8,9,1,8,previous_window,525,8,0.1519047619047619,0.0,1.0,6.58307210031348,0.003101145038167939,0.996583060705198
prefill,conversation,8,9,1,8,static,525,8,0.14785714285714285,0.0,1.0,6.763285024154589,0.0,1.0
prefill,conversation,8,9,1,8,transition,525,8,0.6478571428571429,0.013333333333333334,1.0,1.543550165380375,0.6090171755725191,0.3028896464010957
prefill,conversation,8,9,1,16,domain_oracle,525,8,0.3273809523809524,0.02095238095238095,2.0,6.109090909090909,0.0,1.0
prefill,conversation,8,9,1,16,previous_window,525,8,0.32,0.017142857142857144,2.0,6.25,0.0019083969465648854,0.9974554707379136
prefill,conversation,8,9,1,16,static,525,8,0.30428571428571427,0.0,2.0,6.572769953051643,0.0,1.0
prefill,conversation,8,9,1,16,transition,525,8,0.8659523809523809,0.34285714285714286,2.0,2.309595820731372,0.5023854961832062,0.390126259834642
prefill,conversation,8,9,1,32,domain_oracle,525,8,0.5976190476190476,0.08761904761904762,4.0,6.693227091633466,0.0,1.0
prefill,conversation,8,9,1,32,previous_window,525,8,0.6061904761904762,0.06285714285714286,4.0,6.598586017282011,0.0010138358778625954,0.9984209591972117
prefill,conversation,8,9,1,32,static,525,8,0.6092857142857143,0.06666666666666667,4.0,6.56506447831184,0.0,1.0
prefill,conversation,8,9,1,32,transition,525,8,0.9759523809523809,0.8285714285714286,4.0,4.098560624542571,0.3243082061068702,0.5480293144186532
prefill,conversation,8,10,2,8,domain_oracle,525,8,0.16738095238095238,0.0,1.0,5.974395448079658,0.0,1.0
prefill,conversation,8,10,2,8,previous_window,525,8,0.15452380952380954,0.0,1.0,6.471494607087828,0.0028625954198473282,0.9968193384223919
prefill,conversation,8,10,2,8,static,525,8,0.16333333333333333,0.0,1.0,6.122448979591836,0.0,1.0
prefill,conversation,8,10,2,8,transition,525,8,0.6269047619047619,0.01904761904761905,1.0,1.595138625142423,0.6173664122137404,0.30495776488142773
prefill,conversation,8,10,2,16,domain_oracle,525,8,0.3319047619047619,0.007619047619047619,2.0,6.025824964131994,0.0,1.0
prefill,conversation,8,10,2,16,previous_window,525,8,0.33071428571428574,0.005714285714285714,2.0,6.047516198704104,0.0016698473282442748,0.997717193747728
prefill,conversation,8,10,2,16,static,525,8,0.32595238095238094,0.0019047619047619048,2.0,6.135865595325055,0.0,1.0
prefill,conversation,8,10,2,16,transition,525,8,0.8411904761904762,0.3238095238095238,2.0,2.3775827908293237,0.5051288167938931,0.39143473554347236
prefill,conversation,8,10,2,32,domain_oracle,525,8,0.6197619047619047,0.09142857142857143,4.0,6.454091432961967,0.0,1.0
prefill,conversation,8,10,2,32,previous_window,525,8,0.605,0.07809523809523809,4.0,6.6115702479338845,0.0010138358778625954,0.998406173978693
prefill,conversation,8,10,2,32,static,525,8,0.5959523809523809,0.0761904761904762,4.0,6.711945665201758,0.0,1.0
prefill,conversation,8,10,2,32,transition,525,8,0.9757142857142858,0.8419047619047619,4.0,4.099560761346998,0.3243082061068702,0.5484112011774601
prefill,conversation,8,11,3,8,domain_oracle,525,8,0.1680952380952381,0.0,1.0,5.949008498583569,0.0,1.0
prefill,conversation,8,11,3,8,previous_window,525,8,0.15928571428571428,0.0,1.0,6.278026905829597,0.0028625954198473282,0.9967508318653356
prefill,conversation,8,11,3,8,static,525,8,0.14047619047619048,0.0,1.0,7.11864406779661,0.0,1.0
prefill,conversation,8,11,3,8,transition,525,8,0.5580952380952381,0.0,1.0,1.7918088737201365,0.5737118320610687,0.3324410110669641
prefill,conversation,8,11,3,16,domain_oracle,525,8,0.3211904761904762,0.017142857142857144,2.0,6.226834692364714,0.0,1.0
prefill,conversation,8,11,3,16,previous_window,525,8,0.31047619047619046,0.007619047619047619,2.0,6.441717791411043,0.0020276717557251907,0.9973703694248002
prefill,conversation,8,11,3,16,static,525,8,0.2997619047619048,0.0,2.0,6.671961874503574,0.0,1.0
prefill,conversation,8,11,3,16,transition,525,8,0.7690476190476191,0.21904761904761905,2.0,2.6006191950464395,0.43165553435114506,0.4465206653725175
prefill,conversation,8,11,3,32,domain_oracle,525,8,0.6080952380952381,0.14285714285714285,4.0,6.577916992952232,0.0,1.0
prefill,conversation,8,11,3,32,previous_window,525,8,0.6042857142857143,0.07809523809523809,4.0,6.619385342789598,0.0010138358778625954,0.9984209591972117
prefill,conversation,8,11,3,32,static,525,8,0.5921428571428572,0.1180952380952381,4.0,6.7551266586248495,0.0,1.0
prefill,conversation,8,11,3,32,transition,525,8,0.9428571428571428,0.6723809523809524,4.0,4.242424242424242,0.27689646946564883,0.5946924156594727
prefill,conversation,9,10,1,8,domain_oracle,525,8,0.16738095238095238,0.0,1.0,5.974395448079658,0.0,1.0
prefill,conversation,9,10,1,8,previous_window,525,8,0.15452380952380954,0.0,1.0,6.471494607087828,0.0028625954198473282,0.9968193384223919
prefill,conversation,9,10,1,8,static,525,8,0.16333333333333333,0.0,1.0,6.122448979591836,0.0,1.0
prefill,conversation,9,10,1,8,transition,525,8,0.6611904761904762,0.011428571428571429,1.0,1.5124234785740007,0.6684160305343512,0.258212101723551
prefill,conversation,9,10,1,16,domain_oracle,525,8,0.3319047619047619,0.007619047619047619,2.0,6.025824964131994,0.0,1.0
prefill,conversation,9,10,1,16,previous_window,525,8,0.33071428571428574,0.005714285714285714,2.0,6.047516198704104,0.0016698473282442748,0.997717193747728
prefill,conversation,9,10,1,16,static,525,8,0.32595238095238094,0.0019047619047619048,2.0,6.135865595325055,0.0,1.0
prefill,conversation,9,10,1,16,transition,525,8,0.8714285714285714,0.3923809523809524,2.0,2.2950819672131146,0.5319656488549618,0.3611594610732318
prefill,conversation,9,10,1,32,domain_oracle,525,8,0.6197619047619047,0.09142857142857143,4.0,6.454091432961967,0.0,1.0
prefill,conversation,9,10,1,32,previous_window,525,8,0.605,0.07809523809523809,4.0,6.6115702479338845,0.0010138358778625954,0.998406173978693
prefill,conversation,9,10,1,32,static,525,8,0.5959523809523809,0.0761904761904762,4.0,6.711945665201758,0.0,1.0
prefill,conversation,9,10,1,32,transition,525,8,0.9811904761904762,0.8704761904761905,4.0,4.0766804173744235,0.3490577290076336,0.5154194797183228
prefill,conversation,9,11,2,8,domain_oracle,525,8,0.1680952380952381,0.0,1.0,5.949008498583569,0.0,1.0
prefill,conversation,9,11,2,8,previous_window,525,8,0.15928571428571428,0.0,1.0,6.278026905829597,0.0028625954198473282,0.9967508318653356
prefill,conversation,9,11,2,8,static,525,8,0.14047619047619048,0.0,1.0,7.11864406779661,0.0,1.0
prefill,conversation,9,11,2,8,transition,525,8,0.590952380952381,0.005714285714285714,1.0,1.6921837228041903,0.6102099236641222,0.30143325715844715
prefill,conversation,9,11,2,16,domain_oracle,525,8,0.3211904761904762,0.017142857142857144,2.0,6.226834692364714,0.0,1.0
prefill,conversation,9,11,2,16,previous_window,525,8,0.31047619047619046,0.007619047619047619,2.0,6.441717791411043,0.0020276717557251907,0.9973703694248002
prefill,conversation,9,11,2,16,static,525,8,0.2997619047619048,0.0,2.0,6.671961874503574,0.0,1.0
prefill,conversation,9,11,2,16,transition,525,8,0.7869047619047619,0.23809523809523808,2.0,2.5416036308623298,0.4594465648854962,0.4170268297056339
prefill,conversation,9,11,2,32,domain_oracle,525,8,0.6080952380952381,0.14285714285714285,4.0,6.577916992952232,0.0,1.0
prefill,conversation,9,11,2,32,previous_window,525,8,0.6042857142857143,0.07809523809523809,4.0,6.619385342789598,0.0010138358778625954,0.9984209591972117
prefill,conversation,9,11,2,32,static,525,8,0.5921428571428572,0.1180952380952381,4.0,6.7551266586248495,0.0,1.0
prefill,conversation,9,11,2,32,transition,525,8,0.9542857142857143,0.7314285714285714,4.0,4.191616766467066,0.31094942748091603,0.5508171165120723
prefill,conversation,9,12,3,8,domain_oracle,525,8,0.18166666666666667,0.0,1.0,5.504587155963303,0.0,1.0
prefill,conversation,9,12,3,8,previous_window,525,8,0.16214285714285714,0.0,1.0,6.167400881057269,0.0033396946564885495,0.9964558342420937
prefill,conversation,9,12,3,8,static,525,8,0.13714285714285715,0.0,1.0,7.291666666666667,0.0,1.0
prefill,conversation,9,12,3,8,transition,525,8,0.5614285714285714,0.007619047619047619,1.0,1.7811704834605597,0.5639312977099237,0.34283223138184826
prefill,conversation,9,12,3,16,domain_oracle,525,8,0.3361904761904762,0.04,2.0,5.949008498583569,0.0,1.0
prefill,conversation,9,12,3,16,previous_window,525,8,0.3219047619047619,0.01904761904761905,2.0,6.21301775147929,0.0019083969465648854,0.9974643212744773
prefill,conversation,9,12,3,16,static,525,8,0.2969047619047619,0.022857142857142857,2.0,6.7361668003207695,0.0,1.0
prefill,conversation,9,12,3,16,transition,525,8,0.7816666666666666,0.24,2.0,2.55863539445629,0.45586832061068705,0.4174809182238487
prefill,conversation,9,12,3,32,domain_oracle,525,8,0.6314285714285715,0.18285714285714286,4.0,6.334841628959276,0.0,1.0
prefill,conversation,9,12,3,32,previous_window,525,8,0.6321428571428571,0.1180952380952381,4.0,6.327683615819209,0.00089456106870229,0.9985595155268547
prefill,conversation,9,12,3,32,static,525,8,0.6180952380952381,0.18285714285714286,4.0,6.471494607087828,0.0,1.0
prefill,conversation,9,12,3,32,transition,525,8,0.9364285714285714,0.6666666666666666,4.0,4.271548436308161,0.3080868320610687,0.5522773380886237
prefill,conversation,10,11,1,8,domain_oracle,525,8,0.1680952380952381,0.0,1.0,5.949008498583569,0.0,1.0
prefill,conversation,10,11,1,8,previous_window,525,8,0.15928571428571428,0.0,1.0,6.278026905829597,0.0028625954198473282,0.9967508318653356
prefill,conversation,10,11,1,8,static,525,8,0.14047619047619048,0.0,1.0,7.11864406779661,0.0,1.0
prefill,conversation,10,11,1,8,transition,525,8,0.6085714285714285,0.0038095238095238095,1.0,1.6431924882629108,0.5825381679389313,0.32652707767211453
prefill,conversation,10,11,1,16,domain_oracle,525,8,0.3211904761904762,0.017142857142857144,2.0,6.226834692364714,0.0,1.0
prefill,conversation,10,11,1,16,previous_window,525,8,0.31047619047619046,0.007619047619047619,2.0,6.441717791411043,0.0020276717557251907,0.9973703694248002
prefill,conversation,10,11,1,16,static,525,8,0.2997619047619048,0.0,2.0,6.671961874503574,0.0,1.0
prefill,conversation,10,11,1,16,transition,525,8,0.8033333333333333,0.2571428571428571,2.0,2.4896265560165975,0.4372614503816794,0.43931347044628105
prefill,conversation,10,11,1,32,domain_oracle,525,8,0.6080952380952381,0.14285714285714285,4.0,6.577916992952232,0.0,1.0
prefill,conversation,10,11,1,32,previous_window,525,8,0.6042857142857143,0.07809523809523809,4.0,6.619385342789598,0.0010138358778625954,0.9984209591972117
prefill,conversation,10,11,1,32,static,525,8,0.5921428571428572,0.1180952380952381,4.0,6.7551266586248495,0.0,1.0
prefill,conversation,10,11,1,32,transition,525,8,0.9552380952380952,0.7142857142857143,4.0,4.187437686939182,0.3015267175572519,0.5643601930027012
prefill,conversation,10,12,2,8,domain_oracle,525,8,0.18166666666666667,0.0,1.0,5.504587155963303,0.0,1.0
prefill,conversation,10,12,2,8,previous_window,525,8,0.16214285714285714,0.0,1.0,6.167400881057269,0.0033396946564885495,0.9964558342420937
prefill,conversation,10,12,2,8,static,525,8,0.13714285714285715,0.0,1.0,7.291666666666667,0.0,1.0
prefill,conversation,10,12,2,8,transition,525,8,0.6002380952380952,0.007619047619047619,1.0,1.6660055533518445,0.5625,0.33916638916638764
prefill,conversation,10,12,2,16,domain_oracle,525,8,0.3361904761904762,0.04,2.0,5.949008498583569,0.0,1.0
prefill,conversation,10,12,2,16,previous_window,525,8,0.3219047619047619,0.01904761904761905,2.0,6.21301775147929,0.0019083969465648854,0.9974643212744773
prefill,conversation,10,12,2,16,static,525,8,0.2969047619047619,0.022857142857142857,2.0,6.7361668003207695,0.0,1.0
prefill,conversation,10,12,2,16,transition,525,8,0.8185714285714286,0.2761904761904762,2.0,2.443280977312391,0.4556297709923664,0.4214559748287282
prefill,conversation,10,12,2,32,domain_oracle,525,8,0.6314285714285715,0.18285714285714286,4.0,6.334841628959276,0.0,1.0
prefill,conversation,10,12,2,32,previous_window,525,8,0.6321428571428571,0.1180952380952381,4.0,6.327683615819209,0.00089456106870229,0.9985595155268547
prefill,conversation,10,12,2,32,static,525,8,0.6180952380952381,0.18285714285714286,4.0,6.471494607087828,0.0,1.0
prefill,conversation,10,12,2,32,transition,525,8,0.9466666666666667,0.6971428571428572,4.0,4.225352112676056,0.3002743320610687,0.564307393869882
prefill,conversation,10,13,3,8,domain_oracle,525,8,0.18166666666666667,0.0,1.0,5.504587155963303,0.0,1.0
prefill,conversation,10,13,3,8,previous_window,525,8,0.15857142857142856,0.0,1.0,6.306306306306307,0.002385496183206107,0.9970919665576157
prefill,conversation,10,13,3,8,static,525,8,0.15928571428571428,0.0,1.0,6.278026905829597,0.0,1.0
prefill,conversation,10,13,3,8,transition,525,8,0.5573809523809524,0.005714285714285714,1.0,1.794105083297736,0.6049618320610687,0.32498625208548765
prefill,conversation,10,13,3,16,domain_oracle,525,8,0.34023809523809523,0.0019047619047619048,2.0,5.8782365290412875,0.0,1.0
prefill,conversation,10,13,3,16,previous_window,525,8,0.3192857142857143,0.0019047619047619048,2.0,6.263982102908278,0.0020276717557251907,0.9973536895674301
prefill,conversation,10,13,3,16,static,525,8,0.3057142857142857,0.005714285714285714,2.0,6.542056074766355,0.0,1.0
prefill,conversation,10,13,3,16,transition,525,8,0.7526190476190476,0.17333333333333334,2.0,2.657386902878836,0.4618320610687023,0.4113504679847396
prefill,conversation,10,13,3,32,domain_oracle,525,8,0.5947619047619047,0.12761904761904763,4.0,6.725380304243394,0.0,1.0
prefill,conversation,10,13,3,32,previous_window,525,8,0.5983333333333334,0.0838095238095238,4.0,6.685236768802229,0.0013120229007633588,0.9980750082973782
prefill,conversation,10,13,3,32,static,525,8,0.5683333333333334,0.07428571428571429,4.0,7.038123167155425,0.0,1.0
prefill,conversation,10,13,3,32,transition,525,8,0.914047619047619,0.5980952380952381,4.0,4.376139619692628,0.29639790076335876,0.5663856599355647
prefill,conversation,11,12,1,8,domain_oracle,525,8,0.18166666666666667,0.0,1.0,5.504587155963303,0.0,1.0
prefill,conversation,11,12,1,8,previous_window,525,8,0.16214285714285714,0.0,1.0,6.167400881057269,0.0033396946564885495,0.9964558342420937
prefill,conversation,11,12,1,8,static,525,8,0.13714285714285715,0.0,1.0,7.291666666666667,0.0,1.0
prefill,conversation,11,12,1,8,transition,525,8,0.6161904761904762,0.007619047619047619,1.0,1.6228748068006182,0.5663167938931297,0.33814497631291407
prefill,conversation,11,12,1,16,domain_oracle,525,8,0.3361904761904762,0.04,2.0,5.949008498583569,0.0,1.0
prefill,conversation,11,12,1,16,previous_window,525,8,0.3219047619047619,0.01904761904761905,2.0,6.21301775147929,0.0019083969465648854,0.9974643212744773
prefill,conversation,11,12,1,16,static,525,8,0.2969047619047619,0.022857142857142857,2.0,6.7361668003207695,0.0,1.0
prefill,conversation,11,12,1,16,transition,525,8,0.835,0.3161904761904762,2.0,2.395209580838323,0.4471612595419847,0.4228910590222561
prefill,conversation,11,12,1,32,domain_oracle,525,8,0.6314285714285715,0.18285714285714286,4.0,6.334841628959276,0.0,1.0
prefill,conversation,11,12,1,32,previous_window,525,8,0.6321428571428571,0.1180952380952381,4.0,6.327683615819209,0.00089456106870229,0.9985595155268547
prefill,conversation,11,12,1,32,static,525,8,0.6180952380952381,0.18285714285714286,4.0,6.471494607087828,0.0,1.0
prefill,conversation,11,12,1,32,transition,525,8,0.9583333333333334,0.7390476190476191,4.0,4.173913043478261,0.2826216603053435,0.5841519500344036
prefill,conversation,11,13,2,8,domain_oracle,525,8,0.18166666666666667,0.0,1.0,5.504587155963303,0.0,1.0
prefill,conversation,11,13,2,8,previous_window,525,8,0.15857142857142856,0.0,1.0,6.306306306306307,0.002385496183206107,0.9970919665576157
prefill,conversation,11,13,2,8,static,525,8,0.15928571428571428,0.0,1.0,6.278026905829597,0.0,1.0
prefill,conversation,11,13,2,8,transition,525,8,0.5830952380952381,0.005714285714285714,1.0,1.7149857084524296,0.5768129770992366,0.3450956592177956
prefill,conversation,11,13,2,16,domain_oracle,525,8,0.34023809523809523,0.0019047619047619048,2.0,5.8782365290412875,0.0,1.0
prefill,conversation,11,13,2,16,previous_window,525,8,0.3192857142857143,0.0019047619047619048,2.0,6.263982102908278,0.0020276717557251907,0.9973536895674301
prefill,conversation,11,13,2,16,static,525,8,0.3057142857142857,0.005714285714285714,2.0,6.542056074766355,0.0,1.0
prefill,conversation,11,13,2,16,transition,525,8,0.7897619047619048,0.24,2.0,2.5324088031353633,0.4637404580152672,0.4054995188740967
prefill,conversation,11,13,2,32,domain_oracle,525,8,0.5947619047619047,0.12761904761904763,4.0,6.725380304243394,0.0,1.0
prefill,conversation,11,13,2,32,previous_window,525,8,0.5983333333333334,0.0838095238095238,4.0,6.685236768802229,0.0013120229007633588,0.9980750082973782
prefill,conversation,11,13,2,32,static,525,8,0.5683333333333334,0.07428571428571429,4.0,7.038123167155425,0.0,1.0
prefill,conversation,11,13,2,32,transition,525,8,0.9238095238095239,0.6057142857142858,4.0,4.329896907216495,0.2878697519083969,0.5752847120561332
prefill,conversation,11,14,3,8,domain_oracle,525,8,0.18714285714285714,0.0,1.0,5.343511450381679,0.0,1.0
prefill,conversation,11,14,3,8,previous_window,525,8,0.16738095238095238,0.0,1.0,5.974395448079658,0.002385496183206107,0.9970919665576157
prefill,conversation,11,14,3,8,static,525,8,0.1742857142857143,0.0,1.0,5.737704918032787,0.0,1.0
prefill,conversation,11,14,3,8,transition,525,8,0.6245238095238095,0.03238095238095238,1.0,1.601219977125429,0.6040076335877863,0.31826256864424696
prefill,conversation,11,14,3,16,domain_oracle,525,8,0.31785714285714284,0.06095238095238095,2.0,6.292134831460674,0.0,1.0
prefill,conversation,11,14,3,16,previous_window,525,8,0.3138095238095238,0.030476190476190476,2.0,6.373292867981791,0.0022662213740458014,0.9971579565472696
prefill,conversation,11,14,3,16,static,525,8,0.31261904761904763,0.009523809523809525,2.0,6.397562833206398,0.0,1.0
prefill,conversation,11,14,3,16,transition,525,8,0.8192857142857143,0.31238095238095237,2.0,2.4411508282476024,0.4937977099236641,0.3884236132508153
prefill,conversation,11,14,3,32,domain_oracle,525,8,0.5842857142857143,0.14666666666666667,4.0,6.845965770171149,0.0,1.0
prefill,conversation,11,14,3,32,previous_window,525,8,0.5854761904761905,0.09523809523809523,4.0,6.832045546970313,0.0010734732824427481,0.9983385452939865
prefill,conversation,11,14,3,32,static,525,8,0.6030952380952381,0.1580952380952381,4.0,6.63245163837347,0.0,1.0
prefill,conversation,11,14,3,32,transition,525,8,0.9461904761904761,0.6647619047619048,4.0,4.227478610971313,0.2943702290076336,0.5670664062525339
prefill,conversation,12,13,1,8,domain_oracle,525,8,0.18166666666666667,0.0,1.0,5.504587155963303,0.0,1.0
prefill,conversation,12,13,1,8,previous_window,525,8,0.15857142857142856,0.0,1.0,6.306306306306307,0.002385496183206107,0.9970919665576157
prefill,conversation,12,13,1,8,static,525,8,0.15928571428571428,0.0,1.0,6.278026905829597,0.0,1.0
prefill,conversation,12,13,1,8,transition,525,8,0.6142857142857143,0.01904761904761905,1.0,1.627906976744186,0.5956583969465649,0.328371586005173
prefill,conversation,12,13,1,16,domain_oracle,525,8,0.34023809523809523,0.0019047619047619048,2.0,5.8782365290412875,0.0,1.0
prefill,conversation,12,13,1,16,previous_window,525,8,0.3192857142857143,0.0019047619047619048,2.0,6.263982102908278,0.0020276717557251907,0.9973536895674301
prefill,conversation,12,13,1,16,static,525,8,0.3057142857142857,0.005714285714285714,2.0,6.542056074766355,0.0,1.0
prefill,conversation,12,13,1,16,transition,525,8,0.7957142857142857,0.20952380952380953,2.0,2.5134649910233393,0.4807967557251908,0.4000490367873578
prefill,conversation,12,13,1,32,domain_oracle,525,8,0.5947619047619047,0.12761904761904763,4.0,6.725380304243394,0.0,1.0
prefill,conversation,12,13,1,32,previous_window,525,8,0.5983333333333334,0.0838095238095238,4.0,6.685236768802229,0.0013120229007633588,0.9980750082973782
prefill,conversation,12,13,1,32,static,525,8,0.5683333333333334,0.07428571428571429,4.0,7.038123167155425,0.0,1.0
prefill,conversation,12,13,1,32,transition,525,8,0.9430952380952381,0.660952380952381,4.0,4.24135319363797,0.30462786259541985,0.5585764805321948
prefill,conversation,12,14,2,8,domain_oracle,525,8,0.18714285714285714,0.0,1.0,5.343511450381679,0.0,1.0
prefill,conversation,12,14,2,8,previous_window,525,8,0.16738095238095238,0.0,1.0,5.974395448079658,0.002385496183206107,0.9970919665576157
prefill,conversation,12,14,2,8,static,525,8,0.1742857142857143,0.0,1.0,5.737704918032787,0.0,1.0
prefill,conversation,12,14,2,8,transition,525,8,0.6492857142857142,0.02857142857142857,1.0,1.54015401540154,0.6254770992366412,0.2988976248518223
prefill,conversation,12,14,2,16,domain_oracle,525,8,0.31785714285714284,0.06095238095238095,2.0,6.292134831460674,0.0,1.0
prefill,conversation,12,14,2,16,previous_window,525,8,0.3138095238095238,0.030476190476190476,2.0,6.373292867981791,0.0022662213740458014,0.9971579565472696
prefill,conversation,12,14,2,16,static,525,8,0.31261904761904763,0.009523809523809525,2.0,6.397562833206398,0.0,1.0
prefill,conversation,12,14,2,16,transition,525,8,0.8426190476190476,0.2838095238095238,2.0,2.3735518508053124,0.5114503816793893,0.37923432974848553
prefill,conversation,12,14,2,32,domain_oracle,525,8,0.5842857142857143,0.14666666666666667,4.0,6.845965770171149,0.0,1.0
prefill,conversation,12,14,2,32,previous_window,525,8,0.5854761904761905,0.09523809523809523,4.0,6.832045546970313,0.0010734732824427481,0.9983385452939865
prefill,conversation,12,14,2,32,static,525,8,0.6030952380952381,0.1580952380952381,4.0,6.63245163837347,0.0,1.0
prefill,conversation,12,14,2,32,transition,525,8,0.955952380952381,0.700952380952381,4.0,4.184308841843088,0.3181655534351145,0.5410208412891753
prefill,conversation,12,15,3,8,domain_oracle,525,8,0.18666666666666668,0.0,1.0,5.357142857142857,0.0,1.0
prefill,conversation,12,15,3,8,previous_window,525,8,0.1488095238095238,0.0,1.0,6.72,0.0028625954198473282,0.9967508318653356
prefill,conversation,12,15,3,8,static,525,8,0.1707142857142857,0.0,1.0,5.857740585774058,0.0,1.0
prefill,conversation,12,15,3,8,transition,525,8,0.5566666666666666,0.007619047619047619,1.0,1.7964071856287425,0.5801526717557252,0.32933491444941754
prefill,conversation,12,15,3,16,domain_oracle,525,8,0.3416666666666667,0.04,2.0,5.853658536585366,0.0,1.0
prefill,conversation,12,15,3,16,previous_window,525,8,0.3173809523809524,0.02095238095238095,2.0,6.301575393848462,0.0020276717557251907,0.9973536895674299
prefill,conversation,12,15,3,16,static,525,8,0.3264285714285714,0.0019047619047619048,2.0,6.12691466083151,0.0,1.0
prefill,conversation,12,15,3,16,transition,525,8,0.7704761904761904,0.19428571428571428,2.0,2.595797280593325,0.4459685114503817,0.4380025536052831
prefill,conversation,12,15,3,32,domain_oracle,525,8,0.6261904761904762,0.09904761904761905,4.0,6.387832699619772,0.0,1.0
prefill,conversation,12,15,3,32,previous_window,525,8,0.6176190476190476,0.05714285714285714,4.0,6.4764841942945255,0.0010138358778625954,0.998406173978693
prefill,conversation,12,15,3,32,static,525,8,0.6057142857142858,0.09142857142857143,4.0,6.60377358490566,0.0,1.0
prefill,conversation,12,15,3,32,transition,525,8,0.945,0.6704761904761904,4.0,4.232804232804233,0.29508587786259544,0.5679704945033569
prefill,conversation,13,14,1,8,domain_oracle,525,8,0.18714285714285714,0.0,1.0,5.343511450381679,0.0,1.0
prefill,conversation,13,14,1,8,previous_window,525,8,0.16738095238095238,0.0,1.0,5.974395448079658,0.002385496183206107,0.9970919665576157
prefill,conversation,13,14,1,8,static,525,8,0.1742857142857143,0.0,1.0,5.737704918032787,0.0,1.0
prefill,conversation,13,14,1,8,transition,525,8,0.6471428571428571,0.009523809523809525,1.0,1.5452538631346577,0.6168893129770993,0.3113195540676448
prefill,conversation,13,14,1,16,domain_oracle,525,8,0.31785714285714284,0.06095238095238095,2.0,6.292134831460674,0.0,1.0
prefill,conversation,13,14,1,16,previous_window,525,8,0.3138095238095238,0.030476190476190476,2.0,6.373292867981791,0.0022662213740458014,0.9971579565472696
prefill,conversation,13,14,1,16,static,525,8,0.31261904761904763,0.009523809523809525,2.0,6.397562833206398,0.0,1.0
prefill,conversation,13,14,1,16,transition,525,8,0.8442857142857143,0.31238095238095237,2.0,2.3688663282571913,0.5066793893129771,0.38071338492730766
prefill,conversation,13,14,1,32,domain_oracle,525,8,0.5842857142857143,0.14666666666666667,4.0,6.845965770171149,0.0,1.0
prefill,conversation,13,14,1,32,previous_window,525,8,0.5854761904761905,0.09523809523809523,4.0,6.832045546970313,0.0010734732824427481,0.9983385452939865
prefill,conversation,13,14,1,32,static,525,8,0.6030952380952381,0.1580952380952381,4.0,6.63245163837347,0.0,1.0
prefill,conversation,13,14,1,32,transition,525,8,0.9557142857142857,0.7104761904761905,4.0,4.185351270553064,0.3123807251908397,0.5453840897871467
prefill,conversation,13,15,2,8,domain_oracle,525,8,0.18666666666666668,0.0,1.0,5.357142857142857,0.0,1.0
prefill,conversation,13,15,2,8,previous_window,525,8,0.1488095238095238,0.0,1.0,6.72,0.0028625954198473282,0.9967508318653356
prefill,conversation,13,15,2,8,static,525,8,0.1707142857142857,0.0,1.0,5.857740585774058,0.0,1.0
prefill,conversation,13,15,2,8,transition,525,8,0.5661904761904762,0.0038095238095238095,1.0,1.7661900756938604,0.5854007633587787,0.3211639929197171
prefill,conversation,13,15,2,16,domain_oracle,525,8,0.3416666666666667,0.04,2.0,5.853658536585366,0.0,1.0
prefill,conversation,13,15,2,16,previous_window,525,8,0.3173809523809524,0.02095238095238095,2.0,6.301575393848462,0.0020276717557251907,0.9973536895674299
prefill,conversation,13,15,2,16,static,525,8,0.3264285714285714,0.0019047619047619048,2.0,6.12691466083151,0.0,1.0
prefill,conversation,13,15,2,16,transition,525,8,0.7835714285714286,0.21714285714285714,2.0,2.552415679124886,0.45145515267175573,0.42714818110636216
prefill,conversation,13,15,2,32,domain_oracle,525,8,0.6261904761904762,0.09904761904761905,4.0,6.387832699619772,0.0,1.0
prefill,conversation,13,15,2,32,previous_window,525,8,0.6176190476190476,0.05714285714285714,4.0,6.4764841942945255,0.0010138358778625954,0.998406173978693
prefill,conversation,13,15,2,32,static,525,8,0.6057142857142858,0.09142857142857143,4.0,6.60377358490566,0.0,1.0
prefill,conversation,13,15,2,32,transition,525,8,0.9454761904761905,0.6933333333333334,4.0,4.230672374716696,0.28900286259541985,0.570965476981311
prefill,conversation,14,15,1,8,domain_oracle,525,8,0.18666666666666668,0.0,1.0,5.357142857142857,0.0,1.0
prefill,conversation,14,15,1,8,previous_window,525,8,0.1488095238095238,0.0,1.0,6.72,0.0028625954198473282,0.9967508318653356
prefill,conversation,14,15,1,8,static,525,8,0.1707142857142857,0.0,1.0,5.857740585774058,0.0,1.0
prefill,conversation,14,15,1,8,transition,525,8,0.5671428571428572,0.011428571428571429,1.0,1.7632241813602014,0.5880248091603053,0.3261259944466044
prefill,conversation,14,15,1,16,domain_oracle,525,8,0.3416666666666667,0.04,2.0,5.853658536585366,0.0,1.0
prefill,conversation,14,15,1,16,previous_window,525,8,0.3173809523809524,0.02095238095238095,2.0,6.301575393848462,0.0020276717557251907,0.9973536895674299
prefill,conversation,14,15,1,16,static,525,8,0.3264285714285714,0.0019047619047619048,2.0,6.12691466083151,0.0,1.0
prefill,conversation,14,15,1,16,transition,525,8,0.7854761904761904,0.18857142857142858,2.0,2.5462261291300394,0.45133587786259544,0.4325957531143884
prefill,conversation,14,15,1,32,domain_oracle,525,8,0.6261904761904762,0.09904761904761905,4.0,6.387832699619772,0.0,1.0
prefill,conversation,14,15,1,32,previous_window,525,8,0.6176190476190476,0.05714285714285714,4.0,6.4764841942945255,0.0010138358778625954,0.998406173978693
prefill,conversation,14,15,1,32,static,525,8,0.6057142857142858,0.09142857142857143,4.0,6.60377358490566,0.0,1.0
prefill,conversation,14,15,1,32,transition,525,8,0.9492857142857143,0.6857142857142857,4.0,4.213694507148232,0.2946087786259542,0.5671731188998946
prefill,general,0,1,1,8,domain_oracle,1604,8,0.2552213216957606,0.0,1.0,3.9181679389312976,0.0,1.0
prefill,general,0,1,1,8,previous_window,1604,8,0.22093204488778054,0.0,1.0,4.526278659611993,0.001013724266999376,0.9985784230325715
prefill,general,0,1,1,8,static,1604,8,0.21173628428927682,0.0,1.0,4.722856091277144,0.0,1.0
prefill,general,0,1,1,8,transition,1604,8,0.35629675810473815,0.0,1.0,2.8066491688538933,0.360495945102932,0.4927083036877297
prefill,general,0,1,1,16,domain_oracle,1604,8,0.4063279301745636,0.0,2.0,4.922132719601074,0.0,1.0
prefill,general,0,1,1,16,previous_window,1604,8,0.38668952618453867,0.0012468827930174563,2.0,5.172108020959291,0.0008577666874610106,0.9987497809345004
prefill,general,0,1,1,16,static,1604,8,0.3845074812967581,0.0006234413965087282,2.0,5.2014592622618565,0.0,1.0
prefill,general,0,1,1,16,transition,1604,8,0.5841645885286783,0.046758104738154616,2.0,3.423692636072572,0.38923112913287583,0.4545199906939457
prefill,general,0,1,1,32,domain_oracle,1604,8,0.6606920199501247,0.04488778054862843,4.0,6.054258079735787,0.0,1.0
prefill,general,0,1,1,32,previous_window,1604,8,0.6497038653366584,0.03678304239401496,4.0,6.156651073527648,0.0005653462258265752,0.9990840492704377
prefill,general,0,1,1,32,static,1604,8,0.6535224438902744,0.060473815461346635,4.0,6.12067731934176,0.0,1.0
prefill,general,0,1,1,32,transition,1604,8,0.7831203241895262,0.24438902743142144,4.0,5.107771917603742,0.2467638802245789,0.6116673809443559
prefill,general,0,2,2,8,domain_oracle,1604,8,0.20534600997506233,0.0,1.0,4.8698292220113855,0.0,1.0
prefill,general,0,2,2,8,previous_window,1604,8,0.19248753117206982,0.0,1.0,5.195141700404858,0.001481597005614473,0.998153645065685
prefill,general,0,2,2,8,static,1604,8,0.1641209476309227,0.0,1.0,6.09306742640076,0.0,1.0
prefill,general,0,2,2,8,transition,1604,8,0.26535224438902744,0.0,1.0,3.768575624082232,0.38474734872114785,0.47358177277080377
prefill,general,0,2,2,16,domain_oracle,1604,8,0.3679862842892768,0.0,2.0,5.434985175772978,0.0,1.0
prefill,general,0,2,2,16,previous_window,1604,8,0.35473815461346636,0.0,2.0,5.637961335676626,0.0012086712414223332,0.9983787973307624
prefill,general,0,2,2,16,static,1604,8,0.3219295511221945,0.011221945137157107,2.0,6.212539336722343,0.0,1.0
prefill,general,0,2,2,16,transition,1604,8,0.4661783042394015,0.03740648379052369,2.0,4.29020394516884,0.3124610106051154,0.538956977251462
prefill,general,0,2,2,32,domain_oracle,1604,8,0.6486128428927681,0.064214463840399,4.0,6.1670070887901,0.0,1.0
prefill,general,0,2,2,32,previous_window,1604,8,0.63606608478803,0.04800498753117207,4.0,6.2886547414849305,0.0006628197130380537,0.9989590760978356
prefill,general,0,2,2,32,static,1604,8,0.595074812967581,0.06546134663341646,4.0,6.721843897328444,0.0,1.0
prefill,general,0,2,2,32,transition,1604,8,0.7538965087281796,0.21758104738154613,4.0,5.3057680380401075,0.23161650031191516,0.6321509944815928
prefill,general,0,3,3,8,domain_oracle,1604,8,0.21220386533665836,0.0,1.0,4.712449504223283,0.0,1.0
prefill,general,0,3,3,8,previous_window,1604,8,0.21734725685785536,0.0,1.0,4.600932233775547,0.0013256394260761073,0.9982841030875966
prefill,general,0,3,3,8,static,1604,8,0.14541770573566085,0.0,1.0,6.876741693461951,0.0,1.0
prefill,general,0,3,3,8,transition,1604,8,0.2948098503740648,0.0,1.0,3.3920169177901136,0.40315034310667497,0.4528140190024245
prefill,general,0,3,3,16,domain_oracle,1604,8,0.39557356608478805,0.0018703241895261845,2.0,5.055949566587865,0.0,1.0
prefill,general,0,3,3,16,previous_window,1604,8,0.3682980049875312,0.0,2.0,5.43038510368176,0.001091703056768559,0.9984943345099574
prefill,general,0,3,3,16,static,1604,8,0.324890897755611,0.0,2.0,6.155912688894219,0.0,1.0
prefill,general,0,3,3,16,transition,1604,8,0.5219763092269327,0.05236907730673317,2.0,3.8315915198566737,0.35035870243293826,0.5007372570571563
prefill,general,0,3,3,32,domain_oracle,1604,8,0.6770573566084788,0.08291770573566085,4.0,5.907918968692449,0.0,1.0
prefill,general,0,3,3,32,previous_window,1604,8,0.6451059850374065,0.057356608478802994,4.0,6.200531529354917,0.0006433250155957579,0.9989825300435942
prefill,general,0,3,3,32,static,1604,8,0.6105829177057357,0.09912718204488778,4.0,6.55111678366305,0.0,1.0
prefill,general,0,3,3,32,transition,1604,8,0.7687032418952618,0.23379052369077308,4.0,5.2035685320356855,0.2182626325639426,0.6503881234517265
prefill,general,1,2,1,8,domain_oracle,1604,8,0.20534600997506233,0.0,1.0,4.8698292220113855,0.0,1.0
prefill,general,1,2,1,8,previous_window,1604,8,0.19248753117206982,0.0,1.0,5.195141700404858,0.001481597005614473,0.998153645065685
prefill,general,1,2,1,8,static,1604,8,0.1641209476309227,0.0,1.0,6.09306742640076,0.0,1.0
prefill,general,1,2,1,8,transition,1604,8,0.31709788029925184,0.0006234413965087282,1.0,3.1536003932170065,0.4075171553337492,0.4500687501311417
prefill,general,1,2,1,16,domain_oracle,1604,8,0.3679862842892768,0.0,2.0,5.434985175772978,0.0,1.0
prefill,general,1,2,1,16,previous_window,1604,8,0.35473815461346636,0.0,2.0,5.637961335676626,0.0012086712414223332,0.9983787973307624
prefill,general,1,2,1,16,static,1604,8,0.3219295511221945,0.011221945137157107,2.0,6.212539336722343,0.0,1.0
prefill,general,1,2,1,16,transition,1604,8,0.5416147132169576,0.05798004987531172,2.0,3.692661870503597,0.3391297567061759,0.5113059940718148
prefill,general,1,2,1,32,domain_oracle,1604,8,0.6486128428927681,0.064214463840399,4.0,6.1670070887901,0.0,1.0
prefill,general,1,2,1,32,previous_window,1604,8,0.63606608478803,0.04800498753117207,4.0,6.2886547414849305,0.0006628197130380537,0.9989590760978356
prefill,general,1,2,1,32,static,1604,8,0.595074812967581,0.06546134663341646,4.0,6.721843897328444,0.0,1.0
prefill,general,1,2,1,32,transition,1604,8,0.8066552369077307,0.28491271820448877,4.0,4.958747947058256,0.23705552089831566,0.6244990415243602
prefill,general,1,3,2,8,domain_oracle,1604,8,0.21220386533665836,0.0,1.0,4.712449504223283,0.0,1.0
prefill,general,1,3,2,8,previous_window,1604,8,0.21734725685785536,0.0,1.0,4.600932233775547,0.0013256394260761073,0.9982841030875966
prefill,general,1,3,2,8,static,1604,8,0.14541770573566085,0.0,1.0,6.876741693461951,0.0,1.0
prefill,general,1,3,2,8,transition,1604,8,0.342425187032419,0.0,1.0,2.920345926263086,0.4239706799750468,0.43112528976534753
prefill,general,1,3,2,16,domain_oracle,1604,8,0.39557356608478805,0.0018703241895261845,2.0,5.055949566587865,0.0,1.0
prefill,general,1,3,2,16,previous_window,1604,8,0.3682980049875312,0.0,2.0,5.43038510368176,0.001091703056768559,0.9984943345099574
prefill,general,1,3,2,16,static,1604,8,0.324890897755611,0.0,2.0,6.155912688894219,0.0,1.0
prefill,general,1,3,2,16,transition,1604,8,0.5838528678304239,0.07917705735660847,2.0,3.425520555258943,0.3359326263256394,0.5133351882366138
prefill,general,1,3,2,32,domain_oracle,1604,8,0.6770573566084788,0.08291770573566085,4.0,5.907918968692449,0.0,1.0
prefill,general,1,3,2,32,previous_window,1604,8,0.6451059850374065,0.057356608478802994,4.0,6.200531529354917,0.0006433250155957579,0.9989825300435942
prefill,general,1,3,2,32,static,1604,8,0.6105829177057357,0.09912718204488778,4.0,6.55111678366305,0.0,1.0
prefill,general,1,3,2,32,transition,1604,8,0.8057980049875312,0.2948877805486284,4.0,4.964023210831721,0.20635137242669993,0.6652827132343798
prefill,general,1,4,3,8,domain_oracle,1604,8,0.2274781795511222,0.0,1.0,4.396026036313806,0.0,1.0
prefill,general,1,4,3,8,previous_window,1604,8,0.22810162094763092,0.0,1.0,4.384010932695593,0.0014036182158452901,0.9982084872914568
prefill,general,1,4,3,8,static,1604,8,0.1172069825436409,0.0,1.0,8.53191489361702,0.0,1.0
prefill,general,1,4,3,8,transition,1604,8,0.3038497506234414,0.0,1.0,3.2911002821236215,0.3723487211478478,0.479620261903492
prefill,general,1,4,3,16,domain_oracle,1604,8,0.4081203241895262,0.0,2.0,4.900515562344854,0.0,1.0
prefill,general,1,4,3,16,previous_window,1604,8,0.3926122194513716,0.0,2.0,5.094084954346963,0.001013724266999376,0.9985670571799841
prefill,general,1,4,3,16,static,1604,8,0.30665523690773067,0.0,2.0,6.521982210927573,0.0,1.0
prefill,general,1,4,3,16,transition,1604,8,0.5355361596009975,0.033042394014962596,2.0,3.7345750873108265,0.3102386150966937,0.5414744774360949
prefill,general,1,4,3,32,domain_oracle,1604,8,0.6578086034912718,0.09538653366583541,4.0,6.080796114204478,0.0,1.0
prefill,general,1,4,3,32,previous_window,1604,8,0.6597568578553616,0.046758104738154616,4.0,6.062839593668793,0.0006823144104803493,0.9989407238636231
prefill,general,1,4,3,32,static,1604,8,0.5970230673316709,0.07294264339152119,4.0,6.699908628116434,0.0,1.0
prefill,general,1,4,3,32,transition,1604,8,0.779925187032419,0.2144638403990025,4.0,5.128697042366107,0.18459529008109793,0.6956064252460289
prefill,general,2,3,1,8,domain_oracle,1604,8,0.21220386533665836,0.0,1.0,4.712449504223283,0.0,1.0
prefill,general,2,3,1,8,previous_window,1604,8,0.21734725685785536,0.0,1.0,4.600932233775547,0.0013256394260761073,0.9982841030875966
prefill,general,2,3,1,8,static,1604,8,0.14541770573566085,0.0,1.0,6.876741693461951,0.0,1.0
prefill,general,2,3,1,8,transition,1604,8,0.4565149625935162,0.0,1.0,2.190508706043018,0.5123986275733,0.3664656269771713
prefill,general,2,3,1,16,domain_oracle,1604,8,0.39557356608478805,0.0018703241895261845,2.0,5.055949566587865,0.0,1.0
prefill,general,2,3,1,16,previous_window,1604,8,0.3682980049875312,0.0,2.0,5.43038510368176,0.001091703056768559,0.9984943345099574
prefill,general,2,3,1,16,static,1604,8,0.324890897755611,0.0,2.0,6.155912688894219,0.0,1.0
prefill,general,2,3,1,16,transition,1604,8,0.6867206982543641,0.07044887780548628,2.0,2.9123921924648206,0.3810823456019963,0.48024556883743785
prefill,general,2,3,1,32,domain_oracle,1604,8,0.6770573566084788,0.08291770573566085,4.0,5.907918968692449,0.0,1.0
prefill,general,2,3,1,32,previous_window,1604,8,0.6451059850374065,0.057356608478802994,4.0,6.200531529354917,0.0006433250155957579,0.9989825300435942
prefill,general,2,3,1,32,static,1604,8,0.6105829177057357,0.09912718204488778,4.0,6.55111678366305,0.0,1.0
prefill,general,2,3,1,32,transition,1604,8,0.8954177057356608,0.4694513715710723,4.0,4.467188859878155,0.2332345601996257,0.6349551322862886
prefill,general,2,4,2,8,domain_oracle,1604,8,0.2274781795511222,0.0,1.0,4.396026036313806,0.0,1.0
prefill,general,2,4,2,8,previous_window,1604,8,0.22810162094763092,0.0,1.0,4.384010932695593,0.0014036182158452901,0.9982084872914568
prefill,general,2,4,2,8,static,1604,8,0.1172069825436409,0.0,1.0,8.53191489361702,0.0,1.0
prefill,general,2,4,2,8,transition,1604,8,0.40648379052369077,0.0,1.0,2.460122699386503,0.42514036182158454,0.4379052291716112
prefill,general,2,4,2,16,domain_oracle,1604,8,0.4081203241895262,0.0,2.0,4.900515562344854,0.0,1.0
prefill,general,2,4,2,16,previous_window,1604,8,0.3926122194513716,0.0,2.0,5.094084954346963,0.001013724266999376,0.9985670571799841
prefill,general,2,4,2,16,static,1604,8,0.30665523690773067,0.0,2.0,6.521982210927573,0.0,1.0
prefill,general,2,4,2,16,transition,1604,8,0.6482231920199502,0.05860349127182045,2.0,3.085357056984852,0.35835152838427947,0.5032884861956796
prefill,general,2,4,2,32,domain_oracle,1604,8,0.6578086034912718,0.09538653366583541,4.0,6.080796114204478,0.0,1.0
prefill,general,2,4,2,32,previous_window,1604,8,0.6597568578553616,0.046758104738154616,4.0,6.062839593668793,0.0006823144104803493,0.9989407238636231
prefill,general,2,4,2,32,static,1604,8,0.5970230673316709,0.07294264339152119,4.0,6.699908628116434,0.0,1.0
prefill,general,2,4,2,32,transition,1604,8,0.8621415211970075,0.36097256857855364,4.0,4.6396095091747265,0.22843886462882096,0.6410602776772847
prefill,general,2,5,3,8,domain_oracle,1604,8,0.24368765586034913,0.0,1.0,4.103613687240166,0.0,1.0
prefill,general,2,5,3,8,previous_window,1604,8,0.19755299251870323,0.0,1.0,5.061932938856016,0.0017155333749220212,0.9979872903141773
prefill,general,2,5,3,8,static,1604,8,0.12523379052369077,0.0,1.0,7.985065339141257,0.0,1.0
prefill,general,2,5,3,8,transition,1604,8,0.36673940149625933,0.0,1.0,2.7267318317042073,0.4329382407985028,0.4380706837350706
prefill,general,2,5,3,16,domain_oracle,1604,8,0.423784289276808,0.0024937655860349127,2.0,4.719382125781538,0.0,1.0
prefill,general,2,5,3,16,previous_window,1604,8,0.3531795511221945,0.0006234413965087282,2.0,5.662842012356576,0.0013256394260761073,0.9982724698881904
prefill,general,2,5,3,16,static,1604,8,0.2811720698254364,0.0,2.0,7.113082039911308,0.0,1.0
prefill,general,2,5,3,16,transition,1604,8,0.6212593516209476,0.05860349127182045,2.0,3.219267436026091,0.3514893948845914,0.5116245700388317
prefill,general,2,5,3,32,domain_oracle,1604,8,0.6872662094763092,0.09102244389027432,4.0,5.820161015988207,0.0,1.0
prefill,general,2,5,3,32,previous_window,1604,8,0.633572319201995,0.0442643391521197,4.0,6.3134071340713405,0.0006238303181534623,0.9990181671072229
prefill,general,2,5,3,32,static,1604,8,0.627649625935162,0.06109725685785536,4.0,6.372982369009188,0.0,1.0
prefill,general,2,5,3,32,transition,1604,8,0.8500623441396509,0.35349127182044887,4.0,4.705537220388705,0.20592248908296942,0.6687342889559726
prefill,general,3,4,1,8,domain_oracle,1604,8,0.2274781795511222,0.0,1.0,4.396026036313806,0.0,1.0
prefill,general,3,4,1,8,previous_window,1604,8,0.22810162094763092,0.0,1.0,4.384010932695593,0.0014036182158452901,0.9982084872914568
prefill,general,3,4,1,8,static,1604,8,0.1172069825436409,0.0,1.0,8.53191489361702,0.0,1.0
prefill,general,3,4,1,8,transition,1604,8,0.46313902743142144,0.0006234413965087282,1.0,2.1591788658926467,0.4787117903930131,0.395333300511098
prefill,general,3,4,1,16,domain_oracle,1604,8,0.4081203241895262,0.0,2.0,4.900515562344854,0.0,1.0
prefill,general,3,4,1,16,previous_window,1604,8,0.3926122194513716,0.0,2.0,5.094084954346963,0.001013724266999376,0.9985670571799841
prefill,general,3,4,1,16,static,1604,8,0.30665523690773067,0.0,2.0,6.521982210927573,0.0,1.0
prefill,general,3,4,1,16,transition,1604,8,0.7072163341645885,0.0928927680798005,2.0,2.8279889807162535,0.3750389893948846,0.49021482386162374
prefill,general,3,4,1,32,domain_oracle,1604,8,0.6578086034912718,0.09538653366583541,4.0,6.080796114204478,0.0,1.0
prefill,general,3,4,1,32,previous_window,1604,8,0.6597568578553616,0.046758104738154616,4.0,6.062839593668793,0.0006823144104803493,0.9989407238636231
prefill,general,3,4,1,32,static,1604,8,0.5970230673316709,0.07294264339152119,4.0,6.699908628116434,0.0,1.0
prefill,general,3,4,1,32,transition,1604,8,0.8994700748129676,0.4800498753117207,4.0,4.447062900710449,0.2582657517155334,0.6104583499435783
prefill,general,3,5,2,8,domain_oracle,1604,8,0.24368765586034913,0.0,1.0,4.103613687240166,0.0,1.0
prefill,general,3,5,2,8,previous_window,1604,8,0.19755299251870323,0.0,1.0,5.061932938856016,0.0017155333749220212,0.9979872903141773
prefill,general,3,5,2,8,static,1604,8,0.12523379052369077,0.0,1.0,7.985065339141257,0.0,1.0
prefill,general,3,5,2,8,transition,1604,8,0.42565461346633415,0.0006234413965087282,1.0,2.3493225924569754,0.48151902682470366,0.40096903166148884
prefill,general,3,5,2,16,domain_oracle,1604,8,0.423784289276808,0.0024937655860349127,2.0,4.719382125781538,0.0,1.0
prefill,general,3,5,2,16,previous_window,1604,8,0.3531795511221945,0.0006234413965087282,2.0,5.662842012356576,0.0013256394260761073,0.9982724698881904
prefill,general,3,5,2,16,static,1604,8,0.2811720698254364,0.0,2.0,7.113082039911308,0.0,1.0
prefill,general,3,5,2,16,transition,1604,8,0.6687967581047382,0.09538653366583541,2.0,2.9904451176881848,0.3880614472863381,0.47967082562325464
prefill,general,3,5,2,32,domain_oracle,1604,8,0.6872662094763092,0.09102244389027432,4.0,5.820161015988207,0.0,1.0
prefill,general,3,5,2,32,previous_window,1604,8,0.633572319201995,0.0442643391521197,4.0,6.3134071340713405,0.0006238303181534623,0.9990181671072229
prefill,general,3,5,2,32,static,1604,8,0.627649625935162,0.06109725685785536,4.0,6.372982369009188,0.0,1.0
prefill,general,3,5,2,32,transition,1604,8,0.8953397755610972,0.49688279301745636,4.0,4.467577683001132,0.2503509045539613,0.619078248030694
prefill,general,3,6,3,8,domain_oracle,1604,8,0.24586970074812967,0.0,1.0,4.067194928684628,0.0,1.0
prefill,general,3,6,3,8,previous_window,1604,8,0.22685473815461346,0.0,1.0,4.408107179663346,0.001481597005614473,0.9981536450656849
prefill,general,3,6,3,8,static,1604,8,0.13505299251870323,0.0,1.0,7.404500865551068,0.0,1.0
prefill,general,3,6,3,8,transition,1604,8,0.45557980049875313,0.004364089775561097,1.0,2.1950051317139923,0.4874454148471616,0.39072111087083544
prefill,general,3,6,3,16,domain_oracle,1604,8,0.4217581047381546,0.0006234413965087282,2.0,4.742054693274206,0.0,1.0
prefill,general,3,6,3,16,previous_window,1604,8,0.3641677057356609,0.0006234413965087282,2.0,5.4919751765461156,0.0016375545851528383,0.9980259236154433
prefill,general,3,6,3,16,static,1604,8,0.2785224438902743,0.009351620947630923,2.0,7.180749860100727,0.0,1.0
prefill,general,3,6,3,16,transition,1604,8,0.6626402743142145,0.08104738154613467,2.0,3.018228860402211,0.3747660636306924,0.49379201805419337
prefill,general,3,6,3,32,domain_oracle,1604,8,0.7097100997506235,0.08104738154613467,4.0,5.636104095750522,0.0,1.0
prefill,general,3,6,3,32,previous_window,1604,8,0.6649002493765586,0.040523690773067333,4.0,6.015939990623535,0.0007992825951341235,0.9987960489824372
prefill,general,3,6,3,32,static,1604,8,0.6494700748129676,0.07169576059850374,4.0,6.158867290616751,0.0,1.0
prefill,general,3,6,3,32,transition,1604,8,0.8898067331670823,0.47942643391521195,4.0,4.495358206340866,0.23091469120399252,0.6430032798488315
prefill,general,4,5,1,8,domain_oracle,1604,8,0.24368765586034913,0.0,1.0,4.103613687240166,0.0,1.0
prefill,general,4,5,1,8,previous_window,1604,8,0.19755299251870323,0.0,1.0,5.061932938856016,0.0017155333749220212,0.9979872903141773
prefill,general,4,5,1,8,static,1604,8,0.12523379052369077,0.0,1.0,7.985065339141257,0.0,1.0
prefill,general,4,5,1,8,transition,1604,8,0.46165835411471323,0.0012468827930174563,1.0,2.1661039837947333,0.4795695570804741,0.4061122630055941
prefill,general,4,5,1,16,domain_oracle,1604,8,0.423784289276808,0.0024937655860349127,2.0,4.719382125781538,0.0,1.0
prefill,general,4,5,1,16,previous_window,1604,8,0.3531795511221945,0.0006234413965087282,2.0,5.662842012356576,0.0013256394260761073,0.9982724698881904
prefill,general,4,5,1,16,static,1604,8,0.2811720698254364,0.0,2.0,7.113082039911308,0.0,1.0
prefill,general,4,5,1,16,transition,1604,8,0.7059694513715711,0.13341645885286782,2.0,2.8329837730433822,0.3759357454772302,0.4979823328498637
prefill,general,4,5,1,32,domain_oracle,1604,8,0.6872662094763092,0.09102244389027432,4.0,5.820161015988207,0.0,1.0
prefill,general,4,5,1,32,previous_window,1604,8,0.633572319201995,0.0442643391521197,4.0,6.3134071340713405,0.0006238303181534623,0.9990181671072229
prefill,general,4,5,1,32,static,1604,8,0.627649625935162,0.06109725685785536,4.0,6.372982369009188,0.0,1.0
prefill,general,4,5,1,32,transition,1604,8,0.9031327930174564,0.493142144638404,4.0,4.429027526102338,0.23261072988147224,0.6415959169962959
prefill,general,4,6,2,8,domain_oracle,1604,8,0.24586970074812967,0.0,1.0,4.067194928684628,0.0,1.0
prefill,general,4,6,2,8,previous_window,1604,8,0.22685473815461346,0.0,1.0,4.408107179663346,0.001481597005614473,0.9981536450656849
prefill,general,4,6,2,8,static,1604,8,0.13505299251870323,0.0,1.0,7.404500865551068,0.0,1.0
prefill,general,4,6,2,8,transition,1604,8,0.48285536159601,0.0024937655860349127,1.0,2.0710135571336346,0.4762164691203993,0.4101230993308414
prefill,general,4,6,2,16,domain_oracle,1604,8,0.4217581047381546,0.0006234413965087282,2.0,4.742054693274206,0.0,1.0
prefill,general,4,6,2,16,previous_window,1604,8,0.3641677057356609,0.0006234413965087282,2.0,5.4919751765461156,0.0016375545851528383,0.9980259236154433
prefill,general,4,6,2,16,static,1604,8,0.2785224438902743,0.009351620947630923,2.0,7.180749860100727,0.0,1.0
prefill,general,4,6,2,16,transition,1604,8,0.6863310473815462,0.10286783042394015,2.0,2.914045645509254,0.35952121023081723,0.5151403482898363
prefill,general,4,6,2,32,domain_oracle,1604,8,0.7097100997506235,0.08104738154613467,4.0,5.636104095750522,0.0,1.0
prefill,general,4,6,2,32,previous_window,1604,8,0.6649002493765586,0.040523690773067333,4.0,6.015939990623535,0.0007992825951341235,0.9987960489824372
prefill,general,4,6,2,32,static,1604,8,0.6494700748129676,0.07169576059850374,4.0,6.158867290616751,0.0,1.0
prefill,general,4,6,2,32,transition,1604,8,0.90321072319202,0.5187032418952618,4.0,4.428645383951682,0.22116734248284467,0.6558311401590134
prefill,general,4,7,3,8,domain_oracle,1604,8,0.21875,0.0,1.0,4.571428571428571,0.0,1.0
prefill,general,4,7,3,8,previous_window,1604,8,0.23145261845386533,0.0,1.0,4.32053872053872,0.0012476606363069245,0.9983688592546983
prefill,general,4,7,3,8,static,1604,8,0.1320916458852868,0.0,1.0,7.570501474926254,0.0,1.0
prefill,general,4,7,3,8,transition,1604,8,0.49096009975062344,0.0006234413965087282,1.0,2.036825396825397,0.4912663755458515,0.3945479487588092
prefill,general,4,7,3,16,domain_oracle,1604,8,0.4266677057356609,0.006234413965087282,2.0,4.6874885844748855,0.0,1.0
prefill,general,4,7,3,16,previous_window,1604,8,0.39300187032418954,0.003117206982543641,2.0,5.089034304977196,0.0009747348721147848,0.9986032212563987
prefill,general,4,7,3,16,static,1604,8,0.31296758104738154,0.016209476309226933,2.0,6.390438247011952,0.0,1.0
prefill,general,4,7,3,16,transition,1604,8,0.7100218204488778,0.11097256857855362,2.0,2.8168148392053562,0.39613225202744856,0.4744477252402238
prefill,general,4,7,3,32,domain_oracle,1604,8,0.6925654613466334,0.06296758104738155,4.0,5.775627320805671,0.0,1.0
prefill,general,4,7,3,32,previous_window,1604,8,0.6658354114713217,0.06172069825436409,4.0,6.007490636704119,0.0006628197130380537,0.9989555900028643
prefill,general,4,7,3,32,static,1604,8,0.6403522443890274,0.08104738154613467,4.0,6.24656200559815,0.0,1.0
prefill,general,4,7,3,32,transition,1604,8,0.8936253117206983,0.4532418952618454,4.0,4.476148949158454,0.23352698066126013,0.6404395425834748
prefill,general,5,6,1,8,domain_oracle,1604,8,0.24586970074812967,0.0,1.0,4.067194928684628,0.0,1.0
prefill,general,5,6,1,8,previous_window,1604,8,0.22685473815461346,0.0,1.0,4.408107179663346,0.001481597005614473,0.9981536450656849
prefill,general,5,6,1,8,static,1604,8,0.13505299251870323,0.0,1.0,7.404500865551068,0.0,1.0
prefill,general,5,6,1,8,transition,1604,8,0.5088840399002493,0.0,1.0,1.965084226646248,0.4837024329382408,0.4043637377386645
prefill,general,5,6,1,16,domain_oracle,1604,8,0.4217581047381546,0.0006234413965087282,2.0,4.742054693274206,0.0,1.0
prefill,general,5,6,1,16,previous_window,1604,8,0.3641677057356609,0.0006234413965087282,2.0,5.4919751765461156,0.0016375545851528383,0.9980259236154433
prefill,general,5,6,1,16,static,1604,8,0.2785224438902743,0.009351620947630923,2.0,7.180749860100727,0.0,1.0
prefill,general,5,6,1,16,transition,1604,8,0.7249844139650873,0.12718204488778054,2.0,2.758679995700312,0.37733936369307547,0.4954650680452626
prefill,general,5,6,1,32,domain_oracle,1604,8,0.7097100997506235,0.08104738154613467,4.0,5.636104095750522,0.0,1.0
prefill,general,5,6,1,32,previous_window,1604,8,0.6649002493765586,0.040523690773067333,4.0,6.015939990623535,0.0007992825951341235,0.9987960489824372
prefill,general,5,6,1,32,static,1604,8,0.6494700748129676,0.07169576059850374,4.0,6.158867290616751,0.0,1.0
prefill,general,5,6,1,32,transition,1604,8,0.9134195760598504,0.5405236907730673,4.0,4.379148536814265,0.23266921397379914,0.6413719652948794
prefill,general,5,7,2,8,domain_oracle,1604,8,0.21875,0.0,1.0,4.571428571428571,0.0,1.0
prefill,general,5,7,2,8,previous_window,1604,8,0.23145261845386533,0.0,1.0,4.32053872053872,0.0012476606363069245,0.9983688592546983
prefill,general,5,7,2,8,static,1604,8,0.1320916458852868,0.0,1.0,7.570501474926254,0.0,1.0
prefill,general,5,7,2,8,transition,1604,8,0.5266521197007481,0.0024937655860349127,1.0,1.89878662326132,0.5050686213349969,0.38390900012859297
prefill,general,5,7,2,16,domain_oracle,1604,8,0.4266677057356609,0.006234413965087282,2.0,4.6874885844748855,0.0,1.0
prefill,general,5,7,2,16,previous_window,1604,8,0.39300187032418954,0.003117206982543641,2.0,5.089034304977196,0.0009747348721147848,0.9986032212563987
prefill,general,5,7,2,16,static,1604,8,0.31296758104738154,0.016209476309226933,2.0,6.390438247011952,0.0,1.0
prefill,general,5,7,2,16,transition,1604,8,0.7348815461346634,0.12531172069825436,2.0,2.72152704135737,0.3999922021210231,0.4725781002274269
prefill,general,5,7,2,32,domain_oracle,1604,8,0.6925654613466334,0.06296758104738155,4.0,5.775627320805671,0.0,1.0
prefill,general,5,7,2,32,previous_window,1604,8,0.6658354114713217,0.06172069825436409,4.0,6.007490636704119,0.0006628197130380537,0.9989555900028643
prefill,general,5,7,2,32,static,1604,8,0.6403522443890274,0.08104738154613467,4.0,6.24656200559815,0.0,1.0
prefill,general,5,7,2,32,transition,1604,8,0.9087437655860349,0.506857855361596,4.0,4.401680816396535,0.2337024329382408,0.6416445601246458
prefill,general,5,8,3,8,domain_oracle,1604,8,0.21500935162094764,0.0,1.0,4.650960492932222,0.0,1.0
prefill,general,5,8,3,8,previous_window,1604,8,0.21313902743142144,0.0,1.0,4.691773308957952,0.0012476606363069245,0.9983597188837364
prefill,general,5,8,3,8,static,1604,8,0.14985972568578554,0.0,1.0,6.672906916276651,0.0,1.0
prefill,general,5,8,3,8,transition,1604,8,0.5233790523690773,0.012468827930174564,1.0,1.9106611078022633,0.5307236431690581,0.3699794348577908
prefill,general,5,8,3,16,domain_oracle,1604,8,0.40741895261845384,0.0024937655860349127,2.0,4.908951798010712,0.0,1.0
prefill,general,5,8,3,16,previous_window,1604,8,0.37733790523690774,0.0024937655860349127,2.0,5.300289136720363,0.0011306924516531504,0.9984598655568848
prefill,general,5,8,3,16,static,1604,8,0.29855049875311723,0.0012468827930174563,2.0,6.699034194727226,0.0,1.0
prefill,general,5,8,3,16,transition,1604,8,0.7379208229426434,0.17955112219451372,2.0,2.7103178793959235,0.3881784154709919,0.48686425110902776
prefill,general,5,8,3,32,domain_oracle,1604,8,0.6793952618453866,0.07543640897755612,4.0,5.8875888965359024,0.0,1.0
prefill,general,5,8,3,32,previous_window,1604,8,0.6594451371571073,0.06546134663341646,4.0,6.065705506972347,0.0005263568309419838,0.9991450148016341
prefill,general,5,8,3,32,static,1604,8,0.6173628428927681,0.07481296758104738,4.0,6.479171926281242,0.0,1.0
prefill,general,5,8,3,32,transition,1604,8,0.9297849127182045,0.6041147132169576,4.0,4.302070237197217,0.23068075483468498,0.6453656256541496
prefill,general,6,7,1,8,domain_oracle,1604,8,0.21875,0.0,1.0,4.571428571428571,0.0,1.0
prefill,general,6,7,1,8,previous_window,1604,8,0.23145261845386533,0.0,1.0,4.32053872053872,0.0012476606363069245,0.9983688592546983
prefill,general,6,7,1,8,static,1604,8,0.1320916458852868,0.0,1.0,7.570501474926254,0.0,1.0
prefill,general,6,7,1,8,transition,1604,8,0.5434071072319202,0.0006234413965087282,1.0,1.8402409292987236,0.5258889582033687,0.37006017480128933
prefill,general,6,7,1,16,domain_oracle,1604,8,0.4266677057356609,0.006234413965087282,2.0,4.6874885844748855,0.0,1.0
prefill,general,6,7,1,16,previous_window,1604,8,0.39300187032418954,0.003117206982543641,2.0,5.089034304977196,0.0009747348721147848,0.9986032212563987
prefill,general,6,7,1,16,static,1604,8,0.31296758104738154,0.016209476309226933,2.0,6.390438247011952,0.0,1.0
prefill,general,6,7,1,16,transition,1604,8,0.7550654613466334,0.1415211970074813,2.0,2.6487769635669314,0.41317061759201495,0.46047521114920564
prefill,general,6,7,1,32,domain_oracle,1604,8,0.6925654613466334,0.06296758104738155,4.0,5.775627320805671,0.0,1.0
prefill,general,6,7,1,32,previous_window,1604,8,0.6658354114713217,0.06172069825436409,4.0,6.007490636704119,0.0006628197130380537,0.9989555900028643
prefill,general,6,7,1,32,static,1604,8,0.6403522443890274,0.08104738154613467,4.0,6.24656200559815,0.0,1.0
prefill,general,6,7,1,32,transition,1604,8,0.9184071072319202,0.5480049875311721,4.0,4.355366991938905,0.24387866500311914,0.6279578120261364
prefill,general,6,8,2,8,domain_oracle,1604,8,0.21500935162094764,0.0,1.0,4.650960492932222,0.0,1.0
prefill,general,6,8,2,8,previous_window,1604,8,0.21313902743142144,0.0,1.0,4.691773308957952,0.0012476606363069245,0.9983597188837364
prefill,general,6,8,2,8,static,1604,8,0.14985972568578554,0.0,1.0,6.672906916276651,0.0,1.0
prefill,general,6,8,2,8,transition,1604,8,0.5660847880299252,0.01059850374064838,1.0,1.7665198237885462,0.5448378041172801,0.35735235860002224
prefill,general,6,8,2,16,domain_oracle,1604,8,0.40741895261845384,0.0024937655860349127,2.0,4.908951798010712,0.0,1.0
prefill,general,6,8,2,16,previous_window,1604,8,0.37733790523690774,0.0024937655860349127,2.0,5.300289136720363,0.0011306924516531504,0.9984598655568848
prefill,general,6,8,2,16,static,1604,8,0.29855049875311723,0.0012468827930174563,2.0,6.699034194727226,0.0,1.0
prefill,general,6,8,2,16,transition,1604,8,0.7725997506234414,0.185785536159601,2.0,2.5886624974783135,0.4047878976918278,0.47060652206876635
prefill,general,6,8,2,32,domain_oracle,1604,8,0.6793952618453866,0.07543640897755612,4.0,5.8875888965359024,0.0,1.0
prefill,general,6,8,2,32,previous_window,1604,8,0.6594451371571073,0.06546134663341646,4.0,6.065705506972347,0.0005263568309419838,0.9991450148016341
prefill,general,6,8,2,32,static,1604,8,0.6173628428927681,0.07481296758104738,4.0,6.479171926281242,0.0,1.0
prefill,general,6,8,2,32,transition,1604,8,0.9410068578553616,0.649002493765586,4.0,4.250766045548654,0.250526356830942,0.6203364019205859
prefill,general,6,9,3,8,domain_oracle,1604,8,0.21516521197007482,0.0,1.0,4.647591452372329,0.0,1.0
prefill,general,6,9,3,8,previous_window,1604,8,0.1848503740648379,0.0,1.0,5.409780775716695,0.001481597005614473,0.998153645065685
prefill,general,6,9,3,8,static,1604,8,0.11759663341645886,0.0,1.0,8.50364479787939,0.0,1.0
prefill,general,6,9,3,8,transition,1604,8,0.5819825436408977,0.009351620947630923,1.0,1.7182645956079272,0.5664379288833438,0.3387406937001457
prefill,general,6,9,3,16,domain_oracle,1604,8,0.38419576059850374,0.005610972568578554,2.0,5.2056795131845846,0.0,1.0
prefill,general,6,9,3,16,previous_window,1604,8,0.34764650872817954,0.0012468827930174563,2.0,5.752970186056938,0.001091703056768559,0.9985497278073698
prefill,general,6,9,3,16,static,1604,8,0.26675498753117205,0.0,2.0,7.497516798130295,0.0,1.0
prefill,general,6,9,3,16,transition,1604,8,0.8104738154613467,0.2805486284289277,2.0,2.4676923076923076,0.4693933250155958,0.4166925368488817
prefill,general,6,9,3,32,domain_oracle,1604,8,0.6619389027431422,0.0685785536159601,4.0,6.042853779138215,0.0,1.0
prefill,general,6,9,3,32,previous_window,1604,8,0.6283509975062345,0.05112219451371571,4.0,6.365868783331266,0.0006628197130380537,0.9989847676976538
prefill,general,6,9,3,32,static,1604,8,0.5940617206982544,0.04738154613466334,4.0,6.73330709694346,0.0,1.0
prefill,general,6,9,3,32,transition,1604,8,0.9551901496259352,0.75,4.0,4.187647874683854,0.29466235184029943,0.5740152856223941
prefill,general,7,8,1,8,domain_oracle,1604,8,0.21500935162094764,0.0,1.0,4.650960492932222,0.0,1.0
prefill,general,7,8,1,8,previous_window,1604,8,0.21313902743142144,0.0,1.0,4.691773308957952,0.0012476606363069245,0.9983597188837364
prefill,general,7,8,1,8,static,1604,8,0.14985972568578554,0.0,1.0,6.672906916276651,0.0,1.0
prefill,general,7,8,1,8,transition,1604,8,0.5536938902743143,0.016209476309226933,1.0,1.806052076002815,0.5578602620087336,0.34927434802668933
prefill,general,7,8,1,16,domain_oracle,1604,8,0.40741895261845384,0.0024937655860349127,2.0,4.908951798010712,0.0,1.0
prefill,general,7,8,1,16,previous_window,1604,8,0.37733790523690774,0.0024937655860349127,2.0,5.300289136720363,0.0011306924516531504,0.9984598655568848
prefill,general,7,8,1,16,static,1604,8,0.29855049875311723,0.0012468827930174563,2.0,6.699034194727226,0.0,1.0
prefill,general,7,8,1,16,transition,1604,8,0.7685473815461347,0.18266832917705736,2.0,2.602311904279051,0.40697130380536495,0.46946433959363376
prefill,general,7,8,1,32,domain_oracle,1604,8,0.6793952618453866,0.07543640897755612,4.0,5.8875888965359024,0.0,1.0
prefill,general,7,8,1,32,previous_window,1604,8,0.6594451371571073,0.06546134663341646,4.0,6.065705506972347,0.0005263568309419838,0.9991450148016341
prefill,general,7,8,1,32,static,1604,8,0.6173628428927681,0.07481296758104738,4.0,6.479171926281242,0.0,1.0
prefill,general,7,8,1,32,transition,1604,8,0.9463061097256857,0.6889027431421446,4.0,4.226962035740756,0.24268948845913912,0.6327635276755343
prefill,general,7,9,2,8,domain_oracle,1604,8,0.21516521197007482,0.0,1.0,4.647591452372329,0.0,1.0
prefill,general,7,9,2,8,previous_window,1604,8,0.1848503740648379,0.0,1.0,5.409780775716695,0.001481597005614473,0.998153645065685
prefill,general,7,9,2,8,static,1604,8,0.11759663341645886,0.0,1.0,8.50364479787939,0.0,1.0
prefill,general,7,9,2,8,transition,1604,8,0.5900872817955112,0.004364089775561097,1.0,1.694664553618595,0.5794603867747973,0.33160907159659553
prefill,general,7,9,2,16,domain_oracle,1604,8,0.38419576059850374,0.005610972568578554,2.0,5.2056795131845846,0.0,1.0
prefill,general,7,9,2,16,previous_window,1604,8,0.34764650872817954,0.0012468827930174563,2.0,5.752970186056938,0.001091703056768559,0.9985497278073698
prefill,general,7,9,2,16,static,1604,8,0.26675498753117205,0.0,2.0,7.497516798130295,0.0,1.0
prefill,general,7,9,2,16,transition,1604,8,0.8194357855361596,0.2830423940149626,2.0,2.4407037565382788,0.47820492825951344,0.41322016268137113
prefill,general,7,9,2,32,domain_oracle,1604,8,0.6619389027431422,0.0685785536159601,4.0,6.042853779138215,0.0,1.0
prefill,general,7,9,2,32,previous_window,1604,8,0.6283509975062345,0.05112219451371571,4.0,6.365868783331266,0.0006628197130380537,0.9989847676976538
prefill,general,7,9,2,32,static,1604,8,0.5940617206982544,0.04738154613466334,4.0,6.73330709694346,0.0,1.0
prefill,general,7,9,2,32,transition,1604,8,0.9565928927680798,0.7668329177057357,4.0,4.181507128309573,0.2931222707423581,0.5759572408984347
prefill,general,7,10,3,8,domain_oracle,1604,8,0.2283354114713217,0.0,1.0,4.379522184300341,0.0,1.0
prefill,general,7,10,3,8,previous_window,1604,8,0.2038653366583541,0.0,1.0,4.90519877675841,0.0013256394260761073,0.9982724698881904
prefill,general,7,10,3,8,static,1604,8,0.13232543640897756,0.0,1.0,7.557126030624264,0.0,1.0
prefill,general,7,10,3,8,transition,1604,8,0.5685006234413965,0.003740648379052369,1.0,1.7590130226182317,0.5923268870867124,0.3235518345936309
prefill,general,7,10,3,16,domain_oracle,1604,8,0.38933915211970077,0.0006234413965087282,2.0,5.136909527622097,0.0,1.0
prefill,general,7,10,3,16,previous_window,1604,8,0.3613622194513716,0.0012468827930174563,2.0,5.53461289626914,0.0011306924516531504,0.9984544131269023
prefill,general,7,10,3,16,static,1604,8,0.2703397755610973,0.0006234413965087282,2.0,7.398097434419141,0.0,1.0
prefill,general,7,10,3,16,transition,1604,8,0.7983167082294265,0.23628428927680797,2.0,2.505271378367825,0.4800764192139738,0.40919776670353986
prefill,general,7,10,3,32,domain_oracle,1604,8,0.652041770573566,0.05922693266832918,4.0,6.134576311700729,0.0,1.0
prefill,general,7,10,3,32,previous_window,1604,8,0.6237531172069826,0.06483790523690773,4.0,6.412793603198401,0.0007213038053649407,0.998886787937805
prefill,general,7,10,3,32,static,1604,8,0.6024002493765586,0.06733167082294264,4.0,6.640103492884864,0.0,1.0
prefill,general,7,10,3,32,transition,1604,8,0.9506701995012469,0.7325436408977556,4.0,4.207557996557095,0.2838427947598253,0.5908502436183496
prefill,general,8,9,1,8,domain_oracle,1604,8,0.21516521197007482,0.0,1.0,4.647591452372329,0.0,1.0
prefill,general,8,9,1,8,previous_window,1604,8,0.1848503740648379,0.0,1.0,5.409780775716695,0.001481597005614473,0.998153645065685
prefill,general,8,9,1,8,static,1604,8,0.11759663341645886,0.0,1.0,8.50364479787939,0.0,1.0
prefill,general,8,9,1,8,transition,1604,8,0.6184538653366584,0.0024937655860349127,1.0,1.6169354838709677,0.6030099812850904,0.3099174617577604
prefill,general,8,9,1,16,domain_oracle,1604,8,0.38419576059850374,0.005610972568578554,2.0,5.2056795131845846,0.0,1.0
prefill,general,8,9,1,16,previous_window,1604,8,0.34764650872817954,0.0012468827930174563,2.0,5.752970186056938,0.001091703056768559,0.9985497278073698
prefill,general,8,9,1,16,static,1604,8,0.26675498753117205,0.0,2.0,7.497516798130295,0.0,1.0
prefill,general,8,9,1,16,transition,1604,8,0.8559071072319202,0.3653366583541147,2.0,2.3367021760903213,0.5021834061135371,0.3899638941798411
prefill,general,8,9,1,32,domain_oracle,1604,8,0.6619389027431422,0.0685785536159601,4.0,6.042853779138215,0.0,1.0
prefill,general,8,9,1,32,previous_window,1604,8,0.6283509975062345,0.05112219451371571,4.0,6.365868783331266,0.0006628197130380537,0.9989847676976538
prefill,general,8,9,1,32,static,1604,8,0.5940617206982544,0.04738154613466334,4.0,6.73330709694346,0.0,1.0
prefill,general,8,9,1,32,transition,1604,8,0.972958229426434,0.8185785536159601,4.0,4.111173408089708,0.32275421085464756,0.5510277909834943
prefill,general,8,10,2,8,domain_oracle,1604,8,0.2283354114713217,0.0,1.0,4.379522184300341,0.0,1.0
prefill,general,8,10,2,8,previous_window,1604,8,0.2038653366583541,0.0,1.0,4.90519877675841,0.0013256394260761073,0.9982724698881904
prefill,general,8,10,2,8,static,1604,8,0.13232543640897756,0.0,1.0,7.557126030624264,0.0,1.0
prefill,general,8,10,2,8,transition,1604,8,0.6105049875311721,0.007481296758104738,1.0,1.6379882563186112,0.6160324391765439,0.3050454362993346
prefill,general,8,10,2,16,domain_oracle,1604,8,0.38933915211970077,0.0006234413965087282,2.0,5.136909527622097,0.0,1.0
prefill,general,8,10,2,16,previous_window,1604,8,0.3613622194513716,0.0012468827930174563,2.0,5.53461289626914,0.0011306924516531504,0.9984544131269023
prefill,general,8,10,2,16,static,1604,8,0.2703397755610973,0.0006234413965087282,2.0,7.398097434419141,0.0,1.0
prefill,general,8,10,2,16,transition,1604,8,0.8278522443890274,0.26246882793017456,2.0,2.415890049891744,0.4983234560199626,0.39532182813746236
prefill,general,8,10,2,32,domain_oracle,1604,8,0.652041770573566,0.05922693266832918,4.0,6.134576311700729,0.0,1.0
prefill,general,8,10,2,32,previous_window,1604,8,0.6237531172069826,0.06483790523690773,4.0,6.412793603198401,0.0007213038053649407,0.998886787937805
prefill,general,8,10,2,32,static,1604,8,0.6024002493765586,0.06733167082294264,4.0,6.640103492884864,0.0,1.0
prefill,general,8,10,2,32,transition,1604,8,0.9675810473815462,0.7961346633416458,4.0,4.134020618556701,0.3212921085464754,0.552054587308526
prefill,general,8,11,3,8,domain_oracle,1604,8,0.22326995012468828,0.0,1.0,4.478883071553229,0.0,1.0
prefill,general,8,11,3,8,previous_window,1604,8,0.1725374064837905,0.0,1.0,5.795844625112918,0.001793512164691204,0.9979233077174438
prefill,general,8,11,3,8,static,1604,8,0.14471633416458854,0.0,1.0,6.9100700053850295,0.0,1.0
prefill,general,8,11,3,8,transition,1604,8,0.5549407730673317,0.0012468827930174563,1.0,1.801994101951973,0.565268247036806,0.34392912833337114
prefill,general,8,11,3,16,domain_oracle,1604,8,0.39300187032418954,0.003740648379052369,2.0,5.089034304977196,0.0,1.0
prefill,general,8,11,3,16,previous_window,1604,8,0.35723192019950123,0.0018703241895261845,2.0,5.598603839441536,0.001091703056768559,0.9984976221532679
prefill,general,8,11,3,16,static,1604,8,0.2987063591022444,0.0,2.0,6.695538742499347,0.0,1.0
prefill,general,8,11,3,16,transition,1604,8,0.7710411471321695,0.18391521197007482,2.0,2.593895290074793,0.43169058016219586,0.4435155690785902
prefill,general,8,11,3,32,domain_oracle,1604,8,0.6533665835411472,0.12219451371571072,4.0,6.122137404580153,0.0,1.0
prefill,general,8,11,3,32,previous_window,1604,8,0.6504052369077307,0.07481296758104738,4.0,6.150011981787682,0.0006433250155957579,0.9989912270664931
prefill,general,8,11,3,32,static,1604,8,0.5820604738154613,0.06733167082294264,4.0,6.872138171107244,0.0,1.0
prefill,general,8,11,3,32,transition,1604,8,0.9322786783042394,0.6153366583541147,4.0,4.290562567917746,0.27994385527136617,0.5911367926344627
prefill,general,9,10,1,8,domain_oracle,1604,8,0.2283354114713217,0.0,1.0,4.379522184300341,0.0,1.0
prefill,general,9,10,1,8,previous_window,1604,8,0.2038653366583541,0.0,1.0,4.90519877675841,0.0013256394260761073,0.9982724698881904
prefill,general,9,10,1,8,static,1604,8,0.13232543640897756,0.0,1.0,7.557126030624264,0.0,1.0
prefill,general,9,10,1,8,transition,1604,8,0.6514183291770573,0.005610972568578554,1.0,1.535111855485106,0.6573611977542109,0.26942953767657346
prefill,general,9,10,1,16,domain_oracle,1604,8,0.38933915211970077,0.0006234413965087282,2.0,5.136909527622097,0.0,1.0
prefill,general,9,10,1,16,previous_window,1604,8,0.3613622194513716,0.0012468827930174563,2.0,5.53461289626914,0.0011306924516531504,0.9984544131269023
prefill,general,9,10,1,16,static,1604,8,0.2703397755610973,0.0006234413965087282,2.0,7.398097434419141,0.0,1.0
prefill,general,9,10,1,16,transition,1604,8,0.8598036159600998,0.33104738154613467,2.0,2.326112571376779,0.5329070492825951,0.3599548671424687
prefill,general,9,10,1,32,domain_oracle,1604,8,0.652041770573566,0.05922693266832918,4.0,6.134576311700729,0.0,1.0
prefill,general,9,10,1,32,previous_window,1604,8,0.6237531172069826,0.06483790523690773,4.0,6.412793603198401,0.0007213038053649407,0.998886787937805
prefill,general,9,10,1,32,static,1604,8,0.6024002493765586,0.06733167082294264,4.0,6.640103492884864,0.0,1.0
prefill,general,9,10,1,32,transition,1604,8,0.9767768079800498,0.8403990024937655,4.0,4.095101324397638,0.3458944167186525,0.5238766761941849
prefill,general,9,11,2,8,domain_oracle,1604,8,0.22326995012468828,0.0,1.0,4.478883071553229,0.0,1.0
prefill,general,9,11,2,8,previous_window,1604,8,0.1725374064837905,0.0,1.0,5.795844625112918,0.001793512164691204,0.9979233077174438
prefill,general,9,11,2,8,static,1604,8,0.14471633416458854,0.0,1.0,6.9100700053850295,0.0,1.0
prefill,general,9,11,2,8,transition,1604,8,0.5955423940149626,0.0024937655860349127,1.0,1.6791415859722585,0.5991110417966313,0.3140950267587822
prefill,general,9,11,2,16,domain_oracle,1604,8,0.39300187032418954,0.003740648379052369,2.0,5.089034304977196,0.0,1.0
prefill,general,9,11,2,16,previous_window,1604,8,0.35723192019950123,0.0018703241895261845,2.0,5.598603839441536,0.001091703056768559,0.9984976221532679
prefill,general,9,11,2,16,static,1604,8,0.2987063591022444,0.0,2.0,6.695538742499347,0.0,1.0
prefill,general,9,11,2,16,transition,1604,8,0.7931733167082294,0.19326683291770574,2.0,2.5215169974454708,0.46502651278852153,0.4095594465696698
prefill,general,9,11,2,32,domain_oracle,1604,8,0.6533665835411472,0.12219451371571072,4.0,6.122137404580153,0.0,1.0
prefill,general,9,11,2,32,previous_window,1604,8,0.6504052369077307,0.07481296758104738,4.0,6.150011981787682,0.0006433250155957579,0.9989912270664931
prefill,general,9,11,2,32,static,1604,8,0.5820604738154613,0.06733167082294264,4.0,6.872138171107244,0.0,1.0
prefill,general,9,11,2,32,transition,1604,8,0.9433447630922693,0.6521197007481296,4.0,4.2402313093762904,0.30963427947598254,0.5563793095432873
prefill,general,9,12,3,8,domain_oracle,1604,8,0.243142144638404,0.0,1.0,4.112820512820512,0.0,1.0
prefill,general,9,12,3,8,previous_window,1604,8,0.21742518703241895,0.0,1.0,4.5992831541218635,0.001481597005614473,0.998174418636053
prefill,general,9,12,3,8,static,1604,8,0.17129052369077308,0.0,1.0,5.83803457688808,0.0,1.0
prefill,general,9,12,3,8,transition,1604,8,0.565928927680798,0.0018703241895261845,1.0,1.7670063343431561,0.5780567685589519,0.3292611457302664
prefill,general,9,12,3,16,domain_oracle,1604,8,0.42347256857855364,0.0012468827930174563,2.0,4.722856091277144,0.0,1.0
prefill,general,9,12,3,16,previous_window,1604,8,0.38084476309226933,0.0012468827930174563,2.0,5.251483527726622,0.0011306924516531504,0.9984552773074294
prefill,general,9,12,3,16,static,1604,8,0.31468204488778057,0.007481296758104738,2.0,6.355621594848935,0.0,1.0
prefill,general,9,12,3,16,transition,1604,8,0.7899002493765586,0.24251870324189526,2.0,2.531965272296764,0.4562538989394885,0.4183122526750288
prefill,general,9,12,3,32,domain_oracle,1604,8,0.6718360349127181,0.11221945137157108,4.0,5.953833661988169,0.0,1.0
prefill,general,9,12,3,32,previous_window,1604,8,0.6560941396508728,0.08042394014962594,4.0,6.096686067228887,0.0006238303181534623,0.9990031199318663
prefill,general,9,12,3,32,static,1604,8,0.6299096009975063,0.14463840399002495,4.0,6.350117530619819,0.0,1.0
prefill,general,9,12,3,32,transition,1604,8,0.9470854114713217,0.7100997506234414,4.0,4.223483913437011,0.30493605739238927,0.5613637970484603
prefill,general,10,11,1,8,domain_oracle,1604,8,0.22326995012468828,0.0,1.0,4.478883071553229,0.0,1.0
prefill,general,10,11,1,8,previous_window,1604,8,0.1725374064837905,0.0,1.0,5.795844625112918,0.001793512164691204,0.9979233077174438
prefill,general,10,11,1,8,static,1604,8,0.14471633416458854,0.0,1.0,6.9100700053850295,0.0,1.0
prefill,general,10,11,1,8,transition,1604,8,0.607076059850374,0.0006234413965087282,1.0,1.647240051347882,0.6005146600124766,0.30817302195967167
prefill,general,10,11,1,16,domain_oracle,1604,8,0.39300187032418954,0.003740648379052369,2.0,5.089034304977196,0.0,1.0
prefill,general,10,11,1,16,previous_window,1604,8,0.35723192019950123,0.0018703241895261845,2.0,5.598603839441536,0.001091703056768559,0.9984976221532679
prefill,general,10,11,1,16,static,1604,8,0.2987063591022444,0.0,2.0,6.695538742499347,0.0,1.0
prefill,general,10,11,1,16,transition,1604,8,0.806966957605985,0.20012468827930174,2.0,2.4784162240463545,0.45750155957579536,0.41421076112429744
prefill,general,10,11,1,32,domain_oracle,1604,8,0.6533665835411472,0.12219451371571072,4.0,6.122137404580153,0.0,1.0
prefill,general,10,11,1,32,previous_window,1604,8,0.6504052369077307,0.07481296758104738,4.0,6.150011981787682,0.0006433250155957579,0.9989912270664931
prefill,general,10,11,1,32,static,1604,8,0.5820604738154613,0.06733167082294264,4.0,6.872138171107244,0.0,1.0
prefill,general,10,11,1,32,transition,1604,8,0.9493453865336658,0.678927680798005,4.0,4.213429650303727,0.3060277604491578,0.5587806563440215
prefill,general,10,12,2,8,domain_oracle,1604,8,0.243142144638404,0.0,1.0,4.112820512820512,0.0,1.0
prefill,general,10,12,2,8,previous_window,1604,8,0.21742518703241895,0.0,1.0,4.5992831541218635,0.001481597005614473,0.998174418636053
prefill,general,10,12,2,8,static,1604,8,0.17129052369077308,0.0,1.0,5.83803457688808,0.0,1.0
prefill,general,10,12,2,8,transition,1604,8,0.5947630922693267,0.0024937655860349127,1.0,1.6813417190775681,0.597707423580786,0.3045175106310477
prefill,general,10,12,2,16,domain_oracle,1604,8,0.42347256857855364,0.0012468827930174563,2.0,4.722856091277144,0.0,1.0
prefill,general,10,12,2,16,previous_window,1604,8,0.38084476309226933,0.0012468827930174563,2.0,5.251483527726622,0.0011306924516531504,0.9984552773074294
prefill,general,10,12,2,16,static,1604,8,0.31468204488778057,0.007481296758104738,2.0,6.355621594848935,0.0,1.0
prefill,general,10,12,2,16,transition,1604,8,0.8224750623441397,0.29177057356608477,2.0,2.431684669319689,0.47255146600124764,0.40200602270408964
prefill,general,10,12,2,32,domain_oracle,1604,8,0.6718360349127181,0.11221945137157108,4.0,5.953833661988169,0.0,1.0
prefill,general,10,12,2,32,previous_window,1604,8,0.6560941396508728,0.08042394014962594,4.0,6.096686067228887,0.0006238303181534623,0.9990031199318663
prefill,general,10,12,2,32,static,1604,8,0.6299096009975063,0.14463840399002495,4.0,6.350117530619819,0.0,1.0
prefill,general,10,12,2,32,transition,1604,8,0.9545667082294265,0.7369077306733167,4.0,4.190382888399053,0.30095913911416095,0.564467199708943
prefill,general,10,13,3,8,domain_oracle,1604,8,0.21158042394014961,0.0,1.0,4.7263351749539595,0.0,1.0
prefill,general,10,13,3,8,previous_window,1604,8,0.1918640897755611,0.0,1.0,5.212022745735174,0.0015595757953836558,0.9980896624689515
prefill,general,10,13,3,8,static,1604,8,0.13232543640897756,0.0,1.0,7.557126030624264,0.0,1.0
prefill,general,10,13,3,8,transition,1604,8,0.5382637157107232,0.011221945137157107,1.0,1.8578253945272911,0.6409856519026824,0.2849650661253904
prefill,general,10,13,3,16,domain_oracle,1604,8,0.3940149625935162,0.0018703241895261845,2.0,5.075949367088608,0.0,1.0
prefill,general,10,13,3,16,previous_window,1604,8,0.36915523690773067,0.0006234413965087282,2.0,5.417774963056787,0.001013724266999376,0.9985637695366735
prefill,general,10,13,3,16,static,1604,8,0.28506857855361595,0.003117206982543641,2.0,7.015855658829961,0.0,1.0
prefill,general,10,13,3,16,transition,1604,8,0.7326215710723192,0.14588528678304238,2.0,2.72992234868631,0.4776590767311291,0.39300061263280345
prefill,general,10,13,3,32,domain_oracle,1604,8,0.6706670822942643,0.08665835411471322,4.0,5.964211015570532,0.0,1.0
prefill,general,10,13,3,32,previous_window,1604,8,0.6415991271820449,0.05798004987531172,4.0,6.234422446252885,0.0007407985028072365,0.9988783554860319
prefill,general,10,13,3,32,static,1604,8,0.6056733167082294,0.07107231920199501,4.0,6.604220277920741,0.0,1.0
prefill,general,10,13,3,32,transition,1604,8,0.9152119700748129,0.5741895261845387,4.0,4.370572207084469,0.29314176543980036,0.570499591827093
prefill,general,11,12,1,8,domain_oracle,1604,8,0.243142144638404,0.0,1.0,4.112820512820512,0.0,1.0
prefill,general,11,12,1,8,previous_window,1604,8,0.21742518703241895,0.0,1.0,4.5992831541218635,0.001481597005614473,0.998174418636053
prefill,general,11,12,1,8,static,1604,8,0.17129052369077308,0.0,1.0,5.83803457688808,0.0,1.0
prefill,general,11,12,1,8,transition,1604,8,0.6188435162094763,0.0012468827930174563,1.0,1.6159173907568316,0.5701809107922645,0.33104544308536865
prefill,general,11,12,1,16,domain_oracle,1604,8,0.42347256857855364,0.0012468827930174563,2.0,4.722856091277144,0.0,1.0
prefill,general,11,12,1,16,previous_window,1604,8,0.38084476309226933,0.0012468827930174563,2.0,5.251483527726622,0.0011306924516531504,0.9984552773074294
prefill,general,11,12,1,16,static,1604,8,0.31468204488778057,0.007481296758104738,2.0,6.355621594848935,0.0,1.0
prefill,general,11,12,1,16,transition,1604,8,0.8481140897755611,0.3266832917705736,2.0,2.3581732978039143,0.4568387398627573,0.414918958923367
prefill,general,11,12,1,32,domain_oracle,1604,8,0.6718360349127181,0.11221945137157108,4.0,5.953833661988169,0.0,1.0
prefill,general,11,12,1,32,previous_window,1604,8,0.6560941396508728,0.08042394014962594,4.0,6.096686067228887,0.0006238303181534623,0.9990031199318663
prefill,general,11,12,1,32,static,1604,8,0.6299096009975063,0.14463840399002495,4.0,6.350117530619819,0.0,1.0
prefill,general,11,12,1,32,transition,1604,8,0.9689837905236908,0.8042394014962594,4.0,4.128036030239666,0.2906659388646288,0.5732230417034445
prefill,general,11,13,2,8,domain_oracle,1604,8,0.21158042394014961,0.0,1.0,4.7263351749539595,0.0,1.0
prefill,general,11,13,2,8,previous_window,1604,8,0.1918640897755611,0.0,1.0,5.212022745735174,0.0015595757953836558,0.9980896624689515
prefill,general,11,13,2,8,static,1604,8,0.13232543640897756,0.0,1.0,7.557126030624264,0.0,1.0
prefill,general,11,13,2,8,transition,1604,8,0.5667861596009975,0.00685785536159601,1.0,1.7643338374810944,0.5997348721147848,0.3147752919431018
prefill,general,11,13,2,16,domain_oracle,1604,8,0.3940149625935162,0.0018703241895261845,2.0,5.075949367088608,0.0,1.0
prefill,general,11,13,2,16,previous_window,1604,8,0.36915523690773067,0.0006234413965087282,2.0,5.417774963056787,0.001013724266999376,0.9985637695366735
prefill,general,11,13,2,16,static,1604,8,0.28506857855361595,0.003117206982543641,2.0,7.015855658829961,0.0,1.0
prefill,general,11,13,2,16,transition,1604,8,0.7769638403990025,0.1770573566084788,2.0,2.574122367101304,0.4727854023705552,0.4005899023041205
prefill,general,11,13,2,32,domain_oracle,1604,8,0.6706670822942643,0.08665835411471322,4.0,5.964211015570532,0.0,1.0
prefill,general,11,13,2,32,previous_window,1604,8,0.6415991271820449,0.05798004987531172,4.0,6.234422446252885,0.0007407985028072365,0.9988783554860319
prefill,general,11,13,2,32,static,1604,8,0.6056733167082294,0.07107231920199501,4.0,6.604220277920741,0.0,1.0
prefill,general,11,13,2,32,transition,1604,8,0.9312655860349127,0.6128428927680798,4.0,4.2952301255230125,0.28949625701809106,0.5720584209060016
prefill,general,11,14,3,8,domain_oracle,1604,8,0.2378428927680798,0.0,1.0,4.204456094364351,0.0,1.0
prefill,general,11,14,3,8,previous_window,1604,8,0.21500935162094764,0.0,1.0,4.650960492932222,0.001481597005614473,0.998153645065685
prefill,general,11,14,3,8,static,1604,8,0.10575124688279301,0.0,1.0,9.456153279292558,0.0,1.0
prefill,general,11,14,3,8,transition,1604,8,0.6257793017456359,0.016209476309226933,1.0,1.5980074719800748,0.6346693699313787,0.2936791772724391
prefill,general,11,14,3,16,domain_oracle,1604,8,0.4121726932668329,0.00685785536159601,2.0,4.852335034978257,0.0,1.0
prefill,general,11,14,3,16,previous_window,1604,8,0.392534289276808,0.003117206982543641,2.0,5.095096287472702,0.0011306924516531504,0.9984552773074294
prefill,general,11,14,3,16,static,1604,8,0.34055486284289277,0.009351620947630923,2.0,5.872768878718535,0.0,1.0
prefill,general,11,14,3,16,transition,1604,8,0.8195137157107232,0.2817955112219451,2.0,2.4404716622289846,0.4919681846537742,0.38614521153497594
prefill,general,11,14,3,32,domain_oracle,1604,8,0.6836034912718204,0.09413965087281795,4.0,5.8513451892384865,0.0,1.0
prefill,general,11,14,3,32,previous_window,1604,8,0.6663029925187033,0.06608478802992519,4.0,6.0032748538011695,0.0006628197130380537,0.9989628308073449
prefill,general,11,14,3,32,static,1604,8,0.6299875311720698,0.14214463840399003,4.0,6.349332013854528,0.0,1.0
prefill,general,11,14,3,32,transition,1604,8,0.9495791770573566,0.6826683291770573,4.0,4.212392285597046,0.2975475670617592,0.5617784195713145
prefill,general,12,13,1,8,domain_oracle,1604,8,0.21158042394014961,0.0,1.0,4.7263351749539595,0.0,1.0
prefill,general,12,13,1,8,previous_window,1604,8,0.1918640897755611,0.0,1.0,5.212022745735174,0.0015595757953836558,0.9980896624689515
prefill,general,12,13,1,8,static,1604,8,0.13232543640897756,0.0,1.0,7.557126030624264,0.0,1.0
prefill,general,12,13,1,8,transition,1604,8,0.5982699501246883,0.016209476309226933,1.0,1.671486257652729,0.6260137242669994,0.28812347976415276
prefill,general,12,13,1,16,domain_oracle,1604,8,0.3940149625935162,0.0018703241895261845,2.0,5.075949367088608,0.0,1.0
prefill,general,12,13,1,16,previous_window,1604,8,0.36915523690773067,0.0006234413965087282,2.0,5.417774963056787,0.001013724266999376,0.9985637695366735
prefill,general,12,13,1,16,static,1604,8,0.28506857855361595,0.003117206982543641,2.0,7.015855658829961,0.0,1.0
prefill,general,12,13,1,16,transition,1604,8,0.793640897755611,0.18017456359102244,2.0,2.5200314218381776,0.4809731752963194,0.393090311351619
prefill,general,12,13,1,32,domain_oracle,1604,8,0.6706670822942643,0.08665835411471322,4.0,5.964211015570532,0.0,1.0
prefill,general,12,13,1,32,previous_window,1604,8,0.6415991271820449,0.05798004987531172,4.0,6.234422446252885,0.0007407985028072365,0.9988783554860319
prefill,general,12,13,1,32,static,1604,8,0.6056733167082294,0.07107231920199501,4.0,6.604220277920741,0.0,1.0
prefill,general,12,13,1,32,transition,1604,8,0.941708229426434,0.662718204488778,4.0,4.247600132406488,0.2951497192763568,0.5661373980966621
prefill,general,12,14,2,8,domain_oracle,1604,8,0.2378428927680798,0.0,1.0,4.204456094364351,0.0,1.0
prefill,general,12,14,2,8,previous_window,1604,8,0.21500935162094764,0.0,1.0,4.650960492932222,0.001481597005614473,0.998153645065685
prefill,general,12,14,2,8,static,1604,8,0.10575124688279301,0.0,1.0,9.456153279292558,0.0,1.0
prefill,general,12,14,2,8,transition,1604,8,0.65928927680798,0.019326683291770574,1.0,1.5167848699763593,0.6588427947598253,0.2678100439797251
prefill,general,12,14,2,16,domain_oracle,1604,8,0.4121726932668329,0.00685785536159601,2.0,4.852335034978257,0.0,1.0
prefill,general,12,14,2,16,previous_window,1604,8,0.392534289276808,0.003117206982543641,2.0,5.095096287472702,0.0011306924516531504,0.9984552773074294
prefill,general,12,14,2,16,static,1604,8,0.34055486284289277,0.009351620947630923,2.0,5.872768878718535,0.0,1.0
prefill,general,12,14,2,16,transition,1604,8,0.8485037406483791,0.32980049875311723,2.0,2.3570903747244674,0.512983468496569,0.369565913046849
prefill,general,12,14,2,32,domain_oracle,1604,8,0.6836034912718204,0.09413965087281795,4.0,5.8513451892384865,0.0,1.0
prefill,general,12,14,2,32,previous_window,1604,8,0.6663029925187033,0.06608478802992519,4.0,6.0032748538011695,0.0006628197130380537,0.9989628308073449
prefill,general,12,14,2,32,static,1604,8,0.6299875311720698,0.14214463840399003,4.0,6.349332013854528,0.0,1.0
prefill,general,12,14,2,32,transition,1604,8,0.9548784289276808,0.7100997506234414,4.0,4.18901493511793,0.3029670929507174,0.5550263163483903
prefill,general,12,15,3,8,domain_oracle,1604,8,0.26511845386533667,0.0,1.0,3.771898883009994,0.0,1.0
prefill,general,12,15,3,8,previous_window,1604,8,0.24501246882793018,0.0,1.0,4.081424936386768,0.0011696818465377417,0.998412068281064
prefill,general,12,15,3,8,static,1604,8,0.15344451371571072,0.0,1.0,6.517013712544439,0.0,1.0
prefill,general,12,15,3,8,transition,1604,8,0.5732543640897756,0.008728179551122194,1.0,1.744426318651441,0.5960698689956332,0.30657754251016883
prefill,general,12,15,3,16,domain_oracle,1604,8,0.4314214463840399,0.0006234413965087282,2.0,4.635838150289017,0.0,1.0
prefill,general,12,15,3,16,previous_window,1604,8,0.3941708229426434,0.006234413965087282,2.0,5.073942269671807,0.001091703056768559,0.9984976221532676
prefill,general,12,15,3,16,static,1604,8,0.3575436408977556,0.005610972568578554,2.0,5.5937227550130775,0.0,1.0
prefill,general,12,15,3,16,transition,1604,8,0.8100841645885287,0.2581047381546135,2.0,2.468879268879269,0.4619073611977542,0.4143592049709279
prefill,general,12,15,3,32,domain_oracle,1604,8,0.7069046134663342,0.11783042394014963,4.0,5.6584720537978175,0.0,1.0
prefill,general,12,15,3,32,previous_window,1604,8,0.6617051122194514,0.08291770573566085,4.0,6.044988811682958,0.0007992825951341235,0.9988014778088268
prefill,general,12,15,3,32,static,1604,8,0.660068578553616,0.09164588528678304,4.0,6.059976387249114,0.0,1.0
prefill,general,12,15,3,32,transition,1604,8,0.9475529925187033,0.71571072319202,4.0,4.221399786166626,0.2918941048034934,0.5684573180549041
prefill,general,13,14,1,8,domain_oracle,1604,8,0.2378428927680798,0.0,1.0,4.204456094364351,0.0,1.0
prefill,general,13,14,1,8,previous_window,1604,8,0.21500935162094764,0.0,1.0,4.650960492932222,0.001481597005614473,0.998153645065685
prefill,general,13,14,1,8,static,1604,8,0.10575124688279301,0.0,1.0,9.456153279292558,0.0,1.0
prefill,general,13,14,1,8,transition,1604,8,0.6595230673316709,0.01371571072319202,1.0,1.5162471936665485,0.6497972551466001,0.2735594342581242
prefill,general,13,14,1,16,domain_oracle,1604,8,0.4121726932668329,0.00685785536159601,2.0,4.852335034978257,0.0,1.0
prefill,general,13,14,1,16,previous_window,1604,8,0.392534289276808,0.003117206982543641,2.0,5.095096287472702,0.0011306924516531504,0.9984552773074294
prefill,general,13,14,1,16,static,1604,8,0.34055486284289277,0.009351620947630923,2.0,5.872768878718535,0.0,1.0
prefill,general,13,14,1,16,transition,1604,8,0.8500623441396509,0.3322942643391521,2.0,2.3527686101943526,0.5101372426699937,0.36891086309061727
prefill,general,13,14,1,32,domain_oracle,1604,8,0.6836034912718204,0.09413965087281795,4.0,5.8513451892384865,0.0,1.0
prefill,general,13,14,1,32,previous_window,1604,8,0.6663029925187033,0.06608478802992519,4.0,6.0032748538011695,0.0006628197130380537,0.9989628308073449
prefill,general,13,14,1,32,static,1604,8,0.6299875311720698,0.14214463840399003,4.0,6.349332013854528,0.0,1.0
prefill,general,13,14,1,32,transition,1604,8,0.9549563591022444,0.7082294264339152,4.0,4.188673086339154,0.3006862133499688,0.5566929838101199
prefill,general,13,15,2,8,domain_oracle,1604,8,0.26511845386533667,0.0,1.0,3.771898883009994,0.0,1.0
prefill,general,13,15,2,8,previous_window,1604,8,0.24501246882793018,0.0,1.0,4.081424936386768,0.0011696818465377417,0.998412068281064
prefill,general,13,15,2,8,static,1604,8,0.15344451371571072,0.0,1.0,6.517013712544439,0.0,1.0
prefill,general,13,15,2,8,transition,1604,8,0.5938279301745636,0.011845386533665835,1.0,1.683989501312336,0.5993449781659389,0.30566383779109896
prefill,general,13,15,2,16,domain_oracle,1604,8,0.4314214463840399,0.0006234413965087282,2.0,4.635838150289017,0.0,1.0
prefill,general,13,15,2,16,previous_window,1604,8,0.3941708229426434,0.006234413965087282,2.0,5.073942269671807,0.001091703056768559,0.9984976221532676
prefill,general,13,15,2,16,static,1604,8,0.3575436408977556,0.005610972568578554,2.0,5.5937227550130775,0.0,1.0
prefill,general,13,15,2,16,transition,1604,8,0.8192799251870324,0.25997506234413964,2.0,2.441168077618187,0.46362289457267625,0.4094697071139319
prefill,general,13,15,2,32,domain_oracle,1604,8,0.7069046134663342,0.11783042394014963,4.0,5.6584720537978175,0.0,1.0
prefill,general,13,15,2,32,previous_window,1604,8,0.6617051122194514,0.08291770573566085,4.0,6.044988811682958,0.0007992825951341235,0.9988014778088268
prefill,general,13,15,2,32,static,1604,8,0.660068578553616,0.09164588528678304,4.0,6.059976387249114,0.0,1.0
prefill,general,13,15,2,32,transition,1604,8,0.9494233167082294,0.7088528678304239,4.0,4.213083805302471,0.2903345290081098,0.5683170989721085
prefill,general,14,15,1,8,domain_oracle,1604,8,0.26511845386533667,0.0,1.0,3.771898883009994,0.0,1.0
prefill,general,14,15,1,8,previous_window,1604,8,0.24501246882793018,0.0,1.0,4.081424936386768,0.0011696818465377417,0.998412068281064
prefill,general,14,15,1,8,static,1604,8,0.15344451371571072,0.0,1.0,6.517013712544439,0.0,1.0
prefill,general,14,15,1,8,transition,1604,8,0.5946072319201995,0.01683291770573566,1.0,1.6817824377457404,0.6133811603243917,0.2981888285693647
prefill,general,14,15,1,16,domain_oracle,1604,8,0.4314214463840399,0.0006234413965087282,2.0,4.635838150289017,0.0,1.0
prefill,general,14,15,1,16,previous_window,1604,8,0.3941708229426434,0.006234413965087282,2.0,5.073942269671807,0.001091703056768559,0.9984976221532676
prefill,general,14,15,1,16,static,1604,8,0.3575436408977556,0.005610972568578554,2.0,5.5937227550130775,0.0,1.0
prefill,general,14,15,1,16,transition,1604,8,0.8350997506234414,0.28241895261845384,2.0,2.394923478910041,0.4667810355583281,0.4140450646129081
prefill,general,14,15,1,32,domain_oracle,1604,8,0.7069046134663342,0.11783042394014963,4.0,5.6584720537978175,0.0,1.0
prefill,general,14,15,1,32,previous_window,1604,8,0.6617051122194514,0.08291770573566085,4.0,6.044988811682958,0.0007992825951341235,0.9988014778088268
prefill,general,14,15,1,32,static,1604,8,0.660068578553616,0.09164588528678304,4.0,6.059976387249114,0.0,1.0
prefill,general,14,15,1,32,transition,1604,8,0.960567331670823,0.763715710723192,4.0,4.164205743955866,0.30037429819089206,0.561922191109697
prefill,math,0,1,1,8,domain_oracle,620,8,0.26391129032258065,0.0,1.0,3.789152024446142,0.0,1.0
prefill,math,0,1,1,8,previous_window,620,8,0.2524193548387097,0.0,1.0,3.961661341853035,0.0016155088852988692,0.9975914231164635
prefill,math,0,1,1,8,static,620,8,0.21633064516129033,0.0,1.0,4.622553588070829,0.0,1.0
prefill,math,0,1,1,8,transition,620,8,0.35,0.0,1.0,2.857142857142857,0.3364297253634895,0.5150901154132173
prefill,math,0,1,1,16,domain_oracle,620,8,0.4163306451612903,0.0016129032258064516,2.0,4.803874092009686,0.0,1.0
prefill,math,0,1,1,16,previous_window,620,8,0.39858870967741933,0.0016129032258064516,2.0,5.0177035912999495,0.001918416801292407,0.9972725174663785
prefill,math,0,1,1,16,static,620,8,0.3655241935483871,0.0,2.0,5.471594043022614,0.0,1.0
prefill,math,0,1,1,16,transition,620,8,0.5951612903225807,0.06451612903225806,2.0,3.3604336043360434,0.3661147011308562,0.4789871082657214
prefill,math,0,1,1,32,domain_oracle,620,8,0.6877016129032258,0.054838709677419356,4.0,5.816476106713574,0.0,1.0
prefill,math,0,1,1,32,previous_window,620,8,0.6713709677419355,0.05,4.0,5.957957957957958,0.0012116316639741518,0.9980646223760611
prefill,math,0,1,1,32,static,620,8,0.6455645161290322,0.07096774193548387,4.0,6.196127420362274,0.0,1.0
prefill,math,0,1,1,32,transition,620,8,0.8185483870967742,0.31451612903225806,4.0,4.886699507389163,0.22869547657512115,0.6341062036535464
prefill,math,0,2,2,8,domain_oracle,620,8,0.2778225806451613,0.0,1.0,3.5994194484760524,0.0,1.0
prefill,math,0,2,2,8,previous_window,620,8,0.25766129032258067,0.0,1.0,3.8810641627543037,0.0016155088852988692,0.9976828054372481
prefill,math,0,2,2,8,static,620,8,0.17358870967741935,0.0,1.0,5.760743321718931,0.0,1.0
prefill,math,0,2,2,8,transition,620,8,0.2754032258064516,0.0,1.0,3.6310395314787702,0.33945880452342486,0.520099430277136
prefill,math,0,2,2,16,domain_oracle,620,8,0.43891129032258064,0.0,2.0,4.556729444189251,0.0,1.0
prefill,math,0,2,2,16,previous_window,620,8,0.4383064516129032,0.0,2.0,4.563017479300828,0.0013126009693053312,0.9979624490805513
prefill,math,0,2,2,16,static,620,8,0.3223790322580645,0.020967741935483872,2.0,6.203877423389619,0.0,1.0
prefill,math,0,2,2,16,transition,620,8,0.4681451612903226,0.035483870967741936,2.0,4.272179155900086,0.28362277867528274,0.5732748549667943
prefill,math,0,2,2,32,domain_oracle,620,8,0.6991935483870968,0.0467741935483871,4.0,5.720876585928489,0.0,1.0
prefill,math,0,2,2,32,previous_window,620,8,0.6743951612903226,0.025806451612903226,4.0,5.931240657698057,0.001363085621970921,0.9979102971175707
prefill,math,0,2,2,32,static,620,8,0.5997983870967742,0.05161290322580645,4.0,6.66890756302521,0.0,1.0
prefill,math,0,2,2,32,transition,620,8,0.7721774193548387,0.2,4.0,5.180156657963447,0.2118336025848142,0.6578453397754158
prefill,math,0,3,3,8,domain_oracle,620,8,0.2752016129032258,0.0,1.0,3.6336996336996337,0.0,1.0
prefill,math,0,3,3,8,previous_window,620,8,0.26995967741935484,0.0,1.0,3.7042569081404033,0.0018174474959612278,0.9973564400058746
prefill,math,0,3,3,8,static,620,8,0.2532258064516129,0.0,1.0,3.949044585987261,0.0,1.0
prefill,math,0,3,3,8,transition,620,8,0.3943548387096774,0.0,1.0,2.5357873210633946,0.3568255250403877,0.501585257320313
prefill,math,0,3,3,16,domain_oracle,620,8,0.4518145161290323,0.0,2.0,4.426595269968764,0.0,1.0
prefill,math,0,3,3,16,previous_window,620,8,0.4340725806451613,0.0,2.0,4.607524384579656,0.0020193861066235864,0.997152106866232
prefill,math,0,3,3,16,static,620,8,0.4221774193548387,0.0,2.0,4.737344794651385,0.0,1.0
prefill,math,0,3,3,16,transition,620,8,0.6050403225806451,0.08548387096774193,2.0,3.3055648117294236,0.3160339256865913,0.5375650329115259
prefill,math,0,3,3,32,domain_oracle,620,8,0.7399193548387096,0.10483870967741936,4.0,5.405994550408719,0.0,1.0
prefill,math,0,3,3,32,previous_window,620,8,0.7348790322580645,0.0935483870967742,4.0,5.443072702331961,0.0007067851373182552,0.9987677499793816
prefill,math,0,3,3,32,static,620,8,0.6921370967741935,0.12419354838709677,4.0,5.779201864258666,0.0,1.0
prefill,math,0,3,3,32,transition,620,8,0.8348790322580645,0.33225806451612905,4.0,4.79111325766723,0.19572899838449112,0.6812756591363736
prefill,math,1,2,1,8,domain_oracle,620,8,0.2778225806451613,0.0,1.0,3.5994194484760524,0.0,1.0
prefill,math,1,2,1,8,previous_window,620,8,0.25766129032258067,0.0,1.0,3.8810641627543037,0.0016155088852988692,0.9976828054372481
prefill,math,1,2,1,8,static,620,8,0.17358870967741935,0.0,1.0,5.760743321718931,0.0,1.0
prefill,math,1,2,1,8,transition,620,8,0.3439516129032258,0.0,1.0,2.9073856975381007,0.39095315024232635,0.4674931243590373
prefill,math,1,2,1,16,domain_oracle,620,8,0.43891129032258064,0.0,2.0,4.556729444189251,0.0,1.0
prefill,math,1,2,1,16,previous_window,620,8,0.4383064516129032,0.0,2.0,4.563017479300828,0.0013126009693053312,0.9979624490805513
prefill,math,1,2,1,16,static,620,8,0.3223790322580645,0.020967741935483872,2.0,6.203877423389619,0.0,1.0
prefill,math,1,2,1,16,transition,620,8,0.5564516129032258,0.04838709677419355,2.0,3.5942028985507246,0.3326938610662359,0.5164923393778769
prefill,math,1,2,1,32,domain_oracle,620,8,0.6991935483870968,0.0467741935483871,4.0,5.720876585928489,0.0,1.0
prefill,math,1,2,1,32,previous_window,620,8,0.6743951612903226,0.025806451612903226,4.0,5.931240657698057,0.001363085621970921,0.9979102971175707
prefill,math,1,2,1,32,static,620,8,0.5997983870967742,0.05161290322580645,4.0,6.66890756302521,0.0,1.0
prefill,math,1,2,1,32,transition,620,8,0.8441532258064516,0.3209677419354839,4.0,4.738476235968474,0.23475363489499193,0.6265873579783079
prefill,math,1,3,2,8,domain_oracle,620,8,0.2752016129032258,0.0,1.0,3.6336996336996337,0.0,1.0
prefill,math,1,3,2,8,previous_window,620,8,0.26995967741935484,0.0,1.0,3.7042569081404033,0.0018174474959612278,0.9973564400058746
prefill,math,1,3,2,8,static,620,8,0.2532258064516129,0.0,1.0,3.949044585987261,0.0,1.0
prefill,math,1,3,2,8,transition,620,8,0.4536290322580645,0.0,1.0,2.2044444444444444,0.39781906300484654,0.45289325644737666
prefill,math,1,3,2,16,domain_oracle,620,8,0.4518145161290323,0.0,2.0,4.426595269968764,0.0,1.0
prefill,math,1,3,2,16,previous_window,620,8,0.4340725806451613,0.0,2.0,4.607524384579656,0.0020193861066235864,0.997152106866232
prefill,math,1,3,2,16,static,620,8,0.4221774193548387,0.0,2.0,4.737344794651385,0.0,1.0
prefill,math,1,3,2,16,transition,620,8,0.6895161290322581,0.0935483870967742,2.0,2.9005847953216373,0.33117932148626816,0.5174042079189004
prefill,math,1,3,2,32,domain_oracle,620,8,0.7399193548387096,0.10483870967741936,4.0,5.405994550408719,0.0,1.0
prefill,math,1,3,2,32,previous_window,620,8,0.7348790322580645,0.0935483870967742,4.0,5.443072702331961,0.0007067851373182552,0.9987677499793816
prefill,math,1,3,2,32,static,620,8,0.6921370967741935,0.12419354838709677,4.0,5.779201864258666,0.0,1.0
prefill,math,1,3,2,32,transition,620,8,0.8705645161290323,0.38870967741935486,4.0,4.594719777674849,0.19759693053311794,0.6763098990389532
prefill,math,1,4,3,8,domain_oracle,620,8,0.2957661290322581,0.0,1.0,3.3810497614178594,0.0,1.0
prefill,math,1,4,3,8,previous_window,620,8,0.28125,0.0,1.0,3.5555555555555554,0.0018174474959612278,0.9973956038576394
prefill,math,1,4,3,8,static,620,8,0.21512096774193548,0.0,1.0,4.6485473289597,0.0,1.0
prefill,math,1,4,3,8,transition,620,8,0.41592741935483873,0.0,1.0,2.4042656325739213,0.37964458804523427,0.4692786660476483
prefill,math,1,4,3,16,domain_oracle,620,8,0.4721774193548387,0.0016129032258064516,2.0,4.235695986336465,0.0,1.0
prefill,math,1,4,3,16,previous_window,620,8,0.4534274193548387,0.0,2.0,4.410849266340596,0.0017164781906300484,0.9974892565466422
prefill,math,1,4,3,16,static,620,8,0.36612903225806454,0.0,2.0,5.462555066079295,0.0,1.0
prefill,math,1,4,3,16,transition,620,8,0.63125,0.06129032258064516,2.0,3.1683168316831685,0.30735056542810985,0.5430160020499869
prefill,math,1,4,3,32,domain_oracle,620,8,0.7508064516129033,0.10806451612903226,4.0,5.327604726100967,0.0,1.0
prefill,math,1,4,3,32,previous_window,620,8,0.7435483870967742,0.09193548387096774,4.0,5.379609544468547,0.0008582390953150242,0.9985430545757048
prefill,math,1,4,3,32,static,620,8,0.6592741935483871,0.1338709677419355,4.0,6.0672782874617734,0.0,1.0
prefill,math,1,4,3,32,transition,620,8,0.8580645161290322,0.36129032258064514,4.0,4.661654135338346,0.17831179321486268,0.7039930218249806
prefill,math,2,3,1,8,domain_oracle,620,8,0.2752016129032258,0.0,1.0,3.6336996336996337,0.0,1.0
prefill,math,2,3,1,8,previous_window,620,8,0.26995967741935484,0.0,1.0,3.7042569081404033,0.0018174474959612278,0.9973564400058746
prefill,math,2,3,1,8,static,620,8,0.2532258064516129,0.0,1.0,3.949044585987261,0.0,1.0
prefill,math,2,3,1,8,transition,620,8,0.5483870967741935,0.0,1.0,1.8235294117647058,0.4848546042003231,0.3843206156614874
prefill,math,2,3,1,16,domain_oracle,620,8,0.4518145161290323,0.0,2.0,4.426595269968764,0.0,1.0
prefill,math,2,3,1,16,previous_window,620,8,0.4340725806451613,0.0,2.0,4.607524384579656,0.0020193861066235864,0.997152106866232
prefill,math,2,3,1,16,static,620,8,0.4221774193548387,0.0,2.0,4.737344794651385,0.0,1.0
prefill,math,2,3,1,16,transition,620,8,0.7633064516129032,0.1,2.0,2.6201796090861067,0.3837843295638126,0.4745592938435232
prefill,math,2,3,1,32,domain_oracle,620,8,0.7399193548387096,0.10483870967741936,4.0,5.405994550408719,0.0,1.0
prefill,math,2,3,1,32,previous_window,620,8,0.7348790322580645,0.0935483870967742,4.0,5.443072702331961,0.0007067851373182552,0.9987677499793816
prefill,math,2,3,1,32,static,620,8,0.6921370967741935,0.12419354838709677,4.0,5.779201864258666,0.0,1.0
prefill,math,2,3,1,32,transition,620,8,0.9300403225806452,0.5790322580645161,4.0,4.300888792542814,0.23056340872374798,0.6392092747597412
prefill,math,2,4,2,8,domain_oracle,620,8,0.2957661290322581,0.0,1.0,3.3810497614178594,0.0,1.0
prefill,math,2,4,2,8,previous_window,620,8,0.28125,0.0,1.0,3.5555555555555554,0.0018174474959612278,0.9973956038576394
prefill,math,2,4,2,8,static,620,8,0.21512096774193548,0.0,1.0,4.6485473289597,0.0,1.0
prefill,math,2,4,2,8,transition,620,8,0.5004032258064516,0.0016129032258064516,1.0,1.9983883964544722,0.4087237479806139,0.45012718389131934
prefill,math,2,4,2,16,domain_oracle,620,8,0.4721774193548387,0.0016129032258064516,2.0,4.235695986336465,0.0,1.0
prefill,math,2,4,2,16,previous_window,620,8,0.4534274193548387,0.0,2.0,4.410849266340596,0.0017164781906300484,0.9974892565466422
prefill,math,2,4,2,16,static,620,8,0.36612903225806454,0.0,2.0,5.462555066079295,0.0,1.0
prefill,math,2,4,2,16,transition,620,8,0.7254032258064517,0.08709677419354839,2.0,2.7570872707059477,0.3427907915993538,0.5175788757120124
prefill,math,2,4,2,32,domain_oracle,620,8,0.7508064516129033,0.10806451612903226,4.0,5.327604726100967,0.0,1.0
prefill,math,2,4,2,32,previous_window,620,8,0.7435483870967742,0.09193548387096774,4.0,5.379609544468547,0.0008582390953150242,0.9985430545757048
prefill,math,2,4,2,32,static,620,8,0.6592741935483871,0.1338709677419355,4.0,6.0672782874617734,0.0,1.0
prefill,math,2,4,2,32,transition,620,8,0.9239919354838709,0.535483870967742,4.0,4.329042112153611,0.21875,0.6531596265815515
prefill,math,2,5,3,8,domain_oracle,620,8,0.3270161290322581,0.0,1.0,3.057953144266338,0.0,1.0
prefill,math,2,5,3,8,previous_window,620,8,0.31975806451612904,0.0,1.0,3.1273644388398485,0.0010096930533117932,0.9983485909172501
prefill,math,2,5,3,8,static,620,8,0.23951612903225805,0.0,1.0,4.175084175084175,0.0,1.0
prefill,math,2,5,3,8,transition,620,8,0.5020161290322581,0.0,1.0,1.9919678714859437,0.40084814216478193,0.46807638600853435
prefill,math,2,5,3,16,domain_oracle,620,8,0.49959677419354837,0.0032258064516129032,2.0,4.003228410008071,0.0,1.0
prefill,math,2,5,3,16,previous_window,620,8,0.48528225806451614,0.0016129032258064516,2.0,4.121312837557125,0.0014135702746365104,0.9978152165551196
prefill,math,2,5,3,16,static,620,8,0.3995967741935484,0.0,2.0,5.005045408678103,0.0,1.0
prefill,math,2,5,3,16,transition,620,8,0.7284274193548387,0.11935483870967742,2.0,2.7456407417658455,0.32885702746365103,0.5360886668666852
prefill,math,2,5,3,32,domain_oracle,620,8,0.7554435483870968,0.16129032258064516,4.0,5.294902588737656,0.0,1.0
prefill,math,2,5,3,32,previous_window,620,8,0.7375,0.1338709677419355,4.0,5.423728813559322,0.0007067851373182552,0.9987677499793816
prefill,math,2,5,3,32,static,620,8,0.686491935483871,0.13709677419354838,4.0,5.826725403817915,0.0,1.0
prefill,math,2,5,3,32,transition,620,8,0.9034274193548387,0.482258064516129,4.0,4.4275831287659,0.2074414378029079,0.6673669043725087
prefill,math,3,4,1,8,domain_oracle,620,8,0.2957661290322581,0.0,1.0,3.3810497614178594,0.0,1.0
prefill,math,3,4,1,8,previous_window,620,8,0.28125,0.0,1.0,3.5555555555555554,0.0018174474959612278,0.9973956038576394
prefill,math,3,4,1,8,static,620,8,0.21512096774193548,0.0,1.0,4.6485473289597,0.0,1.0
prefill,math,3,4,1,8,transition,620,8,0.5215725806451613,0.0016129032258064516,1.0,1.9172787011982992,0.42790791599353795,0.4386875016923477
prefill,math,3,4,1,16,domain_oracle,620,8,0.4721774193548387,0.0016129032258064516,2.0,4.235695986336465,0.0,1.0
prefill,math,3,4,1,16,previous_window,620,8,0.4534274193548387,0.0,2.0,4.410849266340596,0.0017164781906300484,0.9974892565466422
prefill,math,3,4,1,16,static,620,8,0.36612903225806454,0.0,2.0,5.462555066079295,0.0,1.0
prefill,math,3,4,1,16,transition,620,8,0.7620967741935484,0.16612903225806452,2.0,2.624338624338624,0.3628836833602585,0.49723090878325366
prefill,math,3,4,1,32,domain_oracle,620,8,0.7508064516129033,0.10806451612903226,4.0,5.327604726100967,0.0,1.0
prefill,math,3,4,1,32,previous_window,620,8,0.7435483870967742,0.09193548387096774,4.0,5.379609544468547,0.0008582390953150242,0.9985430545757048
prefill,math,3,4,1,32,static,620,8,0.6592741935483871,0.1338709677419355,4.0,6.0672782874617734,0.0,1.0
prefill,math,3,4,1,32,transition,620,8,0.9421370967741935,0.6306451612903226,4.0,4.245666595334902,0.24368941841680128,0.6250651702400307
prefill,math,3,5,2,8,domain_oracle,620,8,0.3270161290322581,0.0,1.0,3.057953144266338,0.0,1.0
prefill,math,3,5,2,8,previous_window,620,8,0.31975806451612904,0.0,1.0,3.1273644388398485,0.0010096930533117932,0.9983485909172501
prefill,math,3,5,2,8,static,620,8,0.23951612903225805,0.0,1.0,4.175084175084175,0.0,1.0
prefill,math,3,5,2,8,transition,620,8,0.5137096774193548,0.0,1.0,1.946624803767661,0.3802504038772213,0.49056859493046734
prefill,math,3,5,2,16,domain_oracle,620,8,0.49959677419354837,0.0032258064516129032,2.0,4.003228410008071,0.0,1.0
prefill,math,3,5,2,16,previous_window,620,8,0.48528225806451614,0.0016129032258064516,2.0,4.121312837557125,0.0014135702746365104,0.9978152165551196
prefill,math,3,5,2,16,static,620,8,0.3995967741935484,0.0,2.0,5.005045408678103,0.0,1.0
prefill,math,3,5,2,16,transition,620,8,0.7389112903225806,0.14516129032258066,2.0,2.7066848567530695,0.35823909531502424,0.50336487535415
prefill,math,3,5,2,32,domain_oracle,620,8,0.7554435483870968,0.16129032258064516,4.0,5.294902588737656,0.0,1.0
prefill,math,3,5,2,32,previous_window,620,8,0.7375,0.1338709677419355,4.0,5.423728813559322,0.0007067851373182552,0.9987677499793816
prefill,math,3,5,2,32,static,620,8,0.686491935483871,0.13709677419354838,4.0,5.826725403817915,0.0,1.0
prefill,math,3,5,2,32,transition,620,8,0.9334677419354839,0.6016129032258064,4.0,4.285097192224622,0.251110662358643,0.6157314514204468
prefill,math,3,6,3,8,domain_oracle,620,8,0.37116935483870966,0.0,1.0,2.69418794133623,0.0,1.0
prefill,math,3,6,3,8,previous_window,620,8,0.3590725806451613,0.0,1.0,2.784952274003369,0.0008077544426494346,0.9986357924968587
prefill,math,3,6,3,8,static,620,8,0.3004032258064516,0.0,1.0,3.3288590604026846,0.0,1.0
prefill,math,3,6,3,8,transition,620,8,0.582258064516129,0.017741935483870968,1.0,1.7174515235457064,0.4079159935379645,0.4528483901666446
prefill,math,3,6,3,16,domain_oracle,620,8,0.5588709677419355,0.0,2.0,3.578643578643579,0.0,1.0
prefill,math,3,6,3,16,previous_window,620,8,0.538508064516129,0.0,2.0,3.713964807188319,0.0016155088852988692,0.9975914231164635
prefill,math,3,6,3,16,static,620,8,0.4645161290322581,0.025806451612903226,2.0,4.305555555555555,0.0,1.0
prefill,math,3,6,3,16,transition,620,8,0.7925403225806451,0.1967741935483871,2.0,2.5235309081658612,0.32310177705977383,0.5449369508967017
prefill,math,3,6,3,32,domain_oracle,620,8,0.8169354838709677,0.19032258064516128,4.0,4.896347482724581,0.0,1.0
prefill,math,3,6,3,32,previous_window,620,8,0.8054435483870968,0.2032258064516129,4.0,4.966207759699625,0.0007067851373182552,0.99879338984157
prefill,math,3,6,3,32,static,620,8,0.7245967741935484,0.12580645161290321,4.0,5.52031163049527,0.0,1.0
prefill,math,3,6,3,32,transition,620,8,0.938508064516129,0.6306451612903226,4.0,4.262083780880773,0.2256663974151858,0.6494406468649531
prefill,math,4,5,1,8,domain_oracle,620,8,0.3270161290322581,0.0,1.0,3.057953144266338,0.0,1.0
prefill,math,4,5,1,8,previous_window,620,8,0.31975806451612904,0.0,1.0,3.1273644388398485,0.0010096930533117932,0.9983485909172501
prefill,math,4,5,1,8,static,620,8,0.23951612903225805,0.0,1.0,4.175084175084175,0.0,1.0
prefill,math,4,5,1,8,transition,620,8,0.5415322580645161,0.0,1.0,1.8466120625465376,0.39963651050080773,0.47746125710584425
prefill,math,4,5,1,16,domain_oracle,620,8,0.49959677419354837,0.0032258064516129032,2.0,4.003228410008071,0.0,1.0
prefill,math,4,5,1,16,previous_window,620,8,0.48528225806451614,0.0016129032258064516,2.0,4.121312837557125,0.0014135702746365104,0.9978152165551196
prefill,math,4,5,1,16,static,620,8,0.3995967741935484,0.0,2.0,5.005045408678103,0.0,1.0
prefill,math,4,5,1,16,transition,620,8,0.771774193548387,0.2129032258064516,2.0,2.5914315569487982,0.3376413570274637,0.5361967917186535
prefill,math,4,5,1,32,domain_oracle,620,8,0.7554435483870968,0.16129032258064516,4.0,5.294902588737656,0.0,1.0
prefill,math,4,5,1,32,previous_window,620,8,0.7375,0.1338709677419355,4.0,5.423728813559322,0.0007067851373182552,0.9987677499793816
prefill,math,4,5,1,32,static,620,8,0.686491935483871,0.13709677419354838,4.0,5.826725403817915,0.0,1.0
prefill,math,4,5,1,32,transition,620,8,0.9453629032258064,0.667741935483871,4.0,4.231179355939433,0.2191538772213247,0.6561480416254327
prefill,math,4,6,2,8,domain_oracle,620,8,0.37116935483870966,0.0,1.0,2.69418794133623,0.0,1.0
prefill,math,4,6,2,8,previous_window,620,8,0.3590725806451613,0.0,1.0,2.784952274003369,0.0008077544426494346,0.9986357924968587
prefill,math,4,6,2,8,static,620,8,0.3004032258064516,0.0,1.0,3.3288590604026846,0.0,1.0
prefill,math,4,6,2,8,transition,620,8,0.5929435483870967,0.0064516129032258064,1.0,1.6865011900714042,0.3960016155088853,0.4773755054853594
prefill,math,4,6,2,16,domain_oracle,620,8,0.5588709677419355,0.0,2.0,3.578643578643579,0.0,1.0
prefill,math,4,6,2,16,previous_window,620,8,0.538508064516129,0.0,2.0,3.713964807188319,0.0016155088852988692,0.9975914231164635
prefill,math,4,6,2,16,static,620,8,0.4645161290322581,0.025806451612903226,2.0,4.305555555555555,0.0,1.0
prefill,math,4,6,2,16,transition,620,8,0.7985887096774194,0.2306451612903226,2.0,2.5044180762433728,0.3091680129240711,0.5591267340516122
prefill,math,4,6,2,32,domain_oracle,620,8,0.8169354838709677,0.19032258064516128,4.0,4.896347482724581,0.0,1.0
prefill,math,4,6,2,32,previous_window,620,8,0.8054435483870968,0.2032258064516129,4.0,4.966207759699625,0.0007067851373182552,0.99879338984157
prefill,math,4,6,2,32,static,620,8,0.7245967741935484,0.12580645161290321,4.0,5.52031163049527,0.0,1.0
prefill,math,4,6,2,32,transition,620,8,0.9485887096774194,0.6629032258064517,4.0,4.216790648246546,0.20491720516962844,0.6760199999888711
prefill,math,4,7,3,8,domain_oracle,620,8,0.28669354838709676,0.0,1.0,3.488045007032349,0.0,1.0
prefill,math,4,7,3,8,previous_window,620,8,0.2848790322580645,0.0,1.0,3.5102618542108988,0.0012116316639741518,0.9981136078066611
prefill,math,4,7,3,8,static,620,8,0.20362903225806453,0.0,1.0,4.910891089108911,0.0,1.0
prefill,math,4,7,3,8,transition,620,8,0.5383064516129032,0.0016129032258064516,1.0,1.857677902621723,0.4430533117932149,0.4333758146359104
prefill,math,4,7,3,16,domain_oracle,620,8,0.4754032258064516,0.004838709677419355,2.0,4.206955046649703,0.0,1.0
prefill,math,4,7,3,16,previous_window,620,8,0.45564516129032256,0.0016129032258064516,2.0,4.389380530973451,0.0013126009693053312,0.9979383029463805
prefill,math,4,7,3,16,static,620,8,0.380241935483871,0.020967741935483872,2.0,5.2598091198303285,0.0,1.0
prefill,math,4,7,3,16,transition,620,8,0.7691532258064516,0.17903225806451614,2.0,2.600262123197903,0.360359450726979,0.5064661194028811
prefill,math,4,7,3,32,domain_oracle,620,8,0.7600806451612904,0.19193548387096773,4.0,5.262599469496021,0.0,1.0
prefill,math,4,7,3,32,previous_window,620,8,0.7445564516129032,0.1596774193548387,4.0,5.37232602220417,0.0005553311793214863,0.9990050516706414
prefill,math,4,7,3,32,static,620,8,0.6598790322580645,0.11774193548387096,4.0,6.061717079132294,0.0,1.0
prefill,math,4,7,3,32,transition,620,8,0.9383064516129033,0.6483870967741936,4.0,4.26299957026214,0.21955775444264944,0.6569286150180317
prefill,math,5,6,1,8,domain_oracle,620,8,0.37116935483870966,0.0,1.0,2.69418794133623,0.0,1.0
prefill,math,5,6,1,8,previous_window,620,8,0.3590725806451613,0.0,1.0,2.784952274003369,0.0008077544426494346,0.9986357924968587
prefill,math,5,6,1,8,static,620,8,0.3004032258064516,0.0,1.0,3.3288590604026846,0.0,1.0
prefill,math,5,6,1,8,transition,620,8,0.6080645161290322,0.008064516129032258,1.0,1.6445623342175066,0.3943861066235864,0.4822449494501188
prefill,math,5,6,1,16,domain_oracle,620,8,0.5588709677419355,0.0,2.0,3.578643578643579,0.0,1.0
prefill,math,5,6,1,16,previous_window,620,8,0.538508064516129,0.0,2.0,3.713964807188319,0.0016155088852988692,0.9975914231164635
prefill,math,5,6,1,16,static,620,8,0.4645161290322581,0.025806451612903226,2.0,4.305555555555555,0.0,1.0
prefill,math,5,6,1,16,transition,620,8,0.8213709677419355,0.2693548387096774,2.0,2.434953362788414,0.30876413570274636,0.5609415655557912
prefill,math,5,6,1,32,domain_oracle,620,8,0.8169354838709677,0.19032258064516128,4.0,4.896347482724581,0.0,1.0
prefill,math,5,6,1,32,previous_window,620,8,0.8054435483870968,0.2032258064516129,4.0,4.966207759699625,0.0007067851373182552,0.99879338984157
prefill,math,5,6,1,32,static,620,8,0.7245967741935484,0.12580645161290321,4.0,5.52031163049527,0.0,1.0
prefill,math,5,6,1,32,transition,620,8,0.9590725806451613,0.7209677419354839,4.0,4.170695816691192,0.21082390953150243,0.6669481713145179
prefill,math,5,7,2,8,domain_oracle,620,8,0.28669354838709676,0.0,1.0,3.488045007032349,0.0,1.0
prefill,math,5,7,2,8,previous_window,620,8,0.2848790322580645,0.0,1.0,3.5102618542108988,0.0012116316639741518,0.9981136078066611
prefill,math,5,7,2,8,static,620,8,0.20362903225806453,0.0,1.0,4.910891089108911,0.0,1.0
prefill,math,5,7,2,8,transition,620,8,0.5721774193548387,0.008064516129032258,1.0,1.7477096546863988,0.4618336025848142,0.4097912139915368
prefill,math,5,7,2,16,domain_oracle,620,8,0.4754032258064516,0.004838709677419355,2.0,4.206955046649703,0.0,1.0
prefill,math,5,7,2,16,previous_window,620,8,0.45564516129032256,0.0016129032258064516,2.0,4.389380530973451,0.0013126009693053312,0.9979383029463805
prefill,math,5,7,2,16,static,620,8,0.380241935483871,0.020967741935483872,2.0,5.2598091198303285,0.0,1.0
prefill,math,5,7,2,16,transition,620,8,0.8038306451612903,0.2645161290322581,2.0,2.488086280411337,0.3644991922455573,0.5017649959313799
prefill,math,5,7,2,32,domain_oracle,620,8,0.7600806451612904,0.19193548387096773,4.0,5.262599469496021,0.0,1.0
prefill,math,5,7,2,32,previous_window,620,8,0.7445564516129032,0.1596774193548387,4.0,5.37232602220417,0.0005553311793214863,0.9990050516706414
prefill,math,5,7,2,32,static,620,8,0.6598790322580645,0.11774193548387096,4.0,6.061717079132294,0.0,1.0
prefill,math,5,7,2,32,transition,620,8,0.961491935483871,0.7467741935483871,4.0,4.160201300062906,0.2192548465266559,0.6573296200270141
prefill,math,5,8,3,8,domain_oracle,620,8,0.3050403225806452,0.0,1.0,3.2782551222736287,0.0,1.0
prefill,math,5,8,3,8,previous_window,620,8,0.298991935483871,0.0,1.0,3.344571813890762,0.0018174474959612278,0.9973956038576394
prefill,math,5,8,3,8,static,620,8,0.2060483870967742,0.0,1.0,4.853228962818004,0.0,1.0
prefill,math,5,8,3,8,transition,620,8,0.601008064516129,0.0032258064516129032,1.0,1.6638711841663871,0.4697092084006462,0.41668573752580074
prefill,math,5,8,3,16,domain_oracle,620,8,0.48629032258064514,0.03064516129032258,2.0,4.112769485903814,0.0,1.0
prefill,math,5,8,3,16,previous_window,620,8,0.48004032258064516,0.00967741935483871,2.0,4.166316673666526,0.0010096930533117932,0.998361547379488
prefill,math,5,8,3,16,static,620,8,0.4350806451612903,0.0,2.0,4.596848934198332,0.0,1.0
prefill,math,5,8,3,16,transition,620,8,0.8360887096774193,0.3403225806451613,2.0,2.3920906679527367,0.33966074313408723,0.5318254772068135
prefill,math,5,8,3,32,domain_oracle,620,8,0.7669354838709678,0.18387096774193548,4.0,5.215562565720295,0.0,1.0
prefill,math,5,8,3,32,previous_window,620,8,0.7550403225806451,0.16129032258064516,4.0,5.297730307076101,0.0005048465266558966,0.9990919361821196
prefill,math,5,8,3,32,static,620,8,0.7332661290322581,0.12580645161290321,4.0,5.455045367060764,0.0,1.0
prefill,math,5,8,3,32,transition,620,8,0.973991935483871,0.8241935483870968,4.0,4.106810184226868,0.2289983844911147,0.644681639990438
prefill,math,6,7,1,8,domain_oracle,620,8,0.28669354838709676,0.0,1.0,3.488045007032349,0.0,1.0
prefill,math,6,7,1,8,previous_window,620,8,0.2848790322580645,0.0,1.0,3.5102618542108988,0.0012116316639741518,0.9981136078066611
prefill,math,6,7,1,8,static,620,8,0.20362903225806453,0.0,1.0,4.910891089108911,0.0,1.0
prefill,math,6,7,1,8,transition,620,8,0.56875,0.0032258064516129032,1.0,1.7582417582417582,0.4620355411954766,0.41625905955469683
prefill,math,6,7,1,16,domain_oracle,620,8,0.4754032258064516,0.004838709677419355,2.0,4.206955046649703,0.0,1.0
prefill,math,6,7,1,16,previous_window,620,8,0.45564516129032256,0.0016129032258064516,2.0,4.389380530973451,0.0013126009693053312,0.9979383029463805
prefill,math,6,7,1,16,static,620,8,0.380241935483871,0.020967741935483872,2.0,5.2598091198303285,0.0,1.0
prefill,math,6,7,1,16,transition,620,8,0.791733870967742,0.2435483870967742,2.0,2.5261013496307614,0.36460016155088854,0.5041113292132413
prefill,math,6,7,1,32,domain_oracle,620,8,0.7600806451612904,0.19193548387096773,4.0,5.262599469496021,0.0,1.0
prefill,math,6,7,1,32,previous_window,620,8,0.7445564516129032,0.1596774193548387,4.0,5.37232602220417,0.0005553311793214863,0.9990050516706414
prefill,math,6,7,1,32,static,620,8,0.6598790322580645,0.11774193548387096,4.0,6.061717079132294,0.0,1.0
prefill,math,6,7,1,32,transition,620,8,0.9514112903225806,0.7064516129032258,4.0,4.204280567916932,0.22203150242326333,0.6527178353907863
prefill,math,6,8,2,8,domain_oracle,620,8,0.3050403225806452,0.0,1.0,3.2782551222736287,0.0,1.0
prefill,math,6,8,2,8,previous_window,620,8,0.298991935483871,0.0,1.0,3.344571813890762,0.0018174474959612278,0.9973956038576394
prefill,math,6,8,2,8,static,620,8,0.2060483870967742,0.0,1.0,4.853228962818004,0.0,1.0
prefill,math,6,8,2,8,transition,620,8,0.617741935483871,0.0016129032258064516,1.0,1.6187989556135771,0.4775848142164782,0.4056858955081882
prefill,math,6,8,2,16,domain_oracle,620,8,0.48629032258064514,0.03064516129032258,2.0,4.112769485903814,0.0,1.0
prefill,math,6,8,2,16,previous_window,620,8,0.48004032258064516,0.00967741935483871,2.0,4.166316673666526,0.0010096930533117932,0.998361547379488
prefill,math,6,8,2,16,static,620,8,0.4350806451612903,0.0,2.0,4.596848934198332,0.0,1.0
prefill,math,6,8,2,16,transition,620,8,0.834274193548387,0.3193548387096774,2.0,2.3972933784436927,0.3223949919224556,0.5508719934063819
prefill,math,6,8,2,32,domain_oracle,620,8,0.7669354838709678,0.18387096774193548,4.0,5.215562565720295,0.0,1.0
prefill,math,6,8,2,32,previous_window,620,8,0.7550403225806451,0.16129032258064516,4.0,5.297730307076101,0.0005048465266558966,0.9990919361821196
prefill,math,6,8,2,32,static,620,8,0.7332661290322581,0.12580645161290321,4.0,5.455045367060764,0.0,1.0
prefill,math,6,8,2,32,transition,620,8,0.9665322580645161,0.8096774193548387,4.0,4.138506466416354,0.23414781906300486,0.6374263093468178
prefill,math,6,9,3,8,domain_oracle,620,8,0.25967741935483873,0.0,1.0,3.8509316770186337,0.0,1.0
prefill,math,6,9,3,8,previous_window,620,8,0.25201612903225806,0.0,1.0,3.968,0.0018174474959612278,0.9973956038576396
prefill,math,6,9,3,8,static,620,8,0.19556451612903225,0.0,1.0,5.11340206185567,0.0,1.0
prefill,math,6,9,3,8,transition,620,8,0.6056451612903225,0.00967741935483871,1.0,1.6511318242343542,0.4927302100161551,0.40053211911047015
prefill,math,6,9,3,16,domain_oracle,620,8,0.4344758064516129,0.012903225806451613,2.0,4.603248259860789,0.0,1.0
prefill,math,6,9,3,16,previous_window,620,8,0.4258064516129032,0.0064516129032258064,2.0,4.696969696969697,0.0012116316639741518,0.9980743457998794
prefill,math,6,9,3,16,static,620,8,0.3512096774193548,0.0,2.0,5.694603903559128,0.0,1.0
prefill,math,6,9,3,16,transition,620,8,0.8407258064516129,0.3548387096774194,2.0,2.3788968824940047,0.4077140549273021,0.4663015501416151
prefill,math,6,9,3,32,domain_oracle,620,8,0.7129032258064516,0.12419354838709677,4.0,5.610859728506787,0.0,1.0
prefill,math,6,9,3,32,previous_window,620,8,0.6955645161290323,0.12580645161290321,4.0,5.750724637681159,0.0008582390953150242,0.9985509110583509
prefill,math,6,9,3,32,static,620,8,0.6375,0.08225806451612903,4.0,6.2745098039215685,0.0,1.0
prefill,math,6,9,3,32,transition,620,8,0.9735887096774194,0.864516129032258,4.0,4.108511078898323,0.2665589660743134,0.6026674401375206
prefill,math,7,8,1,8,domain_oracle,620,8,0.3050403225806452,0.0,1.0,3.2782551222736287,0.0,1.0
prefill,math,7,8,1,8,previous_window,620,8,0.298991935483871,0.0,1.0,3.344571813890762,0.0018174474959612278,0.9973956038576394
prefill,math,7,8,1,8,static,620,8,0.2060483870967742,0.0,1.0,4.853228962818004,0.0,1.0
prefill,math,7,8,1,8,transition,620,8,0.6399193548387097,0.0064516129032258064,1.0,1.5626969124133585,0.5195880452342488,0.36572456443215656
prefill,math,7,8,1,16,domain_oracle,620,8,0.48629032258064514,0.03064516129032258,2.0,4.112769485903814,0.0,1.0
prefill,math,7,8,1,16,previous_window,620,8,0.48004032258064516,0.00967741935483871,2.0,4.166316673666526,0.0010096930533117932,0.998361547379488
prefill,math,7,8,1,16,static,620,8,0.4350806451612903,0.0,2.0,4.596848934198332,0.0,1.0
prefill,math,7,8,1,16,transition,620,8,0.8540322580645161,0.3387096774193548,2.0,2.3418319169027386,0.3925686591276252,0.4770256433177294
prefill,math,7,8,1,32,domain_oracle,620,8,0.7669354838709678,0.18387096774193548,4.0,5.215562565720295,0.0,1.0
prefill,math,7,8,1,32,previous_window,620,8,0.7550403225806451,0.16129032258064516,4.0,5.297730307076101,0.0005048465266558966,0.9990919361821196
prefill,math,7,8,1,32,static,620,8,0.7332661290322581,0.12580645161290321,4.0,5.455045367060764,0.0,1.0
prefill,math,7,8,1,32,transition,620,8,0.9713709677419354,0.8112903225806452,4.0,4.117891241178913,0.2582289983844911,0.6105210568395552
prefill,math,7,9,2,8,domain_oracle,620,8,0.25967741935483873,0.0,1.0,3.8509316770186337,0.0,1.0
prefill,math,7,9,2,8,previous_window,620,8,0.25201612903225806,0.0,1.0,3.968,0.0018174474959612278,0.9973956038576396
prefill,math,7,9,2,8,static,620,8,0.19556451612903225,0.0,1.0,5.11340206185567,0.0,1.0
prefill,math,7,9,2,8,transition,620,8,0.6594758064516129,0.016129032258064516,1.0,1.5163558544787528,0.566437802907916,0.33023357902194606
prefill,math,7,9,2,16,domain_oracle,620,8,0.4344758064516129,0.012903225806451613,2.0,4.603248259860789,0.0,1.0
prefill,math,7,9,2,16,previous_window,620,8,0.4258064516129032,0.0064516129032258064,2.0,4.696969696969697,0.0012116316639741518,0.9980743457998794
prefill,math,7,9,2,16,static,620,8,0.3512096774193548,0.0,2.0,5.694603903559128,0.0,1.0
prefill,math,7,9,2,16,transition,620,8,0.8772177419354839,0.4,2.0,2.279935646977706,0.46657915993537963,0.41755613879063547
prefill,math,7,9,2,32,domain_oracle,620,8,0.7129032258064516,0.12419354838709677,4.0,5.610859728506787,0.0,1.0
prefill,math,7,9,2,32,previous_window,620,8,0.6955645161290323,0.12580645161290321,4.0,5.750724637681159,0.0008582390953150242,0.9985509110583509
prefill,math,7,9,2,32,static,620,8,0.6375,0.08225806451612903,4.0,6.2745098039215685,0.0,1.0
prefill,math,7,9,2,32,transition,620,8,0.9804435483870968,0.8806451612903226,4.0,4.079786140242649,0.29568861066235863,0.5695041853022687
prefill,math,7,10,3,8,domain_oracle,620,8,0.2254032258064516,0.0,1.0,4.43649373881932,0.0,1.0
prefill,math,7,10,3,8,previous_window,620,8,0.2191532258064516,0.0,1.0,4.563017479300828,0.0018174474959612278,0.9973956038576394
prefill,math,7,10,3,8,static,620,8,0.17721774193548387,0.0,1.0,5.642775881683732,0.0,1.0
prefill,math,7,10,3,8,transition,620,8,0.6125,0.004838709677419355,1.0,1.6326530612244898,0.5908723747980614,0.31703471541920536
prefill,math,7,10,3,16,domain_oracle,620,8,0.4034274193548387,0.0,2.0,4.95752123938031,0.0,1.0
prefill,math,7,10,3,16,previous_window,620,8,0.40141129032258066,0.0,2.0,4.982420894023104,0.0011106623586429726,0.9982103886533782
prefill,math,7,10,3,16,static,620,8,0.3743951612903226,0.0,2.0,5.341949380721594,0.0,1.0
prefill,math,7,10,3,16,transition,620,8,0.854233870967742,0.4161290322580645,2.0,2.341279206986075,0.4737479806138934,0.40760146603344494
prefill,math,7,10,3,32,domain_oracle,620,8,0.692741935483871,0.10967741935483871,4.0,5.774155995343422,0.0,1.0
prefill,math,7,10,3,32,previous_window,620,8,0.6758064516129032,0.07580645161290323,4.0,5.918854415274463,0.0009592084006462035,0.998399752332241
prefill,math,7,10,3,32,static,620,8,0.6185483870967742,0.0935483870967742,4.0,6.466753585397653,0.0,1.0
prefill,math,7,10,3,32,transition,620,8,0.9709677419354839,0.8241935483870968,4.0,4.119601328903655,0.2868033117932149,0.5840793689622547
prefill,math,8,9,1,8,domain_oracle,620,8,0.25967741935483873,0.0,1.0,3.8509316770186337,0.0,1.0
prefill,math,8,9,1,8,previous_window,620,8,0.25201612903225806,0.0,1.0,3.968,0.0018174474959612278,0.9973956038576396
prefill,math,8,9,1,8,static,620,8,0.19556451612903225,0.0,1.0,5.11340206185567,0.0,1.0
prefill,math,8,9,1,8,transition,620,8,0.6693548387096774,0.02903225806451613,1.0,1.4939759036144578,0.5922859450726979,0.30696842199265334
prefill,math,8,9,1,16,domain_oracle,620,8,0.4344758064516129,0.012903225806451613,2.0,4.603248259860789,0.0,1.0
prefill,math,8,9,1,16,previous_window,620,8,0.4258064516129032,0.0064516129032258064,2.0,4.696969696969697,0.0012116316639741518,0.9980743457998794
prefill,math,8,9,1,16,static,620,8,0.3512096774193548,0.0,2.0,5.694603903559128,0.0,1.0
prefill,math,8,9,1,16,transition,620,8,0.89375,0.4467741935483871,2.0,2.237762237762238,0.49989903069466884,0.3862867341591231
prefill,math,8,9,1,32,domain_oracle,620,8,0.7129032258064516,0.12419354838709677,4.0,5.610859728506787,0.0,1.0
prefill,math,8,9,1,32,previous_window,620,8,0.6955645161290323,0.12580645161290321,4.0,5.750724637681159,0.0008582390953150242,0.9985509110583509
prefill,math,8,9,1,32,static,620,8,0.6375,0.08225806451612903,4.0,6.2745098039215685,0.0,1.0
prefill,math,8,9,1,32,transition,620,8,0.9933467741935483,0.95,4.0,4.026791150801705,0.3121970920840065,0.5561782263362866
prefill,math,8,10,2,8,domain_oracle,620,8,0.2254032258064516,0.0,1.0,4.43649373881932,0.0,1.0
prefill,math,8,10,2,8,previous_window,620,8,0.2191532258064516,0.0,1.0,4.563017479300828,0.0018174474959612278,0.9973956038576394
prefill,math,8,10,2,8,static,620,8,0.17721774193548387,0.0,1.0,5.642775881683732,0.0,1.0
prefill,math,8,10,2,8,transition,620,8,0.6358870967741935,0.03064516129032258,1.0,1.5726062143310082,0.6001615508885298,0.3105458533568374
prefill,math,8,10,2,16,domain_oracle,620,8,0.4034274193548387,0.0,2.0,4.95752123938031,0.0,1.0
prefill,math,8,10,2,16,previous_window,620,8,0.40141129032258066,0.0,2.0,4.982420894023104,0.0011106623586429726,0.9982103886533782
prefill,math,8,10,2,16,static,620,8,0.3743951612903226,0.0,2.0,5.341949380721594,0.0,1.0
prefill,math,8,10,2,16,transition,620,8,0.8564516129032258,0.3919354838709677,2.0,2.335216572504708,0.5064620355411955,0.3848772561282329
prefill,math,8,10,2,32,domain_oracle,620,8,0.692741935483871,0.10967741935483871,4.0,5.774155995343422,0.0,1.0
prefill,math,8,10,2,32,previous_window,620,8,0.6758064516129032,0.07580645161290323,4.0,5.918854415274463,0.0009592084006462035,0.998399752332241
prefill,math,8,10,2,32,static,620,8,0.6185483870967742,0.0935483870967742,4.0,6.466753585397653,0.0,1.0
prefill,math,8,10,2,32,transition,620,8,0.9804435483870968,0.8774193548387097,4.0,4.079786140242649,0.3050787560581583,0.5617945909724426
prefill,math,8,11,3,8,domain_oracle,620,8,0.29354838709677417,0.0,1.0,3.4065934065934065,0.0,1.0
prefill,math,8,11,3,8,previous_window,620,8,0.29092741935483873,0.0,1.0,3.4372834372834373,0.0016155088852988692,0.9975914231164635
prefill,math,8,11,3,8,static,620,8,0.2125,0.0,1.0,4.705882352941177,0.0,1.0
prefill,math,8,11,3,8,transition,620,8,0.604233870967742,0.017741935483870968,1.0,1.6549883216549883,0.5123182552504039,0.3782840387040705
prefill,math,8,11,3,16,domain_oracle,620,8,0.4659274193548387,0.01129032258064516,2.0,4.292514063176114,0.0,1.0
prefill,math,8,11,3,16,previous_window,620,8,0.4625,0.0032258064516129032,2.0,4.324324324324325,0.0013126009693053312,0.9979624490805513
prefill,math,8,11,3,16,static,620,8,0.3818548387096774,0.0,2.0,5.2375923970432945,0.0,1.0
prefill,math,8,11,3,16,transition,620,8,0.8306451612903226,0.3193548387096774,2.0,2.407766990291262,0.40549273021001614,0.4640353992192472
prefill,math,8,11,3,32,domain_oracle,620,8,0.7375,0.19193548387096773,4.0,5.423728813559322,0.0,1.0
prefill,math,8,11,3,32,previous_window,620,8,0.7193548387096774,0.14838709677419354,4.0,5.560538116591928,0.0009087237479806139,0.9984811454924541
prefill,math,8,11,3,32,static,620,8,0.6778225806451613,0.13548387096774195,4.0,5.901249256395003,0.0,1.0
prefill,math,8,11,3,32,transition,620,8,0.9620967741935483,0.7806451612903226,4.0,4.157585917854149,0.27004240710823907,0.5994765181904066
prefill,math,9,10,1,8,domain_oracle,620,8,0.2254032258064516,0.0,1.0,4.43649373881932,0.0,1.0
prefill,math,9,10,1,8,previous_window,620,8,0.2191532258064516,0.0,1.0,4.563017479300828,0.0018174474959612278,0.9973956038576394
prefill,math,9,10,1,8,static,620,8,0.17721774193548387,0.0,1.0,5.642775881683732,0.0,1.0
prefill,math,9,10,1,8,transition,620,8,0.6816532258064516,0.00967741935483871,1.0,1.4670215912451938,0.6694264943457189,0.2579806121001585
prefill,math,9,10,1,16,domain_oracle,620,8,0.4034274193548387,0.0,2.0,4.95752123938031,0.0,1.0
prefill,math,9,10,1,16,previous_window,620,8,0.40141129032258066,0.0,2.0,4.982420894023104,0.0011106623586429726,0.9982103886533782
prefill,math,9,10,1,16,static,620,8,0.3743951612903226,0.0,2.0,5.341949380721594,0.0,1.0
prefill,math,9,10,1,16,transition,620,8,0.89375,0.4854838709677419,2.0,2.237762237762238,0.5359450726978998,0.3581517657134981
prefill,math,9,10,1,32,domain_oracle,620,8,0.692741935483871,0.10967741935483871,4.0,5.774155995343422,0.0,1.0
prefill,math,9,10,1,32,previous_window,620,8,0.6758064516129032,0.07580645161290323,4.0,5.918854415274463,0.0009592084006462035,0.998399752332241
prefill,math,9,10,1,32,static,620,8,0.6185483870967742,0.0935483870967742,4.0,6.466753585397653,0.0,1.0
prefill,math,9,10,1,32,transition,620,8,0.9842741935483871,0.8887096774193548,4.0,4.063908234330192,0.33622778675282716,0.5290621508486615
prefill,math,9,11,2,8,domain_oracle,620,8,0.29354838709677417,0.0,1.0,3.4065934065934065,0.0,1.0
prefill,math,9,11,2,8,previous_window,620,8,0.29092741935483873,0.0,1.0,3.4372834372834373,0.0016155088852988692,0.9975914231164635
prefill,math,9,11,2,8,static,620,8,0.2125,0.0,1.0,4.705882352941177,0.0,1.0
prefill,math,9,11,2,8,transition,620,8,0.6417338709677419,0.016129032258064516,1.0,1.55827835375432,0.5876413570274637,0.31592905389351167
prefill,math,9,11,2,16,domain_oracle,620,8,0.4659274193548387,0.01129032258064516,2.0,4.292514063176114,0.0,1.0
prefill,math,9,11,2,16,previous_window,620,8,0.4625,0.0032258064516129032,2.0,4.324324324324325,0.0013126009693053312,0.9979624490805513
prefill,math,9,11,2,16,static,620,8,0.3818548387096774,0.0,2.0,5.2375923970432945,0.0,1.0
prefill,math,9,11,2,16,transition,620,8,0.8592741935483871,0.4064516129032258,2.0,2.3275457531675268,0.44315428109854604,0.4297774164093768
prefill,math,9,11,2,32,domain_oracle,620,8,0.7375,0.19193548387096773,4.0,5.423728813559322,0.0,1.0
prefill,math,9,11,2,32,previous_window,620,8,0.7193548387096774,0.14838709677419354,4.0,5.560538116591928,0.0009087237479806139,0.9984811454924541
prefill,math,9,11,2,32,static,620,8,0.6778225806451613,0.13548387096774195,4.0,5.901249256395003,0.0,1.0
prefill,math,9,11,2,32,transition,620,8,0.9727822580645161,0.8306451612903226,4.0,4.111917098445596,0.3078049273021002,0.5558237264133413
prefill,math,9,12,3,8,domain_oracle,620,8,0.2945564516129032,0.0,1.0,3.3949349760438055,0.0,1.0
prefill,math,9,12,3,8,previous_window,620,8,0.29012096774193546,0.0,1.0,3.4468380820013897,0.0014135702746365104,0.9978264062270525
prefill,math,9,12,3,8,static,620,8,0.1907258064516129,0.0,1.0,5.2431289640591965,0.0,1.0
prefill,math,9,12,3,8,transition,620,8,0.5731854838709678,0.008064516129032258,1.0,1.7446359479423144,0.5690630048465266,0.33481513998476686
prefill,math,9,12,3,16,domain_oracle,620,8,0.4881048387096774,0.0032258064516129032,2.0,4.097480380008261,0.0,1.0
prefill,math,9,12,3,16,previous_window,620,8,0.4713709677419355,0.0,2.0,4.242942686056458,0.0008077544426494346,0.9986206766242476
prefill,math,9,12,3,16,static,620,8,0.35080645161290325,0.04032258064516129,2.0,5.7011494252873565,0.0,1.0
prefill,math,9,12,3,16,transition,620,8,0.8044354838709677,0.2725806451612903,2.0,2.4862155388471177,0.45012116316639744,0.42412244037031505
prefill,math,9,12,3,32,domain_oracle,620,8,0.7487903225806452,0.2854838709677419,4.0,5.341949380721594,0.0,1.0
prefill,math,9,12,3,32,previous_window,620,8,0.7189516129032258,0.2064516129032258,4.0,5.563656758272574,0.0008582390953150242,0.9985430545757048
prefill,math,9,12,3,32,static,620,8,0.7,0.27903225806451615,4.0,5.714285714285714,0.0,1.0
prefill,math,9,12,3,32,transition,620,8,0.9586693548387096,0.7709677419354839,4.0,4.172450052576235,0.299828352180937,0.5624880574725567
prefill,math,10,11,1,8,domain_oracle,620,8,0.29354838709677417,0.0,1.0,3.4065934065934065,0.0,1.0
prefill,math,10,11,1,8,previous_window,620,8,0.29092741935483873,0.0,1.0,3.4372834372834373,0.0016155088852988692,0.9975914231164635
prefill,math,10,11,1,8,static,620,8,0.2125,0.0,1.0,4.705882352941177,0.0,1.0
prefill,math,10,11,1,8,transition,620,8,0.66875,0.017741935483870968,1.0,1.4953271028037383,0.5894588045234249,0.31740085439600674
prefill,math,10,11,1,16,domain_oracle,620,8,0.4659274193548387,0.01129032258064516,2.0,4.292514063176114,0.0,1.0
prefill,math,10,11,1,16,previous_window,620,8,0.4625,0.0032258064516129032,2.0,4.324324324324325,0.0013126009693053312,0.9979624490805513
prefill,math,10,11,1,16,static,620,8,0.3818548387096774,0.0,2.0,5.2375923970432945,0.0,1.0
prefill,math,10,11,1,16,transition,620,8,0.882258064516129,0.4258064516129032,2.0,2.26691042047532,0.43598546042003233,0.43765173698621107
prefill,math,10,11,1,32,domain_oracle,620,8,0.7375,0.19193548387096773,4.0,5.423728813559322,0.0,1.0
prefill,math,10,11,1,32,previous_window,620,8,0.7193548387096774,0.14838709677419354,4.0,5.560538116591928,0.0009087237479806139,0.9984811454924541
prefill,math,10,11,1,32,static,620,8,0.6778225806451613,0.13548387096774195,4.0,5.901249256395003,0.0,1.0
prefill,math,10,11,1,32,transition,620,8,0.9828629032258065,0.8725806451612903,4.0,4.06974358974359,0.3144184168012924,0.550718527976707
prefill,math,10,12,2,8,domain_oracle,620,8,0.2945564516129032,0.0,1.0,3.3949349760438055,0.0,1.0
prefill,math,10,12,2,8,previous_window,620,8,0.29012096774193546,0.0,1.0,3.4468380820013897,0.0014135702746365104,0.9978264062270525
prefill,math,10,12,2,8,static,620,8,0.1907258064516129,0.0,1.0,5.2431289640591965,0.0,1.0
prefill,math,10,12,2,8,transition,620,8,0.6183467741935483,0.0032258064516129032,1.0,1.6172155200521683,0.5817851373182552,0.3221492562364926
prefill,math,10,12,2,16,domain_oracle,620,8,0.4881048387096774,0.0032258064516129032,2.0,4.097480380008261,0.0,1.0
prefill,math,10,12,2,16,previous_window,620,8,0.4713709677419355,0.0,2.0,4.242942686056458,0.0008077544426494346,0.9986206766242476
prefill,math,10,12,2,16,static,620,8,0.35080645161290325,0.04032258064516129,2.0,5.7011494252873565,0.0,1.0
prefill,math,10,12,2,16,transition,620,8,0.8334677419354839,0.2967741935483871,2.0,2.3996129656507015,0.46062197092084006,0.4146285633418165
prefill,math,10,12,2,32,domain_oracle,620,8,0.7487903225806452,0.2854838709677419,4.0,5.341949380721594,0.0,1.0
prefill,math,10,12,2,32,previous_window,620,8,0.7189516129032258,0.2064516129032258,4.0,5.563656758272574,0.0008582390953150242,0.9985430545757048
prefill,math,10,12,2,32,static,620,8,0.7,0.27903225806451615,4.0,5.714285714285714,0.0,1.0
prefill,math,10,12,2,32,transition,620,8,0.9681451612903226,0.8129032258064516,4.0,4.131611828404831,0.30735056542810985,0.555830674098781
prefill,math,10,13,3,8,domain_oracle,620,8,0.28931451612903225,0.0,1.0,3.456445993031359,0.0,1.0
prefill,math,10,13,3,8,previous_window,620,8,0.27681451612903224,0.0,1.0,3.6125273124544792,0.0014135702746365104,0.9978264062270525
prefill,math,10,13,3,8,static,620,8,0.2219758064516129,0.0,1.0,4.504995458673933,0.0,1.0
prefill,math,10,13,3,8,transition,620,8,0.5897177419354839,0.004838709677419355,1.0,1.6957264957264957,0.6225767366720517,0.3047385929453771
prefill,math,10,13,3,16,domain_oracle,620,8,0.4762096774193548,0.012903225806451613,2.0,4.199830651989839,0.0,1.0
prefill,math,10,13,3,16,previous_window,620,8,0.46068548387096775,0.0032258064516129032,2.0,4.341356673960613,0.0012116316639741518,0.9981024181347283
prefill,math,10,13,3,16,static,620,8,0.3877016129032258,0.004838709677419355,2.0,5.15860634425377,0.0,1.0
prefill,math,10,13,3,16,transition,620,8,0.7860887096774194,0.1693548387096774,2.0,2.5442421133624005,0.4693053311793215,0.40203163122565894
prefill,math,10,13,3,32,domain_oracle,620,8,0.7483870967741936,0.1338709677419355,4.0,5.344827586206897,0.0,1.0
prefill,math,10,13,3,32,previous_window,620,8,0.7296370967741935,0.11935483870967742,4.0,5.482177397071014,0.0007572697899838449,0.9987027342184216
prefill,math,10,13,3,32,static,620,8,0.6417338709677419,0.09516129032258064,4.0,6.23311341501728,0.0,1.0
prefill,math,10,13,3,32,transition,620,8,0.9556451612903226,0.7419354838709677,4.0,4.185654008438819,0.29760702746365103,0.5651569976139466
prefill,math,11,12,1,8,domain_oracle,620,8,0.2945564516129032,0.0,1.0,3.3949349760438055,0.0,1.0
prefill,math,11,12,1,8,previous_window,620,8,0.29012096774193546,0.0,1.0,3.4468380820013897,0.0014135702746365104,0.9978264062270525
prefill,math,11,12,1,8,static,620,8,0.1907258064516129,0.0,1.0,5.2431289640591965,0.0,1.0
prefill,math,11,12,1,8,transition,620,8,0.6308467741935484,0.0032258064516129032,1.0,1.5851709811441355,0.5708804523424879,0.3369771854424507
prefill,math,11,12,1,16,domain_oracle,620,8,0.4881048387096774,0.0032258064516129032,2.0,4.097480380008261,0.0,1.0
prefill,math,11,12,1,16,previous_window,620,8,0.4713709677419355,0.0,2.0,4.242942686056458,0.0008077544426494346,0.9986206766242476
prefill,math,11,12,1,16,static,620,8,0.35080645161290325,0.04032258064516129,2.0,5.7011494252873565,0.0,1.0
prefill,math,11,12,1,16,transition,620,8,0.8610887096774194,0.3903225806451613,2.0,2.322641067665652,0.4670840064620355,0.40337506999603345
prefill,math,11,12,1,32,domain_oracle,620,8,0.7487903225806452,0.2854838709677419,4.0,5.341949380721594,0.0,1.0
prefill,math,11,12,1,32,previous_window,620,8,0.7189516129032258,0.2064516129032258,4.0,5.563656758272574,0.0008582390953150242,0.9985430545757048
prefill,math,11,12,1,32,static,620,8,0.7,0.27903225806451615,4.0,5.714285714285714,0.0,1.0
prefill,math,11,12,1,32,transition,620,8,0.9683467741935484,0.8096774193548387,4.0,4.130751613574849,0.28003836833602586,0.586329339032133
prefill,math,11,13,2,8,domain_oracle,620,8,0.28931451612903225,0.0,1.0,3.456445993031359,0.0,1.0
prefill,math,11,13,2,8,previous_window,620,8,0.27681451612903224,0.0,1.0,3.6125273124544792,0.0014135702746365104,0.9978264062270525
prefill,math,11,13,2,8,static,620,8,0.2219758064516129,0.0,1.0,4.504995458673933,0.0,1.0
prefill,math,11,13,2,8,transition,620,8,0.6173387096774193,0.008064516129032258,1.0,1.619856303069889,0.5930936995153473,0.32358103214322786
prefill,math,11,13,2,16,domain_oracle,620,8,0.4762096774193548,0.012903225806451613,2.0,4.199830651989839,0.0,1.0
prefill,math,11,13,2,16,previous_window,620,8,0.46068548387096775,0.0032258064516129032,2.0,4.341356673960613,0.0012116316639741518,0.9981024181347283
prefill,math,11,13,2,16,static,620,8,0.3877016129032258,0.004838709677419355,2.0,5.15860634425377,0.0,1.0
prefill,math,11,13,2,16,transition,620,8,0.8231854838709678,0.23709677419354838,2.0,2.4295860886602987,0.4683966074313409,0.40125544193649887
prefill,math,11,13,2,32,domain_oracle,620,8,0.7483870967741936,0.1338709677419355,4.0,5.344827586206897,0.0,1.0
prefill,math,11,13,2,32,previous_window,620,8,0.7296370967741935,0.11935483870967742,4.0,5.482177397071014,0.0007572697899838449,0.9987027342184216
prefill,math,11,13,2,32,static,620,8,0.6417338709677419,0.09516129032258064,4.0,6.23311341501728,0.0,1.0
prefill,math,11,13,2,32,transition,620,8,0.9655241935483871,0.7870967741935484,4.0,4.142827312591355,0.2813004846526656,0.584233524003836
prefill,math,11,14,3,8,domain_oracle,620,8,0.23850806451612902,0.0,1.0,4.1927303465765,0.0,1.0
prefill,math,11,14,3,8,previous_window,620,8,0.2372983870967742,0.0,1.0,4.2141036533559895,0.0014135702746365104,0.997878624696072
prefill,math,11,14,3,8,static,620,8,0.17338709677419356,0.0,1.0,5.767441860465116,0.0,1.0
prefill,math,11,14,3,8,transition,620,8,0.6229838709677419,0.04032258064516129,1.0,1.6051779935275081,0.6637722132471728,0.27583054174330335
prefill,math,11,14,3,16,domain_oracle,620,8,0.4205645161290323,0.0,2.0,4.755512943432406,0.0,1.0
prefill,math,11,14,3,16,previous_window,620,8,0.41512096774193546,0.0,2.0,4.817872753763963,0.0012116316639741518,0.9981024181347283
prefill,math,11,14,3,16,static,620,8,0.31975806451612904,0.014516129032258065,2.0,6.254728877679697,0.0,1.0
prefill,math,11,14,3,16,transition,620,8,0.832258064516129,0.3016129032258065,2.0,2.4031007751937983,0.49959612277867527,0.3778777211137535
prefill,math,11,14,3,32,domain_oracle,620,8,0.7235887096774194,0.20161290322580644,4.0,5.528002229033157,0.0,1.0
prefill,math,11,14,3,32,previous_window,620,8,0.7094758064516129,0.16774193548387098,4.0,5.63796533105996,0.0007067851373182552,0.9987718353503574
prefill,math,11,14,3,32,static,620,8,0.6213709677419355,0.18548387096774194,4.0,6.4373783257624915,0.0,1.0
prefill,math,11,14,3,32,transition,620,8,0.961491935483871,0.7709677419354839,4.0,4.160201300062906,0.28584410339256866,0.5756824100617872
prefill,math,12,13,1,8,domain_oracle,620,8,0.28931451612903225,0.0,1.0,3.456445993031359,0.0,1.0
prefill,math,12,13,1,8,previous_window,620,8,0.27681451612903224,0.0,1.0,3.6125273124544792,0.0014135702746365104,0.9978264062270525
prefill,math,12,13,1,8,static,620,8,0.2219758064516129,0.0,1.0,4.504995458673933,0.0,1.0
prefill,math,12,13,1,8,transition,620,8,0.6580645161290323,0.014516129032258065,1.0,1.5196078431372548,0.6037964458804523,0.31004178015486483
prefill,math,12,13,1,16,domain_oracle,620,8,0.4762096774193548,0.012903225806451613,2.0,4.199830651989839,0.0,1.0
prefill,math,12,13,1,16,previous_window,620,8,0.46068548387096775,0.0032258064516129032,2.0,4.341356673960613,0.0012116316639741518,0.9981024181347283
prefill,math,12,13,1,16,static,620,8,0.3877016129032258,0.004838709677419355,2.0,5.15860634425377,0.0,1.0
prefill,math,12,13,1,16,transition,620,8,0.8528225806451613,0.3,2.0,2.3451536643026003,0.4682956381260097,0.4064406248448911
prefill,math,12,13,1,32,domain_oracle,620,8,0.7483870967741936,0.1338709677419355,4.0,5.344827586206897,0.0,1.0
prefill,math,12,13,1,32,previous_window,620,8,0.7296370967741935,0.11935483870967742,4.0,5.482177397071014,0.0007572697899838449,0.9987027342184216
prefill,math,12,13,1,32,static,620,8,0.6417338709677419,0.09516129032258064,4.0,6.23311341501728,0.0,1.0
prefill,math,12,13,1,32,transition,620,8,0.9655241935483871,0.7612903225806451,4.0,4.142827312591355,0.2854402261712439,0.577048776922852
prefill,math,12,14,2,8,domain_oracle,620,8,0.23850806451612902,0.0,1.0,4.1927303465765,0.0,1.0
prefill,math,12,14,2,8,previous_window,620,8,0.2372983870967742,0.0,1.0,4.2141036533559895,0.0014135702746365104,0.997878624696072
prefill,math,12,14,2,8,static,620,8,0.17338709677419356,0.0,1.0,5.767441860465116,0.0,1.0
prefill,math,12,14,2,8,transition,620,8,0.6548387096774193,0.02903225806451613,1.0,1.5270935960591132,0.6605411954765751,0.26882534087703625
prefill,math,12,14,2,16,domain_oracle,620,8,0.4205645161290323,0.0,2.0,4.755512943432406,0.0,1.0
prefill,math,12,14,2,16,previous_window,620,8,0.41512096774193546,0.0,2.0,4.817872753763963,0.0012116316639741518,0.9981024181347283
prefill,math,12,14,2,16,static,620,8,0.31975806451612904,0.014516129032258065,2.0,6.254728877679697,0.0,1.0
prefill,math,12,14,2,16,transition,620,8,0.8568548387096774,0.36451612903225805,2.0,2.3341176470588234,0.5060581583198708,0.37717969918326366
prefill,math,12,14,2,32,domain_oracle,620,8,0.7235887096774194,0.20161290322580644,4.0,5.528002229033157,0.0,1.0
prefill,math,12,14,2,32,previous_window,620,8,0.7094758064516129,0.16774193548387098,4.0,5.63796533105996,0.0007067851373182552,0.9987718353503574
prefill,math,12,14,2,32,static,620,8,0.6213709677419355,0.18548387096774194,4.0,6.4373783257624915,0.0,1.0
prefill,math,12,14,2,32,transition,620,8,0.9711693548387097,0.8274193548387097,4.0,4.11874610753581,0.300686591276252,0.5544153484420737
prefill,math,12,15,3,8,domain_oracle,620,8,0.24274193548387096,0.0,1.0,4.119601328903655,0.0,1.0
prefill,math,12,15,3,8,previous_window,620,8,0.22258064516129034,0.0,1.0,4.492753623188406,0.0026252019386106625,0.9966032890103973
prefill,math,12,15,3,8,static,620,8,0.22258064516129034,0.0,1.0,4.492753623188406,0.0,1.0
prefill,math,12,15,3,8,transition,620,8,0.5570564516129032,0.0032258064516129032,1.0,1.7951501990589938,0.5731017770597738,0.33009560893244133
prefill,math,12,15,3,16,domain_oracle,620,8,0.4399193548387097,0.0,2.0,4.546287809349221,0.0,1.0
prefill,math,12,15,3,16,previous_window,620,8,0.41592741935483873,0.0,2.0,4.808531265147843,0.0014135702746365104,0.9978152165551196
prefill,math,12,15,3,16,static,620,8,0.3683467741935484,0.014516129032258065,2.0,5.429666119321292,0.0,1.0
prefill,math,12,15,3,16,transition,620,8,0.7685483870967742,0.20161290322580644,2.0,2.602308499475341,0.44749596122778673,0.4286975856522772
prefill,math,12,15,3,32,domain_oracle,620,8,0.7068548387096775,0.17903225806451614,4.0,5.658870507701084,0.0,1.0
prefill,math,12,15,3,32,previous_window,620,8,0.6699596774193548,0.14516129032258066,4.0,5.970508576587421,0.0012621163166397415,0.998011301550697
prefill,math,12,15,3,32,static,620,8,0.6324596774193548,0.11451612903225807,4.0,6.324513866751674,0.0,1.0
prefill,math,12,15,3,32,transition,620,8,0.9435483870967742,0.6548387096774193,4.0,4.239316239316239,0.2881159127625202,0.5724472491437347
prefill,math,13,14,1,8,domain_oracle,620,8,0.23850806451612902,0.0,1.0,4.1927303465765,0.0,1.0
prefill,math,13,14,1,8,previous_window,620,8,0.2372983870967742,0.0,1.0,4.2141036533559895,0.0014135702746365104,0.997878624696072
prefill,math,13,14,1,8,static,620,8,0.17338709677419356,0.0,1.0,5.767441860465116,0.0,1.0
prefill,math,13,14,1,8,transition,620,8,0.6479838709677419,0.01129032258064516,1.0,1.5432482887367767,0.6385298869143781,0.29110143132760136
prefill,math,13,14,1,16,domain_oracle,620,8,0.4205645161290323,0.0,2.0,4.755512943432406,0.0,1.0
prefill,math,13,14,1,16,previous_window,620,8,0.41512096774193546,0.0,2.0,4.817872753763963,0.0012116316639741518,0.9981024181347283
prefill,math,13,14,1,16,static,620,8,0.31975806451612904,0.014516129032258065,2.0,6.254728877679697,0.0,1.0
prefill,math,13,14,1,16,transition,620,8,0.8514112903225807,0.34838709677419355,2.0,2.349040966137817,0.5087843295638126,0.37613092070365567
prefill,math,13,14,1,32,domain_oracle,620,8,0.7235887096774194,0.20161290322580644,4.0,5.528002229033157,0.0,1.0
prefill,math,13,14,1,32,previous_window,620,8,0.7094758064516129,0.16774193548387098,4.0,5.63796533105996,0.0007067851373182552,0.9987718353503574
prefill,math,13,14,1,32,static,620,8,0.6213709677419355,0.18548387096774194,4.0,6.4373783257624915,0.0,1.0
prefill,math,13,14,1,32,transition,620,8,0.9705645161290323,0.8258064516129032,4.0,4.121312837557125,0.2991720516962843,0.5573815651644242
prefill,math,13,15,2,8,domain_oracle,620,8,0.24274193548387096,0.0,1.0,4.119601328903655,0.0,1.0
prefill,math,13,15,2,8,previous_window,620,8,0.22258064516129034,0.0,1.0,4.492753623188406,0.0026252019386106625,0.9966032890103973
prefill,math,13,15,2,8,static,620,8,0.22258064516129034,0.0,1.0,4.492753623188406,0.0,1.0
prefill,math,13,15,2,8,transition,620,8,0.5715725806451613,0.008064516129032258,1.0,1.7495590828924161,0.5882471728594507,0.3182872055246842
prefill,math,13,15,2,16,domain_oracle,620,8,0.4399193548387097,0.0,2.0,4.546287809349221,0.0,1.0
prefill,math,13,15,2,16,previous_window,620,8,0.41592741935483873,0.0,2.0,4.808531265147843,0.0014135702746365104,0.9978152165551196
prefill,math,13,15,2,16,static,620,8,0.3683467741935484,0.014516129032258065,2.0,5.429666119321292,0.0,1.0
prefill,math,13,15,2,16,transition,620,8,0.7820564516129033,0.22580645161290322,2.0,2.557360144367105,0.4581987075928918,0.41738095267428166
prefill,math,13,15,2,32,domain_oracle,620,8,0.7068548387096775,0.17903225806451614,4.0,5.658870507701084,0.0,1.0
prefill,math,13,15,2,32,previous_window,620,8,0.6699596774193548,0.14516129032258066,4.0,5.970508576587421,0.0012621163166397415,0.998011301550697
prefill,math,13,15,2,32,static,620,8,0.6324596774193548,0.11451612903225807,4.0,6.324513866751674,0.0,1.0
prefill,math,13,15,2,32,transition,620,8,0.944758064516129,0.6758064516129032,4.0,4.233888177550149,0.2906401453957997,0.5668266300437708
prefill,math,14,15,1,8,domain_oracle,620,8,0.24274193548387096,0.0,1.0,4.119601328903655,0.0,1.0
prefill,math,14,15,1,8,previous_window,620,8,0.22258064516129034,0.0,1.0,4.492753623188406,0.0026252019386106625,0.9966032890103973
prefill,math,14,15,1,8,static,620,8,0.22258064516129034,0.0,1.0,4.492753623188406,0.0,1.0
prefill,math,14,15,1,8,transition,620,8,0.5877016129032258,0.004838709677419355,1.0,1.7015437392795882,0.5825928917609047,0.32646735780822933
prefill,math,14,15,1,16,domain_oracle,620,8,0.4399193548387097,0.0,2.0,4.546287809349221,0.0,1.0
prefill,math,14,15,1,16,previous_window,620,8,0.41592741935483873,0.0,2.0,4.808531265147843,0.0014135702746365104,0.9978152165551196
prefill,math,14,15,1,16,static,620,8,0.3683467741935484,0.014516129032258065,2.0,5.429666119321292,0.0,1.0
prefill,math,14,15,1,16,transition,620,8,0.8155241935483871,0.24516129032258063,2.0,2.452410383189122,0.453251211631664,0.42695752033220113
prefill,math,14,15,1,32,domain_oracle,620,8,0.7068548387096775,0.17903225806451614,4.0,5.658870507701084,0.0,1.0
prefill,math,14,15,1,32,previous_window,620,8,0.6699596774193548,0.14516129032258066,4.0,5.970508576587421,0.0012621163166397415,0.998011301550697
prefill,math,14,15,1,32,static,620,8,0.6324596774193548,0.11451612903225807,4.0,6.324513866751674,0.0,1.0
prefill,math,14,15,1,32,transition,620,8,0.9538306451612903,0.7080645161290322,4.0,4.193616571549355,0.28801494345718903,0.5754969448271875
