scenario_id,scope_type,scope,waves,p99_missing_routed_mass,full_fallback_wave_fraction,mass_contract_pass
ax4-local-00000,domain,code,32256,0.9357197844495766,0.004185267857142857,False
ax4-local-00000,domain,conversation,31424,0.9572921399363925,0.00560081466395112,False
ax4-local-00000,domain,general,32256,0.976159793814433,0.008587549603174604,False
ax4-local-00000,domain,math,32240,0.95220700152207,0.0057382133995037225,False
ax4-local-00000,layer_band,early,40055,1.0,0.019298464611159655,False
ax4-local-00000,layer_band,middle,40055,0.93682092555332,0.0,False
ax4-local-00000,layer_band,late,48066,0.9562175581132927,0.0,False
ax4-local-00001,domain,code,32256,1.0,0.023468501984126984,False
ax4-local-00001,domain,conversation,31424,1.0,0.09966904276985743,False
ax4-local-00001,domain,general,32256,1.0,0.1216827876984127,False
ax4-local-00001,domain,math,32240,1.0,0.07245657568238213,False
ax4-local-00001,layer_band,early,40055,1.0,0.06648358507052803,False
ax4-local-00001,layer_band,middle,40055,1.0,0.05906878042691299,False
ax4-local-00001,layer_band,late,48066,1.0,0.10654100611658969,False
ax4-local-00002,domain,code,32256,1.0,0.023468501984126984,False
ax4-local-00002,domain,conversation,31424,1.0,0.09966904276985743,False
ax4-local-00002,domain,general,32256,1.0,0.1216827876984127,False
ax4-local-00002,domain,math,32240,1.0,0.07245657568238213,False
ax4-local-00002,layer_band,early,40055,1.0,0.06648358507052803,False
ax4-local-00002,layer_band,middle,40055,1.0,0.05906878042691299,False
ax4-local-00002,layer_band,late,48066,1.0,0.10654100611658969,False
ax4-local-00003,domain,code,32256,1.0,0.023468501984126984,False
ax4-local-00003,domain,conversation,31424,1.0,0.09966904276985743,False
ax4-local-00003,domain,general,32256,1.0,0.1216827876984127,False
ax4-local-00003,domain,math,32240,1.0,0.07245657568238213,False
ax4-local-00003,layer_band,early,40055,1.0,0.06648358507052803,False
ax4-local-00003,layer_band,middle,40055,1.0,0.05906878042691299,False
ax4-local-00003,layer_band,late,48066,1.0,0.10654100611658969,False
ax4-local-00004,domain,code,32256,0.8902907295666483,0.004185267857142857,False
ax4-local-00004,domain,conversation,31424,0.9231523871811642,0.00560081466395112,False
ax4-local-00004,domain,general,32256,0.9431053811659192,0.008587549603174604,False
ax4-local-00004,domain,math,32240,0.9177087535296491,0.0057382133995037225,False
ax4-local-00004,layer_band,early,40055,1.0,0.019298464611159655,False
ax4-local-00004,layer_band,middle,40055,0.8348926802421575,0.0,False
ax4-local-00004,layer_band,late,48066,0.830480847595762,0.0,False
ax4-local-00005,domain,code,32256,0.8902907295666483,0.004185267857142857,False
ax4-local-00005,domain,conversation,31424,0.9231523871811642,0.00560081466395112,False
ax4-local-00005,domain,general,32256,0.9431053811659192,0.008587549603174604,False
ax4-local-00005,domain,math,32240,0.9177087535296491,0.0057382133995037225,False
ax4-local-00005,layer_band,early,40055,1.0,0.019298464611159655,False
ax4-local-00005,layer_band,middle,40055,0.8348926802421575,0.0,False
ax4-local-00005,layer_band,late,48066,0.830480847595762,0.0,False
ax4-local-00006,domain,code,32256,0.8902907295666483,0.004185267857142857,False
ax4-local-00006,domain,conversation,31424,0.9231523871811642,0.00560081466395112,False
ax4-local-00006,domain,general,32256,0.9431053811659192,0.008587549603174604,False
ax4-local-00006,domain,math,32240,0.9177087535296491,0.0057382133995037225,False
ax4-local-00006,layer_band,early,40055,1.0,0.019298464611159655,False
ax4-local-00006,layer_band,middle,40055,0.8348926802421575,0.0,False
ax4-local-00006,layer_band,late,48066,0.830480847595762,0.0,False
ax4-local-00007,domain,code,32256,0.8902907295666483,0.004185267857142857,False
ax4-local-00007,domain,conversation,31424,0.9231523871811642,0.00560081466395112,False
ax4-local-00007,domain,general,32256,0.9431053811659192,0.008587549603174604,False
ax4-local-00007,domain,math,32240,0.9177087535296491,0.0057382133995037225,False
ax4-local-00007,layer_band,early,40055,1.0,0.019298464611159655,False
ax4-local-00007,layer_band,middle,40055,0.8348926802421575,0.0,False
ax4-local-00007,layer_band,late,48066,0.830480847595762,0.0,False
ax4-local-00008,domain,code,32256,0.9197138314785374,0.004185267857142857,False
ax4-local-00008,domain,conversation,31424,0.9443359375,0.00560081466395112,False
ax4-local-00008,domain,general,32256,0.9579281183932347,0.008587549603174604,False
ax4-local-00008,domain,math,32240,0.9408047888260725,0.0057382133995037225,False
ax4-local-00008,layer_band,early,40055,1.0,0.019298464611159655,False
ax4-local-00008,layer_band,middle,40055,0.9160353535353536,0.0,False
ax4-local-00008,layer_band,late,48066,0.9377049180327869,0.0,False
ax4-local-00009,domain,code,32256,1.0,0.011160714285714286,False
ax4-local-00009,domain,conversation,31424,1.0,0.03707357433808554,False
ax4-local-00009,domain,general,32256,1.0,0.04485987103174603,False
ax4-local-00009,domain,math,32240,1.0,0.02807071960297767,False
ax4-local-00009,layer_band,early,40055,1.0,0.03457745599800274,False
ax4-local-00009,layer_band,middle,40055,1.0,0.019747846710772687,False
ax4-local-00009,layer_band,late,48066,1.0,0.03538884034452627,False
ax4-local-00010,domain,code,32256,1.0,0.013702876984126984,False
ax4-local-00010,domain,conversation,31424,1.0,0.052794042769857434,False
ax4-local-00010,domain,general,32256,1.0,0.06544518849206349,False
ax4-local-00010,domain,math,32240,1.0,0.040694789081885854,False
ax4-local-00010,layer_band,early,40055,1.0,0.04306578454624891,False
ax4-local-00010,layer_band,middle,40055,1.0,0.030333291723879666,False
ax4-local-00010,layer_band,late,48066,1.0,0.053759414138892354,False
ax4-local-00011,domain,code,32256,1.0,0.018539186507936508,False
ax4-local-00011,domain,conversation,31424,1.0,0.07570646639511201,False
ax4-local-00011,domain,general,32256,1.0,0.09350198412698413,False
ax4-local-00011,domain,math,32240,1.0,0.0554590570719603,False
ax4-local-00011,layer_band,early,40055,1.0,0.054525028086381225,False
ax4-local-00011,layer_band,middle,40055,1.0,0.04426413681188366,False
ax4-local-00011,layer_band,late,48066,1.0,0.07955727541297383,False
ax4-local-00012,domain,code,32256,0.9357197844495766,0.004185267857142857,False
ax4-local-00012,domain,conversation,31424,0.9572921399363925,0.00560081466395112,False
ax4-local-00012,domain,general,32256,0.976159793814433,0.008587549603174604,False
ax4-local-00012,domain,math,32240,0.95220700152207,0.0057382133995037225,False
ax4-local-00012,layer_band,early,40055,1.0,0.019298464611159655,False
ax4-local-00012,layer_band,middle,40055,0.93682092555332,0.0,False
ax4-local-00012,layer_band,late,48066,0.9562175581132927,0.0,False
ax4-local-00013,domain,code,32256,1.0,0.023468501984126984,False
ax4-local-00013,domain,conversation,31424,1.0,0.09966904276985743,False
ax4-local-00013,domain,general,32256,1.0,0.1216827876984127,False
ax4-local-00013,domain,math,32240,1.0,0.07245657568238213,False
ax4-local-00013,layer_band,early,40055,1.0,0.06648358507052803,False
ax4-local-00013,layer_band,middle,40055,1.0,0.05906878042691299,False
ax4-local-00013,layer_band,late,48066,1.0,0.10654100611658969,False
ax4-local-00014,domain,code,32256,1.0,0.023468501984126984,False
ax4-local-00014,domain,conversation,31424,1.0,0.09966904276985743,False
ax4-local-00014,domain,general,32256,1.0,0.1216827876984127,False
ax4-local-00014,domain,math,32240,1.0,0.07245657568238213,False
ax4-local-00014,layer_band,early,40055,1.0,0.06648358507052803,False
ax4-local-00014,layer_band,middle,40055,1.0,0.05906878042691299,False
ax4-local-00014,layer_band,late,48066,1.0,0.10654100611658969,False
ax4-local-00015,domain,code,32256,1.0,0.023468501984126984,False
ax4-local-00015,domain,conversation,31424,1.0,0.09966904276985743,False
ax4-local-00015,domain,general,32256,1.0,0.1216827876984127,False
ax4-local-00015,domain,math,32240,1.0,0.07245657568238213,False
ax4-local-00015,layer_band,early,40055,1.0,0.06648358507052803,False
ax4-local-00015,layer_band,middle,40055,1.0,0.05906878042691299,False
ax4-local-00015,layer_band,late,48066,1.0,0.10654100611658969,False
ax4-local-00016,domain,code,32256,0.8902907295666483,0.004185267857142857,False
ax4-local-00016,domain,conversation,31424,0.9231523871811642,0.00560081466395112,False
ax4-local-00016,domain,general,32256,0.9431053811659192,0.008587549603174604,False
ax4-local-00016,domain,math,32240,0.9177087535296491,0.0057382133995037225,False
ax4-local-00016,layer_band,early,40055,1.0,0.019298464611159655,False
ax4-local-00016,layer_band,middle,40055,0.8348926802421575,0.0,False
ax4-local-00016,layer_band,late,48066,0.830480847595762,0.0,False
ax4-local-00017,domain,code,32256,0.8902907295666483,0.004185267857142857,False
ax4-local-00017,domain,conversation,31424,0.9231523871811642,0.00560081466395112,False
ax4-local-00017,domain,general,32256,0.9431053811659192,0.008587549603174604,False
ax4-local-00017,domain,math,32240,0.9177087535296491,0.0057382133995037225,False
ax4-local-00017,layer_band,early,40055,1.0,0.019298464611159655,False
ax4-local-00017,layer_band,middle,40055,0.8348926802421575,0.0,False
ax4-local-00017,layer_band,late,48066,0.830480847595762,0.0,False
ax4-local-00018,domain,code,32256,0.8902907295666483,0.004185267857142857,False
ax4-local-00018,domain,conversation,31424,0.9231523871811642,0.00560081466395112,False
ax4-local-00018,domain,general,32256,0.9431053811659192,0.008587549603174604,False
ax4-local-00018,domain,math,32240,0.9177087535296491,0.0057382133995037225,False
ax4-local-00018,layer_band,early,40055,1.0,0.019298464611159655,False
ax4-local-00018,layer_band,middle,40055,0.8348926802421575,0.0,False
ax4-local-00018,layer_band,late,48066,0.830480847595762,0.0,False
ax4-local-00019,domain,code,32256,0.8902907295666483,0.004185267857142857,False
ax4-local-00019,domain,conversation,31424,0.9231523871811642,0.00560081466395112,False
ax4-local-00019,domain,general,32256,0.9431053811659192,0.008587549603174604,False
ax4-local-00019,domain,math,32240,0.9177087535296491,0.0057382133995037225,False
ax4-local-00019,layer_band,early,40055,1.0,0.019298464611159655,False
ax4-local-00019,layer_band,middle,40055,0.8348926802421575,0.0,False
ax4-local-00019,layer_band,late,48066,0.830480847595762,0.0,False
ax4-local-00020,domain,code,32256,0.9194570135746606,0.004185267857142857,False
ax4-local-00020,domain,conversation,31424,0.9446790540540541,0.00560081466395112,False
ax4-local-00020,domain,general,32256,0.9578668238067177,0.008587549603174604,False
ax4-local-00020,domain,math,32240,0.940677966101695,0.0057382133995037225,False
ax4-local-00020,layer_band,early,40055,1.0,0.019298464611159655,False
ax4-local-00020,layer_band,middle,40055,0.9161823187519119,0.0,False
ax4-local-00020,layer_band,late,48066,0.9376971608832807,0.0,False
ax4-local-00021,domain,code,32256,1.0,0.010881696428571428,False
ax4-local-00021,domain,conversation,31424,1.0,0.037900967413441955,False
ax4-local-00021,domain,general,32256,1.0,0.047216021825396824,False
ax4-local-00021,domain,math,32240,1.0,0.02847394540942928,False
ax4-local-00021,layer_band,early,40055,1.0,0.03602546498564474,False
ax4-local-00021,layer_band,middle,40055,1.0,0.019098739233553864,False
ax4-local-00021,layer_band,late,48066,1.0,0.03692839013023759,False
ax4-local-00022,domain,code,32256,1.0,0.013950892857142858,False
ax4-local-00022,domain,conversation,31424,1.0,0.05155295315682281,False
ax4-local-00022,domain,general,32256,1.0,0.0646701388888889,False
ax4-local-00022,domain,math,32240,1.0,0.03874069478908189,False
ax4-local-00022,layer_band,early,40055,1.0,0.04266633379103733,False
ax4-local-00022,layer_band,middle,40055,1.0,0.030383223068281114,False
ax4-local-00022,layer_band,late,48066,1.0,0.051574917821329,False
ax4-local-00023,domain,code,32256,1.0,0.018291170634920636,False
ax4-local-00023,domain,conversation,31424,1.0,0.0764065682281059,False
ax4-local-00023,domain,general,32256,1.0,0.0923859126984127,False
ax4-local-00023,domain,math,32240,1.0,0.05527295285359801,False
ax4-local-00023,layer_band,early,40055,1.0,0.05437523405317688,False
ax4-local-00023,layer_band,middle,40055,1.0,0.044363999500686556,False
ax4-local-00023,layer_band,late,48066,1.0,0.07901635251529147,False
ax4-local-00024,domain,code,32256,0.9357197844495766,0.004185267857142857,False
ax4-local-00024,domain,conversation,31424,0.9572921399363925,0.00560081466395112,False
ax4-local-00024,domain,general,32256,0.976159793814433,0.008587549603174604,False
ax4-local-00024,domain,math,32240,0.95220700152207,0.0057382133995037225,False
ax4-local-00024,layer_band,early,40055,1.0,0.019298464611159655,False
ax4-local-00024,layer_band,middle,40055,0.93682092555332,0.0,False
ax4-local-00024,layer_band,late,48066,0.9562175581132927,0.0,False
ax4-local-00025,domain,code,32256,1.0,0.023468501984126984,False
ax4-local-00025,domain,conversation,31424,1.0,0.09966904276985743,False
ax4-local-00025,domain,general,32256,1.0,0.1216827876984127,False
ax4-local-00025,domain,math,32240,1.0,0.07245657568238213,False
ax4-local-00025,layer_band,early,40055,1.0,0.06648358507052803,False
ax4-local-00025,layer_band,middle,40055,1.0,0.05906878042691299,False
ax4-local-00025,layer_band,late,48066,1.0,0.10654100611658969,False
ax4-local-00026,domain,code,32256,1.0,0.023468501984126984,False
ax4-local-00026,domain,conversation,31424,1.0,0.09966904276985743,False
ax4-local-00026,domain,general,32256,1.0,0.1216827876984127,False
ax4-local-00026,domain,math,32240,1.0,0.07245657568238213,False
ax4-local-00026,layer_band,early,40055,1.0,0.06648358507052803,False
ax4-local-00026,layer_band,middle,40055,1.0,0.05906878042691299,False
ax4-local-00026,layer_band,late,48066,1.0,0.10654100611658969,False
ax4-local-00027,domain,code,32256,1.0,0.023468501984126984,False
ax4-local-00027,domain,conversation,31424,1.0,0.09966904276985743,False
ax4-local-00027,domain,general,32256,1.0,0.1216827876984127,False
ax4-local-00027,domain,math,32240,1.0,0.07245657568238213,False
ax4-local-00027,layer_band,early,40055,1.0,0.06648358507052803,False
ax4-local-00027,layer_band,middle,40055,1.0,0.05906878042691299,False
ax4-local-00027,layer_band,late,48066,1.0,0.10654100611658969,False
ax4-local-00028,domain,code,32256,0.8902907295666483,0.004185267857142857,False
ax4-local-00028,domain,conversation,31424,0.9231523871811642,0.00560081466395112,False
ax4-local-00028,domain,general,32256,0.9431053811659192,0.008587549603174604,False
ax4-local-00028,domain,math,32240,0.9177087535296491,0.0057382133995037225,False
ax4-local-00028,layer_band,early,40055,1.0,0.019298464611159655,False
ax4-local-00028,layer_band,middle,40055,0.8348926802421575,0.0,False
ax4-local-00028,layer_band,late,48066,0.830480847595762,0.0,False
ax4-local-00029,domain,code,32256,0.8902907295666483,0.004185267857142857,False
ax4-local-00029,domain,conversation,31424,0.9231523871811642,0.00560081466395112,False
ax4-local-00029,domain,general,32256,0.9431053811659192,0.008587549603174604,False
ax4-local-00029,domain,math,32240,0.9177087535296491,0.0057382133995037225,False
ax4-local-00029,layer_band,early,40055,1.0,0.019298464611159655,False
ax4-local-00029,layer_band,middle,40055,0.8348926802421575,0.0,False
ax4-local-00029,layer_band,late,48066,0.830480847595762,0.0,False
ax4-local-00030,domain,code,32256,0.8902907295666483,0.004185267857142857,False
ax4-local-00030,domain,conversation,31424,0.9231523871811642,0.00560081466395112,False
ax4-local-00030,domain,general,32256,0.9431053811659192,0.008587549603174604,False
ax4-local-00030,domain,math,32240,0.9177087535296491,0.0057382133995037225,False
ax4-local-00030,layer_band,early,40055,1.0,0.019298464611159655,False
ax4-local-00030,layer_band,middle,40055,0.8348926802421575,0.0,False
ax4-local-00030,layer_band,late,48066,0.830480847595762,0.0,False
ax4-local-00031,domain,code,32256,0.8902907295666483,0.004185267857142857,False
ax4-local-00031,domain,conversation,31424,0.9231523871811642,0.00560081466395112,False
ax4-local-00031,domain,general,32256,0.9431053811659192,0.008587549603174604,False
ax4-local-00031,domain,math,32240,0.9177087535296491,0.0057382133995037225,False
ax4-local-00031,layer_band,early,40055,1.0,0.019298464611159655,False
ax4-local-00031,layer_band,middle,40055,0.8348926802421575,0.0,False
ax4-local-00031,layer_band,late,48066,0.830480847595762,0.0,False
ax4-local-00032,domain,code,32256,0.6758276077451593,0.0,False
ax4-local-00032,domain,conversation,31424,0.6961189099917424,0.0,False
ax4-local-00032,domain,general,32256,0.7006960556844548,0.0,False
ax4-local-00032,domain,math,32240,0.6859180035650623,0.0,False
ax4-local-00032,layer_band,early,40055,0.7466896948762234,0.0,False
ax4-local-00032,layer_band,middle,40055,0.6817653890824622,0.0,False
ax4-local-00032,layer_band,late,48066,0.6746987951807228,0.0,False
ax4-local-00033,domain,code,32256,0.8902907295666483,0.004185267857142857,False
ax4-local-00033,domain,conversation,31424,0.9231523871811642,0.00560081466395112,False
ax4-local-00033,domain,general,32256,0.9431053811659192,0.008587549603174604,False
ax4-local-00033,domain,math,32240,0.9177087535296491,0.0057382133995037225,False
ax4-local-00033,layer_band,early,40055,1.0,0.019298464611159655,False
ax4-local-00033,layer_band,middle,40055,0.5398574206092028,0.0,False
ax4-local-00033,layer_band,late,48066,0.5324392895976804,0.0,False
ax4-local-00034,domain,code,32256,0.8902907295666483,0.004185267857142857,False
ax4-local-00034,domain,conversation,31424,0.9231523871811642,0.00560081466395112,False
ax4-local-00034,domain,general,32256,0.9431053811659192,0.008587549603174604,False
ax4-local-00034,domain,math,32240,0.9177087535296491,0.0057382133995037225,False
ax4-local-00034,layer_band,early,40055,1.0,0.019298464611159655,False
ax4-local-00034,layer_band,middle,40055,0.40966122961104134,0.0,False
ax4-local-00034,layer_band,late,48066,0.40297121634168986,0.0,False
ax4-local-00035,domain,code,32256,0.6587155963302752,0.0,False
ax4-local-00035,domain,conversation,31424,0.6678966789667897,0.0,False
ax4-local-00035,domain,general,32256,0.6862685662321915,0.0,False
ax4-local-00035,domain,math,32240,0.6558734939759036,0.0,False
ax4-local-00035,layer_band,early,40055,0.7466896948762234,0.0,False
ax4-local-00035,layer_band,middle,40055,0.40966122961104134,0.0,False
ax4-local-00035,layer_band,late,48066,0.40297121634168986,0.0,False
ax4-local-00036,domain,code,32256,0.35723890632003585,0.0,False
ax4-local-00036,domain,conversation,31424,0.3535791757049891,0.0,False
ax4-local-00036,domain,general,32256,0.3680555555555556,0.0,False
ax4-local-00036,domain,math,32240,0.34877092981831137,0.0,False
ax4-local-00036,layer_band,early,40055,0.43343982960596383,0.0,False
ax4-local-00036,layer_band,middle,40055,0.1836340206185566,0.0,True
ax4-local-00036,layer_band,late,48066,0.18121178432462481,0.0,True
ax4-local-00037,domain,code,32256,0.8902907295666483,0.004185267857142857,False
ax4-local-00037,domain,conversation,31424,0.9231523871811642,0.00560081466395112,False
ax4-local-00037,domain,general,32256,0.9431053811659192,0.008587549603174604,False
ax4-local-00037,domain,math,32240,0.9177087535296491,0.0057382133995037225,False
ax4-local-00037,layer_band,early,40055,1.0,0.019298464611159655,False
ax4-local-00037,layer_band,middle,40055,0.1836340206185566,0.0,True
ax4-local-00037,layer_band,late,48066,0.18121178432462481,0.0,True
ax4-local-00038,domain,code,32256,0.6587155963302752,0.0,False
ax4-local-00038,domain,conversation,31424,0.6678966789667897,0.0,False
ax4-local-00038,domain,general,32256,0.6862685662321915,0.0,False
ax4-local-00038,domain,math,32240,0.6558734939759036,0.0,False
ax4-local-00038,layer_band,early,40055,0.7466896948762234,0.0,False
ax4-local-00038,layer_band,middle,40055,0.08979430379746833,0.0,True
ax4-local-00038,layer_band,late,48066,0.08801955990220045,0.0,True
ax4-local-00039,domain,code,32256,0.35723890632003585,0.0,False
ax4-local-00039,domain,conversation,31424,0.3535791757049891,0.0,False
ax4-local-00039,domain,general,32256,0.3680555555555556,0.0,False
ax4-local-00039,domain,math,32240,0.34877092981831137,0.0,False
ax4-local-00039,layer_band,early,40055,0.43343982960596383,0.0,False
ax4-local-00039,layer_band,middle,40055,0.05393971443680601,0.0,True
ax4-local-00039,layer_band,late,48066,0.025350837483024025,0.0,True
ax4-local-00040,domain,code,32256,0.08735632183908049,0.0,True
ax4-local-00040,domain,conversation,31424,0.08563273073263566,0.0,True
ax4-local-00040,domain,general,32256,0.08989547038327528,0.0,True
ax4-local-00040,domain,math,32240,0.08415466262319932,0.0,True
ax4-local-00040,layer_band,early,40055,0.13415073927154708,0.0,True
ax4-local-00040,layer_band,middle,40055,0.05393971443680601,0.0,True
ax4-local-00040,layer_band,late,48066,0.025350837483024025,0.0,True
ax4-local-00041,domain,code,32256,0.8902907295666483,0.004185267857142857,False
ax4-local-00041,domain,conversation,31424,0.9231523871811642,0.00560081466395112,False
ax4-local-00041,domain,general,32256,0.9431053811659192,0.008587549603174604,False
ax4-local-00041,domain,math,32240,0.9177087535296491,0.0057382133995037225,False
ax4-local-00041,layer_band,early,40055,1.0,0.019298464611159655,False
ax4-local-00041,layer_band,middle,40055,0.05393971443680601,0.0,True
ax4-local-00041,layer_band,late,48066,0.025350837483024025,0.0,True
ax4-local-00042,domain,code,32256,0.35723890632003585,0.0,False
ax4-local-00042,domain,conversation,31424,0.3535791757049891,0.0,False
ax4-local-00042,domain,general,32256,0.3680555555555556,0.0,False
ax4-local-00042,domain,math,32240,0.34877092981831137,0.0,False
ax4-local-00042,layer_band,early,40055,0.43343982960596383,0.0,False
ax4-local-00042,layer_band,middle,40055,0.05393971443680601,0.0,True
ax4-local-00042,layer_band,late,48066,0.025350837483024025,0.0,True
ax4-local-00043,domain,code,32256,0.08735632183908049,0.0,True
ax4-local-00043,domain,conversation,31424,0.08563273073263566,0.0,True
ax4-local-00043,domain,general,32256,0.08989547038327528,0.0,True
ax4-local-00043,domain,math,32240,0.08415466262319932,0.0,True
ax4-local-00043,layer_band,early,40055,0.13415073927154708,0.0,True
ax4-local-00043,layer_band,middle,40055,0.05393971443680601,0.0,True
ax4-local-00043,layer_band,late,48066,0.025350837483024025,0.0,True
ax4-local-00044,domain,code,32256,0.041012420904616875,0.0,True
ax4-local-00044,domain,conversation,31424,2.220446049250313e-16,0.0,True
ax4-local-00044,domain,general,32256,0.026701570680628284,0.0,True
ax4-local-00044,domain,math,32240,2.220446049250313e-16,0.0,True
ax4-local-00044,layer_band,early,40055,2.220446049250313e-16,0.0,True
ax4-local-00044,layer_band,middle,40055,0.05393971443680601,0.0,True
ax4-local-00044,layer_band,late,48066,0.025350837483024025,0.0,True
ax4-local-00045,domain,code,32256,0.8902907295666483,0.004185267857142857,False
ax4-local-00045,domain,conversation,31424,0.9231523871811642,0.00560081466395112,False
ax4-local-00045,domain,general,32256,0.9431053811659192,0.008587549603174604,False
ax4-local-00045,domain,math,32240,0.9177087535296491,0.0057382133995037225,False
ax4-local-00045,layer_band,early,40055,1.0,0.019298464611159655,False
ax4-local-00045,layer_band,middle,40055,0.8348926802421575,0.0,False
ax4-local-00045,layer_band,late,48066,0.830480847595762,0.0,False
ax4-local-00046,domain,code,32256,0.8902907295666483,0.004185267857142857,False
ax4-local-00046,domain,conversation,31424,0.9231523871811642,0.00560081466395112,False
ax4-local-00046,domain,general,32256,0.9431053811659192,0.008587549603174604,False
ax4-local-00046,domain,math,32240,0.9177087535296491,0.0057382133995037225,False
ax4-local-00046,layer_band,early,40055,1.0,0.019298464611159655,False
ax4-local-00046,layer_band,middle,40055,0.8348926802421575,0.0,False
ax4-local-00046,layer_band,late,48066,0.830480847595762,0.0,False
ax4-local-00047,domain,code,32256,0.9190184049079755,0.004185267857142857,False
ax4-local-00047,domain,conversation,31424,0.9447133757961783,0.00560081466395112,False
ax4-local-00047,domain,general,32256,0.9576102418207681,0.008587549603174604,False
ax4-local-00047,domain,math,32240,0.940677966101695,0.0057382133995037225,False
ax4-local-00047,layer_band,early,40055,1.0,0.019298464611159655,False
ax4-local-00047,layer_band,middle,40055,0.9162702188392008,0.0,False
ax4-local-00047,layer_band,late,48066,0.9377049180327869,0.0,False
ax4-local-00048,domain,code,32256,1.0,0.01029265873015873,False
ax4-local-00048,domain,conversation,31424,1.0,0.03592795315682281,False
ax4-local-00048,domain,general,32256,1.0,0.04575892857142857,False
ax4-local-00048,domain,math,32240,1.0,0.028101736972704714,False
ax4-local-00048,layer_band,early,40055,1.0,0.034702284359006366,False
ax4-local-00048,layer_band,middle,40055,1.0,0.019448258644364,False
ax4-local-00048,layer_band,late,48066,1.0,0.03482711272000999,False
ax4-local-00049,domain,code,32256,1.0,0.013578869047619048,False
ax4-local-00049,domain,conversation,31424,1.0,0.05206211812627291,False
ax4-local-00049,domain,general,32256,1.0,0.06370907738095238,False
ax4-local-00049,domain,math,32240,1.0,0.04001240694789082,False
ax4-local-00049,layer_band,early,40055,1.0,0.04244164274123081,False
ax4-local-00049,layer_band,middle,40055,1.0,0.02873548870303333,False
ax4-local-00049,layer_band,late,48066,1.0,0.05342653850954937,False
ax4-local-00050,domain,code,32256,1.0,0.018725198412698412,False
ax4-local-00050,domain,conversation,31424,1.0,0.0748790733197556,False
ax4-local-00050,domain,general,32256,1.0,0.09285094246031746,False
ax4-local-00050,domain,math,32240,1.0,0.055645161290322584,False
ax4-local-00050,layer_band,early,40055,1.0,0.054949444513793536,False
ax4-local-00050,layer_band,middle,40055,1.0,0.04309075021844963,False
ax4-local-00050,layer_band,late,48066,1.0,0.07945325177880415,False
ax4-local-00051,domain,code,32256,0.9357197844495766,0.004185267857142857,False
ax4-local-00051,domain,conversation,31424,0.9572921399363925,0.00560081466395112,False
ax4-local-00051,domain,general,32256,0.976159793814433,0.008587549603174604,False
ax4-local-00051,domain,math,32240,0.95220700152207,0.0057382133995037225,False
ax4-local-00051,layer_band,early,40055,1.0,0.019298464611159655,False
ax4-local-00051,layer_band,middle,40055,0.93682092555332,0.0,False
ax4-local-00051,layer_band,late,48066,0.9562175581132927,0.0,False
ax4-local-00052,domain,code,32256,1.0,0.023468501984126984,False
ax4-local-00052,domain,conversation,31424,1.0,0.09966904276985743,False
ax4-local-00052,domain,general,32256,1.0,0.1216827876984127,False
ax4-local-00052,domain,math,32240,1.0,0.07245657568238213,False
ax4-local-00052,layer_band,early,40055,1.0,0.06648358507052803,False
ax4-local-00052,layer_band,middle,40055,1.0,0.05906878042691299,False
ax4-local-00052,layer_band,late,48066,1.0,0.10654100611658969,False
ax4-local-00053,domain,code,32256,1.0,0.023468501984126984,False
ax4-local-00053,domain,conversation,31424,1.0,0.09966904276985743,False
ax4-local-00053,domain,general,32256,1.0,0.1216827876984127,False
ax4-local-00053,domain,math,32240,1.0,0.07245657568238213,False
ax4-local-00053,layer_band,early,40055,1.0,0.06648358507052803,False
ax4-local-00053,layer_band,middle,40055,1.0,0.05906878042691299,False
ax4-local-00053,layer_band,late,48066,1.0,0.10654100611658969,False
ax4-local-00054,domain,code,32256,1.0,0.023468501984126984,False
ax4-local-00054,domain,conversation,31424,1.0,0.09966904276985743,False
ax4-local-00054,domain,general,32256,1.0,0.1216827876984127,False
ax4-local-00054,domain,math,32240,1.0,0.07245657568238213,False
ax4-local-00054,layer_band,early,40055,1.0,0.06648358507052803,False
ax4-local-00054,layer_band,middle,40055,1.0,0.05906878042691299,False
ax4-local-00054,layer_band,late,48066,1.0,0.10654100611658969,False
ax4-local-00055,domain,code,32256,0.8902907295666483,0.004185267857142857,False
ax4-local-00055,domain,conversation,31424,0.9231523871811642,0.00560081466395112,False
ax4-local-00055,domain,general,32256,0.9431053811659192,0.008587549603174604,False
ax4-local-00055,domain,math,32240,0.9177087535296491,0.0057382133995037225,False
ax4-local-00055,layer_band,early,40055,1.0,0.019298464611159655,False
ax4-local-00055,layer_band,middle,40055,0.8348926802421575,0.0,False
ax4-local-00055,layer_band,late,48066,0.830480847595762,0.0,False
ax4-local-00056,domain,code,32256,0.8902907295666483,0.004185267857142857,False
ax4-local-00056,domain,conversation,31424,0.9231523871811642,0.00560081466395112,False
ax4-local-00056,domain,general,32256,0.9431053811659192,0.008587549603174604,False
ax4-local-00056,domain,math,32240,0.9177087535296491,0.0057382133995037225,False
ax4-local-00056,layer_band,early,40055,1.0,0.019298464611159655,False
ax4-local-00056,layer_band,middle,40055,0.8348926802421575,0.0,False
ax4-local-00056,layer_band,late,48066,0.830480847595762,0.0,False
ax4-local-00057,domain,code,32256,0.8902907295666483,0.004185267857142857,False
ax4-local-00057,domain,conversation,31424,0.9231523871811642,0.00560081466395112,False
ax4-local-00057,domain,general,32256,0.9431053811659192,0.008587549603174604,False
ax4-local-00057,domain,math,32240,0.9177087535296491,0.0057382133995037225,False
ax4-local-00057,layer_band,early,40055,1.0,0.019298464611159655,False
ax4-local-00057,layer_band,middle,40055,0.8348926802421575,0.0,False
ax4-local-00057,layer_band,late,48066,0.830480847595762,0.0,False
ax4-local-00058,domain,code,32256,0.8902907295666483,0.004185267857142857,False
ax4-local-00058,domain,conversation,31424,0.9231523871811642,0.00560081466395112,False
ax4-local-00058,domain,general,32256,0.9431053811659192,0.008587549603174604,False
ax4-local-00058,domain,math,32240,0.9177087535296491,0.0057382133995037225,False
ax4-local-00058,layer_band,early,40055,1.0,0.019298464611159655,False
ax4-local-00058,layer_band,middle,40055,0.8348926802421575,0.0,False
ax4-local-00058,layer_band,late,48066,0.830480847595762,0.0,False
ax4-local-00059,domain,code,32256,0.9189750692520775,0.004185267857142857,False
ax4-local-00059,domain,conversation,31424,0.9447674418604651,0.00560081466395112,False
ax4-local-00059,domain,general,32256,0.9577284372331341,0.008587549603174604,False
ax4-local-00059,domain,math,32240,0.9408047888260725,0.0057382133995037225,False
ax4-local-00059,layer_band,early,40055,1.0,0.019298464611159655,False
ax4-local-00059,layer_band,middle,40055,0.9161823187519119,0.0,False
ax4-local-00059,layer_band,late,48066,0.9378583811174823,0.0,False
ax4-local-00060,domain,code,32256,1.0,0.010075644841269842,False
ax4-local-00060,domain,conversation,31424,1.0,0.03777367617107943,False
ax4-local-00060,domain,general,32256,1.0,0.04665798611111111,False
ax4-local-00060,domain,math,32240,1.0,0.028163771712158808,False
ax4-local-00060,layer_band,early,40055,1.0,0.034502558981400575,False
ax4-local-00060,layer_band,middle,40055,1.0,0.020546748221195857,False
ax4-local-00060,layer_band,late,48066,1.0,0.035784130154371076,False
ax4-local-00061,domain,code,32256,1.0,0.014477926587301588,False
ax4-local-00061,domain,conversation,31424,1.0,0.053589613034623215,False
ax4-local-00061,domain,general,32256,1.0,0.06547619047619048,False
ax4-local-00061,domain,math,32240,1.0,0.04007444168734491,False
ax4-local-00061,layer_band,early,40055,1.0,0.04286605916864312,False
ax4-local-00061,layer_band,middle,40055,1.0,0.029958806640868807,False
ax4-local-00061,layer_band,late,48066,1.0,0.054882869387924936,False
ax4-local-00062,domain,code,32256,1.0,0.01847718253968254,False
ax4-local-00062,domain,conversation,31424,1.0,0.07561099796334013,False
ax4-local-00062,domain,general,32256,1.0,0.09371899801587301,False
ax4-local-00062,domain,math,32240,1.0,0.057196029776674935,False
ax4-local-00062,layer_band,early,40055,1.0,0.05442516539757833,False
ax4-local-00062,layer_band,middle,40055,1.0,0.0437897890400699,False
ax4-local-00062,layer_band,late,48066,1.0,0.0812424582865227,False
ax4-local-00063,domain,code,32256,0.9201478743068392,0.007316468253968254,False
ax4-local-00063,domain,conversation,31424,1.0,0.015434063136456212,False
ax4-local-00063,domain,general,32256,1.0,0.019872271825396824,False
ax4-local-00063,domain,math,32240,1.0,0.015415632754342433,False
ax4-local-00063,layer_band,early,40055,1.0,0.04641118462114593,False
ax4-local-00063,layer_band,middle,40055,0.6642373763664757,0.0,False
ax4-local-00063,layer_band,late,48066,0.7392739273927393,0.0,False
ax4-local-00064,domain,code,32256,1.0,0.022600446428571428,False
ax4-local-00064,domain,conversation,31424,1.0,0.0953729633401222,False
ax4-local-00064,domain,general,32256,1.0,0.11656746031746032,False
ax4-local-00064,domain,math,32240,1.0,0.07019230769230769,False
ax4-local-00064,layer_band,early,40055,1.0,0.06588440893771065,False
ax4-local-00064,layer_band,middle,40055,1.0,0.056372487829234805,False
ax4-local-00064,layer_band,late,48066,1.0,0.10094453459826072,False
ax4-local-00065,domain,code,32256,1.0,0.023468501984126984,False
ax4-local-00065,domain,conversation,31424,1.0,0.09966904276985743,False
ax4-local-00065,domain,general,32256,1.0,0.1216827876984127,False
ax4-local-00065,domain,math,32240,1.0,0.07245657568238213,False
ax4-local-00065,layer_band,early,40055,1.0,0.06648358507052803,False
ax4-local-00065,layer_band,middle,40055,1.0,0.05906878042691299,False
ax4-local-00065,layer_band,late,48066,1.0,0.10654100611658969,False
ax4-local-00066,domain,code,32256,1.0,0.023468501984126984,False
ax4-local-00066,domain,conversation,31424,1.0,0.09966904276985743,False
ax4-local-00066,domain,general,32256,1.0,0.1216827876984127,False
ax4-local-00066,domain,math,32240,1.0,0.07245657568238213,False
ax4-local-00066,layer_band,early,40055,1.0,0.06648358507052803,False
ax4-local-00066,layer_band,middle,40055,1.0,0.05906878042691299,False
ax4-local-00066,layer_band,late,48066,1.0,0.10654100611658969,False
ax4-local-00067,domain,code,32256,0.9201478743068392,0.007316468253968254,False
ax4-local-00067,domain,conversation,31424,1.0,0.015434063136456212,False
ax4-local-00067,domain,general,32256,1.0,0.019872271825396824,False
ax4-local-00067,domain,math,32240,1.0,0.015415632754342433,False
ax4-local-00067,layer_band,early,40055,1.0,0.04641118462114593,False
ax4-local-00067,layer_band,middle,40055,0.40966122961104134,0.0,False
ax4-local-00067,layer_band,late,48066,0.40297121634168986,0.0,False
ax4-local-00068,domain,code,32256,0.9201478743068392,0.007316468253968254,False
ax4-local-00068,domain,conversation,31424,1.0,0.015434063136456212,False
ax4-local-00068,domain,general,32256,1.0,0.019872271825396824,False
ax4-local-00068,domain,math,32240,1.0,0.015415632754342433,False
ax4-local-00068,layer_band,early,40055,1.0,0.04641118462114593,False
ax4-local-00068,layer_band,middle,40055,0.40966122961104134,0.0,False
ax4-local-00068,layer_band,late,48066,0.40297121634168986,0.0,False
ax4-local-00069,domain,code,32256,0.9201478743068392,0.007316468253968254,False
ax4-local-00069,domain,conversation,31424,1.0,0.015434063136456212,False
ax4-local-00069,domain,general,32256,1.0,0.019872271825396824,False
ax4-local-00069,domain,math,32240,1.0,0.015415632754342433,False
ax4-local-00069,layer_band,early,40055,1.0,0.04641118462114593,False
ax4-local-00069,layer_band,middle,40055,0.40966122961104134,0.0,False
ax4-local-00069,layer_band,late,48066,0.40297121634168986,0.0,False
ax4-local-00070,domain,code,32256,0.9201478743068392,0.007316468253968254,False
ax4-local-00070,domain,conversation,31424,1.0,0.015434063136456212,False
ax4-local-00070,domain,general,32256,1.0,0.019872271825396824,False
ax4-local-00070,domain,math,32240,1.0,0.015415632754342433,False
ax4-local-00070,layer_band,early,40055,1.0,0.04641118462114593,False
ax4-local-00070,layer_band,middle,40055,0.40966122961104134,0.0,False
ax4-local-00070,layer_band,late,48066,0.40297121634168986,0.0,False
ax4-local-00071,domain,code,32256,0.9201478743068392,0.007316468253968254,False
ax4-local-00071,domain,conversation,31424,1.0,0.015434063136456212,False
ax4-local-00071,domain,general,32256,1.0,0.019872271825396824,False
ax4-local-00071,domain,math,32240,1.0,0.015415632754342433,False
ax4-local-00071,layer_band,early,40055,1.0,0.04641118462114593,False
ax4-local-00071,layer_band,middle,40055,0.5605576532094104,0.0,False
ax4-local-00071,layer_band,late,48066,0.6122653316645807,0.0,False
ax4-local-00072,domain,code,32256,0.9202676331195986,0.007316468253968254,False
ax4-local-00072,domain,conversation,31424,1.0,0.015434063136456212,False
ax4-local-00072,domain,general,32256,1.0,0.019872271825396824,False
ax4-local-00072,domain,math,32240,1.0,0.015415632754342433,False
ax4-local-00072,layer_band,early,40055,1.0,0.04641118462114593,False
ax4-local-00072,layer_band,middle,40055,0.7559279165349352,0.0,False
ax4-local-00072,layer_band,late,48066,0.8035837353549276,0.0,False
ax4-local-00073,domain,code,32256,0.9205905826017557,0.007316468253968254,False
ax4-local-00073,domain,conversation,31424,1.0,0.015434063136456212,False
ax4-local-00073,domain,general,32256,1.0,0.019872271825396824,False
ax4-local-00073,domain,math,32240,1.0,0.015415632754342433,False
ax4-local-00073,layer_band,early,40055,1.0,0.04641118462114593,False
ax4-local-00073,layer_band,middle,40055,0.802482460874258,0.0,False
ax4-local-00073,layer_band,late,48066,0.8402263822377014,0.0,False
ax4-local-00074,domain,code,32256,0.9336690397638479,0.007316468253968254,False
ax4-local-00074,domain,conversation,31424,1.0,0.015434063136456212,False
ax4-local-00074,domain,general,32256,1.0,0.019872271825396824,False
ax4-local-00074,domain,math,32240,1.0,0.015415632754342433,False
ax4-local-00074,layer_band,early,40055,1.0,0.04641118462114593,False
ax4-local-00074,layer_band,middle,40055,0.9161083600349549,0.0,False
ax4-local-00074,layer_band,late,48066,0.9367311072056239,0.0,False
ax4-local-00075,domain,code,32256,0.9201478743068392,0.007316468253968254,False
ax4-local-00075,domain,conversation,31424,1.0,0.015434063136456212,False
ax4-local-00075,domain,general,32256,1.0,0.019872271825396824,False
ax4-local-00075,domain,math,32240,1.0,0.015415632754342433,False
ax4-local-00075,layer_band,early,40055,1.0,0.04641118462114593,False
ax4-local-00075,layer_band,middle,40055,0.6642373763664757,0.0,False
ax4-local-00075,layer_band,late,48066,0.7392739273927393,0.0,False
ax4-local-00076,domain,code,32256,1.0,0.022910466269841268,False
ax4-local-00076,domain,conversation,31424,1.0,0.09747326883910387,False
ax4-local-00076,domain,general,32256,1.0,0.11898561507936507,False
ax4-local-00076,domain,math,32240,1.0,0.0712468982630273,False
ax4-local-00076,layer_band,early,40055,1.0,0.06613406565971788,False
ax4-local-00076,layer_band,middle,40055,1.0,0.05754587442266883,False
ax4-local-00076,layer_band,late,48066,1.0,0.10366995381350642,False
ax4-local-00077,domain,code,32256,1.0,0.023468501984126984,False
ax4-local-00077,domain,conversation,31424,1.0,0.09966904276985743,False
ax4-local-00077,domain,general,32256,1.0,0.1216827876984127,False
ax4-local-00077,domain,math,32240,1.0,0.07245657568238213,False
ax4-local-00077,layer_band,early,40055,1.0,0.06648358507052803,False
ax4-local-00077,layer_band,middle,40055,1.0,0.05906878042691299,False
ax4-local-00077,layer_band,late,48066,1.0,0.10654100611658969,False
ax4-local-00078,domain,code,32256,1.0,0.023468501984126984,False
ax4-local-00078,domain,conversation,31424,1.0,0.09966904276985743,False
ax4-local-00078,domain,general,32256,1.0,0.1216827876984127,False
ax4-local-00078,domain,math,32240,1.0,0.07245657568238213,False
ax4-local-00078,layer_band,early,40055,1.0,0.06648358507052803,False
ax4-local-00078,layer_band,middle,40055,1.0,0.05906878042691299,False
ax4-local-00078,layer_band,late,48066,1.0,0.10654100611658969,False
ax4-local-00079,domain,code,32256,0.9201478743068392,0.007316468253968254,False
ax4-local-00079,domain,conversation,31424,1.0,0.015434063136456212,False
ax4-local-00079,domain,general,32256,1.0,0.019872271825396824,False
ax4-local-00079,domain,math,32240,1.0,0.015415632754342433,False
ax4-local-00079,layer_band,early,40055,1.0,0.04641118462114593,False
ax4-local-00079,layer_band,middle,40055,0.40966122961104134,0.0,False
ax4-local-00079,layer_band,late,48066,0.40297121634168986,0.0,False
ax4-local-00080,domain,code,32256,0.9201478743068392,0.007316468253968254,False
ax4-local-00080,domain,conversation,31424,1.0,0.015434063136456212,False
ax4-local-00080,domain,general,32256,1.0,0.019872271825396824,False
ax4-local-00080,domain,math,32240,1.0,0.015415632754342433,False
ax4-local-00080,layer_band,early,40055,1.0,0.04641118462114593,False
ax4-local-00080,layer_band,middle,40055,0.40966122961104134,0.0,False
ax4-local-00080,layer_band,late,48066,0.40297121634168986,0.0,False
ax4-local-00081,domain,code,32256,0.9201478743068392,0.007316468253968254,False
ax4-local-00081,domain,conversation,31424,1.0,0.015434063136456212,False
ax4-local-00081,domain,general,32256,1.0,0.019872271825396824,False
ax4-local-00081,domain,math,32240,1.0,0.015415632754342433,False
ax4-local-00081,layer_band,early,40055,1.0,0.04641118462114593,False
ax4-local-00081,layer_band,middle,40055,0.40966122961104134,0.0,False
ax4-local-00081,layer_band,late,48066,0.40297121634168986,0.0,False
ax4-local-00082,domain,code,32256,0.9201478743068392,0.007316468253968254,False
ax4-local-00082,domain,conversation,31424,1.0,0.015434063136456212,False
ax4-local-00082,domain,general,32256,1.0,0.019872271825396824,False
ax4-local-00082,domain,math,32240,1.0,0.015415632754342433,False
ax4-local-00082,layer_band,early,40055,1.0,0.04641118462114593,False
ax4-local-00082,layer_band,middle,40055,0.40966122961104134,0.0,False
ax4-local-00082,layer_band,late,48066,0.40297121634168986,0.0,False
ax4-local-00083,domain,code,32256,0.9201478743068392,0.007316468253968254,False
ax4-local-00083,domain,conversation,31424,1.0,0.015434063136456212,False
ax4-local-00083,domain,general,32256,1.0,0.019872271825396824,False
ax4-local-00083,domain,math,32240,1.0,0.015415632754342433,False
ax4-local-00083,layer_band,early,40055,1.0,0.04641118462114593,False
ax4-local-00083,layer_band,middle,40055,0.560656734569778,0.0,False
ax4-local-00083,layer_band,late,48066,0.611718939946511,0.0,False
ax4-local-00084,domain,code,32256,0.9202676331195986,0.007316468253968254,False
ax4-local-00084,domain,conversation,31424,1.0,0.015434063136456212,False
ax4-local-00084,domain,general,32256,1.0,0.019872271825396824,False
ax4-local-00084,domain,math,32240,1.0,0.015415632754342433,False
ax4-local-00084,layer_band,early,40055,1.0,0.04641118462114593,False
ax4-local-00084,layer_band,middle,40055,0.7631281761716544,0.0,False
ax4-local-00084,layer_band,late,48066,0.7995535714285714,0.0,False
ax4-local-00085,domain,code,32256,0.9205905826017557,0.007316468253968254,False
ax4-local-00085,domain,conversation,31424,1.0,0.015434063136456212,False
ax4-local-00085,domain,general,32256,1.0,0.019872271825396824,False
ax4-local-00085,domain,math,32240,1.0,0.015415632754342433,False
ax4-local-00085,layer_band,early,40055,1.0,0.04641118462114593,False
ax4-local-00085,layer_band,middle,40055,0.8018500486854917,0.0,False
ax4-local-00085,layer_band,late,48066,0.8408055622152961,0.0,False
ax4-local-00086,domain,code,32256,0.9337047353760446,0.007316468253968254,False
ax4-local-00086,domain,conversation,31424,1.0,0.015434063136456212,False
ax4-local-00086,domain,general,32256,1.0,0.019872271825396824,False
ax4-local-00086,domain,math,32240,1.0,0.015415632754342433,False
ax4-local-00086,layer_band,early,40055,1.0,0.04641118462114593,False
ax4-local-00086,layer_band,middle,40055,0.9160541586073501,0.0,False
ax4-local-00086,layer_band,late,48066,0.9370498799679915,0.0,False
ax4-local-00087,domain,code,32256,0.9201478743068392,0.007316468253968254,False
ax4-local-00087,domain,conversation,31424,1.0,0.015434063136456212,False
ax4-local-00087,domain,general,32256,1.0,0.019872271825396824,False
ax4-local-00087,domain,math,32240,1.0,0.015415632754342433,False
ax4-local-00087,layer_band,early,40055,1.0,0.04641118462114593,False
ax4-local-00087,layer_band,middle,40055,0.6642373763664757,0.0,False
ax4-local-00087,layer_band,late,48066,0.7392739273927393,0.0,False
ax4-local-00088,domain,code,32256,1.0,0.023344494047619048,False
ax4-local-00088,domain,conversation,31424,1.0,0.09922352342158859,False
ax4-local-00088,domain,general,32256,1.0,0.12118675595238096,False
ax4-local-00088,domain,math,32240,1.0,0.07214640198511166,False
ax4-local-00088,layer_band,early,40055,1.0,0.06640868805392586,False
ax4-local-00088,layer_band,middle,40055,1.0,0.05861939832729996,False
ax4-local-00088,layer_band,late,48066,1.0,0.10606249739940915,False
ax4-local-00089,domain,code,32256,1.0,0.023468501984126984,False
ax4-local-00089,domain,conversation,31424,1.0,0.09966904276985743,False
ax4-local-00089,domain,general,32256,1.0,0.1216827876984127,False
ax4-local-00089,domain,math,32240,1.0,0.07245657568238213,False
ax4-local-00089,layer_band,early,40055,1.0,0.06648358507052803,False
ax4-local-00089,layer_band,middle,40055,1.0,0.05906878042691299,False
ax4-local-00089,layer_band,late,48066,1.0,0.10654100611658969,False
ax4-local-00090,domain,code,32256,1.0,0.023468501984126984,False
ax4-local-00090,domain,conversation,31424,1.0,0.09966904276985743,False
ax4-local-00090,domain,general,32256,1.0,0.1216827876984127,False
ax4-local-00090,domain,math,32240,1.0,0.07245657568238213,False
ax4-local-00090,layer_band,early,40055,1.0,0.06648358507052803,False
ax4-local-00090,layer_band,middle,40055,1.0,0.05906878042691299,False
ax4-local-00090,layer_band,late,48066,1.0,0.10654100611658969,False
ax4-local-00091,domain,code,32256,0.9201478743068392,0.007316468253968254,False
ax4-local-00091,domain,conversation,31424,1.0,0.015434063136456212,False
ax4-local-00091,domain,general,32256,1.0,0.019872271825396824,False
ax4-local-00091,domain,math,32240,1.0,0.015415632754342433,False
ax4-local-00091,layer_band,early,40055,1.0,0.04641118462114593,False
ax4-local-00091,layer_band,middle,40055,0.40966122961104134,0.0,False
ax4-local-00091,layer_band,late,48066,0.40297121634168986,0.0,False
ax4-local-00092,domain,code,32256,0.9201478743068392,0.007316468253968254,False
ax4-local-00092,domain,conversation,31424,1.0,0.015434063136456212,False
ax4-local-00092,domain,general,32256,1.0,0.019872271825396824,False
ax4-local-00092,domain,math,32240,1.0,0.015415632754342433,False
ax4-local-00092,layer_band,early,40055,1.0,0.04641118462114593,False
ax4-local-00092,layer_band,middle,40055,0.5398574206092028,0.0,False
ax4-local-00092,layer_band,late,48066,0.5324392895976804,0.0,False
ax4-local-00093,domain,code,32256,0.9201478743068392,0.007316468253968254,False
ax4-local-00093,domain,conversation,31424,1.0,0.015434063136456212,False
ax4-local-00093,domain,general,32256,1.0,0.019872271825396824,False
ax4-local-00093,domain,math,32240,1.0,0.015415632754342433,False
ax4-local-00093,layer_band,early,40055,1.0,0.04641118462114593,False
ax4-local-00093,layer_band,middle,40055,0.5398574206092028,0.0,False
ax4-local-00093,layer_band,late,48066,0.5324392895976804,0.0,False
ax4-local-00094,domain,code,32256,0.9201478743068392,0.007316468253968254,False
ax4-local-00094,domain,conversation,31424,1.0,0.015434063136456212,False
ax4-local-00094,domain,general,32256,1.0,0.019872271825396824,False
ax4-local-00094,domain,math,32240,1.0,0.015415632754342433,False
ax4-local-00094,layer_band,early,40055,1.0,0.04641118462114593,False
ax4-local-00094,layer_band,middle,40055,0.40966122961104134,0.0,False
ax4-local-00094,layer_band,late,48066,0.40297121634168986,0.0,False
ax4-local-00095,domain,code,32256,0.7035096909376637,0.0,False
ax4-local-00095,domain,conversation,31424,0.7471402769416015,0.0,False
ax4-local-00095,domain,general,32256,0.7562624254473161,0.0,False
ax4-local-00095,domain,math,32240,0.7412071211463309,0.0,False
ax4-local-00095,layer_band,early,40055,0.7974481658692185,0.0,False
ax4-local-00095,layer_band,middle,40055,0.40966122961104134,0.0,False
ax4-local-00095,layer_band,late,48066,0.40297121634168986,0.0,False
ax4-local-00096,domain,code,32256,0.9201478743068392,0.007316468253968254,False
ax4-local-00096,domain,conversation,31424,1.0,0.015434063136456212,False
ax4-local-00096,domain,general,32256,1.0,0.019872271825396824,False
ax4-local-00096,domain,math,32240,1.0,0.015415632754342433,False
ax4-local-00096,layer_band,early,40055,1.0,0.04641118462114593,False
ax4-local-00096,layer_band,middle,40055,0.05555555555555551,0.0,True
ax4-local-00096,layer_band,late,48066,2.220446049250313e-16,0.0,True
ax4-local-00097,domain,code,32256,0.9201478743068392,0.007316468253968254,False
ax4-local-00097,domain,conversation,31424,1.0,0.015434063136456212,False
ax4-local-00097,domain,general,32256,1.0,0.019872271825396824,False
ax4-local-00097,domain,math,32240,1.0,0.015415632754342433,False
ax4-local-00097,layer_band,early,40055,1.0,0.04641118462114593,False
ax4-local-00097,layer_band,middle,40055,0.05555555555555551,0.0,True
ax4-local-00097,layer_band,late,48066,2.220446049250313e-16,0.0,True
ax4-local-00098,domain,code,32256,0.7035096909376637,0.0,False
ax4-local-00098,domain,conversation,31424,0.7471402769416015,0.0,False
ax4-local-00098,domain,general,32256,0.7562624254473161,0.0,False
ax4-local-00098,domain,math,32240,0.7412071211463309,0.0,False
ax4-local-00098,layer_band,early,40055,0.7974481658692185,0.0,False
ax4-local-00098,layer_band,middle,40055,0.05555555555555551,0.0,True
ax4-local-00098,layer_band,late,48066,2.220446049250313e-16,0.0,True
ax4-local-00099,domain,code,32256,0.4079329248629474,0.0,False
ax4-local-00099,domain,conversation,31424,0.42377826404084606,0.0,False
ax4-local-00099,domain,general,32256,0.4334821428571428,0.0,False
ax4-local-00099,domain,math,32240,0.43063583815028905,0.0,False
ax4-local-00099,layer_band,early,40055,0.4837712519319939,0.0,False
ax4-local-00099,layer_band,middle,40055,0.05555555555555551,0.0,True
ax4-local-00099,layer_band,late,48066,2.220446049250313e-16,0.0,True
ax4-local-00100,domain,code,32256,0.9201478743068392,0.007316468253968254,False
ax4-local-00100,domain,conversation,31424,1.0,0.015434063136456212,False
ax4-local-00100,domain,general,32256,1.0,0.019872271825396824,False
ax4-local-00100,domain,math,32240,1.0,0.015415632754342433,False
ax4-local-00100,layer_band,early,40055,1.0,0.04641118462114593,False
ax4-local-00100,layer_band,middle,40055,0.05555555555555551,0.0,True
ax4-local-00100,layer_band,late,48066,2.220446049250313e-16,0.0,True
ax4-local-00101,domain,code,32256,0.7035096909376637,0.0,False
ax4-local-00101,domain,conversation,31424,0.7471402769416015,0.0,False
ax4-local-00101,domain,general,32256,0.7562624254473161,0.0,False
ax4-local-00101,domain,math,32240,0.7412071211463309,0.0,False
ax4-local-00101,layer_band,early,40055,0.7974481658692185,0.0,False
ax4-local-00101,layer_band,middle,40055,0.05555555555555551,0.0,True
ax4-local-00101,layer_band,late,48066,2.220446049250313e-16,0.0,True
ax4-local-00102,domain,code,32256,0.4079329248629474,0.0,False
ax4-local-00102,domain,conversation,31424,0.42377826404084606,0.0,False
ax4-local-00102,domain,general,32256,0.4334821428571428,0.0,False
ax4-local-00102,domain,math,32240,0.43063583815028905,0.0,False
ax4-local-00102,layer_band,early,40055,0.4837712519319939,0.0,False
ax4-local-00102,layer_band,middle,40055,0.05555555555555551,0.0,True
ax4-local-00102,layer_band,late,48066,2.220446049250313e-16,0.0,True
ax4-local-00103,domain,code,32256,0.09820193637621033,0.0,True
ax4-local-00103,domain,conversation,31424,0.13639626704953334,0.0,True
ax4-local-00103,domain,general,32256,0.1380846325167039,0.0,True
ax4-local-00103,domain,math,32240,0.13765182186234814,0.0,True
ax4-local-00103,layer_band,early,40055,0.16706330318895768,0.0,True
ax4-local-00103,layer_band,middle,40055,0.05555555555555551,0.0,True
ax4-local-00103,layer_band,late,48066,2.220446049250313e-16,0.0,True
ax4-local-00104,domain,code,32256,0.9201478743068392,0.007316468253968254,False
ax4-local-00104,domain,conversation,31424,1.0,0.015434063136456212,False
ax4-local-00104,domain,general,32256,1.0,0.019872271825396824,False
ax4-local-00104,domain,math,32240,1.0,0.015415632754342433,False
ax4-local-00104,layer_band,early,40055,1.0,0.04641118462114593,False
ax4-local-00104,layer_band,middle,40055,0.05555555555555551,0.0,True
ax4-local-00104,layer_band,late,48066,2.220446049250313e-16,0.0,True
ax4-local-00105,domain,code,32256,0.4079329248629474,0.0,False
ax4-local-00105,domain,conversation,31424,0.42377826404084606,0.0,False
ax4-local-00105,domain,general,32256,0.4334821428571428,0.0,False
ax4-local-00105,domain,math,32240,0.43063583815028905,0.0,False
ax4-local-00105,layer_band,early,40055,0.4837712519319939,0.0,False
ax4-local-00105,layer_band,middle,40055,0.05555555555555551,0.0,True
ax4-local-00105,layer_band,late,48066,2.220446049250313e-16,0.0,True
ax4-local-00106,domain,code,32256,0.09820193637621033,0.0,True
ax4-local-00106,domain,conversation,31424,0.13639626704953334,0.0,True
ax4-local-00106,domain,general,32256,0.1380846325167039,0.0,True
ax4-local-00106,domain,math,32240,0.13765182186234814,0.0,True
ax4-local-00106,layer_band,early,40055,0.16706330318895768,0.0,True
ax4-local-00106,layer_band,middle,40055,0.05555555555555551,0.0,True
ax4-local-00106,layer_band,late,48066,2.220446049250313e-16,0.0,True
ax4-local-00107,domain,code,32256,2.220446049250313e-16,0.0,True
ax4-local-00107,domain,conversation,31424,2.220446049250313e-16,0.0,True
ax4-local-00107,domain,general,32256,2.220446049250313e-16,0.0,True
ax4-local-00107,domain,math,32240,2.220446049250313e-16,0.0,True
ax4-local-00107,layer_band,early,40055,2.220446049250313e-16,0.0,True
ax4-local-00107,layer_band,middle,40055,0.05555555555555551,0.0,True
ax4-local-00107,layer_band,late,48066,2.220446049250313e-16,0.0,True
ax4-local-00108,domain,code,32256,0.9201478743068392,0.007316468253968254,False
ax4-local-00108,domain,conversation,31424,1.0,0.015434063136456212,False
ax4-local-00108,domain,general,32256,1.0,0.019872271825396824,False
ax4-local-00108,domain,math,32240,1.0,0.015415632754342433,False
ax4-local-00108,layer_band,early,40055,1.0,0.04641118462114593,False
ax4-local-00108,layer_band,middle,40055,0.40966122961104134,0.0,False
ax4-local-00108,layer_band,late,48066,0.40297121634168986,0.0,False
ax4-local-00109,domain,code,32256,0.9201478743068392,0.007316468253968254,False
ax4-local-00109,domain,conversation,31424,1.0,0.015434063136456212,False
ax4-local-00109,domain,general,32256,1.0,0.019872271825396824,False
ax4-local-00109,domain,math,32240,1.0,0.015415632754342433,False
ax4-local-00109,layer_band,early,40055,1.0,0.04641118462114593,False
ax4-local-00109,layer_band,middle,40055,0.40966122961104134,0.0,False
ax4-local-00109,layer_band,late,48066,0.40297121634168986,0.0,False
ax4-local-00110,domain,code,32256,0.9201478743068392,0.007316468253968254,False
ax4-local-00110,domain,conversation,31424,1.0,0.015434063136456212,False
ax4-local-00110,domain,general,32256,1.0,0.019872271825396824,False
ax4-local-00110,domain,math,32240,1.0,0.015415632754342433,False
ax4-local-00110,layer_band,early,40055,1.0,0.04641118462114593,False
ax4-local-00110,layer_band,middle,40055,0.560656734569778,0.0,False
ax4-local-00110,layer_band,late,48066,0.6118612203042215,0.0,False
ax4-local-00111,domain,code,32256,0.9205905826017557,0.007316468253968254,False
ax4-local-00111,domain,conversation,31424,1.0,0.015434063136456212,False
ax4-local-00111,domain,general,32256,1.0,0.019872271825396824,False
ax4-local-00111,domain,math,32240,1.0,0.015415632754342433,False
ax4-local-00111,layer_band,early,40055,1.0,0.04641118462114593,False
ax4-local-00111,layer_band,middle,40055,0.7560851926977687,0.0,False
ax4-local-00111,layer_band,late,48066,0.8017099638276883,0.0,False
ax4-local-00112,domain,code,32256,0.9205905826017557,0.007316468253968254,False
ax4-local-00112,domain,conversation,31424,1.0,0.015434063136456212,False
ax4-local-00112,domain,general,32256,1.0,0.019872271825396824,False
ax4-local-00112,domain,math,32240,1.0,0.015415632754342433,False
ax4-local-00112,layer_band,early,40055,1.0,0.04641118462114593,False
ax4-local-00112,layer_band,middle,40055,0.8015544041450777,0.0,False
ax4-local-00112,layer_band,late,48066,0.8409672169262962,0.0,False
ax4-local-00113,domain,code,32256,0.9336994899960769,0.007316468253968254,False
ax4-local-00113,domain,conversation,31424,1.0,0.015434063136456212,False
ax4-local-00113,domain,general,32256,1.0,0.019872271825396824,False
ax4-local-00113,domain,math,32240,1.0,0.015415632754342433,False
ax4-local-00113,layer_band,early,40055,1.0,0.04641118462114593,False
ax4-local-00113,layer_band,middle,40055,0.9160541586073501,0.0,False
ax4-local-00113,layer_band,late,48066,0.937,0.0,False
ax4-local-00114,domain,code,32256,0.9201478743068392,0.007316468253968254,False
ax4-local-00114,domain,conversation,31424,1.0,0.015434063136456212,False
ax4-local-00114,domain,general,32256,1.0,0.019872271825396824,False
ax4-local-00114,domain,math,32240,1.0,0.015415632754342433,False
ax4-local-00114,layer_band,early,40055,1.0,0.04641118462114593,False
ax4-local-00114,layer_band,middle,40055,0.6642373763664757,0.0,False
ax4-local-00114,layer_band,late,48066,0.7392739273927393,0.0,False
ax4-local-00115,domain,code,32256,1.0,0.0234375,False
ax4-local-00115,domain,conversation,31424,1.0,0.0996372199592668,False
ax4-local-00115,domain,general,32256,1.0,0.1216827876984127,False
ax4-local-00115,domain,math,32240,1.0,0.07242555831265508,False
ax4-local-00115,layer_band,early,40055,1.0,0.06648358507052803,False
ax4-local-00115,layer_band,middle,40055,1.0,0.05906878042691299,False
ax4-local-00115,layer_band,late,48066,1.0,0.10647859193608789,False
ax4-local-00116,domain,code,32256,1.0,0.023468501984126984,False
ax4-local-00116,domain,conversation,31424,1.0,0.09966904276985743,False
ax4-local-00116,domain,general,32256,1.0,0.1216827876984127,False
ax4-local-00116,domain,math,32240,1.0,0.07245657568238213,False
ax4-local-00116,layer_band,early,40055,1.0,0.06648358507052803,False
ax4-local-00116,layer_band,middle,40055,1.0,0.05906878042691299,False
ax4-local-00116,layer_band,late,48066,1.0,0.10654100611658969,False
ax4-local-00117,domain,code,32256,1.0,0.023468501984126984,False
ax4-local-00117,domain,conversation,31424,1.0,0.09966904276985743,False
ax4-local-00117,domain,general,32256,1.0,0.1216827876984127,False
ax4-local-00117,domain,math,32240,1.0,0.07245657568238213,False
ax4-local-00117,layer_band,early,40055,1.0,0.06648358507052803,False
ax4-local-00117,layer_band,middle,40055,1.0,0.05906878042691299,False
ax4-local-00117,layer_band,late,48066,1.0,0.10654100611658969,False
ax4-local-00118,domain,code,32256,0.9201478743068392,0.007316468253968254,False
ax4-local-00118,domain,conversation,31424,1.0,0.015434063136456212,False
ax4-local-00118,domain,general,32256,1.0,0.019872271825396824,False
ax4-local-00118,domain,math,32240,1.0,0.015415632754342433,False
ax4-local-00118,layer_band,early,40055,1.0,0.04641118462114593,False
ax4-local-00118,layer_band,middle,40055,0.40966122961104134,0.0,False
ax4-local-00118,layer_band,late,48066,0.40297121634168986,0.0,False
ax4-local-00119,domain,code,32256,0.9201478743068392,0.007316468253968254,False
ax4-local-00119,domain,conversation,31424,1.0,0.015434063136456212,False
ax4-local-00119,domain,general,32256,1.0,0.019872271825396824,False
ax4-local-00119,domain,math,32240,1.0,0.015415632754342433,False
ax4-local-00119,layer_band,early,40055,1.0,0.04641118462114593,False
ax4-local-00119,layer_band,middle,40055,0.40966122961104134,0.0,False
ax4-local-00119,layer_band,late,48066,0.40297121634168986,0.0,False
ax4-local-00120,domain,code,32256,0.9201478743068392,0.007316468253968254,False
ax4-local-00120,domain,conversation,31424,1.0,0.015434063136456212,False
ax4-local-00120,domain,general,32256,1.0,0.019872271825396824,False
ax4-local-00120,domain,math,32240,1.0,0.015415632754342433,False
ax4-local-00120,layer_band,early,40055,1.0,0.04641118462114593,False
ax4-local-00120,layer_band,middle,40055,0.40966122961104134,0.0,False
ax4-local-00120,layer_band,late,48066,0.40297121634168986,0.0,False
ax4-local-00121,domain,code,32256,0.9201478743068392,0.007316468253968254,False
ax4-local-00121,domain,conversation,31424,1.0,0.015434063136456212,False
ax4-local-00121,domain,general,32256,1.0,0.019872271825396824,False
ax4-local-00121,domain,math,32240,1.0,0.015415632754342433,False
ax4-local-00121,layer_band,early,40055,1.0,0.04641118462114593,False
ax4-local-00121,layer_band,middle,40055,0.40966122961104134,0.0,False
ax4-local-00121,layer_band,late,48066,0.40297121634168986,0.0,False
ax4-local-00122,domain,code,32256,0.9201478743068392,0.007316468253968254,False
ax4-local-00122,domain,conversation,31424,1.0,0.015434063136456212,False
ax4-local-00122,domain,general,32256,1.0,0.019872271825396824,False
ax4-local-00122,domain,math,32240,1.0,0.015415632754342433,False
ax4-local-00122,layer_band,early,40055,1.0,0.04641118462114593,False
ax4-local-00122,layer_band,middle,40055,0.5608974358974359,0.0,False
ax4-local-00122,layer_band,late,48066,0.6116071428571428,0.0,False
ax4-local-00123,domain,code,32256,0.9205905826017557,0.007316468253968254,False
ax4-local-00123,domain,conversation,31424,1.0,0.015434063136456212,False
ax4-local-00123,domain,general,32256,1.0,0.019872271825396824,False
ax4-local-00123,domain,math,32240,1.0,0.015415632754342433,False
ax4-local-00123,layer_band,early,40055,1.0,0.04641118462114593,False
ax4-local-00123,layer_band,middle,40055,0.7616136919315404,0.0,False
ax4-local-00123,layer_band,late,48066,0.8050361505858887,0.0,False
ax4-local-00124,domain,code,32256,0.9205905826017557,0.007316468253968254,False
ax4-local-00124,domain,conversation,31424,1.0,0.015434063136456212,False
ax4-local-00124,domain,general,32256,1.0,0.019872271825396824,False
ax4-local-00124,domain,math,32240,1.0,0.015415632754342433,False
ax4-local-00124,layer_band,early,40055,1.0,0.04641118462114593,False
ax4-local-00124,layer_band,middle,40055,0.8015963511972635,0.0,False
ax4-local-00124,layer_band,late,48066,0.8407258064516129,0.0,False
ax4-local-00125,domain,code,32256,0.9336994899960769,0.007316468253968254,False
ax4-local-00125,domain,conversation,31424,1.0,0.015434063136456212,False
ax4-local-00125,domain,general,32256,1.0,0.019872271825396824,False
ax4-local-00125,domain,math,32240,1.0,0.015415632754342433,False
ax4-local-00125,layer_band,early,40055,1.0,0.04641118462114593,False
ax4-local-00125,layer_band,middle,40055,0.9161113288906311,0.0,False
ax4-local-00125,layer_band,late,48066,0.9370146678170836,0.0,False
ax4-local-00126,domain,code,32256,1.0,0.010943700396825396,False
ax4-local-00126,domain,conversation,31424,1.0,0.02564918533604888,False
ax4-local-00126,domain,general,32256,1.0,0.03295510912698413,False
ax4-local-00126,domain,math,32240,1.0,0.022456575682382133,False
ax4-local-00126,layer_band,early,40055,1.0,0.06648358507052803,False
ax4-local-00126,layer_band,middle,40055,0.9125500667556743,0.0070652852328048936,False
ax4-local-00126,layer_band,late,48066,0.3121617772714327,0.0,False
ax4-local-00127,domain,code,32256,1.0,0.010943700396825396,False
ax4-local-00127,domain,conversation,31424,1.0,0.02564918533604888,False
ax4-local-00127,domain,general,32256,1.0,0.03295510912698413,False
ax4-local-00127,domain,math,32240,1.0,0.022456575682382133,False
ax4-local-00127,layer_band,early,40055,1.0,0.06648358507052803,False
ax4-local-00127,layer_band,middle,40055,0.9126602564102564,0.0070652852328048936,False
ax4-local-00127,layer_band,late,48066,0.8292333412944829,0.0,False
ax4-local-00128,domain,code,32256,1.0,0.023468501984126984,False
ax4-local-00128,domain,conversation,31424,1.0,0.09966904276985743,False
ax4-local-00128,domain,general,32256,1.0,0.1216827876984127,False
ax4-local-00128,domain,math,32240,1.0,0.07245657568238213,False
ax4-local-00128,layer_band,early,40055,1.0,0.06648358507052803,False
ax4-local-00128,layer_band,middle,40055,1.0,0.05906878042691299,False
ax4-local-00128,layer_band,late,48066,1.0,0.10654100611658969,False
ax4-local-00129,domain,code,32256,1.0,0.023468501984126984,False
ax4-local-00129,domain,conversation,31424,1.0,0.09966904276985743,False
ax4-local-00129,domain,general,32256,1.0,0.1216827876984127,False
ax4-local-00129,domain,math,32240,1.0,0.07245657568238213,False
ax4-local-00129,layer_band,early,40055,1.0,0.06648358507052803,False
ax4-local-00129,layer_band,middle,40055,1.0,0.05906878042691299,False
ax4-local-00129,layer_band,late,48066,1.0,0.10654100611658969,False
ax4-local-00130,domain,code,32256,1.0,0.010943700396825396,False
ax4-local-00130,domain,conversation,31424,1.0,0.02564918533604888,False
ax4-local-00130,domain,general,32256,1.0,0.03295510912698413,False
ax4-local-00130,domain,math,32240,1.0,0.022456575682382133,False
ax4-local-00130,layer_band,early,40055,1.0,0.06648358507052803,False
ax4-local-00130,layer_band,middle,40055,0.9125500667556743,0.0070652852328048936,False
ax4-local-00130,layer_band,late,48066,0.097757331799885,0.0,True
ax4-local-00131,domain,code,32256,1.0,0.010943700396825396,False
ax4-local-00131,domain,conversation,31424,1.0,0.02564918533604888,False
ax4-local-00131,domain,general,32256,1.0,0.03295510912698413,False
ax4-local-00131,domain,math,32240,1.0,0.022456575682382133,False
ax4-local-00131,layer_band,early,40055,1.0,0.06648358507052803,False
ax4-local-00131,layer_band,middle,40055,0.9125500667556743,0.0070652852328048936,False
ax4-local-00131,layer_band,late,48066,0.097757331799885,0.0,True
ax4-local-00132,domain,code,32256,1.0,0.010943700396825396,False
ax4-local-00132,domain,conversation,31424,1.0,0.02564918533604888,False
ax4-local-00132,domain,general,32256,1.0,0.03295510912698413,False
ax4-local-00132,domain,math,32240,1.0,0.022456575682382133,False
ax4-local-00132,layer_band,early,40055,1.0,0.06648358507052803,False
ax4-local-00132,layer_band,middle,40055,0.9125500667556743,0.0070652852328048936,False
ax4-local-00132,layer_band,late,48066,0.097757331799885,0.0,True
ax4-local-00133,domain,code,32256,1.0,0.010943700396825396,False
ax4-local-00133,domain,conversation,31424,1.0,0.02564918533604888,False
ax4-local-00133,domain,general,32256,1.0,0.03295510912698413,False
ax4-local-00133,domain,math,32240,1.0,0.022456575682382133,False
ax4-local-00133,layer_band,early,40055,1.0,0.06648358507052803,False
ax4-local-00133,layer_band,middle,40055,0.9125500667556743,0.0070652852328048936,False
ax4-local-00133,layer_band,late,48066,0.097757331799885,0.0,True
ax4-local-00134,domain,code,32256,1.0,0.010943700396825396,False
ax4-local-00134,domain,conversation,31424,1.0,0.02564918533604888,False
ax4-local-00134,domain,general,32256,1.0,0.03295510912698413,False
ax4-local-00134,domain,math,32240,1.0,0.022456575682382133,False
ax4-local-00134,layer_band,early,40055,1.0,0.06648358507052803,False
ax4-local-00134,layer_band,middle,40055,0.9125500667556743,0.0070652852328048936,False
ax4-local-00134,layer_band,late,48066,0.22144249512670577,0.0,False
ax4-local-00135,domain,code,32256,1.0,0.010943700396825396,False
ax4-local-00135,domain,conversation,31424,1.0,0.02564918533604888,False
ax4-local-00135,domain,general,32256,1.0,0.03295510912698413,False
ax4-local-00135,domain,math,32240,1.0,0.022456575682382133,False
ax4-local-00135,layer_band,early,40055,1.0,0.06648358507052803,False
ax4-local-00135,layer_band,middle,40055,0.9125500667556743,0.0070652852328048936,False
ax4-local-00135,layer_band,late,48066,0.5656648826677645,0.0,False
ax4-local-00136,domain,code,32256,1.0,0.010943700396825396,False
ax4-local-00136,domain,conversation,31424,1.0,0.02564918533604888,False
ax4-local-00136,domain,general,32256,1.0,0.03295510912698413,False
ax4-local-00136,domain,math,32240,1.0,0.022456575682382133,False
ax4-local-00136,layer_band,early,40055,1.0,0.06648358507052803,False
ax4-local-00136,layer_band,middle,40055,0.9125500667556743,0.0070652852328048936,False
ax4-local-00136,layer_band,late,48066,0.7033835514941962,0.0,False
ax4-local-00137,domain,code,32256,1.0,0.010943700396825396,False
ax4-local-00137,domain,conversation,31424,1.0,0.02564918533604888,False
ax4-local-00137,domain,general,32256,1.0,0.03295510912698413,False
ax4-local-00137,domain,math,32240,1.0,0.022456575682382133,False
ax4-local-00137,layer_band,early,40055,1.0,0.06648358507052803,False
ax4-local-00137,layer_band,middle,40055,0.9231765213638325,0.0070652852328048936,False
ax4-local-00137,layer_band,late,48066,0.9066575154426905,0.0,False
ax4-local-00138,domain,code,32256,1.0,0.010943700396825396,False
ax4-local-00138,domain,conversation,31424,1.0,0.02564918533604888,False
ax4-local-00138,domain,general,32256,1.0,0.03295510912698413,False
ax4-local-00138,domain,math,32240,1.0,0.022456575682382133,False
ax4-local-00138,layer_band,early,40055,1.0,0.06648358507052803,False
ax4-local-00138,layer_band,middle,40055,0.9125500667556743,0.0070652852328048936,False
ax4-local-00138,layer_band,late,48066,0.30348727615457105,0.0,False
ax4-local-00139,domain,code,32256,1.0,0.010943700396825396,False
ax4-local-00139,domain,conversation,31424,1.0,0.02564918533604888,False
ax4-local-00139,domain,general,32256,1.0,0.03295510912698413,False
ax4-local-00139,domain,math,32240,1.0,0.022456575682382133,False
ax4-local-00139,layer_band,early,40055,1.0,0.06648358507052803,False
ax4-local-00139,layer_band,middle,40055,0.9126602564102564,0.0070652852328048936,False
ax4-local-00139,layer_band,late,48066,0.8299983184799058,0.0,False
ax4-local-00140,domain,code,32256,1.0,0.023468501984126984,False
ax4-local-00140,domain,conversation,31424,1.0,0.09966904276985743,False
ax4-local-00140,domain,general,32256,1.0,0.1216827876984127,False
ax4-local-00140,domain,math,32240,1.0,0.07245657568238213,False
ax4-local-00140,layer_band,early,40055,1.0,0.06648358507052803,False
ax4-local-00140,layer_band,middle,40055,1.0,0.05906878042691299,False
ax4-local-00140,layer_band,late,48066,1.0,0.10654100611658969,False
ax4-local-00141,domain,code,32256,1.0,0.023468501984126984,False
ax4-local-00141,domain,conversation,31424,1.0,0.09966904276985743,False
ax4-local-00141,domain,general,32256,1.0,0.1216827876984127,False
ax4-local-00141,domain,math,32240,1.0,0.07245657568238213,False
ax4-local-00141,layer_band,early,40055,1.0,0.06648358507052803,False
ax4-local-00141,layer_band,middle,40055,1.0,0.05906878042691299,False
ax4-local-00141,layer_band,late,48066,1.0,0.10654100611658969,False
ax4-local-00142,domain,code,32256,1.0,0.010943700396825396,False
ax4-local-00142,domain,conversation,31424,1.0,0.02564918533604888,False
ax4-local-00142,domain,general,32256,1.0,0.03295510912698413,False
ax4-local-00142,domain,math,32240,1.0,0.022456575682382133,False
ax4-local-00142,layer_band,early,40055,1.0,0.06648358507052803,False
ax4-local-00142,layer_band,middle,40055,0.9125500667556743,0.0070652852328048936,False
ax4-local-00142,layer_band,late,48066,0.09292210359826025,0.0,True
ax4-local-00143,domain,code,32256,1.0,0.010943700396825396,False
ax4-local-00143,domain,conversation,31424,1.0,0.02564918533604888,False
ax4-local-00143,domain,general,32256,1.0,0.03295510912698413,False
ax4-local-00143,domain,math,32240,1.0,0.022456575682382133,False
ax4-local-00143,layer_band,early,40055,1.0,0.06648358507052803,False
ax4-local-00143,layer_band,middle,40055,0.9125500667556743,0.0070652852328048936,False
ax4-local-00143,layer_band,late,48066,0.09292210359826025,0.0,True
ax4-local-00144,domain,code,32256,1.0,0.010943700396825396,False
ax4-local-00144,domain,conversation,31424,1.0,0.02564918533604888,False
ax4-local-00144,domain,general,32256,1.0,0.03295510912698413,False
ax4-local-00144,domain,math,32240,1.0,0.022456575682382133,False
ax4-local-00144,layer_band,early,40055,1.0,0.06648358507052803,False
ax4-local-00144,layer_band,middle,40055,0.9125500667556743,0.0070652852328048936,False
ax4-local-00144,layer_band,late,48066,0.09292210359826025,0.0,True
ax4-local-00145,domain,code,32256,1.0,0.010943700396825396,False
ax4-local-00145,domain,conversation,31424,1.0,0.02564918533604888,False
ax4-local-00145,domain,general,32256,1.0,0.03295510912698413,False
ax4-local-00145,domain,math,32240,1.0,0.022456575682382133,False
ax4-local-00145,layer_band,early,40055,1.0,0.06648358507052803,False
ax4-local-00145,layer_band,middle,40055,0.9125500667556743,0.0070652852328048936,False
ax4-local-00145,layer_band,late,48066,0.09292210359826025,0.0,True
ax4-local-00146,domain,code,32256,1.0,0.010943700396825396,False
ax4-local-00146,domain,conversation,31424,1.0,0.02564918533604888,False
ax4-local-00146,domain,general,32256,1.0,0.03295510912698413,False
ax4-local-00146,domain,math,32240,1.0,0.022456575682382133,False
ax4-local-00146,layer_band,early,40055,1.0,0.06648358507052803,False
ax4-local-00146,layer_band,middle,40055,0.9125500667556743,0.0070652852328048936,False
ax4-local-00146,layer_band,late,48066,0.20848646842632812,0.0,False
ax4-local-00147,domain,code,32256,1.0,0.010943700396825396,False
ax4-local-00147,domain,conversation,31424,1.0,0.02564918533604888,False
ax4-local-00147,domain,general,32256,1.0,0.03295510912698413,False
ax4-local-00147,domain,math,32240,1.0,0.022456575682382133,False
ax4-local-00147,layer_band,early,40055,1.0,0.06648358507052803,False
ax4-local-00147,layer_band,middle,40055,0.9125500667556743,0.0070652852328048936,False
ax4-local-00147,layer_band,late,48066,0.562589928057554,0.0,False
ax4-local-00148,domain,code,32256,1.0,0.010943700396825396,False
ax4-local-00148,domain,conversation,31424,1.0,0.02564918533604888,False
ax4-local-00148,domain,general,32256,1.0,0.03295510912698413,False
ax4-local-00148,domain,math,32240,1.0,0.022456575682382133,False
ax4-local-00148,layer_band,early,40055,1.0,0.06648358507052803,False
ax4-local-00148,layer_band,middle,40055,0.9125500667556743,0.0070652852328048936,False
ax4-local-00148,layer_band,late,48066,0.7020693093991524,0.0,False
ax4-local-00149,domain,code,32256,1.0,0.010943700396825396,False
ax4-local-00149,domain,conversation,31424,1.0,0.02564918533604888,False
ax4-local-00149,domain,general,32256,1.0,0.03295510912698413,False
ax4-local-00149,domain,math,32240,1.0,0.022456575682382133,False
ax4-local-00149,layer_band,early,40055,1.0,0.06648358507052803,False
ax4-local-00149,layer_band,middle,40055,0.9230769230769231,0.0070652852328048936,False
ax4-local-00149,layer_band,late,48066,0.9044166117336849,0.0,False
ax4-local-00150,domain,code,32256,1.0,0.010943700396825396,False
ax4-local-00150,domain,conversation,31424,1.0,0.02564918533604888,False
ax4-local-00150,domain,general,32256,1.0,0.03295510912698413,False
ax4-local-00150,domain,math,32240,1.0,0.022456575682382133,False
ax4-local-00150,layer_band,early,40055,1.0,0.06648358507052803,False
ax4-local-00150,layer_band,middle,40055,0.9125500667556743,0.0070652852328048936,False
ax4-local-00150,layer_band,late,48066,0.2974939369442199,0.0,False
ax4-local-00151,domain,code,32256,1.0,0.010943700396825396,False
ax4-local-00151,domain,conversation,31424,1.0,0.02564918533604888,False
ax4-local-00151,domain,general,32256,1.0,0.03295510912698413,False
ax4-local-00151,domain,math,32240,1.0,0.022456575682382133,False
ax4-local-00151,layer_band,early,40055,1.0,0.06648358507052803,False
ax4-local-00151,layer_band,middle,40055,0.9126602564102564,0.0070652852328048936,False
ax4-local-00151,layer_band,late,48066,0.8302418408077014,0.0,False
ax4-local-00152,domain,code,32256,1.0,0.023468501984126984,False
ax4-local-00152,domain,conversation,31424,1.0,0.09966904276985743,False
ax4-local-00152,domain,general,32256,1.0,0.1216827876984127,False
ax4-local-00152,domain,math,32240,1.0,0.07245657568238213,False
ax4-local-00152,layer_band,early,40055,1.0,0.06648358507052803,False
ax4-local-00152,layer_band,middle,40055,1.0,0.05906878042691299,False
ax4-local-00152,layer_band,late,48066,1.0,0.10654100611658969,False
ax4-local-00153,domain,code,32256,1.0,0.023468501984126984,False
ax4-local-00153,domain,conversation,31424,1.0,0.09966904276985743,False
ax4-local-00153,domain,general,32256,1.0,0.1216827876984127,False
ax4-local-00153,domain,math,32240,1.0,0.07245657568238213,False
ax4-local-00153,layer_band,early,40055,1.0,0.06648358507052803,False
ax4-local-00153,layer_band,middle,40055,1.0,0.05906878042691299,False
ax4-local-00153,layer_band,late,48066,1.0,0.10654100611658969,False
ax4-local-00154,domain,code,32256,1.0,0.010943700396825396,False
ax4-local-00154,domain,conversation,31424,1.0,0.02564918533604888,False
ax4-local-00154,domain,general,32256,1.0,0.03295510912698413,False
ax4-local-00154,domain,math,32240,1.0,0.022456575682382133,False
ax4-local-00154,layer_band,early,40055,1.0,0.06648358507052803,False
ax4-local-00154,layer_band,middle,40055,0.9125500667556743,0.0070652852328048936,False
ax4-local-00154,layer_band,late,48066,0.08832335329341323,0.0,True
ax4-local-00155,domain,code,32256,1.0,0.010943700396825396,False
ax4-local-00155,domain,conversation,31424,1.0,0.02564918533604888,False
ax4-local-00155,domain,general,32256,1.0,0.03295510912698413,False
ax4-local-00155,domain,math,32240,1.0,0.022456575682382133,False
ax4-local-00155,layer_band,early,40055,1.0,0.06648358507052803,False
ax4-local-00155,layer_band,middle,40055,0.9125500667556743,0.0070652852328048936,False
ax4-local-00155,layer_band,late,48066,0.08832335329341323,0.0,True
ax4-local-00156,domain,code,32256,1.0,0.010943700396825396,False
ax4-local-00156,domain,conversation,31424,1.0,0.02564918533604888,False
ax4-local-00156,domain,general,32256,1.0,0.03295510912698413,False
ax4-local-00156,domain,math,32240,1.0,0.022456575682382133,False
ax4-local-00156,layer_band,early,40055,1.0,0.06648358507052803,False
ax4-local-00156,layer_band,middle,40055,0.9125500667556743,0.0070652852328048936,False
ax4-local-00156,layer_band,late,48066,0.08832335329341323,0.0,True
ax4-local-00157,domain,code,32256,1.0,0.010943700396825396,False
ax4-local-00157,domain,conversation,31424,1.0,0.02564918533604888,False
ax4-local-00157,domain,general,32256,1.0,0.03295510912698413,False
ax4-local-00157,domain,math,32240,1.0,0.022456575682382133,False
ax4-local-00157,layer_band,early,40055,1.0,0.06648358507052803,False
ax4-local-00157,layer_band,middle,40055,0.9125500667556743,0.0070652852328048936,False
ax4-local-00157,layer_band,late,48066,0.08832335329341323,0.0,True
ax4-local-00158,domain,code,32256,0.7364705882352941,0.0,False
ax4-local-00158,domain,conversation,31424,0.7870967741935484,0.0,False
ax4-local-00158,domain,general,32256,0.7967161845191556,0.0,False
ax4-local-00158,domain,math,32240,0.7804793331017714,0.0,False
ax4-local-00158,layer_band,early,40055,0.809267965077233,0.0,False
ax4-local-00158,layer_band,middle,40055,0.7203134418324292,0.0,False
ax4-local-00158,layer_band,late,48066,2.220446049250313e-16,0.0,True
ax4-local-00159,domain,code,32256,1.0,0.010943700396825396,False
ax4-local-00159,domain,conversation,31424,1.0,0.02564918533604888,False
ax4-local-00159,domain,general,32256,1.0,0.03295510912698413,False
ax4-local-00159,domain,math,32240,1.0,0.022456575682382133,False
ax4-local-00159,layer_band,early,40055,1.0,0.06648358507052803,False
ax4-local-00159,layer_band,middle,40055,0.9125500667556743,0.0070652852328048936,False
ax4-local-00159,layer_band,late,48066,2.220446049250313e-16,0.0,True
ax4-local-00160,domain,code,32256,1.0,0.010943700396825396,False
ax4-local-00160,domain,conversation,31424,1.0,0.02564918533604888,False
ax4-local-00160,domain,general,32256,1.0,0.03295510912698413,False
ax4-local-00160,domain,math,32240,1.0,0.022456575682382133,False
ax4-local-00160,layer_band,early,40055,1.0,0.06648358507052803,False
ax4-local-00160,layer_band,middle,40055,0.9125500667556743,0.0070652852328048936,False
ax4-local-00160,layer_band,late,48066,2.220446049250313e-16,0.0,True
ax4-local-00161,domain,code,32256,0.7364705882352941,0.0,False
ax4-local-00161,domain,conversation,31424,0.7870967741935484,0.0,False
ax4-local-00161,domain,general,32256,0.7967161845191556,0.0,False
ax4-local-00161,domain,math,32240,0.7804793331017714,0.0,False
ax4-local-00161,layer_band,early,40055,0.809267965077233,0.0,False
ax4-local-00161,layer_band,middle,40055,0.7203134418324292,0.0,False
ax4-local-00161,layer_band,late,48066,2.220446049250313e-16,0.0,True
ax4-local-00162,domain,code,32256,0.43552750225428316,0.0,False
ax4-local-00162,domain,conversation,31424,0.4716417910447761,0.0,False
ax4-local-00162,domain,general,32256,0.47838827838827835,0.0,False
ax4-local-00162,domain,math,32240,0.45481927710843373,0.0,False
ax4-local-00162,layer_band,early,40055,0.5006765899864682,0.0,False
ax4-local-00162,layer_band,middle,40055,0.42275172943889316,0.0,False
ax4-local-00162,layer_band,late,48066,2.220446049250313e-16,0.0,True
ax4-local-00163,domain,code,32256,1.0,0.010943700396825396,False
ax4-local-00163,domain,conversation,31424,1.0,0.02564918533604888,False
ax4-local-00163,domain,general,32256,1.0,0.03295510912698413,False
ax4-local-00163,domain,math,32240,1.0,0.022456575682382133,False
ax4-local-00163,layer_band,early,40055,1.0,0.06648358507052803,False
ax4-local-00163,layer_band,middle,40055,0.9125500667556743,0.0070652852328048936,False
ax4-local-00163,layer_band,late,48066,2.220446049250313e-16,0.0,True
ax4-local-00164,domain,code,32256,0.7364705882352941,0.0,False
ax4-local-00164,domain,conversation,31424,0.7870967741935484,0.0,False
ax4-local-00164,domain,general,32256,0.7967161845191556,0.0,False
ax4-local-00164,domain,math,32240,0.7804793331017714,0.0,False
ax4-local-00164,layer_band,early,40055,0.809267965077233,0.0,False
ax4-local-00164,layer_band,middle,40055,0.7203134418324292,0.0,False
ax4-local-00164,layer_band,late,48066,2.220446049250313e-16,0.0,True
ax4-local-00165,domain,code,32256,0.43552750225428316,0.0,False
ax4-local-00165,domain,conversation,31424,0.4716417910447761,0.0,False
ax4-local-00165,domain,general,32256,0.47838827838827835,0.0,False
ax4-local-00165,domain,math,32240,0.45481927710843373,0.0,False
ax4-local-00165,layer_band,early,40055,0.5006765899864682,0.0,False
ax4-local-00165,layer_band,middle,40055,0.42275172943889316,0.0,False
ax4-local-00165,layer_band,late,48066,2.220446049250313e-16,0.0,True
ax4-local-00166,domain,code,32256,0.12141843971631217,0.0,True
ax4-local-00166,domain,conversation,31424,0.15725359911406422,0.0,True
ax4-local-00166,domain,general,32256,0.15884903429247144,0.0,True
ax4-local-00166,domain,math,32240,0.15117289313640314,0.0,True
ax4-local-00166,layer_band,early,40055,0.17297297297297298,0.0,True
ax4-local-00166,layer_band,middle,40055,0.09533306741124858,0.0,True
ax4-local-00166,layer_band,late,48066,2.220446049250313e-16,0.0,True
ax4-local-00167,domain,code,32256,1.0,0.010943700396825396,False
ax4-local-00167,domain,conversation,31424,1.0,0.02564918533604888,False
ax4-local-00167,domain,general,32256,1.0,0.03295510912698413,False
ax4-local-00167,domain,math,32240,1.0,0.022456575682382133,False
ax4-local-00167,layer_band,early,40055,1.0,0.06648358507052803,False
ax4-local-00167,layer_band,middle,40055,0.9125500667556743,0.0070652852328048936,False
ax4-local-00167,layer_band,late,48066,2.220446049250313e-16,0.0,True
ax4-local-00168,domain,code,32256,0.43552750225428316,0.0,False
ax4-local-00168,domain,conversation,31424,0.4716417910447761,0.0,False
ax4-local-00168,domain,general,32256,0.47838827838827835,0.0,False
ax4-local-00168,domain,math,32240,0.45481927710843373,0.0,False
ax4-local-00168,layer_band,early,40055,0.5006765899864682,0.0,False
ax4-local-00168,layer_band,middle,40055,0.42275172943889316,0.0,False
ax4-local-00168,layer_band,late,48066,2.220446049250313e-16,0.0,True
ax4-local-00169,domain,code,32256,0.12141843971631217,0.0,True
ax4-local-00169,domain,conversation,31424,0.15725359911406422,0.0,True
ax4-local-00169,domain,general,32256,0.15884903429247144,0.0,True
ax4-local-00169,domain,math,32240,0.15117289313640314,0.0,True
ax4-local-00169,layer_band,early,40055,0.17297297297297298,0.0,True
ax4-local-00169,layer_band,middle,40055,0.09533306741124858,0.0,True
ax4-local-00169,layer_band,late,48066,2.220446049250313e-16,0.0,True
ax4-local-00170,domain,code,32256,2.220446049250313e-16,0.0,True
ax4-local-00170,domain,conversation,31424,2.220446049250313e-16,0.0,True
ax4-local-00170,domain,general,32256,2.220446049250313e-16,0.0,True
ax4-local-00170,domain,math,32240,2.220446049250313e-16,0.0,True
ax4-local-00170,layer_band,early,40055,1.1102230246251565e-16,0.0,True
ax4-local-00170,layer_band,middle,40055,2.220446049250313e-16,0.0,True
ax4-local-00170,layer_band,late,48066,2.220446049250313e-16,0.0,True
ax4-local-00171,domain,code,32256,1.0,0.010943700396825396,False
ax4-local-00171,domain,conversation,31424,1.0,0.02564918533604888,False
ax4-local-00171,domain,general,32256,1.0,0.03295510912698413,False
ax4-local-00171,domain,math,32240,1.0,0.022456575682382133,False
ax4-local-00171,layer_band,early,40055,1.0,0.06648358507052803,False
ax4-local-00171,layer_band,middle,40055,0.9125500667556743,0.0070652852328048936,False
ax4-local-00171,layer_band,late,48066,0.08832335329341323,0.0,True
ax4-local-00172,domain,code,32256,1.0,0.010943700396825396,False
ax4-local-00172,domain,conversation,31424,1.0,0.02564918533604888,False
ax4-local-00172,domain,general,32256,1.0,0.03295510912698413,False
ax4-local-00172,domain,math,32240,1.0,0.022456575682382133,False
ax4-local-00172,layer_band,early,40055,1.0,0.06648358507052803,False
ax4-local-00172,layer_band,middle,40055,0.9125500667556743,0.0070652852328048936,False
ax4-local-00172,layer_band,late,48066,0.08832335329341323,0.0,True
ax4-local-00173,domain,code,32256,1.0,0.010943700396825396,False
ax4-local-00173,domain,conversation,31424,1.0,0.02564918533604888,False
ax4-local-00173,domain,general,32256,1.0,0.03295510912698413,False
ax4-local-00173,domain,math,32240,1.0,0.022456575682382133,False
ax4-local-00173,layer_band,early,40055,1.0,0.06648358507052803,False
ax4-local-00173,layer_band,middle,40055,0.9125500667556743,0.0070652852328048936,False
ax4-local-00173,layer_band,late,48066,0.20033021463951572,0.0,False
ax4-local-00174,domain,code,32256,1.0,0.010943700396825396,False
ax4-local-00174,domain,conversation,31424,1.0,0.02564918533604888,False
ax4-local-00174,domain,general,32256,1.0,0.03295510912698413,False
ax4-local-00174,domain,math,32240,1.0,0.022456575682382133,False
ax4-local-00174,layer_band,early,40055,1.0,0.06648358507052803,False
ax4-local-00174,layer_band,middle,40055,0.9125500667556743,0.0070652852328048936,False
ax4-local-00174,layer_band,late,48066,0.5673280678096706,0.0,False
ax4-local-00175,domain,code,32256,1.0,0.010943700396825396,False
ax4-local-00175,domain,conversation,31424,1.0,0.02564918533604888,False
ax4-local-00175,domain,general,32256,1.0,0.03295510912698413,False
ax4-local-00175,domain,math,32240,1.0,0.022456575682382133,False
ax4-local-00175,layer_band,early,40055,1.0,0.06648358507052803,False
ax4-local-00175,layer_band,middle,40055,0.9125500667556743,0.0070652852328048936,False
ax4-local-00175,layer_band,late,48066,0.7024018746338605,0.0,False
ax4-local-00176,domain,code,32256,1.0,0.010943700396825396,False
ax4-local-00176,domain,conversation,31424,1.0,0.02564918533604888,False
ax4-local-00176,domain,general,32256,1.0,0.03295510912698413,False
ax4-local-00176,domain,math,32240,1.0,0.022456575682382133,False
ax4-local-00176,layer_band,early,40055,1.0,0.06648358507052803,False
ax4-local-00176,layer_band,middle,40055,0.921875,0.0070652852328048936,False
ax4-local-00176,layer_band,late,48066,0.9052851909994767,0.0,False
ax4-local-00177,domain,code,32256,1.0,0.010943700396825396,False
ax4-local-00177,domain,conversation,31424,1.0,0.02564918533604888,False
ax4-local-00177,domain,general,32256,1.0,0.03295510912698413,False
ax4-local-00177,domain,math,32240,1.0,0.022456575682382133,False
ax4-local-00177,layer_band,early,40055,1.0,0.06648358507052803,False
ax4-local-00177,layer_band,middle,40055,0.9125500667556743,0.0070652852328048936,False
ax4-local-00177,layer_band,late,48066,0.29501915708812265,0.0,False
ax4-local-00178,domain,code,32256,1.0,0.010943700396825396,False
ax4-local-00178,domain,conversation,31424,1.0,0.02564918533604888,False
ax4-local-00178,domain,general,32256,1.0,0.03295510912698413,False
ax4-local-00178,domain,math,32240,1.0,0.022456575682382133,False
ax4-local-00178,layer_band,early,40055,1.0,0.06648358507052803,False
ax4-local-00178,layer_band,middle,40055,0.9126602564102564,0.0070652852328048936,False
ax4-local-00178,layer_band,late,48066,0.8305631356983378,0.0,False
ax4-local-00179,domain,code,32256,1.0,0.023468501984126984,False
ax4-local-00179,domain,conversation,31424,1.0,0.09966904276985743,False
ax4-local-00179,domain,general,32256,1.0,0.1216827876984127,False
ax4-local-00179,domain,math,32240,1.0,0.07245657568238213,False
ax4-local-00179,layer_band,early,40055,1.0,0.06648358507052803,False
ax4-local-00179,layer_band,middle,40055,1.0,0.05906878042691299,False
ax4-local-00179,layer_band,late,48066,1.0,0.10654100611658969,False
ax4-local-00180,domain,code,32256,1.0,0.023468501984126984,False
ax4-local-00180,domain,conversation,31424,1.0,0.09966904276985743,False
ax4-local-00180,domain,general,32256,1.0,0.1216827876984127,False
ax4-local-00180,domain,math,32240,1.0,0.07245657568238213,False
ax4-local-00180,layer_band,early,40055,1.0,0.06648358507052803,False
ax4-local-00180,layer_band,middle,40055,1.0,0.05906878042691299,False
ax4-local-00180,layer_band,late,48066,1.0,0.10654100611658969,False
ax4-local-00181,domain,code,32256,1.0,0.010943700396825396,False
ax4-local-00181,domain,conversation,31424,1.0,0.02564918533604888,False
ax4-local-00181,domain,general,32256,1.0,0.03295510912698413,False
ax4-local-00181,domain,math,32240,1.0,0.022456575682382133,False
ax4-local-00181,layer_band,early,40055,1.0,0.06648358507052803,False
ax4-local-00181,layer_band,middle,40055,0.9125500667556743,0.0070652852328048936,False
ax4-local-00181,layer_band,late,48066,0.08682634730538918,0.0,True
ax4-local-00182,domain,code,32256,1.0,0.010943700396825396,False
ax4-local-00182,domain,conversation,31424,1.0,0.02564918533604888,False
ax4-local-00182,domain,general,32256,1.0,0.03295510912698413,False
ax4-local-00182,domain,math,32240,1.0,0.022456575682382133,False
ax4-local-00182,layer_band,early,40055,1.0,0.06648358507052803,False
ax4-local-00182,layer_band,middle,40055,0.9125500667556743,0.0070652852328048936,False
ax4-local-00182,layer_band,late,48066,0.08682634730538918,0.0,True
ax4-local-00183,domain,code,32256,1.0,0.010943700396825396,False
ax4-local-00183,domain,conversation,31424,1.0,0.02564918533604888,False
ax4-local-00183,domain,general,32256,1.0,0.03295510912698413,False
ax4-local-00183,domain,math,32240,1.0,0.022456575682382133,False
ax4-local-00183,layer_band,early,40055,1.0,0.06648358507052803,False
ax4-local-00183,layer_band,middle,40055,0.9125500667556743,0.0070652852328048936,False
ax4-local-00183,layer_band,late,48066,0.08682634730538918,0.0,True
ax4-local-00184,domain,code,32256,1.0,0.010943700396825396,False
ax4-local-00184,domain,conversation,31424,1.0,0.02564918533604888,False
ax4-local-00184,domain,general,32256,1.0,0.03295510912698413,False
ax4-local-00184,domain,math,32240,1.0,0.022456575682382133,False
ax4-local-00184,layer_band,early,40055,1.0,0.06648358507052803,False
ax4-local-00184,layer_band,middle,40055,0.9125500667556743,0.0070652852328048936,False
ax4-local-00184,layer_band,late,48066,0.08682634730538918,0.0,True
ax4-local-00185,domain,code,32256,1.0,0.010943700396825396,False
ax4-local-00185,domain,conversation,31424,1.0,0.02564918533604888,False
ax4-local-00185,domain,general,32256,1.0,0.03295510912698413,False
ax4-local-00185,domain,math,32240,1.0,0.022456575682382133,False
ax4-local-00185,layer_band,early,40055,1.0,0.06648358507052803,False
ax4-local-00185,layer_band,middle,40055,0.9125500667556743,0.0070652852328048936,False
ax4-local-00185,layer_band,late,48066,0.1981072555205048,0.0,True
ax4-local-00186,domain,code,32256,1.0,0.010943700396825396,False
ax4-local-00186,domain,conversation,31424,1.0,0.02564918533604888,False
ax4-local-00186,domain,general,32256,1.0,0.03295510912698413,False
ax4-local-00186,domain,math,32240,1.0,0.022456575682382133,False
ax4-local-00186,layer_band,early,40055,1.0,0.06648358507052803,False
ax4-local-00186,layer_band,middle,40055,0.9125500667556743,0.0070652852328048936,False
ax4-local-00186,layer_band,late,48066,0.5608358611391979,0.0,False
ax4-local-00187,domain,code,32256,1.0,0.010943700396825396,False
ax4-local-00187,domain,conversation,31424,1.0,0.02564918533604888,False
ax4-local-00187,domain,general,32256,1.0,0.03295510912698413,False
ax4-local-00187,domain,math,32240,1.0,0.022456575682382133,False
ax4-local-00187,layer_band,early,40055,1.0,0.06648358507052803,False
ax4-local-00187,layer_band,middle,40055,0.9125500667556743,0.0070652852328048936,False
ax4-local-00187,layer_band,late,48066,0.7043178973717146,0.0,False
ax4-local-00188,domain,code,32256,1.0,0.010943700396825396,False
ax4-local-00188,domain,conversation,31424,1.0,0.02564918533604888,False
ax4-local-00188,domain,general,32256,1.0,0.03295510912698413,False
ax4-local-00188,domain,math,32240,1.0,0.022456575682382133,False
ax4-local-00188,layer_band,early,40055,1.0,0.06648358507052803,False
ax4-local-00188,layer_band,middle,40055,0.9228932105083589,0.0070652852328048936,False
ax4-local-00188,layer_band,late,48066,0.9093949528732137,0.0,False
ax4-local-00189,domain,code,32256,1.0,0.012276785714285714,False
ax4-local-00189,domain,conversation,31424,1.0,0.042515274949083505,False
ax4-local-00189,domain,general,32256,1.0,0.04944816468253968,False
ax4-local-00189,domain,math,32240,1.0,0.027822580645161292,False
ax4-local-00189,layer_band,early,40055,1.0,0.06648358507052803,False
ax4-local-00189,layer_band,middle,40055,1.0,0.038971414305330174,False
ax4-local-00189,layer_band,late,48066,0.26117583310755893,0.0,False
ax4-local-00190,domain,code,32256,1.0,0.012276785714285714,False
ax4-local-00190,domain,conversation,31424,1.0,0.042515274949083505,False
ax4-local-00190,domain,general,32256,1.0,0.04944816468253968,False
ax4-local-00190,domain,math,32240,1.0,0.027822580645161292,False
ax4-local-00190,layer_band,early,40055,1.0,0.06648358507052803,False
ax4-local-00190,layer_band,middle,40055,1.0,0.038971414305330174,False
ax4-local-00190,layer_band,late,48066,0.311576685468708,0.0,False
ax4-local-00191,domain,code,32256,1.0,0.012276785714285714,False
ax4-local-00191,domain,conversation,31424,1.0,0.042515274949083505,False
ax4-local-00191,domain,general,32256,1.0,0.04944816468253968,False
ax4-local-00191,domain,math,32240,1.0,0.027822580645161292,False
ax4-local-00191,layer_band,early,40055,1.0,0.06648358507052803,False
ax4-local-00191,layer_band,middle,40055,1.0,0.038971414305330174,False
ax4-local-00191,layer_band,late,48066,0.8275355218030378,0.0,False
ax4-local-00192,domain,code,32256,1.0,0.023468501984126984,False
ax4-local-00192,domain,conversation,31424,1.0,0.09966904276985743,False
ax4-local-00192,domain,general,32256,1.0,0.1216827876984127,False
ax4-local-00192,domain,math,32240,1.0,0.07245657568238213,False
ax4-local-00192,layer_band,early,40055,1.0,0.06648358507052803,False
ax4-local-00192,layer_band,middle,40055,1.0,0.05906878042691299,False
ax4-local-00192,layer_band,late,48066,1.0,0.10654100611658969,False
ax4-local-00193,domain,code,32256,1.0,0.012276785714285714,False
ax4-local-00193,domain,conversation,31424,1.0,0.042515274949083505,False
ax4-local-00193,domain,general,32256,1.0,0.04944816468253968,False
ax4-local-00193,domain,math,32240,1.0,0.027822580645161292,False
ax4-local-00193,layer_band,early,40055,1.0,0.06648358507052803,False
ax4-local-00193,layer_band,middle,40055,1.0,0.038971414305330174,False
ax4-local-00193,layer_band,late,48066,0.09570112589559876,0.0,True
ax4-local-00194,domain,code,32256,1.0,0.012276785714285714,False
ax4-local-00194,domain,conversation,31424,1.0,0.042515274949083505,False
ax4-local-00194,domain,general,32256,1.0,0.04944816468253968,False
ax4-local-00194,domain,math,32240,1.0,0.027822580645161292,False
ax4-local-00194,layer_band,early,40055,1.0,0.06648358507052803,False
ax4-local-00194,layer_band,middle,40055,1.0,0.038971414305330174,False
ax4-local-00194,layer_band,late,48066,0.09570112589559876,0.0,True
ax4-local-00195,domain,code,32256,1.0,0.012276785714285714,False
ax4-local-00195,domain,conversation,31424,1.0,0.042515274949083505,False
ax4-local-00195,domain,general,32256,1.0,0.04944816468253968,False
ax4-local-00195,domain,math,32240,1.0,0.027822580645161292,False
ax4-local-00195,layer_band,early,40055,1.0,0.06648358507052803,False
ax4-local-00195,layer_band,middle,40055,1.0,0.038971414305330174,False
ax4-local-00195,layer_band,late,48066,0.09570112589559876,0.0,True
ax4-local-00196,domain,code,32256,1.0,0.012276785714285714,False
ax4-local-00196,domain,conversation,31424,1.0,0.042515274949083505,False
ax4-local-00196,domain,general,32256,1.0,0.04944816468253968,False
ax4-local-00196,domain,math,32240,1.0,0.027822580645161292,False
ax4-local-00196,layer_band,early,40055,1.0,0.06648358507052803,False
ax4-local-00196,layer_band,middle,40055,1.0,0.038971414305330174,False
ax4-local-00196,layer_band,late,48066,0.09570112589559876,0.0,True
ax4-local-00197,domain,code,32256,1.0,0.012276785714285714,False
ax4-local-00197,domain,conversation,31424,1.0,0.042515274949083505,False
ax4-local-00197,domain,general,32256,1.0,0.04944816468253968,False
ax4-local-00197,domain,math,32240,1.0,0.027822580645161292,False
ax4-local-00197,layer_band,early,40055,1.0,0.06648358507052803,False
ax4-local-00197,layer_band,middle,40055,1.0,0.038971414305330174,False
ax4-local-00197,layer_band,late,48066,0.188421052631579,0.0,True
ax4-local-00198,domain,code,32256,1.0,0.012276785714285714,False
ax4-local-00198,domain,conversation,31424,1.0,0.042515274949083505,False
ax4-local-00198,domain,general,32256,1.0,0.04944816468253968,False
ax4-local-00198,domain,math,32240,1.0,0.027822580645161292,False
ax4-local-00198,layer_band,early,40055,1.0,0.06648358507052803,False
ax4-local-00198,layer_band,middle,40055,1.0,0.038971414305330174,False
ax4-local-00198,layer_band,late,48066,0.2131805157593124,0.0,False
ax4-local-00199,domain,code,32256,1.0,0.012276785714285714,False
ax4-local-00199,domain,conversation,31424,1.0,0.042515274949083505,False
ax4-local-00199,domain,general,32256,1.0,0.04944816468253968,False
ax4-local-00199,domain,math,32240,1.0,0.027822580645161292,False
ax4-local-00199,layer_band,early,40055,1.0,0.06648358507052803,False
ax4-local-00199,layer_band,middle,40055,1.0,0.038971414305330174,False
ax4-local-00199,layer_band,late,48066,0.45199326221224023,0.0,False
ax4-local-00200,domain,code,32256,1.0,0.012276785714285714,False
ax4-local-00200,domain,conversation,31424,1.0,0.042515274949083505,False
ax4-local-00200,domain,general,32256,1.0,0.04944816468253968,False
ax4-local-00200,domain,math,32240,1.0,0.027822580645161292,False
ax4-local-00200,layer_band,early,40055,1.0,0.06648358507052803,False
ax4-local-00200,layer_band,middle,40055,1.0,0.038971414305330174,False
ax4-local-00200,layer_band,late,48066,0.7874132804757186,0.0,False
ax4-local-00201,domain,code,32256,1.0,0.012276785714285714,False
ax4-local-00201,domain,conversation,31424,1.0,0.042515274949083505,False
ax4-local-00201,domain,general,32256,1.0,0.04944816468253968,False
ax4-local-00201,domain,math,32240,1.0,0.027822580645161292,False
ax4-local-00201,layer_band,early,40055,1.0,0.06648358507052803,False
ax4-local-00201,layer_band,middle,40055,1.0,0.038971414305330174,False
ax4-local-00201,layer_band,late,48066,0.22676334871456816,0.0,False
ax4-local-00202,domain,code,32256,1.0,0.012276785714285714,False
ax4-local-00202,domain,conversation,31424,1.0,0.042515274949083505,False
ax4-local-00202,domain,general,32256,1.0,0.04944816468253968,False
ax4-local-00202,domain,math,32240,1.0,0.027822580645161292,False
ax4-local-00202,layer_band,early,40055,1.0,0.06648358507052803,False
ax4-local-00202,layer_band,middle,40055,1.0,0.038971414305330174,False
ax4-local-00202,layer_band,late,48066,0.3042923926901827,0.0,False
ax4-local-00203,domain,code,32256,1.0,0.012276785714285714,False
ax4-local-00203,domain,conversation,31424,1.0,0.042515274949083505,False
ax4-local-00203,domain,general,32256,1.0,0.04944816468253968,False
ax4-local-00203,domain,math,32240,1.0,0.027822580645161292,False
ax4-local-00203,layer_band,early,40055,1.0,0.06648358507052803,False
ax4-local-00203,layer_band,middle,40055,1.0,0.038971414305330174,False
ax4-local-00203,layer_band,late,48066,0.8287852112676056,0.0,False
ax4-local-00204,domain,code,32256,1.0,0.023468501984126984,False
ax4-local-00204,domain,conversation,31424,1.0,0.09966904276985743,False
ax4-local-00204,domain,general,32256,1.0,0.1216827876984127,False
ax4-local-00204,domain,math,32240,1.0,0.07245657568238213,False
ax4-local-00204,layer_band,early,40055,1.0,0.06648358507052803,False
ax4-local-00204,layer_band,middle,40055,1.0,0.05906878042691299,False
ax4-local-00204,layer_band,late,48066,1.0,0.10654100611658969,False
ax4-local-00205,domain,code,32256,1.0,0.012276785714285714,False
ax4-local-00205,domain,conversation,31424,1.0,0.042515274949083505,False
ax4-local-00205,domain,general,32256,1.0,0.04944816468253968,False
ax4-local-00205,domain,math,32240,1.0,0.027822580645161292,False
ax4-local-00205,layer_band,early,40055,1.0,0.06648358507052803,False
ax4-local-00205,layer_band,middle,40055,1.0,0.038971414305330174,False
ax4-local-00205,layer_band,late,48066,0.08628762541806023,0.0,True
ax4-local-00206,domain,code,32256,1.0,0.012276785714285714,False
ax4-local-00206,domain,conversation,31424,1.0,0.042515274949083505,False
ax4-local-00206,domain,general,32256,1.0,0.04944816468253968,False
ax4-local-00206,domain,math,32240,1.0,0.027822580645161292,False
ax4-local-00206,layer_band,early,40055,1.0,0.06648358507052803,False
ax4-local-00206,layer_band,middle,40055,1.0,0.038971414305330174,False
ax4-local-00206,layer_band,late,48066,0.08628762541806023,0.0,True
ax4-local-00207,domain,code,32256,1.0,0.012276785714285714,False
ax4-local-00207,domain,conversation,31424,1.0,0.042515274949083505,False
ax4-local-00207,domain,general,32256,1.0,0.04944816468253968,False
ax4-local-00207,domain,math,32240,1.0,0.027822580645161292,False
ax4-local-00207,layer_band,early,40055,1.0,0.06648358507052803,False
ax4-local-00207,layer_band,middle,40055,1.0,0.038971414305330174,False
ax4-local-00207,layer_band,late,48066,0.08628762541806023,0.0,True
ax4-local-00208,domain,code,32256,1.0,0.012276785714285714,False
ax4-local-00208,domain,conversation,31424,1.0,0.042515274949083505,False
ax4-local-00208,domain,general,32256,1.0,0.04944816468253968,False
ax4-local-00208,domain,math,32240,1.0,0.027822580645161292,False
ax4-local-00208,layer_band,early,40055,1.0,0.06648358507052803,False
ax4-local-00208,layer_band,middle,40055,1.0,0.038971414305330174,False
ax4-local-00208,layer_band,late,48066,0.08628762541806023,0.0,True
ax4-local-00209,domain,code,32256,1.0,0.012276785714285714,False
ax4-local-00209,domain,conversation,31424,1.0,0.042515274949083505,False
ax4-local-00209,domain,general,32256,1.0,0.04944816468253968,False
ax4-local-00209,domain,math,32240,1.0,0.027822580645161292,False
ax4-local-00209,layer_band,early,40055,1.0,0.06648358507052803,False
ax4-local-00209,layer_band,middle,40055,1.0,0.038971414305330174,False
ax4-local-00209,layer_band,late,48066,0.1605351170568562,0.0,True
ax4-local-00210,domain,code,32256,1.0,0.012276785714285714,False
ax4-local-00210,domain,conversation,31424,1.0,0.042515274949083505,False
ax4-local-00210,domain,general,32256,1.0,0.04944816468253968,False
ax4-local-00210,domain,math,32240,1.0,0.027822580645161292,False
ax4-local-00210,layer_band,early,40055,1.0,0.06648358507052803,False
ax4-local-00210,layer_band,middle,40055,1.0,0.038971414305330174,False
ax4-local-00210,layer_band,late,48066,0.19634464751958225,0.0,True
ax4-local-00211,domain,code,32256,1.0,0.012276785714285714,False
ax4-local-00211,domain,conversation,31424,1.0,0.042515274949083505,False
ax4-local-00211,domain,general,32256,1.0,0.04944816468253968,False
ax4-local-00211,domain,math,32240,1.0,0.027822580645161292,False
ax4-local-00211,layer_band,early,40055,1.0,0.06648358507052803,False
ax4-local-00211,layer_band,middle,40055,1.0,0.038971414305330174,False
ax4-local-00211,layer_band,late,48066,0.4508740204942736,0.0,False
ax4-local-00212,domain,code,32256,1.0,0.012276785714285714,False
ax4-local-00212,domain,conversation,31424,1.0,0.042515274949083505,False
ax4-local-00212,domain,general,32256,1.0,0.04944816468253968,False
ax4-local-00212,domain,math,32240,1.0,0.027822580645161292,False
ax4-local-00212,layer_band,early,40055,1.0,0.06648358507052803,False
ax4-local-00212,layer_band,middle,40055,1.0,0.038971414305330174,False
ax4-local-00212,layer_band,late,48066,0.7894441325098259,0.0,False
ax4-local-00213,domain,code,32256,1.0,0.012276785714285714,False
ax4-local-00213,domain,conversation,31424,1.0,0.042515274949083505,False
ax4-local-00213,domain,general,32256,1.0,0.04944816468253968,False
ax4-local-00213,domain,math,32240,1.0,0.027822580645161292,False
ax4-local-00213,layer_band,early,40055,1.0,0.06648358507052803,False
ax4-local-00213,layer_band,middle,40055,1.0,0.038971414305330174,False
ax4-local-00213,layer_band,late,48066,0.05199605717102016,0.0,True
ax4-local-00214,domain,code,32256,1.0,0.012276785714285714,False
ax4-local-00214,domain,conversation,31424,1.0,0.042515274949083505,False
ax4-local-00214,domain,general,32256,1.0,0.04944816468253968,False
ax4-local-00214,domain,math,32240,1.0,0.027822580645161292,False
ax4-local-00214,layer_band,early,40055,1.0,0.06648358507052803,False
ax4-local-00214,layer_band,middle,40055,1.0,0.038971414305330174,False
ax4-local-00214,layer_band,late,48066,0.29640831758034025,0.0,False
ax4-local-00215,domain,code,32256,1.0,0.012276785714285714,False
ax4-local-00215,domain,conversation,31424,1.0,0.042515274949083505,False
ax4-local-00215,domain,general,32256,1.0,0.04944816468253968,False
ax4-local-00215,domain,math,32240,1.0,0.027822580645161292,False
ax4-local-00215,layer_band,early,40055,1.0,0.06648358507052803,False
ax4-local-00215,layer_band,middle,40055,1.0,0.038971414305330174,False
ax4-local-00215,layer_band,late,48066,0.8298039215686275,0.0,False
ax4-local-00216,domain,code,32256,1.0,0.023468501984126984,False
ax4-local-00216,domain,conversation,31424,1.0,0.09966904276985743,False
ax4-local-00216,domain,general,32256,1.0,0.1216827876984127,False
ax4-local-00216,domain,math,32240,1.0,0.07245657568238213,False
ax4-local-00216,layer_band,early,40055,1.0,0.06648358507052803,False
ax4-local-00216,layer_band,middle,40055,1.0,0.05906878042691299,False
ax4-local-00216,layer_band,late,48066,1.0,0.10654100611658969,False
ax4-local-00217,domain,code,32256,1.0,0.012276785714285714,False
ax4-local-00217,domain,conversation,31424,1.0,0.042515274949083505,False
ax4-local-00217,domain,general,32256,1.0,0.04944816468253968,False
ax4-local-00217,domain,math,32240,1.0,0.027822580645161292,False
ax4-local-00217,layer_band,early,40055,1.0,0.06648358507052803,False
ax4-local-00217,layer_band,middle,40055,1.0,0.038971414305330174,False
ax4-local-00217,layer_band,late,48066,0.028963669847647755,0.0,True
ax4-local-00218,domain,code,32256,1.0,0.012276785714285714,False
ax4-local-00218,domain,conversation,31424,1.0,0.042515274949083505,False
ax4-local-00218,domain,general,32256,1.0,0.04944816468253968,False
ax4-local-00218,domain,math,32240,1.0,0.027822580645161292,False
ax4-local-00218,layer_band,early,40055,1.0,0.06648358507052803,False
ax4-local-00218,layer_band,middle,40055,1.0,0.038971414305330174,False
ax4-local-00218,layer_band,late,48066,0.028963669847647755,0.0,True
ax4-local-00219,domain,code,32256,1.0,0.012276785714285714,False
ax4-local-00219,domain,conversation,31424,1.0,0.042515274949083505,False
ax4-local-00219,domain,general,32256,1.0,0.04944816468253968,False
ax4-local-00219,domain,math,32240,1.0,0.027822580645161292,False
ax4-local-00219,layer_band,early,40055,1.0,0.06648358507052803,False
ax4-local-00219,layer_band,middle,40055,1.0,0.038971414305330174,False
ax4-local-00219,layer_band,late,48066,0.028963669847647755,0.0,True
ax4-local-00220,domain,code,32256,1.0,0.012276785714285714,False
ax4-local-00220,domain,conversation,31424,1.0,0.042515274949083505,False
ax4-local-00220,domain,general,32256,1.0,0.04944816468253968,False
ax4-local-00220,domain,math,32240,1.0,0.027822580645161292,False
ax4-local-00220,layer_band,early,40055,1.0,0.06648358507052803,False
ax4-local-00220,layer_band,middle,40055,1.0,0.038971414305330174,False
ax4-local-00220,layer_band,late,48066,0.028963669847647755,0.0,True
ax4-local-00221,domain,code,32256,0.7486590038314176,0.0,False
ax4-local-00221,domain,conversation,31424,0.8189200162403573,0.0,False
ax4-local-00221,domain,general,32256,0.8222554144884242,0.0,False
ax4-local-00221,domain,math,32240,0.7959319773257753,0.0,False
ax4-local-00221,layer_band,early,40055,0.809267965077233,0.0,False
ax4-local-00221,layer_band,middle,40055,0.8287212350713662,0.0,False
ax4-local-00221,layer_band,late,48066,0.028963669847647755,0.0,True
ax4-local-00222,domain,code,32256,1.0,0.012276785714285714,False
ax4-local-00222,domain,conversation,31424,1.0,0.042515274949083505,False
ax4-local-00222,domain,general,32256,1.0,0.04944816468253968,False
ax4-local-00222,domain,math,32240,1.0,0.027822580645161292,False
ax4-local-00222,layer_band,early,40055,1.0,0.06648358507052803,False
ax4-local-00222,layer_band,middle,40055,1.0,0.038971414305330174,False
ax4-local-00222,layer_band,late,48066,0.028963669847647755,0.0,True
ax4-local-00223,domain,code,32256,1.0,0.012276785714285714,False
ax4-local-00223,domain,conversation,31424,1.0,0.042515274949083505,False
ax4-local-00223,domain,general,32256,1.0,0.04944816468253968,False
ax4-local-00223,domain,math,32240,1.0,0.027822580645161292,False
ax4-local-00223,layer_band,early,40055,1.0,0.06648358507052803,False
ax4-local-00223,layer_band,middle,40055,1.0,0.038971414305330174,False
ax4-local-00223,layer_band,late,48066,0.028963669847647755,0.0,True
ax4-local-00224,domain,code,32256,0.7486590038314176,0.0,False
ax4-local-00224,domain,conversation,31424,0.8189200162403573,0.0,False
ax4-local-00224,domain,general,32256,0.8222554144884242,0.0,False
ax4-local-00224,domain,math,32240,0.7959319773257753,0.0,False
ax4-local-00224,layer_band,early,40055,0.809267965077233,0.0,False
ax4-local-00224,layer_band,middle,40055,0.8287212350713662,0.0,False
ax4-local-00224,layer_band,late,48066,0.028963669847647755,0.0,True
ax4-local-00225,domain,code,32256,0.4446572194561471,0.0,False
ax4-local-00225,domain,conversation,31424,0.5150454863540938,0.0,False
ax4-local-00225,domain,general,32256,0.5173201370384469,0.0,False
ax4-local-00225,domain,math,32240,0.47947677041046455,0.0,False
ax4-local-00225,layer_band,early,40055,0.5006765899864682,0.0,False
ax4-local-00225,layer_band,middle,40055,0.528812230497844,0.0,False
ax4-local-00225,layer_band,late,48066,0.028963669847647755,0.0,True
ax4-local-00226,domain,code,32256,1.0,0.012276785714285714,False
ax4-local-00226,domain,conversation,31424,1.0,0.042515274949083505,False
ax4-local-00226,domain,general,32256,1.0,0.04944816468253968,False
ax4-local-00226,domain,math,32240,1.0,0.027822580645161292,False
ax4-local-00226,layer_band,early,40055,1.0,0.06648358507052803,False
ax4-local-00226,layer_band,middle,40055,1.0,0.038971414305330174,False
ax4-local-00226,layer_band,late,48066,0.028963669847647755,0.0,True
ax4-local-00227,domain,code,32256,0.7486590038314176,0.0,False
ax4-local-00227,domain,conversation,31424,0.8189200162403573,0.0,False
ax4-local-00227,domain,general,32256,0.8222554144884242,0.0,False
ax4-local-00227,domain,math,32240,0.7959319773257753,0.0,False
ax4-local-00227,layer_band,early,40055,0.809267965077233,0.0,False
ax4-local-00227,layer_band,middle,40055,0.8287212350713662,0.0,False
ax4-local-00227,layer_band,late,48066,0.028963669847647755,0.0,True
ax4-local-00228,domain,code,32256,0.4446572194561471,0.0,False
ax4-local-00228,domain,conversation,31424,0.5150454863540938,0.0,False
ax4-local-00228,domain,general,32256,0.5173201370384469,0.0,False
ax4-local-00228,domain,math,32240,0.47947677041046455,0.0,False
ax4-local-00228,layer_band,early,40055,0.5006765899864682,0.0,False
ax4-local-00228,layer_band,middle,40055,0.528812230497844,0.0,False
ax4-local-00228,layer_band,late,48066,0.028963669847647755,0.0,True
ax4-local-00229,domain,code,32256,0.1329479768786127,0.0,True
ax4-local-00229,domain,conversation,31424,0.17243610482044658,0.0,True
ax4-local-00229,domain,general,32256,0.17286821705426347,0.0,True
ax4-local-00229,domain,math,32240,0.16035182679296345,0.0,True
ax4-local-00229,layer_band,early,40055,0.17297297297297298,0.0,True
ax4-local-00229,layer_band,middle,40055,0.1777330650570088,0.0,True
ax4-local-00229,layer_band,late,48066,0.028963669847647755,0.0,True
ax4-local-00230,domain,code,32256,1.0,0.012276785714285714,False
ax4-local-00230,domain,conversation,31424,1.0,0.042515274949083505,False
ax4-local-00230,domain,general,32256,1.0,0.04944816468253968,False
ax4-local-00230,domain,math,32240,1.0,0.027822580645161292,False
ax4-local-00230,layer_band,early,40055,1.0,0.06648358507052803,False
ax4-local-00230,layer_band,middle,40055,1.0,0.038971414305330174,False
ax4-local-00230,layer_band,late,48066,0.028963669847647755,0.0,True
ax4-local-00231,domain,code,32256,0.4446572194561471,0.0,False
ax4-local-00231,domain,conversation,31424,0.5150454863540938,0.0,False
ax4-local-00231,domain,general,32256,0.5173201370384469,0.0,False
ax4-local-00231,domain,math,32240,0.47947677041046455,0.0,False
ax4-local-00231,layer_band,early,40055,0.5006765899864682,0.0,False
ax4-local-00231,layer_band,middle,40055,0.528812230497844,0.0,False
ax4-local-00231,layer_band,late,48066,0.028963669847647755,0.0,True
ax4-local-00232,domain,code,32256,0.1329479768786127,0.0,True
ax4-local-00232,domain,conversation,31424,0.17243610482044658,0.0,True
ax4-local-00232,domain,general,32256,0.17286821705426347,0.0,True
ax4-local-00232,domain,math,32240,0.16035182679296345,0.0,True
ax4-local-00232,layer_band,early,40055,0.17297297297297298,0.0,True
ax4-local-00232,layer_band,middle,40055,0.1777330650570088,0.0,True
ax4-local-00232,layer_band,late,48066,0.028963669847647755,0.0,True
ax4-local-00233,domain,code,32256,1.1102230246251565e-16,0.0,True
ax4-local-00233,domain,conversation,31424,2.220446049250313e-16,0.0,True
ax4-local-00233,domain,general,32256,2.220446049250313e-16,0.0,True
ax4-local-00233,domain,math,32240,2.220446049250313e-16,0.0,True
ax4-local-00233,layer_band,early,40055,1.1102230246251565e-16,0.0,True
ax4-local-00233,layer_band,middle,40055,1.1102230246251565e-16,0.0,True
ax4-local-00233,layer_band,late,48066,0.028963669847647755,0.0,True
ax4-local-00234,domain,code,32256,1.0,0.012276785714285714,False
ax4-local-00234,domain,conversation,31424,1.0,0.042515274949083505,False
ax4-local-00234,domain,general,32256,1.0,0.04944816468253968,False
ax4-local-00234,domain,math,32240,1.0,0.027822580645161292,False
ax4-local-00234,layer_band,early,40055,1.0,0.06648358507052803,False
ax4-local-00234,layer_band,middle,40055,1.0,0.038971414305330174,False
ax4-local-00234,layer_band,late,48066,0.028963669847647755,0.0,True
ax4-local-00235,domain,code,32256,1.0,0.012276785714285714,False
ax4-local-00235,domain,conversation,31424,1.0,0.042515274949083505,False
ax4-local-00235,domain,general,32256,1.0,0.04944816468253968,False
ax4-local-00235,domain,math,32240,1.0,0.027822580645161292,False
ax4-local-00235,layer_band,early,40055,1.0,0.06648358507052803,False
ax4-local-00235,layer_band,middle,40055,1.0,0.038971414305330174,False
ax4-local-00235,layer_band,late,48066,0.028963669847647755,0.0,True
ax4-local-00236,domain,code,32256,1.0,0.012276785714285714,False
ax4-local-00236,domain,conversation,31424,1.0,0.042515274949083505,False
ax4-local-00236,domain,general,32256,1.0,0.04944816468253968,False
ax4-local-00236,domain,math,32240,1.0,0.027822580645161292,False
ax4-local-00236,layer_band,early,40055,1.0,0.06648358507052803,False
ax4-local-00236,layer_band,middle,40055,1.0,0.038971414305330174,False
ax4-local-00236,layer_band,late,48066,0.03855265991815637,0.0,True
ax4-local-00237,domain,code,32256,1.0,0.012276785714285714,False
ax4-local-00237,domain,conversation,31424,1.0,0.042515274949083505,False
ax4-local-00237,domain,general,32256,1.0,0.04944816468253968,False
ax4-local-00237,domain,math,32240,1.0,0.027822580645161292,False
ax4-local-00237,layer_band,early,40055,1.0,0.06648358507052803,False
ax4-local-00237,layer_band,middle,40055,1.0,0.038971414305330174,False
ax4-local-00237,layer_band,late,48066,0.18356589147286817,0.0,True
ax4-local-00238,domain,code,32256,1.0,0.012276785714285714,False
ax4-local-00238,domain,conversation,31424,1.0,0.042515274949083505,False
ax4-local-00238,domain,general,32256,1.0,0.04944816468253968,False
ax4-local-00238,domain,math,32240,1.0,0.027822580645161292,False
ax4-local-00238,layer_band,early,40055,1.0,0.06648358507052803,False
ax4-local-00238,layer_band,middle,40055,1.0,0.038971414305330174,False
ax4-local-00238,layer_band,late,48066,0.4539512774806893,0.0,False
ax4-local-00239,domain,code,32256,1.0,0.012276785714285714,False
ax4-local-00239,domain,conversation,31424,1.0,0.042515274949083505,False
ax4-local-00239,domain,general,32256,1.0,0.04944816468253968,False
ax4-local-00239,domain,math,32240,1.0,0.027822580645161292,False
ax4-local-00239,layer_band,early,40055,1.0,0.06648358507052803,False
ax4-local-00239,layer_band,middle,40055,1.0,0.038971414305330174,False
ax4-local-00239,layer_band,late,48066,0.7901104681746449,0.0,False
ax4-local-00240,domain,code,32256,1.0,0.012276785714285714,False
ax4-local-00240,domain,conversation,31424,1.0,0.042515274949083505,False
ax4-local-00240,domain,general,32256,1.0,0.04944816468253968,False
ax4-local-00240,domain,math,32240,1.0,0.027822580645161292,False
ax4-local-00240,layer_band,early,40055,1.0,0.06648358507052803,False
ax4-local-00240,layer_band,middle,40055,1.0,0.038971414305330174,False
ax4-local-00240,layer_band,late,48066,1.1102230246251565e-16,0.0,True
ax4-local-00241,domain,code,32256,1.0,0.012276785714285714,False
ax4-local-00241,domain,conversation,31424,1.0,0.042515274949083505,False
ax4-local-00241,domain,general,32256,1.0,0.04944816468253968,False
ax4-local-00241,domain,math,32240,1.0,0.027822580645161292,False
ax4-local-00241,layer_band,early,40055,1.0,0.06648358507052803,False
ax4-local-00241,layer_band,middle,40055,1.0,0.038971414305330174,False
ax4-local-00241,layer_band,late,48066,0.2950379973178364,0.0,False
ax4-local-00242,domain,code,32256,1.0,0.012276785714285714,False
ax4-local-00242,domain,conversation,31424,1.0,0.042515274949083505,False
ax4-local-00242,domain,general,32256,1.0,0.04944816468253968,False
ax4-local-00242,domain,math,32240,1.0,0.027822580645161292,False
ax4-local-00242,layer_band,early,40055,1.0,0.06648358507052803,False
ax4-local-00242,layer_band,middle,40055,1.0,0.038971414305330174,False
ax4-local-00242,layer_band,late,48066,0.8301886792452831,0.0,False
ax4-local-00243,domain,code,32256,1.0,0.023468501984126984,False
ax4-local-00243,domain,conversation,31424,1.0,0.09966904276985743,False
ax4-local-00243,domain,general,32256,1.0,0.1216827876984127,False
ax4-local-00243,domain,math,32240,1.0,0.07245657568238213,False
ax4-local-00243,layer_band,early,40055,1.0,0.06648358507052803,False
ax4-local-00243,layer_band,middle,40055,1.0,0.05906878042691299,False
ax4-local-00243,layer_band,late,48066,1.0,0.10654100611658969,False
ax4-local-00244,domain,code,32256,1.0,0.012276785714285714,False
ax4-local-00244,domain,conversation,31424,1.0,0.042515274949083505,False
ax4-local-00244,domain,general,32256,1.0,0.04944816468253968,False
ax4-local-00244,domain,math,32240,1.0,0.027822580645161292,False
ax4-local-00244,layer_band,early,40055,1.0,0.06648358507052803,False
ax4-local-00244,layer_band,middle,40055,1.0,0.038971414305330174,False
ax4-local-00244,layer_band,late,48066,1.5265566588595902e-16,0.0,True
ax4-local-00245,domain,code,32256,1.0,0.012276785714285714,False
ax4-local-00245,domain,conversation,31424,1.0,0.042515274949083505,False
ax4-local-00245,domain,general,32256,1.0,0.04944816468253968,False
ax4-local-00245,domain,math,32240,1.0,0.027822580645161292,False
ax4-local-00245,layer_band,early,40055,1.0,0.06648358507052803,False
ax4-local-00245,layer_band,middle,40055,1.0,0.038971414305330174,False
ax4-local-00245,layer_band,late,48066,1.5265566588595902e-16,0.0,True
ax4-local-00246,domain,code,32256,1.0,0.012276785714285714,False
ax4-local-00246,domain,conversation,31424,1.0,0.042515274949083505,False
ax4-local-00246,domain,general,32256,1.0,0.04944816468253968,False
ax4-local-00246,domain,math,32240,1.0,0.027822580645161292,False
ax4-local-00246,layer_band,early,40055,1.0,0.06648358507052803,False
ax4-local-00246,layer_band,middle,40055,1.0,0.038971414305330174,False
ax4-local-00246,layer_band,late,48066,1.5265566588595902e-16,0.0,True
ax4-local-00247,domain,code,32256,1.0,0.012276785714285714,False
ax4-local-00247,domain,conversation,31424,1.0,0.042515274949083505,False
ax4-local-00247,domain,general,32256,1.0,0.04944816468253968,False
ax4-local-00247,domain,math,32240,1.0,0.027822580645161292,False
ax4-local-00247,layer_band,early,40055,1.0,0.06648358507052803,False
ax4-local-00247,layer_band,middle,40055,1.0,0.038971414305330174,False
ax4-local-00247,layer_band,late,48066,1.5265566588595902e-16,0.0,True
ax4-local-00248,domain,code,32256,1.0,0.012276785714285714,False
ax4-local-00248,domain,conversation,31424,1.0,0.042515274949083505,False
ax4-local-00248,domain,general,32256,1.0,0.04944816468253968,False
ax4-local-00248,domain,math,32240,1.0,0.027822580645161292,False
ax4-local-00248,layer_band,early,40055,1.0,0.06648358507052803,False
ax4-local-00248,layer_band,middle,40055,1.0,0.038971414305330174,False
ax4-local-00248,layer_band,late,48066,1.1102230246251565e-16,0.0,True
ax4-local-00249,domain,code,32256,1.0,0.012276785714285714,False
ax4-local-00249,domain,conversation,31424,1.0,0.042515274949083505,False
ax4-local-00249,domain,general,32256,1.0,0.04944816468253968,False
ax4-local-00249,domain,math,32240,1.0,0.027822580645161292,False
ax4-local-00249,layer_band,early,40055,1.0,0.06648358507052803,False
ax4-local-00249,layer_band,middle,40055,1.0,0.038971414305330174,False
ax4-local-00249,layer_band,late,48066,0.17733990147783252,0.0,True
ax4-local-00250,domain,code,32256,1.0,0.012276785714285714,False
ax4-local-00250,domain,conversation,31424,1.0,0.042515274949083505,False
ax4-local-00250,domain,general,32256,1.0,0.04944816468253968,False
ax4-local-00250,domain,math,32240,1.0,0.027822580645161292,False
ax4-local-00250,layer_band,early,40055,1.0,0.06648358507052803,False
ax4-local-00250,layer_band,middle,40055,1.0,0.038971414305330174,False
ax4-local-00250,layer_band,late,48066,0.45494367959949933,0.0,False
ax4-local-00251,domain,code,32256,1.0,0.012276785714285714,False
ax4-local-00251,domain,conversation,31424,1.0,0.042515274949083505,False
ax4-local-00251,domain,general,32256,1.0,0.04944816468253968,False
ax4-local-00251,domain,math,32240,1.0,0.027822580645161292,False
ax4-local-00251,layer_band,early,40055,1.0,0.06648358507052803,False
ax4-local-00251,layer_band,middle,40055,1.0,0.038971414305330174,False
ax4-local-00251,layer_band,late,48066,0.7912186379928315,0.0,False
ax4-local-00252,domain,code,32256,0.8615384615384615,0.0005580357142857143,False
ax4-local-00252,domain,conversation,31424,0.9382276843467011,0.0010819755600814664,False
ax4-local-00252,domain,general,32256,0.9452830188679245,0.0021081349206349205,False
ax4-local-00252,domain,math,32240,0.9332329317269077,0.0005893300248138958,False
ax4-local-00252,layer_band,early,40055,0.9320102903344358,0.0034702284359006364,False
ax4-local-00252,layer_band,middle,40055,0.9225116900467601,0.0,False
ax4-local-00252,layer_band,late,48066,0.9452217216030353,0.0,False
ax4-local-00253,domain,code,32256,0.9121655729429581,0.00496031746031746,False
ax4-local-00253,domain,conversation,31424,1.0,0.025617362525458248,False
ax4-local-00253,domain,general,32256,1.0,0.035280257936507936,False
ax4-local-00253,domain,math,32240,1.0,0.018765508684863524,False
ax4-local-00253,layer_band,early,40055,1.0,0.012932218199975034,False
ax4-local-00253,layer_band,middle,40055,1.0,0.016477343652477845,False
ax4-local-00253,layer_band,late,48066,1.0,0.03183123205592311,False
ax4-local-00254,domain,code,32256,0.9121655729429581,0.00496031746031746,False
ax4-local-00254,domain,conversation,31424,1.0,0.025617362525458248,False
ax4-local-00254,domain,general,32256,1.0,0.035280257936507936,False
ax4-local-00254,domain,math,32240,1.0,0.018765508684863524,False
ax4-local-00254,layer_band,early,40055,1.0,0.012932218199975034,False
ax4-local-00254,layer_band,middle,40055,1.0,0.016477343652477845,False
ax4-local-00254,layer_band,late,48066,1.0,0.03183123205592311,False
ax4-local-00255,domain,code,32256,0.9121655729429581,0.00496031746031746,False
ax4-local-00255,domain,conversation,31424,1.0,0.025617362525458248,False
ax4-local-00255,domain,general,32256,1.0,0.035280257936507936,False
ax4-local-00255,domain,math,32240,1.0,0.018765508684863524,False
ax4-local-00255,layer_band,early,40055,1.0,0.012932218199975034,False
ax4-local-00255,layer_band,middle,40055,1.0,0.016477343652477845,False
ax4-local-00255,layer_band,late,48066,1.0,0.03183123205592311,False
ax4-local-00256,domain,code,32256,0.7898832684824902,0.0005580357142857143,False
ax4-local-00256,domain,conversation,31424,0.8351214003387917,0.0010819755600814664,False
ax4-local-00256,domain,general,32256,0.8498689629352303,0.0021081349206349205,False
ax4-local-00256,domain,math,32240,0.8256942876495823,0.0005893300248138958,False
ax4-local-00256,layer_band,early,40055,0.9110200144682903,0.0034702284359006364,False
ax4-local-00256,layer_band,middle,40055,0.8094565984474241,0.0,False
ax4-local-00256,layer_band,late,48066,0.8083565459610028,0.0,False
ax4-local-00257,domain,code,32256,0.7898832684824902,0.0005580357142857143,False
ax4-local-00257,domain,conversation,31424,0.8351214003387917,0.0010819755600814664,False
ax4-local-00257,domain,general,32256,0.8498689629352303,0.0021081349206349205,False
ax4-local-00257,domain,math,32240,0.8256942876495823,0.0005893300248138958,False
ax4-local-00257,layer_band,early,40055,0.9110200144682903,0.0034702284359006364,False
ax4-local-00257,layer_band,middle,40055,0.8094565984474241,0.0,False
ax4-local-00257,layer_band,late,48066,0.8083565459610028,0.0,False
ax4-local-00258,domain,code,32256,0.7898832684824902,0.0005580357142857143,False
ax4-local-00258,domain,conversation,31424,0.8351214003387917,0.0010819755600814664,False
ax4-local-00258,domain,general,32256,0.8498689629352303,0.0021081349206349205,False
ax4-local-00258,domain,math,32240,0.8256942876495823,0.0005893300248138958,False
ax4-local-00258,layer_band,early,40055,0.9110200144682903,0.0034702284359006364,False
ax4-local-00258,layer_band,middle,40055,0.8094565984474241,0.0,False
ax4-local-00258,layer_band,late,48066,0.8083565459610028,0.0,False
ax4-local-00259,domain,code,32256,0.7898832684824902,0.0005580357142857143,False
ax4-local-00259,domain,conversation,31424,0.8351214003387917,0.0010819755600814664,False
ax4-local-00259,domain,general,32256,0.8498689629352303,0.0021081349206349205,False
ax4-local-00259,domain,math,32240,0.8256942876495823,0.0005893300248138958,False
ax4-local-00259,layer_band,early,40055,0.9110200144682903,0.0034702284359006364,False
ax4-local-00259,layer_band,middle,40055,0.8094565984474241,0.0,False
ax4-local-00259,layer_band,late,48066,0.8083565459610028,0.0,False
ax4-local-00260,domain,code,32256,0.836560805577072,0.0005580357142857143,False
ax4-local-00260,domain,conversation,31424,0.9125780553077609,0.0010819755600814664,False
ax4-local-00260,domain,general,32256,0.9262589928057554,0.0021081349206349205,False
ax4-local-00260,domain,math,32240,0.9008849557522124,0.0005893300248138958,False
ax4-local-00260,layer_band,early,40055,0.9218559218559219,0.0034702284359006364,False
ax4-local-00260,layer_band,middle,40055,0.8690005646527386,0.0,False
ax4-local-00260,layer_band,late,48066,0.911732335461149,0.0,False
ax4-local-00261,domain,code,32256,0.8779576587795765,0.001953125,False
ax4-local-00261,domain,conversation,31424,0.9520117044623263,0.009228615071283097,False
ax4-local-00261,domain,general,32256,1.0,0.013330853174603174,False
ax4-local-00261,domain,math,32240,0.9369404437524329,0.006761786600496278,False
ax4-local-00261,layer_band,early,40055,0.9343843204090329,0.0065659717887904135,False
ax4-local-00261,layer_band,middle,40055,0.9200429299704856,0.005467482211958557,False
ax4-local-00261,layer_band,late,48066,1.0,0.010797653226813132,False
ax4-local-00262,domain,code,32256,0.8922811059907834,0.002449156746031746,False
ax4-local-00262,domain,conversation,31424,1.0,0.013683808553971487,False
ax4-local-00262,domain,general,32256,1.0,0.019128224206349208,False
ax4-local-00262,domain,math,32240,0.9480982567353408,0.009057071960297767,False
ax4-local-00262,layer_band,early,40055,0.9417256011315417,0.008138809137436025,False
ax4-local-00262,layer_band,middle,40055,0.9367549668874172,0.008638122581450506,False
ax4-local-00262,layer_band,late,48066,1.0,0.015520326218116757,False
ax4-local-00263,domain,code,32256,0.9062736205593348,0.0038442460317460315,False
ax4-local-00263,domain,conversation,31424,1.0,0.018489052953156823,False
ax4-local-00263,domain,general,32256,1.0,0.026537698412698412,False
ax4-local-00263,domain,math,32240,1.0,0.014733250620347395,False
ax4-local-00263,layer_band,early,40055,1.0,0.010335788291099738,False
ax4-local-00263,layer_band,middle,40055,1.0,0.012258145050555487,False
ax4-local-00263,layer_band,late,48066,1.0,0.023530146049182375,False
ax4-local-00264,domain,code,32256,0.8615384615384615,0.0005580357142857143,False
ax4-local-00264,domain,conversation,31424,0.9382276843467011,0.0010819755600814664,False
ax4-local-00264,domain,general,32256,0.9452830188679245,0.0021081349206349205,False
ax4-local-00264,domain,math,32240,0.9332329317269077,0.0005893300248138958,False
ax4-local-00264,layer_band,early,40055,0.9320102903344358,0.0034702284359006364,False
ax4-local-00264,layer_band,middle,40055,0.9225116900467601,0.0,False
ax4-local-00264,layer_band,late,48066,0.9452217216030353,0.0,False
ax4-local-00265,domain,code,32256,0.9121655729429581,0.00496031746031746,False
ax4-local-00265,domain,conversation,31424,1.0,0.025617362525458248,False
ax4-local-00265,domain,general,32256,1.0,0.035280257936507936,False
ax4-local-00265,domain,math,32240,1.0,0.018765508684863524,False
ax4-local-00265,layer_band,early,40055,1.0,0.012932218199975034,False
ax4-local-00265,layer_band,middle,40055,1.0,0.016477343652477845,False
ax4-local-00265,layer_band,late,48066,1.0,0.03183123205592311,False
ax4-local-00266,domain,code,32256,0.9121655729429581,0.00496031746031746,False
ax4-local-00266,domain,conversation,31424,1.0,0.025617362525458248,False
ax4-local-00266,domain,general,32256,1.0,0.035280257936507936,False
ax4-local-00266,domain,math,32240,1.0,0.018765508684863524,False
ax4-local-00266,layer_band,early,40055,1.0,0.012932218199975034,False
ax4-local-00266,layer_band,middle,40055,1.0,0.016477343652477845,False
ax4-local-00266,layer_band,late,48066,1.0,0.03183123205592311,False
ax4-local-00267,domain,code,32256,0.9121655729429581,0.00496031746031746,False
ax4-local-00267,domain,conversation,31424,1.0,0.025617362525458248,False
ax4-local-00267,domain,general,32256,1.0,0.035280257936507936,False
ax4-local-00267,domain,math,32240,1.0,0.018765508684863524,False
ax4-local-00267,layer_band,early,40055,1.0,0.012932218199975034,False
ax4-local-00267,layer_band,middle,40055,1.0,0.016477343652477845,False
ax4-local-00267,layer_band,late,48066,1.0,0.03183123205592311,False
ax4-local-00268,domain,code,32256,0.7898832684824902,0.0005580357142857143,False
ax4-local-00268,domain,conversation,31424,0.8351214003387917,0.0010819755600814664,False
ax4-local-00268,domain,general,32256,0.8498689629352303,0.0021081349206349205,False
ax4-local-00268,domain,math,32240,0.8256942876495823,0.0005893300248138958,False
ax4-local-00268,layer_band,early,40055,0.9110200144682903,0.0034702284359006364,False
ax4-local-00268,layer_band,middle,40055,0.8094565984474241,0.0,False
ax4-local-00268,layer_band,late,48066,0.8083565459610028,0.0,False
ax4-local-00269,domain,code,32256,0.7898832684824902,0.0005580357142857143,False
ax4-local-00269,domain,conversation,31424,0.8351214003387917,0.0010819755600814664,False
ax4-local-00269,domain,general,32256,0.8498689629352303,0.0021081349206349205,False
ax4-local-00269,domain,math,32240,0.8256942876495823,0.0005893300248138958,False
ax4-local-00269,layer_band,early,40055,0.9110200144682903,0.0034702284359006364,False
ax4-local-00269,layer_band,middle,40055,0.8094565984474241,0.0,False
ax4-local-00269,layer_band,late,48066,0.8083565459610028,0.0,False
ax4-local-00270,domain,code,32256,0.7898832684824902,0.0005580357142857143,False
ax4-local-00270,domain,conversation,31424,0.8351214003387917,0.0010819755600814664,False
ax4-local-00270,domain,general,32256,0.8498689629352303,0.0021081349206349205,False
ax4-local-00270,domain,math,32240,0.8256942876495823,0.0005893300248138958,False
ax4-local-00270,layer_band,early,40055,0.9110200144682903,0.0034702284359006364,False
ax4-local-00270,layer_band,middle,40055,0.8094565984474241,0.0,False
ax4-local-00270,layer_band,late,48066,0.8083565459610028,0.0,False
ax4-local-00271,domain,code,32256,0.7898832684824902,0.0005580357142857143,False
ax4-local-00271,domain,conversation,31424,0.8351214003387917,0.0010819755600814664,False
ax4-local-00271,domain,general,32256,0.8498689629352303,0.0021081349206349205,False
ax4-local-00271,domain,math,32240,0.8256942876495823,0.0005893300248138958,False
ax4-local-00271,layer_band,early,40055,0.9110200144682903,0.0034702284359006364,False
ax4-local-00271,layer_band,middle,40055,0.8094565984474241,0.0,False
ax4-local-00271,layer_band,late,48066,0.8083565459610028,0.0,False
ax4-local-00272,domain,code,32256,0.8352534562211982,0.0005580357142857143,False
ax4-local-00272,domain,conversation,31424,0.9125780553077609,0.0010819755600814664,False
ax4-local-00272,domain,general,32256,0.9258630447085455,0.0021081349206349205,False
ax4-local-00272,domain,math,32240,0.9008849557522124,0.0005893300248138958,False
ax4-local-00272,layer_band,early,40055,0.9218559218559219,0.0034702284359006364,False
ax4-local-00272,layer_band,middle,40055,0.869623296820732,0.0,False
ax4-local-00272,layer_band,late,48066,0.9115582592419279,0.0,False
ax4-local-00273,domain,code,32256,0.8832857595940374,0.0025111607142857145,False
ax4-local-00273,domain,conversation,31424,0.957372654155496,0.009133146639511201,False
ax4-local-00273,domain,general,32256,1.0,0.012586805555555556,False
ax4-local-00273,domain,math,32240,0.9355365157078743,0.006327543424317618,False
ax4-local-00273,layer_band,early,40055,0.933933933933934,0.006316315066783173,False
ax4-local-00273,layer_band,middle,40055,0.9203821656050956,0.005592310572962177,False
ax4-local-00273,layer_band,late,48066,1.0,0.010423168143802272,False
ax4-local-00274,domain,code,32256,0.8926450433988122,0.0025111607142857145,False
ax4-local-00274,domain,conversation,31424,1.0,0.01374745417515275,False
ax4-local-00274,domain,general,32256,1.0,0.019562251984126984,False
ax4-local-00274,domain,math,32240,0.9529837251356239,0.009429280397022333,False
ax4-local-00274,layer_band,early,40055,0.9431988041853513,0.008463362876045438,False
ax4-local-00274,layer_band,middle,40055,0.9378057302585604,0.009037573336662089,False
ax4-local-00274,layer_band,late,48066,1.0,0.015541130944950693,False
ax4-local-00275,domain,code,32256,0.905634942032893,0.003999255952380952,False
ax4-local-00275,domain,conversation,31424,1.0,0.019634674134419553,False
ax4-local-00275,domain,general,32256,1.0,0.02687872023809524,False
ax4-local-00275,domain,math,32240,1.0,0.014112903225806451,False
ax4-local-00275,layer_band,early,40055,1.0,0.010460616652103358,False
ax4-local-00275,layer_band,middle,40055,1.0,0.012507801772562726,False
ax4-local-00275,layer_band,late,48066,1.0,0.0238838264053593,False
ax4-local-00276,domain,code,32256,0.8615384615384615,0.0005580357142857143,False
ax4-local-00276,domain,conversation,31424,0.9382276843467011,0.0010819755600814664,False
ax4-local-00276,domain,general,32256,0.9452830188679245,0.0021081349206349205,False
ax4-local-00276,domain,math,32240,0.9332329317269077,0.0005893300248138958,False
ax4-local-00276,layer_band,early,40055,0.9320102903344358,0.0034702284359006364,False
ax4-local-00276,layer_band,middle,40055,0.9225116900467601,0.0,False
ax4-local-00276,layer_band,late,48066,0.9452217216030353,0.0,False
ax4-local-00277,domain,code,32256,0.9121655729429581,0.00496031746031746,False
ax4-local-00277,domain,conversation,31424,1.0,0.025617362525458248,False
ax4-local-00277,domain,general,32256,1.0,0.035280257936507936,False
ax4-local-00277,domain,math,32240,1.0,0.018765508684863524,False
ax4-local-00277,layer_band,early,40055,1.0,0.012932218199975034,False
ax4-local-00277,layer_band,middle,40055,1.0,0.016477343652477845,False
ax4-local-00277,layer_band,late,48066,1.0,0.03183123205592311,False
ax4-local-00278,domain,code,32256,0.9121655729429581,0.00496031746031746,False
ax4-local-00278,domain,conversation,31424,1.0,0.025617362525458248,False
ax4-local-00278,domain,general,32256,1.0,0.035280257936507936,False
ax4-local-00278,domain,math,32240,1.0,0.018765508684863524,False
ax4-local-00278,layer_band,early,40055,1.0,0.012932218199975034,False
ax4-local-00278,layer_band,middle,40055,1.0,0.016477343652477845,False
ax4-local-00278,layer_band,late,48066,1.0,0.03183123205592311,False
ax4-local-00279,domain,code,32256,0.9121655729429581,0.00496031746031746,False
ax4-local-00279,domain,conversation,31424,1.0,0.025617362525458248,False
ax4-local-00279,domain,general,32256,1.0,0.035280257936507936,False
ax4-local-00279,domain,math,32240,1.0,0.018765508684863524,False
ax4-local-00279,layer_band,early,40055,1.0,0.012932218199975034,False
ax4-local-00279,layer_band,middle,40055,1.0,0.016477343652477845,False
ax4-local-00279,layer_band,late,48066,1.0,0.03183123205592311,False
ax4-local-00280,domain,code,32256,0.7898832684824902,0.0005580357142857143,False
ax4-local-00280,domain,conversation,31424,0.8351214003387917,0.0010819755600814664,False
ax4-local-00280,domain,general,32256,0.8498689629352303,0.0021081349206349205,False
ax4-local-00280,domain,math,32240,0.8256942876495823,0.0005893300248138958,False
ax4-local-00280,layer_band,early,40055,0.9110200144682903,0.0034702284359006364,False
ax4-local-00280,layer_band,middle,40055,0.8094565984474241,0.0,False
ax4-local-00280,layer_band,late,48066,0.8083565459610028,0.0,False
ax4-local-00281,domain,code,32256,0.7898832684824902,0.0005580357142857143,False
ax4-local-00281,domain,conversation,31424,0.8351214003387917,0.0010819755600814664,False
ax4-local-00281,domain,general,32256,0.8498689629352303,0.0021081349206349205,False
ax4-local-00281,domain,math,32240,0.8256942876495823,0.0005893300248138958,False
ax4-local-00281,layer_band,early,40055,0.9110200144682903,0.0034702284359006364,False
ax4-local-00281,layer_band,middle,40055,0.8094565984474241,0.0,False
ax4-local-00281,layer_band,late,48066,0.8083565459610028,0.0,False
ax4-local-00282,domain,code,32256,0.7898832684824902,0.0005580357142857143,False
ax4-local-00282,domain,conversation,31424,0.8351214003387917,0.0010819755600814664,False
ax4-local-00282,domain,general,32256,0.8498689629352303,0.0021081349206349205,False
ax4-local-00282,domain,math,32240,0.8256942876495823,0.0005893300248138958,False
ax4-local-00282,layer_band,early,40055,0.9110200144682903,0.0034702284359006364,False
ax4-local-00282,layer_band,middle,40055,0.8094565984474241,0.0,False
ax4-local-00282,layer_band,late,48066,0.8083565459610028,0.0,False
ax4-local-00283,domain,code,32256,0.7898832684824902,0.0005580357142857143,False
ax4-local-00283,domain,conversation,31424,0.8351214003387917,0.0010819755600814664,False
ax4-local-00283,domain,general,32256,0.8498689629352303,0.0021081349206349205,False
ax4-local-00283,domain,math,32240,0.8256942876495823,0.0005893300248138958,False
ax4-local-00283,layer_band,early,40055,0.9110200144682903,0.0034702284359006364,False
ax4-local-00283,layer_band,middle,40055,0.8094565984474241,0.0,False
ax4-local-00283,layer_band,late,48066,0.8083565459610028,0.0,False
ax4-local-00284,domain,code,32256,0.587666820064427,0.0,False
ax4-local-00284,domain,conversation,31424,0.6546264225630876,0.0,False
ax4-local-00284,domain,general,32256,0.6684599865501009,0.0,False
ax4-local-00284,domain,math,32240,0.6377864728898825,0.0,False
ax4-local-00284,layer_band,early,40055,0.6610915492957746,0.0,False
ax4-local-00284,layer_band,middle,40055,0.6440191387559808,0.0,False
ax4-local-00284,layer_band,late,48066,0.6420233463035019,0.0,False
ax4-local-00285,domain,code,32256,0.7686790197250448,0.0005580357142857143,False
ax4-local-00285,domain,conversation,31424,0.8051729929459187,0.0010819755600814664,False
ax4-local-00285,domain,general,32256,0.8483943241224794,0.0021081349206349205,False
ax4-local-00285,domain,math,32240,0.7932452276064611,0.0005893300248138958,False
ax4-local-00285,layer_band,early,40055,0.9110200144682903,0.0034702284359006364,False
ax4-local-00285,layer_band,middle,40055,0.494596312778131,0.0,False
ax4-local-00285,layer_band,late,48066,0.4955793392275477,0.0,False
ax4-local-00286,domain,code,32256,0.7686790197250448,0.0005580357142857143,False
ax4-local-00286,domain,conversation,31424,0.8051729929459187,0.0010819755600814664,False
ax4-local-00286,domain,general,32256,0.8483943241224794,0.0021081349206349205,False
ax4-local-00286,domain,math,32240,0.7932452276064611,0.0005893300248138958,False
ax4-local-00286,layer_band,early,40055,0.9110200144682903,0.0034702284359006364,False
ax4-local-00286,layer_band,middle,40055,0.3651969033995288,0.0,False
ax4-local-00286,layer_band,late,48066,0.3642439431913116,0.0,False
ax4-local-00287,domain,code,32256,0.5375651640601042,0.0,False
ax4-local-00287,domain,conversation,31424,0.545673076923077,0.0,False
ax4-local-00287,domain,general,32256,0.574685534591195,0.0,False
ax4-local-00287,domain,math,32240,0.5357262663535727,0.0,False
ax4-local-00287,layer_band,early,40055,0.6566523605150215,0.0,False
ax4-local-00287,layer_band,middle,40055,0.3651969033995288,0.0,False
ax4-local-00287,layer_band,late,48066,0.3642439431913116,0.0,False
ax4-local-00288,domain,code,32256,0.2560279187817259,0.0,False
ax4-local-00288,domain,conversation,31424,0.24577934825284647,0.0,False
ax4-local-00288,domain,general,32256,0.2720909886264217,0.0,False
ax4-local-00288,domain,math,32240,0.24933687002652516,0.0,False
ax4-local-00288,layer_band,early,40055,0.3499156829679595,0.0,False
ax4-local-00288,layer_band,middle,40055,0.15411503018748018,0.0,True
ax4-local-00288,layer_band,late,48066,0.1537342386032977,0.0,True
ax4-local-00289,domain,code,32256,0.7686790197250448,0.0005580357142857143,False
ax4-local-00289,domain,conversation,31424,0.8051729929459187,0.0010819755600814664,False
ax4-local-00289,domain,general,32256,0.8483943241224794,0.0021081349206349205,False
ax4-local-00289,domain,math,32240,0.7932452276064611,0.0005893300248138958,False
ax4-local-00289,layer_band,early,40055,0.9110200144682903,0.0034702284359006364,False
ax4-local-00289,layer_band,middle,40055,0.15411503018748018,0.0,True
ax4-local-00289,layer_band,late,48066,0.1537342386032977,0.0,True
ax4-local-00290,domain,code,32256,0.5375651640601042,0.0,False
ax4-local-00290,domain,conversation,31424,0.545673076923077,0.0,False
ax4-local-00290,domain,general,32256,0.574685534591195,0.0,False
ax4-local-00290,domain,math,32240,0.5357262663535727,0.0,False
ax4-local-00290,layer_band,early,40055,0.6566523605150215,0.0,False
ax4-local-00290,layer_band,middle,40055,0.07970634504457252,0.0,True
ax4-local-00290,layer_band,late,48066,0.07771428571428574,0.0,True
ax4-local-00291,domain,code,32256,0.2560279187817259,0.0,False
ax4-local-00291,domain,conversation,31424,0.24577934825284647,0.0,False
ax4-local-00291,domain,general,32256,0.2720909886264217,0.0,False
ax4-local-00291,domain,math,32240,0.24933687002652516,0.0,False
ax4-local-00291,layer_band,early,40055,0.3499156829679595,0.0,False
ax4-local-00291,layer_band,middle,40055,2.220446049250313e-16,0.0,True
ax4-local-00291,layer_band,late,48066,0.026950354609929228,0.0,True
ax4-local-00292,domain,code,32256,0.06396713615023475,0.0,True
ax4-local-00292,domain,conversation,31424,0.06718266253869987,0.0,True
ax4-local-00292,domain,general,32256,0.07056056448451598,0.0,True
ax4-local-00292,domain,math,32240,0.06758832565284179,0.0,True
ax4-local-00292,layer_band,early,40055,0.0824704142011835,0.0,True
ax4-local-00292,layer_band,middle,40055,2.220446049250313e-16,0.0,True
ax4-local-00292,layer_band,late,48066,0.026950354609929228,0.0,True
ax4-local-00293,domain,code,32256,0.7686790197250448,0.0005580357142857143,False
ax4-local-00293,domain,conversation,31424,0.8051729929459187,0.0010819755600814664,False
ax4-local-00293,domain,general,32256,0.8483943241224794,0.0021081349206349205,False
ax4-local-00293,domain,math,32240,0.7932452276064611,0.0005893300248138958,False
ax4-local-00293,layer_band,early,40055,0.9110200144682903,0.0034702284359006364,False
ax4-local-00293,layer_band,middle,40055,2.220446049250313e-16,0.0,True
ax4-local-00293,layer_band,late,48066,0.026950354609929228,0.0,True
ax4-local-00294,domain,code,32256,0.2560279187817259,0.0,False
ax4-local-00294,domain,conversation,31424,0.24577934825284647,0.0,False
ax4-local-00294,domain,general,32256,0.2720909886264217,0.0,False
ax4-local-00294,domain,math,32240,0.24933687002652516,0.0,False
ax4-local-00294,layer_band,early,40055,0.3499156829679595,0.0,False
ax4-local-00294,layer_band,middle,40055,2.220446049250313e-16,0.0,True
ax4-local-00294,layer_band,late,48066,0.026950354609929228,0.0,True
ax4-local-00295,domain,code,32256,0.06396713615023475,0.0,True
ax4-local-00295,domain,conversation,31424,0.06718266253869987,0.0,True
ax4-local-00295,domain,general,32256,0.07056056448451598,0.0,True
ax4-local-00295,domain,math,32240,0.06758832565284179,0.0,True
ax4-local-00295,layer_band,early,40055,0.0824704142011835,0.0,True
ax4-local-00295,layer_band,middle,40055,2.220446049250313e-16,0.0,True
ax4-local-00295,layer_band,late,48066,0.026950354609929228,0.0,True
ax4-local-00296,domain,code,32256,1.8041124150158794e-16,0.0,True
ax4-local-00296,domain,conversation,31424,2.220446049250313e-16,0.0,True
ax4-local-00296,domain,general,32256,2.220446049250313e-16,0.0,True
ax4-local-00296,domain,math,32240,2.220446049250313e-16,0.0,True
ax4-local-00296,layer_band,early,40055,2.220446049250313e-16,0.0,True
ax4-local-00296,layer_band,middle,40055,2.220446049250313e-16,0.0,True
ax4-local-00296,layer_band,late,48066,0.026950354609929228,0.0,True
ax4-local-00297,domain,code,32256,0.7898832684824902,0.0005580357142857143,False
ax4-local-00297,domain,conversation,31424,0.8351214003387917,0.0010819755600814664,False
ax4-local-00297,domain,general,32256,0.8498689629352303,0.0021081349206349205,False
ax4-local-00297,domain,math,32240,0.8256942876495823,0.0005893300248138958,False
ax4-local-00297,layer_band,early,40055,0.9110200144682903,0.0034702284359006364,False
ax4-local-00297,layer_band,middle,40055,0.8094565984474241,0.0,False
ax4-local-00297,layer_band,late,48066,0.8083565459610028,0.0,False
ax4-local-00298,domain,code,32256,0.7898832684824902,0.0005580357142857143,False
ax4-local-00298,domain,conversation,31424,0.8351214003387917,0.0010819755600814664,False
ax4-local-00298,domain,general,32256,0.8498689629352303,0.0021081349206349205,False
ax4-local-00298,domain,math,32240,0.8256942876495823,0.0005893300248138958,False
ax4-local-00298,layer_band,early,40055,0.9110200144682903,0.0034702284359006364,False
ax4-local-00298,layer_band,middle,40055,0.8094565984474241,0.0,False
ax4-local-00298,layer_band,late,48066,0.8083565459610028,0.0,False
ax4-local-00299,domain,code,32256,0.8352561144439317,0.0005580357142857143,False
ax4-local-00299,domain,conversation,31424,0.9125780553077609,0.0010819755600814664,False
ax4-local-00299,domain,general,32256,0.9258630447085455,0.0021081349206349205,False
ax4-local-00299,domain,math,32240,0.9011226252158895,0.0005893300248138958,False
ax4-local-00299,layer_band,early,40055,0.921822897369396,0.0034702284359006364,False
ax4-local-00299,layer_band,middle,40055,0.8696808510638298,0.0,False
ax4-local-00299,layer_band,late,48066,0.9113584036838066,0.0,False
ax4-local-00300,domain,code,32256,0.8787878787878788,0.001984126984126984,False
ax4-local-00300,domain,conversation,31424,0.9754601226993865,0.009896894093686354,False
ax4-local-00300,domain,general,32256,1.0,0.012710813492063492,False
ax4-local-00300,domain,math,32240,0.9356876256101062,0.006575682382133995,False
ax4-local-00300,layer_band,early,40055,0.9345656192236599,0.006516040444388966,False
ax4-local-00300,layer_band,middle,40055,0.9176319176319176,0.004943203095743353,False
ax4-local-00300,layer_band,late,48066,1.0,0.011192943036657929,False
ax4-local-00301,domain,code,32256,0.8939292861907938,0.002697172619047619,False
ax4-local-00301,domain,conversation,31424,1.0,0.01327011201629328,False
ax4-local-00301,domain,general,32256,1.0,0.018384176587301588,False
ax4-local-00301,domain,math,32240,0.9585437710437711,0.009584367245657569,False
ax4-local-00301,layer_band,early,40055,0.9422011084718923,0.008213706154038198,False
ax4-local-00301,layer_band,middle,40055,0.930793991416309,0.008088877793034577,False
ax4-local-00301,layer_band,late,48066,1.0,0.015665959305954314,False
ax4-local-00302,domain,code,32256,0.9072063178677197,0.004092261904761905,False
ax4-local-00302,domain,conversation,31424,1.0,0.02001654786150713,False
ax4-local-00302,domain,general,32256,1.0,0.026227678571428572,False
ax4-local-00302,domain,math,32240,1.0,0.013833746898263027,False
ax4-local-00302,layer_band,early,40055,1.0,0.010360753963300462,False
ax4-local-00302,layer_band,middle,40055,1.0,0.01215828236175259,False
ax4-local-00302,layer_band,late,48066,1.0,0.023946240585861107,False
ax4-local-00303,domain,code,32256,0.8615384615384615,0.0005580357142857143,False
ax4-local-00303,domain,conversation,31424,0.9382276843467011,0.0010819755600814664,False
ax4-local-00303,domain,general,32256,0.9452830188679245,0.0021081349206349205,False
ax4-local-00303,domain,math,32240,0.9332329317269077,0.0005893300248138958,False
ax4-local-00303,layer_band,early,40055,0.9320102903344358,0.0034702284359006364,False
ax4-local-00303,layer_band,middle,40055,0.9225116900467601,0.0,False
ax4-local-00303,layer_band,late,48066,0.9452217216030353,0.0,False
ax4-local-00304,domain,code,32256,0.9121655729429581,0.00496031746031746,False
ax4-local-00304,domain,conversation,31424,1.0,0.025617362525458248,False
ax4-local-00304,domain,general,32256,1.0,0.035280257936507936,False
ax4-local-00304,domain,math,32240,1.0,0.018765508684863524,False
ax4-local-00304,layer_band,early,40055,1.0,0.012932218199975034,False
ax4-local-00304,layer_band,middle,40055,1.0,0.016477343652477845,False
ax4-local-00304,layer_band,late,48066,1.0,0.03183123205592311,False
ax4-local-00305,domain,code,32256,0.9121655729429581,0.00496031746031746,False
ax4-local-00305,domain,conversation,31424,1.0,0.025617362525458248,False
ax4-local-00305,domain,general,32256,1.0,0.035280257936507936,False
ax4-local-00305,domain,math,32240,1.0,0.018765508684863524,False
ax4-local-00305,layer_band,early,40055,1.0,0.012932218199975034,False
ax4-local-00305,layer_band,middle,40055,1.0,0.016477343652477845,False
ax4-local-00305,layer_band,late,48066,1.0,0.03183123205592311,False
ax4-local-00306,domain,code,32256,0.9121655729429581,0.00496031746031746,False
ax4-local-00306,domain,conversation,31424,1.0,0.025617362525458248,False
ax4-local-00306,domain,general,32256,1.0,0.035280257936507936,False
ax4-local-00306,domain,math,32240,1.0,0.018765508684863524,False
ax4-local-00306,layer_band,early,40055,1.0,0.012932218199975034,False
ax4-local-00306,layer_band,middle,40055,1.0,0.016477343652477845,False
ax4-local-00306,layer_band,late,48066,1.0,0.03183123205592311,False
ax4-local-00307,domain,code,32256,0.7898832684824902,0.0005580357142857143,False
ax4-local-00307,domain,conversation,31424,0.8351214003387917,0.0010819755600814664,False
ax4-local-00307,domain,general,32256,0.8498689629352303,0.0021081349206349205,False
ax4-local-00307,domain,math,32240,0.8256942876495823,0.0005893300248138958,False
ax4-local-00307,layer_band,early,40055,0.9110200144682903,0.0034702284359006364,False
ax4-local-00307,layer_band,middle,40055,0.8094565984474241,0.0,False
ax4-local-00307,layer_band,late,48066,0.8083565459610028,0.0,False
ax4-local-00308,domain,code,32256,0.7898832684824902,0.0005580357142857143,False
ax4-local-00308,domain,conversation,31424,0.8351214003387917,0.0010819755600814664,False
ax4-local-00308,domain,general,32256,0.8498689629352303,0.0021081349206349205,False
ax4-local-00308,domain,math,32240,0.8256942876495823,0.0005893300248138958,False
ax4-local-00308,layer_band,early,40055,0.9110200144682903,0.0034702284359006364,False
ax4-local-00308,layer_band,middle,40055,0.8094565984474241,0.0,False
ax4-local-00308,layer_band,late,48066,0.8083565459610028,0.0,False
ax4-local-00309,domain,code,32256,0.7898832684824902,0.0005580357142857143,False
ax4-local-00309,domain,conversation,31424,0.8351214003387917,0.0010819755600814664,False
ax4-local-00309,domain,general,32256,0.8498689629352303,0.0021081349206349205,False
ax4-local-00309,domain,math,32240,0.8256942876495823,0.0005893300248138958,False
ax4-local-00309,layer_band,early,40055,0.9110200144682903,0.0034702284359006364,False
ax4-local-00309,layer_band,middle,40055,0.8094565984474241,0.0,False
ax4-local-00309,layer_band,late,48066,0.8083565459610028,0.0,False
ax4-local-00310,domain,code,32256,0.7898832684824902,0.0005580357142857143,False
ax4-local-00310,domain,conversation,31424,0.8351214003387917,0.0010819755600814664,False
ax4-local-00310,domain,general,32256,0.8498689629352303,0.0021081349206349205,False
ax4-local-00310,domain,math,32240,0.8256942876495823,0.0005893300248138958,False
ax4-local-00310,layer_band,early,40055,0.9110200144682903,0.0034702284359006364,False
ax4-local-00310,layer_band,middle,40055,0.8094565984474241,0.0,False
ax4-local-00310,layer_band,late,48066,0.8083565459610028,0.0,False
ax4-local-00311,domain,code,32256,0.8352561144439317,0.0005580357142857143,False
ax4-local-00311,domain,conversation,31424,0.912621359223301,0.0010819755600814664,False
ax4-local-00311,domain,general,32256,0.9258630447085455,0.0021081349206349205,False
ax4-local-00311,domain,math,32240,0.9015450952209846,0.0005893300248138958,False
ax4-local-00311,layer_band,early,40055,0.9218299711815562,0.0034702284359006364,False
ax4-local-00311,layer_band,middle,40055,0.8698060941828255,0.0,False
ax4-local-00311,layer_band,late,48066,0.9113584036838066,0.0,False
ax4-local-00312,domain,code,32256,0.8745938921377518,0.001984126984126984,False
ax4-local-00312,domain,conversation,31424,0.9506953223767383,0.008942209775967413,False
ax4-local-00312,domain,general,32256,1.0,0.01298983134920635,False
ax4-local-00312,domain,math,32240,0.9359173126614987,0.006389578163771712,False
ax4-local-00312,layer_band,early,40055,0.936087570621469,0.0070902509050056175,False
ax4-local-00312,layer_band,middle,40055,0.9186046511627907,0.005117962801148421,False
ax4-local-00312,layer_band,late,48066,1.0,0.010007073607123539,False
ax4-local-00313,domain,code,32256,0.8922811059907834,0.0025111607142857145,False
ax4-local-00313,domain,conversation,31424,1.0,0.01304735234215886,False
ax4-local-00313,domain,general,32256,1.0,0.018384176587301588,False
ax4-local-00313,domain,math,32240,0.9567603368341375,0.009646401985111663,False
ax4-local-00313,layer_band,early,40055,0.9419481797310594,0.007964049432030957,False
ax4-local-00313,layer_band,middle,40055,0.9328199681359532,0.00828860317064037,False
ax4-local-00313,layer_band,late,48066,1.0,0.015478716764448883,False
ax4-local-00314,domain,code,32256,0.9067012217697149,0.00390625,False
ax4-local-00314,domain,conversation,31424,1.0,0.019189154786150714,False
ax4-local-00314,domain,general,32256,1.0,0.027405753968253968,False
ax4-local-00314,domain,math,32240,1.0,0.013988833746898263,False
ax4-local-00314,layer_band,early,40055,1.0,0.010810136062913494,False
ax4-local-00314,layer_band,middle,40055,1.0,0.012233179378354763,False
ax4-local-00314,layer_band,late,48066,1.0,0.02373819331752174,False
ax4-local-00315,domain,code,32256,0.8135458167330678,0.0011470734126984127,False
ax4-local-00315,domain,conversation,31424,0.8894366197183099,0.002895875763747454,False
ax4-local-00315,domain,general,32256,0.9174641148325359,0.004402281746031746,False
ax4-local-00315,domain,math,32240,0.899070385126162,0.0026054590570719605,False
ax4-local-00315,layer_band,early,40055,0.9456366237482118,0.008837847959056297,False
ax4-local-00315,layer_band,middle,40055,0.6165020337013365,0.0,False
ax4-local-00315,layer_band,late,48066,0.6973073351903436,0.0,False
ax4-local-00316,domain,code,32256,0.9042081949058693,0.004681299603174603,False
ax4-local-00316,domain,conversation,31424,1.0,0.024408095723014257,False
ax4-local-00316,domain,general,32256,1.0,0.03373015873015873,False
ax4-local-00316,domain,math,32240,1.0,0.017679900744416874,False
ax4-local-00316,layer_band,early,40055,1.0,0.012707527150168518,False
ax4-local-00316,layer_band,middle,40055,1.0,0.015503682436649607,False
ax4-local-00316,layer_band,late,48066,1.0,0.030083635001872427,False
ax4-local-00317,domain,code,32256,0.9121655729429581,0.00496031746031746,False
ax4-local-00317,domain,conversation,31424,1.0,0.025617362525458248,False
ax4-local-00317,domain,general,32256,1.0,0.035280257936507936,False
ax4-local-00317,domain,math,32240,1.0,0.018765508684863524,False
ax4-local-00317,layer_band,early,40055,1.0,0.012932218199975034,False
ax4-local-00317,layer_band,middle,40055,1.0,0.016477343652477845,False
ax4-local-00317,layer_band,late,48066,1.0,0.03183123205592311,False
ax4-local-00318,domain,code,32256,0.9121655729429581,0.00496031746031746,False
ax4-local-00318,domain,conversation,31424,1.0,0.025617362525458248,False
ax4-local-00318,domain,general,32256,1.0,0.035280257936507936,False
ax4-local-00318,domain,math,32240,1.0,0.018765508684863524,False
ax4-local-00318,layer_band,early,40055,1.0,0.012932218199975034,False
ax4-local-00318,layer_band,middle,40055,1.0,0.016477343652477845,False
ax4-local-00318,layer_band,late,48066,1.0,0.03183123205592311,False
ax4-local-00319,domain,code,32256,0.8130755064456722,0.0011470734126984127,False
ax4-local-00319,domain,conversation,31424,0.8870644773728474,0.002895875763747454,False
ax4-local-00319,domain,general,32256,0.9172209903917221,0.004402281746031746,False
ax4-local-00319,domain,math,32240,0.899070385126162,0.0026054590570719605,False
ax4-local-00319,layer_band,early,40055,0.9456366237482118,0.008837847959056297,False
ax4-local-00319,layer_band,middle,40055,0.3651969033995288,0.0,False
ax4-local-00319,layer_band,late,48066,0.3642439431913116,0.0,False
ax4-local-00320,domain,code,32256,0.8130755064456722,0.0011470734126984127,False
ax4-local-00320,domain,conversation,31424,0.8870644773728474,0.002895875763747454,False
ax4-local-00320,domain,general,32256,0.9172209903917221,0.004402281746031746,False
ax4-local-00320,domain,math,32240,0.899070385126162,0.0026054590570719605,False
ax4-local-00320,layer_band,early,40055,0.9456366237482118,0.008837847959056297,False
ax4-local-00320,layer_band,middle,40055,0.3651969033995288,0.0,False
ax4-local-00320,layer_band,late,48066,0.3642439431913116,0.0,False
ax4-local-00321,domain,code,32256,0.8130755064456722,0.0011470734126984127,False
ax4-local-00321,domain,conversation,31424,0.8870644773728474,0.002895875763747454,False
ax4-local-00321,domain,general,32256,0.9172209903917221,0.004402281746031746,False
ax4-local-00321,domain,math,32240,0.899070385126162,0.0026054590570719605,False
ax4-local-00321,layer_band,early,40055,0.9456366237482118,0.008837847959056297,False
ax4-local-00321,layer_band,middle,40055,0.3651969033995288,0.0,False
ax4-local-00321,layer_band,late,48066,0.3642439431913116,0.0,False
ax4-local-00322,domain,code,32256,0.8130755064456722,0.0011470734126984127,False
ax4-local-00322,domain,conversation,31424,0.8870644773728474,0.002895875763747454,False
ax4-local-00322,domain,general,32256,0.9172209903917221,0.004402281746031746,False
ax4-local-00322,domain,math,32240,0.899070385126162,0.0026054590570719605,False
ax4-local-00322,layer_band,early,40055,0.9456366237482118,0.008837847959056297,False
ax4-local-00322,layer_band,middle,40055,0.3651969033995288,0.0,False
ax4-local-00322,layer_band,late,48066,0.3642439431913116,0.0,False
ax4-local-00323,domain,code,32256,0.8134026574234546,0.0011470734126984127,False
ax4-local-00323,domain,conversation,31424,0.8878971795787218,0.002895875763747454,False
ax4-local-00323,domain,general,32256,0.9172209903917221,0.004402281746031746,False
ax4-local-00323,domain,math,32240,0.899070385126162,0.0026054590570719605,False
ax4-local-00323,layer_band,early,40055,0.9456366237482118,0.008837847959056297,False
ax4-local-00323,layer_band,middle,40055,0.4956085319949812,0.0,False
ax4-local-00323,layer_band,late,48066,0.5580110497237569,0.0,False
ax4-local-00324,domain,code,32256,0.8150452488687783,0.0011470734126984127,False
ax4-local-00324,domain,conversation,31424,0.8900232018561485,0.002895875763747454,False
ax4-local-00324,domain,general,32256,0.9172770357604481,0.004402281746031746,False
ax4-local-00324,domain,math,32240,0.8996929375639713,0.0026054590570719605,False
ax4-local-00324,layer_band,early,40055,0.9456366237482118,0.008837847959056297,False
ax4-local-00324,layer_band,middle,40055,0.6836734693877551,0.0,False
ax4-local-00324,layer_band,late,48066,0.7472035794183445,0.0,False
ax4-local-00325,domain,code,32256,0.8215429403202329,0.0011470734126984127,False
ax4-local-00325,domain,conversation,31424,0.8926056338028169,0.002895875763747454,False
ax4-local-00325,domain,general,32256,0.9182172219818261,0.004402281746031746,False
ax4-local-00325,domain,math,32240,0.9002514668901928,0.0026054590570719605,False
ax4-local-00325,layer_band,early,40055,0.9462116830537883,0.008837847959056297,False
ax4-local-00325,layer_band,middle,40055,0.7489056904098687,0.0,False
ax4-local-00325,layer_band,late,48066,0.8013377926421404,0.0,False
ax4-local-00326,domain,code,32256,0.8527149848520159,0.0011470734126984127,False
ax4-local-00326,domain,conversation,31424,0.9219004230393752,0.002895875763747454,False
ax4-local-00326,domain,general,32256,0.9348230912476723,0.004402281746031746,False
ax4-local-00326,domain,math,32240,0.9207169941399518,0.0026054590570719605,False
ax4-local-00326,layer_band,early,40055,0.9464394400486914,0.008837847959056297,False
ax4-local-00326,layer_band,middle,40055,0.8691695108077361,0.0,False
ax4-local-00326,layer_band,late,48066,0.9140290846877673,0.0,False
ax4-local-00327,domain,code,32256,0.8135458167330678,0.0011470734126984127,False
ax4-local-00327,domain,conversation,31424,0.8894366197183099,0.002895875763747454,False
ax4-local-00327,domain,general,32256,0.9174641148325359,0.004402281746031746,False
ax4-local-00327,domain,math,32240,0.899070385126162,0.0026054590570719605,False
ax4-local-00327,layer_band,early,40055,0.9456366237482118,0.008837847959056297,False
ax4-local-00327,layer_band,middle,40055,0.6165020337013365,0.0,False
ax4-local-00327,layer_band,late,48066,0.6973073351903436,0.0,False
ax4-local-00328,domain,code,32256,0.9044715447154471,0.004774305555555556,False
ax4-local-00328,domain,conversation,31424,1.0,0.024853615071283097,False
ax4-local-00328,domain,general,32256,1.0,0.034505208333333336,False
ax4-local-00328,domain,math,32240,1.0,0.01826923076923077,False
ax4-local-00328,layer_band,early,40055,1.0,0.012857321183372862,False
ax4-local-00328,layer_band,middle,40055,1.0,0.01590313319186119,False
ax4-local-00328,layer_band,late,48066,1.0,0.030895019348395957,False
ax4-local-00329,domain,code,32256,0.9121655729429581,0.00496031746031746,False
ax4-local-00329,domain,conversation,31424,1.0,0.025617362525458248,False
ax4-local-00329,domain,general,32256,1.0,0.035280257936507936,False
ax4-local-00329,domain,math,32240,1.0,0.018765508684863524,False
ax4-local-00329,layer_band,early,40055,1.0,0.012932218199975034,False
ax4-local-00329,layer_band,middle,40055,1.0,0.016477343652477845,False
ax4-local-00329,layer_band,late,48066,1.0,0.03183123205592311,False
ax4-local-00330,domain,code,32256,0.9121655729429581,0.00496031746031746,False
ax4-local-00330,domain,conversation,31424,1.0,0.025617362525458248,False
ax4-local-00330,domain,general,32256,1.0,0.035280257936507936,False
ax4-local-00330,domain,math,32240,1.0,0.018765508684863524,False
ax4-local-00330,layer_band,early,40055,1.0,0.012932218199975034,False
ax4-local-00330,layer_band,middle,40055,1.0,0.016477343652477845,False
ax4-local-00330,layer_band,late,48066,1.0,0.03183123205592311,False
ax4-local-00331,domain,code,32256,0.8130755064456722,0.0011470734126984127,False
ax4-local-00331,domain,conversation,31424,0.8870644773728474,0.002895875763747454,False
ax4-local-00331,domain,general,32256,0.9172209903917221,0.004402281746031746,False
ax4-local-00331,domain,math,32240,0.899070385126162,0.0026054590570719605,False
ax4-local-00331,layer_band,early,40055,0.9456366237482118,0.008837847959056297,False
ax4-local-00331,layer_band,middle,40055,0.3651969033995288,0.0,False
ax4-local-00331,layer_band,late,48066,0.3642439431913116,0.0,False
ax4-local-00332,domain,code,32256,0.8130755064456722,0.0011470734126984127,False
ax4-local-00332,domain,conversation,31424,0.8870644773728474,0.002895875763747454,False
ax4-local-00332,domain,general,32256,0.9172209903917221,0.004402281746031746,False
ax4-local-00332,domain,math,32240,0.899070385126162,0.0026054590570719605,False
ax4-local-00332,layer_band,early,40055,0.9456366237482118,0.008837847959056297,False
ax4-local-00332,layer_band,middle,40055,0.3651969033995288,0.0,False
ax4-local-00332,layer_band,late,48066,0.3642439431913116,0.0,False
ax4-local-00333,domain,code,32256,0.8130755064456722,0.0011470734126984127,False
ax4-local-00333,domain,conversation,31424,0.8870644773728474,0.002895875763747454,False
ax4-local-00333,domain,general,32256,0.9172209903917221,0.004402281746031746,False
ax4-local-00333,domain,math,32240,0.899070385126162,0.0026054590570719605,False
ax4-local-00333,layer_band,early,40055,0.9456366237482118,0.008837847959056297,False
ax4-local-00333,layer_band,middle,40055,0.3651969033995288,0.0,False
ax4-local-00333,layer_band,late,48066,0.3642439431913116,0.0,False
ax4-local-00334,domain,code,32256,0.8130755064456722,0.0011470734126984127,False
ax4-local-00334,domain,conversation,31424,0.8870644773728474,0.002895875763747454,False
ax4-local-00334,domain,general,32256,0.9172209903917221,0.004402281746031746,False
ax4-local-00334,domain,math,32240,0.899070385126162,0.0026054590570719605,False
ax4-local-00334,layer_band,early,40055,0.9456366237482118,0.008837847959056297,False
ax4-local-00334,layer_band,middle,40055,0.3651969033995288,0.0,False
ax4-local-00334,layer_band,late,48066,0.3642439431913116,0.0,False
ax4-local-00335,domain,code,32256,0.8134026574234546,0.0011470734126984127,False
ax4-local-00335,domain,conversation,31424,0.8878971795787218,0.002895875763747454,False
ax4-local-00335,domain,general,32256,0.9172209903917221,0.004402281746031746,False
ax4-local-00335,domain,math,32240,0.899070385126162,0.0026054590570719605,False
ax4-local-00335,layer_band,early,40055,0.9456366237482118,0.008837847959056297,False
ax4-local-00335,layer_band,middle,40055,0.49596557288864984,0.0,False
ax4-local-00335,layer_band,late,48066,0.5581675708257987,0.0,False
ax4-local-00336,domain,code,32256,0.8159217877094972,0.0011470734126984127,False
ax4-local-00336,domain,conversation,31424,0.8913649025069638,0.002895875763747454,False
ax4-local-00336,domain,general,32256,0.9174641148325359,0.004402281746031746,False
ax4-local-00336,domain,math,32240,0.8995456839979808,0.0026054590570719605,False
ax4-local-00336,layer_band,early,40055,0.9462116830537883,0.008837847959056297,False
ax4-local-00336,layer_band,middle,40055,0.6826210826210827,0.0,False
ax4-local-00336,layer_band,late,48066,0.7458524532297918,0.0,False
ax4-local-00337,domain,code,32256,0.8215429403202329,0.0011470734126984127,False
ax4-local-00337,domain,conversation,31424,0.8926056338028169,0.002895875763747454,False
ax4-local-00337,domain,general,32256,0.9182172219818261,0.004402281746031746,False
ax4-local-00337,domain,math,32240,0.8996929375639713,0.0026054590570719605,False
ax4-local-00337,layer_band,early,40055,0.9462116830537883,0.008837847959056297,False
ax4-local-00337,layer_band,middle,40055,0.7493206521739131,0.0,False
ax4-local-00337,layer_band,late,48066,0.8017913897717422,0.0,False
ax4-local-00338,domain,code,32256,0.8528459046737622,0.0011470734126984127,False
ax4-local-00338,domain,conversation,31424,0.9221359989477838,0.002895875763747454,False
ax4-local-00338,domain,general,32256,0.935242434103482,0.004402281746031746,False
ax4-local-00338,domain,math,32240,0.92,0.0026054590570719605,False
ax4-local-00338,layer_band,early,40055,0.946443996544774,0.008837847959056297,False
ax4-local-00338,layer_band,middle,40055,0.8689986282578875,0.0,False
ax4-local-00338,layer_band,late,48066,0.9146919431279621,0.0,False
ax4-local-00339,domain,code,32256,0.8135458167330678,0.0011470734126984127,False
ax4-local-00339,domain,conversation,31424,0.8894366197183099,0.002895875763747454,False
ax4-local-00339,domain,general,32256,0.9174641148325359,0.004402281746031746,False
ax4-local-00339,domain,math,32240,0.899070385126162,0.0026054590570719605,False
ax4-local-00339,layer_band,early,40055,0.9456366237482118,0.008837847959056297,False
ax4-local-00339,layer_band,middle,40055,0.6165020337013365,0.0,False
ax4-local-00339,layer_band,late,48066,0.6973073351903436,0.0,False
ax4-local-00340,domain,code,32256,0.9063055062166963,0.00496031746031746,False
ax4-local-00340,domain,conversation,31424,1.0,0.025458248472505093,False
ax4-local-00340,domain,general,32256,1.0,0.035187251984126984,False
ax4-local-00340,domain,math,32240,1.0,0.018610421836228287,False
ax4-local-00340,layer_band,early,40055,1.0,0.012932218199975034,False
ax4-local-00340,layer_band,middle,40055,1.0,0.016402446635875673,False
ax4-local-00340,layer_band,late,48066,1.0,0.03162318478758374,False
ax4-local-00341,domain,code,32256,0.9121655729429581,0.00496031746031746,False
ax4-local-00341,domain,conversation,31424,1.0,0.025617362525458248,False
ax4-local-00341,domain,general,32256,1.0,0.035280257936507936,False
ax4-local-00341,domain,math,32240,1.0,0.018765508684863524,False
ax4-local-00341,layer_band,early,40055,1.0,0.012932218199975034,False
ax4-local-00341,layer_band,middle,40055,1.0,0.016477343652477845,False
ax4-local-00341,layer_band,late,48066,1.0,0.03183123205592311,False
ax4-local-00342,domain,code,32256,0.9121655729429581,0.00496031746031746,False
ax4-local-00342,domain,conversation,31424,1.0,0.025617362525458248,False
ax4-local-00342,domain,general,32256,1.0,0.035280257936507936,False
ax4-local-00342,domain,math,32240,1.0,0.018765508684863524,False
ax4-local-00342,layer_band,early,40055,1.0,0.012932218199975034,False
ax4-local-00342,layer_band,middle,40055,1.0,0.016477343652477845,False
ax4-local-00342,layer_band,late,48066,1.0,0.03183123205592311,False
ax4-local-00343,domain,code,32256,0.8130755064456722,0.0011470734126984127,False
ax4-local-00343,domain,conversation,31424,0.8870644773728474,0.002895875763747454,False
ax4-local-00343,domain,general,32256,0.9172209903917221,0.004402281746031746,False
ax4-local-00343,domain,math,32240,0.899070385126162,0.0026054590570719605,False
ax4-local-00343,layer_band,early,40055,0.9456366237482118,0.008837847959056297,False
ax4-local-00343,layer_band,middle,40055,0.3651969033995288,0.0,False
ax4-local-00343,layer_band,late,48066,0.3642439431913116,0.0,False
ax4-local-00344,domain,code,32256,0.8130755064456722,0.0011470734126984127,False
ax4-local-00344,domain,conversation,31424,0.8870644773728474,0.002895875763747454,False
ax4-local-00344,domain,general,32256,0.9172209903917221,0.004402281746031746,False
ax4-local-00344,domain,math,32240,0.899070385126162,0.0026054590570719605,False
ax4-local-00344,layer_band,early,40055,0.9456366237482118,0.008837847959056297,False
ax4-local-00344,layer_band,middle,40055,0.494596312778131,0.0,False
ax4-local-00344,layer_band,late,48066,0.4955793392275477,0.0,False
ax4-local-00345,domain,code,32256,0.8130755064456722,0.0011470734126984127,False
ax4-local-00345,domain,conversation,31424,0.8870644773728474,0.002895875763747454,False
ax4-local-00345,domain,general,32256,0.9172209903917221,0.004402281746031746,False
ax4-local-00345,domain,math,32240,0.899070385126162,0.0026054590570719605,False
ax4-local-00345,layer_band,early,40055,0.9456366237482118,0.008837847959056297,False
ax4-local-00345,layer_band,middle,40055,0.494596312778131,0.0,False
ax4-local-00345,layer_band,late,48066,0.4955793392275477,0.0,False
ax4-local-00346,domain,code,32256,0.8130755064456722,0.0011470734126984127,False
ax4-local-00346,domain,conversation,31424,0.8870644773728474,0.002895875763747454,False
ax4-local-00346,domain,general,32256,0.9172209903917221,0.004402281746031746,False
ax4-local-00346,domain,math,32240,0.899070385126162,0.0026054590570719605,False
ax4-local-00346,layer_band,early,40055,0.9456366237482118,0.008837847959056297,False
ax4-local-00346,layer_band,middle,40055,0.3651969033995288,0.0,False
ax4-local-00346,layer_band,late,48066,0.3642439431913116,0.0,False
ax4-local-00347,domain,code,32256,0.5938202247191011,0.0,False
ax4-local-00347,domain,conversation,31424,0.641170431211499,0.0,False
ax4-local-00347,domain,general,32256,0.6657210401891253,0.0,False
ax4-local-00347,domain,math,32240,0.6533882783882783,0.0,False
ax4-local-00347,layer_band,early,40055,0.7147982062780269,0.0,False
ax4-local-00347,layer_band,middle,40055,0.3651969033995288,0.0,False
ax4-local-00347,layer_band,late,48066,0.3642439431913116,0.0,False
ax4-local-00348,domain,code,32256,0.8130755064456722,0.0011470734126984127,False
ax4-local-00348,domain,conversation,31424,0.8870644773728474,0.002895875763747454,False
ax4-local-00348,domain,general,32256,0.9172209903917221,0.004402281746031746,False
ax4-local-00348,domain,math,32240,0.899070385126162,0.0026054590570719605,False
ax4-local-00348,layer_band,early,40055,0.9456366237482118,0.008837847959056297,False
ax4-local-00348,layer_band,middle,40055,2.220446049250313e-16,0.0,True
ax4-local-00348,layer_band,late,48066,2.220446049250313e-16,0.0,True
ax4-local-00349,domain,code,32256,0.8130755064456722,0.0011470734126984127,False
ax4-local-00349,domain,conversation,31424,0.8870644773728474,0.002895875763747454,False
ax4-local-00349,domain,general,32256,0.9172209903917221,0.004402281746031746,False
ax4-local-00349,domain,math,32240,0.899070385126162,0.0026054590570719605,False
ax4-local-00349,layer_band,early,40055,0.9456366237482118,0.008837847959056297,False
ax4-local-00349,layer_band,middle,40055,2.220446049250313e-16,0.0,True
ax4-local-00349,layer_band,late,48066,2.220446049250313e-16,0.0,True
ax4-local-00350,domain,code,32256,0.5938202247191011,0.0,False
ax4-local-00350,domain,conversation,31424,0.641170431211499,0.0,False
ax4-local-00350,domain,general,32256,0.6657210401891253,0.0,False
ax4-local-00350,domain,math,32240,0.6533882783882783,0.0,False
ax4-local-00350,layer_band,early,40055,0.7147982062780269,0.0,False
ax4-local-00350,layer_band,middle,40055,2.220446049250313e-16,0.0,True
ax4-local-00350,layer_band,late,48066,2.220446049250313e-16,0.0,True
ax4-local-00351,domain,code,32256,0.3072568193515184,0.0,False
ax4-local-00351,domain,conversation,31424,0.32892416225749566,0.0,False
ax4-local-00351,domain,general,32256,0.3542234332425068,0.0,False
ax4-local-00351,domain,math,32240,0.3497782705099779,0.0,False
ax4-local-00351,layer_band,early,40055,0.4049715173485241,0.0,False
ax4-local-00351,layer_band,middle,40055,2.220446049250313e-16,0.0,True
ax4-local-00351,layer_band,late,48066,2.220446049250313e-16,0.0,True
ax4-local-00352,domain,code,32256,0.8130755064456722,0.0011470734126984127,False
ax4-local-00352,domain,conversation,31424,0.8870644773728474,0.002895875763747454,False
ax4-local-00352,domain,general,32256,0.9172209903917221,0.004402281746031746,False
ax4-local-00352,domain,math,32240,0.899070385126162,0.0026054590570719605,False
ax4-local-00352,layer_band,early,40055,0.9456366237482118,0.008837847959056297,False
ax4-local-00352,layer_band,middle,40055,2.220446049250313e-16,0.0,True
ax4-local-00352,layer_band,late,48066,2.220446049250313e-16,0.0,True
ax4-local-00353,domain,code,32256,0.5938202247191011,0.0,False
ax4-local-00353,domain,conversation,31424,0.641170431211499,0.0,False
ax4-local-00353,domain,general,32256,0.6657210401891253,0.0,False
ax4-local-00353,domain,math,32240,0.6533882783882783,0.0,False
ax4-local-00353,layer_band,early,40055,0.7147982062780269,0.0,False
ax4-local-00353,layer_band,middle,40055,2.220446049250313e-16,0.0,True
ax4-local-00353,layer_band,late,48066,2.220446049250313e-16,0.0,True
ax4-local-00354,domain,code,32256,0.3072568193515184,0.0,False
ax4-local-00354,domain,conversation,31424,0.32892416225749566,0.0,False
ax4-local-00354,domain,general,32256,0.3542234332425068,0.0,False
ax4-local-00354,domain,math,32240,0.3497782705099779,0.0,False
ax4-local-00354,layer_band,early,40055,0.4049715173485241,0.0,False
ax4-local-00354,layer_band,middle,40055,2.220446049250313e-16,0.0,True
ax4-local-00354,layer_band,late,48066,2.220446049250313e-16,0.0,True
ax4-local-00355,domain,code,32256,0.07157057654075549,0.0,True
ax4-local-00355,domain,conversation,31424,0.07768413338219127,0.0,True
ax4-local-00355,domain,general,32256,0.08225616921269102,0.0,True
ax4-local-00355,domain,math,32240,0.08357211079274118,0.0,True
ax4-local-00355,layer_band,early,40055,0.09842223891810675,0.0,True
ax4-local-00355,layer_band,middle,40055,2.220446049250313e-16,0.0,True
ax4-local-00355,layer_band,late,48066,2.220446049250313e-16,0.0,True
ax4-local-00356,domain,code,32256,0.8130755064456722,0.0011470734126984127,False
ax4-local-00356,domain,conversation,31424,0.8870644773728474,0.002895875763747454,False
ax4-local-00356,domain,general,32256,0.9172209903917221,0.004402281746031746,False
ax4-local-00356,domain,math,32240,0.899070385126162,0.0026054590570719605,False
ax4-local-00356,layer_band,early,40055,0.9456366237482118,0.008837847959056297,False
ax4-local-00356,layer_band,middle,40055,2.220446049250313e-16,0.0,True
ax4-local-00356,layer_band,late,48066,2.220446049250313e-16,0.0,True
ax4-local-00357,domain,code,32256,0.3072568193515184,0.0,False
ax4-local-00357,domain,conversation,31424,0.32892416225749566,0.0,False
ax4-local-00357,domain,general,32256,0.3542234332425068,0.0,False
ax4-local-00357,domain,math,32240,0.3497782705099779,0.0,False
ax4-local-00357,layer_band,early,40055,0.4049715173485241,0.0,False
ax4-local-00357,layer_band,middle,40055,2.220446049250313e-16,0.0,True
ax4-local-00357,layer_band,late,48066,2.220446049250313e-16,0.0,True
ax4-local-00358,domain,code,32256,0.07157057654075549,0.0,True
ax4-local-00358,domain,conversation,31424,0.07768413338219127,0.0,True
ax4-local-00358,domain,general,32256,0.08225616921269102,0.0,True
ax4-local-00358,domain,math,32240,0.08357211079274118,0.0,True
ax4-local-00358,layer_band,early,40055,0.09842223891810675,0.0,True
ax4-local-00358,layer_band,middle,40055,2.220446049250313e-16,0.0,True
ax4-local-00358,layer_band,late,48066,2.220446049250313e-16,0.0,True
ax4-local-00359,domain,code,32256,1.6653345369377348e-16,0.0,True
ax4-local-00359,domain,conversation,31424,2.220446049250313e-16,0.0,True
ax4-local-00359,domain,general,32256,2.220446049250313e-16,0.0,True
ax4-local-00359,domain,math,32240,2.220446049250313e-16,0.0,True
ax4-local-00359,layer_band,early,40055,1.1102230246251565e-16,0.0,True
ax4-local-00359,layer_band,middle,40055,2.220446049250313e-16,0.0,True
ax4-local-00359,layer_band,late,48066,2.220446049250313e-16,0.0,True
ax4-local-00360,domain,code,32256,0.8130755064456722,0.0011470734126984127,False
ax4-local-00360,domain,conversation,31424,0.8870644773728474,0.002895875763747454,False
ax4-local-00360,domain,general,32256,0.9172209903917221,0.004402281746031746,False
ax4-local-00360,domain,math,32240,0.899070385126162,0.0026054590570719605,False
ax4-local-00360,layer_band,early,40055,0.9456366237482118,0.008837847959056297,False
ax4-local-00360,layer_band,middle,40055,0.3651969033995288,0.0,False
ax4-local-00360,layer_band,late,48066,0.3642439431913116,0.0,False
ax4-local-00361,domain,code,32256,0.8130755064456722,0.0011470734126984127,False
ax4-local-00361,domain,conversation,31424,0.8870644773728474,0.002895875763747454,False
ax4-local-00361,domain,general,32256,0.9172209903917221,0.004402281746031746,False
ax4-local-00361,domain,math,32240,0.899070385126162,0.0026054590570719605,False
ax4-local-00361,layer_band,early,40055,0.9456366237482118,0.008837847959056297,False
ax4-local-00361,layer_band,middle,40055,0.3651969033995288,0.0,False
ax4-local-00361,layer_band,late,48066,0.3642439431913116,0.0,False
ax4-local-00362,domain,code,32256,0.8134026574234546,0.0011470734126984127,False
ax4-local-00362,domain,conversation,31424,0.8878971795787218,0.002895875763747454,False
ax4-local-00362,domain,general,32256,0.9172209903917221,0.004402281746031746,False
ax4-local-00362,domain,math,32240,0.899070385126162,0.0026054590570719605,False
ax4-local-00362,layer_band,early,40055,0.9456366237482118,0.008837847959056297,False
ax4-local-00362,layer_band,middle,40055,0.4956085319949812,0.0,False
ax4-local-00362,layer_band,late,48066,0.5581745235707122,0.0,False
ax4-local-00363,domain,code,32256,0.8167408231368187,0.0011470734126984127,False
ax4-local-00363,domain,conversation,31424,0.8900232018561485,0.002895875763747454,False
ax4-local-00363,domain,general,32256,0.9174757281553398,0.004402281746031746,False
ax4-local-00363,domain,math,32240,0.8995456839979808,0.0026054590570719605,False
ax4-local-00363,layer_band,early,40055,0.9456366237482118,0.008837847959056297,False
ax4-local-00363,layer_band,middle,40055,0.6814386640976237,0.0,False
ax4-local-00363,layer_band,late,48066,0.7426570266606416,0.0,False
ax4-local-00364,domain,code,32256,0.8218417399352151,0.0011470734126984127,False
ax4-local-00364,domain,conversation,31424,0.8922452660054103,0.002895875763747454,False
ax4-local-00364,domain,general,32256,0.9184210526315789,0.004402281746031746,False
ax4-local-00364,domain,math,32240,0.8996929375639713,0.0026054590570719605,False
ax4-local-00364,layer_band,early,40055,0.9462116830537883,0.008837847959056297,False
ax4-local-00364,layer_band,middle,40055,0.7493206521739131,0.0,False
ax4-local-00364,layer_band,late,48066,0.8010886822408709,0.0,False
ax4-local-00365,domain,code,32256,0.8524661719773025,0.0011470734126984127,False
ax4-local-00365,domain,conversation,31424,0.9222474460839954,0.002895875763747454,False
ax4-local-00365,domain,general,32256,0.9348230912476723,0.004402281746031746,False
ax4-local-00365,domain,math,32240,0.92,0.0026054590570719605,False
ax4-local-00365,layer_band,early,40055,0.946443996544774,0.008837847959056297,False
ax4-local-00365,layer_band,middle,40055,0.8678343949044586,0.0,False
ax4-local-00365,layer_band,late,48066,0.9145431145431145,0.0,False
ax4-local-00366,domain,code,32256,0.8135458167330678,0.0011470734126984127,False
ax4-local-00366,domain,conversation,31424,0.8894366197183099,0.002895875763747454,False
ax4-local-00366,domain,general,32256,0.9174641148325359,0.004402281746031746,False
ax4-local-00366,domain,math,32240,0.899070385126162,0.0026054590570719605,False
ax4-local-00366,layer_band,early,40055,0.9456366237482118,0.008837847959056297,False
ax4-local-00366,layer_band,middle,40055,0.6165020337013365,0.0,False
ax4-local-00366,layer_band,late,48066,0.6973073351903436,0.0,False
ax4-local-00367,domain,code,32256,0.9028978139298424,0.00496031746031746,False
ax4-local-00367,domain,conversation,31424,1.0,0.025617362525458248,False
ax4-local-00367,domain,general,32256,1.0,0.03515625,False
ax4-local-00367,domain,math,32240,1.0,0.018734491315136475,False
ax4-local-00367,layer_band,early,40055,1.0,0.012932218199975034,False
ax4-local-00367,layer_band,middle,40055,1.0,0.01645237798027712,False
ax4-local-00367,layer_band,late,48066,1.0,0.031748013148587356,False
ax4-local-00368,domain,code,32256,0.9121655729429581,0.00496031746031746,False
ax4-local-00368,domain,conversation,31424,1.0,0.025617362525458248,False
ax4-local-00368,domain,general,32256,1.0,0.035280257936507936,False
ax4-local-00368,domain,math,32240,1.0,0.018765508684863524,False
ax4-local-00368,layer_band,early,40055,1.0,0.012932218199975034,False
ax4-local-00368,layer_band,middle,40055,1.0,0.016477343652477845,False
ax4-local-00368,layer_band,late,48066,1.0,0.03183123205592311,False
ax4-local-00369,domain,code,32256,0.9121655729429581,0.00496031746031746,False
ax4-local-00369,domain,conversation,31424,1.0,0.025617362525458248,False
ax4-local-00369,domain,general,32256,1.0,0.035280257936507936,False
ax4-local-00369,domain,math,32240,1.0,0.018765508684863524,False
ax4-local-00369,layer_band,early,40055,1.0,0.012932218199975034,False
ax4-local-00369,layer_band,middle,40055,1.0,0.016477343652477845,False
ax4-local-00369,layer_band,late,48066,1.0,0.03183123205592311,False
ax4-local-00370,domain,code,32256,0.8130755064456722,0.0011470734126984127,False
ax4-local-00370,domain,conversation,31424,0.8870644773728474,0.002895875763747454,False
ax4-local-00370,domain,general,32256,0.9172209903917221,0.004402281746031746,False
ax4-local-00370,domain,math,32240,0.899070385126162,0.0026054590570719605,False
ax4-local-00370,layer_band,early,40055,0.9456366237482118,0.008837847959056297,False
ax4-local-00370,layer_band,middle,40055,0.3651969033995288,0.0,False
ax4-local-00370,layer_band,late,48066,0.3642439431913116,0.0,False
ax4-local-00371,domain,code,32256,0.8130755064456722,0.0011470734126984127,False
ax4-local-00371,domain,conversation,31424,0.8870644773728474,0.002895875763747454,False
ax4-local-00371,domain,general,32256,0.9172209903917221,0.004402281746031746,False
ax4-local-00371,domain,math,32240,0.899070385126162,0.0026054590570719605,False
ax4-local-00371,layer_band,early,40055,0.9456366237482118,0.008837847959056297,False
ax4-local-00371,layer_band,middle,40055,0.3651969033995288,0.0,False
ax4-local-00371,layer_band,late,48066,0.3642439431913116,0.0,False
ax4-local-00372,domain,code,32256,0.8130755064456722,0.0011470734126984127,False
ax4-local-00372,domain,conversation,31424,0.8870644773728474,0.002895875763747454,False
ax4-local-00372,domain,general,32256,0.9172209903917221,0.004402281746031746,False
ax4-local-00372,domain,math,32240,0.899070385126162,0.0026054590570719605,False
ax4-local-00372,layer_band,early,40055,0.9456366237482118,0.008837847959056297,False
ax4-local-00372,layer_band,middle,40055,0.3651969033995288,0.0,False
ax4-local-00372,layer_band,late,48066,0.3642439431913116,0.0,False
ax4-local-00373,domain,code,32256,0.8130755064456722,0.0011470734126984127,False
ax4-local-00373,domain,conversation,31424,0.8870644773728474,0.002895875763747454,False
ax4-local-00373,domain,general,32256,0.9172209903917221,0.004402281746031746,False
ax4-local-00373,domain,math,32240,0.899070385126162,0.0026054590570719605,False
ax4-local-00373,layer_band,early,40055,0.9456366237482118,0.008837847959056297,False
ax4-local-00373,layer_band,middle,40055,0.3651969033995288,0.0,False
ax4-local-00373,layer_band,late,48066,0.3642439431913116,0.0,False
ax4-local-00374,domain,code,32256,0.8134026574234546,0.0011470734126984127,False
ax4-local-00374,domain,conversation,31424,0.8878971795787218,0.002895875763747454,False
ax4-local-00374,domain,general,32256,0.9172209903917221,0.004402281746031746,False
ax4-local-00374,domain,math,32240,0.899070385126162,0.0026054590570719605,False
ax4-local-00374,layer_band,early,40055,0.9456366237482118,0.008837847959056297,False
ax4-local-00374,layer_band,middle,40055,0.49631640170608765,0.0,False
ax4-local-00374,layer_band,late,48066,0.558125,0.0,False
ax4-local-00375,domain,code,32256,0.8150452488687783,0.0011470734126984127,False
ax4-local-00375,domain,conversation,31424,0.8899544473747303,0.002895875763747454,False
ax4-local-00375,domain,general,32256,0.9181494661921709,0.004402281746031746,False
ax4-local-00375,domain,math,32240,0.8996929375639713,0.0026054590570719605,False
ax4-local-00375,layer_band,early,40055,0.9456366237482118,0.008837847959056297,False
ax4-local-00375,layer_band,middle,40055,0.6825842696629213,0.0,False
ax4-local-00375,layer_band,late,48066,0.7412639405204461,0.0,False
ax4-local-00376,domain,code,32256,0.8218417399352151,0.0011470734126984127,False
ax4-local-00376,domain,conversation,31424,0.8922452660054103,0.002895875763747454,False
ax4-local-00376,domain,general,32256,0.9184210526315789,0.004402281746031746,False
ax4-local-00376,domain,math,32240,0.8996929375639713,0.0026054590570719605,False
ax4-local-00376,layer_band,early,40055,0.9462116830537883,0.008837847959056297,False
ax4-local-00376,layer_band,middle,40055,0.7494212962962963,0.0,False
ax4-local-00376,layer_band,late,48066,0.8009259259259259,0.0,False
ax4-local-00377,domain,code,32256,0.8524661719773025,0.0011470734126984127,False
ax4-local-00377,domain,conversation,31424,0.9223412394797246,0.002895875763747454,False
ax4-local-00377,domain,general,32256,0.9348230912476723,0.004402281746031746,False
ax4-local-00377,domain,math,32240,0.9199697999244998,0.0026054590570719605,False
ax4-local-00377,layer_band,early,40055,0.946443996544774,0.008837847959056297,False
ax4-local-00377,layer_band,middle,40055,0.8679977814753189,0.0,False
ax4-local-00377,layer_band,late,48066,0.9143228039809607,0.0,False
ax4-local-00378,domain,code,32256,0.8314296967309964,0.0016121031746031745,False
ax4-local-00378,domain,conversation,31424,0.9183417085427136,0.004996181262729125,False
ax4-local-00378,domain,general,32256,0.9367184539598332,0.007502480158730159,False
ax4-local-00378,domain,math,32240,0.916991426344505,0.0038461538461538464,False
ax4-local-00378,layer_band,early,40055,1.0,0.012932218199975034,False
ax4-local-00378,layer_band,middle,40055,0.7760855476344783,0.0014230433154412683,False
ax4-local-00378,layer_band,late,48066,0.27792624265098875,0.0,False
ax4-local-00379,domain,code,32256,0.8353322528363047,0.0016121031746031745,False
ax4-local-00379,domain,conversation,31424,0.9189463019250254,0.004996181262729125,False
ax4-local-00379,domain,general,32256,0.937570093457944,0.007502480158730159,False
ax4-local-00379,domain,math,32240,0.9171062547098718,0.0038461538461538464,False
ax4-local-00379,layer_band,early,40055,1.0,0.012932218199975034,False
ax4-local-00379,layer_band,middle,40055,0.7906694940926992,0.0014230433154412683,False
ax4-local-00379,layer_band,late,48066,0.7951659156083573,0.0,False
ax4-local-00380,domain,code,32256,0.9110816191108162,0.00496031746031746,False
ax4-local-00380,domain,conversation,31424,1.0,0.025617362525458248,False
ax4-local-00380,domain,general,32256,1.0,0.035280257936507936,False
ax4-local-00380,domain,math,32240,1.0,0.018765508684863524,False
ax4-local-00380,layer_band,early,40055,1.0,0.012932218199975034,False
ax4-local-00380,layer_band,middle,40055,1.0,0.016477343652477845,False
ax4-local-00380,layer_band,late,48066,1.0,0.03183123205592311,False
ax4-local-00381,domain,code,32256,0.9121655729429581,0.00496031746031746,False
ax4-local-00381,domain,conversation,31424,1.0,0.025617362525458248,False
ax4-local-00381,domain,general,32256,1.0,0.035280257936507936,False
ax4-local-00381,domain,math,32240,1.0,0.018765508684863524,False
ax4-local-00381,layer_band,early,40055,1.0,0.012932218199975034,False
ax4-local-00381,layer_band,middle,40055,1.0,0.016477343652477845,False
ax4-local-00381,layer_band,late,48066,1.0,0.03183123205592311,False
ax4-local-00382,domain,code,32256,0.8314296967309964,0.0016121031746031745,False
ax4-local-00382,domain,conversation,31424,0.9183417085427136,0.004996181262729125,False
ax4-local-00382,domain,general,32256,0.9367184539598332,0.007502480158730159,False
ax4-local-00382,domain,math,32240,0.916991426344505,0.0038461538461538464,False
ax4-local-00382,layer_band,early,40055,1.0,0.012932218199975034,False
ax4-local-00382,layer_band,middle,40055,0.7760855476344783,0.0014230433154412683,False
ax4-local-00382,layer_band,late,48066,0.10469314079422376,0.0,True
ax4-local-00383,domain,code,32256,0.8314296967309964,0.0016121031746031745,False
ax4-local-00383,domain,conversation,31424,0.9183417085427136,0.004996181262729125,False
ax4-local-00383,domain,general,32256,0.9367184539598332,0.007502480158730159,False
ax4-local-00383,domain,math,32240,0.916991426344505,0.0038461538461538464,False
ax4-local-00383,layer_band,early,40055,1.0,0.012932218199975034,False
ax4-local-00383,layer_band,middle,40055,0.7760855476344783,0.0014230433154412683,False
ax4-local-00383,layer_band,late,48066,0.10469314079422376,0.0,True
ax4-local-00384,domain,code,32256,0.8314296967309964,0.0016121031746031745,False
ax4-local-00384,domain,conversation,31424,0.9183417085427136,0.004996181262729125,False
ax4-local-00384,domain,general,32256,0.9367184539598332,0.007502480158730159,False
ax4-local-00384,domain,math,32240,0.916991426344505,0.0038461538461538464,False
ax4-local-00384,layer_band,early,40055,1.0,0.012932218199975034,False
ax4-local-00384,layer_band,middle,40055,0.7760855476344783,0.0014230433154412683,False
ax4-local-00384,layer_band,late,48066,0.10469314079422376,0.0,True
ax4-local-00385,domain,code,32256,0.8314296967309964,0.0016121031746031745,False
ax4-local-00385,domain,conversation,31424,0.9183417085427136,0.004996181262729125,False
ax4-local-00385,domain,general,32256,0.9367184539598332,0.007502480158730159,False
ax4-local-00385,domain,math,32240,0.916991426344505,0.0038461538461538464,False
ax4-local-00385,layer_band,early,40055,1.0,0.012932218199975034,False
ax4-local-00385,layer_band,middle,40055,0.7760855476344783,0.0014230433154412683,False
ax4-local-00385,layer_band,late,48066,0.10469314079422376,0.0,True
ax4-local-00386,domain,code,32256,0.8314296967309964,0.0016121031746031745,False
ax4-local-00386,domain,conversation,31424,0.9183417085427136,0.004996181262729125,False
ax4-local-00386,domain,general,32256,0.9367184539598332,0.007502480158730159,False
ax4-local-00386,domain,math,32240,0.916991426344505,0.0038461538461538464,False
ax4-local-00386,layer_band,early,40055,1.0,0.012932218199975034,False
ax4-local-00386,layer_band,middle,40055,0.7760855476344783,0.0014230433154412683,False
ax4-local-00386,layer_band,late,48066,0.19650544441630802,0.0,True
ax4-local-00387,domain,code,32256,0.8314296967309964,0.0016121031746031745,False
ax4-local-00387,domain,conversation,31424,0.9183583406884378,0.004996181262729125,False
ax4-local-00387,domain,general,32256,0.9367184539598332,0.007502480158730159,False
ax4-local-00387,domain,math,32240,0.916991426344505,0.0038461538461538464,False
ax4-local-00387,layer_band,early,40055,1.0,0.012932218199975034,False
ax4-local-00387,layer_band,middle,40055,0.7760855476344783,0.0014230433154412683,False
ax4-local-00387,layer_band,late,48066,0.497920997920998,0.0,False
ax4-local-00388,domain,code,32256,0.8314296967309964,0.0016121031746031745,False
ax4-local-00388,domain,conversation,31424,0.9183583406884378,0.004996181262729125,False
ax4-local-00388,domain,general,32256,0.9367555303460011,0.007502480158730159,False
ax4-local-00388,domain,math,32240,0.916991426344505,0.0038461538461538464,False
ax4-local-00388,layer_band,early,40055,1.0,0.012932218199975034,False
ax4-local-00388,layer_band,middle,40055,0.7761437908496732,0.0014230433154412683,False
ax4-local-00388,layer_band,late,48066,0.6376999567661047,0.0,False
ax4-local-00389,domain,code,32256,0.8449920508744038,0.0016121031746031745,False
ax4-local-00389,domain,conversation,31424,0.9223412394797246,0.004996181262729125,False
ax4-local-00389,domain,general,32256,0.9392983839180133,0.007502480158730159,False
ax4-local-00389,domain,math,32240,0.9198599093531108,0.0038461538461538464,False
ax4-local-00389,layer_band,early,40055,1.0,0.012932218199975034,False
ax4-local-00389,layer_band,middle,40055,0.8374264960221377,0.0014230433154412683,False
ax4-local-00389,layer_band,late,48066,0.8438343834383438,0.0,False
ax4-local-00390,domain,code,32256,0.8314296967309964,0.0016121031746031745,False
ax4-local-00390,domain,conversation,31424,0.9183417085427136,0.004996181262729125,False
ax4-local-00390,domain,general,32256,0.9367184539598332,0.007502480158730159,False
ax4-local-00390,domain,math,32240,0.916991426344505,0.0038461538461538464,False
ax4-local-00390,layer_band,early,40055,1.0,0.012932218199975034,False
ax4-local-00390,layer_band,middle,40055,0.7760855476344783,0.0014230433154412683,False
ax4-local-00390,layer_band,late,48066,0.26208766380478987,0.0,False
ax4-local-00391,domain,code,32256,0.8352703385548257,0.0016121031746031745,False
ax4-local-00391,domain,conversation,31424,0.9189463019250254,0.004996181262729125,False
ax4-local-00391,domain,general,32256,0.9376428338230492,0.007502480158730159,False
ax4-local-00391,domain,math,32240,0.9171062547098718,0.0038461538461538464,False
ax4-local-00391,layer_band,early,40055,1.0,0.012932218199975034,False
ax4-local-00391,layer_band,middle,40055,0.7922920892494929,0.0014230433154412683,False
ax4-local-00391,layer_band,late,48066,0.7955016277005031,0.0,False
ax4-local-00392,domain,code,32256,0.9111801242236025,0.00496031746031746,False
ax4-local-00392,domain,conversation,31424,1.0,0.025617362525458248,False
ax4-local-00392,domain,general,32256,1.0,0.035280257936507936,False
ax4-local-00392,domain,math,32240,1.0,0.018765508684863524,False
ax4-local-00392,layer_band,early,40055,1.0,0.012932218199975034,False
ax4-local-00392,layer_band,middle,40055,1.0,0.016477343652477845,False
ax4-local-00392,layer_band,late,48066,1.0,0.03183123205592311,False
ax4-local-00393,domain,code,32256,0.9121655729429581,0.00496031746031746,False
ax4-local-00393,domain,conversation,31424,1.0,0.025617362525458248,False
ax4-local-00393,domain,general,32256,1.0,0.035280257936507936,False
ax4-local-00393,domain,math,32240,1.0,0.018765508684863524,False
ax4-local-00393,layer_band,early,40055,1.0,0.012932218199975034,False
ax4-local-00393,layer_band,middle,40055,1.0,0.016477343652477845,False
ax4-local-00393,layer_band,late,48066,1.0,0.03183123205592311,False
ax4-local-00394,domain,code,32256,0.8314296967309964,0.0016121031746031745,False
ax4-local-00394,domain,conversation,31424,0.9183417085427136,0.004996181262729125,False
ax4-local-00394,domain,general,32256,0.9367184539598332,0.007502480158730159,False
ax4-local-00394,domain,math,32240,0.916991426344505,0.0038461538461538464,False
ax4-local-00394,layer_band,early,40055,1.0,0.012932218199975034,False
ax4-local-00394,layer_band,middle,40055,0.7760855476344783,0.0014230433154412683,False
ax4-local-00394,layer_band,late,48066,0.0929221035982602,0.0,True
ax4-local-00395,domain,code,32256,0.8314296967309964,0.0016121031746031745,False
ax4-local-00395,domain,conversation,31424,0.9183417085427136,0.004996181262729125,False
ax4-local-00395,domain,general,32256,0.9367184539598332,0.007502480158730159,False
ax4-local-00395,domain,math,32240,0.916991426344505,0.0038461538461538464,False
ax4-local-00395,layer_band,early,40055,1.0,0.012932218199975034,False
ax4-local-00395,layer_band,middle,40055,0.7760855476344783,0.0014230433154412683,False
ax4-local-00395,layer_band,late,48066,0.0929221035982602,0.0,True
ax4-local-00396,domain,code,32256,0.8314296967309964,0.0016121031746031745,False
ax4-local-00396,domain,conversation,31424,0.9183417085427136,0.004996181262729125,False
ax4-local-00396,domain,general,32256,0.9367184539598332,0.007502480158730159,False
ax4-local-00396,domain,math,32240,0.916991426344505,0.0038461538461538464,False
ax4-local-00396,layer_band,early,40055,1.0,0.012932218199975034,False
ax4-local-00396,layer_band,middle,40055,0.7760855476344783,0.0014230433154412683,False
ax4-local-00396,layer_band,late,48066,0.0929221035982602,0.0,True
ax4-local-00397,domain,code,32256,0.8314296967309964,0.0016121031746031745,False
ax4-local-00397,domain,conversation,31424,0.9183417085427136,0.004996181262729125,False
ax4-local-00397,domain,general,32256,0.9367184539598332,0.007502480158730159,False
ax4-local-00397,domain,math,32240,0.916991426344505,0.0038461538461538464,False
ax4-local-00397,layer_band,early,40055,1.0,0.012932218199975034,False
ax4-local-00397,layer_band,middle,40055,0.7760855476344783,0.0014230433154412683,False
ax4-local-00397,layer_band,late,48066,0.0929221035982602,0.0,True
ax4-local-00398,domain,code,32256,0.8314296967309964,0.0016121031746031745,False
ax4-local-00398,domain,conversation,31424,0.9183417085427136,0.004996181262729125,False
ax4-local-00398,domain,general,32256,0.9367184539598332,0.007502480158730159,False
ax4-local-00398,domain,math,32240,0.916991426344505,0.0038461538461538464,False
ax4-local-00398,layer_band,early,40055,1.0,0.012932218199975034,False
ax4-local-00398,layer_band,middle,40055,0.7760855476344783,0.0014230433154412683,False
ax4-local-00398,layer_band,late,48066,0.17910447761194026,0.0,True
ax4-local-00399,domain,code,32256,0.8314296967309964,0.0016121031746031745,False
ax4-local-00399,domain,conversation,31424,0.9183583406884378,0.004996181262729125,False
ax4-local-00399,domain,general,32256,0.9367184539598332,0.007502480158730159,False
ax4-local-00399,domain,math,32240,0.916991426344505,0.0038461538461538464,False
ax4-local-00399,layer_band,early,40055,1.0,0.012932218199975034,False
ax4-local-00399,layer_band,middle,40055,0.7760855476344783,0.0014230433154412683,False
ax4-local-00399,layer_band,late,48066,0.4926331696259917,0.0,False
ax4-local-00400,domain,code,32256,0.8314296967309964,0.0016121031746031745,False
ax4-local-00400,domain,conversation,31424,0.9183583406884378,0.004996181262729125,False
ax4-local-00400,domain,general,32256,0.9367555303460011,0.007502480158730159,False
ax4-local-00400,domain,math,32240,0.916991426344505,0.0038461538461538464,False
ax4-local-00400,layer_band,early,40055,1.0,0.012932218199975034,False
ax4-local-00400,layer_band,middle,40055,0.7760855476344783,0.0014230433154412683,False
ax4-local-00400,layer_band,late,48066,0.6398021530404423,0.0,False
ax4-local-00401,domain,code,32256,0.8427845131012905,0.0016121031746031745,False
ax4-local-00401,domain,conversation,31424,0.921923076923077,0.004996181262729125,False
ax4-local-00401,domain,general,32256,0.9390500210172341,0.007502480158730159,False
ax4-local-00401,domain,math,32240,0.9215270413573701,0.0038461538461538464,False
ax4-local-00401,layer_band,early,40055,1.0,0.012932218199975034,False
ax4-local-00401,layer_band,middle,40055,0.836046511627907,0.0014230433154412683,False
ax4-local-00401,layer_band,late,48066,0.8427601809954751,0.0,False
ax4-local-00402,domain,code,32256,0.8314296967309964,0.0016121031746031745,False
ax4-local-00402,domain,conversation,31424,0.9183417085427136,0.004996181262729125,False
ax4-local-00402,domain,general,32256,0.9367184539598332,0.007502480158730159,False
ax4-local-00402,domain,math,32240,0.916991426344505,0.0038461538461538464,False
ax4-local-00402,layer_band,early,40055,1.0,0.012932218199975034,False
ax4-local-00402,layer_band,middle,40055,0.7760855476344783,0.0014230433154412683,False
ax4-local-00402,layer_band,late,48066,0.24145299145299148,0.0,False
ax4-local-00403,domain,code,32256,0.8353322528363047,0.0016121031746031745,False
ax4-local-00403,domain,conversation,31424,0.9189463019250254,0.004996181262729125,False
ax4-local-00403,domain,general,32256,0.9376428338230492,0.007502480158730159,False
ax4-local-00403,domain,math,32240,0.9171062547098718,0.0038461538461538464,False
ax4-local-00403,layer_band,early,40055,1.0,0.012932218199975034,False
ax4-local-00403,layer_band,middle,40055,0.7922920892494929,0.0014230433154412683,False
ax4-local-00403,layer_band,late,48066,0.7960666951688755,0.0,False
ax4-local-00404,domain,code,32256,0.9116945107398569,0.00496031746031746,False
ax4-local-00404,domain,conversation,31424,1.0,0.025617362525458248,False
ax4-local-00404,domain,general,32256,1.0,0.035280257936507936,False
ax4-local-00404,domain,math,32240,1.0,0.018765508684863524,False
ax4-local-00404,layer_band,early,40055,1.0,0.012932218199975034,False
ax4-local-00404,layer_band,middle,40055,1.0,0.016477343652477845,False
ax4-local-00404,layer_band,late,48066,1.0,0.03183123205592311,False
ax4-local-00405,domain,code,32256,0.9121655729429581,0.00496031746031746,False
ax4-local-00405,domain,conversation,31424,1.0,0.025617362525458248,False
ax4-local-00405,domain,general,32256,1.0,0.035280257936507936,False
ax4-local-00405,domain,math,32240,1.0,0.018765508684863524,False
ax4-local-00405,layer_band,early,40055,1.0,0.012932218199975034,False
ax4-local-00405,layer_band,middle,40055,1.0,0.016477343652477845,False
ax4-local-00405,layer_band,late,48066,1.0,0.03183123205592311,False
ax4-local-00406,domain,code,32256,0.8314296967309964,0.0016121031746031745,False
ax4-local-00406,domain,conversation,31424,0.9183417085427136,0.004996181262729125,False
ax4-local-00406,domain,general,32256,0.9367184539598332,0.007502480158730159,False
ax4-local-00406,domain,math,32240,0.916991426344505,0.0038461538461538464,False
ax4-local-00406,layer_band,early,40055,1.0,0.012932218199975034,False
ax4-local-00406,layer_band,middle,40055,0.7760855476344783,0.0014230433154412683,False
ax4-local-00406,layer_band,late,48066,0.07746068724519517,0.0,True
ax4-local-00407,domain,code,32256,0.8314296967309964,0.0016121031746031745,False
ax4-local-00407,domain,conversation,31424,0.9183417085427136,0.004996181262729125,False
ax4-local-00407,domain,general,32256,0.9367184539598332,0.007502480158730159,False
ax4-local-00407,domain,math,32240,0.916991426344505,0.0038461538461538464,False
ax4-local-00407,layer_band,early,40055,1.0,0.012932218199975034,False
ax4-local-00407,layer_band,middle,40055,0.7760855476344783,0.0014230433154412683,False
ax4-local-00407,layer_band,late,48066,0.07746068724519517,0.0,True
ax4-local-00408,domain,code,32256,0.8314296967309964,0.0016121031746031745,False
ax4-local-00408,domain,conversation,31424,0.9183417085427136,0.004996181262729125,False
ax4-local-00408,domain,general,32256,0.9367184539598332,0.007502480158730159,False
ax4-local-00408,domain,math,32240,0.916991426344505,0.0038461538461538464,False
ax4-local-00408,layer_band,early,40055,1.0,0.012932218199975034,False
ax4-local-00408,layer_band,middle,40055,0.7760855476344783,0.0014230433154412683,False
ax4-local-00408,layer_band,late,48066,0.07746068724519517,0.0,True
ax4-local-00409,domain,code,32256,0.8314296967309964,0.0016121031746031745,False
ax4-local-00409,domain,conversation,31424,0.9183417085427136,0.004996181262729125,False
ax4-local-00409,domain,general,32256,0.9367184539598332,0.007502480158730159,False
ax4-local-00409,domain,math,32240,0.916991426344505,0.0038461538461538464,False
ax4-local-00409,layer_band,early,40055,1.0,0.012932218199975034,False
ax4-local-00409,layer_band,middle,40055,0.7760855476344783,0.0014230433154412683,False
ax4-local-00409,layer_band,late,48066,0.07746068724519517,0.0,True
ax4-local-00410,domain,code,32256,0.610323312535451,0.0,False
ax4-local-00410,domain,conversation,31424,0.6829348182115952,0.0,False
ax4-local-00410,domain,general,32256,0.7142446869615163,0.0,False
ax4-local-00410,domain,math,32240,0.6860651361452217,0.0,False
ax4-local-00410,layer_band,early,40055,0.7395437262357414,0.0,False
ax4-local-00410,layer_band,middle,40055,0.5891891891891892,0.0,False
ax4-local-00410,layer_band,late,48066,2.220446049250313e-16,0.0,True
ax4-local-00411,domain,code,32256,0.8314296967309964,0.0016121031746031745,False
ax4-local-00411,domain,conversation,31424,0.9183417085427136,0.004996181262729125,False
ax4-local-00411,domain,general,32256,0.9367184539598332,0.007502480158730159,False
ax4-local-00411,domain,math,32240,0.916991426344505,0.0038461538461538464,False
ax4-local-00411,layer_band,early,40055,1.0,0.012932218199975034,False
ax4-local-00411,layer_band,middle,40055,0.7760855476344783,0.0014230433154412683,False
ax4-local-00411,layer_band,late,48066,2.220446049250313e-16,0.0,True
ax4-local-00412,domain,code,32256,0.8314296967309964,0.0016121031746031745,False
ax4-local-00412,domain,conversation,31424,0.9183417085427136,0.004996181262729125,False
ax4-local-00412,domain,general,32256,0.9367184539598332,0.007502480158730159,False
ax4-local-00412,domain,math,32240,0.916991426344505,0.0038461538461538464,False
ax4-local-00412,layer_band,early,40055,1.0,0.012932218199975034,False
ax4-local-00412,layer_band,middle,40055,0.7760855476344783,0.0014230433154412683,False
ax4-local-00412,layer_band,late,48066,2.220446049250313e-16,0.0,True
ax4-local-00413,domain,code,32256,0.610323312535451,0.0,False
ax4-local-00413,domain,conversation,31424,0.6829348182115952,0.0,False
ax4-local-00413,domain,general,32256,0.7142446869615163,0.0,False
ax4-local-00413,domain,math,32240,0.6860651361452217,0.0,False
ax4-local-00413,layer_band,early,40055,0.7395437262357414,0.0,False
ax4-local-00413,layer_band,middle,40055,0.5891891891891892,0.0,False
ax4-local-00413,layer_band,late,48066,2.220446049250313e-16,0.0,True
ax4-local-00414,domain,code,32256,0.3211009174311926,0.0,False
ax4-local-00414,domain,conversation,31424,0.37676810972996144,0.0,False
ax4-local-00414,domain,general,32256,0.396484375,0.0,False
ax4-local-00414,domain,math,32240,0.376101860920666,0.0,False
ax4-local-00414,layer_band,early,40055,0.426044226044226,0.0,False
ax4-local-00414,layer_band,middle,40055,0.30323914541695385,0.0,False
ax4-local-00414,layer_band,late,48066,2.220446049250313e-16,0.0,True
ax4-local-00415,domain,code,32256,0.8314296967309964,0.0016121031746031745,False
ax4-local-00415,domain,conversation,31424,0.9183417085427136,0.004996181262729125,False
ax4-local-00415,domain,general,32256,0.9367184539598332,0.007502480158730159,False
ax4-local-00415,domain,math,32240,0.916991426344505,0.0038461538461538464,False
ax4-local-00415,layer_band,early,40055,1.0,0.012932218199975034,False
ax4-local-00415,layer_band,middle,40055,0.7760855476344783,0.0014230433154412683,False
ax4-local-00415,layer_band,late,48066,2.220446049250313e-16,0.0,True
ax4-local-00416,domain,code,32256,0.610323312535451,0.0,False
ax4-local-00416,domain,conversation,31424,0.6829348182115952,0.0,False
ax4-local-00416,domain,general,32256,0.7142446869615163,0.0,False
ax4-local-00416,domain,math,32240,0.6860651361452217,0.0,False
ax4-local-00416,layer_band,early,40055,0.7395437262357414,0.0,False
ax4-local-00416,layer_band,middle,40055,0.5891891891891892,0.0,False
ax4-local-00416,layer_band,late,48066,2.220446049250313e-16,0.0,True
ax4-local-00417,domain,code,32256,0.3211009174311926,0.0,False
ax4-local-00417,domain,conversation,31424,0.37676810972996144,0.0,False
ax4-local-00417,domain,general,32256,0.396484375,0.0,False
ax4-local-00417,domain,math,32240,0.376101860920666,0.0,False
ax4-local-00417,layer_band,early,40055,0.426044226044226,0.0,False
ax4-local-00417,layer_band,middle,40055,0.30323914541695385,0.0,False
ax4-local-00417,layer_band,late,48066,2.220446049250313e-16,0.0,True
ax4-local-00418,domain,code,32256,0.07401404646137222,0.0,True
ax4-local-00418,domain,conversation,31424,0.08510638297872347,0.0,True
ax4-local-00418,domain,general,32256,0.09164556962025316,0.0,True
ax4-local-00418,domain,math,32240,0.08520000000000005,0.0,True
ax4-local-00418,layer_band,early,40055,0.1280632411067193,0.0,True
ax4-local-00418,layer_band,middle,40055,0.0711248550444531,0.0,True
ax4-local-00418,layer_band,late,48066,2.220446049250313e-16,0.0,True
ax4-local-00419,domain,code,32256,0.8314296967309964,0.0016121031746031745,False
ax4-local-00419,domain,conversation,31424,0.9183417085427136,0.004996181262729125,False
ax4-local-00419,domain,general,32256,0.9367184539598332,0.007502480158730159,False
ax4-local-00419,domain,math,32240,0.916991426344505,0.0038461538461538464,False
ax4-local-00419,layer_band,early,40055,1.0,0.012932218199975034,False
ax4-local-00419,layer_band,middle,40055,0.7760855476344783,0.0014230433154412683,False
ax4-local-00419,layer_band,late,48066,2.220446049250313e-16,0.0,True
ax4-local-00420,domain,code,32256,0.3211009174311926,0.0,False
ax4-local-00420,domain,conversation,31424,0.37676810972996144,0.0,False
ax4-local-00420,domain,general,32256,0.396484375,0.0,False
ax4-local-00420,domain,math,32240,0.376101860920666,0.0,False
ax4-local-00420,layer_band,early,40055,0.426044226044226,0.0,False
ax4-local-00420,layer_band,middle,40055,0.30323914541695385,0.0,False
ax4-local-00420,layer_band,late,48066,2.220446049250313e-16,0.0,True
ax4-local-00421,domain,code,32256,0.07401404646137222,0.0,True
ax4-local-00421,domain,conversation,31424,0.08510638297872347,0.0,True
ax4-local-00421,domain,general,32256,0.09164556962025316,0.0,True
ax4-local-00421,domain,math,32240,0.08520000000000005,0.0,True
ax4-local-00421,layer_band,early,40055,0.1280632411067193,0.0,True
ax4-local-00421,layer_band,middle,40055,0.0711248550444531,0.0,True
ax4-local-00421,layer_band,late,48066,2.220446049250313e-16,0.0,True
ax4-local-00422,domain,code,32256,1.5265566588595902e-16,0.0,True
ax4-local-00422,domain,conversation,31424,1.6653345369377348e-16,0.0,True
ax4-local-00422,domain,general,32256,2.220446049250313e-16,0.0,True
ax4-local-00422,domain,math,32240,1.3877787807814457e-16,0.0,True
ax4-local-00422,layer_band,early,40055,1.1102230246251565e-16,0.0,True
ax4-local-00422,layer_band,middle,40055,1.6653345369377348e-16,0.0,True
ax4-local-00422,layer_band,late,48066,2.220446049250313e-16,0.0,True
ax4-local-00423,domain,code,32256,0.8314296967309964,0.0016121031746031745,False
ax4-local-00423,domain,conversation,31424,0.9183417085427136,0.004996181262729125,False
ax4-local-00423,domain,general,32256,0.9367184539598332,0.007502480158730159,False
ax4-local-00423,domain,math,32240,0.916991426344505,0.0038461538461538464,False
ax4-local-00423,layer_band,early,40055,1.0,0.012932218199975034,False
ax4-local-00423,layer_band,middle,40055,0.7760855476344783,0.0014230433154412683,False
ax4-local-00423,layer_band,late,48066,0.07746068724519517,0.0,True
ax4-local-00424,domain,code,32256,0.8314296967309964,0.0016121031746031745,False
ax4-local-00424,domain,conversation,31424,0.9183417085427136,0.004996181262729125,False
ax4-local-00424,domain,general,32256,0.9367184539598332,0.007502480158730159,False
ax4-local-00424,domain,math,32240,0.916991426344505,0.0038461538461538464,False
ax4-local-00424,layer_band,early,40055,1.0,0.012932218199975034,False
ax4-local-00424,layer_band,middle,40055,0.7760855476344783,0.0014230433154412683,False
ax4-local-00424,layer_band,late,48066,0.07746068724519517,0.0,True
ax4-local-00425,domain,code,32256,0.8314296967309964,0.0016121031746031745,False
ax4-local-00425,domain,conversation,31424,0.9183417085427136,0.004996181262729125,False
ax4-local-00425,domain,general,32256,0.9367184539598332,0.007502480158730159,False
ax4-local-00425,domain,math,32240,0.916991426344505,0.0038461538461538464,False
ax4-local-00425,layer_band,early,40055,1.0,0.012932218199975034,False
ax4-local-00425,layer_band,middle,40055,0.7760855476344783,0.0014230433154412683,False
ax4-local-00425,layer_band,late,48066,0.15496098104793754,0.0,True
ax4-local-00426,domain,code,32256,0.8314296967309964,0.0016121031746031745,False
ax4-local-00426,domain,conversation,31424,0.9183583406884378,0.004996181262729125,False
ax4-local-00426,domain,general,32256,0.9367184539598332,0.007502480158730159,False
ax4-local-00426,domain,math,32240,0.916991426344505,0.0038461538461538464,False
ax4-local-00426,layer_band,early,40055,1.0,0.012932218199975034,False
ax4-local-00426,layer_band,middle,40055,0.7760855476344783,0.0014230433154412683,False
ax4-local-00426,layer_band,late,48066,0.4935064935064935,0.0,False
ax4-local-00427,domain,code,32256,0.8325326012354153,0.0016121031746031745,False
ax4-local-00427,domain,conversation,31424,0.9185185185185185,0.004996181262729125,False
ax4-local-00427,domain,general,32256,0.9367184539598332,0.007502480158730159,False
ax4-local-00427,domain,math,32240,0.916991426344505,0.0038461538461538464,False
ax4-local-00427,layer_band,early,40055,1.0,0.012932218199975034,False
ax4-local-00427,layer_band,middle,40055,0.7761437908496732,0.0014230433154412683,False
ax4-local-00427,layer_band,late,48066,0.6436170212765957,0.0,False
ax4-local-00428,domain,code,32256,0.8442752933713924,0.0016121031746031745,False
ax4-local-00428,domain,conversation,31424,0.9225865209471766,0.004996181262729125,False
ax4-local-00428,domain,general,32256,0.9392175881021662,0.007502480158730159,False
ax4-local-00428,domain,math,32240,0.9198599093531108,0.0038461538461538464,False
ax4-local-00428,layer_band,early,40055,1.0,0.012932218199975034,False
ax4-local-00428,layer_band,middle,40055,0.8303754266211604,0.0014230433154412683,False
ax4-local-00428,layer_band,late,48066,0.8432700993676603,0.0,False
ax4-local-00429,domain,code,32256,0.8314296967309964,0.0016121031746031745,False
ax4-local-00429,domain,conversation,31424,0.9183417085427136,0.004996181262729125,False
ax4-local-00429,domain,general,32256,0.9367184539598332,0.007502480158730159,False
ax4-local-00429,domain,math,32240,0.916991426344505,0.0038461538461538464,False
ax4-local-00429,layer_band,early,40055,1.0,0.012932218199975034,False
ax4-local-00429,layer_band,middle,40055,0.7760855476344783,0.0014230433154412683,False
ax4-local-00429,layer_band,late,48066,0.23610768090886636,0.0,False
ax4-local-00430,domain,code,32256,0.8354885057471264,0.0016121031746031745,False
ax4-local-00430,domain,conversation,31424,0.918954248366013,0.004996181262729125,False
ax4-local-00430,domain,general,32256,0.937570093457944,0.007502480158730159,False
ax4-local-00430,domain,math,32240,0.9171062547098718,0.0038461538461538464,False
ax4-local-00430,layer_band,early,40055,1.0,0.012932218199975034,False
ax4-local-00430,layer_band,middle,40055,0.7922920892494929,0.0014230433154412683,False
ax4-local-00430,layer_band,late,48066,0.7963800904977376,0.0,False
ax4-local-00431,domain,code,32256,0.9117357001972386,0.00496031746031746,False
ax4-local-00431,domain,conversation,31424,1.0,0.025617362525458248,False
ax4-local-00431,domain,general,32256,1.0,0.035280257936507936,False
ax4-local-00431,domain,math,32240,1.0,0.018765508684863524,False
ax4-local-00431,layer_band,early,40055,1.0,0.012932218199975034,False
ax4-local-00431,layer_band,middle,40055,1.0,0.016477343652477845,False
ax4-local-00431,layer_band,late,48066,1.0,0.03183123205592311,False
ax4-local-00432,domain,code,32256,0.9121655729429581,0.00496031746031746,False
ax4-local-00432,domain,conversation,31424,1.0,0.025617362525458248,False
ax4-local-00432,domain,general,32256,1.0,0.035280257936507936,False
ax4-local-00432,domain,math,32240,1.0,0.018765508684863524,False
ax4-local-00432,layer_band,early,40055,1.0,0.012932218199975034,False
ax4-local-00432,layer_band,middle,40055,1.0,0.016477343652477845,False
ax4-local-00432,layer_band,late,48066,1.0,0.03183123205592311,False
ax4-local-00433,domain,code,32256,0.8314296967309964,0.0016121031746031745,False
ax4-local-00433,domain,conversation,31424,0.9183417085427136,0.004996181262729125,False
ax4-local-00433,domain,general,32256,0.9367184539598332,0.007502480158730159,False
ax4-local-00433,domain,math,32240,0.916991426344505,0.0038461538461538464,False
ax4-local-00433,layer_band,early,40055,1.0,0.012932218199975034,False
ax4-local-00433,layer_band,middle,40055,0.7760855476344783,0.0014230433154412683,False
ax4-local-00433,layer_band,late,48066,0.07201646090534986,0.0,True
ax4-local-00434,domain,code,32256,0.8314296967309964,0.0016121031746031745,False
ax4-local-00434,domain,conversation,31424,0.9183417085427136,0.004996181262729125,False
ax4-local-00434,domain,general,32256,0.9367184539598332,0.007502480158730159,False
ax4-local-00434,domain,math,32240,0.916991426344505,0.0038461538461538464,False
ax4-local-00434,layer_band,early,40055,1.0,0.012932218199975034,False
ax4-local-00434,layer_band,middle,40055,0.7760855476344783,0.0014230433154412683,False
ax4-local-00434,layer_band,late,48066,0.07201646090534986,0.0,True
ax4-local-00435,domain,code,32256,0.8314296967309964,0.0016121031746031745,False
ax4-local-00435,domain,conversation,31424,0.9183417085427136,0.004996181262729125,False
ax4-local-00435,domain,general,32256,0.9367184539598332,0.007502480158730159,False
ax4-local-00435,domain,math,32240,0.916991426344505,0.0038461538461538464,False
ax4-local-00435,layer_band,early,40055,1.0,0.012932218199975034,False
ax4-local-00435,layer_band,middle,40055,0.7760855476344783,0.0014230433154412683,False
ax4-local-00435,layer_band,late,48066,0.07201646090534986,0.0,True
ax4-local-00436,domain,code,32256,0.8314296967309964,0.0016121031746031745,False
ax4-local-00436,domain,conversation,31424,0.9183417085427136,0.004996181262729125,False
ax4-local-00436,domain,general,32256,0.9367184539598332,0.007502480158730159,False
ax4-local-00436,domain,math,32240,0.916991426344505,0.0038461538461538464,False
ax4-local-00436,layer_band,early,40055,1.0,0.012932218199975034,False
ax4-local-00436,layer_band,middle,40055,0.7760855476344783,0.0014230433154412683,False
ax4-local-00436,layer_band,late,48066,0.07201646090534986,0.0,True
ax4-local-00437,domain,code,32256,0.8314296967309964,0.0016121031746031745,False
ax4-local-00437,domain,conversation,31424,0.9183417085427136,0.004996181262729125,False
ax4-local-00437,domain,general,32256,0.9367184539598332,0.007502480158730159,False
ax4-local-00437,domain,math,32240,0.916991426344505,0.0038461538461538464,False
ax4-local-00437,layer_band,early,40055,1.0,0.012932218199975034,False
ax4-local-00437,layer_band,middle,40055,0.7760855476344783,0.0014230433154412683,False
ax4-local-00437,layer_band,late,48066,0.14744459520578923,0.0,True
ax4-local-00438,domain,code,32256,0.8314296967309964,0.0016121031746031745,False
ax4-local-00438,domain,conversation,31424,0.9183583406884378,0.004996181262729125,False
ax4-local-00438,domain,general,32256,0.9367184539598332,0.007502480158730159,False
ax4-local-00438,domain,math,32240,0.916991426344505,0.0038461538461538464,False
ax4-local-00438,layer_band,early,40055,1.0,0.012932218199975034,False
ax4-local-00438,layer_band,middle,40055,0.7760855476344783,0.0014230433154412683,False
ax4-local-00438,layer_band,late,48066,0.4930976023250182,0.0,False
ax4-local-00439,domain,code,32256,0.8314296967309964,0.0016121031746031745,False
ax4-local-00439,domain,conversation,31424,0.9185185185185185,0.004996181262729125,False
ax4-local-00439,domain,general,32256,0.9367184539598332,0.007502480158730159,False
ax4-local-00439,domain,math,32240,0.916991426344505,0.0038461538461538464,False
ax4-local-00439,layer_band,early,40055,1.0,0.012932218199975034,False
ax4-local-00439,layer_band,middle,40055,0.7761437908496732,0.0014230433154412683,False
ax4-local-00439,layer_band,late,48066,0.6434001382170007,0.0,False
ax4-local-00440,domain,code,32256,0.8442752933713924,0.0016121031746031745,False
ax4-local-00440,domain,conversation,31424,0.9226240538267452,0.004996181262729125,False
ax4-local-00440,domain,general,32256,0.9401061410159212,0.007502480158730159,False
ax4-local-00440,domain,math,32240,0.9202127659574468,0.0038461538461538464,False
ax4-local-00440,layer_band,early,40055,1.0,0.012932218199975034,False
ax4-local-00440,layer_band,middle,40055,0.8410700236034618,0.0014230433154412683,False
ax4-local-00440,layer_band,late,48066,0.8469971401334605,0.0,False
ax4-local-00441,domain,code,32256,0.8554033485540335,0.0022941468253968255,False
ax4-local-00441,domain,conversation,31424,0.9408945686900958,0.009069501018329939,False
ax4-local-00441,domain,general,32256,1.0,0.011904761904761904,False
ax4-local-00441,domain,math,32240,0.9269247498912571,0.005272952853598015,False
ax4-local-00441,layer_band,early,40055,1.0,0.012932218199975034,False
ax4-local-00441,layer_band,middle,40055,0.9443333333333334,0.009861440519285981,False
ax4-local-00441,layer_band,late,48066,0.24951768488745973,0.0,False
ax4-local-00442,domain,code,32256,0.8554033485540335,0.0022941468253968255,False
ax4-local-00442,domain,conversation,31424,0.9408945686900958,0.009069501018329939,False
ax4-local-00442,domain,general,32256,1.0,0.011904761904761904,False
ax4-local-00442,domain,math,32240,0.9269247498912571,0.005272952853598015,False
ax4-local-00442,layer_band,early,40055,1.0,0.012932218199975034,False
ax4-local-00442,layer_band,middle,40055,0.9443333333333334,0.009861440519285981,False
ax4-local-00442,layer_band,late,48066,0.27733829688227085,0.0,False
ax4-local-00443,domain,code,32256,0.8582410824108241,0.0022941468253968255,False
ax4-local-00443,domain,conversation,31424,0.9414367516918272,0.009069501018329939,False
ax4-local-00443,domain,general,32256,1.0,0.011904761904761904,False
ax4-local-00443,domain,math,32240,0.9269247498912571,0.005272952853598015,False
ax4-local-00443,layer_band,early,40055,1.0,0.012932218199975034,False
ax4-local-00443,layer_band,middle,40055,0.9443333333333334,0.009861440519285981,False
ax4-local-00443,layer_band,late,48066,0.7914262159934048,0.0,False
ax4-local-00444,domain,code,32256,0.9121655729429581,0.00496031746031746,False
ax4-local-00444,domain,conversation,31424,1.0,0.025617362525458248,False
ax4-local-00444,domain,general,32256,1.0,0.035280257936507936,False
ax4-local-00444,domain,math,32240,1.0,0.018765508684863524,False
ax4-local-00444,layer_band,early,40055,1.0,0.012932218199975034,False
ax4-local-00444,layer_band,middle,40055,1.0,0.016477343652477845,False
ax4-local-00444,layer_band,late,48066,1.0,0.03183123205592311,False
ax4-local-00445,domain,code,32256,0.8554033485540335,0.0022941468253968255,False
ax4-local-00445,domain,conversation,31424,0.9408945686900958,0.009069501018329939,False
ax4-local-00445,domain,general,32256,1.0,0.011904761904761904,False
ax4-local-00445,domain,math,32240,0.9269247498912571,0.005272952853598015,False
ax4-local-00445,layer_band,early,40055,1.0,0.012932218199975034,False
ax4-local-00445,layer_band,middle,40055,0.9443333333333334,0.009861440519285981,False
ax4-local-00445,layer_band,late,48066,0.10411502231036185,0.0,True
ax4-local-00446,domain,code,32256,0.8554033485540335,0.0022941468253968255,False
ax4-local-00446,domain,conversation,31424,0.9408945686900958,0.009069501018329939,False
ax4-local-00446,domain,general,32256,1.0,0.011904761904761904,False
ax4-local-00446,domain,math,32240,0.9269247498912571,0.005272952853598015,False
ax4-local-00446,layer_band,early,40055,1.0,0.012932218199975034,False
ax4-local-00446,layer_band,middle,40055,0.9443333333333334,0.009861440519285981,False
ax4-local-00446,layer_band,late,48066,0.10411502231036185,0.0,True
ax4-local-00447,domain,code,32256,0.8554033485540335,0.0022941468253968255,False
ax4-local-00447,domain,conversation,31424,0.9408945686900958,0.009069501018329939,False
ax4-local-00447,domain,general,32256,1.0,0.011904761904761904,False
ax4-local-00447,domain,math,32240,0.9269247498912571,0.005272952853598015,False
ax4-local-00447,layer_band,early,40055,1.0,0.012932218199975034,False
ax4-local-00447,layer_band,middle,40055,0.9443333333333334,0.009861440519285981,False
ax4-local-00447,layer_band,late,48066,0.10411502231036185,0.0,True
ax4-local-00448,domain,code,32256,0.8554033485540335,0.0022941468253968255,False
ax4-local-00448,domain,conversation,31424,0.9408945686900958,0.009069501018329939,False
ax4-local-00448,domain,general,32256,1.0,0.011904761904761904,False
ax4-local-00448,domain,math,32240,0.9269247498912571,0.005272952853598015,False
ax4-local-00448,layer_band,early,40055,1.0,0.012932218199975034,False
ax4-local-00448,layer_band,middle,40055,0.9443333333333334,0.009861440519285981,False
ax4-local-00448,layer_band,late,48066,0.10411502231036185,0.0,True
ax4-local-00449,domain,code,32256,0.8554033485540335,0.0022941468253968255,False
ax4-local-00449,domain,conversation,31424,0.9408945686900958,0.009069501018329939,False
ax4-local-00449,domain,general,32256,1.0,0.011904761904761904,False
ax4-local-00449,domain,math,32240,0.9269247498912571,0.005272952853598015,False
ax4-local-00449,layer_band,early,40055,1.0,0.012932218199975034,False
ax4-local-00449,layer_band,middle,40055,0.9443333333333334,0.009861440519285981,False
ax4-local-00449,layer_band,late,48066,0.18162506638343068,0.0,True
ax4-local-00450,domain,code,32256,0.8554033485540335,0.0022941468253968255,False
ax4-local-00450,domain,conversation,31424,0.9408945686900958,0.009069501018329939,False
ax4-local-00450,domain,general,32256,1.0,0.011904761904761904,False
ax4-local-00450,domain,math,32240,0.9269247498912571,0.005272952853598015,False
ax4-local-00450,layer_band,early,40055,1.0,0.012932218199975034,False
ax4-local-00450,layer_band,middle,40055,0.9443333333333334,0.009861440519285981,False
ax4-local-00450,layer_band,late,48066,0.1900311526479751,0.0,True
ax4-local-00451,domain,code,32256,0.8554033485540335,0.0022941468253968255,False
ax4-local-00451,domain,conversation,31424,0.9408945686900958,0.009069501018329939,False
ax4-local-00451,domain,general,32256,1.0,0.011904761904761904,False
ax4-local-00451,domain,math,32240,0.9269247498912571,0.005272952853598015,False
ax4-local-00451,layer_band,early,40055,1.0,0.012932218199975034,False
ax4-local-00451,layer_band,middle,40055,0.9443333333333334,0.009861440519285981,False
ax4-local-00451,layer_band,late,48066,0.3826582536128639,0.0,False
ax4-local-00452,domain,code,32256,0.856743535988819,0.0022941468253968255,False
ax4-local-00452,domain,conversation,31424,0.9414188990285546,0.009069501018329939,False
ax4-local-00452,domain,general,32256,1.0,0.011904761904761904,False
ax4-local-00452,domain,math,32240,0.9269247498912571,0.005272952853598015,False
ax4-local-00452,layer_band,early,40055,1.0,0.012932218199975034,False
ax4-local-00452,layer_band,middle,40055,0.9443333333333334,0.009861440519285981,False
ax4-local-00452,layer_band,late,48066,0.730349344978166,0.0,False
ax4-local-00453,domain,code,32256,0.8554033485540335,0.0022941468253968255,False
ax4-local-00453,domain,conversation,31424,0.9408945686900958,0.009069501018329939,False
ax4-local-00453,domain,general,32256,1.0,0.011904761904761904,False
ax4-local-00453,domain,math,32240,0.9269247498912571,0.005272952853598015,False
ax4-local-00453,layer_band,early,40055,1.0,0.012932218199975034,False
ax4-local-00453,layer_band,middle,40055,0.9443333333333334,0.009861440519285981,False
ax4-local-00453,layer_band,late,48066,0.21251348435814454,0.0,False
ax4-local-00454,domain,code,32256,0.8554033485540335,0.0022941468253968255,False
ax4-local-00454,domain,conversation,31424,0.9408945686900958,0.009069501018329939,False
ax4-local-00454,domain,general,32256,1.0,0.011904761904761904,False
ax4-local-00454,domain,math,32240,0.9269247498912571,0.005272952853598015,False
ax4-local-00454,layer_band,early,40055,1.0,0.012932218199975034,False
ax4-local-00454,layer_band,middle,40055,0.9443333333333334,0.009861440519285981,False
ax4-local-00454,layer_band,late,48066,0.26335174953959484,0.0,False
ax4-local-00455,domain,code,32256,0.8582410824108241,0.0022941468253968255,False
ax4-local-00455,domain,conversation,31424,0.9414367516918272,0.009069501018329939,False
ax4-local-00455,domain,general,32256,1.0,0.011904761904761904,False
ax4-local-00455,domain,math,32240,0.9269247498912571,0.005272952853598015,False
ax4-local-00455,layer_band,early,40055,1.0,0.012932218199975034,False
ax4-local-00455,layer_band,middle,40055,0.9443333333333334,0.009861440519285981,False
ax4-local-00455,layer_band,late,48066,0.793724279835391,0.0,False
ax4-local-00456,domain,code,32256,0.9121655729429581,0.00496031746031746,False
ax4-local-00456,domain,conversation,31424,1.0,0.025617362525458248,False
ax4-local-00456,domain,general,32256,1.0,0.035280257936507936,False
ax4-local-00456,domain,math,32240,1.0,0.018765508684863524,False
ax4-local-00456,layer_band,early,40055,1.0,0.012932218199975034,False
ax4-local-00456,layer_band,middle,40055,1.0,0.016477343652477845,False
ax4-local-00456,layer_band,late,48066,1.0,0.03183123205592311,False
ax4-local-00457,domain,code,32256,0.8554033485540335,0.0022941468253968255,False
ax4-local-00457,domain,conversation,31424,0.9408945686900958,0.009069501018329939,False
ax4-local-00457,domain,general,32256,1.0,0.011904761904761904,False
ax4-local-00457,domain,math,32240,0.9269247498912571,0.005272952853598015,False
ax4-local-00457,layer_band,early,40055,1.0,0.012932218199975034,False
ax4-local-00457,layer_band,middle,40055,0.9443333333333334,0.009861440519285981,False
ax4-local-00457,layer_band,late,48066,0.09075816270060877,0.0,True
ax4-local-00458,domain,code,32256,0.8554033485540335,0.0022941468253968255,False
ax4-local-00458,domain,conversation,31424,0.9408945686900958,0.009069501018329939,False
ax4-local-00458,domain,general,32256,1.0,0.011904761904761904,False
ax4-local-00458,domain,math,32240,0.9269247498912571,0.005272952853598015,False
ax4-local-00458,layer_band,early,40055,1.0,0.012932218199975034,False
ax4-local-00458,layer_band,middle,40055,0.9443333333333334,0.009861440519285981,False
ax4-local-00458,layer_band,late,48066,0.09075816270060877,0.0,True
ax4-local-00459,domain,code,32256,0.8554033485540335,0.0022941468253968255,False
ax4-local-00459,domain,conversation,31424,0.9408945686900958,0.009069501018329939,False
ax4-local-00459,domain,general,32256,1.0,0.011904761904761904,False
ax4-local-00459,domain,math,32240,0.9269247498912571,0.005272952853598015,False
ax4-local-00459,layer_band,early,40055,1.0,0.012932218199975034,False
ax4-local-00459,layer_band,middle,40055,0.9443333333333334,0.009861440519285981,False
ax4-local-00459,layer_band,late,48066,0.09075816270060877,0.0,True
ax4-local-00460,domain,code,32256,0.8554033485540335,0.0022941468253968255,False
ax4-local-00460,domain,conversation,31424,0.9408945686900958,0.009069501018329939,False
ax4-local-00460,domain,general,32256,1.0,0.011904761904761904,False
ax4-local-00460,domain,math,32240,0.9269247498912571,0.005272952853598015,False
ax4-local-00460,layer_band,early,40055,1.0,0.012932218199975034,False
ax4-local-00460,layer_band,middle,40055,0.9443333333333334,0.009861440519285981,False
ax4-local-00460,layer_band,late,48066,0.09075816270060877,0.0,True
ax4-local-00461,domain,code,32256,0.8554033485540335,0.0022941468253968255,False
ax4-local-00461,domain,conversation,31424,0.9408945686900958,0.009069501018329939,False
ax4-local-00461,domain,general,32256,1.0,0.011904761904761904,False
ax4-local-00461,domain,math,32240,0.9269247498912571,0.005272952853598015,False
ax4-local-00461,layer_band,early,40055,1.0,0.012932218199975034,False
ax4-local-00461,layer_band,middle,40055,0.9443333333333334,0.009861440519285981,False
ax4-local-00461,layer_band,late,48066,0.15342163355408378,0.0,True
ax4-local-00462,domain,code,32256,0.8554033485540335,0.0022941468253968255,False
ax4-local-00462,domain,conversation,31424,0.9408945686900958,0.009069501018329939,False
ax4-local-00462,domain,general,32256,1.0,0.011904761904761904,False
ax4-local-00462,domain,math,32240,0.9269247498912571,0.005272952853598015,False
ax4-local-00462,layer_band,early,40055,1.0,0.012932218199975034,False
ax4-local-00462,layer_band,middle,40055,0.9443333333333334,0.009861440519285981,False
ax4-local-00462,layer_band,late,48066,0.17167381974248924,0.0,True
ax4-local-00463,domain,code,32256,0.8554033485540335,0.0022941468253968255,False
ax4-local-00463,domain,conversation,31424,0.9408945686900958,0.009069501018329939,False
ax4-local-00463,domain,general,32256,1.0,0.011904761904761904,False
ax4-local-00463,domain,math,32240,0.9269247498912571,0.005272952853598015,False
ax4-local-00463,layer_band,early,40055,1.0,0.012932218199975034,False
ax4-local-00463,layer_band,middle,40055,0.9443333333333334,0.009861440519285981,False
ax4-local-00463,layer_band,late,48066,0.3772874058127018,0.0,False
ax4-local-00464,domain,code,32256,0.8554033485540335,0.0022941468253968255,False
ax4-local-00464,domain,conversation,31424,0.9412420974339903,0.009069501018329939,False
ax4-local-00464,domain,general,32256,1.0,0.011904761904761904,False
ax4-local-00464,domain,math,32240,0.9269247498912571,0.005272952853598015,False
ax4-local-00464,layer_band,early,40055,1.0,0.012932218199975034,False
ax4-local-00464,layer_band,middle,40055,0.9443333333333334,0.009861440519285981,False
ax4-local-00464,layer_band,late,48066,0.728839722150759,0.0,False
ax4-local-00465,domain,code,32256,0.8554033485540335,0.0022941468253968255,False
ax4-local-00465,domain,conversation,31424,0.9408945686900958,0.009069501018329939,False
ax4-local-00465,domain,general,32256,1.0,0.011904761904761904,False
ax4-local-00465,domain,math,32240,0.9269247498912571,0.005272952853598015,False
ax4-local-00465,layer_band,early,40055,1.0,0.012932218199975034,False
ax4-local-00465,layer_band,middle,40055,0.9443333333333334,0.009861440519285981,False
ax4-local-00465,layer_band,late,48066,2.220446049250313e-16,0.0,True
ax4-local-00466,domain,code,32256,0.8554033485540335,0.0022941468253968255,False
ax4-local-00466,domain,conversation,31424,0.9408945686900958,0.009069501018329939,False
ax4-local-00466,domain,general,32256,1.0,0.011904761904761904,False
ax4-local-00466,domain,math,32240,0.9269247498912571,0.005272952853598015,False
ax4-local-00466,layer_band,early,40055,1.0,0.012932218199975034,False
ax4-local-00466,layer_band,middle,40055,0.9443333333333334,0.009861440519285981,False
ax4-local-00466,layer_band,late,48066,0.2414943295530354,0.0,False
ax4-local-00467,domain,code,32256,0.8582410824108241,0.0022941468253968255,False
ax4-local-00467,domain,conversation,31424,0.9414367516918272,0.009069501018329939,False
ax4-local-00467,domain,general,32256,1.0,0.011904761904761904,False
ax4-local-00467,domain,math,32240,0.9269247498912571,0.005272952853598015,False
ax4-local-00467,layer_band,early,40055,1.0,0.012932218199975034,False
ax4-local-00467,layer_band,middle,40055,0.9443333333333334,0.009861440519285981,False
ax4-local-00467,layer_band,late,48066,0.7945728217087131,0.0,False
ax4-local-00468,domain,code,32256,0.9121655729429581,0.00496031746031746,False
ax4-local-00468,domain,conversation,31424,1.0,0.025617362525458248,False
ax4-local-00468,domain,general,32256,1.0,0.035280257936507936,False
ax4-local-00468,domain,math,32240,1.0,0.018765508684863524,False
ax4-local-00468,layer_band,early,40055,1.0,0.012932218199975034,False
ax4-local-00468,layer_band,middle,40055,1.0,0.016477343652477845,False
ax4-local-00468,layer_band,late,48066,1.0,0.03183123205592311,False
ax4-local-00469,domain,code,32256,0.8554033485540335,0.0022941468253968255,False
ax4-local-00469,domain,conversation,31424,0.9408945686900958,0.009069501018329939,False
ax4-local-00469,domain,general,32256,1.0,0.011904761904761904,False
ax4-local-00469,domain,math,32240,0.9269247498912571,0.005272952853598015,False
ax4-local-00469,layer_band,early,40055,1.0,0.012932218199975034,False
ax4-local-00469,layer_band,middle,40055,0.9443333333333334,0.009861440519285981,False
ax4-local-00469,layer_band,late,48066,2.220446049250313e-16,0.0,True
ax4-local-00470,domain,code,32256,0.8554033485540335,0.0022941468253968255,False
ax4-local-00470,domain,conversation,31424,0.9408945686900958,0.009069501018329939,False
ax4-local-00470,domain,general,32256,1.0,0.011904761904761904,False
ax4-local-00470,domain,math,32240,0.9269247498912571,0.005272952853598015,False
ax4-local-00470,layer_band,early,40055,1.0,0.012932218199975034,False
ax4-local-00470,layer_band,middle,40055,0.9443333333333334,0.009861440519285981,False
ax4-local-00470,layer_band,late,48066,2.220446049250313e-16,0.0,True
ax4-local-00471,domain,code,32256,0.8554033485540335,0.0022941468253968255,False
ax4-local-00471,domain,conversation,31424,0.9408945686900958,0.009069501018329939,False
ax4-local-00471,domain,general,32256,1.0,0.011904761904761904,False
ax4-local-00471,domain,math,32240,0.9269247498912571,0.005272952853598015,False
ax4-local-00471,layer_band,early,40055,1.0,0.012932218199975034,False
ax4-local-00471,layer_band,middle,40055,0.9443333333333334,0.009861440519285981,False
ax4-local-00471,layer_band,late,48066,2.220446049250313e-16,0.0,True
ax4-local-00472,domain,code,32256,0.8554033485540335,0.0022941468253968255,False
ax4-local-00472,domain,conversation,31424,0.9408945686900958,0.009069501018329939,False
ax4-local-00472,domain,general,32256,1.0,0.011904761904761904,False
ax4-local-00472,domain,math,32240,0.9269247498912571,0.005272952853598015,False
ax4-local-00472,layer_band,early,40055,1.0,0.012932218199975034,False
ax4-local-00472,layer_band,middle,40055,0.9443333333333334,0.009861440519285981,False
ax4-local-00472,layer_band,late,48066,2.220446049250313e-16,0.0,True
ax4-local-00473,domain,code,32256,0.6414397784956161,0.0,False
ax4-local-00473,domain,conversation,31424,0.7398790134946487,0.0,False
ax4-local-00473,domain,general,32256,0.7526315789473684,0.0,False
ax4-local-00473,domain,math,32240,0.7103620474406991,0.0,False
ax4-local-00473,layer_band,early,40055,0.7395437262357414,0.0,False
ax4-local-00473,layer_band,middle,40055,0.7606506584043378,0.0,False
ax4-local-00473,layer_band,late,48066,2.220446049250313e-16,0.0,True
ax4-local-00474,domain,code,32256,0.8554033485540335,0.0022941468253968255,False
ax4-local-00474,domain,conversation,31424,0.9408945686900958,0.009069501018329939,False
ax4-local-00474,domain,general,32256,1.0,0.011904761904761904,False
ax4-local-00474,domain,math,32240,0.9269247498912571,0.005272952853598015,False
ax4-local-00474,layer_band,early,40055,1.0,0.012932218199975034,False
ax4-local-00474,layer_band,middle,40055,0.9443333333333334,0.009861440519285981,False
ax4-local-00474,layer_band,late,48066,2.220446049250313e-16,0.0,True
ax4-local-00475,domain,code,32256,0.8554033485540335,0.0022941468253968255,False
ax4-local-00475,domain,conversation,31424,0.9408945686900958,0.009069501018329939,False
ax4-local-00475,domain,general,32256,1.0,0.011904761904761904,False
ax4-local-00475,domain,math,32240,0.9269247498912571,0.005272952853598015,False
ax4-local-00475,layer_band,early,40055,1.0,0.012932218199975034,False
ax4-local-00475,layer_band,middle,40055,0.9443333333333334,0.009861440519285981,False
ax4-local-00475,layer_band,late,48066,2.220446049250313e-16,0.0,True
ax4-local-00476,domain,code,32256,0.6414397784956161,0.0,False
ax4-local-00476,domain,conversation,31424,0.7398790134946487,0.0,False
ax4-local-00476,domain,general,32256,0.7526315789473684,0.0,False
ax4-local-00476,domain,math,32240,0.7103620474406991,0.0,False
ax4-local-00476,layer_band,early,40055,0.7395437262357414,0.0,False
ax4-local-00476,layer_band,middle,40055,0.7606506584043378,0.0,False
ax4-local-00476,layer_band,late,48066,2.220446049250313e-16,0.0,True
ax4-local-00477,domain,code,32256,0.35221238938053107,0.0,False
ax4-local-00477,domain,conversation,31424,0.43171557562076746,0.0,False
ax4-local-00477,domain,general,32256,0.4389438943894389,0.0,False
ax4-local-00477,domain,math,32240,0.4038694074969771,0.0,False
ax4-local-00477,layer_band,early,40055,0.426044226044226,0.0,False
ax4-local-00477,layer_band,middle,40055,0.4582278481012657,0.0,False
ax4-local-00477,layer_band,late,48066,2.220446049250313e-16,0.0,True
ax4-local-00478,domain,code,32256,0.8554033485540335,0.0022941468253968255,False
ax4-local-00478,domain,conversation,31424,0.9408945686900958,0.009069501018329939,False
ax4-local-00478,domain,general,32256,1.0,0.011904761904761904,False
ax4-local-00478,domain,math,32240,0.9269247498912571,0.005272952853598015,False
ax4-local-00478,layer_band,early,40055,1.0,0.012932218199975034,False
ax4-local-00478,layer_band,middle,40055,0.9443333333333334,0.009861440519285981,False
ax4-local-00478,layer_band,late,48066,2.220446049250313e-16,0.0,True
ax4-local-00479,domain,code,32256,0.6414397784956161,0.0,False
ax4-local-00479,domain,conversation,31424,0.7398790134946487,0.0,False
ax4-local-00479,domain,general,32256,0.7526315789473684,0.0,False
ax4-local-00479,domain,math,32240,0.7103620474406991,0.0,False
ax4-local-00479,layer_band,early,40055,0.7395437262357414,0.0,False
ax4-local-00479,layer_band,middle,40055,0.7606506584043378,0.0,False
ax4-local-00479,layer_band,late,48066,2.220446049250313e-16,0.0,True
ax4-local-00480,domain,code,32256,0.35221238938053107,0.0,False
ax4-local-00480,domain,conversation,31424,0.43171557562076746,0.0,False
ax4-local-00480,domain,general,32256,0.4389438943894389,0.0,False
ax4-local-00480,domain,math,32240,0.4038694074969771,0.0,False
ax4-local-00480,layer_band,early,40055,0.426044226044226,0.0,False
ax4-local-00480,layer_band,middle,40055,0.4582278481012657,0.0,False
ax4-local-00480,layer_band,late,48066,2.220446049250313e-16,0.0,True
ax4-local-00481,domain,code,32256,0.07966890843248842,0.0,True
ax4-local-00481,domain,conversation,31424,0.10024009603841533,0.0,True
ax4-local-00481,domain,general,32256,0.12756647593402892,0.0,True
ax4-local-00481,domain,math,32240,0.08955987717502556,0.0,True
ax4-local-00481,layer_band,early,40055,0.1280632411067193,0.0,True
ax4-local-00481,layer_band,middle,40055,0.11144945188794153,0.0,True
ax4-local-00481,layer_band,late,48066,2.220446049250313e-16,0.0,True
ax4-local-00482,domain,code,32256,0.8554033485540335,0.0022941468253968255,False
ax4-local-00482,domain,conversation,31424,0.9408945686900958,0.009069501018329939,False
ax4-local-00482,domain,general,32256,1.0,0.011904761904761904,False
ax4-local-00482,domain,math,32240,0.9269247498912571,0.005272952853598015,False
ax4-local-00482,layer_band,early,40055,1.0,0.012932218199975034,False
ax4-local-00482,layer_band,middle,40055,0.9443333333333334,0.009861440519285981,False
ax4-local-00482,layer_band,late,48066,2.220446049250313e-16,0.0,True
ax4-local-00483,domain,code,32256,0.35221238938053107,0.0,False
ax4-local-00483,domain,conversation,31424,0.43171557562076746,0.0,False
ax4-local-00483,domain,general,32256,0.4389438943894389,0.0,False
ax4-local-00483,domain,math,32240,0.4038694074969771,0.0,False
ax4-local-00483,layer_band,early,40055,0.426044226044226,0.0,False
ax4-local-00483,layer_band,middle,40055,0.4582278481012657,0.0,False
ax4-local-00483,layer_band,late,48066,2.220446049250313e-16,0.0,True
ax4-local-00484,domain,code,32256,0.07966890843248842,0.0,True
ax4-local-00484,domain,conversation,31424,0.10024009603841533,0.0,True
ax4-local-00484,domain,general,32256,0.12756647593402892,0.0,True
ax4-local-00484,domain,math,32240,0.08955987717502556,0.0,True
ax4-local-00484,layer_band,early,40055,0.1280632411067193,0.0,True
ax4-local-00484,layer_band,middle,40055,0.11144945188794153,0.0,True
ax4-local-00484,layer_band,late,48066,2.220446049250313e-16,0.0,True
ax4-local-00485,domain,code,32256,1.3877787807814457e-16,0.0,True
ax4-local-00485,domain,conversation,31424,1.249000902703301e-16,0.0,True
ax4-local-00485,domain,general,32256,1.3877787807814457e-16,0.0,True
ax4-local-00485,domain,math,32240,1.3877787807814457e-16,0.0,True
ax4-local-00485,layer_band,early,40055,1.1102230246251565e-16,0.0,True
ax4-local-00485,layer_band,middle,40055,1.1102230246251565e-16,0.0,True
ax4-local-00485,layer_band,late,48066,2.220446049250313e-16,0.0,True
ax4-local-00486,domain,code,32256,0.8554033485540335,0.0022941468253968255,False
ax4-local-00486,domain,conversation,31424,0.9408945686900958,0.009069501018329939,False
ax4-local-00486,domain,general,32256,1.0,0.011904761904761904,False
ax4-local-00486,domain,math,32240,0.9269247498912571,0.005272952853598015,False
ax4-local-00486,layer_band,early,40055,1.0,0.012932218199975034,False
ax4-local-00486,layer_band,middle,40055,0.9443333333333334,0.009861440519285981,False
ax4-local-00486,layer_band,late,48066,2.220446049250313e-16,0.0,True
ax4-local-00487,domain,code,32256,0.8554033485540335,0.0022941468253968255,False
ax4-local-00487,domain,conversation,31424,0.9408945686900958,0.009069501018329939,False
ax4-local-00487,domain,general,32256,1.0,0.011904761904761904,False
ax4-local-00487,domain,math,32240,0.9269247498912571,0.005272952853598015,False
ax4-local-00487,layer_band,early,40055,1.0,0.012932218199975034,False
ax4-local-00487,layer_band,middle,40055,0.9443333333333334,0.009861440519285981,False
ax4-local-00487,layer_band,late,48066,2.220446049250313e-16,0.0,True
ax4-local-00488,domain,code,32256,0.8554033485540335,0.0022941468253968255,False
ax4-local-00488,domain,conversation,31424,0.9408945686900958,0.009069501018329939,False
ax4-local-00488,domain,general,32256,1.0,0.011904761904761904,False
ax4-local-00488,domain,math,32240,0.9269247498912571,0.005272952853598015,False
ax4-local-00488,layer_band,early,40055,1.0,0.012932218199975034,False
ax4-local-00488,layer_band,middle,40055,0.9443333333333334,0.009861440519285981,False
ax4-local-00488,layer_band,late,48066,2.220446049250313e-16,0.0,True
ax4-local-00489,domain,code,32256,0.8554033485540335,0.0022941468253968255,False
ax4-local-00489,domain,conversation,31424,0.9408945686900958,0.009069501018329939,False
ax4-local-00489,domain,general,32256,1.0,0.011904761904761904,False
ax4-local-00489,domain,math,32240,0.9269247498912571,0.005272952853598015,False
ax4-local-00489,layer_band,early,40055,1.0,0.012932218199975034,False
ax4-local-00489,layer_band,middle,40055,0.9443333333333334,0.009861440519285981,False
ax4-local-00489,layer_band,late,48066,0.14014728855166259,0.0,True
ax4-local-00490,domain,code,32256,0.8554033485540335,0.0022941468253968255,False
ax4-local-00490,domain,conversation,31424,0.9408945686900958,0.009069501018329939,False
ax4-local-00490,domain,general,32256,1.0,0.011904761904761904,False
ax4-local-00490,domain,math,32240,0.9269247498912571,0.005272952853598015,False
ax4-local-00490,layer_band,early,40055,1.0,0.012932218199975034,False
ax4-local-00490,layer_band,middle,40055,0.9443333333333334,0.009861440519285981,False
ax4-local-00490,layer_band,late,48066,0.37989617744218973,0.0,False
ax4-local-00491,domain,code,32256,0.856743535988819,0.0022941468253968255,False
ax4-local-00491,domain,conversation,31424,0.9408945686900958,0.009069501018329939,False
ax4-local-00491,domain,general,32256,1.0,0.011904761904761904,False
ax4-local-00491,domain,math,32240,0.9269247498912571,0.005272952853598015,False
ax4-local-00491,layer_band,early,40055,1.0,0.012932218199975034,False
ax4-local-00491,layer_band,middle,40055,0.9443333333333334,0.009861440519285981,False
ax4-local-00491,layer_band,late,48066,0.7246753246753247,0.0,False
ax4-local-00492,domain,code,32256,0.8554033485540335,0.0022941468253968255,False
ax4-local-00492,domain,conversation,31424,0.9408945686900958,0.009069501018329939,False
ax4-local-00492,domain,general,32256,1.0,0.011904761904761904,False
ax4-local-00492,domain,math,32240,0.9269247498912571,0.005272952853598015,False
ax4-local-00492,layer_band,early,40055,1.0,0.012932218199975034,False
ax4-local-00492,layer_band,middle,40055,0.9443333333333334,0.009861440519285981,False
ax4-local-00492,layer_band,late,48066,1.1102230246251565e-16,0.0,True
ax4-local-00493,domain,code,32256,0.8554033485540335,0.0022941468253968255,False
ax4-local-00493,domain,conversation,31424,0.9408945686900958,0.009069501018329939,False
ax4-local-00493,domain,general,32256,1.0,0.011904761904761904,False
ax4-local-00493,domain,math,32240,0.9269247498912571,0.005272952853598015,False
ax4-local-00493,layer_band,early,40055,1.0,0.012932218199975034,False
ax4-local-00493,layer_band,middle,40055,0.9443333333333334,0.009861440519285981,False
ax4-local-00493,layer_band,late,48066,0.23686553873552973,0.0,False
ax4-local-00494,domain,code,32256,0.8582410824108241,0.0022941468253968255,False
ax4-local-00494,domain,conversation,31424,0.9414367516918272,0.009069501018329939,False
ax4-local-00494,domain,general,32256,1.0,0.011904761904761904,False
ax4-local-00494,domain,math,32240,0.9269247498912571,0.005272952853598015,False
ax4-local-00494,layer_band,early,40055,1.0,0.012932218199975034,False
ax4-local-00494,layer_band,middle,40055,0.9443333333333334,0.009861440519285981,False
ax4-local-00494,layer_band,late,48066,0.7946547884187083,0.0,False
ax4-local-00495,domain,code,32256,0.9121655729429581,0.00496031746031746,False
ax4-local-00495,domain,conversation,31424,1.0,0.025617362525458248,False
ax4-local-00495,domain,general,32256,1.0,0.035280257936507936,False
ax4-local-00495,domain,math,32240,1.0,0.018765508684863524,False
ax4-local-00495,layer_band,early,40055,1.0,0.012932218199975034,False
ax4-local-00495,layer_band,middle,40055,1.0,0.016477343652477845,False
ax4-local-00495,layer_band,late,48066,1.0,0.03183123205592311,False
ax4-local-00496,domain,code,32256,0.8554033485540335,0.0022941468253968255,False
ax4-local-00496,domain,conversation,31424,0.9408945686900958,0.009069501018329939,False
ax4-local-00496,domain,general,32256,1.0,0.011904761904761904,False
ax4-local-00496,domain,math,32240,0.9269247498912571,0.005272952853598015,False
ax4-local-00496,layer_band,early,40055,1.0,0.012932218199975034,False
ax4-local-00496,layer_band,middle,40055,0.9443333333333334,0.009861440519285981,False
ax4-local-00496,layer_band,late,48066,1.1796119636642288e-16,0.0,True
ax4-local-00497,domain,code,32256,0.8554033485540335,0.0022941468253968255,False
ax4-local-00497,domain,conversation,31424,0.9408945686900958,0.009069501018329939,False
ax4-local-00497,domain,general,32256,1.0,0.011904761904761904,False
ax4-local-00497,domain,math,32240,0.9269247498912571,0.005272952853598015,False
ax4-local-00497,layer_band,early,40055,1.0,0.012932218199975034,False
ax4-local-00497,layer_band,middle,40055,0.9443333333333334,0.009861440519285981,False
ax4-local-00497,layer_band,late,48066,1.1796119636642288e-16,0.0,True
ax4-local-00498,domain,code,32256,0.8554033485540335,0.0022941468253968255,False
ax4-local-00498,domain,conversation,31424,0.9408945686900958,0.009069501018329939,False
ax4-local-00498,domain,general,32256,1.0,0.011904761904761904,False
ax4-local-00498,domain,math,32240,0.9269247498912571,0.005272952853598015,False
ax4-local-00498,layer_band,early,40055,1.0,0.012932218199975034,False
ax4-local-00498,layer_band,middle,40055,0.9443333333333334,0.009861440519285981,False
ax4-local-00498,layer_band,late,48066,1.1796119636642288e-16,0.0,True
ax4-local-00499,domain,code,32256,0.8554033485540335,0.0022941468253968255,False
ax4-local-00499,domain,conversation,31424,0.9408945686900958,0.009069501018329939,False
ax4-local-00499,domain,general,32256,1.0,0.011904761904761904,False
ax4-local-00499,domain,math,32240,0.9269247498912571,0.005272952853598015,False
ax4-local-00499,layer_band,early,40055,1.0,0.012932218199975034,False
ax4-local-00499,layer_band,middle,40055,0.9443333333333334,0.009861440519285981,False
ax4-local-00499,layer_band,late,48066,1.1796119636642288e-16,0.0,True
ax4-local-00500,domain,code,32256,0.8554033485540335,0.0022941468253968255,False
ax4-local-00500,domain,conversation,31424,0.9408945686900958,0.009069501018329939,False
ax4-local-00500,domain,general,32256,1.0,0.011904761904761904,False
ax4-local-00500,domain,math,32240,0.9269247498912571,0.005272952853598015,False
ax4-local-00500,layer_band,early,40055,1.0,0.012932218199975034,False
ax4-local-00500,layer_band,middle,40055,0.9443333333333334,0.009861440519285981,False
ax4-local-00500,layer_band,late,48066,1.1102230246251565e-16,0.0,True
ax4-local-00501,domain,code,32256,0.8554033485540335,0.0022941468253968255,False
ax4-local-00501,domain,conversation,31424,0.9408945686900958,0.009069501018329939,False
ax4-local-00501,domain,general,32256,1.0,0.011904761904761904,False
ax4-local-00501,domain,math,32240,0.9269247498912571,0.005272952853598015,False
ax4-local-00501,layer_band,early,40055,1.0,0.012932218199975034,False
ax4-local-00501,layer_band,middle,40055,0.9443333333333334,0.009861440519285981,False
ax4-local-00501,layer_band,late,48066,0.12359256349829806,0.0,True
ax4-local-00502,domain,code,32256,0.8554033485540335,0.0022941468253968255,False
ax4-local-00502,domain,conversation,31424,0.9408945686900958,0.009069501018329939,False
ax4-local-00502,domain,general,32256,1.0,0.011904761904761904,False
ax4-local-00502,domain,math,32240,0.9269247498912571,0.005272952853598015,False
ax4-local-00502,layer_band,early,40055,1.0,0.012932218199975034,False
ax4-local-00502,layer_band,middle,40055,0.9443333333333334,0.009861440519285981,False
ax4-local-00502,layer_band,late,48066,0.37465898757199156,0.0,False
ax4-local-00503,domain,code,32256,0.8556541875723659,0.0022941468253968255,False
ax4-local-00503,domain,conversation,31424,0.9408945686900958,0.009069501018329939,False
ax4-local-00503,domain,general,32256,1.0,0.011904761904761904,False
ax4-local-00503,domain,math,32240,0.9269247498912571,0.005272952853598015,False
ax4-local-00503,layer_band,early,40055,1.0,0.012932218199975034,False
ax4-local-00503,layer_band,middle,40055,0.9443333333333334,0.009861440519285981,False
ax4-local-00503,layer_band,late,48066,0.7244196843082638,0.0,False
ax4-local-00504,domain,code,32256,0.6807284462886123,3.1001984126984125e-05,False
ax4-local-00504,domain,conversation,31424,0.7842304060434372,3.182281059063136e-05,False
ax4-local-00504,domain,general,32256,0.8233695652173914,3.1001984126984125e-05,False
ax4-local-00504,domain,math,32240,0.7995791688584954,0.0,False
ax4-local-00504,layer_band,early,40055,0.7586678832116788,7.489701660217201e-05,False
ax4-local-00504,layer_band,middle,40055,0.7235367372353674,0.0,False
ax4-local-00504,layer_band,late,48066,0.8363858363858363,0.0,False
ax4-local-00505,domain,code,32256,0.7446808510638298,0.0011160714285714285,False
ax4-local-00505,domain,conversation,31424,0.844541910331384,0.002036659877800407,False
ax4-local-00505,domain,general,32256,0.8859792689579924,0.0028211805555555555,False
ax4-local-00505,domain,math,32240,0.8631818181818182,0.0016439205955334987,False
ax4-local-00505,layer_band,early,40055,0.7982456140350878,0.0005242791162152041,False
ax4-local-00505,layer_band,middle,40055,0.8070533372194695,0.0014729746598427162,False
ax4-local-00505,layer_band,late,48066,0.907210401891253,0.003411975200765614,False
ax4-local-00506,domain,code,32256,0.7446808510638298,0.0011160714285714285,False
ax4-local-00506,domain,conversation,31424,0.844541910331384,0.002036659877800407,False
ax4-local-00506,domain,general,32256,0.8859792689579924,0.0028211805555555555,False
ax4-local-00506,domain,math,32240,0.8631818181818182,0.0016439205955334987,False
ax4-local-00506,layer_band,early,40055,0.7982456140350878,0.0005242791162152041,False
ax4-local-00506,layer_band,middle,40055,0.8070533372194695,0.0014729746598427162,False
ax4-local-00506,layer_band,late,48066,0.907210401891253,0.003411975200765614,False
ax4-local-00507,domain,code,32256,0.7446808510638298,0.0011160714285714285,False
ax4-local-00507,domain,conversation,31424,0.844541910331384,0.002036659877800407,False
ax4-local-00507,domain,general,32256,0.8859792689579924,0.0028211805555555555,False
ax4-local-00507,domain,math,32240,0.8631818181818182,0.0016439205955334987,False
ax4-local-00507,layer_band,early,40055,0.7982456140350878,0.0005242791162152041,False
ax4-local-00507,layer_band,middle,40055,0.8070533372194695,0.0014729746598427162,False
ax4-local-00507,layer_band,late,48066,0.907210401891253,0.003411975200765614,False
ax4-local-00508,domain,code,32256,0.6035374149659865,3.1001984126984125e-05,False
ax4-local-00508,domain,conversation,31424,0.6728395061728395,3.182281059063136e-05,False
ax4-local-00508,domain,general,32256,0.7087466185752931,3.1001984126984125e-05,False
ax4-local-00508,domain,math,32240,0.6885796545105566,0.0,False
ax4-local-00508,layer_band,early,40055,0.7051282051282051,7.489701660217201e-05,False
ax4-local-00508,layer_band,middle,40055,0.6178343949044586,0.0,False
ax4-local-00508,layer_band,late,48066,0.681512335789811,0.0,False
ax4-local-00509,domain,code,32256,0.6035374149659865,3.1001984126984125e-05,False
ax4-local-00509,domain,conversation,31424,0.6728395061728395,3.182281059063136e-05,False
ax4-local-00509,domain,general,32256,0.7087466185752931,3.1001984126984125e-05,False
ax4-local-00509,domain,math,32240,0.6885796545105566,0.0,False
ax4-local-00509,layer_band,early,40055,0.7051282051282051,7.489701660217201e-05,False
ax4-local-00509,layer_band,middle,40055,0.6178343949044586,0.0,False
ax4-local-00509,layer_band,late,48066,0.681512335789811,0.0,False
ax4-local-00510,domain,code,32256,0.6035374149659865,3.1001984126984125e-05,False
ax4-local-00510,domain,conversation,31424,0.6728395061728395,3.182281059063136e-05,False
ax4-local-00510,domain,general,32256,0.7087466185752931,3.1001984126984125e-05,False
ax4-local-00510,domain,math,32240,0.6885796545105566,0.0,False
ax4-local-00510,layer_band,early,40055,0.7051282051282051,7.489701660217201e-05,False
ax4-local-00510,layer_band,middle,40055,0.6178343949044586,0.0,False
ax4-local-00510,layer_band,late,48066,0.681512335789811,0.0,False
ax4-local-00511,domain,code,32256,0.6035374149659865,3.1001984126984125e-05,False
ax4-local-00511,domain,conversation,31424,0.6728395061728395,3.182281059063136e-05,False
ax4-local-00511,domain,general,32256,0.7087466185752931,3.1001984126984125e-05,False
ax4-local-00511,domain,math,32240,0.6885796545105566,0.0,False
ax4-local-00511,layer_band,early,40055,0.7051282051282051,7.489701660217201e-05,False
ax4-local-00511,layer_band,middle,40055,0.6178343949044586,0.0,False
ax4-local-00511,layer_band,late,48066,0.681512335789811,0.0,False
ax4-local-00512,domain,code,32256,0.6526977475117863,3.1001984126984125e-05,False
ax4-local-00512,domain,conversation,31424,0.7410891089108911,3.182281059063136e-05,False
ax4-local-00512,domain,general,32256,0.7800064703979295,3.1001984126984125e-05,False
ax4-local-00512,domain,math,32240,0.7500726532984597,0.0,False
ax4-local-00512,layer_band,early,40055,0.736934306569343,7.489701660217201e-05,False
ax4-local-00512,layer_band,middle,40055,0.6800278842802371,0.0,False
ax4-local-00512,layer_band,late,48066,0.7770842621489077,0.0,False
ax4-local-00513,domain,code,32256,0.6838379866299646,0.0004650297619047619,False
ax4-local-00513,domain,conversation,31424,0.7842304060434372,0.0006682790224032586,False
ax4-local-00513,domain,general,32256,0.8217522658610271,0.0009300595238095238,False
ax4-local-00513,domain,math,32240,0.7972556706804816,0.0004652605459057072,False
ax4-local-00513,layer_band,early,40055,0.7627401837928154,0.00022469104980651604,False
ax4-local-00513,layer_band,middle,40055,0.7309644670050761,0.0005242791162152041,False
ax4-local-00513,layer_band,late,48066,0.8282490597576264,0.0010610410685307702,False
ax4-local-00514,domain,code,32256,0.6969481902058198,0.0005890376984126984,False
ax4-local-00514,domain,conversation,31424,0.802625410220347,0.001145621181262729,False
ax4-local-00514,domain,general,32256,0.840593739916102,0.001457093253968254,False
ax4-local-00514,domain,math,32240,0.813840155945419,0.0007754342431761787,False
ax4-local-00514,layer_band,early,40055,0.7736137667304015,0.00029958806640868806,False
ax4-local-00514,layer_band,middle,40055,0.7601510859301228,0.0008987641992260642,False
ax4-local-00514,layer_band,late,48066,0.8522062732589049,0.001643573419880997,False
ax4-local-00515,domain,code,32256,0.7274622199062011,0.0008990575396825396,False
ax4-local-00515,domain,conversation,31424,0.8199653779572995,0.0013365580448065173,False
ax4-local-00515,domain,general,32256,0.8655753968253969,0.002170138888888889,False
ax4-local-00515,domain,math,32240,0.841248303934871,0.001271712158808933,False
ax4-local-00515,layer_band,early,40055,0.7888563049853372,0.0004493820996130321,False
ax4-local-00515,layer_band,middle,40055,0.7866847826086957,0.001023592560229684,False
ax4-local-00515,layer_band,late,48066,0.8824780266515453,0.0025589814005742106,False
ax4-local-00516,domain,code,32256,0.6807284462886123,3.1001984126984125e-05,False
ax4-local-00516,domain,conversation,31424,0.7842304060434372,3.182281059063136e-05,False
ax4-local-00516,domain,general,32256,0.8233695652173914,3.1001984126984125e-05,False
ax4-local-00516,domain,math,32240,0.7995791688584954,0.0,False
ax4-local-00516,layer_band,early,40055,0.7586678832116788,7.489701660217201e-05,False
ax4-local-00516,layer_band,middle,40055,0.7235367372353674,0.0,False
ax4-local-00516,layer_band,late,48066,0.8363858363858363,0.0,False
ax4-local-00517,domain,code,32256,0.7446808510638298,0.0011160714285714285,False
ax4-local-00517,domain,conversation,31424,0.844541910331384,0.002036659877800407,False
ax4-local-00517,domain,general,32256,0.8859792689579924,0.0028211805555555555,False
ax4-local-00517,domain,math,32240,0.8631818181818182,0.0016439205955334987,False
ax4-local-00517,layer_band,early,40055,0.7982456140350878,0.0005242791162152041,False
ax4-local-00517,layer_band,middle,40055,0.8070533372194695,0.0014729746598427162,False
ax4-local-00517,layer_band,late,48066,0.907210401891253,0.003411975200765614,False
ax4-local-00518,domain,code,32256,0.7446808510638298,0.0011160714285714285,False
ax4-local-00518,domain,conversation,31424,0.844541910331384,0.002036659877800407,False
ax4-local-00518,domain,general,32256,0.8859792689579924,0.0028211805555555555,False
ax4-local-00518,domain,math,32240,0.8631818181818182,0.0016439205955334987,False
ax4-local-00518,layer_band,early,40055,0.7982456140350878,0.0005242791162152041,False
ax4-local-00518,layer_band,middle,40055,0.8070533372194695,0.0014729746598427162,False
ax4-local-00518,layer_band,late,48066,0.907210401891253,0.003411975200765614,False
ax4-local-00519,domain,code,32256,0.7446808510638298,0.0011160714285714285,False
ax4-local-00519,domain,conversation,31424,0.844541910331384,0.002036659877800407,False
ax4-local-00519,domain,general,32256,0.8859792689579924,0.0028211805555555555,False
ax4-local-00519,domain,math,32240,0.8631818181818182,0.0016439205955334987,False
ax4-local-00519,layer_band,early,40055,0.7982456140350878,0.0005242791162152041,False
ax4-local-00519,layer_band,middle,40055,0.8070533372194695,0.0014729746598427162,False
ax4-local-00519,layer_band,late,48066,0.907210401891253,0.003411975200765614,False
ax4-local-00520,domain,code,32256,0.6035374149659865,3.1001984126984125e-05,False
ax4-local-00520,domain,conversation,31424,0.6728395061728395,3.182281059063136e-05,False
ax4-local-00520,domain,general,32256,0.7087466185752931,3.1001984126984125e-05,False
ax4-local-00520,domain,math,32240,0.6885796545105566,0.0,False
ax4-local-00520,layer_band,early,40055,0.7051282051282051,7.489701660217201e-05,False
ax4-local-00520,layer_band,middle,40055,0.6178343949044586,0.0,False
ax4-local-00520,layer_band,late,48066,0.681512335789811,0.0,False
ax4-local-00521,domain,code,32256,0.6035374149659865,3.1001984126984125e-05,False
ax4-local-00521,domain,conversation,31424,0.6728395061728395,3.182281059063136e-05,False
ax4-local-00521,domain,general,32256,0.7087466185752931,3.1001984126984125e-05,False
ax4-local-00521,domain,math,32240,0.6885796545105566,0.0,False
ax4-local-00521,layer_band,early,40055,0.7051282051282051,7.489701660217201e-05,False
ax4-local-00521,layer_band,middle,40055,0.6178343949044586,0.0,False
ax4-local-00521,layer_band,late,48066,0.681512335789811,0.0,False
ax4-local-00522,domain,code,32256,0.6035374149659865,3.1001984126984125e-05,False
ax4-local-00522,domain,conversation,31424,0.6728395061728395,3.182281059063136e-05,False
ax4-local-00522,domain,general,32256,0.7087466185752931,3.1001984126984125e-05,False
ax4-local-00522,domain,math,32240,0.6885796545105566,0.0,False
ax4-local-00522,layer_band,early,40055,0.7051282051282051,7.489701660217201e-05,False
ax4-local-00522,layer_band,middle,40055,0.6178343949044586,0.0,False
ax4-local-00522,layer_band,late,48066,0.681512335789811,0.0,False
ax4-local-00523,domain,code,32256,0.6035374149659865,3.1001984126984125e-05,False
ax4-local-00523,domain,conversation,31424,0.6728395061728395,3.182281059063136e-05,False
ax4-local-00523,domain,general,32256,0.7087466185752931,3.1001984126984125e-05,False
ax4-local-00523,domain,math,32240,0.6885796545105566,0.0,False
ax4-local-00523,layer_band,early,40055,0.7051282051282051,7.489701660217201e-05,False
ax4-local-00523,layer_band,middle,40055,0.6178343949044586,0.0,False
ax4-local-00523,layer_band,late,48066,0.681512335789811,0.0,False
ax4-local-00524,domain,code,32256,0.6528225806451613,3.1001984126984125e-05,False
ax4-local-00524,domain,conversation,31424,0.7410891089108911,3.182281059063136e-05,False
ax4-local-00524,domain,general,32256,0.7799827437446074,3.1001984126984125e-05,False
ax4-local-00524,domain,math,32240,0.7509423021165555,0.0,False
ax4-local-00524,layer_band,early,40055,0.736934306569343,7.489701660217201e-05,False
ax4-local-00524,layer_band,middle,40055,0.6812816188870152,0.0,False
ax4-local-00524,layer_band,late,48066,0.7781995661605207,0.0,False
ax4-local-00525,domain,code,32256,0.6838379866299646,0.00040302579365079363,False
ax4-local-00525,domain,conversation,31424,0.7855310415597743,0.0006046334012219959,False
ax4-local-00525,domain,general,32256,0.8245711123408965,0.000744047619047619,False
ax4-local-00525,domain,math,32240,0.8017673752089802,0.0006823821339950372,False
ax4-local-00525,layer_band,early,40055,0.763233483791547,0.00017475970540506804,False
ax4-local-00525,layer_band,middle,40055,0.7378048780487805,0.0004493820996130321,False
ax4-local-00525,layer_band,late,48066,0.8326848249027238,0.0011026505221986434,False
ax4-local-00526,domain,code,32256,0.7001569858712716,0.0005270337301587301,False
ax4-local-00526,domain,conversation,31424,0.8021603183627061,0.0012092668024439918,False
ax4-local-00526,domain,general,32256,0.8453565505804312,0.0013640873015873015,False
ax4-local-00526,domain,math,32240,0.8170153417015342,0.0009925558312655087,False
ax4-local-00526,layer_band,early,40055,0.772300469483568,0.00029958806640868806,False
ax4-local-00526,layer_band,middle,40055,0.7622667588113339,0.0007739358382224442,False
ax4-local-00526,layer_band,late,48066,0.860238751147842,0.001830815961386427,False
ax4-local-00527,domain,code,32256,0.726674886970818,0.0010230654761904762,False
ax4-local-00527,domain,conversation,31424,0.8300104931794334,0.001559317718940937,False
ax4-local-00527,domain,general,32256,0.8678561471982158,0.0021081349206349205,False
ax4-local-00527,domain,math,32240,0.8433020266930302,0.0011786600496277917,False
ax4-local-00527,layer_band,early,40055,0.7857977790765633,0.00042441642741230807,False
ax4-local-00527,layer_band,middle,40055,0.7867151011935651,0.0011733865934340283,False
ax4-local-00527,layer_band,late,48066,0.889102810935695,0.002579786127408147,False
ax4-local-00528,domain,code,32256,0.6807284462886123,3.1001984126984125e-05,False
ax4-local-00528,domain,conversation,31424,0.7842304060434372,3.182281059063136e-05,False
ax4-local-00528,domain,general,32256,0.8233695652173914,3.1001984126984125e-05,False
ax4-local-00528,domain,math,32240,0.7995791688584954,0.0,False
ax4-local-00528,layer_band,early,40055,0.7586678832116788,7.489701660217201e-05,False
ax4-local-00528,layer_band,middle,40055,0.7235367372353674,0.0,False
ax4-local-00528,layer_band,late,48066,0.8363858363858363,0.0,False
ax4-local-00529,domain,code,32256,0.7446808510638298,0.0011160714285714285,False
ax4-local-00529,domain,conversation,31424,0.844541910331384,0.002036659877800407,False
ax4-local-00529,domain,general,32256,0.8859792689579924,0.0028211805555555555,False
ax4-local-00529,domain,math,32240,0.8631818181818182,0.0016439205955334987,False
ax4-local-00529,layer_band,early,40055,0.7982456140350878,0.0005242791162152041,False
ax4-local-00529,layer_band,middle,40055,0.8070533372194695,0.0014729746598427162,False
ax4-local-00529,layer_band,late,48066,0.907210401891253,0.003411975200765614,False
ax4-local-00530,domain,code,32256,0.7446808510638298,0.0011160714285714285,False
ax4-local-00530,domain,conversation,31424,0.844541910331384,0.002036659877800407,False
ax4-local-00530,domain,general,32256,0.8859792689579924,0.0028211805555555555,False
ax4-local-00530,domain,math,32240,0.8631818181818182,0.0016439205955334987,False
ax4-local-00530,layer_band,early,40055,0.7982456140350878,0.0005242791162152041,False
ax4-local-00530,layer_band,middle,40055,0.8070533372194695,0.0014729746598427162,False
ax4-local-00530,layer_band,late,48066,0.907210401891253,0.003411975200765614,False
ax4-local-00531,domain,code,32256,0.7446808510638298,0.0011160714285714285,False
ax4-local-00531,domain,conversation,31424,0.844541910331384,0.002036659877800407,False
ax4-local-00531,domain,general,32256,0.8859792689579924,0.0028211805555555555,False
ax4-local-00531,domain,math,32240,0.8631818181818182,0.0016439205955334987,False
ax4-local-00531,layer_band,early,40055,0.7982456140350878,0.0005242791162152041,False
ax4-local-00531,layer_band,middle,40055,0.8070533372194695,0.0014729746598427162,False
ax4-local-00531,layer_band,late,48066,0.907210401891253,0.003411975200765614,False
ax4-local-00532,domain,code,32256,0.6035374149659865,3.1001984126984125e-05,False
ax4-local-00532,domain,conversation,31424,0.6728395061728395,3.182281059063136e-05,False
ax4-local-00532,domain,general,32256,0.7087466185752931,3.1001984126984125e-05,False
ax4-local-00532,domain,math,32240,0.6885796545105566,0.0,False
ax4-local-00532,layer_band,early,40055,0.7051282051282051,7.489701660217201e-05,False
ax4-local-00532,layer_band,middle,40055,0.6178343949044586,0.0,False
ax4-local-00532,layer_band,late,48066,0.681512335789811,0.0,False
ax4-local-00533,domain,code,32256,0.6035374149659865,3.1001984126984125e-05,False
ax4-local-00533,domain,conversation,31424,0.6728395061728395,3.182281059063136e-05,False
ax4-local-00533,domain,general,32256,0.7087466185752931,3.1001984126984125e-05,False
ax4-local-00533,domain,math,32240,0.6885796545105566,0.0,False
ax4-local-00533,layer_band,early,40055,0.7051282051282051,7.489701660217201e-05,False
ax4-local-00533,layer_band,middle,40055,0.6178343949044586,0.0,False
ax4-local-00533,layer_band,late,48066,0.681512335789811,0.0,False
ax4-local-00534,domain,code,32256,0.6035374149659865,3.1001984126984125e-05,False
ax4-local-00534,domain,conversation,31424,0.6728395061728395,3.182281059063136e-05,False
ax4-local-00534,domain,general,32256,0.7087466185752931,3.1001984126984125e-05,False
ax4-local-00534,domain,math,32240,0.6885796545105566,0.0,False
ax4-local-00534,layer_band,early,40055,0.7051282051282051,7.489701660217201e-05,False
ax4-local-00534,layer_band,middle,40055,0.6178343949044586,0.0,False
ax4-local-00534,layer_band,late,48066,0.681512335789811,0.0,False
ax4-local-00535,domain,code,32256,0.6035374149659865,3.1001984126984125e-05,False
ax4-local-00535,domain,conversation,31424,0.6728395061728395,3.182281059063136e-05,False
ax4-local-00535,domain,general,32256,0.7087466185752931,3.1001984126984125e-05,False
ax4-local-00535,domain,math,32240,0.6885796545105566,0.0,False
ax4-local-00535,layer_band,early,40055,0.7051282051282051,7.489701660217201e-05,False
ax4-local-00535,layer_band,middle,40055,0.6178343949044586,0.0,False
ax4-local-00535,layer_band,late,48066,0.681512335789811,0.0,False
ax4-local-00536,domain,code,32256,0.41543513957307054,0.0,False
ax4-local-00536,domain,conversation,31424,0.48034006376195537,0.0,False
ax4-local-00536,domain,general,32256,0.5106282475200755,0.0,False
ax4-local-00536,domain,math,32240,0.4973118279569893,0.0,False
ax4-local-00536,layer_band,early,40055,0.46651884700665186,0.0,False
ax4-local-00536,layer_band,middle,40055,0.4589266155531216,0.0,False
ax4-local-00536,layer_band,late,48066,0.5103905001141813,0.0,False
ax4-local-00537,domain,code,32256,0.5200252286345002,3.1001984126984125e-05,False
ax4-local-00537,domain,conversation,31424,0.5685607349438584,3.182281059063136e-05,False
ax4-local-00537,domain,general,32256,0.5954965822275834,3.1001984126984125e-05,False
ax4-local-00537,domain,math,32240,0.5690515806988352,0.0,False
ax4-local-00537,layer_band,early,40055,0.6981747066492829,7.489701660217201e-05,False
ax4-local-00537,layer_band,middle,40055,0.31926249393498296,0.0,False
ax4-local-00537,layer_band,late,48066,0.3691830403309203,0.0,False
ax4-local-00538,domain,code,32256,0.5192926045016077,3.1001984126984125e-05,False
ax4-local-00538,domain,conversation,31424,0.5685607349438584,3.182281059063136e-05,False
ax4-local-00538,domain,general,32256,0.5954965822275834,3.1001984126984125e-05,False
ax4-local-00538,domain,math,32240,0.5690515806988352,0.0,False
ax4-local-00538,layer_band,early,40055,0.6981747066492829,7.489701660217201e-05,False
ax4-local-00538,layer_band,middle,40055,0.19729015201586253,0.0,True
ax4-local-00538,layer_band,late,48066,0.24244031830238744,0.0,False
ax4-local-00539,domain,code,32256,0.3129318854886475,0.0,False
ax4-local-00539,domain,conversation,31424,0.3344658361645904,0.0,False
ax4-local-00539,domain,general,32256,0.35308151093439366,0.0,False
ax4-local-00539,domain,math,32240,0.33848953594176534,0.0,False
ax4-local-00539,layer_band,early,40055,0.44133034379671154,0.0,False
ax4-local-00539,layer_band,middle,40055,0.19729015201586253,0.0,True
ax4-local-00539,layer_band,late,48066,0.24244031830238744,0.0,False
ax4-local-00540,domain,code,32256,0.09701492537313441,0.0,True
ax4-local-00540,domain,conversation,31424,0.10650357995226728,0.0,True
ax4-local-00540,domain,general,32256,0.11955420466058764,0.0,True
ax4-local-00540,domain,math,32240,0.10559120073327216,0.0,True
ax4-local-00540,layer_band,early,40055,0.17341482047364398,0.0,True
ax4-local-00540,layer_band,middle,40055,0.0708333333333333,0.0,True
ax4-local-00540,layer_band,late,48066,0.07950243374797183,0.0,True
ax4-local-00541,domain,code,32256,0.5192926045016077,3.1001984126984125e-05,False
ax4-local-00541,domain,conversation,31424,0.5685607349438584,3.182281059063136e-05,False
ax4-local-00541,domain,general,32256,0.5954965822275834,3.1001984126984125e-05,False
ax4-local-00541,domain,math,32240,0.5690515806988352,0.0,False
ax4-local-00541,layer_band,early,40055,0.6981747066492829,7.489701660217201e-05,False
ax4-local-00541,layer_band,middle,40055,0.0708333333333333,0.0,True
ax4-local-00541,layer_band,late,48066,0.07950243374797183,0.0,True
ax4-local-00542,domain,code,32256,0.30126037503842606,0.0,False
ax4-local-00542,domain,conversation,31424,0.31710037174721195,0.0,False
ax4-local-00542,domain,general,32256,0.33815178110480126,0.0,False
ax4-local-00542,domain,math,32240,0.32650273224043713,0.0,False
ax4-local-00542,layer_band,early,40055,0.44133034379671154,0.0,False
ax4-local-00542,layer_band,middle,40055,1.5265566588595902e-16,0.0,True
ax4-local-00542,layer_band,late,48066,0.03620873269435565,0.0,True
ax4-local-00543,domain,code,32256,0.09090909090909088,0.0,True
ax4-local-00543,domain,conversation,31424,0.09547738693467328,0.0,True
ax4-local-00543,domain,general,32256,0.1031078610603291,0.0,True
ax4-local-00543,domain,math,32240,0.0953008344312692,0.0,True
ax4-local-00543,layer_band,early,40055,0.17322239031770054,0.0,True
ax4-local-00543,layer_band,middle,40055,1.3877787807814457e-16,0.0,True
ax4-local-00543,layer_band,late,48066,1.5265566588595902e-16,0.0,True
ax4-local-00544,domain,code,32256,1.3877787807814457e-16,0.0,True
ax4-local-00544,domain,conversation,31424,1.3877787807814457e-16,0.0,True
ax4-local-00544,domain,general,32256,1.6653345369377348e-16,0.0,True
ax4-local-00544,domain,math,32240,1.3877787807814457e-16,0.0,True
ax4-local-00544,layer_band,early,40055,1.6653345369377348e-16,0.0,True
ax4-local-00544,layer_band,middle,40055,1.3877787807814457e-16,0.0,True
ax4-local-00544,layer_band,late,48066,1.5265566588595902e-16,0.0,True
ax4-local-00545,domain,code,32256,0.5192926045016077,3.1001984126984125e-05,False
ax4-local-00545,domain,conversation,31424,0.5685607349438584,3.182281059063136e-05,False
ax4-local-00545,domain,general,32256,0.5954965822275834,3.1001984126984125e-05,False
ax4-local-00545,domain,math,32240,0.5690515806988352,0.0,False
ax4-local-00545,layer_band,early,40055,0.6981747066492829,7.489701660217201e-05,False
ax4-local-00545,layer_band,middle,40055,1.3877787807814457e-16,0.0,True
ax4-local-00545,layer_band,late,48066,1.5265566588595902e-16,0.0,True
ax4-local-00546,domain,code,32256,0.09090909090909088,0.0,True
ax4-local-00546,domain,conversation,31424,0.09547738693467328,0.0,True
ax4-local-00546,domain,general,32256,0.1031078610603291,0.0,True
ax4-local-00546,domain,math,32240,0.0953008344312692,0.0,True
ax4-local-00546,layer_band,early,40055,0.17322239031770054,0.0,True
ax4-local-00546,layer_band,middle,40055,1.3877787807814457e-16,0.0,True
ax4-local-00546,layer_band,late,48066,1.5265566588595902e-16,0.0,True
ax4-local-00547,domain,code,32256,1.3877787807814457e-16,0.0,True
ax4-local-00547,domain,conversation,31424,1.3877787807814457e-16,0.0,True
ax4-local-00547,domain,general,32256,1.6653345369377348e-16,0.0,True
ax4-local-00547,domain,math,32240,1.3877787807814457e-16,0.0,True
ax4-local-00547,layer_band,early,40055,1.6653345369377348e-16,0.0,True
ax4-local-00547,layer_band,middle,40055,1.3877787807814457e-16,0.0,True
ax4-local-00547,layer_band,late,48066,1.5265566588595902e-16,0.0,True
ax4-local-00548,domain,code,32256,1.3877787807814457e-16,0.0,True
ax4-local-00548,domain,conversation,31424,1.3877787807814457e-16,0.0,True
ax4-local-00548,domain,general,32256,1.6653345369377348e-16,0.0,True
ax4-local-00548,domain,math,32240,1.3877787807814457e-16,0.0,True
ax4-local-00548,layer_band,early,40055,1.5265566588595902e-16,0.0,True
ax4-local-00548,layer_band,middle,40055,1.3877787807814457e-16,0.0,True
ax4-local-00548,layer_band,late,48066,1.5265566588595902e-16,0.0,True
ax4-local-00549,domain,code,32256,0.6035374149659865,3.1001984126984125e-05,False
ax4-local-00549,domain,conversation,31424,0.6728395061728395,3.182281059063136e-05,False
ax4-local-00549,domain,general,32256,0.7087466185752931,3.1001984126984125e-05,False
ax4-local-00549,domain,math,32240,0.6885796545105566,0.0,False
ax4-local-00549,layer_band,early,40055,0.7051282051282051,7.489701660217201e-05,False
ax4-local-00549,layer_band,middle,40055,0.6178343949044586,0.0,False
ax4-local-00549,layer_band,late,48066,0.681512335789811,0.0,False
ax4-local-00550,domain,code,32256,0.6035374149659865,3.1001984126984125e-05,False
ax4-local-00550,domain,conversation,31424,0.6728395061728395,3.182281059063136e-05,False
ax4-local-00550,domain,general,32256,0.7087466185752931,3.1001984126984125e-05,False
ax4-local-00550,domain,math,32240,0.6885796545105566,0.0,False
ax4-local-00550,layer_band,early,40055,0.7051282051282051,7.489701660217201e-05,False
ax4-local-00550,layer_band,middle,40055,0.6178343949044586,0.0,False
ax4-local-00550,layer_band,late,48066,0.681512335789811,0.0,False
ax4-local-00551,domain,code,32256,0.6531620553359684,3.1001984126984125e-05,False
ax4-local-00551,domain,conversation,31424,0.7407002188183808,3.182281059063136e-05,False
ax4-local-00551,domain,general,32256,0.7795816422104277,3.1001984126984125e-05,False
ax4-local-00551,domain,math,32240,0.7512912197059992,0.0,False
ax4-local-00551,layer_band,early,40055,0.7370617696160267,7.489701660217201e-05,False
ax4-local-00551,layer_band,middle,40055,0.6811436844010135,0.0,False
ax4-local-00551,layer_band,late,48066,0.7766610831937465,0.0,False
ax4-local-00552,domain,code,32256,0.6830054821025475,0.0004650297619047619,False
ax4-local-00552,domain,conversation,31424,0.7867518884369553,0.001050152749490835,False
ax4-local-00552,domain,general,32256,0.8239921337266469,0.0010540674603174603,False
ax4-local-00552,domain,math,32240,0.7998932764140876,0.0006823821339950372,False
ax4-local-00552,layer_band,early,40055,0.7658245042108123,0.00037448508301086004,False
ax4-local-00552,layer_band,middle,40055,0.7272131147540984,0.0006241418050181001,False
ax4-local-00552,layer_band,late,48066,0.8295668549905838,0.001331502517371947,False
ax4-local-00553,domain,code,32256,0.6961639058413251,0.0005270337301587301,False
ax4-local-00553,domain,conversation,31424,0.8054794520547945,0.0012410896130346232,False
ax4-local-00553,domain,general,32256,0.8359310910582445,0.0013640873015873015,False
ax4-local-00553,domain,math,32240,0.8136996612721115,0.0007133995037220844,False
ax4-local-00553,layer_band,early,40055,0.7768259693417493,0.00029958806640868806,False
ax4-local-00553,layer_band,middle,40055,0.7552155771905424,0.0007240044938209961,False
ax4-local-00553,layer_band,late,48066,0.8516937850093358,0.001705987600382807,False
ax4-local-00554,domain,code,32256,0.7244367417677643,0.0008370535714285714,False
ax4-local-00554,domain,conversation,31424,0.8211068211068211,0.001495672097759674,False
ax4-local-00554,domain,general,32256,0.8705931148900872,0.0021081349206349205,False
ax4-local-00554,domain,math,32240,0.8409801876955162,0.0013337468982630273,False
ax4-local-00554,layer_band,early,40055,0.7879495562821112,0.0004493820996130321,False
ax4-local-00554,layer_band,middle,40055,0.7833925157060913,0.0010984895768318562,False
ax4-local-00554,layer_band,late,48066,0.8866231647634584,0.0025589814005742106,False
ax4-local-00555,domain,code,32256,0.6807284462886123,3.1001984126984125e-05,False
ax4-local-00555,domain,conversation,31424,0.7842304060434372,3.182281059063136e-05,False
ax4-local-00555,domain,general,32256,0.8233695652173914,3.1001984126984125e-05,False
ax4-local-00555,domain,math,32240,0.7995791688584954,0.0,False
ax4-local-00555,layer_band,early,40055,0.7586678832116788,7.489701660217201e-05,False
ax4-local-00555,layer_band,middle,40055,0.7235367372353674,0.0,False
ax4-local-00555,layer_band,late,48066,0.8363858363858363,0.0,False
ax4-local-00556,domain,code,32256,0.7446808510638298,0.0011160714285714285,False
ax4-local-00556,domain,conversation,31424,0.844541910331384,0.002036659877800407,False
ax4-local-00556,domain,general,32256,0.8859792689579924,0.0028211805555555555,False
ax4-local-00556,domain,math,32240,0.8631818181818182,0.0016439205955334987,False
ax4-local-00556,layer_band,early,40055,0.7982456140350878,0.0005242791162152041,False
ax4-local-00556,layer_band,middle,40055,0.8070533372194695,0.0014729746598427162,False
ax4-local-00556,layer_band,late,48066,0.907210401891253,0.003411975200765614,False
ax4-local-00557,domain,code,32256,0.7446808510638298,0.0011160714285714285,False
ax4-local-00557,domain,conversation,31424,0.844541910331384,0.002036659877800407,False
ax4-local-00557,domain,general,32256,0.8859792689579924,0.0028211805555555555,False
ax4-local-00557,domain,math,32240,0.8631818181818182,0.0016439205955334987,False
ax4-local-00557,layer_band,early,40055,0.7982456140350878,0.0005242791162152041,False
ax4-local-00557,layer_band,middle,40055,0.8070533372194695,0.0014729746598427162,False
ax4-local-00557,layer_band,late,48066,0.907210401891253,0.003411975200765614,False
ax4-local-00558,domain,code,32256,0.7446808510638298,0.0011160714285714285,False
ax4-local-00558,domain,conversation,31424,0.844541910331384,0.002036659877800407,False
ax4-local-00558,domain,general,32256,0.8859792689579924,0.0028211805555555555,False
ax4-local-00558,domain,math,32240,0.8631818181818182,0.0016439205955334987,False
ax4-local-00558,layer_band,early,40055,0.7982456140350878,0.0005242791162152041,False
ax4-local-00558,layer_band,middle,40055,0.8070533372194695,0.0014729746598427162,False
ax4-local-00558,layer_band,late,48066,0.907210401891253,0.003411975200765614,False
ax4-local-00559,domain,code,32256,0.6035374149659865,3.1001984126984125e-05,False
ax4-local-00559,domain,conversation,31424,0.6728395061728395,3.182281059063136e-05,False
ax4-local-00559,domain,general,32256,0.7087466185752931,3.1001984126984125e-05,False
ax4-local-00559,domain,math,32240,0.6885796545105566,0.0,False
ax4-local-00559,layer_band,early,40055,0.7051282051282051,7.489701660217201e-05,False
ax4-local-00559,layer_band,middle,40055,0.6178343949044586,0.0,False
ax4-local-00559,layer_band,late,48066,0.681512335789811,0.0,False
ax4-local-00560,domain,code,32256,0.6035374149659865,3.1001984126984125e-05,False
ax4-local-00560,domain,conversation,31424,0.6728395061728395,3.182281059063136e-05,False
ax4-local-00560,domain,general,32256,0.7087466185752931,3.1001984126984125e-05,False
ax4-local-00560,domain,math,32240,0.6885796545105566,0.0,False
ax4-local-00560,layer_band,early,40055,0.7051282051282051,7.489701660217201e-05,False
ax4-local-00560,layer_band,middle,40055,0.6178343949044586,0.0,False
ax4-local-00560,layer_band,late,48066,0.681512335789811,0.0,False
ax4-local-00561,domain,code,32256,0.6035374149659865,3.1001984126984125e-05,False
ax4-local-00561,domain,conversation,31424,0.6728395061728395,3.182281059063136e-05,False
ax4-local-00561,domain,general,32256,0.7087466185752931,3.1001984126984125e-05,False
ax4-local-00561,domain,math,32240,0.6885796545105566,0.0,False
ax4-local-00561,layer_band,early,40055,0.7051282051282051,7.489701660217201e-05,False
ax4-local-00561,layer_band,middle,40055,0.6178343949044586,0.0,False
ax4-local-00561,layer_band,late,48066,0.681512335789811,0.0,False
ax4-local-00562,domain,code,32256,0.6035374149659865,3.1001984126984125e-05,False
ax4-local-00562,domain,conversation,31424,0.6728395061728395,3.182281059063136e-05,False
ax4-local-00562,domain,general,32256,0.7087466185752931,3.1001984126984125e-05,False
ax4-local-00562,domain,math,32240,0.6885796545105566,0.0,False
ax4-local-00562,layer_band,early,40055,0.7051282051282051,7.489701660217201e-05,False
ax4-local-00562,layer_band,middle,40055,0.6178343949044586,0.0,False
ax4-local-00562,layer_band,late,48066,0.681512335789811,0.0,False
ax4-local-00563,domain,code,32256,0.6535538667858739,3.1001984126984125e-05,False
ax4-local-00563,domain,conversation,31424,0.7404371584699454,3.182281059063136e-05,False
ax4-local-00563,domain,general,32256,0.77882797731569,3.1001984126984125e-05,False
ax4-local-00563,domain,math,32240,0.7513572204125949,0.0,False
ax4-local-00563,layer_band,early,40055,0.7370671227020095,7.489701660217201e-05,False
ax4-local-00563,layer_band,middle,40055,0.6811932555123217,0.0,False
ax4-local-00563,layer_band,late,48066,0.7757281553398059,0.0,False
ax4-local-00564,domain,code,32256,0.6861478850500484,0.00031001984126984125,False
ax4-local-00564,domain,conversation,31424,0.7844254510921178,0.0005409877800407332,False
ax4-local-00564,domain,general,32256,0.8245967741935484,0.000496031746031746,False
ax4-local-00564,domain,math,32240,0.7997231195200738,0.0005893300248138958,False
ax4-local-00564,layer_band,early,40055,0.764961915125136,0.00017475970540506804,False
ax4-local-00564,layer_band,middle,40055,0.7358490566037736,0.00024965672200724003,False
ax4-local-00564,layer_band,late,48066,0.8276892430278884,0.0009362127075271502,False
ax4-local-00565,domain,code,32256,0.6984126984126984,0.0006200396825396825,False
ax4-local-00565,domain,conversation,31424,0.8013446107135112,0.0012092668024439918,False
ax4-local-00565,domain,general,32256,0.8396396396396396,0.001488095238095238,False
ax4-local-00565,domain,math,32240,0.81765087605451,0.0008064516129032258,False
ax4-local-00565,layer_band,early,40055,0.776734693877551,0.00029958806640868806,False
ax4-local-00565,layer_band,middle,40055,0.7598978288633461,0.0007240044938209961,False
ax4-local-00565,layer_band,late,48066,0.8564356435643564,0.001893230141888237,False
ax4-local-00566,domain,code,32256,0.7239512855209743,0.0008680555555555555,False
ax4-local-00566,domain,conversation,31424,0.8220551378446115,0.0013683808553971487,False
ax4-local-00566,domain,general,32256,0.8631216149679961,0.001953125,False
ax4-local-00566,domain,math,32240,0.8391291200483822,0.0012096774193548388,False
ax4-local-00566,layer_band,early,40055,0.7874575223972815,0.0004493820996130321,False
ax4-local-00566,layer_band,middle,40055,0.7844542447629548,0.0009736612158282362,False
ax4-local-00566,layer_band,late,48066,0.8829174664107485,0.002413348312736654,False
ax4-local-00567,domain,code,32256,0.6041257367387033,0.00018601190476190475,False
ax4-local-00567,domain,conversation,31424,0.6717987232444611,0.00012729124236252545,False
ax4-local-00567,domain,general,32256,0.7162557459256164,9.300595238095238e-05,False
ax4-local-00567,domain,math,32240,0.698053417836125,3.1017369727047146e-05,False
ax4-local-00567,layer_band,early,40055,0.7772449869224063,0.0003495194108101361,False
ax4-local-00567,layer_band,middle,40055,0.36977058029689613,0.0,False
ax4-local-00567,layer_band,late,48066,0.5245614035087719,0.0,False
ax4-local-00568,domain,code,32256,0.6810690423162584,0.0011160714285714285,False
ax4-local-00568,domain,conversation,31424,0.8039816232771823,0.0019411914460285133,False
ax4-local-00568,domain,general,32256,0.8566510172143975,0.002728174603174603,False
ax4-local-00568,domain,math,32240,0.8279698053237982,0.0015818858560794045,False
ax4-local-00568,layer_band,early,40055,0.7898240608654303,0.0005242791162152041,False
ax4-local-00568,layer_band,middle,40055,0.7410485933503836,0.0014480089876419923,False
ax4-local-00568,layer_band,late,48066,0.8674073005338335,0.0032663421129280573,False
ax4-local-00569,domain,code,32256,0.7446808510638298,0.0011160714285714285,False
ax4-local-00569,domain,conversation,31424,0.844541910331384,0.002036659877800407,False
ax4-local-00569,domain,general,32256,0.8859792689579924,0.0028211805555555555,False
ax4-local-00569,domain,math,32240,0.8631818181818182,0.0016439205955334987,False
ax4-local-00569,layer_band,early,40055,0.7981553742461867,0.0005242791162152041,False
ax4-local-00569,layer_band,middle,40055,0.8070533372194695,0.0014729746598427162,False
ax4-local-00569,layer_band,late,48066,0.907210401891253,0.003411975200765614,False
ax4-local-00570,domain,code,32256,0.7446808510638298,0.0011160714285714285,False
ax4-local-00570,domain,conversation,31424,0.844541910331384,0.002036659877800407,False
ax4-local-00570,domain,general,32256,0.8859792689579924,0.0028211805555555555,False
ax4-local-00570,domain,math,32240,0.8631818181818182,0.0016439205955334987,False
ax4-local-00570,layer_band,early,40055,0.7982456140350878,0.0005242791162152041,False
ax4-local-00570,layer_band,middle,40055,0.8070533372194695,0.0014729746598427162,False
ax4-local-00570,layer_band,late,48066,0.907210401891253,0.003411975200765614,False
ax4-local-00571,domain,code,32256,0.5893056071295952,0.00018601190476190475,False
ax4-local-00571,domain,conversation,31424,0.6576256113828368,0.00012729124236252545,False
ax4-local-00571,domain,general,32256,0.6972416085078099,9.300595238095238e-05,False
ax4-local-00571,domain,math,32240,0.691164972634871,3.1017369727047146e-05,False
ax4-local-00571,layer_band,early,40055,0.7755430410297667,0.0003495194108101361,False
ax4-local-00571,layer_band,middle,40055,0.20343558282208585,0.0,False
ax4-local-00571,layer_band,late,48066,0.24896169820027692,0.0,False
ax4-local-00572,domain,code,32256,0.5893056071295952,0.00018601190476190475,False
ax4-local-00572,domain,conversation,31424,0.6576256113828368,0.00012729124236252545,False
ax4-local-00572,domain,general,32256,0.6972416085078099,9.300595238095238e-05,False
ax4-local-00572,domain,math,32240,0.691164972634871,3.1017369727047146e-05,False
ax4-local-00572,layer_band,early,40055,0.7755430410297667,0.0003495194108101361,False
ax4-local-00572,layer_band,middle,40055,0.20343558282208585,0.0,False
ax4-local-00572,layer_band,late,48066,0.24896169820027692,0.0,False
ax4-local-00573,domain,code,32256,0.5893056071295952,0.00018601190476190475,False
ax4-local-00573,domain,conversation,31424,0.6576256113828368,0.00012729124236252545,False
ax4-local-00573,domain,general,32256,0.6972416085078099,9.300595238095238e-05,False
ax4-local-00573,domain,math,32240,0.691164972634871,3.1017369727047146e-05,False
ax4-local-00573,layer_band,early,40055,0.7755430410297667,0.0003495194108101361,False
ax4-local-00573,layer_band,middle,40055,0.20343558282208585,0.0,False
ax4-local-00573,layer_band,late,48066,0.24896169820027692,0.0,False
ax4-local-00574,domain,code,32256,0.5893056071295952,0.00018601190476190475,False
ax4-local-00574,domain,conversation,31424,0.6576256113828368,0.00012729124236252545,False
ax4-local-00574,domain,general,32256,0.6972416085078099,9.300595238095238e-05,False
ax4-local-00574,domain,math,32240,0.691164972634871,3.1017369727047146e-05,False
ax4-local-00574,layer_band,early,40055,0.7755430410297667,0.0003495194108101361,False
ax4-local-00574,layer_band,middle,40055,0.20343558282208585,0.0,False
ax4-local-00574,layer_band,late,48066,0.24896169820027692,0.0,False
ax4-local-00575,domain,code,32256,0.5913221929053063,0.00018601190476190475,False
ax4-local-00575,domain,conversation,31424,0.6576635209892614,0.00012729124236252545,False
ax4-local-00575,domain,general,32256,0.6989361702127659,9.300595238095238e-05,False
ax4-local-00575,domain,math,32240,0.691164972634871,3.1017369727047146e-05,False
ax4-local-00575,layer_band,early,40055,0.7761073825503356,0.0003495194108101361,False
ax4-local-00575,layer_band,middle,40055,0.2957084068195178,0.0,False
ax4-local-00575,layer_band,late,48066,0.3897978825794033,0.0,False
ax4-local-00576,domain,code,32256,0.6103896103896104,0.00018601190476190475,False
ax4-local-00576,domain,conversation,31424,0.6818780166739798,0.00012729124236252545,False
ax4-local-00576,domain,general,32256,0.7198443579766537,9.300595238095238e-05,False
ax4-local-00576,domain,math,32240,0.703281677301732,3.1017369727047146e-05,False
ax4-local-00576,layer_band,early,40055,0.7771211481637822,0.0003495194108101361,False
ax4-local-00576,layer_band,middle,40055,0.4829678021465235,0.0,False
ax4-local-00576,layer_band,late,48066,0.5770392749244713,0.0,False
ax4-local-00577,domain,code,32256,0.6242109171927219,0.00018601190476190475,False
ax4-local-00577,domain,conversation,31424,0.6971177332681974,0.00012729124236252545,False
ax4-local-00577,domain,general,32256,0.735399284862932,9.300595238095238e-05,False
ax4-local-00577,domain,math,32240,0.7131544214694236,3.1017369727047146e-05,False
ax4-local-00577,layer_band,early,40055,0.7778864970645792,0.0003495194108101361,False
ax4-local-00577,layer_band,middle,40055,0.5551020408163265,0.0,False
ax4-local-00577,layer_band,late,48066,0.651487826871055,0.0,False
ax4-local-00578,domain,code,32256,0.6650717703349283,0.00018601190476190475,False
ax4-local-00578,domain,conversation,31424,0.7604203152364274,0.00012729124236252545,False
ax4-local-00578,domain,general,32256,0.7925778661365143,9.300595238095238e-05,False
ax4-local-00578,domain,math,32240,0.770873786407767,3.1017369727047146e-05,False
ax4-local-00578,layer_band,early,40055,0.7827994734532691,0.0003495194108101361,False
ax4-local-00578,layer_band,middle,40055,0.682018927444795,0.0,False
ax4-local-00578,layer_band,late,48066,0.7789275634995296,0.0,False
ax4-local-00579,domain,code,32256,0.6041257367387033,0.00018601190476190475,False
ax4-local-00579,domain,conversation,31424,0.6717987232444611,0.00012729124236252545,False
ax4-local-00579,domain,general,32256,0.7162557459256164,9.300595238095238e-05,False
ax4-local-00579,domain,math,32240,0.697935368043088,3.1017369727047146e-05,False
ax4-local-00579,layer_band,early,40055,0.7772241992882563,0.0003495194108101361,False
ax4-local-00579,layer_band,middle,40055,0.36977058029689613,0.0,False
ax4-local-00579,layer_band,late,48066,0.5245614035087719,0.0,False
ax4-local-00580,domain,code,32256,0.6838379866299646,0.0011160714285714285,False
ax4-local-00580,domain,conversation,31424,0.8050541516245487,0.0019411914460285133,False
ax4-local-00580,domain,general,32256,0.8573607932875668,0.0027901785714285715,False
ax4-local-00580,domain,math,32240,0.8304466727438469,0.0016129032258064516,False
ax4-local-00580,layer_band,early,40055,0.7903994137046537,0.0005242791162152041,False
ax4-local-00580,layer_band,middle,40055,0.7416570771001152,0.0014729746598427162,False
ax4-local-00580,layer_band,late,48066,0.8682877406281662,0.0033079515665959307,False
ax4-local-00581,domain,code,32256,0.7446808510638298,0.0011160714285714285,False
ax4-local-00581,domain,conversation,31424,0.844541910331384,0.002036659877800407,False
ax4-local-00581,domain,general,32256,0.8859792689579924,0.0028211805555555555,False
ax4-local-00581,domain,math,32240,0.8631818181818182,0.0016439205955334987,False
ax4-local-00581,layer_band,early,40055,0.7981553742461867,0.0005242791162152041,False
ax4-local-00581,layer_band,middle,40055,0.8070533372194695,0.0014729746598427162,False
ax4-local-00581,layer_band,late,48066,0.907210401891253,0.003411975200765614,False
ax4-local-00582,domain,code,32256,0.7446808510638298,0.0011160714285714285,False
ax4-local-00582,domain,conversation,31424,0.844541910331384,0.002036659877800407,False
ax4-local-00582,domain,general,32256,0.8859792689579924,0.0028211805555555555,False
ax4-local-00582,domain,math,32240,0.8631818181818182,0.0016439205955334987,False
ax4-local-00582,layer_band,early,40055,0.7982456140350878,0.0005242791162152041,False
ax4-local-00582,layer_band,middle,40055,0.8070533372194695,0.0014729746598427162,False
ax4-local-00582,layer_band,late,48066,0.907210401891253,0.003411975200765614,False
ax4-local-00583,domain,code,32256,0.5893056071295952,0.00018601190476190475,False
ax4-local-00583,domain,conversation,31424,0.6576256113828368,0.00012729124236252545,False
ax4-local-00583,domain,general,32256,0.6972416085078099,9.300595238095238e-05,False
ax4-local-00583,domain,math,32240,0.691164972634871,3.1017369727047146e-05,False
ax4-local-00583,layer_band,early,40055,0.7755430410297667,0.0003495194108101361,False
ax4-local-00583,layer_band,middle,40055,0.2006677796327211,0.0,False
ax4-local-00583,layer_band,late,48066,0.2444803446418955,0.0,False
ax4-local-00584,domain,code,32256,0.5893056071295952,0.00018601190476190475,False
ax4-local-00584,domain,conversation,31424,0.6576256113828368,0.00012729124236252545,False
ax4-local-00584,domain,general,32256,0.6972416085078099,9.300595238095238e-05,False
ax4-local-00584,domain,math,32240,0.691164972634871,3.1017369727047146e-05,False
ax4-local-00584,layer_band,early,40055,0.7755430410297667,0.0003495194108101361,False
ax4-local-00584,layer_band,middle,40055,0.2006677796327211,0.0,False
ax4-local-00584,layer_band,late,48066,0.2444803446418955,0.0,False
ax4-local-00585,domain,code,32256,0.5893056071295952,0.00018601190476190475,False
ax4-local-00585,domain,conversation,31424,0.6576256113828368,0.00012729124236252545,False
ax4-local-00585,domain,general,32256,0.6972416085078099,9.300595238095238e-05,False
ax4-local-00585,domain,math,32240,0.691164972634871,3.1017369727047146e-05,False
ax4-local-00585,layer_band,early,40055,0.7755430410297667,0.0003495194108101361,False
ax4-local-00585,layer_band,middle,40055,0.2006677796327211,0.0,False
ax4-local-00585,layer_band,late,48066,0.2444803446418955,0.0,False
ax4-local-00586,domain,code,32256,0.5893056071295952,0.00018601190476190475,False
ax4-local-00586,domain,conversation,31424,0.6576256113828368,0.00012729124236252545,False
ax4-local-00586,domain,general,32256,0.6972416085078099,9.300595238095238e-05,False
ax4-local-00586,domain,math,32240,0.691164972634871,3.1017369727047146e-05,False
ax4-local-00586,layer_band,early,40055,0.7755430410297667,0.0003495194108101361,False
ax4-local-00586,layer_band,middle,40055,0.2006677796327211,0.0,False
ax4-local-00586,layer_band,late,48066,0.2444803446418955,0.0,False
ax4-local-00587,domain,code,32256,0.5913221929053063,0.00018601190476190475,False
ax4-local-00587,domain,conversation,31424,0.6576635209892614,0.00012729124236252545,False
ax4-local-00587,domain,general,32256,0.6989361702127659,9.300595238095238e-05,False
ax4-local-00587,domain,math,32240,0.691164972634871,3.1017369727047146e-05,False
ax4-local-00587,layer_band,early,40055,0.7761073825503356,0.0003495194108101361,False
ax4-local-00587,layer_band,middle,40055,0.2949507389162561,0.0,False
ax4-local-00587,layer_band,late,48066,0.3901797457255589,0.0,False
ax4-local-00588,domain,code,32256,0.6104844061048441,0.00018601190476190475,False
ax4-local-00588,domain,conversation,31424,0.6809069996713769,0.00012729124236252545,False
ax4-local-00588,domain,general,32256,0.7176793056190041,9.300595238095238e-05,False
ax4-local-00588,domain,math,32240,0.703232644409115,3.1017369727047146e-05,False
ax4-local-00588,layer_band,early,40055,0.7771211481637822,0.0003495194108101361,False
ax4-local-00588,layer_band,middle,40055,0.48221845893310744,0.0,False
ax4-local-00588,layer_band,late,48066,0.5747830525778459,0.0,False
ax4-local-00589,domain,code,32256,0.6238053866203301,0.00018601190476190475,False
ax4-local-00589,domain,conversation,31424,0.6976146788990826,0.00012729124236252545,False
ax4-local-00589,domain,general,32256,0.7352843915343915,9.300595238095238e-05,False
ax4-local-00589,domain,math,32240,0.7132132132132132,3.1017369727047146e-05,False
ax4-local-00589,layer_band,early,40055,0.7780210157618214,0.0003495194108101361,False
ax4-local-00589,layer_band,middle,40055,0.5548281505728314,0.0,False
ax4-local-00589,layer_band,late,48066,0.6527272727272727,0.0,False
ax4-local-00590,domain,code,32256,0.6645239051828044,0.00018601190476190475,False
ax4-local-00590,domain,conversation,31424,0.759780534351145,0.00012729124236252545,False
ax4-local-00590,domain,general,32256,0.7925778661365143,9.300595238095238e-05,False
ax4-local-00590,domain,math,32240,0.7711624139327663,3.1017369727047146e-05,False
ax4-local-00590,layer_band,early,40055,0.7827994734532691,0.0003495194108101361,False
ax4-local-00590,layer_band,middle,40055,0.6824644549763033,0.0,False
ax4-local-00590,layer_band,late,48066,0.7792706333973128,0.0,False
ax4-local-00591,domain,code,32256,0.6041257367387033,0.00018601190476190475,False
ax4-local-00591,domain,conversation,31424,0.6717987232444611,0.00012729124236252545,False
ax4-local-00591,domain,general,32256,0.7162557459256164,9.300595238095238e-05,False
ax4-local-00591,domain,math,32240,0.6978851963746223,3.1017369727047146e-05,False
ax4-local-00591,layer_band,early,40055,0.7772170151405913,0.0003495194108101361,False
ax4-local-00591,layer_band,middle,40055,0.3696067201221841,0.0,False
ax4-local-00591,layer_band,late,48066,0.5245614035087719,0.0,False
ax4-local-00592,domain,code,32256,0.6815703380588877,0.0011160714285714285,False
ax4-local-00592,domain,conversation,31424,0.8050541516245487,0.002036659877800407,False
ax4-local-00592,domain,general,32256,0.8540124370743263,0.0028211805555555555,False
ax4-local-00592,domain,math,32240,0.8330232558139535,0.0016129032258064516,False
ax4-local-00592,layer_band,early,40055,0.7876106194690266,0.0005242791162152041,False
ax4-local-00592,layer_band,middle,40055,0.7405177603853101,0.0014729746598427162,False
ax4-local-00592,layer_band,late,48066,0.8743639921722113,0.003391170473931677,False
ax4-local-00593,domain,code,32256,0.7446808510638298,0.0011160714285714285,False
ax4-local-00593,domain,conversation,31424,0.844541910331384,0.002036659877800407,False
ax4-local-00593,domain,general,32256,0.8859792689579924,0.0028211805555555555,False
ax4-local-00593,domain,math,32240,0.8631818181818182,0.0016439205955334987,False
ax4-local-00593,layer_band,early,40055,0.7981553742461867,0.0005242791162152041,False
ax4-local-00593,layer_band,middle,40055,0.8070533372194695,0.0014729746598427162,False
ax4-local-00593,layer_band,late,48066,0.907210401891253,0.003411975200765614,False
ax4-local-00594,domain,code,32256,0.7446808510638298,0.0011160714285714285,False
ax4-local-00594,domain,conversation,31424,0.844541910331384,0.002036659877800407,False
ax4-local-00594,domain,general,32256,0.8859792689579924,0.0028211805555555555,False
ax4-local-00594,domain,math,32240,0.8631818181818182,0.0016439205955334987,False
ax4-local-00594,layer_band,early,40055,0.7982456140350878,0.0005242791162152041,False
ax4-local-00594,layer_band,middle,40055,0.8070533372194695,0.0014729746598427162,False
ax4-local-00594,layer_band,late,48066,0.907210401891253,0.003411975200765614,False
ax4-local-00595,domain,code,32256,0.5893056071295952,0.00018601190476190475,False
ax4-local-00595,domain,conversation,31424,0.6576256113828368,0.00012729124236252545,False
ax4-local-00595,domain,general,32256,0.6972416085078099,9.300595238095238e-05,False
ax4-local-00595,domain,math,32240,0.691164972634871,3.1017369727047146e-05,False
ax4-local-00595,layer_band,early,40055,0.7755430410297667,0.0003495194108101361,False
ax4-local-00595,layer_band,middle,40055,0.1968714231209462,0.0,True
ax4-local-00595,layer_band,late,48066,0.24264334958802758,0.0,False
ax4-local-00596,domain,code,32256,0.5893056071295952,0.00018601190476190475,False
ax4-local-00596,domain,conversation,31424,0.6576256113828368,0.00012729124236252545,False
ax4-local-00596,domain,general,32256,0.6972416085078099,9.300595238095238e-05,False
ax4-local-00596,domain,math,32240,0.691164972634871,3.1017369727047146e-05,False
ax4-local-00596,layer_band,early,40055,0.7755430410297667,0.0003495194108101361,False
ax4-local-00596,layer_band,middle,40055,0.31926249393498296,0.0,False
ax4-local-00596,layer_band,late,48066,0.3691830403309203,0.0,False
ax4-local-00597,domain,code,32256,0.5893056071295952,0.00018601190476190475,False
ax4-local-00597,domain,conversation,31424,0.6576256113828368,0.00012729124236252545,False
ax4-local-00597,domain,general,32256,0.6972416085078099,9.300595238095238e-05,False
ax4-local-00597,domain,math,32240,0.691164972634871,3.1017369727047146e-05,False
ax4-local-00597,layer_band,early,40055,0.7755430410297667,0.0003495194108101361,False
ax4-local-00597,layer_band,middle,40055,0.31926249393498296,0.0,False
ax4-local-00597,layer_band,late,48066,0.3691830403309203,0.0,False
ax4-local-00598,domain,code,32256,0.5893056071295952,0.00018601190476190475,False
ax4-local-00598,domain,conversation,31424,0.6576256113828368,0.00012729124236252545,False
ax4-local-00598,domain,general,32256,0.6972416085078099,9.300595238095238e-05,False
ax4-local-00598,domain,math,32240,0.691164972634871,3.1017369727047146e-05,False
ax4-local-00598,layer_band,early,40055,0.7755430410297667,0.0003495194108101361,False
ax4-local-00598,layer_band,middle,40055,0.1968714231209462,0.0,True
ax4-local-00598,layer_band,late,48066,0.24264334958802758,0.0,False
ax4-local-00599,domain,code,32256,0.38371681415929204,0.0,False
ax4-local-00599,domain,conversation,31424,0.42194744976816073,0.0,False
ax4-local-00599,domain,general,32256,0.44350386455649615,0.0,False
ax4-local-00599,domain,math,32240,0.45571889566152735,0.0,False
ax4-local-00599,layer_band,early,40055,0.5248780487804878,0.0,False
ax4-local-00599,layer_band,middle,40055,0.1968714231209462,0.0,True
ax4-local-00599,layer_band,late,48066,0.24264334958802758,0.0,False
ax4-local-00600,domain,code,32256,0.5893056071295952,0.00018601190476190475,False
ax4-local-00600,domain,conversation,31424,0.6576256113828368,0.00012729124236252545,False
ax4-local-00600,domain,general,32256,0.6972416085078099,9.300595238095238e-05,False
ax4-local-00600,domain,math,32240,0.691164972634871,3.1017369727047146e-05,False
ax4-local-00600,layer_band,early,40055,0.7755430410297667,0.0003495194108101361,False
ax4-local-00600,layer_band,middle,40055,1.3877787807814457e-16,0.0,True
ax4-local-00600,layer_band,late,48066,1.5265566588595902e-16,0.0,True
ax4-local-00601,domain,code,32256,0.5893056071295952,0.00018601190476190475,False
ax4-local-00601,domain,conversation,31424,0.6576256113828368,0.00012729124236252545,False
ax4-local-00601,domain,general,32256,0.6972416085078099,9.300595238095238e-05,False
ax4-local-00601,domain,math,32240,0.691164972634871,3.1017369727047146e-05,False
ax4-local-00601,layer_band,early,40055,0.7755430410297667,0.0003495194108101361,False
ax4-local-00601,layer_band,middle,40055,1.3877787807814457e-16,0.0,True
ax4-local-00601,layer_band,late,48066,1.5265566588595902e-16,0.0,True
ax4-local-00602,domain,code,32256,0.38239815526518073,0.0,False
ax4-local-00602,domain,conversation,31424,0.4214350590372389,0.0,False
ax4-local-00602,domain,general,32256,0.44350386455649615,0.0,False
ax4-local-00602,domain,math,32240,0.45571889566152735,0.0,False
ax4-local-00602,layer_band,early,40055,0.5248780487804878,0.0,False
ax4-local-00602,layer_band,middle,40055,1.3877787807814457e-16,0.0,True
ax4-local-00602,layer_band,late,48066,1.5265566588595902e-16,0.0,True
ax4-local-00603,domain,code,32256,0.13405681455473978,0.0,True
ax4-local-00603,domain,conversation,31424,0.1562822719449226,0.0,True
ax4-local-00603,domain,general,32256,0.17352503718393664,0.0,True
ax4-local-00603,domain,math,32240,0.18344627299128746,0.0,True
ax4-local-00603,layer_band,early,40055,0.23599828986746485,0.0,False
ax4-local-00603,layer_band,middle,40055,1.3877787807814457e-16,0.0,True
ax4-local-00603,layer_band,late,48066,1.5265566588595902e-16,0.0,True
ax4-local-00604,domain,code,32256,0.5893056071295952,0.00018601190476190475,False
ax4-local-00604,domain,conversation,31424,0.6576256113828368,0.00012729124236252545,False
ax4-local-00604,domain,general,32256,0.6972416085078099,9.300595238095238e-05,False
ax4-local-00604,domain,math,32240,0.691164972634871,3.1017369727047146e-05,False
ax4-local-00604,layer_band,early,40055,0.7755430410297667,0.0003495194108101361,False
ax4-local-00604,layer_band,middle,40055,1.3877787807814457e-16,0.0,True
ax4-local-00604,layer_band,late,48066,1.5265566588595902e-16,0.0,True
ax4-local-00605,domain,code,32256,0.38239815526518073,0.0,False
ax4-local-00605,domain,conversation,31424,0.4214350590372389,0.0,False
ax4-local-00605,domain,general,32256,0.44350386455649615,0.0,False
ax4-local-00605,domain,math,32240,0.45571889566152735,0.0,False
ax4-local-00605,layer_band,early,40055,0.5248780487804878,0.0,False
ax4-local-00605,layer_band,middle,40055,1.3877787807814457e-16,0.0,True
ax4-local-00605,layer_band,late,48066,1.5265566588595902e-16,0.0,True
ax4-local-00606,domain,code,32256,0.13405681455473978,0.0,True
ax4-local-00606,domain,conversation,31424,0.1562822719449226,0.0,True
ax4-local-00606,domain,general,32256,0.17352503718393664,0.0,True
ax4-local-00606,domain,math,32240,0.18344627299128746,0.0,True
ax4-local-00606,layer_band,early,40055,0.23599828986746485,0.0,False
ax4-local-00606,layer_band,middle,40055,1.3877787807814457e-16,0.0,True
ax4-local-00606,layer_band,late,48066,1.5265566588595902e-16,0.0,True
ax4-local-00607,domain,code,32256,1.3877787807814457e-16,0.0,True
ax4-local-00607,domain,conversation,31424,1.3877787807814457e-16,0.0,True
ax4-local-00607,domain,general,32256,1.6653345369377348e-16,0.0,True
ax4-local-00607,domain,math,32240,1.5265566588595902e-16,0.0,True
ax4-local-00607,layer_band,early,40055,1.3877787807814457e-16,0.0,True
ax4-local-00607,layer_band,middle,40055,1.3877787807814457e-16,0.0,True
ax4-local-00607,layer_band,late,48066,1.5265566588595902e-16,0.0,True
ax4-local-00608,domain,code,32256,0.5893056071295952,0.00018601190476190475,False
ax4-local-00608,domain,conversation,31424,0.6576256113828368,0.00012729124236252545,False
ax4-local-00608,domain,general,32256,0.6972416085078099,9.300595238095238e-05,False
ax4-local-00608,domain,math,32240,0.691164972634871,3.1017369727047146e-05,False
ax4-local-00608,layer_band,early,40055,0.7755430410297667,0.0003495194108101361,False
ax4-local-00608,layer_band,middle,40055,1.3877787807814457e-16,0.0,True
ax4-local-00608,layer_band,late,48066,1.5265566588595902e-16,0.0,True
ax4-local-00609,domain,code,32256,0.13405681455473978,0.0,True
ax4-local-00609,domain,conversation,31424,0.1562822719449226,0.0,True
ax4-local-00609,domain,general,32256,0.17352503718393664,0.0,True
ax4-local-00609,domain,math,32240,0.18344627299128746,0.0,True
ax4-local-00609,layer_band,early,40055,0.23599828986746485,0.0,False
ax4-local-00609,layer_band,middle,40055,1.3877787807814457e-16,0.0,True
ax4-local-00609,layer_band,late,48066,1.5265566588595902e-16,0.0,True
ax4-local-00610,domain,code,32256,1.3877787807814457e-16,0.0,True
ax4-local-00610,domain,conversation,31424,1.3877787807814457e-16,0.0,True
ax4-local-00610,domain,general,32256,1.6653345369377348e-16,0.0,True
ax4-local-00610,domain,math,32240,1.5265566588595902e-16,0.0,True
ax4-local-00610,layer_band,early,40055,1.3877787807814457e-16,0.0,True
ax4-local-00610,layer_band,middle,40055,1.3877787807814457e-16,0.0,True
ax4-local-00610,layer_band,late,48066,1.5265566588595902e-16,0.0,True
ax4-local-00611,domain,code,32256,1.3877787807814457e-16,0.0,True
ax4-local-00611,domain,conversation,31424,1.3877787807814457e-16,0.0,True
ax4-local-00611,domain,general,32256,1.457167719820518e-16,0.0,True
ax4-local-00611,domain,math,32240,1.3877787807814457e-16,0.0,True
ax4-local-00611,layer_band,early,40055,1.249000902703301e-16,0.0,True
ax4-local-00611,layer_band,middle,40055,1.3877787807814457e-16,0.0,True
ax4-local-00611,layer_band,late,48066,1.5265566588595902e-16,0.0,True
ax4-local-00612,domain,code,32256,0.5893056071295952,0.00018601190476190475,False
ax4-local-00612,domain,conversation,31424,0.6576256113828368,0.00012729124236252545,False
ax4-local-00612,domain,general,32256,0.6972416085078099,9.300595238095238e-05,False
ax4-local-00612,domain,math,32240,0.691164972634871,3.1017369727047146e-05,False
ax4-local-00612,layer_band,early,40055,0.7755430410297667,0.0003495194108101361,False
ax4-local-00612,layer_band,middle,40055,0.1968714231209462,0.0,True
ax4-local-00612,layer_band,late,48066,0.24264334958802758,0.0,False
ax4-local-00613,domain,code,32256,0.5893056071295952,0.00018601190476190475,False
ax4-local-00613,domain,conversation,31424,0.6576256113828368,0.00012729124236252545,False
ax4-local-00613,domain,general,32256,0.6972416085078099,9.300595238095238e-05,False
ax4-local-00613,domain,math,32240,0.691164972634871,3.1017369727047146e-05,False
ax4-local-00613,layer_band,early,40055,0.7755430410297667,0.0003495194108101361,False
ax4-local-00613,layer_band,middle,40055,0.1968714231209462,0.0,True
ax4-local-00613,layer_band,late,48066,0.24264334958802758,0.0,False
ax4-local-00614,domain,code,32256,0.5913221929053063,0.00018601190476190475,False
ax4-local-00614,domain,conversation,31424,0.6576635209892614,0.00012729124236252545,False
ax4-local-00614,domain,general,32256,0.6989361702127659,9.300595238095238e-05,False
ax4-local-00614,domain,math,32240,0.691164972634871,3.1017369727047146e-05,False
ax4-local-00614,layer_band,early,40055,0.7761073825503356,0.0003495194108101361,False
ax4-local-00614,layer_band,middle,40055,0.2944621938232162,0.0,False
ax4-local-00614,layer_band,late,48066,0.38980392156862737,0.0,False
ax4-local-00615,domain,code,32256,0.6100899491591709,0.00018601190476190475,False
ax4-local-00615,domain,conversation,31424,0.6827886710239651,0.00012729124236252545,False
ax4-local-00615,domain,general,32256,0.7171464330413017,9.300595238095238e-05,False
ax4-local-00615,domain,math,32240,0.7010463378176383,3.1017369727047146e-05,False
ax4-local-00615,layer_band,early,40055,0.7771211481637822,0.0003495194108101361,False
ax4-local-00615,layer_band,middle,40055,0.47757341077767024,0.0,False
ax4-local-00615,layer_band,late,48066,0.5786492374727669,0.0,False
ax4-local-00616,domain,code,32256,0.6228340849750771,0.00018601190476190475,False
ax4-local-00616,domain,conversation,31424,0.6979909267660402,0.00012729124236252545,False
ax4-local-00616,domain,general,32256,0.7361963190184049,9.300595238095238e-05,False
ax4-local-00616,domain,math,32240,0.7131544214694236,3.1017369727047146e-05,False
ax4-local-00616,layer_band,early,40055,0.7780333525014376,0.0003495194108101361,False
ax4-local-00616,layer_band,middle,40055,0.5548281505728314,0.0,False
ax4-local-00616,layer_band,late,48066,0.651487826871055,0.0,False
ax4-local-00617,domain,code,32256,0.6639221556886228,0.00018601190476190475,False
ax4-local-00617,domain,conversation,31424,0.7597489914836396,0.00012729124236252545,False
ax4-local-00617,domain,general,32256,0.7924891670678864,9.300595238095238e-05,False
ax4-local-00617,domain,math,32240,0.7711624139327663,3.1017369727047146e-05,False
ax4-local-00617,layer_band,early,40055,0.7827994734532691,0.0003495194108101361,False
ax4-local-00617,layer_band,middle,40055,0.6819496076001652,0.0,False
ax4-local-00617,layer_band,late,48066,0.7785613540197461,0.0,False
ax4-local-00618,domain,code,32256,0.6041257367387033,0.00018601190476190475,False
ax4-local-00618,domain,conversation,31424,0.6717987232444611,0.00012729124236252545,False
ax4-local-00618,domain,general,32256,0.7162557459256164,9.300595238095238e-05,False
ax4-local-00618,domain,math,32240,0.6978851963746223,3.1017369727047146e-05,False
ax4-local-00618,layer_band,early,40055,0.7772170151405913,0.0003495194108101361,False
ax4-local-00618,layer_band,middle,40055,0.3696067201221841,0.0,False
ax4-local-00618,layer_band,late,48066,0.5245614035087719,0.0,False
ax4-local-00619,domain,code,32256,0.6837349397590361,0.0011160714285714285,False
ax4-local-00619,domain,conversation,31424,0.8066739209285455,0.002036659877800407,False
ax4-local-00619,domain,general,32256,0.8574650428506991,0.0028211805555555555,False
ax4-local-00619,domain,math,32240,0.8318332543818096,0.0016439205955334987,False
ax4-local-00619,layer_band,early,40055,0.7903994137046537,0.0005242791162152041,False
ax4-local-00619,layer_band,middle,40055,0.7455905932656334,0.0014729746598427162,False
ax4-local-00619,layer_band,late,48066,0.8695440136552061,0.003411975200765614,False
ax4-local-00620,domain,code,32256,0.7446808510638298,0.0011160714285714285,False
ax4-local-00620,domain,conversation,31424,0.844541910331384,0.002036659877800407,False
ax4-local-00620,domain,general,32256,0.8859792689579924,0.0028211805555555555,False
ax4-local-00620,domain,math,32240,0.8631818181818182,0.0016439205955334987,False
ax4-local-00620,layer_band,early,40055,0.7981553742461867,0.0005242791162152041,False
ax4-local-00620,layer_band,middle,40055,0.8070533372194695,0.0014729746598427162,False
ax4-local-00620,layer_band,late,48066,0.907210401891253,0.003411975200765614,False
ax4-local-00621,domain,code,32256,0.7446808510638298,0.0011160714285714285,False
ax4-local-00621,domain,conversation,31424,0.844541910331384,0.002036659877800407,False
ax4-local-00621,domain,general,32256,0.8859792689579924,0.0028211805555555555,False
ax4-local-00621,domain,math,32240,0.8631818181818182,0.0016439205955334987,False
ax4-local-00621,layer_band,early,40055,0.7982456140350878,0.0005242791162152041,False
ax4-local-00621,layer_band,middle,40055,0.8070533372194695,0.0014729746598427162,False
ax4-local-00621,layer_band,late,48066,0.907210401891253,0.003411975200765614,False
ax4-local-00622,domain,code,32256,0.5893056071295952,0.00018601190476190475,False
ax4-local-00622,domain,conversation,31424,0.6576256113828368,0.00012729124236252545,False
ax4-local-00622,domain,general,32256,0.6972416085078099,9.300595238095238e-05,False
ax4-local-00622,domain,math,32240,0.691164972634871,3.1017369727047146e-05,False
ax4-local-00622,layer_band,early,40055,0.7755430410297667,0.0003495194108101361,False
ax4-local-00622,layer_band,middle,40055,0.1965491372843211,0.0,True
ax4-local-00622,layer_band,late,48066,0.24197578320199875,0.0,False
ax4-local-00623,domain,code,32256,0.5893056071295952,0.00018601190476190475,False
ax4-local-00623,domain,conversation,31424,0.6576256113828368,0.00012729124236252545,False
ax4-local-00623,domain,general,32256,0.6972416085078099,9.300595238095238e-05,False
ax4-local-00623,domain,math,32240,0.691164972634871,3.1017369727047146e-05,False
ax4-local-00623,layer_band,early,40055,0.7755430410297667,0.0003495194108101361,False
ax4-local-00623,layer_band,middle,40055,0.1965491372843211,0.0,True
ax4-local-00623,layer_band,late,48066,0.24197578320199875,0.0,False
ax4-local-00624,domain,code,32256,0.5893056071295952,0.00018601190476190475,False
ax4-local-00624,domain,conversation,31424,0.6576256113828368,0.00012729124236252545,False
ax4-local-00624,domain,general,32256,0.6972416085078099,9.300595238095238e-05,False
ax4-local-00624,domain,math,32240,0.691164972634871,3.1017369727047146e-05,False
ax4-local-00624,layer_band,early,40055,0.7755430410297667,0.0003495194108101361,False
ax4-local-00624,layer_band,middle,40055,0.1965491372843211,0.0,True
ax4-local-00624,layer_band,late,48066,0.24197578320199875,0.0,False
ax4-local-00625,domain,code,32256,0.5893056071295952,0.00018601190476190475,False
ax4-local-00625,domain,conversation,31424,0.6576256113828368,0.00012729124236252545,False
ax4-local-00625,domain,general,32256,0.6972416085078099,9.300595238095238e-05,False
ax4-local-00625,domain,math,32240,0.691164972634871,3.1017369727047146e-05,False
ax4-local-00625,layer_band,early,40055,0.7755430410297667,0.0003495194108101361,False
ax4-local-00625,layer_band,middle,40055,0.1965491372843211,0.0,True
ax4-local-00625,layer_band,late,48066,0.24197578320199875,0.0,False
ax4-local-00626,domain,code,32256,0.5913221929053063,0.00018601190476190475,False
ax4-local-00626,domain,conversation,31424,0.6576635209892614,0.00012729124236252545,False
ax4-local-00626,domain,general,32256,0.6989361702127659,9.300595238095238e-05,False
ax4-local-00626,domain,math,32240,0.691164972634871,3.1017369727047146e-05,False
ax4-local-00626,layer_band,early,40055,0.7761073825503356,0.0003495194108101361,False
ax4-local-00626,layer_band,middle,40055,0.29454306377383305,0.0,False
ax4-local-00626,layer_band,late,48066,0.3894941634241246,0.0,False
ax4-local-00627,domain,code,32256,0.6100899491591709,0.00018601190476190475,False
ax4-local-00627,domain,conversation,31424,0.6824552924117931,0.00012729124236252545,False
ax4-local-00627,domain,general,32256,0.7183098591549296,9.300595238095238e-05,False
ax4-local-00627,domain,math,32240,0.7026455026455026,3.1017369727047146e-05,False
ax4-local-00627,layer_band,early,40055,0.777171333649739,0.0003495194108101361,False
ax4-local-00627,layer_band,middle,40055,0.47947761194029853,0.0,False
ax4-local-00627,layer_band,late,48066,0.5748539809406701,0.0,False
ax4-local-00628,domain,code,32256,0.6228340849750771,0.00018601190476190475,False
ax4-local-00628,domain,conversation,31424,0.6979909267660402,0.00012729124236252545,False
ax4-local-00628,domain,general,32256,0.7356501366653652,9.300595238095238e-05,False
ax4-local-00628,domain,math,32240,0.7131544214694236,3.1017369727047146e-05,False
ax4-local-00628,layer_band,early,40055,0.7780333525014376,0.0003495194108101361,False
ax4-local-00628,layer_band,middle,40055,0.5551020408163265,0.0,False
ax4-local-00628,layer_band,late,48066,0.6515242080095637,0.0,False
ax4-local-00629,domain,code,32256,0.6639221556886228,0.00018601190476190475,False
ax4-local-00629,domain,conversation,31424,0.7597489914836396,0.00012729124236252545,False
ax4-local-00629,domain,general,32256,0.7924891670678864,9.300595238095238e-05,False
ax4-local-00629,domain,math,32240,0.7709734513274336,3.1017369727047146e-05,False
ax4-local-00629,layer_band,early,40055,0.7827994734532691,0.0003495194108101361,False
ax4-local-00629,layer_band,middle,40055,0.6817003628823225,0.0,False
ax4-local-00629,layer_band,late,48066,0.7781629116117852,0.0,False
ax4-local-00630,domain,code,32256,0.6116449971735444,0.00031001984126984125,False
ax4-local-00630,domain,conversation,31424,0.6872461413484972,0.00019093686354378818,False
ax4-local-00630,domain,general,32256,0.7416020671834626,0.00021701388888888888,False
ax4-local-00630,domain,math,32240,0.7154612386314422,9.305210918114144e-05,False
ax4-local-00630,layer_band,early,40055,0.7982456140350878,0.0005242791162152041,False
ax4-local-00630,layer_band,middle,40055,0.4828496042216359,0.00012482836100362001,False
ax4-local-00630,layer_band,late,48066,0.22028624766645932,0.0,False
ax4-local-00631,domain,code,32256,0.6284023668639054,0.00031001984126984125,False
ax4-local-00631,domain,conversation,31424,0.7115111321648508,0.00019093686354378818,False
ax4-local-00631,domain,general,32256,0.7650103519668736,0.00021701388888888888,False
ax4-local-00631,domain,math,32240,0.7281896116994453,9.305210918114144e-05,False
ax4-local-00631,layer_band,early,40055,0.7982456140350878,0.0005242791162152041,False
ax4-local-00631,layer_band,middle,40055,0.5632888568337541,0.00012482836100362001,False
ax4-local-00631,layer_band,late,48066,0.5904263506233647,0.0,False
ax4-local-00632,domain,code,32256,0.688168210976479,0.0011160714285714285,False
ax4-local-00632,domain,conversation,31424,0.8039796782387807,0.002036659877800407,False
ax4-local-00632,domain,general,32256,0.8739554317548747,0.0028211805555555555,False
ax4-local-00632,domain,math,32240,0.8405271828665568,0.0016439205955334987,False
ax4-local-00632,layer_band,early,40055,0.7982456140350878,0.0005242791162152041,False
ax4-local-00632,layer_band,middle,40055,0.7322607260726073,0.0014729746598427162,False
ax4-local-00632,layer_band,late,48066,0.9031032298923369,0.003411975200765614,False
ax4-local-00633,domain,code,32256,0.7446808510638298,0.0011160714285714285,False
ax4-local-00633,domain,conversation,31424,0.844541910331384,0.002036659877800407,False
ax4-local-00633,domain,general,32256,0.8859792689579924,0.0028211805555555555,False
ax4-local-00633,domain,math,32240,0.8631818181818182,0.0016439205955334987,False
ax4-local-00633,layer_band,early,40055,0.7982456140350878,0.0005242791162152041,False
ax4-local-00633,layer_band,middle,40055,0.8070533372194695,0.0014729746598427162,False
ax4-local-00633,layer_band,late,48066,0.907210401891253,0.003411975200765614,False
ax4-local-00634,domain,code,32256,0.6116449971735444,0.00031001984126984125,False
ax4-local-00634,domain,conversation,31424,0.6871194379391101,0.00019093686354378818,False
ax4-local-00634,domain,general,32256,0.7408485856905158,0.00021701388888888888,False
ax4-local-00634,domain,math,32240,0.7154612386314422,9.305210918114144e-05,False
ax4-local-00634,layer_band,early,40055,0.7982456140350878,0.0005242791162152041,False
ax4-local-00634,layer_band,middle,40055,0.4828496042216359,0.00012482836100362001,False
ax4-local-00634,layer_band,late,48066,0.11838942307692313,0.0,True
ax4-local-00635,domain,code,32256,0.6116449971735444,0.00031001984126984125,False
ax4-local-00635,domain,conversation,31424,0.6871194379391101,0.00019093686354378818,False
ax4-local-00635,domain,general,32256,0.7408485856905158,0.00021701388888888888,False
ax4-local-00635,domain,math,32240,0.7154612386314422,9.305210918114144e-05,False
ax4-local-00635,layer_band,early,40055,0.7982456140350878,0.0005242791162152041,False
ax4-local-00635,layer_band,middle,40055,0.4828496042216359,0.00012482836100362001,False
ax4-local-00635,layer_band,late,48066,0.11838942307692313,0.0,True
ax4-local-00636,domain,code,32256,0.6116449971735444,0.00031001984126984125,False
ax4-local-00636,domain,conversation,31424,0.6871194379391101,0.00019093686354378818,False
ax4-local-00636,domain,general,32256,0.7408485856905158,0.00021701388888888888,False
ax4-local-00636,domain,math,32240,0.7154612386314422,9.305210918114144e-05,False
ax4-local-00636,layer_band,early,40055,0.7982456140350878,0.0005242791162152041,False
ax4-local-00636,layer_band,middle,40055,0.4828496042216359,0.00012482836100362001,False
ax4-local-00636,layer_band,late,48066,0.11838942307692313,0.0,True
ax4-local-00637,domain,code,32256,0.6116449971735444,0.00031001984126984125,False
ax4-local-00637,domain,conversation,31424,0.6871194379391101,0.00019093686354378818,False
ax4-local-00637,domain,general,32256,0.7408485856905158,0.00021701388888888888,False
ax4-local-00637,domain,math,32240,0.7154612386314422,9.305210918114144e-05,False
ax4-local-00637,layer_band,early,40055,0.7982456140350878,0.0005242791162152041,False
ax4-local-00637,layer_band,middle,40055,0.4828496042216359,0.00012482836100362001,False
ax4-local-00637,layer_band,late,48066,0.11838942307692313,0.0,True
ax4-local-00638,domain,code,32256,0.6116449971735444,0.00031001984126984125,False
ax4-local-00638,domain,conversation,31424,0.6871194379391101,0.00019093686354378818,False
ax4-local-00638,domain,general,32256,0.7408485856905158,0.00021701388888888888,False
ax4-local-00638,domain,math,32240,0.7154612386314422,9.305210918114144e-05,False
ax4-local-00638,layer_band,early,40055,0.7982456140350878,0.0005242791162152041,False
ax4-local-00638,layer_band,middle,40055,0.4828496042216359,0.00012482836100362001,False
ax4-local-00638,layer_band,late,48066,0.16989777934437789,0.0,True
ax4-local-00639,domain,code,32256,0.6117054751415985,0.00031001984126984125,False
ax4-local-00639,domain,conversation,31424,0.6872461413484972,0.00019093686354378818,False
ax4-local-00639,domain,general,32256,0.7416020671834626,0.00021701388888888888,False
ax4-local-00639,domain,math,32240,0.7154612386314422,9.305210918114144e-05,False
ax4-local-00639,layer_band,early,40055,0.7982456140350878,0.0005242791162152041,False
ax4-local-00639,layer_band,middle,40055,0.49185520361990953,0.00012482836100362001,False
ax4-local-00639,layer_band,late,48066,0.31745344304893897,0.0,False
ax4-local-00640,domain,code,32256,0.6183597390493942,0.00031001984126984125,False
ax4-local-00640,domain,conversation,31424,0.6903285802851828,0.00019093686354378818,False
ax4-local-00640,domain,general,32256,0.7445582586427657,0.00021701388888888888,False
ax4-local-00640,domain,math,32240,0.7160780669144982,9.305210918114144e-05,False
ax4-local-00640,layer_band,early,40055,0.7982456140350878,0.0005242791162152041,False
ax4-local-00640,layer_band,middle,40055,0.5286708650977793,0.00012482836100362001,False
ax4-local-00640,layer_band,late,48066,0.47503566333808844,0.0,False
ax4-local-00641,domain,code,32256,0.6500789889415481,0.00031001984126984125,False
ax4-local-00641,domain,conversation,31424,0.731853366437856,0.00019093686354378818,False
ax4-local-00641,domain,general,32256,0.7741289547456949,0.00021701388888888888,False
ax4-local-00641,domain,math,32240,0.7451061199258191,9.305210918114144e-05,False
ax4-local-00641,layer_band,early,40055,0.7982456140350878,0.0005242791162152041,False
ax4-local-00641,layer_band,middle,40055,0.6393507521773555,0.00012482836100362001,False
ax4-local-00641,layer_band,late,48066,0.6965850710184346,0.0,False
ax4-local-00642,domain,code,32256,0.6116449971735444,0.00031001984126984125,False
ax4-local-00642,domain,conversation,31424,0.6872461413484972,0.00019093686354378818,False
ax4-local-00642,domain,general,32256,0.7416020671834626,0.00021701388888888888,False
ax4-local-00642,domain,math,32240,0.7154612386314422,9.305210918114144e-05,False
ax4-local-00642,layer_band,early,40055,0.7982456140350878,0.0005242791162152041,False
ax4-local-00642,layer_band,middle,40055,0.4828496042216359,0.00012482836100362001,False
ax4-local-00642,layer_band,late,48066,0.19328703703703698,0.0,True
ax4-local-00643,domain,code,32256,0.6297036297036297,0.00031001984126984125,False
ax4-local-00643,domain,conversation,31424,0.7115111321648508,0.00019093686354378818,False
ax4-local-00643,domain,general,32256,0.7637761640324647,0.00021701388888888888,False
ax4-local-00643,domain,math,32240,0.728382502543235,9.305210918114144e-05,False
ax4-local-00643,layer_band,early,40055,0.7982456140350878,0.0005242791162152041,False
ax4-local-00643,layer_band,middle,40055,0.5664826894129453,0.00012482836100362001,False
ax4-local-00643,layer_band,late,48066,0.5922995780590717,0.0,False
ax4-local-00644,domain,code,32256,0.6885245901639344,0.0011160714285714285,False
ax4-local-00644,domain,conversation,31424,0.8043478260869565,0.002036659877800407,False
ax4-local-00644,domain,general,32256,0.8787366046249295,0.0028211805555555555,False
ax4-local-00644,domain,math,32240,0.8449799196787149,0.0016439205955334987,False
ax4-local-00644,layer_band,early,40055,0.7982456140350878,0.0005242791162152041,False
ax4-local-00644,layer_band,middle,40055,0.7364822871348664,0.0014729746598427162,False
ax4-local-00644,layer_band,late,48066,0.9041405269761607,0.003411975200765614,False
ax4-local-00645,domain,code,32256,0.7446808510638298,0.0011160714285714285,False
ax4-local-00645,domain,conversation,31424,0.844541910331384,0.002036659877800407,False
ax4-local-00645,domain,general,32256,0.8859792689579924,0.0028211805555555555,False
ax4-local-00645,domain,math,32240,0.8631818181818182,0.0016439205955334987,False
ax4-local-00645,layer_band,early,40055,0.7982456140350878,0.0005242791162152041,False
ax4-local-00645,layer_band,middle,40055,0.8070533372194695,0.0014729746598427162,False
ax4-local-00645,layer_band,late,48066,0.907210401891253,0.003411975200765614,False
ax4-local-00646,domain,code,32256,0.6116449971735444,0.00031001984126984125,False
ax4-local-00646,domain,conversation,31424,0.6871194379391101,0.00019093686354378818,False
ax4-local-00646,domain,general,32256,0.7408485856905158,0.00021701388888888888,False
ax4-local-00646,domain,math,32240,0.7154612386314422,9.305210918114144e-05,False
ax4-local-00646,layer_band,early,40055,0.7982456140350878,0.0005242791162152041,False
ax4-local-00646,layer_band,middle,40055,0.4828496042216359,0.00012482836100362001,False
ax4-local-00646,layer_band,late,48066,0.09539656128674436,0.0,True
ax4-local-00647,domain,code,32256,0.6116449971735444,0.00031001984126984125,False
ax4-local-00647,domain,conversation,31424,0.6871194379391101,0.00019093686354378818,False
ax4-local-00647,domain,general,32256,0.7408485856905158,0.00021701388888888888,False
ax4-local-00647,domain,math,32240,0.7154612386314422,9.305210918114144e-05,False
ax4-local-00647,layer_band,early,40055,0.7982456140350878,0.0005242791162152041,False
ax4-local-00647,layer_band,middle,40055,0.4828496042216359,0.00012482836100362001,False
ax4-local-00647,layer_band,late,48066,0.09539656128674436,0.0,True
ax4-local-00648,domain,code,32256,0.6116449971735444,0.00031001984126984125,False
ax4-local-00648,domain,conversation,31424,0.6871194379391101,0.00019093686354378818,False
ax4-local-00648,domain,general,32256,0.7408485856905158,0.00021701388888888888,False
ax4-local-00648,domain,math,32240,0.7154612386314422,9.305210918114144e-05,False
ax4-local-00648,layer_band,early,40055,0.7982456140350878,0.0005242791162152041,False
ax4-local-00648,layer_band,middle,40055,0.4828496042216359,0.00012482836100362001,False
ax4-local-00648,layer_band,late,48066,0.09539656128674436,0.0,True
ax4-local-00649,domain,code,32256,0.6116449971735444,0.00031001984126984125,False
ax4-local-00649,domain,conversation,31424,0.6871194379391101,0.00019093686354378818,False
ax4-local-00649,domain,general,32256,0.7408485856905158,0.00021701388888888888,False
ax4-local-00649,domain,math,32240,0.7154612386314422,9.305210918114144e-05,False
ax4-local-00649,layer_band,early,40055,0.7982456140350878,0.0005242791162152041,False
ax4-local-00649,layer_band,middle,40055,0.4828496042216359,0.00012482836100362001,False
ax4-local-00649,layer_band,late,48066,0.09539656128674436,0.0,True
ax4-local-00650,domain,code,32256,0.6116449971735444,0.00031001984126984125,False
ax4-local-00650,domain,conversation,31424,0.6871194379391101,0.00019093686354378818,False
ax4-local-00650,domain,general,32256,0.7408485856905158,0.00021701388888888888,False
ax4-local-00650,domain,math,32240,0.7154612386314422,9.305210918114144e-05,False
ax4-local-00650,layer_band,early,40055,0.7982456140350878,0.0005242791162152041,False
ax4-local-00650,layer_band,middle,40055,0.4828496042216359,0.00012482836100362001,False
ax4-local-00650,layer_band,late,48066,0.14211618257261405,0.0,True
ax4-local-00651,domain,code,32256,0.6134928547690262,0.00031001984126984125,False
ax4-local-00651,domain,conversation,31424,0.6877545479228889,0.00019093686354378818,False
ax4-local-00651,domain,general,32256,0.7415946205571566,0.00021701388888888888,False
ax4-local-00651,domain,math,32240,0.7154612386314422,9.305210918114144e-05,False
ax4-local-00651,layer_band,early,40055,0.7982456140350878,0.0005242791162152041,False
ax4-local-00651,layer_band,middle,40055,0.49222797927461137,0.00012482836100362001,False
ax4-local-00651,layer_band,late,48066,0.31659161759612053,0.0,False
ax4-local-00652,domain,code,32256,0.6189794945159752,0.00031001984126984125,False
ax4-local-00652,domain,conversation,31424,0.6903285802851828,0.00019093686354378818,False
ax4-local-00652,domain,general,32256,0.7445582586427657,0.00021701388888888888,False
ax4-local-00652,domain,math,32240,0.7161936560934892,9.305210918114144e-05,False
ax4-local-00652,layer_band,early,40055,0.7982456140350878,0.0005242791162152041,False
ax4-local-00652,layer_band,middle,40055,0.5252808988764046,0.00012482836100362001,False
ax4-local-00652,layer_band,late,48066,0.4803682642837802,0.0,False
ax4-local-00653,domain,code,32256,0.6494413407821229,0.00031001984126984125,False
ax4-local-00653,domain,conversation,31424,0.7321543408360129,0.00019093686354378818,False
ax4-local-00653,domain,general,32256,0.7755430410297667,0.00021701388888888888,False
ax4-local-00653,domain,math,32240,0.7485029940119761,9.305210918114144e-05,False
ax4-local-00653,layer_band,early,40055,0.7982456140350878,0.0005242791162152041,False
ax4-local-00653,layer_band,middle,40055,0.6349809885931559,0.00012482836100362001,False
ax4-local-00653,layer_band,late,48066,0.6948228882833788,0.0,False
ax4-local-00654,domain,code,32256,0.6116449971735444,0.00031001984126984125,False
ax4-local-00654,domain,conversation,31424,0.6872461413484972,0.00019093686354378818,False
ax4-local-00654,domain,general,32256,0.7408485856905158,0.00021701388888888888,False
ax4-local-00654,domain,math,32240,0.7154612386314422,9.305210918114144e-05,False
ax4-local-00654,layer_band,early,40055,0.7982456140350878,0.0005242791162152041,False
ax4-local-00654,layer_band,middle,40055,0.4828496042216359,0.00012482836100362001,False
ax4-local-00654,layer_band,late,48066,0.04793461453501213,0.0,True
ax4-local-00655,domain,code,32256,0.6284023668639054,0.00031001984126984125,False
ax4-local-00655,domain,conversation,31424,0.7123862841147656,0.00019093686354378818,False
ax4-local-00655,domain,general,32256,0.7657447517494169,0.00021701388888888888,False
ax4-local-00655,domain,math,32240,0.7281896116994453,9.305210918114144e-05,False
ax4-local-00655,layer_band,early,40055,0.7982456140350878,0.0005242791162152041,False
ax4-local-00655,layer_band,middle,40055,0.5683122847301951,0.00012482836100362001,False
ax4-local-00655,layer_band,late,48066,0.5995415270675366,0.0,False
ax4-local-00656,domain,code,32256,0.688833746898263,0.0011160714285714285,False
ax4-local-00656,domain,conversation,31424,0.8045917036264023,0.002036659877800407,False
ax4-local-00656,domain,general,32256,0.8816875573219198,0.0028211805555555555,False
ax4-local-00656,domain,math,32240,0.8487654320987654,0.0016439205955334987,False
ax4-local-00656,layer_band,early,40055,0.7982456140350878,0.0005242791162152041,False
ax4-local-00656,layer_band,middle,40055,0.7375392122690834,0.0014729746598427162,False
ax4-local-00656,layer_band,late,48066,0.905522947457747,0.003411975200765614,False
ax4-local-00657,domain,code,32256,0.7446808510638298,0.0011160714285714285,False
ax4-local-00657,domain,conversation,31424,0.844541910331384,0.002036659877800407,False
ax4-local-00657,domain,general,32256,0.8859792689579924,0.0028211805555555555,False
ax4-local-00657,domain,math,32240,0.8631818181818182,0.0016439205955334987,False
ax4-local-00657,layer_band,early,40055,0.7982456140350878,0.0005242791162152041,False
ax4-local-00657,layer_band,middle,40055,0.8070533372194695,0.0014729746598427162,False
ax4-local-00657,layer_band,late,48066,0.907210401891253,0.003411975200765614,False
ax4-local-00658,domain,code,32256,0.6116449971735444,0.00031001984126984125,False
ax4-local-00658,domain,conversation,31424,0.6871194379391101,0.00019093686354378818,False
ax4-local-00658,domain,general,32256,0.7408485856905158,0.00021701388888888888,False
ax4-local-00658,domain,math,32240,0.7154612386314422,9.305210918114144e-05,False
ax4-local-00658,layer_band,early,40055,0.7982456140350878,0.0005242791162152041,False
ax4-local-00658,layer_band,middle,40055,0.4828496042216359,0.00012482836100362001,False
ax4-local-00658,layer_band,late,48066,0.017533856022808325,0.0,True
ax4-local-00659,domain,code,32256,0.6116449971735444,0.00031001984126984125,False
ax4-local-00659,domain,conversation,31424,0.6871194379391101,0.00019093686354378818,False
ax4-local-00659,domain,general,32256,0.7408485856905158,0.00021701388888888888,False
ax4-local-00659,domain,math,32240,0.7154612386314422,9.305210918114144e-05,False
ax4-local-00659,layer_band,early,40055,0.7982456140350878,0.0005242791162152041,False
ax4-local-00659,layer_band,middle,40055,0.4828496042216359,0.00012482836100362001,False
ax4-local-00659,layer_band,late,48066,0.017533856022808325,0.0,True
ax4-local-00660,domain,code,32256,0.6116449971735444,0.00031001984126984125,False
ax4-local-00660,domain,conversation,31424,0.6871194379391101,0.00019093686354378818,False
ax4-local-00660,domain,general,32256,0.7408485856905158,0.00021701388888888888,False
ax4-local-00660,domain,math,32240,0.7154612386314422,9.305210918114144e-05,False
ax4-local-00660,layer_band,early,40055,0.7982456140350878,0.0005242791162152041,False
ax4-local-00660,layer_band,middle,40055,0.4828496042216359,0.00012482836100362001,False
ax4-local-00660,layer_band,late,48066,0.017533856022808325,0.0,True
ax4-local-00661,domain,code,32256,0.6116449971735444,0.00031001984126984125,False
ax4-local-00661,domain,conversation,31424,0.6871194379391101,0.00019093686354378818,False
ax4-local-00661,domain,general,32256,0.7408485856905158,0.00021701388888888888,False
ax4-local-00661,domain,math,32240,0.7154612386314422,9.305210918114144e-05,False
ax4-local-00661,layer_band,early,40055,0.7982456140350878,0.0005242791162152041,False
ax4-local-00661,layer_band,middle,40055,0.4828496042216359,0.00012482836100362001,False
ax4-local-00661,layer_band,late,48066,0.017533856022808325,0.0,True
ax4-local-00662,domain,code,32256,0.4017857142857143,0.0,False
ax4-local-00662,domain,conversation,31424,0.45158343483556646,0.0,False
ax4-local-00662,domain,general,32256,0.4882203696991664,0.0,False
ax4-local-00662,domain,math,32240,0.4887585532746823,0.0,False
ax4-local-00662,layer_band,early,40055,0.5523769457299117,0.0,False
ax4-local-00662,layer_band,middle,40055,0.300617707618394,0.0,False
ax4-local-00662,layer_band,late,48066,1.5265566588595902e-16,0.0,True
ax4-local-00663,domain,code,32256,0.6116449971735444,0.00031001984126984125,False
ax4-local-00663,domain,conversation,31424,0.6871194379391101,0.00019093686354378818,False
ax4-local-00663,domain,general,32256,0.7408485856905158,0.00021701388888888888,False
ax4-local-00663,domain,math,32240,0.7154612386314422,9.305210918114144e-05,False
ax4-local-00663,layer_band,early,40055,0.7982456140350878,0.0005242791162152041,False
ax4-local-00663,layer_band,middle,40055,0.4828496042216359,0.00012482836100362001,False
ax4-local-00663,layer_band,late,48066,1.5265566588595902e-16,0.0,True
ax4-local-00664,domain,code,32256,0.6116449971735444,0.00031001984126984125,False
ax4-local-00664,domain,conversation,31424,0.6871194379391101,0.00019093686354378818,False
ax4-local-00664,domain,general,32256,0.7408485856905158,0.00021701388888888888,False
ax4-local-00664,domain,math,32240,0.7154612386314422,9.305210918114144e-05,False
ax4-local-00664,layer_band,early,40055,0.7982456140350878,0.0005242791162152041,False
ax4-local-00664,layer_band,middle,40055,0.4828496042216359,0.00012482836100362001,False
ax4-local-00664,layer_band,late,48066,1.5265566588595902e-16,0.0,True
ax4-local-00665,domain,code,32256,0.4017857142857143,0.0,False
ax4-local-00665,domain,conversation,31424,0.45158343483556646,0.0,False
ax4-local-00665,domain,general,32256,0.4882203696991664,0.0,False
ax4-local-00665,domain,math,32240,0.4887585532746823,0.0,False
ax4-local-00665,layer_band,early,40055,0.5523769457299117,0.0,False
ax4-local-00665,layer_band,middle,40055,0.300617707618394,0.0,False
ax4-local-00665,layer_band,late,48066,1.5265566588595902e-16,0.0,True
ax4-local-00666,domain,code,32256,0.1577060931899642,0.0,True
ax4-local-00666,domain,conversation,31424,0.17613636363636365,0.0,True
ax4-local-00666,domain,general,32256,0.20207253886010357,0.0,False
ax4-local-00666,domain,math,32240,0.20499342969776613,0.0,False
ax4-local-00666,layer_band,early,40055,0.26085315213288024,0.0,False
ax4-local-00666,layer_band,middle,40055,0.09405728943993158,0.0,True
ax4-local-00666,layer_band,late,48066,1.5265566588595902e-16,0.0,True
ax4-local-00667,domain,code,32256,0.6116449971735444,0.00031001984126984125,False
ax4-local-00667,domain,conversation,31424,0.6871194379391101,0.00019093686354378818,False
ax4-local-00667,domain,general,32256,0.7408485856905158,0.00021701388888888888,False
ax4-local-00667,domain,math,32240,0.7154612386314422,9.305210918114144e-05,False
ax4-local-00667,layer_band,early,40055,0.7982456140350878,0.0005242791162152041,False
ax4-local-00667,layer_band,middle,40055,0.4828496042216359,0.00012482836100362001,False
ax4-local-00667,layer_band,late,48066,1.5265566588595902e-16,0.0,True
ax4-local-00668,domain,code,32256,0.4017857142857143,0.0,False
ax4-local-00668,domain,conversation,31424,0.45158343483556646,0.0,False
ax4-local-00668,domain,general,32256,0.4882203696991664,0.0,False
ax4-local-00668,domain,math,32240,0.4887585532746823,0.0,False
ax4-local-00668,layer_band,early,40055,0.5523769457299117,0.0,False
ax4-local-00668,layer_band,middle,40055,0.300617707618394,0.0,False
ax4-local-00668,layer_band,late,48066,1.5265566588595902e-16,0.0,True
ax4-local-00669,domain,code,32256,0.1577060931899642,0.0,True
ax4-local-00669,domain,conversation,31424,0.17613636363636365,0.0,True
ax4-local-00669,domain,general,32256,0.20207253886010357,0.0,False
ax4-local-00669,domain,math,32240,0.20499342969776613,0.0,False
ax4-local-00669,layer_band,early,40055,0.26085315213288024,0.0,False
ax4-local-00669,layer_band,middle,40055,0.09405728943993158,0.0,True
ax4-local-00669,layer_band,late,48066,1.5265566588595902e-16,0.0,True
ax4-local-00670,domain,code,32256,1.3877787807814457e-16,0.0,True
ax4-local-00670,domain,conversation,31424,1.3877787807814457e-16,0.0,True
ax4-local-00670,domain,general,32256,1.5265566588595902e-16,0.0,True
ax4-local-00670,domain,math,32240,1.3877787807814457e-16,0.0,True
ax4-local-00670,layer_band,early,40055,1.249000902703301e-16,0.0,True
ax4-local-00670,layer_band,middle,40055,1.3877787807814457e-16,0.0,True
ax4-local-00670,layer_band,late,48066,1.5265566588595902e-16,0.0,True
ax4-local-00671,domain,code,32256,0.6116449971735444,0.00031001984126984125,False
ax4-local-00671,domain,conversation,31424,0.6871194379391101,0.00019093686354378818,False
ax4-local-00671,domain,general,32256,0.7408485856905158,0.00021701388888888888,False
ax4-local-00671,domain,math,32240,0.7154612386314422,9.305210918114144e-05,False
ax4-local-00671,layer_band,early,40055,0.7982456140350878,0.0005242791162152041,False
ax4-local-00671,layer_band,middle,40055,0.4828496042216359,0.00012482836100362001,False
ax4-local-00671,layer_band,late,48066,1.5265566588595902e-16,0.0,True
ax4-local-00672,domain,code,32256,0.1577060931899642,0.0,True
ax4-local-00672,domain,conversation,31424,0.17613636363636365,0.0,True
ax4-local-00672,domain,general,32256,0.20207253886010357,0.0,False
ax4-local-00672,domain,math,32240,0.20499342969776613,0.0,False
ax4-local-00672,layer_band,early,40055,0.26085315213288024,0.0,False
ax4-local-00672,layer_band,middle,40055,0.09405728943993158,0.0,True
ax4-local-00672,layer_band,late,48066,1.5265566588595902e-16,0.0,True
ax4-local-00673,domain,code,32256,1.3877787807814457e-16,0.0,True
ax4-local-00673,domain,conversation,31424,1.3877787807814457e-16,0.0,True
ax4-local-00673,domain,general,32256,1.5265566588595902e-16,0.0,True
ax4-local-00673,domain,math,32240,1.3877787807814457e-16,0.0,True
ax4-local-00673,layer_band,early,40055,1.249000902703301e-16,0.0,True
ax4-local-00673,layer_band,middle,40055,1.3877787807814457e-16,0.0,True
ax4-local-00673,layer_band,late,48066,1.5265566588595902e-16,0.0,True
ax4-local-00674,domain,code,32256,1.249000902703301e-16,0.0,True
ax4-local-00674,domain,conversation,31424,1.3877787807814457e-16,0.0,True
ax4-local-00674,domain,general,32256,1.3877787807814457e-16,0.0,True
ax4-local-00674,domain,math,32240,1.3877787807814457e-16,0.0,True
ax4-local-00674,layer_band,early,40055,1.1102230246251565e-16,0.0,True
ax4-local-00674,layer_band,middle,40055,1.3877787807814457e-16,0.0,True
ax4-local-00674,layer_band,late,48066,1.5265566588595902e-16,0.0,True
ax4-local-00675,domain,code,32256,0.6116449971735444,0.00031001984126984125,False
ax4-local-00675,domain,conversation,31424,0.6871194379391101,0.00019093686354378818,False
ax4-local-00675,domain,general,32256,0.7408485856905158,0.00021701388888888888,False
ax4-local-00675,domain,math,32240,0.7154612386314422,9.305210918114144e-05,False
ax4-local-00675,layer_band,early,40055,0.7982456140350878,0.0005242791162152041,False
ax4-local-00675,layer_band,middle,40055,0.4828496042216359,0.00012482836100362001,False
ax4-local-00675,layer_band,late,48066,0.017533856022808325,0.0,True
ax4-local-00676,domain,code,32256,0.6116449971735444,0.00031001984126984125,False
ax4-local-00676,domain,conversation,31424,0.6871194379391101,0.00019093686354378818,False
ax4-local-00676,domain,general,32256,0.7408485856905158,0.00021701388888888888,False
ax4-local-00676,domain,math,32240,0.7154612386314422,9.305210918114144e-05,False
ax4-local-00676,layer_band,early,40055,0.7982456140350878,0.0005242791162152041,False
ax4-local-00676,layer_band,middle,40055,0.4828496042216359,0.00012482836100362001,False
ax4-local-00676,layer_band,late,48066,0.017533856022808325,0.0,True
ax4-local-00677,domain,code,32256,0.6116449971735444,0.00031001984126984125,False
ax4-local-00677,domain,conversation,31424,0.6871194379391101,0.00019093686354378818,False
ax4-local-00677,domain,general,32256,0.7408485856905158,0.00021701388888888888,False
ax4-local-00677,domain,math,32240,0.7154612386314422,9.305210918114144e-05,False
ax4-local-00677,layer_band,early,40055,0.7982456140350878,0.0005242791162152041,False
ax4-local-00677,layer_band,middle,40055,0.4828496042216359,0.00012482836100362001,False
ax4-local-00677,layer_band,late,48066,0.03789234021792154,0.0,True
ax4-local-00678,domain,code,32256,0.6116449971735444,0.00031001984126984125,False
ax4-local-00678,domain,conversation,31424,0.6880158468141301,0.00019093686354378818,False
ax4-local-00678,domain,general,32256,0.7415946205571566,0.00021701388888888888,False
ax4-local-00678,domain,math,32240,0.7154612386314422,9.305210918114144e-05,False
ax4-local-00678,layer_band,early,40055,0.7982456140350878,0.0005242791162152041,False
ax4-local-00678,layer_band,middle,40055,0.49289920332525117,0.00012482836100362001,False
ax4-local-00678,layer_band,late,48066,0.3176675369886859,0.0,False
ax4-local-00679,domain,code,32256,0.6176470588235294,0.00031001984126984125,False
ax4-local-00679,domain,conversation,31424,0.6914802065404475,0.00019093686354378818,False
ax4-local-00679,domain,general,32256,0.7443792766373412,0.00021701388888888888,False
ax4-local-00679,domain,math,32240,0.7157320872274143,9.305210918114144e-05,False
ax4-local-00679,layer_band,early,40055,0.7982456140350878,0.0005242791162152041,False
ax4-local-00679,layer_band,middle,40055,0.5286708650977793,0.00012482836100362001,False
ax4-local-00679,layer_band,late,48066,0.46997929606625255,0.0,False
ax4-local-00680,domain,code,32256,0.652046783625731,0.00031001984126984125,False
ax4-local-00680,domain,conversation,31424,0.7307076528978547,0.00019093686354378818,False
ax4-local-00680,domain,general,32256,0.7725768321513002,0.00021701388888888888,False
ax4-local-00680,domain,math,32240,0.7432048681541582,9.305210918114144e-05,False
ax4-local-00680,layer_band,early,40055,0.7982456140350878,0.0005242791162152041,False
ax4-local-00680,layer_band,middle,40055,0.6353026987600292,0.00012482836100362001,False
ax4-local-00680,layer_band,late,48066,0.6918887933505302,0.0,False
ax4-local-00681,domain,code,32256,0.6116449971735444,0.00031001984126984125,False
ax4-local-00681,domain,conversation,31424,0.6872461413484972,0.00019093686354378818,False
ax4-local-00681,domain,general,32256,0.7408485856905158,0.00021701388888888888,False
ax4-local-00681,domain,math,32240,0.7154612386314422,9.305210918114144e-05,False
ax4-local-00681,layer_band,early,40055,0.7982456140350878,0.0005242791162152041,False
ax4-local-00681,layer_band,middle,40055,0.4828496042216359,0.00012482836100362001,False
ax4-local-00681,layer_band,late,48066,1.3183898417423734e-16,0.0,True
ax4-local-00682,domain,code,32256,0.6291420789832047,0.00031001984126984125,False
ax4-local-00682,domain,conversation,31424,0.7124966693312017,0.00019093686354378818,False
ax4-local-00682,domain,general,32256,0.7650103519668736,0.00021701388888888888,False
ax4-local-00682,domain,math,32240,0.7286858219500707,9.305210918114144e-05,False
ax4-local-00682,layer_band,early,40055,0.7982456140350878,0.0005242791162152041,False
ax4-local-00682,layer_band,middle,40055,0.5671999999999999,0.00012482836100362001,False
ax4-local-00682,layer_band,late,48066,0.5955405023990967,0.0,False
ax4-local-00683,domain,code,32256,0.688833746898263,0.0011160714285714285,False
ax4-local-00683,domain,conversation,31424,0.8045917036264023,0.002036659877800407,False
ax4-local-00683,domain,general,32256,0.8824451410658307,0.0028211805555555555,False
ax4-local-00683,domain,math,32240,0.8495201535508637,0.0016439205955334987,False
ax4-local-00683,layer_band,early,40055,0.7982456140350878,0.0005242791162152041,False
ax4-local-00683,layer_band,middle,40055,0.7375392122690834,0.0014729746598427162,False
ax4-local-00683,layer_band,late,48066,0.905777166437414,0.003411975200765614,False
ax4-local-00684,domain,code,32256,0.7446808510638298,0.0011160714285714285,False
ax4-local-00684,domain,conversation,31424,0.844541910331384,0.002036659877800407,False
ax4-local-00684,domain,general,32256,0.8859792689579924,0.0028211805555555555,False
ax4-local-00684,domain,math,32240,0.8631818181818182,0.0016439205955334987,False
ax4-local-00684,layer_band,early,40055,0.7982456140350878,0.0005242791162152041,False
ax4-local-00684,layer_band,middle,40055,0.8070533372194695,0.0014729746598427162,False
ax4-local-00684,layer_band,late,48066,0.907210401891253,0.003411975200765614,False
ax4-local-00685,domain,code,32256,0.6116449971735444,0.00031001984126984125,False
ax4-local-00685,domain,conversation,31424,0.6871194379391101,0.00019093686354378818,False
ax4-local-00685,domain,general,32256,0.7408485856905158,0.00021701388888888888,False
ax4-local-00685,domain,math,32240,0.7154612386314422,9.305210918114144e-05,False
ax4-local-00685,layer_band,early,40055,0.7982456140350878,0.0005242791162152041,False
ax4-local-00685,layer_band,middle,40055,0.4828496042216359,0.00012482836100362001,False
ax4-local-00685,layer_band,late,48066,1.3877787807814457e-16,0.0,True
ax4-local-00686,domain,code,32256,0.6116449971735444,0.00031001984126984125,False
ax4-local-00686,domain,conversation,31424,0.6871194379391101,0.00019093686354378818,False
ax4-local-00686,domain,general,32256,0.7408485856905158,0.00021701388888888888,False
ax4-local-00686,domain,math,32240,0.7154612386314422,9.305210918114144e-05,False
ax4-local-00686,layer_band,early,40055,0.7982456140350878,0.0005242791162152041,False
ax4-local-00686,layer_band,middle,40055,0.4828496042216359,0.00012482836100362001,False
ax4-local-00686,layer_band,late,48066,1.3877787807814457e-16,0.0,True
ax4-local-00687,domain,code,32256,0.6116449971735444,0.00031001984126984125,False
ax4-local-00687,domain,conversation,31424,0.6871194379391101,0.00019093686354378818,False
ax4-local-00687,domain,general,32256,0.7408485856905158,0.00021701388888888888,False
ax4-local-00687,domain,math,32240,0.7154612386314422,9.305210918114144e-05,False
ax4-local-00687,layer_band,early,40055,0.7982456140350878,0.0005242791162152041,False
ax4-local-00687,layer_band,middle,40055,0.4828496042216359,0.00012482836100362001,False
ax4-local-00687,layer_band,late,48066,1.3877787807814457e-16,0.0,True
ax4-local-00688,domain,code,32256,0.6116449971735444,0.00031001984126984125,False
ax4-local-00688,domain,conversation,31424,0.6871194379391101,0.00019093686354378818,False
ax4-local-00688,domain,general,32256,0.7408485856905158,0.00021701388888888888,False
ax4-local-00688,domain,math,32240,0.7154612386314422,9.305210918114144e-05,False
ax4-local-00688,layer_band,early,40055,0.7982456140350878,0.0005242791162152041,False
ax4-local-00688,layer_band,middle,40055,0.4828496042216359,0.00012482836100362001,False
ax4-local-00688,layer_band,late,48066,1.3877787807814457e-16,0.0,True
ax4-local-00689,domain,code,32256,0.6116449971735444,0.00031001984126984125,False
ax4-local-00689,domain,conversation,31424,0.6871194379391101,0.00019093686354378818,False
ax4-local-00689,domain,general,32256,0.7408485856905158,0.00021701388888888888,False
ax4-local-00689,domain,math,32240,0.7154612386314422,9.305210918114144e-05,False
ax4-local-00689,layer_band,early,40055,0.7982456140350878,0.0005242791162152041,False
ax4-local-00689,layer_band,middle,40055,0.4828496042216359,0.00012482836100362001,False
ax4-local-00689,layer_band,late,48066,1.3183898417423734e-16,0.0,True
ax4-local-00690,domain,code,32256,0.6117054751415985,0.00031001984126984125,False
ax4-local-00690,domain,conversation,31424,0.6876640419947506,0.00019093686354378818,False
ax4-local-00690,domain,general,32256,0.7416020671834626,0.00021701388888888888,False
ax4-local-00690,domain,math,32240,0.7154612386314422,9.305210918114144e-05,False
ax4-local-00690,layer_band,early,40055,0.7982456140350878,0.0005242791162152041,False
ax4-local-00690,layer_band,middle,40055,0.49185520361990953,0.00012482836100362001,False
ax4-local-00690,layer_band,late,48066,0.3114167812929849,0.0,False
ax4-local-00691,domain,code,32256,0.6178600160901045,0.00031001984126984125,False
ax4-local-00691,domain,conversation,31424,0.6911528150134049,0.00019093686354378818,False
ax4-local-00691,domain,general,32256,0.7449739389426657,0.00021701388888888888,False
ax4-local-00691,domain,math,32240,0.7160780669144982,9.305210918114144e-05,False
ax4-local-00691,layer_band,early,40055,0.7982456140350878,0.0005242791162152041,False
ax4-local-00691,layer_band,middle,40055,0.5308187672493101,0.00012482836100362001,False
ax4-local-00691,layer_band,late,48066,0.4789229340761374,0.0,False
ax4-local-00692,domain,code,32256,0.6509592729720632,0.00031001984126984125,False
ax4-local-00692,domain,conversation,31424,0.7307076528978547,0.00019093686354378818,False
ax4-local-00692,domain,general,32256,0.77427119550682,0.00021701388888888888,False
ax4-local-00692,domain,math,32240,0.7481234361968307,9.305210918114144e-05,False
ax4-local-00692,layer_band,early,40055,0.7982456140350878,0.0005242791162152041,False
ax4-local-00692,layer_band,middle,40055,0.6393507521773555,0.00012482836100362001,False
ax4-local-00692,layer_band,late,48066,0.6943709860219115,0.0,False
ax4-local-00693,domain,code,32256,0.6378353376503239,0.0005270337301587301,False
ax4-local-00693,domain,conversation,31424,0.723094688221709,0.00031822810590631366,False
ax4-local-00693,domain,general,32256,0.7732160312805474,0.00043402777777777775,False
ax4-local-00693,domain,math,32240,0.7355943365162989,9.305210918114144e-05,False
ax4-local-00693,layer_band,early,40055,0.7982456140350878,0.0005242791162152041,False
ax4-local-00693,layer_band,middle,40055,0.7309552599758162,0.0005742104606166522,False
ax4-local-00693,layer_band,late,48066,0.21565443325755118,0.0,False
ax4-local-00694,domain,code,32256,0.6378353376503239,0.0005270337301587301,False
ax4-local-00694,domain,conversation,31424,0.7235256816740647,0.00031822810590631366,False
ax4-local-00694,domain,general,32256,0.7732160312805474,0.00043402777777777775,False
ax4-local-00694,domain,math,32240,0.7355943365162989,9.305210918114144e-05,False
ax4-local-00694,layer_band,early,40055,0.7982456140350878,0.0005242791162152041,False
ax4-local-00694,layer_band,middle,40055,0.7309552599758162,0.0005742104606166522,False
ax4-local-00694,layer_band,late,48066,0.2227848101265823,0.0,False
ax4-local-00695,domain,code,32256,0.6469784909525436,0.0005270337301587301,False
ax4-local-00695,domain,conversation,31424,0.738880167451596,0.00031822810590631366,False
ax4-local-00695,domain,general,32256,0.7887683471601787,0.00043402777777777775,False
ax4-local-00695,domain,math,32240,0.7445066781559673,9.305210918114144e-05,False
ax4-local-00695,layer_band,early,40055,0.7982456140350878,0.0005242791162152041,False
ax4-local-00695,layer_band,middle,40055,0.7381818181818182,0.0005742104606166522,False
ax4-local-00695,layer_band,late,48066,0.507547939616483,0.0,False
ax4-local-00696,domain,code,32256,0.7446808510638298,0.0011160714285714285,False
ax4-local-00696,domain,conversation,31424,0.844541910331384,0.002036659877800407,False
ax4-local-00696,domain,general,32256,0.8859792689579924,0.0028211805555555555,False
ax4-local-00696,domain,math,32240,0.8631818181818182,0.0016439205955334987,False
ax4-local-00696,layer_band,early,40055,0.7982456140350878,0.0005242791162152041,False
ax4-local-00696,layer_band,middle,40055,0.8070533372194695,0.0014729746598427162,False
ax4-local-00696,layer_band,late,48066,0.907210401891253,0.003411975200765614,False
ax4-local-00697,domain,code,32256,0.6378353376503239,0.0005270337301587301,False
ax4-local-00697,domain,conversation,31424,0.723094688221709,0.00031822810590631366,False
ax4-local-00697,domain,general,32256,0.7719714964370546,0.00043402777777777775,False
ax4-local-00697,domain,math,32240,0.7355943365162989,9.305210918114144e-05,False
ax4-local-00697,layer_band,early,40055,0.7982456140350878,0.0005242791162152041,False
ax4-local-00697,layer_band,middle,40055,0.7308802308802309,0.0005742104606166522,False
ax4-local-00697,layer_band,late,48066,0.11957205789804914,0.0,True
ax4-local-00698,domain,code,32256,0.6378353376503239,0.0005270337301587301,False
ax4-local-00698,domain,conversation,31424,0.723094688221709,0.00031822810590631366,False
ax4-local-00698,domain,general,32256,0.7719714964370546,0.00043402777777777775,False
ax4-local-00698,domain,math,32240,0.7355943365162989,9.305210918114144e-05,False
ax4-local-00698,layer_band,early,40055,0.7982456140350878,0.0005242791162152041,False
ax4-local-00698,layer_band,middle,40055,0.7308802308802309,0.0005742104606166522,False
ax4-local-00698,layer_band,late,48066,0.11957205789804914,0.0,True
ax4-local-00699,domain,code,32256,0.6378353376503239,0.0005270337301587301,False
ax4-local-00699,domain,conversation,31424,0.723094688221709,0.00031822810590631366,False
ax4-local-00699,domain,general,32256,0.7719714964370546,0.00043402777777777775,False
ax4-local-00699,domain,math,32240,0.7355943365162989,9.305210918114144e-05,False
ax4-local-00699,layer_band,early,40055,0.7982456140350878,0.0005242791162152041,False
ax4-local-00699,layer_band,middle,40055,0.7308802308802309,0.0005742104606166522,False
ax4-local-00699,layer_band,late,48066,0.11957205789804914,0.0,True
ax4-local-00700,domain,code,32256,0.6378353376503239,0.0005270337301587301,False
ax4-local-00700,domain,conversation,31424,0.723094688221709,0.00031822810590631366,False
ax4-local-00700,domain,general,32256,0.7719714964370546,0.00043402777777777775,False
ax4-local-00700,domain,math,32240,0.7355943365162989,9.305210918114144e-05,False
ax4-local-00700,layer_band,early,40055,0.7982456140350878,0.0005242791162152041,False
ax4-local-00700,layer_band,middle,40055,0.7308802308802309,0.0005742104606166522,False
ax4-local-00700,layer_band,late,48066,0.11957205789804914,0.0,True
ax4-local-00701,domain,code,32256,0.6378353376503239,0.0005270337301587301,False
ax4-local-00701,domain,conversation,31424,0.723094688221709,0.00031822810590631366,False
ax4-local-00701,domain,general,32256,0.772300469483568,0.00043402777777777775,False
ax4-local-00701,domain,math,32240,0.7355943365162989,9.305210918114144e-05,False
ax4-local-00701,layer_band,early,40055,0.7982456140350878,0.0005242791162152041,False
ax4-local-00701,layer_band,middle,40055,0.7309552599758162,0.0005742104606166522,False
ax4-local-00701,layer_band,late,48066,0.16953171310017778,0.0,True
ax4-local-00702,domain,code,32256,0.6378353376503239,0.0005270337301587301,False
ax4-local-00702,domain,conversation,31424,0.723094688221709,0.00031822810590631366,False
ax4-local-00702,domain,general,32256,0.772300469483568,0.00043402777777777775,False
ax4-local-00702,domain,math,32240,0.7355943365162989,9.305210918114144e-05,False
ax4-local-00702,layer_band,early,40055,0.7982456140350878,0.0005242791162152041,False
ax4-local-00702,layer_band,middle,40055,0.7309552599758162,0.0005742104606166522,False
ax4-local-00702,layer_band,late,48066,0.17113305124588618,0.0,True
ax4-local-00703,domain,code,32256,0.6378353376503239,0.0005270337301587301,False
ax4-local-00703,domain,conversation,31424,0.723094688221709,0.00031822810590631366,False
ax4-local-00703,domain,general,32256,0.7725602286647612,0.00043402777777777775,False
ax4-local-00703,domain,math,32240,0.7355943365162989,9.305210918114144e-05,False
ax4-local-00703,layer_band,early,40055,0.7982456140350878,0.0005242791162152041,False
ax4-local-00703,layer_band,middle,40055,0.7309552599758162,0.0005742104606166522,False
ax4-local-00703,layer_band,late,48066,0.22865931812355805,0.0,False
ax4-local-00704,domain,code,32256,0.6470980653769179,0.0005270337301587301,False
ax4-local-00704,domain,conversation,31424,0.728159645232816,0.00031822810590631366,False
ax4-local-00704,domain,general,32256,0.7778330019880716,0.00043402777777777775,False
ax4-local-00704,domain,math,32240,0.7406417112299465,9.305210918114144e-05,False
ax4-local-00704,layer_band,early,40055,0.7982456140350878,0.0005242791162152041,False
ax4-local-00704,layer_band,middle,40055,0.7332920792079207,0.0005742104606166522,False
ax4-local-00704,layer_band,late,48066,0.5705713540307853,0.0,False
ax4-local-00705,domain,code,32256,0.6378353376503239,0.0005270337301587301,False
ax4-local-00705,domain,conversation,31424,0.723094688221709,0.00031822810590631366,False
ax4-local-00705,domain,general,32256,0.7725602286647612,0.00043402777777777775,False
ax4-local-00705,domain,math,32240,0.7355943365162989,9.305210918114144e-05,False
ax4-local-00705,layer_band,early,40055,0.7982456140350878,0.0005242791162152041,False
ax4-local-00705,layer_band,middle,40055,0.7309552599758162,0.0005742104606166522,False
ax4-local-00705,layer_band,late,48066,0.17976424361493115,0.0,True
ax4-local-00706,domain,code,32256,0.6378353376503239,0.0005270337301587301,False
ax4-local-00706,domain,conversation,31424,0.7235256816740647,0.00031822810590631366,False
ax4-local-00706,domain,general,32256,0.7725602286647612,0.00043402777777777775,False
ax4-local-00706,domain,math,32240,0.7355943365162989,9.305210918114144e-05,False
ax4-local-00706,layer_band,early,40055,0.7982456140350878,0.0005242791162152041,False
ax4-local-00706,layer_band,middle,40055,0.7309552599758162,0.0005742104606166522,False
ax4-local-00706,layer_band,late,48066,0.19358125318390218,0.0,True
ax4-local-00707,domain,code,32256,0.6470980653769179,0.0005270337301587301,False
ax4-local-00707,domain,conversation,31424,0.7390161472024033,0.00031822810590631366,False
ax4-local-00707,domain,general,32256,0.7889768574908648,0.00043402777777777775,False
ax4-local-00707,domain,math,32240,0.747612551159618,9.305210918114144e-05,False
ax4-local-00707,layer_band,early,40055,0.7982456140350878,0.0005242791162152041,False
ax4-local-00707,layer_band,middle,40055,0.7381818181818182,0.0005742104606166522,False
ax4-local-00707,layer_band,late,48066,0.5111111111111111,0.0,False
ax4-local-00708,domain,code,32256,0.7446808510638298,0.0011160714285714285,False
ax4-local-00708,domain,conversation,31424,0.844541910331384,0.002036659877800407,False
ax4-local-00708,domain,general,32256,0.8859792689579924,0.0028211805555555555,False
ax4-local-00708,domain,math,32240,0.8631818181818182,0.0016439205955334987,False
ax4-local-00708,layer_band,early,40055,0.7982456140350878,0.0005242791162152041,False
ax4-local-00708,layer_band,middle,40055,0.8070533372194695,0.0014729746598427162,False
ax4-local-00708,layer_band,late,48066,0.907210401891253,0.003411975200765614,False
ax4-local-00709,domain,code,32256,0.6378353376503239,0.0005270337301587301,False
ax4-local-00709,domain,conversation,31424,0.723094688221709,0.00031822810590631366,False
ax4-local-00709,domain,general,32256,0.7719714964370546,0.00043402777777777775,False
ax4-local-00709,domain,math,32240,0.7355943365162989,9.305210918114144e-05,False
ax4-local-00709,layer_band,early,40055,0.7982456140350878,0.0005242791162152041,False
ax4-local-00709,layer_band,middle,40055,0.7308802308802309,0.0005742104606166522,False
ax4-local-00709,layer_band,late,48066,0.09615384615384626,0.0,True
ax4-local-00710,domain,code,32256,0.6378353376503239,0.0005270337301587301,False
ax4-local-00710,domain,conversation,31424,0.723094688221709,0.00031822810590631366,False
ax4-local-00710,domain,general,32256,0.7719714964370546,0.00043402777777777775,False
ax4-local-00710,domain,math,32240,0.7355943365162989,9.305210918114144e-05,False
ax4-local-00710,layer_band,early,40055,0.7982456140350878,0.0005242791162152041,False
ax4-local-00710,layer_band,middle,40055,0.7308802308802309,0.0005742104606166522,False
ax4-local-00710,layer_band,late,48066,0.09615384615384626,0.0,True
ax4-local-00711,domain,code,32256,0.6378353376503239,0.0005270337301587301,False
ax4-local-00711,domain,conversation,31424,0.723094688221709,0.00031822810590631366,False
ax4-local-00711,domain,general,32256,0.7719714964370546,0.00043402777777777775,False
ax4-local-00711,domain,math,32240,0.7355943365162989,9.305210918114144e-05,False
ax4-local-00711,layer_band,early,40055,0.7982456140350878,0.0005242791162152041,False
ax4-local-00711,layer_band,middle,40055,0.7308802308802309,0.0005742104606166522,False
ax4-local-00711,layer_band,late,48066,0.09615384615384626,0.0,True
ax4-local-00712,domain,code,32256,0.6378353376503239,0.0005270337301587301,False
ax4-local-00712,domain,conversation,31424,0.723094688221709,0.00031822810590631366,False
ax4-local-00712,domain,general,32256,0.7719714964370546,0.00043402777777777775,False
ax4-local-00712,domain,math,32240,0.7355943365162989,9.305210918114144e-05,False
ax4-local-00712,layer_band,early,40055,0.7982456140350878,0.0005242791162152041,False
ax4-local-00712,layer_band,middle,40055,0.7308802308802309,0.0005742104606166522,False
ax4-local-00712,layer_band,late,48066,0.09615384615384626,0.0,True
ax4-local-00713,domain,code,32256,0.6378353376503239,0.0005270337301587301,False
ax4-local-00713,domain,conversation,31424,0.723094688221709,0.00031822810590631366,False
ax4-local-00713,domain,general,32256,0.772300469483568,0.00043402777777777775,False
ax4-local-00713,domain,math,32240,0.7355943365162989,9.305210918114144e-05,False
ax4-local-00713,layer_band,early,40055,0.7982456140350878,0.0005242791162152041,False
ax4-local-00713,layer_band,middle,40055,0.7309552599758162,0.0005742104606166522,False
ax4-local-00713,layer_band,late,48066,0.13337393422655297,0.0,True
ax4-local-00714,domain,code,32256,0.6378353376503239,0.0005270337301587301,False
ax4-local-00714,domain,conversation,31424,0.723094688221709,0.00031822810590631366,False
ax4-local-00714,domain,general,32256,0.772300469483568,0.00043402777777777775,False
ax4-local-00714,domain,math,32240,0.7355943365162989,9.305210918114144e-05,False
ax4-local-00714,layer_band,early,40055,0.7982456140350878,0.0005242791162152041,False
ax4-local-00714,layer_band,middle,40055,0.7309552599758162,0.0005742104606166522,False
ax4-local-00714,layer_band,late,48066,0.1379041682898324,0.0,True
ax4-local-00715,domain,code,32256,0.6378353376503239,0.0005270337301587301,False
ax4-local-00715,domain,conversation,31424,0.723094688221709,0.00031822810590631366,False
ax4-local-00715,domain,general,32256,0.7725602286647612,0.00043402777777777775,False
ax4-local-00715,domain,math,32240,0.7355943365162989,9.305210918114144e-05,False
ax4-local-00715,layer_band,early,40055,0.7982456140350878,0.0005242791162152041,False
ax4-local-00715,layer_band,middle,40055,0.7309552599758162,0.0005742104606166522,False
ax4-local-00715,layer_band,late,48066,0.20787343635025757,0.0,False
ax4-local-00716,domain,code,32256,0.6456664238892935,0.0005270337301587301,False
ax4-local-00716,domain,conversation,31424,0.7280921382073109,0.00031822810590631366,False
ax4-local-00716,domain,general,32256,0.7801418439716312,0.00043402777777777775,False
ax4-local-00716,domain,math,32240,0.7398444252376837,9.305210918114144e-05,False
ax4-local-00716,layer_band,early,40055,0.7982456140350878,0.0005242791162152041,False
ax4-local-00716,layer_band,middle,40055,0.7348387096774194,0.0005742104606166522,False
ax4-local-00716,layer_band,late,48066,0.5695405915670233,0.0,False
ax4-local-00717,domain,code,32256,0.6378353376503239,0.0005270337301587301,False
ax4-local-00717,domain,conversation,31424,0.723094688221709,0.00031822810590631366,False
ax4-local-00717,domain,general,32256,0.7719714964370546,0.00043402777777777775,False
ax4-local-00717,domain,math,32240,0.7355943365162989,9.305210918114144e-05,False
ax4-local-00717,layer_band,early,40055,0.7982456140350878,0.0005242791162152041,False
ax4-local-00717,layer_band,middle,40055,0.7308802308802309,0.0005742104606166522,False
ax4-local-00717,layer_band,late,48066,1.3877787807814457e-16,0.0,True
ax4-local-00718,domain,code,32256,0.6378353376503239,0.0005270337301587301,False
ax4-local-00718,domain,conversation,31424,0.7235256816740647,0.00031822810590631366,False
ax4-local-00718,domain,general,32256,0.7719714964370546,0.00043402777777777775,False
ax4-local-00718,domain,math,32240,0.7355943365162989,9.305210918114144e-05,False
ax4-local-00718,layer_band,early,40055,0.7982456140350878,0.0005242791162152041,False
ax4-local-00718,layer_band,middle,40055,0.7308802308802309,0.0005742104606166522,False
ax4-local-00718,layer_band,late,48066,0.04975609756097554,0.0,True
ax4-local-00719,domain,code,32256,0.6475319926873857,0.0005270337301587301,False
ax4-local-00719,domain,conversation,31424,0.7397055153481408,0.00031822810590631366,False
ax4-local-00719,domain,general,32256,0.7889768574908648,0.00043402777777777775,False
ax4-local-00719,domain,math,32240,0.7479919678714859,9.305210918114144e-05,False
ax4-local-00719,layer_band,early,40055,0.7982456140350878,0.0005242791162152041,False
ax4-local-00719,layer_band,middle,40055,0.7381776239907728,0.0005742104606166522,False
ax4-local-00719,layer_band,late,48066,0.5140466228332337,0.0,False
ax4-local-00720,domain,code,32256,0.7446808510638298,0.0011160714285714285,False
ax4-local-00720,domain,conversation,31424,0.844541910331384,0.002036659877800407,False
ax4-local-00720,domain,general,32256,0.8859792689579924,0.0028211805555555555,False
ax4-local-00720,domain,math,32240,0.8631818181818182,0.0016439205955334987,False
ax4-local-00720,layer_band,early,40055,0.7982456140350878,0.0005242791162152041,False
ax4-local-00720,layer_band,middle,40055,0.8070533372194695,0.0014729746598427162,False
ax4-local-00720,layer_band,late,48066,0.907210401891253,0.003411975200765614,False
ax4-local-00721,domain,code,32256,0.6378353376503239,0.0005270337301587301,False
ax4-local-00721,domain,conversation,31424,0.723094688221709,0.00031822810590631366,False
ax4-local-00721,domain,general,32256,0.7719714964370546,0.00043402777777777775,False
ax4-local-00721,domain,math,32240,0.7355943365162989,9.305210918114144e-05,False
ax4-local-00721,layer_band,early,40055,0.7982456140350878,0.0005242791162152041,False
ax4-local-00721,layer_band,middle,40055,0.7308802308802309,0.0005742104606166522,False
ax4-local-00721,layer_band,late,48066,1.5265566588595902e-16,0.0,True
ax4-local-00722,domain,code,32256,0.6378353376503239,0.0005270337301587301,False
ax4-local-00722,domain,conversation,31424,0.723094688221709,0.00031822810590631366,False
ax4-local-00722,domain,general,32256,0.7719714964370546,0.00043402777777777775,False
ax4-local-00722,domain,math,32240,0.7355943365162989,9.305210918114144e-05,False
ax4-local-00722,layer_band,early,40055,0.7982456140350878,0.0005242791162152041,False
ax4-local-00722,layer_band,middle,40055,0.7308802308802309,0.0005742104606166522,False
ax4-local-00722,layer_band,late,48066,1.5265566588595902e-16,0.0,True
ax4-local-00723,domain,code,32256,0.6378353376503239,0.0005270337301587301,False
ax4-local-00723,domain,conversation,31424,0.723094688221709,0.00031822810590631366,False
ax4-local-00723,domain,general,32256,0.7719714964370546,0.00043402777777777775,False
ax4-local-00723,domain,math,32240,0.7355943365162989,9.305210918114144e-05,False
ax4-local-00723,layer_band,early,40055,0.7982456140350878,0.0005242791162152041,False
ax4-local-00723,layer_band,middle,40055,0.7308802308802309,0.0005742104606166522,False
ax4-local-00723,layer_band,late,48066,1.5265566588595902e-16,0.0,True
ax4-local-00724,domain,code,32256,0.6378353376503239,0.0005270337301587301,False
ax4-local-00724,domain,conversation,31424,0.723094688221709,0.00031822810590631366,False
ax4-local-00724,domain,general,32256,0.7719714964370546,0.00043402777777777775,False
ax4-local-00724,domain,math,32240,0.7355943365162989,9.305210918114144e-05,False
ax4-local-00724,layer_band,early,40055,0.7982456140350878,0.0005242791162152041,False
ax4-local-00724,layer_band,middle,40055,0.7308802308802309,0.0005742104606166522,False
ax4-local-00724,layer_band,late,48066,1.5265566588595902e-16,0.0,True
ax4-local-00725,domain,code,32256,0.42829457364341084,0.0,False
ax4-local-00725,domain,conversation,31424,0.4939045628700801,0.0,False
ax4-local-00725,domain,general,32256,0.5326678765880217,0.0,False
ax4-local-00725,domain,math,32240,0.5130365022061772,0.0,False
ax4-local-00725,layer_band,early,40055,0.5523769457299117,0.0,False
ax4-local-00725,layer_band,middle,40055,0.5407673860911272,0.0,False
ax4-local-00725,layer_band,late,48066,1.5265566588595902e-16,0.0,True
ax4-local-00726,domain,code,32256,0.6378353376503239,0.0005270337301587301,False
ax4-local-00726,domain,conversation,31424,0.723094688221709,0.00031822810590631366,False
ax4-local-00726,domain,general,32256,0.7719714964370546,0.00043402777777777775,False
ax4-local-00726,domain,math,32240,0.7355943365162989,9.305210918114144e-05,False
ax4-local-00726,layer_band,early,40055,0.7982456140350878,0.0005242791162152041,False
ax4-local-00726,layer_band,middle,40055,0.7308802308802309,0.0005742104606166522,False
ax4-local-00726,layer_band,late,48066,1.5265566588595902e-16,0.0,True
ax4-local-00727,domain,code,32256,0.6378353376503239,0.0005270337301587301,False
ax4-local-00727,domain,conversation,31424,0.723094688221709,0.00031822810590631366,False
ax4-local-00727,domain,general,32256,0.7719714964370546,0.00043402777777777775,False
ax4-local-00727,domain,math,32240,0.7355943365162989,9.305210918114144e-05,False
ax4-local-00727,layer_band,early,40055,0.7982456140350878,0.0005242791162152041,False
ax4-local-00727,layer_band,middle,40055,0.7308802308802309,0.0005742104606166522,False
ax4-local-00727,layer_band,late,48066,1.5265566588595902e-16,0.0,True
ax4-local-00728,domain,code,32256,0.42829457364341084,0.0,False
ax4-local-00728,domain,conversation,31424,0.4939045628700801,0.0,False
ax4-local-00728,domain,general,32256,0.5326678765880217,0.0,False
ax4-local-00728,domain,math,32240,0.5130365022061772,0.0,False
ax4-local-00728,layer_band,early,40055,0.5523769457299117,0.0,False
ax4-local-00728,layer_band,middle,40055,0.5407673860911272,0.0,False
ax4-local-00728,layer_band,late,48066,1.5265566588595902e-16,0.0,True
ax4-local-00729,domain,code,32256,0.17582417582417575,0.0,True
ax4-local-00729,domain,conversation,31424,0.21090581342947273,0.0,False
ax4-local-00729,domain,general,32256,0.23953871499176282,0.0,False
ax4-local-00729,domain,math,32240,0.22742474916387967,0.0,False
ax4-local-00729,layer_band,early,40055,0.26085315213288024,0.0,False
ax4-local-00729,layer_band,middle,40055,0.2560108364375212,0.0,False
ax4-local-00729,layer_band,late,48066,1.5265566588595902e-16,0.0,True
ax4-local-00730,domain,code,32256,0.6378353376503239,0.0005270337301587301,False
ax4-local-00730,domain,conversation,31424,0.723094688221709,0.00031822810590631366,False
ax4-local-00730,domain,general,32256,0.7719714964370546,0.00043402777777777775,False
ax4-local-00730,domain,math,32240,0.7355943365162989,9.305210918114144e-05,False
ax4-local-00730,layer_band,early,40055,0.7982456140350878,0.0005242791162152041,False
ax4-local-00730,layer_band,middle,40055,0.7308802308802309,0.0005742104606166522,False
ax4-local-00730,layer_band,late,48066,1.5265566588595902e-16,0.0,True
ax4-local-00731,domain,code,32256,0.42829457364341084,0.0,False
ax4-local-00731,domain,conversation,31424,0.4939045628700801,0.0,False
ax4-local-00731,domain,general,32256,0.5326678765880217,0.0,False
ax4-local-00731,domain,math,32240,0.5130365022061772,0.0,False
ax4-local-00731,layer_band,early,40055,0.5523769457299117,0.0,False
ax4-local-00731,layer_band,middle,40055,0.5407673860911272,0.0,False
ax4-local-00731,layer_band,late,48066,1.5265566588595902e-16,0.0,True
ax4-local-00732,domain,code,32256,0.17582417582417575,0.0,True
ax4-local-00732,domain,conversation,31424,0.21090581342947273,0.0,False
ax4-local-00732,domain,general,32256,0.23953871499176282,0.0,False
ax4-local-00732,domain,math,32240,0.22742474916387967,0.0,False
ax4-local-00732,layer_band,early,40055,0.26085315213288024,0.0,False
ax4-local-00732,layer_band,middle,40055,0.2560108364375212,0.0,False
ax4-local-00732,layer_band,late,48066,1.5265566588595902e-16,0.0,True
ax4-local-00733,domain,code,32256,1.249000902703301e-16,0.0,True
ax4-local-00733,domain,conversation,31424,1.3877787807814457e-16,0.0,True
ax4-local-00733,domain,general,32256,1.5959455978986625e-16,0.0,True
ax4-local-00733,domain,math,32240,1.3877787807814457e-16,0.0,True
ax4-local-00733,layer_band,early,40055,1.249000902703301e-16,0.0,True
ax4-local-00733,layer_band,middle,40055,1.3877787807814457e-16,0.0,True
ax4-local-00733,layer_band,late,48066,1.5265566588595902e-16,0.0,True
ax4-local-00734,domain,code,32256,0.6378353376503239,0.0005270337301587301,False
ax4-local-00734,domain,conversation,31424,0.723094688221709,0.00031822810590631366,False
ax4-local-00734,domain,general,32256,0.7719714964370546,0.00043402777777777775,False
ax4-local-00734,domain,math,32240,0.7355943365162989,9.305210918114144e-05,False
ax4-local-00734,layer_band,early,40055,0.7982456140350878,0.0005242791162152041,False
ax4-local-00734,layer_band,middle,40055,0.7308802308802309,0.0005742104606166522,False
ax4-local-00734,layer_band,late,48066,1.5265566588595902e-16,0.0,True
ax4-local-00735,domain,code,32256,0.17582417582417575,0.0,True
ax4-local-00735,domain,conversation,31424,0.21090581342947273,0.0,False
ax4-local-00735,domain,general,32256,0.23953871499176282,0.0,False
ax4-local-00735,domain,math,32240,0.22742474916387967,0.0,False
ax4-local-00735,layer_band,early,40055,0.26085315213288024,0.0,False
ax4-local-00735,layer_band,middle,40055,0.2560108364375212,0.0,False
ax4-local-00735,layer_band,late,48066,1.5265566588595902e-16,0.0,True
ax4-local-00736,domain,code,32256,1.249000902703301e-16,0.0,True
ax4-local-00736,domain,conversation,31424,1.3877787807814457e-16,0.0,True
ax4-local-00736,domain,general,32256,1.5959455978986625e-16,0.0,True
ax4-local-00736,domain,math,32240,1.3877787807814457e-16,0.0,True
ax4-local-00736,layer_band,early,40055,1.249000902703301e-16,0.0,True
ax4-local-00736,layer_band,middle,40055,1.3877787807814457e-16,0.0,True
ax4-local-00736,layer_band,late,48066,1.5265566588595902e-16,0.0,True
ax4-local-00737,domain,code,32256,1.249000902703301e-16,0.0,True
ax4-local-00737,domain,conversation,31424,1.249000902703301e-16,0.0,True
ax4-local-00737,domain,general,32256,1.3877787807814457e-16,0.0,True
ax4-local-00737,domain,math,32240,1.249000902703301e-16,0.0,True
ax4-local-00737,layer_band,early,40055,1.1102230246251565e-16,0.0,True
ax4-local-00737,layer_band,middle,40055,1.1102230246251565e-16,0.0,True
ax4-local-00737,layer_band,late,48066,1.5265566588595902e-16,0.0,True
ax4-local-00738,domain,code,32256,0.6378353376503239,0.0005270337301587301,False
ax4-local-00738,domain,conversation,31424,0.723094688221709,0.00031822810590631366,False
ax4-local-00738,domain,general,32256,0.7719714964370546,0.00043402777777777775,False
ax4-local-00738,domain,math,32240,0.7355943365162989,9.305210918114144e-05,False
ax4-local-00738,layer_band,early,40055,0.7982456140350878,0.0005242791162152041,False
ax4-local-00738,layer_band,middle,40055,0.7308802308802309,0.0005742104606166522,False
ax4-local-00738,layer_band,late,48066,1.5265566588595902e-16,0.0,True
ax4-local-00739,domain,code,32256,0.6378353376503239,0.0005270337301587301,False
ax4-local-00739,domain,conversation,31424,0.723094688221709,0.00031822810590631366,False
ax4-local-00739,domain,general,32256,0.7719714964370546,0.00043402777777777775,False
ax4-local-00739,domain,math,32240,0.7355943365162989,9.305210918114144e-05,False
ax4-local-00739,layer_band,early,40055,0.7982456140350878,0.0005242791162152041,False
ax4-local-00739,layer_band,middle,40055,0.7308802308802309,0.0005742104606166522,False
ax4-local-00739,layer_band,late,48066,1.5265566588595902e-16,0.0,True
ax4-local-00740,domain,code,32256,0.6378353376503239,0.0005270337301587301,False
ax4-local-00740,domain,conversation,31424,0.723094688221709,0.00031822810590631366,False
ax4-local-00740,domain,general,32256,0.7719714964370546,0.00043402777777777775,False
ax4-local-00740,domain,math,32240,0.7355943365162989,9.305210918114144e-05,False
ax4-local-00740,layer_band,early,40055,0.7982456140350878,0.0005242791162152041,False
ax4-local-00740,layer_band,middle,40055,0.7308802308802309,0.0005742104606166522,False
ax4-local-00740,layer_band,late,48066,1.457167719820518e-16,0.0,True
ax4-local-00741,domain,code,32256,0.6378353376503239,0.0005270337301587301,False
ax4-local-00741,domain,conversation,31424,0.723094688221709,0.00031822810590631366,False
ax4-local-00741,domain,general,32256,0.7719714964370546,0.00043402777777777775,False
ax4-local-00741,domain,math,32240,0.7355943365162989,9.305210918114144e-05,False
ax4-local-00741,layer_band,early,40055,0.7982456140350878,0.0005242791162152041,False
ax4-local-00741,layer_band,middle,40055,0.7308802308802309,0.0005742104606166522,False
ax4-local-00741,layer_band,late,48066,1.6653345369377348e-16,0.0,True
ax4-local-00742,domain,code,32256,0.6378353376503239,0.0005270337301587301,False
ax4-local-00742,domain,conversation,31424,0.723094688221709,0.00031822810590631366,False
ax4-local-00742,domain,general,32256,0.772300469483568,0.00043402777777777775,False
ax4-local-00742,domain,math,32240,0.7355943365162989,9.305210918114144e-05,False
ax4-local-00742,layer_band,early,40055,0.7982456140350878,0.0005242791162152041,False
ax4-local-00742,layer_band,middle,40055,0.7308802308802309,0.0005742104606166522,False
ax4-local-00742,layer_band,late,48066,0.198803497468937,0.0,True
ax4-local-00743,domain,code,32256,0.6456664238892935,0.0005270337301587301,False
ax4-local-00743,domain,conversation,31424,0.7285138070121006,0.00031822810590631366,False
ax4-local-00743,domain,general,32256,0.77882797731569,0.00043402777777777775,False
ax4-local-00743,domain,math,32240,0.7397769516728625,9.305210918114144e-05,False
ax4-local-00743,layer_band,early,40055,0.7982456140350878,0.0005242791162152041,False
ax4-local-00743,layer_band,middle,40055,0.7339108910891089,0.0005742104606166522,False
ax4-local-00743,layer_band,late,48066,0.5733828415086965,0.0,False
ax4-local-00744,domain,code,32256,0.6378353376503239,0.0005270337301587301,False
ax4-local-00744,domain,conversation,31424,0.723094688221709,0.00031822810590631366,False
ax4-local-00744,domain,general,32256,0.7719714964370546,0.00043402777777777775,False
ax4-local-00744,domain,math,32240,0.7355943365162989,9.305210918114144e-05,False
ax4-local-00744,layer_band,early,40055,0.7982456140350878,0.0005242791162152041,False
ax4-local-00744,layer_band,middle,40055,0.7308802308802309,0.0005742104606166522,False
ax4-local-00744,layer_band,late,48066,1.1102230246251565e-16,0.0,True
ax4-local-00745,domain,code,32256,0.6378353376503239,0.0005270337301587301,False
ax4-local-00745,domain,conversation,31424,0.7235256816740647,0.00031822810590631366,False
ax4-local-00745,domain,general,32256,0.7719714964370546,0.00043402777777777775,False
ax4-local-00745,domain,math,32240,0.7355943365162989,9.305210918114144e-05,False
ax4-local-00745,layer_band,early,40055,0.7982456140350878,0.0005242791162152041,False
ax4-local-00745,layer_band,middle,40055,0.7308802308802309,0.0005742104606166522,False
ax4-local-00745,layer_band,late,48066,1.3877787807814457e-16,0.0,True
ax4-local-00746,domain,code,32256,0.6475319926873857,0.0005270337301587301,False
ax4-local-00746,domain,conversation,31424,0.7397055153481408,0.00031822810590631366,False
ax4-local-00746,domain,general,32256,0.7889768574908648,0.00043402777777777775,False
ax4-local-00746,domain,math,32240,0.7479919678714859,9.305210918114144e-05,False
ax4-local-00746,layer_band,early,40055,0.7982456140350878,0.0005242791162152041,False
ax4-local-00746,layer_band,middle,40055,0.7381776239907728,0.0005742104606166522,False
ax4-local-00746,layer_band,late,48066,0.5140466228332337,0.0,False
ax4-local-00747,domain,code,32256,0.7446808510638298,0.0011160714285714285,False
ax4-local-00747,domain,conversation,31424,0.844541910331384,0.002036659877800407,False
ax4-local-00747,domain,general,32256,0.8859792689579924,0.0028211805555555555,False
ax4-local-00747,domain,math,32240,0.8631818181818182,0.0016439205955334987,False
ax4-local-00747,layer_band,early,40055,0.7982456140350878,0.0005242791162152041,False
ax4-local-00747,layer_band,middle,40055,0.8070533372194695,0.0014729746598427162,False
ax4-local-00747,layer_band,late,48066,0.907210401891253,0.003411975200765614,False
ax4-local-00748,domain,code,32256,0.6378353376503239,0.0005270337301587301,False
ax4-local-00748,domain,conversation,31424,0.723094688221709,0.00031822810590631366,False
ax4-local-00748,domain,general,32256,0.7719714964370546,0.00043402777777777775,False
ax4-local-00748,domain,math,32240,0.7355943365162989,9.305210918114144e-05,False
ax4-local-00748,layer_band,early,40055,0.7982456140350878,0.0005242791162152041,False
ax4-local-00748,layer_band,middle,40055,0.7308802308802309,0.0005742104606166522,False
ax4-local-00748,layer_band,late,48066,1.1102230246251565e-16,0.0,True
ax4-local-00749,domain,code,32256,0.6378353376503239,0.0005270337301587301,False
ax4-local-00749,domain,conversation,31424,0.723094688221709,0.00031822810590631366,False
ax4-local-00749,domain,general,32256,0.7719714964370546,0.00043402777777777775,False
ax4-local-00749,domain,math,32240,0.7355943365162989,9.305210918114144e-05,False
ax4-local-00749,layer_band,early,40055,0.7982456140350878,0.0005242791162152041,False
ax4-local-00749,layer_band,middle,40055,0.7308802308802309,0.0005742104606166522,False
ax4-local-00749,layer_band,late,48066,1.1102230246251565e-16,0.0,True
ax4-local-00750,domain,code,32256,0.6378353376503239,0.0005270337301587301,False
ax4-local-00750,domain,conversation,31424,0.723094688221709,0.00031822810590631366,False
ax4-local-00750,domain,general,32256,0.7719714964370546,0.00043402777777777775,False
ax4-local-00750,domain,math,32240,0.7355943365162989,9.305210918114144e-05,False
ax4-local-00750,layer_band,early,40055,0.7982456140350878,0.0005242791162152041,False
ax4-local-00750,layer_band,middle,40055,0.7308802308802309,0.0005742104606166522,False
ax4-local-00750,layer_band,late,48066,1.1102230246251565e-16,0.0,True
ax4-local-00751,domain,code,32256,0.6378353376503239,0.0005270337301587301,False
ax4-local-00751,domain,conversation,31424,0.723094688221709,0.00031822810590631366,False
ax4-local-00751,domain,general,32256,0.7719714964370546,0.00043402777777777775,False
ax4-local-00751,domain,math,32240,0.7355943365162989,9.305210918114144e-05,False
ax4-local-00751,layer_band,early,40055,0.7982456140350878,0.0005242791162152041,False
ax4-local-00751,layer_band,middle,40055,0.7308802308802309,0.0005742104606166522,False
ax4-local-00751,layer_band,late,48066,1.1102230246251565e-16,0.0,True
ax4-local-00752,domain,code,32256,0.6378353376503239,0.0005270337301587301,False
ax4-local-00752,domain,conversation,31424,0.723094688221709,0.00031822810590631366,False
ax4-local-00752,domain,general,32256,0.7719714964370546,0.00043402777777777775,False
ax4-local-00752,domain,math,32240,0.7355943365162989,9.305210918114144e-05,False
ax4-local-00752,layer_band,early,40055,0.7982456140350878,0.0005242791162152041,False
ax4-local-00752,layer_band,middle,40055,0.7308802308802309,0.0005742104606166522,False
ax4-local-00752,layer_band,late,48066,1.1102230246251565e-16,0.0,True
ax4-local-00753,domain,code,32256,0.6378353376503239,0.0005270337301587301,False
ax4-local-00753,domain,conversation,31424,0.723094688221709,0.00031822810590631366,False
ax4-local-00753,domain,general,32256,0.7719714964370546,0.00043402777777777775,False
ax4-local-00753,domain,math,32240,0.7355943365162989,9.305210918114144e-05,False
ax4-local-00753,layer_band,early,40055,0.7982456140350878,0.0005242791162152041,False
ax4-local-00753,layer_band,middle,40055,0.7308802308802309,0.0005742104606166522,False
ax4-local-00753,layer_band,late,48066,1.249000902703301e-16,0.0,True
ax4-local-00754,domain,code,32256,0.6378353376503239,0.0005270337301587301,False
ax4-local-00754,domain,conversation,31424,0.723094688221709,0.00031822810590631366,False
ax4-local-00754,domain,general,32256,0.772300469483568,0.00043402777777777775,False
ax4-local-00754,domain,math,32240,0.7355943365162989,9.305210918114144e-05,False
ax4-local-00754,layer_band,early,40055,0.7982456140350878,0.0005242791162152041,False
ax4-local-00754,layer_band,middle,40055,0.7308802308802309,0.0005742104606166522,False
ax4-local-00754,layer_band,late,48066,0.18857901726427628,0.0,True
ax4-local-00755,domain,code,32256,0.6457373271889402,0.0005270337301587301,False
ax4-local-00755,domain,conversation,31424,0.7285138070121006,0.00031822810590631366,False
ax4-local-00755,domain,general,32256,0.7800562927221553,0.00043402777777777775,False
ax4-local-00755,domain,math,32240,0.7410071942446044,9.305210918114144e-05,False
ax4-local-00755,layer_band,early,40055,0.7982456140350878,0.0005242791162152041,False
ax4-local-00755,layer_band,middle,40055,0.7345399698340875,0.0005742104606166522,False
ax4-local-00755,layer_band,late,48066,0.5667302192564347,0.0,False
