capacity_experts_per_layer,lookahead_layers,bandwidth_gbps,requested_amplification,commit_slack_layer_intervals,transfer_concurrency,expert_transfer_ms,lead_time_ms,complete_expert_objects_before_deadline,complete_payload_mib_before_deadline,zero_post_commit_wait_required,evidence
8,1,24.1354255944,1.0,0.0,1,0.5241011926861662,0.6393109858036041,1,12.0,True,analytical_hypothetical_hardware
8,1,24.1354255944,1.0,0.0,2,0.5241011926861662,0.6393109858036041,2,24.0,True,analytical_hypothetical_hardware
8,1,24.1354255944,1.0,0.0,4,0.5241011926861662,0.6393109858036041,4,48.0,True,analytical_hypothetical_hardware
8,1,24.1354255944,1.0,0.25,1,0.5241011926861662,0.7991387322545052,1,12.0,True,analytical_hypothetical_hardware
8,1,24.1354255944,1.0,0.25,2,0.5241011926861662,0.7991387322545052,2,24.0,True,analytical_hypothetical_hardware
8,1,24.1354255944,1.0,0.25,4,0.5241011926861662,0.7991387322545052,4,48.0,True,analytical_hypothetical_hardware
8,1,24.1354255944,1.0,0.5,1,0.5241011926861662,0.9589664787054062,1,12.0,True,analytical_hypothetical_hardware
8,1,24.1354255944,1.0,0.5,2,0.5241011926861662,0.9589664787054062,2,24.0,True,analytical_hypothetical_hardware
8,1,24.1354255944,1.0,0.5,4,0.5241011926861662,0.9589664787054062,4,48.0,True,analytical_hypothetical_hardware
8,1,24.1354255944,1.0,1.0,1,0.5241011926861662,1.2786219716072083,2,24.0,True,analytical_hypothetical_hardware
8,1,24.1354255944,1.0,1.0,2,0.5241011926861662,1.2786219716072083,4,48.0,True,analytical_hypothetical_hardware
8,1,24.1354255944,1.0,1.0,4,0.5241011926861662,1.2786219716072083,8,96.0,True,analytical_hypothetical_hardware
8,1,24.1354255944,1.5,0.0,1,0.5241011926861662,0.6393109858036041,1,12.0,True,analytical_hypothetical_hardware
8,1,24.1354255944,1.5,0.0,2,0.5241011926861662,0.6393109858036041,2,24.0,True,analytical_hypothetical_hardware
8,1,24.1354255944,1.5,0.0,4,0.5241011926861662,0.6393109858036041,4,48.0,True,analytical_hypothetical_hardware
8,1,24.1354255944,1.5,0.25,1,0.5241011926861662,0.7991387322545052,1,12.0,True,analytical_hypothetical_hardware
8,1,24.1354255944,1.5,0.25,2,0.5241011926861662,0.7991387322545052,2,24.0,True,analytical_hypothetical_hardware
8,1,24.1354255944,1.5,0.25,4,0.5241011926861662,0.7991387322545052,4,48.0,True,analytical_hypothetical_hardware
8,1,24.1354255944,1.5,0.5,1,0.5241011926861662,0.9589664787054062,1,12.0,True,analytical_hypothetical_hardware
8,1,24.1354255944,1.5,0.5,2,0.5241011926861662,0.9589664787054062,2,24.0,True,analytical_hypothetical_hardware
8,1,24.1354255944,1.5,0.5,4,0.5241011926861662,0.9589664787054062,4,48.0,True,analytical_hypothetical_hardware
8,1,24.1354255944,1.5,1.0,1,0.5241011926861662,1.2786219716072083,2,24.0,True,analytical_hypothetical_hardware
8,1,24.1354255944,1.5,1.0,2,0.5241011926861662,1.2786219716072083,4,48.0,True,analytical_hypothetical_hardware
8,1,24.1354255944,1.5,1.0,4,0.5241011926861662,1.2786219716072083,8,96.0,True,analytical_hypothetical_hardware
8,1,24.1354255944,2.0,0.0,1,0.5241011926861662,0.6393109858036041,1,12.0,True,analytical_hypothetical_hardware
8,1,24.1354255944,2.0,0.0,2,0.5241011926861662,0.6393109858036041,2,24.0,True,analytical_hypothetical_hardware
8,1,24.1354255944,2.0,0.0,4,0.5241011926861662,0.6393109858036041,4,48.0,True,analytical_hypothetical_hardware
8,1,24.1354255944,2.0,0.25,1,0.5241011926861662,0.7991387322545052,1,12.0,True,analytical_hypothetical_hardware
8,1,24.1354255944,2.0,0.25,2,0.5241011926861662,0.7991387322545052,2,24.0,True,analytical_hypothetical_hardware
8,1,24.1354255944,2.0,0.25,4,0.5241011926861662,0.7991387322545052,4,48.0,True,analytical_hypothetical_hardware
8,1,24.1354255944,2.0,0.5,1,0.5241011926861662,0.9589664787054062,1,12.0,True,analytical_hypothetical_hardware
8,1,24.1354255944,2.0,0.5,2,0.5241011926861662,0.9589664787054062,2,24.0,True,analytical_hypothetical_hardware
8,1,24.1354255944,2.0,0.5,4,0.5241011926861662,0.9589664787054062,4,48.0,True,analytical_hypothetical_hardware
8,1,24.1354255944,2.0,1.0,1,0.5241011926861662,1.2786219716072083,2,24.0,True,analytical_hypothetical_hardware
8,1,24.1354255944,2.0,1.0,2,0.5241011926861662,1.2786219716072083,4,48.0,True,analytical_hypothetical_hardware
8,1,24.1354255944,2.0,1.0,4,0.5241011926861662,1.2786219716072083,8,96.0,True,analytical_hypothetical_hardware
8,1,24.1354255944,4.0,0.0,1,0.5241011926861662,0.6393109858036041,1,12.0,True,analytical_hypothetical_hardware
8,1,24.1354255944,4.0,0.0,2,0.5241011926861662,0.6393109858036041,2,24.0,True,analytical_hypothetical_hardware
8,1,24.1354255944,4.0,0.0,4,0.5241011926861662,0.6393109858036041,4,48.0,True,analytical_hypothetical_hardware
8,1,24.1354255944,4.0,0.25,1,0.5241011926861662,0.7991387322545052,1,12.0,True,analytical_hypothetical_hardware
8,1,24.1354255944,4.0,0.25,2,0.5241011926861662,0.7991387322545052,2,24.0,True,analytical_hypothetical_hardware
8,1,24.1354255944,4.0,0.25,4,0.5241011926861662,0.7991387322545052,4,48.0,True,analytical_hypothetical_hardware
8,1,24.1354255944,4.0,0.5,1,0.5241011926861662,0.9589664787054062,1,12.0,True,analytical_hypothetical_hardware
8,1,24.1354255944,4.0,0.5,2,0.5241011926861662,0.9589664787054062,2,24.0,True,analytical_hypothetical_hardware
8,1,24.1354255944,4.0,0.5,4,0.5241011926861662,0.9589664787054062,4,48.0,True,analytical_hypothetical_hardware
8,1,24.1354255944,4.0,1.0,1,0.5241011926861662,1.2786219716072083,2,24.0,True,analytical_hypothetical_hardware
8,1,24.1354255944,4.0,1.0,2,0.5241011926861662,1.2786219716072083,4,48.0,True,analytical_hypothetical_hardware
8,1,24.1354255944,4.0,1.0,4,0.5241011926861662,1.2786219716072083,8,96.0,True,analytical_hypothetical_hardware
8,1,64.0,1.0,0.0,1,0.1993630100475,0.6393109858036041,3,36.0,True,analytical_hypothetical_hardware
8,1,64.0,1.0,0.0,2,0.1993630100475,0.6393109858036041,6,72.0,True,analytical_hypothetical_hardware
8,1,64.0,1.0,0.0,4,0.1993630100475,0.6393109858036041,12,144.0,True,analytical_hypothetical_hardware
8,1,64.0,1.0,0.25,1,0.1993630100475,0.7991387322545052,4,48.0,True,analytical_hypothetical_hardware
8,1,64.0,1.0,0.25,2,0.1993630100475,0.7991387322545052,8,96.0,True,analytical_hypothetical_hardware
8,1,64.0,1.0,0.25,4,0.1993630100475,0.7991387322545052,16,192.0,True,analytical_hypothetical_hardware
8,1,64.0,1.0,0.5,1,0.1993630100475,0.9589664787054062,4,48.0,True,analytical_hypothetical_hardware
8,1,64.0,1.0,0.5,2,0.1993630100475,0.9589664787054062,8,96.0,True,analytical_hypothetical_hardware
8,1,64.0,1.0,0.5,4,0.1993630100475,0.9589664787054062,16,192.0,True,analytical_hypothetical_hardware
8,1,64.0,1.0,1.0,1,0.1993630100475,1.2786219716072083,6,72.0,True,analytical_hypothetical_hardware
8,1,64.0,1.0,1.0,2,0.1993630100475,1.2786219716072083,12,144.0,True,analytical_hypothetical_hardware
8,1,64.0,1.0,1.0,4,0.1993630100475,1.2786219716072083,24,288.0,True,analytical_hypothetical_hardware
8,1,64.0,1.5,0.0,1,0.1993630100475,0.6393109858036041,3,36.0,True,analytical_hypothetical_hardware
8,1,64.0,1.5,0.0,2,0.1993630100475,0.6393109858036041,6,72.0,True,analytical_hypothetical_hardware
8,1,64.0,1.5,0.0,4,0.1993630100475,0.6393109858036041,12,144.0,True,analytical_hypothetical_hardware
8,1,64.0,1.5,0.25,1,0.1993630100475,0.7991387322545052,4,48.0,True,analytical_hypothetical_hardware
8,1,64.0,1.5,0.25,2,0.1993630100475,0.7991387322545052,8,96.0,True,analytical_hypothetical_hardware
8,1,64.0,1.5,0.25,4,0.1993630100475,0.7991387322545052,16,192.0,True,analytical_hypothetical_hardware
8,1,64.0,1.5,0.5,1,0.1993630100475,0.9589664787054062,4,48.0,True,analytical_hypothetical_hardware
8,1,64.0,1.5,0.5,2,0.1993630100475,0.9589664787054062,8,96.0,True,analytical_hypothetical_hardware
8,1,64.0,1.5,0.5,4,0.1993630100475,0.9589664787054062,16,192.0,True,analytical_hypothetical_hardware
8,1,64.0,1.5,1.0,1,0.1993630100475,1.2786219716072083,6,72.0,True,analytical_hypothetical_hardware
8,1,64.0,1.5,1.0,2,0.1993630100475,1.2786219716072083,12,144.0,True,analytical_hypothetical_hardware
8,1,64.0,1.5,1.0,4,0.1993630100475,1.2786219716072083,24,288.0,True,analytical_hypothetical_hardware
8,1,64.0,2.0,0.0,1,0.1993630100475,0.6393109858036041,3,36.0,True,analytical_hypothetical_hardware
8,1,64.0,2.0,0.0,2,0.1993630100475,0.6393109858036041,6,72.0,True,analytical_hypothetical_hardware
8,1,64.0,2.0,0.0,4,0.1993630100475,0.6393109858036041,12,144.0,True,analytical_hypothetical_hardware
8,1,64.0,2.0,0.25,1,0.1993630100475,0.7991387322545052,4,48.0,True,analytical_hypothetical_hardware
8,1,64.0,2.0,0.25,2,0.1993630100475,0.7991387322545052,8,96.0,True,analytical_hypothetical_hardware
8,1,64.0,2.0,0.25,4,0.1993630100475,0.7991387322545052,16,192.0,True,analytical_hypothetical_hardware
8,1,64.0,2.0,0.5,1,0.1993630100475,0.9589664787054062,4,48.0,True,analytical_hypothetical_hardware
8,1,64.0,2.0,0.5,2,0.1993630100475,0.9589664787054062,8,96.0,True,analytical_hypothetical_hardware
8,1,64.0,2.0,0.5,4,0.1993630100475,0.9589664787054062,16,192.0,True,analytical_hypothetical_hardware
8,1,64.0,2.0,1.0,1,0.1993630100475,1.2786219716072083,6,72.0,True,analytical_hypothetical_hardware
8,1,64.0,2.0,1.0,2,0.1993630100475,1.2786219716072083,12,144.0,True,analytical_hypothetical_hardware
8,1,64.0,2.0,1.0,4,0.1993630100475,1.2786219716072083,24,288.0,True,analytical_hypothetical_hardware
8,1,64.0,4.0,0.0,1,0.1993630100475,0.6393109858036041,3,36.0,True,analytical_hypothetical_hardware
8,1,64.0,4.0,0.0,2,0.1993630100475,0.6393109858036041,6,72.0,True,analytical_hypothetical_hardware
8,1,64.0,4.0,0.0,4,0.1993630100475,0.6393109858036041,12,144.0,True,analytical_hypothetical_hardware
8,1,64.0,4.0,0.25,1,0.1993630100475,0.7991387322545052,4,48.0,True,analytical_hypothetical_hardware
8,1,64.0,4.0,0.25,2,0.1993630100475,0.7991387322545052,8,96.0,True,analytical_hypothetical_hardware
8,1,64.0,4.0,0.25,4,0.1993630100475,0.7991387322545052,16,192.0,True,analytical_hypothetical_hardware
8,1,64.0,4.0,0.5,1,0.1993630100475,0.9589664787054062,4,48.0,True,analytical_hypothetical_hardware
8,1,64.0,4.0,0.5,2,0.1993630100475,0.9589664787054062,8,96.0,True,analytical_hypothetical_hardware
8,1,64.0,4.0,0.5,4,0.1993630100475,0.9589664787054062,16,192.0,True,analytical_hypothetical_hardware
8,1,64.0,4.0,1.0,1,0.1993630100475,1.2786219716072083,6,72.0,True,analytical_hypothetical_hardware
8,1,64.0,4.0,1.0,2,0.1993630100475,1.2786219716072083,12,144.0,True,analytical_hypothetical_hardware
8,1,64.0,4.0,1.0,4,0.1993630100475,1.2786219716072083,24,288.0,True,analytical_hypothetical_hardware
8,1,128.0,1.0,0.0,1,0.10105901004750001,0.6393109858036041,6,72.0,True,analytical_hypothetical_hardware
8,1,128.0,1.0,0.0,2,0.10105901004750001,0.6393109858036041,12,144.0,True,analytical_hypothetical_hardware
8,1,128.0,1.0,0.0,4,0.10105901004750001,0.6393109858036041,24,288.0,True,analytical_hypothetical_hardware
8,1,128.0,1.0,0.25,1,0.10105901004750001,0.7991387322545052,7,84.0,True,analytical_hypothetical_hardware
8,1,128.0,1.0,0.25,2,0.10105901004750001,0.7991387322545052,14,168.0,True,analytical_hypothetical_hardware
8,1,128.0,1.0,0.25,4,0.10105901004750001,0.7991387322545052,28,336.0,True,analytical_hypothetical_hardware
8,1,128.0,1.0,0.5,1,0.10105901004750001,0.9589664787054062,9,108.0,True,analytical_hypothetical_hardware
8,1,128.0,1.0,0.5,2,0.10105901004750001,0.9589664787054062,18,216.0,True,analytical_hypothetical_hardware
8,1,128.0,1.0,0.5,4,0.10105901004750001,0.9589664787054062,36,432.0,True,analytical_hypothetical_hardware
8,1,128.0,1.0,1.0,1,0.10105901004750001,1.2786219716072083,12,144.0,True,analytical_hypothetical_hardware
8,1,128.0,1.0,1.0,2,0.10105901004750001,1.2786219716072083,24,288.0,True,analytical_hypothetical_hardware
8,1,128.0,1.0,1.0,4,0.10105901004750001,1.2786219716072083,48,576.0,True,analytical_hypothetical_hardware
8,1,128.0,1.5,0.0,1,0.10105901004750001,0.6393109858036041,6,72.0,True,analytical_hypothetical_hardware
8,1,128.0,1.5,0.0,2,0.10105901004750001,0.6393109858036041,12,144.0,True,analytical_hypothetical_hardware
8,1,128.0,1.5,0.0,4,0.10105901004750001,0.6393109858036041,24,288.0,True,analytical_hypothetical_hardware
8,1,128.0,1.5,0.25,1,0.10105901004750001,0.7991387322545052,7,84.0,True,analytical_hypothetical_hardware
8,1,128.0,1.5,0.25,2,0.10105901004750001,0.7991387322545052,14,168.0,True,analytical_hypothetical_hardware
8,1,128.0,1.5,0.25,4,0.10105901004750001,0.7991387322545052,28,336.0,True,analytical_hypothetical_hardware
8,1,128.0,1.5,0.5,1,0.10105901004750001,0.9589664787054062,9,108.0,True,analytical_hypothetical_hardware
8,1,128.0,1.5,0.5,2,0.10105901004750001,0.9589664787054062,18,216.0,True,analytical_hypothetical_hardware
8,1,128.0,1.5,0.5,4,0.10105901004750001,0.9589664787054062,36,432.0,True,analytical_hypothetical_hardware
8,1,128.0,1.5,1.0,1,0.10105901004750001,1.2786219716072083,12,144.0,True,analytical_hypothetical_hardware
8,1,128.0,1.5,1.0,2,0.10105901004750001,1.2786219716072083,24,288.0,True,analytical_hypothetical_hardware
8,1,128.0,1.5,1.0,4,0.10105901004750001,1.2786219716072083,48,576.0,True,analytical_hypothetical_hardware
8,1,128.0,2.0,0.0,1,0.10105901004750001,0.6393109858036041,6,72.0,True,analytical_hypothetical_hardware
8,1,128.0,2.0,0.0,2,0.10105901004750001,0.6393109858036041,12,144.0,True,analytical_hypothetical_hardware
8,1,128.0,2.0,0.0,4,0.10105901004750001,0.6393109858036041,24,288.0,True,analytical_hypothetical_hardware
8,1,128.0,2.0,0.25,1,0.10105901004750001,0.7991387322545052,7,84.0,True,analytical_hypothetical_hardware
8,1,128.0,2.0,0.25,2,0.10105901004750001,0.7991387322545052,14,168.0,True,analytical_hypothetical_hardware
8,1,128.0,2.0,0.25,4,0.10105901004750001,0.7991387322545052,28,336.0,True,analytical_hypothetical_hardware
8,1,128.0,2.0,0.5,1,0.10105901004750001,0.9589664787054062,9,108.0,True,analytical_hypothetical_hardware
8,1,128.0,2.0,0.5,2,0.10105901004750001,0.9589664787054062,18,216.0,True,analytical_hypothetical_hardware
8,1,128.0,2.0,0.5,4,0.10105901004750001,0.9589664787054062,36,432.0,True,analytical_hypothetical_hardware
8,1,128.0,2.0,1.0,1,0.10105901004750001,1.2786219716072083,12,144.0,True,analytical_hypothetical_hardware
8,1,128.0,2.0,1.0,2,0.10105901004750001,1.2786219716072083,24,288.0,True,analytical_hypothetical_hardware
8,1,128.0,2.0,1.0,4,0.10105901004750001,1.2786219716072083,48,576.0,True,analytical_hypothetical_hardware
8,1,128.0,4.0,0.0,1,0.10105901004750001,0.6393109858036041,6,72.0,True,analytical_hypothetical_hardware
8,1,128.0,4.0,0.0,2,0.10105901004750001,0.6393109858036041,12,144.0,True,analytical_hypothetical_hardware
8,1,128.0,4.0,0.0,4,0.10105901004750001,0.6393109858036041,24,288.0,True,analytical_hypothetical_hardware
8,1,128.0,4.0,0.25,1,0.10105901004750001,0.7991387322545052,7,84.0,True,analytical_hypothetical_hardware
8,1,128.0,4.0,0.25,2,0.10105901004750001,0.7991387322545052,14,168.0,True,analytical_hypothetical_hardware
8,1,128.0,4.0,0.25,4,0.10105901004750001,0.7991387322545052,28,336.0,True,analytical_hypothetical_hardware
8,1,128.0,4.0,0.5,1,0.10105901004750001,0.9589664787054062,9,108.0,True,analytical_hypothetical_hardware
8,1,128.0,4.0,0.5,2,0.10105901004750001,0.9589664787054062,18,216.0,True,analytical_hypothetical_hardware
8,1,128.0,4.0,0.5,4,0.10105901004750001,0.9589664787054062,36,432.0,True,analytical_hypothetical_hardware
8,1,128.0,4.0,1.0,1,0.10105901004750001,1.2786219716072083,12,144.0,True,analytical_hypothetical_hardware
8,1,128.0,4.0,1.0,2,0.10105901004750001,1.2786219716072083,24,288.0,True,analytical_hypothetical_hardware
8,1,128.0,4.0,1.0,4,0.10105901004750001,1.2786219716072083,48,576.0,True,analytical_hypothetical_hardware
8,1,256.0,1.0,0.0,1,0.0519070100475,0.6393109858036041,12,144.0,True,analytical_hypothetical_hardware
8,1,256.0,1.0,0.0,2,0.0519070100475,0.6393109858036041,24,288.0,True,analytical_hypothetical_hardware
8,1,256.0,1.0,0.0,4,0.0519070100475,0.6393109858036041,48,576.0,True,analytical_hypothetical_hardware
8,1,256.0,1.0,0.25,1,0.0519070100475,0.7991387322545052,15,180.0,True,analytical_hypothetical_hardware
8,1,256.0,1.0,0.25,2,0.0519070100475,0.7991387322545052,30,360.0,True,analytical_hypothetical_hardware
8,1,256.0,1.0,0.25,4,0.0519070100475,0.7991387322545052,60,720.0,True,analytical_hypothetical_hardware
8,1,256.0,1.0,0.5,1,0.0519070100475,0.9589664787054062,18,216.0,True,analytical_hypothetical_hardware
8,1,256.0,1.0,0.5,2,0.0519070100475,0.9589664787054062,36,432.0,True,analytical_hypothetical_hardware
8,1,256.0,1.0,0.5,4,0.0519070100475,0.9589664787054062,72,864.0,True,analytical_hypothetical_hardware
8,1,256.0,1.0,1.0,1,0.0519070100475,1.2786219716072083,24,288.0,True,analytical_hypothetical_hardware
8,1,256.0,1.0,1.0,2,0.0519070100475,1.2786219716072083,48,576.0,True,analytical_hypothetical_hardware
8,1,256.0,1.0,1.0,4,0.0519070100475,1.2786219716072083,96,1152.0,True,analytical_hypothetical_hardware
8,1,256.0,1.5,0.0,1,0.0519070100475,0.6393109858036041,12,144.0,True,analytical_hypothetical_hardware
8,1,256.0,1.5,0.0,2,0.0519070100475,0.6393109858036041,24,288.0,True,analytical_hypothetical_hardware
8,1,256.0,1.5,0.0,4,0.0519070100475,0.6393109858036041,48,576.0,True,analytical_hypothetical_hardware
8,1,256.0,1.5,0.25,1,0.0519070100475,0.7991387322545052,15,180.0,True,analytical_hypothetical_hardware
8,1,256.0,1.5,0.25,2,0.0519070100475,0.7991387322545052,30,360.0,True,analytical_hypothetical_hardware
8,1,256.0,1.5,0.25,4,0.0519070100475,0.7991387322545052,60,720.0,True,analytical_hypothetical_hardware
8,1,256.0,1.5,0.5,1,0.0519070100475,0.9589664787054062,18,216.0,True,analytical_hypothetical_hardware
8,1,256.0,1.5,0.5,2,0.0519070100475,0.9589664787054062,36,432.0,True,analytical_hypothetical_hardware
8,1,256.0,1.5,0.5,4,0.0519070100475,0.9589664787054062,72,864.0,True,analytical_hypothetical_hardware
8,1,256.0,1.5,1.0,1,0.0519070100475,1.2786219716072083,24,288.0,True,analytical_hypothetical_hardware
8,1,256.0,1.5,1.0,2,0.0519070100475,1.2786219716072083,48,576.0,True,analytical_hypothetical_hardware
8,1,256.0,1.5,1.0,4,0.0519070100475,1.2786219716072083,96,1152.0,True,analytical_hypothetical_hardware
8,1,256.0,2.0,0.0,1,0.0519070100475,0.6393109858036041,12,144.0,True,analytical_hypothetical_hardware
8,1,256.0,2.0,0.0,2,0.0519070100475,0.6393109858036041,24,288.0,True,analytical_hypothetical_hardware
8,1,256.0,2.0,0.0,4,0.0519070100475,0.6393109858036041,48,576.0,True,analytical_hypothetical_hardware
8,1,256.0,2.0,0.25,1,0.0519070100475,0.7991387322545052,15,180.0,True,analytical_hypothetical_hardware
8,1,256.0,2.0,0.25,2,0.0519070100475,0.7991387322545052,30,360.0,True,analytical_hypothetical_hardware
8,1,256.0,2.0,0.25,4,0.0519070100475,0.7991387322545052,60,720.0,True,analytical_hypothetical_hardware
8,1,256.0,2.0,0.5,1,0.0519070100475,0.9589664787054062,18,216.0,True,analytical_hypothetical_hardware
8,1,256.0,2.0,0.5,2,0.0519070100475,0.9589664787054062,36,432.0,True,analytical_hypothetical_hardware
8,1,256.0,2.0,0.5,4,0.0519070100475,0.9589664787054062,72,864.0,True,analytical_hypothetical_hardware
8,1,256.0,2.0,1.0,1,0.0519070100475,1.2786219716072083,24,288.0,True,analytical_hypothetical_hardware
8,1,256.0,2.0,1.0,2,0.0519070100475,1.2786219716072083,48,576.0,True,analytical_hypothetical_hardware
8,1,256.0,2.0,1.0,4,0.0519070100475,1.2786219716072083,96,1152.0,True,analytical_hypothetical_hardware
8,1,256.0,4.0,0.0,1,0.0519070100475,0.6393109858036041,12,144.0,True,analytical_hypothetical_hardware
8,1,256.0,4.0,0.0,2,0.0519070100475,0.6393109858036041,24,288.0,True,analytical_hypothetical_hardware
8,1,256.0,4.0,0.0,4,0.0519070100475,0.6393109858036041,48,576.0,True,analytical_hypothetical_hardware
8,1,256.0,4.0,0.25,1,0.0519070100475,0.7991387322545052,15,180.0,True,analytical_hypothetical_hardware
8,1,256.0,4.0,0.25,2,0.0519070100475,0.7991387322545052,30,360.0,True,analytical_hypothetical_hardware
8,1,256.0,4.0,0.25,4,0.0519070100475,0.7991387322545052,60,720.0,True,analytical_hypothetical_hardware
8,1,256.0,4.0,0.5,1,0.0519070100475,0.9589664787054062,18,216.0,True,analytical_hypothetical_hardware
8,1,256.0,4.0,0.5,2,0.0519070100475,0.9589664787054062,36,432.0,True,analytical_hypothetical_hardware
8,1,256.0,4.0,0.5,4,0.0519070100475,0.9589664787054062,72,864.0,True,analytical_hypothetical_hardware
8,1,256.0,4.0,1.0,1,0.0519070100475,1.2786219716072083,24,288.0,True,analytical_hypothetical_hardware
8,1,256.0,4.0,1.0,2,0.0519070100475,1.2786219716072083,48,576.0,True,analytical_hypothetical_hardware
8,1,256.0,4.0,1.0,4,0.0519070100475,1.2786219716072083,96,1152.0,True,analytical_hypothetical_hardware
8,3,24.1354255944,1.0,0.0,1,0.5241011926861662,1.9179329574108124,3,36.0,True,analytical_hypothetical_hardware
8,3,24.1354255944,1.0,0.0,2,0.5241011926861662,1.9179329574108124,6,72.0,True,analytical_hypothetical_hardware
8,3,24.1354255944,1.0,0.0,4,0.5241011926861662,1.9179329574108124,12,144.0,True,analytical_hypothetical_hardware
8,3,24.1354255944,1.0,0.25,1,0.5241011926861662,2.0777607038617134,3,36.0,True,analytical_hypothetical_hardware
8,3,24.1354255944,1.0,0.25,2,0.5241011926861662,2.0777607038617134,6,72.0,True,analytical_hypothetical_hardware
8,3,24.1354255944,1.0,0.25,4,0.5241011926861662,2.0777607038617134,12,144.0,True,analytical_hypothetical_hardware
8,3,24.1354255944,1.0,0.5,1,0.5241011926861662,2.2375884503126144,4,48.0,True,analytical_hypothetical_hardware
8,3,24.1354255944,1.0,0.5,2,0.5241011926861662,2.2375884503126144,8,96.0,True,analytical_hypothetical_hardware
8,3,24.1354255944,1.0,0.5,4,0.5241011926861662,2.2375884503126144,16,192.0,True,analytical_hypothetical_hardware
8,3,24.1354255944,1.0,1.0,1,0.5241011926861662,2.5572439432144165,4,48.0,True,analytical_hypothetical_hardware
8,3,24.1354255944,1.0,1.0,2,0.5241011926861662,2.5572439432144165,8,96.0,True,analytical_hypothetical_hardware
8,3,24.1354255944,1.0,1.0,4,0.5241011926861662,2.5572439432144165,16,192.0,True,analytical_hypothetical_hardware
8,3,24.1354255944,1.5,0.0,1,0.5241011926861662,1.9179329574108124,3,36.0,True,analytical_hypothetical_hardware
8,3,24.1354255944,1.5,0.0,2,0.5241011926861662,1.9179329574108124,6,72.0,True,analytical_hypothetical_hardware
8,3,24.1354255944,1.5,0.0,4,0.5241011926861662,1.9179329574108124,12,144.0,True,analytical_hypothetical_hardware
8,3,24.1354255944,1.5,0.25,1,0.5241011926861662,2.0777607038617134,3,36.0,True,analytical_hypothetical_hardware
8,3,24.1354255944,1.5,0.25,2,0.5241011926861662,2.0777607038617134,6,72.0,True,analytical_hypothetical_hardware
8,3,24.1354255944,1.5,0.25,4,0.5241011926861662,2.0777607038617134,12,144.0,True,analytical_hypothetical_hardware
8,3,24.1354255944,1.5,0.5,1,0.5241011926861662,2.2375884503126144,4,48.0,True,analytical_hypothetical_hardware
8,3,24.1354255944,1.5,0.5,2,0.5241011926861662,2.2375884503126144,8,96.0,True,analytical_hypothetical_hardware
8,3,24.1354255944,1.5,0.5,4,0.5241011926861662,2.2375884503126144,16,192.0,True,analytical_hypothetical_hardware
8,3,24.1354255944,1.5,1.0,1,0.5241011926861662,2.5572439432144165,4,48.0,True,analytical_hypothetical_hardware
8,3,24.1354255944,1.5,1.0,2,0.5241011926861662,2.5572439432144165,8,96.0,True,analytical_hypothetical_hardware
8,3,24.1354255944,1.5,1.0,4,0.5241011926861662,2.5572439432144165,16,192.0,True,analytical_hypothetical_hardware
8,3,24.1354255944,2.0,0.0,1,0.5241011926861662,1.9179329574108124,3,36.0,True,analytical_hypothetical_hardware
8,3,24.1354255944,2.0,0.0,2,0.5241011926861662,1.9179329574108124,6,72.0,True,analytical_hypothetical_hardware
8,3,24.1354255944,2.0,0.0,4,0.5241011926861662,1.9179329574108124,12,144.0,True,analytical_hypothetical_hardware
8,3,24.1354255944,2.0,0.25,1,0.5241011926861662,2.0777607038617134,3,36.0,True,analytical_hypothetical_hardware
8,3,24.1354255944,2.0,0.25,2,0.5241011926861662,2.0777607038617134,6,72.0,True,analytical_hypothetical_hardware
8,3,24.1354255944,2.0,0.25,4,0.5241011926861662,2.0777607038617134,12,144.0,True,analytical_hypothetical_hardware
8,3,24.1354255944,2.0,0.5,1,0.5241011926861662,2.2375884503126144,4,48.0,True,analytical_hypothetical_hardware
8,3,24.1354255944,2.0,0.5,2,0.5241011926861662,2.2375884503126144,8,96.0,True,analytical_hypothetical_hardware
8,3,24.1354255944,2.0,0.5,4,0.5241011926861662,2.2375884503126144,16,192.0,True,analytical_hypothetical_hardware
8,3,24.1354255944,2.0,1.0,1,0.5241011926861662,2.5572439432144165,4,48.0,True,analytical_hypothetical_hardware
8,3,24.1354255944,2.0,1.0,2,0.5241011926861662,2.5572439432144165,8,96.0,True,analytical_hypothetical_hardware
8,3,24.1354255944,2.0,1.0,4,0.5241011926861662,2.5572439432144165,16,192.0,True,analytical_hypothetical_hardware
8,3,24.1354255944,4.0,0.0,1,0.5241011926861662,1.9179329574108124,3,36.0,True,analytical_hypothetical_hardware
8,3,24.1354255944,4.0,0.0,2,0.5241011926861662,1.9179329574108124,6,72.0,True,analytical_hypothetical_hardware
8,3,24.1354255944,4.0,0.0,4,0.5241011926861662,1.9179329574108124,12,144.0,True,analytical_hypothetical_hardware
8,3,24.1354255944,4.0,0.25,1,0.5241011926861662,2.0777607038617134,3,36.0,True,analytical_hypothetical_hardware
8,3,24.1354255944,4.0,0.25,2,0.5241011926861662,2.0777607038617134,6,72.0,True,analytical_hypothetical_hardware
8,3,24.1354255944,4.0,0.25,4,0.5241011926861662,2.0777607038617134,12,144.0,True,analytical_hypothetical_hardware
8,3,24.1354255944,4.0,0.5,1,0.5241011926861662,2.2375884503126144,4,48.0,True,analytical_hypothetical_hardware
8,3,24.1354255944,4.0,0.5,2,0.5241011926861662,2.2375884503126144,8,96.0,True,analytical_hypothetical_hardware
8,3,24.1354255944,4.0,0.5,4,0.5241011926861662,2.2375884503126144,16,192.0,True,analytical_hypothetical_hardware
8,3,24.1354255944,4.0,1.0,1,0.5241011926861662,2.5572439432144165,4,48.0,True,analytical_hypothetical_hardware
8,3,24.1354255944,4.0,1.0,2,0.5241011926861662,2.5572439432144165,8,96.0,True,analytical_hypothetical_hardware
8,3,24.1354255944,4.0,1.0,4,0.5241011926861662,2.5572439432144165,16,192.0,True,analytical_hypothetical_hardware
8,3,64.0,1.0,0.0,1,0.1993630100475,1.9179329574108124,9,108.0,True,analytical_hypothetical_hardware
8,3,64.0,1.0,0.0,2,0.1993630100475,1.9179329574108124,18,216.0,True,analytical_hypothetical_hardware
8,3,64.0,1.0,0.0,4,0.1993630100475,1.9179329574108124,36,432.0,True,analytical_hypothetical_hardware
8,3,64.0,1.0,0.25,1,0.1993630100475,2.0777607038617134,10,120.0,True,analytical_hypothetical_hardware
8,3,64.0,1.0,0.25,2,0.1993630100475,2.0777607038617134,20,240.0,True,analytical_hypothetical_hardware
8,3,64.0,1.0,0.25,4,0.1993630100475,2.0777607038617134,40,480.0,True,analytical_hypothetical_hardware
8,3,64.0,1.0,0.5,1,0.1993630100475,2.2375884503126144,11,132.0,True,analytical_hypothetical_hardware
8,3,64.0,1.0,0.5,2,0.1993630100475,2.2375884503126144,22,264.0,True,analytical_hypothetical_hardware
8,3,64.0,1.0,0.5,4,0.1993630100475,2.2375884503126144,44,528.0,True,analytical_hypothetical_hardware
8,3,64.0,1.0,1.0,1,0.1993630100475,2.5572439432144165,12,144.0,True,analytical_hypothetical_hardware
8,3,64.0,1.0,1.0,2,0.1993630100475,2.5572439432144165,24,288.0,True,analytical_hypothetical_hardware
8,3,64.0,1.0,1.0,4,0.1993630100475,2.5572439432144165,48,576.0,True,analytical_hypothetical_hardware
8,3,64.0,1.5,0.0,1,0.1993630100475,1.9179329574108124,9,108.0,True,analytical_hypothetical_hardware
8,3,64.0,1.5,0.0,2,0.1993630100475,1.9179329574108124,18,216.0,True,analytical_hypothetical_hardware
8,3,64.0,1.5,0.0,4,0.1993630100475,1.9179329574108124,36,432.0,True,analytical_hypothetical_hardware
8,3,64.0,1.5,0.25,1,0.1993630100475,2.0777607038617134,10,120.0,True,analytical_hypothetical_hardware
8,3,64.0,1.5,0.25,2,0.1993630100475,2.0777607038617134,20,240.0,True,analytical_hypothetical_hardware
8,3,64.0,1.5,0.25,4,0.1993630100475,2.0777607038617134,40,480.0,True,analytical_hypothetical_hardware
8,3,64.0,1.5,0.5,1,0.1993630100475,2.2375884503126144,11,132.0,True,analytical_hypothetical_hardware
8,3,64.0,1.5,0.5,2,0.1993630100475,2.2375884503126144,22,264.0,True,analytical_hypothetical_hardware
8,3,64.0,1.5,0.5,4,0.1993630100475,2.2375884503126144,44,528.0,True,analytical_hypothetical_hardware
8,3,64.0,1.5,1.0,1,0.1993630100475,2.5572439432144165,12,144.0,True,analytical_hypothetical_hardware
8,3,64.0,1.5,1.0,2,0.1993630100475,2.5572439432144165,24,288.0,True,analytical_hypothetical_hardware
8,3,64.0,1.5,1.0,4,0.1993630100475,2.5572439432144165,48,576.0,True,analytical_hypothetical_hardware
8,3,64.0,2.0,0.0,1,0.1993630100475,1.9179329574108124,9,108.0,True,analytical_hypothetical_hardware
8,3,64.0,2.0,0.0,2,0.1993630100475,1.9179329574108124,18,216.0,True,analytical_hypothetical_hardware
8,3,64.0,2.0,0.0,4,0.1993630100475,1.9179329574108124,36,432.0,True,analytical_hypothetical_hardware
8,3,64.0,2.0,0.25,1,0.1993630100475,2.0777607038617134,10,120.0,True,analytical_hypothetical_hardware
8,3,64.0,2.0,0.25,2,0.1993630100475,2.0777607038617134,20,240.0,True,analytical_hypothetical_hardware
8,3,64.0,2.0,0.25,4,0.1993630100475,2.0777607038617134,40,480.0,True,analytical_hypothetical_hardware
8,3,64.0,2.0,0.5,1,0.1993630100475,2.2375884503126144,11,132.0,True,analytical_hypothetical_hardware
8,3,64.0,2.0,0.5,2,0.1993630100475,2.2375884503126144,22,264.0,True,analytical_hypothetical_hardware
8,3,64.0,2.0,0.5,4,0.1993630100475,2.2375884503126144,44,528.0,True,analytical_hypothetical_hardware
8,3,64.0,2.0,1.0,1,0.1993630100475,2.5572439432144165,12,144.0,True,analytical_hypothetical_hardware
8,3,64.0,2.0,1.0,2,0.1993630100475,2.5572439432144165,24,288.0,True,analytical_hypothetical_hardware
8,3,64.0,2.0,1.0,4,0.1993630100475,2.5572439432144165,48,576.0,True,analytical_hypothetical_hardware
8,3,64.0,4.0,0.0,1,0.1993630100475,1.9179329574108124,9,108.0,True,analytical_hypothetical_hardware
8,3,64.0,4.0,0.0,2,0.1993630100475,1.9179329574108124,18,216.0,True,analytical_hypothetical_hardware
8,3,64.0,4.0,0.0,4,0.1993630100475,1.9179329574108124,36,432.0,True,analytical_hypothetical_hardware
8,3,64.0,4.0,0.25,1,0.1993630100475,2.0777607038617134,10,120.0,True,analytical_hypothetical_hardware
8,3,64.0,4.0,0.25,2,0.1993630100475,2.0777607038617134,20,240.0,True,analytical_hypothetical_hardware
8,3,64.0,4.0,0.25,4,0.1993630100475,2.0777607038617134,40,480.0,True,analytical_hypothetical_hardware
8,3,64.0,4.0,0.5,1,0.1993630100475,2.2375884503126144,11,132.0,True,analytical_hypothetical_hardware
8,3,64.0,4.0,0.5,2,0.1993630100475,2.2375884503126144,22,264.0,True,analytical_hypothetical_hardware
8,3,64.0,4.0,0.5,4,0.1993630100475,2.2375884503126144,44,528.0,True,analytical_hypothetical_hardware
8,3,64.0,4.0,1.0,1,0.1993630100475,2.5572439432144165,12,144.0,True,analytical_hypothetical_hardware
8,3,64.0,4.0,1.0,2,0.1993630100475,2.5572439432144165,24,288.0,True,analytical_hypothetical_hardware
8,3,64.0,4.0,1.0,4,0.1993630100475,2.5572439432144165,48,576.0,True,analytical_hypothetical_hardware
8,3,128.0,1.0,0.0,1,0.10105901004750001,1.9179329574108124,18,216.0,True,analytical_hypothetical_hardware
8,3,128.0,1.0,0.0,2,0.10105901004750001,1.9179329574108124,36,432.0,True,analytical_hypothetical_hardware
8,3,128.0,1.0,0.0,4,0.10105901004750001,1.9179329574108124,72,864.0,True,analytical_hypothetical_hardware
8,3,128.0,1.0,0.25,1,0.10105901004750001,2.0777607038617134,20,240.0,True,analytical_hypothetical_hardware
8,3,128.0,1.0,0.25,2,0.10105901004750001,2.0777607038617134,40,480.0,True,analytical_hypothetical_hardware
8,3,128.0,1.0,0.25,4,0.10105901004750001,2.0777607038617134,80,960.0,True,analytical_hypothetical_hardware
8,3,128.0,1.0,0.5,1,0.10105901004750001,2.2375884503126144,22,264.0,True,analytical_hypothetical_hardware
8,3,128.0,1.0,0.5,2,0.10105901004750001,2.2375884503126144,44,528.0,True,analytical_hypothetical_hardware
8,3,128.0,1.0,0.5,4,0.10105901004750001,2.2375884503126144,88,1056.0,True,analytical_hypothetical_hardware
8,3,128.0,1.0,1.0,1,0.10105901004750001,2.5572439432144165,25,300.0,True,analytical_hypothetical_hardware
8,3,128.0,1.0,1.0,2,0.10105901004750001,2.5572439432144165,50,600.0,True,analytical_hypothetical_hardware
8,3,128.0,1.0,1.0,4,0.10105901004750001,2.5572439432144165,100,1200.0,True,analytical_hypothetical_hardware
8,3,128.0,1.5,0.0,1,0.10105901004750001,1.9179329574108124,18,216.0,True,analytical_hypothetical_hardware
8,3,128.0,1.5,0.0,2,0.10105901004750001,1.9179329574108124,36,432.0,True,analytical_hypothetical_hardware
8,3,128.0,1.5,0.0,4,0.10105901004750001,1.9179329574108124,72,864.0,True,analytical_hypothetical_hardware
8,3,128.0,1.5,0.25,1,0.10105901004750001,2.0777607038617134,20,240.0,True,analytical_hypothetical_hardware
8,3,128.0,1.5,0.25,2,0.10105901004750001,2.0777607038617134,40,480.0,True,analytical_hypothetical_hardware
8,3,128.0,1.5,0.25,4,0.10105901004750001,2.0777607038617134,80,960.0,True,analytical_hypothetical_hardware
8,3,128.0,1.5,0.5,1,0.10105901004750001,2.2375884503126144,22,264.0,True,analytical_hypothetical_hardware
8,3,128.0,1.5,0.5,2,0.10105901004750001,2.2375884503126144,44,528.0,True,analytical_hypothetical_hardware
8,3,128.0,1.5,0.5,4,0.10105901004750001,2.2375884503126144,88,1056.0,True,analytical_hypothetical_hardware
8,3,128.0,1.5,1.0,1,0.10105901004750001,2.5572439432144165,25,300.0,True,analytical_hypothetical_hardware
8,3,128.0,1.5,1.0,2,0.10105901004750001,2.5572439432144165,50,600.0,True,analytical_hypothetical_hardware
8,3,128.0,1.5,1.0,4,0.10105901004750001,2.5572439432144165,100,1200.0,True,analytical_hypothetical_hardware
8,3,128.0,2.0,0.0,1,0.10105901004750001,1.9179329574108124,18,216.0,True,analytical_hypothetical_hardware
8,3,128.0,2.0,0.0,2,0.10105901004750001,1.9179329574108124,36,432.0,True,analytical_hypothetical_hardware
8,3,128.0,2.0,0.0,4,0.10105901004750001,1.9179329574108124,72,864.0,True,analytical_hypothetical_hardware
8,3,128.0,2.0,0.25,1,0.10105901004750001,2.0777607038617134,20,240.0,True,analytical_hypothetical_hardware
8,3,128.0,2.0,0.25,2,0.10105901004750001,2.0777607038617134,40,480.0,True,analytical_hypothetical_hardware
8,3,128.0,2.0,0.25,4,0.10105901004750001,2.0777607038617134,80,960.0,True,analytical_hypothetical_hardware
8,3,128.0,2.0,0.5,1,0.10105901004750001,2.2375884503126144,22,264.0,True,analytical_hypothetical_hardware
8,3,128.0,2.0,0.5,2,0.10105901004750001,2.2375884503126144,44,528.0,True,analytical_hypothetical_hardware
8,3,128.0,2.0,0.5,4,0.10105901004750001,2.2375884503126144,88,1056.0,True,analytical_hypothetical_hardware
8,3,128.0,2.0,1.0,1,0.10105901004750001,2.5572439432144165,25,300.0,True,analytical_hypothetical_hardware
8,3,128.0,2.0,1.0,2,0.10105901004750001,2.5572439432144165,50,600.0,True,analytical_hypothetical_hardware
8,3,128.0,2.0,1.0,4,0.10105901004750001,2.5572439432144165,100,1200.0,True,analytical_hypothetical_hardware
8,3,128.0,4.0,0.0,1,0.10105901004750001,1.9179329574108124,18,216.0,True,analytical_hypothetical_hardware
8,3,128.0,4.0,0.0,2,0.10105901004750001,1.9179329574108124,36,432.0,True,analytical_hypothetical_hardware
8,3,128.0,4.0,0.0,4,0.10105901004750001,1.9179329574108124,72,864.0,True,analytical_hypothetical_hardware
8,3,128.0,4.0,0.25,1,0.10105901004750001,2.0777607038617134,20,240.0,True,analytical_hypothetical_hardware
8,3,128.0,4.0,0.25,2,0.10105901004750001,2.0777607038617134,40,480.0,True,analytical_hypothetical_hardware
8,3,128.0,4.0,0.25,4,0.10105901004750001,2.0777607038617134,80,960.0,True,analytical_hypothetical_hardware
8,3,128.0,4.0,0.5,1,0.10105901004750001,2.2375884503126144,22,264.0,True,analytical_hypothetical_hardware
8,3,128.0,4.0,0.5,2,0.10105901004750001,2.2375884503126144,44,528.0,True,analytical_hypothetical_hardware
8,3,128.0,4.0,0.5,4,0.10105901004750001,2.2375884503126144,88,1056.0,True,analytical_hypothetical_hardware
8,3,128.0,4.0,1.0,1,0.10105901004750001,2.5572439432144165,25,300.0,True,analytical_hypothetical_hardware
8,3,128.0,4.0,1.0,2,0.10105901004750001,2.5572439432144165,50,600.0,True,analytical_hypothetical_hardware
8,3,128.0,4.0,1.0,4,0.10105901004750001,2.5572439432144165,100,1200.0,True,analytical_hypothetical_hardware
8,3,256.0,1.0,0.0,1,0.0519070100475,1.9179329574108124,36,432.0,True,analytical_hypothetical_hardware
8,3,256.0,1.0,0.0,2,0.0519070100475,1.9179329574108124,72,864.0,True,analytical_hypothetical_hardware
8,3,256.0,1.0,0.0,4,0.0519070100475,1.9179329574108124,144,1728.0,True,analytical_hypothetical_hardware
8,3,256.0,1.0,0.25,1,0.0519070100475,2.0777607038617134,40,480.0,True,analytical_hypothetical_hardware
8,3,256.0,1.0,0.25,2,0.0519070100475,2.0777607038617134,80,960.0,True,analytical_hypothetical_hardware
8,3,256.0,1.0,0.25,4,0.0519070100475,2.0777607038617134,160,1920.0,True,analytical_hypothetical_hardware
8,3,256.0,1.0,0.5,1,0.0519070100475,2.2375884503126144,43,516.0,True,analytical_hypothetical_hardware
8,3,256.0,1.0,0.5,2,0.0519070100475,2.2375884503126144,86,1032.0,True,analytical_hypothetical_hardware
8,3,256.0,1.0,0.5,4,0.0519070100475,2.2375884503126144,172,2064.0,True,analytical_hypothetical_hardware
8,3,256.0,1.0,1.0,1,0.0519070100475,2.5572439432144165,49,588.0,True,analytical_hypothetical_hardware
8,3,256.0,1.0,1.0,2,0.0519070100475,2.5572439432144165,98,1176.0,True,analytical_hypothetical_hardware
8,3,256.0,1.0,1.0,4,0.0519070100475,2.5572439432144165,196,2352.0,True,analytical_hypothetical_hardware
8,3,256.0,1.5,0.0,1,0.0519070100475,1.9179329574108124,36,432.0,True,analytical_hypothetical_hardware
8,3,256.0,1.5,0.0,2,0.0519070100475,1.9179329574108124,72,864.0,True,analytical_hypothetical_hardware
8,3,256.0,1.5,0.0,4,0.0519070100475,1.9179329574108124,144,1728.0,True,analytical_hypothetical_hardware
8,3,256.0,1.5,0.25,1,0.0519070100475,2.0777607038617134,40,480.0,True,analytical_hypothetical_hardware
8,3,256.0,1.5,0.25,2,0.0519070100475,2.0777607038617134,80,960.0,True,analytical_hypothetical_hardware
8,3,256.0,1.5,0.25,4,0.0519070100475,2.0777607038617134,160,1920.0,True,analytical_hypothetical_hardware
8,3,256.0,1.5,0.5,1,0.0519070100475,2.2375884503126144,43,516.0,True,analytical_hypothetical_hardware
8,3,256.0,1.5,0.5,2,0.0519070100475,2.2375884503126144,86,1032.0,True,analytical_hypothetical_hardware
8,3,256.0,1.5,0.5,4,0.0519070100475,2.2375884503126144,172,2064.0,True,analytical_hypothetical_hardware
8,3,256.0,1.5,1.0,1,0.0519070100475,2.5572439432144165,49,588.0,True,analytical_hypothetical_hardware
8,3,256.0,1.5,1.0,2,0.0519070100475,2.5572439432144165,98,1176.0,True,analytical_hypothetical_hardware
8,3,256.0,1.5,1.0,4,0.0519070100475,2.5572439432144165,196,2352.0,True,analytical_hypothetical_hardware
8,3,256.0,2.0,0.0,1,0.0519070100475,1.9179329574108124,36,432.0,True,analytical_hypothetical_hardware
8,3,256.0,2.0,0.0,2,0.0519070100475,1.9179329574108124,72,864.0,True,analytical_hypothetical_hardware
8,3,256.0,2.0,0.0,4,0.0519070100475,1.9179329574108124,144,1728.0,True,analytical_hypothetical_hardware
8,3,256.0,2.0,0.25,1,0.0519070100475,2.0777607038617134,40,480.0,True,analytical_hypothetical_hardware
8,3,256.0,2.0,0.25,2,0.0519070100475,2.0777607038617134,80,960.0,True,analytical_hypothetical_hardware
8,3,256.0,2.0,0.25,4,0.0519070100475,2.0777607038617134,160,1920.0,True,analytical_hypothetical_hardware
8,3,256.0,2.0,0.5,1,0.0519070100475,2.2375884503126144,43,516.0,True,analytical_hypothetical_hardware
8,3,256.0,2.0,0.5,2,0.0519070100475,2.2375884503126144,86,1032.0,True,analytical_hypothetical_hardware
8,3,256.0,2.0,0.5,4,0.0519070100475,2.2375884503126144,172,2064.0,True,analytical_hypothetical_hardware
8,3,256.0,2.0,1.0,1,0.0519070100475,2.5572439432144165,49,588.0,True,analytical_hypothetical_hardware
8,3,256.0,2.0,1.0,2,0.0519070100475,2.5572439432144165,98,1176.0,True,analytical_hypothetical_hardware
8,3,256.0,2.0,1.0,4,0.0519070100475,2.5572439432144165,196,2352.0,True,analytical_hypothetical_hardware
8,3,256.0,4.0,0.0,1,0.0519070100475,1.9179329574108124,36,432.0,True,analytical_hypothetical_hardware
8,3,256.0,4.0,0.0,2,0.0519070100475,1.9179329574108124,72,864.0,True,analytical_hypothetical_hardware
8,3,256.0,4.0,0.0,4,0.0519070100475,1.9179329574108124,144,1728.0,True,analytical_hypothetical_hardware
8,3,256.0,4.0,0.25,1,0.0519070100475,2.0777607038617134,40,480.0,True,analytical_hypothetical_hardware
8,3,256.0,4.0,0.25,2,0.0519070100475,2.0777607038617134,80,960.0,True,analytical_hypothetical_hardware
8,3,256.0,4.0,0.25,4,0.0519070100475,2.0777607038617134,160,1920.0,True,analytical_hypothetical_hardware
8,3,256.0,4.0,0.5,1,0.0519070100475,2.2375884503126144,43,516.0,True,analytical_hypothetical_hardware
8,3,256.0,4.0,0.5,2,0.0519070100475,2.2375884503126144,86,1032.0,True,analytical_hypothetical_hardware
8,3,256.0,4.0,0.5,4,0.0519070100475,2.2375884503126144,172,2064.0,True,analytical_hypothetical_hardware
8,3,256.0,4.0,1.0,1,0.0519070100475,2.5572439432144165,49,588.0,True,analytical_hypothetical_hardware
8,3,256.0,4.0,1.0,2,0.0519070100475,2.5572439432144165,98,1176.0,True,analytical_hypothetical_hardware
8,3,256.0,4.0,1.0,4,0.0519070100475,2.5572439432144165,196,2352.0,True,analytical_hypothetical_hardware
8,6,24.1354255944,1.0,0.0,1,0.5241011926861662,3.8358659148216248,7,84.0,True,analytical_hypothetical_hardware
8,6,24.1354255944,1.0,0.0,2,0.5241011926861662,3.8358659148216248,14,168.0,True,analytical_hypothetical_hardware
8,6,24.1354255944,1.0,0.0,4,0.5241011926861662,3.8358659148216248,28,336.0,True,analytical_hypothetical_hardware
8,6,24.1354255944,1.0,0.25,1,0.5241011926861662,3.995693661272526,7,84.0,True,analytical_hypothetical_hardware
8,6,24.1354255944,1.0,0.25,2,0.5241011926861662,3.995693661272526,14,168.0,True,analytical_hypothetical_hardware
8,6,24.1354255944,1.0,0.25,4,0.5241011926861662,3.995693661272526,28,336.0,True,analytical_hypothetical_hardware
8,6,24.1354255944,1.0,0.5,1,0.5241011926861662,4.155521407723427,7,84.0,True,analytical_hypothetical_hardware
8,6,24.1354255944,1.0,0.5,2,0.5241011926861662,4.155521407723427,14,168.0,True,analytical_hypothetical_hardware
8,6,24.1354255944,1.0,0.5,4,0.5241011926861662,4.155521407723427,28,336.0,True,analytical_hypothetical_hardware
8,6,24.1354255944,1.0,1.0,1,0.5241011926861662,4.475176900625229,8,96.0,True,analytical_hypothetical_hardware
8,6,24.1354255944,1.0,1.0,2,0.5241011926861662,4.475176900625229,16,192.0,True,analytical_hypothetical_hardware
8,6,24.1354255944,1.0,1.0,4,0.5241011926861662,4.475176900625229,32,384.0,True,analytical_hypothetical_hardware
8,6,24.1354255944,1.5,0.0,1,0.5241011926861662,3.8358659148216248,7,84.0,True,analytical_hypothetical_hardware
8,6,24.1354255944,1.5,0.0,2,0.5241011926861662,3.8358659148216248,14,168.0,True,analytical_hypothetical_hardware
8,6,24.1354255944,1.5,0.0,4,0.5241011926861662,3.8358659148216248,28,336.0,True,analytical_hypothetical_hardware
8,6,24.1354255944,1.5,0.25,1,0.5241011926861662,3.995693661272526,7,84.0,True,analytical_hypothetical_hardware
8,6,24.1354255944,1.5,0.25,2,0.5241011926861662,3.995693661272526,14,168.0,True,analytical_hypothetical_hardware
8,6,24.1354255944,1.5,0.25,4,0.5241011926861662,3.995693661272526,28,336.0,True,analytical_hypothetical_hardware
8,6,24.1354255944,1.5,0.5,1,0.5241011926861662,4.155521407723427,7,84.0,True,analytical_hypothetical_hardware
8,6,24.1354255944,1.5,0.5,2,0.5241011926861662,4.155521407723427,14,168.0,True,analytical_hypothetical_hardware
8,6,24.1354255944,1.5,0.5,4,0.5241011926861662,4.155521407723427,28,336.0,True,analytical_hypothetical_hardware
8,6,24.1354255944,1.5,1.0,1,0.5241011926861662,4.475176900625229,8,96.0,True,analytical_hypothetical_hardware
8,6,24.1354255944,1.5,1.0,2,0.5241011926861662,4.475176900625229,16,192.0,True,analytical_hypothetical_hardware
8,6,24.1354255944,1.5,1.0,4,0.5241011926861662,4.475176900625229,32,384.0,True,analytical_hypothetical_hardware
8,6,24.1354255944,2.0,0.0,1,0.5241011926861662,3.8358659148216248,7,84.0,True,analytical_hypothetical_hardware
8,6,24.1354255944,2.0,0.0,2,0.5241011926861662,3.8358659148216248,14,168.0,True,analytical_hypothetical_hardware
8,6,24.1354255944,2.0,0.0,4,0.5241011926861662,3.8358659148216248,28,336.0,True,analytical_hypothetical_hardware
8,6,24.1354255944,2.0,0.25,1,0.5241011926861662,3.995693661272526,7,84.0,True,analytical_hypothetical_hardware
8,6,24.1354255944,2.0,0.25,2,0.5241011926861662,3.995693661272526,14,168.0,True,analytical_hypothetical_hardware
8,6,24.1354255944,2.0,0.25,4,0.5241011926861662,3.995693661272526,28,336.0,True,analytical_hypothetical_hardware
8,6,24.1354255944,2.0,0.5,1,0.5241011926861662,4.155521407723427,7,84.0,True,analytical_hypothetical_hardware
8,6,24.1354255944,2.0,0.5,2,0.5241011926861662,4.155521407723427,14,168.0,True,analytical_hypothetical_hardware
8,6,24.1354255944,2.0,0.5,4,0.5241011926861662,4.155521407723427,28,336.0,True,analytical_hypothetical_hardware
8,6,24.1354255944,2.0,1.0,1,0.5241011926861662,4.475176900625229,8,96.0,True,analytical_hypothetical_hardware
8,6,24.1354255944,2.0,1.0,2,0.5241011926861662,4.475176900625229,16,192.0,True,analytical_hypothetical_hardware
8,6,24.1354255944,2.0,1.0,4,0.5241011926861662,4.475176900625229,32,384.0,True,analytical_hypothetical_hardware
8,6,24.1354255944,4.0,0.0,1,0.5241011926861662,3.8358659148216248,7,84.0,True,analytical_hypothetical_hardware
8,6,24.1354255944,4.0,0.0,2,0.5241011926861662,3.8358659148216248,14,168.0,True,analytical_hypothetical_hardware
8,6,24.1354255944,4.0,0.0,4,0.5241011926861662,3.8358659148216248,28,336.0,True,analytical_hypothetical_hardware
8,6,24.1354255944,4.0,0.25,1,0.5241011926861662,3.995693661272526,7,84.0,True,analytical_hypothetical_hardware
8,6,24.1354255944,4.0,0.25,2,0.5241011926861662,3.995693661272526,14,168.0,True,analytical_hypothetical_hardware
8,6,24.1354255944,4.0,0.25,4,0.5241011926861662,3.995693661272526,28,336.0,True,analytical_hypothetical_hardware
8,6,24.1354255944,4.0,0.5,1,0.5241011926861662,4.155521407723427,7,84.0,True,analytical_hypothetical_hardware
8,6,24.1354255944,4.0,0.5,2,0.5241011926861662,4.155521407723427,14,168.0,True,analytical_hypothetical_hardware
8,6,24.1354255944,4.0,0.5,4,0.5241011926861662,4.155521407723427,28,336.0,True,analytical_hypothetical_hardware
8,6,24.1354255944,4.0,1.0,1,0.5241011926861662,4.475176900625229,8,96.0,True,analytical_hypothetical_hardware
8,6,24.1354255944,4.0,1.0,2,0.5241011926861662,4.475176900625229,16,192.0,True,analytical_hypothetical_hardware
8,6,24.1354255944,4.0,1.0,4,0.5241011926861662,4.475176900625229,32,384.0,True,analytical_hypothetical_hardware
8,6,64.0,1.0,0.0,1,0.1993630100475,3.8358659148216248,19,228.0,True,analytical_hypothetical_hardware
8,6,64.0,1.0,0.0,2,0.1993630100475,3.8358659148216248,38,456.0,True,analytical_hypothetical_hardware
8,6,64.0,1.0,0.0,4,0.1993630100475,3.8358659148216248,76,912.0,True,analytical_hypothetical_hardware
8,6,64.0,1.0,0.25,1,0.1993630100475,3.995693661272526,20,240.0,True,analytical_hypothetical_hardware
8,6,64.0,1.0,0.25,2,0.1993630100475,3.995693661272526,40,480.0,True,analytical_hypothetical_hardware
8,6,64.0,1.0,0.25,4,0.1993630100475,3.995693661272526,80,960.0,True,analytical_hypothetical_hardware
8,6,64.0,1.0,0.5,1,0.1993630100475,4.155521407723427,20,240.0,True,analytical_hypothetical_hardware
8,6,64.0,1.0,0.5,2,0.1993630100475,4.155521407723427,40,480.0,True,analytical_hypothetical_hardware
8,6,64.0,1.0,0.5,4,0.1993630100475,4.155521407723427,80,960.0,True,analytical_hypothetical_hardware
8,6,64.0,1.0,1.0,1,0.1993630100475,4.475176900625229,22,264.0,True,analytical_hypothetical_hardware
8,6,64.0,1.0,1.0,2,0.1993630100475,4.475176900625229,44,528.0,True,analytical_hypothetical_hardware
8,6,64.0,1.0,1.0,4,0.1993630100475,4.475176900625229,88,1056.0,True,analytical_hypothetical_hardware
8,6,64.0,1.5,0.0,1,0.1993630100475,3.8358659148216248,19,228.0,True,analytical_hypothetical_hardware
8,6,64.0,1.5,0.0,2,0.1993630100475,3.8358659148216248,38,456.0,True,analytical_hypothetical_hardware
8,6,64.0,1.5,0.0,4,0.1993630100475,3.8358659148216248,76,912.0,True,analytical_hypothetical_hardware
8,6,64.0,1.5,0.25,1,0.1993630100475,3.995693661272526,20,240.0,True,analytical_hypothetical_hardware
8,6,64.0,1.5,0.25,2,0.1993630100475,3.995693661272526,40,480.0,True,analytical_hypothetical_hardware
8,6,64.0,1.5,0.25,4,0.1993630100475,3.995693661272526,80,960.0,True,analytical_hypothetical_hardware
8,6,64.0,1.5,0.5,1,0.1993630100475,4.155521407723427,20,240.0,True,analytical_hypothetical_hardware
8,6,64.0,1.5,0.5,2,0.1993630100475,4.155521407723427,40,480.0,True,analytical_hypothetical_hardware
8,6,64.0,1.5,0.5,4,0.1993630100475,4.155521407723427,80,960.0,True,analytical_hypothetical_hardware
8,6,64.0,1.5,1.0,1,0.1993630100475,4.475176900625229,22,264.0,True,analytical_hypothetical_hardware
8,6,64.0,1.5,1.0,2,0.1993630100475,4.475176900625229,44,528.0,True,analytical_hypothetical_hardware
8,6,64.0,1.5,1.0,4,0.1993630100475,4.475176900625229,88,1056.0,True,analytical_hypothetical_hardware
8,6,64.0,2.0,0.0,1,0.1993630100475,3.8358659148216248,19,228.0,True,analytical_hypothetical_hardware
8,6,64.0,2.0,0.0,2,0.1993630100475,3.8358659148216248,38,456.0,True,analytical_hypothetical_hardware
8,6,64.0,2.0,0.0,4,0.1993630100475,3.8358659148216248,76,912.0,True,analytical_hypothetical_hardware
8,6,64.0,2.0,0.25,1,0.1993630100475,3.995693661272526,20,240.0,True,analytical_hypothetical_hardware
8,6,64.0,2.0,0.25,2,0.1993630100475,3.995693661272526,40,480.0,True,analytical_hypothetical_hardware
8,6,64.0,2.0,0.25,4,0.1993630100475,3.995693661272526,80,960.0,True,analytical_hypothetical_hardware
8,6,64.0,2.0,0.5,1,0.1993630100475,4.155521407723427,20,240.0,True,analytical_hypothetical_hardware
8,6,64.0,2.0,0.5,2,0.1993630100475,4.155521407723427,40,480.0,True,analytical_hypothetical_hardware
8,6,64.0,2.0,0.5,4,0.1993630100475,4.155521407723427,80,960.0,True,analytical_hypothetical_hardware
8,6,64.0,2.0,1.0,1,0.1993630100475,4.475176900625229,22,264.0,True,analytical_hypothetical_hardware
8,6,64.0,2.0,1.0,2,0.1993630100475,4.475176900625229,44,528.0,True,analytical_hypothetical_hardware
8,6,64.0,2.0,1.0,4,0.1993630100475,4.475176900625229,88,1056.0,True,analytical_hypothetical_hardware
8,6,64.0,4.0,0.0,1,0.1993630100475,3.8358659148216248,19,228.0,True,analytical_hypothetical_hardware
8,6,64.0,4.0,0.0,2,0.1993630100475,3.8358659148216248,38,456.0,True,analytical_hypothetical_hardware
8,6,64.0,4.0,0.0,4,0.1993630100475,3.8358659148216248,76,912.0,True,analytical_hypothetical_hardware
8,6,64.0,4.0,0.25,1,0.1993630100475,3.995693661272526,20,240.0,True,analytical_hypothetical_hardware
8,6,64.0,4.0,0.25,2,0.1993630100475,3.995693661272526,40,480.0,True,analytical_hypothetical_hardware
8,6,64.0,4.0,0.25,4,0.1993630100475,3.995693661272526,80,960.0,True,analytical_hypothetical_hardware
8,6,64.0,4.0,0.5,1,0.1993630100475,4.155521407723427,20,240.0,True,analytical_hypothetical_hardware
8,6,64.0,4.0,0.5,2,0.1993630100475,4.155521407723427,40,480.0,True,analytical_hypothetical_hardware
8,6,64.0,4.0,0.5,4,0.1993630100475,4.155521407723427,80,960.0,True,analytical_hypothetical_hardware
8,6,64.0,4.0,1.0,1,0.1993630100475,4.475176900625229,22,264.0,True,analytical_hypothetical_hardware
8,6,64.0,4.0,1.0,2,0.1993630100475,4.475176900625229,44,528.0,True,analytical_hypothetical_hardware
8,6,64.0,4.0,1.0,4,0.1993630100475,4.475176900625229,88,1056.0,True,analytical_hypothetical_hardware
8,6,128.0,1.0,0.0,1,0.10105901004750001,3.8358659148216248,37,444.0,True,analytical_hypothetical_hardware
8,6,128.0,1.0,0.0,2,0.10105901004750001,3.8358659148216248,74,888.0,True,analytical_hypothetical_hardware
8,6,128.0,1.0,0.0,4,0.10105901004750001,3.8358659148216248,148,1776.0,True,analytical_hypothetical_hardware
8,6,128.0,1.0,0.25,1,0.10105901004750001,3.995693661272526,39,468.0,True,analytical_hypothetical_hardware
8,6,128.0,1.0,0.25,2,0.10105901004750001,3.995693661272526,78,936.0,True,analytical_hypothetical_hardware
8,6,128.0,1.0,0.25,4,0.10105901004750001,3.995693661272526,156,1872.0,True,analytical_hypothetical_hardware
8,6,128.0,1.0,0.5,1,0.10105901004750001,4.155521407723427,41,492.0,True,analytical_hypothetical_hardware
8,6,128.0,1.0,0.5,2,0.10105901004750001,4.155521407723427,82,984.0,True,analytical_hypothetical_hardware
8,6,128.0,1.0,0.5,4,0.10105901004750001,4.155521407723427,164,1968.0,True,analytical_hypothetical_hardware
8,6,128.0,1.0,1.0,1,0.10105901004750001,4.475176900625229,44,528.0,True,analytical_hypothetical_hardware
8,6,128.0,1.0,1.0,2,0.10105901004750001,4.475176900625229,88,1056.0,True,analytical_hypothetical_hardware
8,6,128.0,1.0,1.0,4,0.10105901004750001,4.475176900625229,176,2112.0,True,analytical_hypothetical_hardware
8,6,128.0,1.5,0.0,1,0.10105901004750001,3.8358659148216248,37,444.0,True,analytical_hypothetical_hardware
8,6,128.0,1.5,0.0,2,0.10105901004750001,3.8358659148216248,74,888.0,True,analytical_hypothetical_hardware
8,6,128.0,1.5,0.0,4,0.10105901004750001,3.8358659148216248,148,1776.0,True,analytical_hypothetical_hardware
8,6,128.0,1.5,0.25,1,0.10105901004750001,3.995693661272526,39,468.0,True,analytical_hypothetical_hardware
8,6,128.0,1.5,0.25,2,0.10105901004750001,3.995693661272526,78,936.0,True,analytical_hypothetical_hardware
8,6,128.0,1.5,0.25,4,0.10105901004750001,3.995693661272526,156,1872.0,True,analytical_hypothetical_hardware
8,6,128.0,1.5,0.5,1,0.10105901004750001,4.155521407723427,41,492.0,True,analytical_hypothetical_hardware
8,6,128.0,1.5,0.5,2,0.10105901004750001,4.155521407723427,82,984.0,True,analytical_hypothetical_hardware
8,6,128.0,1.5,0.5,4,0.10105901004750001,4.155521407723427,164,1968.0,True,analytical_hypothetical_hardware
8,6,128.0,1.5,1.0,1,0.10105901004750001,4.475176900625229,44,528.0,True,analytical_hypothetical_hardware
8,6,128.0,1.5,1.0,2,0.10105901004750001,4.475176900625229,88,1056.0,True,analytical_hypothetical_hardware
8,6,128.0,1.5,1.0,4,0.10105901004750001,4.475176900625229,176,2112.0,True,analytical_hypothetical_hardware
8,6,128.0,2.0,0.0,1,0.10105901004750001,3.8358659148216248,37,444.0,True,analytical_hypothetical_hardware
8,6,128.0,2.0,0.0,2,0.10105901004750001,3.8358659148216248,74,888.0,True,analytical_hypothetical_hardware
8,6,128.0,2.0,0.0,4,0.10105901004750001,3.8358659148216248,148,1776.0,True,analytical_hypothetical_hardware
8,6,128.0,2.0,0.25,1,0.10105901004750001,3.995693661272526,39,468.0,True,analytical_hypothetical_hardware
8,6,128.0,2.0,0.25,2,0.10105901004750001,3.995693661272526,78,936.0,True,analytical_hypothetical_hardware
8,6,128.0,2.0,0.25,4,0.10105901004750001,3.995693661272526,156,1872.0,True,analytical_hypothetical_hardware
8,6,128.0,2.0,0.5,1,0.10105901004750001,4.155521407723427,41,492.0,True,analytical_hypothetical_hardware
8,6,128.0,2.0,0.5,2,0.10105901004750001,4.155521407723427,82,984.0,True,analytical_hypothetical_hardware
8,6,128.0,2.0,0.5,4,0.10105901004750001,4.155521407723427,164,1968.0,True,analytical_hypothetical_hardware
8,6,128.0,2.0,1.0,1,0.10105901004750001,4.475176900625229,44,528.0,True,analytical_hypothetical_hardware
8,6,128.0,2.0,1.0,2,0.10105901004750001,4.475176900625229,88,1056.0,True,analytical_hypothetical_hardware
8,6,128.0,2.0,1.0,4,0.10105901004750001,4.475176900625229,176,2112.0,True,analytical_hypothetical_hardware
8,6,128.0,4.0,0.0,1,0.10105901004750001,3.8358659148216248,37,444.0,True,analytical_hypothetical_hardware
8,6,128.0,4.0,0.0,2,0.10105901004750001,3.8358659148216248,74,888.0,True,analytical_hypothetical_hardware
8,6,128.0,4.0,0.0,4,0.10105901004750001,3.8358659148216248,148,1776.0,True,analytical_hypothetical_hardware
8,6,128.0,4.0,0.25,1,0.10105901004750001,3.995693661272526,39,468.0,True,analytical_hypothetical_hardware
8,6,128.0,4.0,0.25,2,0.10105901004750001,3.995693661272526,78,936.0,True,analytical_hypothetical_hardware
8,6,128.0,4.0,0.25,4,0.10105901004750001,3.995693661272526,156,1872.0,True,analytical_hypothetical_hardware
8,6,128.0,4.0,0.5,1,0.10105901004750001,4.155521407723427,41,492.0,True,analytical_hypothetical_hardware
8,6,128.0,4.0,0.5,2,0.10105901004750001,4.155521407723427,82,984.0,True,analytical_hypothetical_hardware
8,6,128.0,4.0,0.5,4,0.10105901004750001,4.155521407723427,164,1968.0,True,analytical_hypothetical_hardware
8,6,128.0,4.0,1.0,1,0.10105901004750001,4.475176900625229,44,528.0,True,analytical_hypothetical_hardware
8,6,128.0,4.0,1.0,2,0.10105901004750001,4.475176900625229,88,1056.0,True,analytical_hypothetical_hardware
8,6,128.0,4.0,1.0,4,0.10105901004750001,4.475176900625229,176,2112.0,True,analytical_hypothetical_hardware
8,6,256.0,1.0,0.0,1,0.0519070100475,3.8358659148216248,73,876.0,True,analytical_hypothetical_hardware
8,6,256.0,1.0,0.0,2,0.0519070100475,3.8358659148216248,146,1752.0,True,analytical_hypothetical_hardware
8,6,256.0,1.0,0.0,4,0.0519070100475,3.8358659148216248,292,3504.0,True,analytical_hypothetical_hardware
8,6,256.0,1.0,0.25,1,0.0519070100475,3.995693661272526,76,912.0,True,analytical_hypothetical_hardware
8,6,256.0,1.0,0.25,2,0.0519070100475,3.995693661272526,152,1824.0,True,analytical_hypothetical_hardware
8,6,256.0,1.0,0.25,4,0.0519070100475,3.995693661272526,304,3648.0,True,analytical_hypothetical_hardware
8,6,256.0,1.0,0.5,1,0.0519070100475,4.155521407723427,80,960.0,True,analytical_hypothetical_hardware
8,6,256.0,1.0,0.5,2,0.0519070100475,4.155521407723427,160,1920.0,True,analytical_hypothetical_hardware
8,6,256.0,1.0,0.5,4,0.0519070100475,4.155521407723427,320,3840.0,True,analytical_hypothetical_hardware
8,6,256.0,1.0,1.0,1,0.0519070100475,4.475176900625229,86,1032.0,True,analytical_hypothetical_hardware
8,6,256.0,1.0,1.0,2,0.0519070100475,4.475176900625229,172,2064.0,True,analytical_hypothetical_hardware
8,6,256.0,1.0,1.0,4,0.0519070100475,4.475176900625229,344,4128.0,True,analytical_hypothetical_hardware
8,6,256.0,1.5,0.0,1,0.0519070100475,3.8358659148216248,73,876.0,True,analytical_hypothetical_hardware
8,6,256.0,1.5,0.0,2,0.0519070100475,3.8358659148216248,146,1752.0,True,analytical_hypothetical_hardware
8,6,256.0,1.5,0.0,4,0.0519070100475,3.8358659148216248,292,3504.0,True,analytical_hypothetical_hardware
8,6,256.0,1.5,0.25,1,0.0519070100475,3.995693661272526,76,912.0,True,analytical_hypothetical_hardware
8,6,256.0,1.5,0.25,2,0.0519070100475,3.995693661272526,152,1824.0,True,analytical_hypothetical_hardware
8,6,256.0,1.5,0.25,4,0.0519070100475,3.995693661272526,304,3648.0,True,analytical_hypothetical_hardware
8,6,256.0,1.5,0.5,1,0.0519070100475,4.155521407723427,80,960.0,True,analytical_hypothetical_hardware
8,6,256.0,1.5,0.5,2,0.0519070100475,4.155521407723427,160,1920.0,True,analytical_hypothetical_hardware
8,6,256.0,1.5,0.5,4,0.0519070100475,4.155521407723427,320,3840.0,True,analytical_hypothetical_hardware
8,6,256.0,1.5,1.0,1,0.0519070100475,4.475176900625229,86,1032.0,True,analytical_hypothetical_hardware
8,6,256.0,1.5,1.0,2,0.0519070100475,4.475176900625229,172,2064.0,True,analytical_hypothetical_hardware
8,6,256.0,1.5,1.0,4,0.0519070100475,4.475176900625229,344,4128.0,True,analytical_hypothetical_hardware
8,6,256.0,2.0,0.0,1,0.0519070100475,3.8358659148216248,73,876.0,True,analytical_hypothetical_hardware
8,6,256.0,2.0,0.0,2,0.0519070100475,3.8358659148216248,146,1752.0,True,analytical_hypothetical_hardware
8,6,256.0,2.0,0.0,4,0.0519070100475,3.8358659148216248,292,3504.0,True,analytical_hypothetical_hardware
8,6,256.0,2.0,0.25,1,0.0519070100475,3.995693661272526,76,912.0,True,analytical_hypothetical_hardware
8,6,256.0,2.0,0.25,2,0.0519070100475,3.995693661272526,152,1824.0,True,analytical_hypothetical_hardware
8,6,256.0,2.0,0.25,4,0.0519070100475,3.995693661272526,304,3648.0,True,analytical_hypothetical_hardware
8,6,256.0,2.0,0.5,1,0.0519070100475,4.155521407723427,80,960.0,True,analytical_hypothetical_hardware
8,6,256.0,2.0,0.5,2,0.0519070100475,4.155521407723427,160,1920.0,True,analytical_hypothetical_hardware
8,6,256.0,2.0,0.5,4,0.0519070100475,4.155521407723427,320,3840.0,True,analytical_hypothetical_hardware
8,6,256.0,2.0,1.0,1,0.0519070100475,4.475176900625229,86,1032.0,True,analytical_hypothetical_hardware
8,6,256.0,2.0,1.0,2,0.0519070100475,4.475176900625229,172,2064.0,True,analytical_hypothetical_hardware
8,6,256.0,2.0,1.0,4,0.0519070100475,4.475176900625229,344,4128.0,True,analytical_hypothetical_hardware
8,6,256.0,4.0,0.0,1,0.0519070100475,3.8358659148216248,73,876.0,True,analytical_hypothetical_hardware
8,6,256.0,4.0,0.0,2,0.0519070100475,3.8358659148216248,146,1752.0,True,analytical_hypothetical_hardware
8,6,256.0,4.0,0.0,4,0.0519070100475,3.8358659148216248,292,3504.0,True,analytical_hypothetical_hardware
8,6,256.0,4.0,0.25,1,0.0519070100475,3.995693661272526,76,912.0,True,analytical_hypothetical_hardware
8,6,256.0,4.0,0.25,2,0.0519070100475,3.995693661272526,152,1824.0,True,analytical_hypothetical_hardware
8,6,256.0,4.0,0.25,4,0.0519070100475,3.995693661272526,304,3648.0,True,analytical_hypothetical_hardware
8,6,256.0,4.0,0.5,1,0.0519070100475,4.155521407723427,80,960.0,True,analytical_hypothetical_hardware
8,6,256.0,4.0,0.5,2,0.0519070100475,4.155521407723427,160,1920.0,True,analytical_hypothetical_hardware
8,6,256.0,4.0,0.5,4,0.0519070100475,4.155521407723427,320,3840.0,True,analytical_hypothetical_hardware
8,6,256.0,4.0,1.0,1,0.0519070100475,4.475176900625229,86,1032.0,True,analytical_hypothetical_hardware
8,6,256.0,4.0,1.0,2,0.0519070100475,4.475176900625229,172,2064.0,True,analytical_hypothetical_hardware
8,6,256.0,4.0,1.0,4,0.0519070100475,4.475176900625229,344,4128.0,True,analytical_hypothetical_hardware
8,9,24.1354255944,1.0,0.0,1,0.5241011926861662,5.753798872232437,10,120.0,True,analytical_hypothetical_hardware
8,9,24.1354255944,1.0,0.0,2,0.5241011926861662,5.753798872232437,20,240.0,True,analytical_hypothetical_hardware
8,9,24.1354255944,1.0,0.0,4,0.5241011926861662,5.753798872232437,40,480.0,True,analytical_hypothetical_hardware
8,9,24.1354255944,1.0,0.25,1,0.5241011926861662,5.913626618683338,11,132.0,True,analytical_hypothetical_hardware
8,9,24.1354255944,1.0,0.25,2,0.5241011926861662,5.913626618683338,22,264.0,True,analytical_hypothetical_hardware
8,9,24.1354255944,1.0,0.25,4,0.5241011926861662,5.913626618683338,44,528.0,True,analytical_hypothetical_hardware
8,9,24.1354255944,1.0,0.5,1,0.5241011926861662,6.073454365134239,11,132.0,True,analytical_hypothetical_hardware
8,9,24.1354255944,1.0,0.5,2,0.5241011926861662,6.073454365134239,22,264.0,True,analytical_hypothetical_hardware
8,9,24.1354255944,1.0,0.5,4,0.5241011926861662,6.073454365134239,44,528.0,True,analytical_hypothetical_hardware
8,9,24.1354255944,1.0,1.0,1,0.5241011926861662,6.393109858036041,12,144.0,True,analytical_hypothetical_hardware
8,9,24.1354255944,1.0,1.0,2,0.5241011926861662,6.393109858036041,24,288.0,True,analytical_hypothetical_hardware
8,9,24.1354255944,1.0,1.0,4,0.5241011926861662,6.393109858036041,48,576.0,True,analytical_hypothetical_hardware
8,9,24.1354255944,1.5,0.0,1,0.5241011926861662,5.753798872232437,10,120.0,True,analytical_hypothetical_hardware
8,9,24.1354255944,1.5,0.0,2,0.5241011926861662,5.753798872232437,20,240.0,True,analytical_hypothetical_hardware
8,9,24.1354255944,1.5,0.0,4,0.5241011926861662,5.753798872232437,40,480.0,True,analytical_hypothetical_hardware
8,9,24.1354255944,1.5,0.25,1,0.5241011926861662,5.913626618683338,11,132.0,True,analytical_hypothetical_hardware
8,9,24.1354255944,1.5,0.25,2,0.5241011926861662,5.913626618683338,22,264.0,True,analytical_hypothetical_hardware
8,9,24.1354255944,1.5,0.25,4,0.5241011926861662,5.913626618683338,44,528.0,True,analytical_hypothetical_hardware
8,9,24.1354255944,1.5,0.5,1,0.5241011926861662,6.073454365134239,11,132.0,True,analytical_hypothetical_hardware
8,9,24.1354255944,1.5,0.5,2,0.5241011926861662,6.073454365134239,22,264.0,True,analytical_hypothetical_hardware
8,9,24.1354255944,1.5,0.5,4,0.5241011926861662,6.073454365134239,44,528.0,True,analytical_hypothetical_hardware
8,9,24.1354255944,1.5,1.0,1,0.5241011926861662,6.393109858036041,12,144.0,True,analytical_hypothetical_hardware
8,9,24.1354255944,1.5,1.0,2,0.5241011926861662,6.393109858036041,24,288.0,True,analytical_hypothetical_hardware
8,9,24.1354255944,1.5,1.0,4,0.5241011926861662,6.393109858036041,48,576.0,True,analytical_hypothetical_hardware
8,9,24.1354255944,2.0,0.0,1,0.5241011926861662,5.753798872232437,10,120.0,True,analytical_hypothetical_hardware
8,9,24.1354255944,2.0,0.0,2,0.5241011926861662,5.753798872232437,20,240.0,True,analytical_hypothetical_hardware
8,9,24.1354255944,2.0,0.0,4,0.5241011926861662,5.753798872232437,40,480.0,True,analytical_hypothetical_hardware
8,9,24.1354255944,2.0,0.25,1,0.5241011926861662,5.913626618683338,11,132.0,True,analytical_hypothetical_hardware
8,9,24.1354255944,2.0,0.25,2,0.5241011926861662,5.913626618683338,22,264.0,True,analytical_hypothetical_hardware
8,9,24.1354255944,2.0,0.25,4,0.5241011926861662,5.913626618683338,44,528.0,True,analytical_hypothetical_hardware
8,9,24.1354255944,2.0,0.5,1,0.5241011926861662,6.073454365134239,11,132.0,True,analytical_hypothetical_hardware
8,9,24.1354255944,2.0,0.5,2,0.5241011926861662,6.073454365134239,22,264.0,True,analytical_hypothetical_hardware
8,9,24.1354255944,2.0,0.5,4,0.5241011926861662,6.073454365134239,44,528.0,True,analytical_hypothetical_hardware
8,9,24.1354255944,2.0,1.0,1,0.5241011926861662,6.393109858036041,12,144.0,True,analytical_hypothetical_hardware
8,9,24.1354255944,2.0,1.0,2,0.5241011926861662,6.393109858036041,24,288.0,True,analytical_hypothetical_hardware
8,9,24.1354255944,2.0,1.0,4,0.5241011926861662,6.393109858036041,48,576.0,True,analytical_hypothetical_hardware
8,9,24.1354255944,4.0,0.0,1,0.5241011926861662,5.753798872232437,10,120.0,True,analytical_hypothetical_hardware
8,9,24.1354255944,4.0,0.0,2,0.5241011926861662,5.753798872232437,20,240.0,True,analytical_hypothetical_hardware
8,9,24.1354255944,4.0,0.0,4,0.5241011926861662,5.753798872232437,40,480.0,True,analytical_hypothetical_hardware
8,9,24.1354255944,4.0,0.25,1,0.5241011926861662,5.913626618683338,11,132.0,True,analytical_hypothetical_hardware
8,9,24.1354255944,4.0,0.25,2,0.5241011926861662,5.913626618683338,22,264.0,True,analytical_hypothetical_hardware
8,9,24.1354255944,4.0,0.25,4,0.5241011926861662,5.913626618683338,44,528.0,True,analytical_hypothetical_hardware
8,9,24.1354255944,4.0,0.5,1,0.5241011926861662,6.073454365134239,11,132.0,True,analytical_hypothetical_hardware
8,9,24.1354255944,4.0,0.5,2,0.5241011926861662,6.073454365134239,22,264.0,True,analytical_hypothetical_hardware
8,9,24.1354255944,4.0,0.5,4,0.5241011926861662,6.073454365134239,44,528.0,True,analytical_hypothetical_hardware
8,9,24.1354255944,4.0,1.0,1,0.5241011926861662,6.393109858036041,12,144.0,True,analytical_hypothetical_hardware
8,9,24.1354255944,4.0,1.0,2,0.5241011926861662,6.393109858036041,24,288.0,True,analytical_hypothetical_hardware
8,9,24.1354255944,4.0,1.0,4,0.5241011926861662,6.393109858036041,48,576.0,True,analytical_hypothetical_hardware
8,9,64.0,1.0,0.0,1,0.1993630100475,5.753798872232437,28,336.0,True,analytical_hypothetical_hardware
8,9,64.0,1.0,0.0,2,0.1993630100475,5.753798872232437,56,672.0,True,analytical_hypothetical_hardware
8,9,64.0,1.0,0.0,4,0.1993630100475,5.753798872232437,112,1344.0,True,analytical_hypothetical_hardware
8,9,64.0,1.0,0.25,1,0.1993630100475,5.913626618683338,29,348.0,True,analytical_hypothetical_hardware
8,9,64.0,1.0,0.25,2,0.1993630100475,5.913626618683338,58,696.0,True,analytical_hypothetical_hardware
8,9,64.0,1.0,0.25,4,0.1993630100475,5.913626618683338,116,1392.0,True,analytical_hypothetical_hardware
8,9,64.0,1.0,0.5,1,0.1993630100475,6.073454365134239,30,360.0,True,analytical_hypothetical_hardware
8,9,64.0,1.0,0.5,2,0.1993630100475,6.073454365134239,60,720.0,True,analytical_hypothetical_hardware
8,9,64.0,1.0,0.5,4,0.1993630100475,6.073454365134239,120,1440.0,True,analytical_hypothetical_hardware
8,9,64.0,1.0,1.0,1,0.1993630100475,6.393109858036041,32,384.0,True,analytical_hypothetical_hardware
8,9,64.0,1.0,1.0,2,0.1993630100475,6.393109858036041,64,768.0,True,analytical_hypothetical_hardware
8,9,64.0,1.0,1.0,4,0.1993630100475,6.393109858036041,128,1536.0,True,analytical_hypothetical_hardware
8,9,64.0,1.5,0.0,1,0.1993630100475,5.753798872232437,28,336.0,True,analytical_hypothetical_hardware
8,9,64.0,1.5,0.0,2,0.1993630100475,5.753798872232437,56,672.0,True,analytical_hypothetical_hardware
8,9,64.0,1.5,0.0,4,0.1993630100475,5.753798872232437,112,1344.0,True,analytical_hypothetical_hardware
8,9,64.0,1.5,0.25,1,0.1993630100475,5.913626618683338,29,348.0,True,analytical_hypothetical_hardware
8,9,64.0,1.5,0.25,2,0.1993630100475,5.913626618683338,58,696.0,True,analytical_hypothetical_hardware
8,9,64.0,1.5,0.25,4,0.1993630100475,5.913626618683338,116,1392.0,True,analytical_hypothetical_hardware
8,9,64.0,1.5,0.5,1,0.1993630100475,6.073454365134239,30,360.0,True,analytical_hypothetical_hardware
8,9,64.0,1.5,0.5,2,0.1993630100475,6.073454365134239,60,720.0,True,analytical_hypothetical_hardware
8,9,64.0,1.5,0.5,4,0.1993630100475,6.073454365134239,120,1440.0,True,analytical_hypothetical_hardware
8,9,64.0,1.5,1.0,1,0.1993630100475,6.393109858036041,32,384.0,True,analytical_hypothetical_hardware
8,9,64.0,1.5,1.0,2,0.1993630100475,6.393109858036041,64,768.0,True,analytical_hypothetical_hardware
8,9,64.0,1.5,1.0,4,0.1993630100475,6.393109858036041,128,1536.0,True,analytical_hypothetical_hardware
8,9,64.0,2.0,0.0,1,0.1993630100475,5.753798872232437,28,336.0,True,analytical_hypothetical_hardware
8,9,64.0,2.0,0.0,2,0.1993630100475,5.753798872232437,56,672.0,True,analytical_hypothetical_hardware
8,9,64.0,2.0,0.0,4,0.1993630100475,5.753798872232437,112,1344.0,True,analytical_hypothetical_hardware
8,9,64.0,2.0,0.25,1,0.1993630100475,5.913626618683338,29,348.0,True,analytical_hypothetical_hardware
8,9,64.0,2.0,0.25,2,0.1993630100475,5.913626618683338,58,696.0,True,analytical_hypothetical_hardware
8,9,64.0,2.0,0.25,4,0.1993630100475,5.913626618683338,116,1392.0,True,analytical_hypothetical_hardware
8,9,64.0,2.0,0.5,1,0.1993630100475,6.073454365134239,30,360.0,True,analytical_hypothetical_hardware
8,9,64.0,2.0,0.5,2,0.1993630100475,6.073454365134239,60,720.0,True,analytical_hypothetical_hardware
8,9,64.0,2.0,0.5,4,0.1993630100475,6.073454365134239,120,1440.0,True,analytical_hypothetical_hardware
8,9,64.0,2.0,1.0,1,0.1993630100475,6.393109858036041,32,384.0,True,analytical_hypothetical_hardware
8,9,64.0,2.0,1.0,2,0.1993630100475,6.393109858036041,64,768.0,True,analytical_hypothetical_hardware
8,9,64.0,2.0,1.0,4,0.1993630100475,6.393109858036041,128,1536.0,True,analytical_hypothetical_hardware
8,9,64.0,4.0,0.0,1,0.1993630100475,5.753798872232437,28,336.0,True,analytical_hypothetical_hardware
8,9,64.0,4.0,0.0,2,0.1993630100475,5.753798872232437,56,672.0,True,analytical_hypothetical_hardware
8,9,64.0,4.0,0.0,4,0.1993630100475,5.753798872232437,112,1344.0,True,analytical_hypothetical_hardware
8,9,64.0,4.0,0.25,1,0.1993630100475,5.913626618683338,29,348.0,True,analytical_hypothetical_hardware
8,9,64.0,4.0,0.25,2,0.1993630100475,5.913626618683338,58,696.0,True,analytical_hypothetical_hardware
8,9,64.0,4.0,0.25,4,0.1993630100475,5.913626618683338,116,1392.0,True,analytical_hypothetical_hardware
8,9,64.0,4.0,0.5,1,0.1993630100475,6.073454365134239,30,360.0,True,analytical_hypothetical_hardware
8,9,64.0,4.0,0.5,2,0.1993630100475,6.073454365134239,60,720.0,True,analytical_hypothetical_hardware
8,9,64.0,4.0,0.5,4,0.1993630100475,6.073454365134239,120,1440.0,True,analytical_hypothetical_hardware
8,9,64.0,4.0,1.0,1,0.1993630100475,6.393109858036041,32,384.0,True,analytical_hypothetical_hardware
8,9,64.0,4.0,1.0,2,0.1993630100475,6.393109858036041,64,768.0,True,analytical_hypothetical_hardware
8,9,64.0,4.0,1.0,4,0.1993630100475,6.393109858036041,128,1536.0,True,analytical_hypothetical_hardware
8,9,128.0,1.0,0.0,1,0.10105901004750001,5.753798872232437,56,672.0,True,analytical_hypothetical_hardware
8,9,128.0,1.0,0.0,2,0.10105901004750001,5.753798872232437,112,1344.0,True,analytical_hypothetical_hardware
8,9,128.0,1.0,0.0,4,0.10105901004750001,5.753798872232437,224,2688.0,True,analytical_hypothetical_hardware
8,9,128.0,1.0,0.25,1,0.10105901004750001,5.913626618683338,58,696.0,True,analytical_hypothetical_hardware
8,9,128.0,1.0,0.25,2,0.10105901004750001,5.913626618683338,116,1392.0,True,analytical_hypothetical_hardware
8,9,128.0,1.0,0.25,4,0.10105901004750001,5.913626618683338,232,2784.0,True,analytical_hypothetical_hardware
8,9,128.0,1.0,0.5,1,0.10105901004750001,6.073454365134239,60,720.0,True,analytical_hypothetical_hardware
8,9,128.0,1.0,0.5,2,0.10105901004750001,6.073454365134239,120,1440.0,True,analytical_hypothetical_hardware
8,9,128.0,1.0,0.5,4,0.10105901004750001,6.073454365134239,240,2880.0,True,analytical_hypothetical_hardware
8,9,128.0,1.0,1.0,1,0.10105901004750001,6.393109858036041,63,756.0,True,analytical_hypothetical_hardware
8,9,128.0,1.0,1.0,2,0.10105901004750001,6.393109858036041,126,1512.0,True,analytical_hypothetical_hardware
8,9,128.0,1.0,1.0,4,0.10105901004750001,6.393109858036041,252,3024.0,True,analytical_hypothetical_hardware
8,9,128.0,1.5,0.0,1,0.10105901004750001,5.753798872232437,56,672.0,True,analytical_hypothetical_hardware
8,9,128.0,1.5,0.0,2,0.10105901004750001,5.753798872232437,112,1344.0,True,analytical_hypothetical_hardware
8,9,128.0,1.5,0.0,4,0.10105901004750001,5.753798872232437,224,2688.0,True,analytical_hypothetical_hardware
8,9,128.0,1.5,0.25,1,0.10105901004750001,5.913626618683338,58,696.0,True,analytical_hypothetical_hardware
8,9,128.0,1.5,0.25,2,0.10105901004750001,5.913626618683338,116,1392.0,True,analytical_hypothetical_hardware
8,9,128.0,1.5,0.25,4,0.10105901004750001,5.913626618683338,232,2784.0,True,analytical_hypothetical_hardware
8,9,128.0,1.5,0.5,1,0.10105901004750001,6.073454365134239,60,720.0,True,analytical_hypothetical_hardware
8,9,128.0,1.5,0.5,2,0.10105901004750001,6.073454365134239,120,1440.0,True,analytical_hypothetical_hardware
8,9,128.0,1.5,0.5,4,0.10105901004750001,6.073454365134239,240,2880.0,True,analytical_hypothetical_hardware
8,9,128.0,1.5,1.0,1,0.10105901004750001,6.393109858036041,63,756.0,True,analytical_hypothetical_hardware
8,9,128.0,1.5,1.0,2,0.10105901004750001,6.393109858036041,126,1512.0,True,analytical_hypothetical_hardware
8,9,128.0,1.5,1.0,4,0.10105901004750001,6.393109858036041,252,3024.0,True,analytical_hypothetical_hardware
8,9,128.0,2.0,0.0,1,0.10105901004750001,5.753798872232437,56,672.0,True,analytical_hypothetical_hardware
8,9,128.0,2.0,0.0,2,0.10105901004750001,5.753798872232437,112,1344.0,True,analytical_hypothetical_hardware
8,9,128.0,2.0,0.0,4,0.10105901004750001,5.753798872232437,224,2688.0,True,analytical_hypothetical_hardware
8,9,128.0,2.0,0.25,1,0.10105901004750001,5.913626618683338,58,696.0,True,analytical_hypothetical_hardware
8,9,128.0,2.0,0.25,2,0.10105901004750001,5.913626618683338,116,1392.0,True,analytical_hypothetical_hardware
8,9,128.0,2.0,0.25,4,0.10105901004750001,5.913626618683338,232,2784.0,True,analytical_hypothetical_hardware
8,9,128.0,2.0,0.5,1,0.10105901004750001,6.073454365134239,60,720.0,True,analytical_hypothetical_hardware
8,9,128.0,2.0,0.5,2,0.10105901004750001,6.073454365134239,120,1440.0,True,analytical_hypothetical_hardware
8,9,128.0,2.0,0.5,4,0.10105901004750001,6.073454365134239,240,2880.0,True,analytical_hypothetical_hardware
8,9,128.0,2.0,1.0,1,0.10105901004750001,6.393109858036041,63,756.0,True,analytical_hypothetical_hardware
8,9,128.0,2.0,1.0,2,0.10105901004750001,6.393109858036041,126,1512.0,True,analytical_hypothetical_hardware
8,9,128.0,2.0,1.0,4,0.10105901004750001,6.393109858036041,252,3024.0,True,analytical_hypothetical_hardware
8,9,128.0,4.0,0.0,1,0.10105901004750001,5.753798872232437,56,672.0,True,analytical_hypothetical_hardware
8,9,128.0,4.0,0.0,2,0.10105901004750001,5.753798872232437,112,1344.0,True,analytical_hypothetical_hardware
8,9,128.0,4.0,0.0,4,0.10105901004750001,5.753798872232437,224,2688.0,True,analytical_hypothetical_hardware
8,9,128.0,4.0,0.25,1,0.10105901004750001,5.913626618683338,58,696.0,True,analytical_hypothetical_hardware
8,9,128.0,4.0,0.25,2,0.10105901004750001,5.913626618683338,116,1392.0,True,analytical_hypothetical_hardware
8,9,128.0,4.0,0.25,4,0.10105901004750001,5.913626618683338,232,2784.0,True,analytical_hypothetical_hardware
8,9,128.0,4.0,0.5,1,0.10105901004750001,6.073454365134239,60,720.0,True,analytical_hypothetical_hardware
8,9,128.0,4.0,0.5,2,0.10105901004750001,6.073454365134239,120,1440.0,True,analytical_hypothetical_hardware
8,9,128.0,4.0,0.5,4,0.10105901004750001,6.073454365134239,240,2880.0,True,analytical_hypothetical_hardware
8,9,128.0,4.0,1.0,1,0.10105901004750001,6.393109858036041,63,756.0,True,analytical_hypothetical_hardware
8,9,128.0,4.0,1.0,2,0.10105901004750001,6.393109858036041,126,1512.0,True,analytical_hypothetical_hardware
8,9,128.0,4.0,1.0,4,0.10105901004750001,6.393109858036041,252,3024.0,True,analytical_hypothetical_hardware
8,9,256.0,1.0,0.0,1,0.0519070100475,5.753798872232437,110,1320.0,True,analytical_hypothetical_hardware
8,9,256.0,1.0,0.0,2,0.0519070100475,5.753798872232437,220,2640.0,True,analytical_hypothetical_hardware
8,9,256.0,1.0,0.0,4,0.0519070100475,5.753798872232437,440,5280.0,True,analytical_hypothetical_hardware
8,9,256.0,1.0,0.25,1,0.0519070100475,5.913626618683338,113,1356.0,True,analytical_hypothetical_hardware
8,9,256.0,1.0,0.25,2,0.0519070100475,5.913626618683338,226,2712.0,True,analytical_hypothetical_hardware
8,9,256.0,1.0,0.25,4,0.0519070100475,5.913626618683338,452,5424.0,True,analytical_hypothetical_hardware
8,9,256.0,1.0,0.5,1,0.0519070100475,6.073454365134239,117,1404.0,True,analytical_hypothetical_hardware
8,9,256.0,1.0,0.5,2,0.0519070100475,6.073454365134239,234,2808.0,True,analytical_hypothetical_hardware
8,9,256.0,1.0,0.5,4,0.0519070100475,6.073454365134239,468,5616.0,True,analytical_hypothetical_hardware
8,9,256.0,1.0,1.0,1,0.0519070100475,6.393109858036041,123,1476.0,True,analytical_hypothetical_hardware
8,9,256.0,1.0,1.0,2,0.0519070100475,6.393109858036041,246,2952.0,True,analytical_hypothetical_hardware
8,9,256.0,1.0,1.0,4,0.0519070100475,6.393109858036041,492,5904.0,True,analytical_hypothetical_hardware
8,9,256.0,1.5,0.0,1,0.0519070100475,5.753798872232437,110,1320.0,True,analytical_hypothetical_hardware
8,9,256.0,1.5,0.0,2,0.0519070100475,5.753798872232437,220,2640.0,True,analytical_hypothetical_hardware
8,9,256.0,1.5,0.0,4,0.0519070100475,5.753798872232437,440,5280.0,True,analytical_hypothetical_hardware
8,9,256.0,1.5,0.25,1,0.0519070100475,5.913626618683338,113,1356.0,True,analytical_hypothetical_hardware
8,9,256.0,1.5,0.25,2,0.0519070100475,5.913626618683338,226,2712.0,True,analytical_hypothetical_hardware
8,9,256.0,1.5,0.25,4,0.0519070100475,5.913626618683338,452,5424.0,True,analytical_hypothetical_hardware
8,9,256.0,1.5,0.5,1,0.0519070100475,6.073454365134239,117,1404.0,True,analytical_hypothetical_hardware
8,9,256.0,1.5,0.5,2,0.0519070100475,6.073454365134239,234,2808.0,True,analytical_hypothetical_hardware
8,9,256.0,1.5,0.5,4,0.0519070100475,6.073454365134239,468,5616.0,True,analytical_hypothetical_hardware
8,9,256.0,1.5,1.0,1,0.0519070100475,6.393109858036041,123,1476.0,True,analytical_hypothetical_hardware
8,9,256.0,1.5,1.0,2,0.0519070100475,6.393109858036041,246,2952.0,True,analytical_hypothetical_hardware
8,9,256.0,1.5,1.0,4,0.0519070100475,6.393109858036041,492,5904.0,True,analytical_hypothetical_hardware
8,9,256.0,2.0,0.0,1,0.0519070100475,5.753798872232437,110,1320.0,True,analytical_hypothetical_hardware
8,9,256.0,2.0,0.0,2,0.0519070100475,5.753798872232437,220,2640.0,True,analytical_hypothetical_hardware
8,9,256.0,2.0,0.0,4,0.0519070100475,5.753798872232437,440,5280.0,True,analytical_hypothetical_hardware
8,9,256.0,2.0,0.25,1,0.0519070100475,5.913626618683338,113,1356.0,True,analytical_hypothetical_hardware
8,9,256.0,2.0,0.25,2,0.0519070100475,5.913626618683338,226,2712.0,True,analytical_hypothetical_hardware
8,9,256.0,2.0,0.25,4,0.0519070100475,5.913626618683338,452,5424.0,True,analytical_hypothetical_hardware
8,9,256.0,2.0,0.5,1,0.0519070100475,6.073454365134239,117,1404.0,True,analytical_hypothetical_hardware
8,9,256.0,2.0,0.5,2,0.0519070100475,6.073454365134239,234,2808.0,True,analytical_hypothetical_hardware
8,9,256.0,2.0,0.5,4,0.0519070100475,6.073454365134239,468,5616.0,True,analytical_hypothetical_hardware
8,9,256.0,2.0,1.0,1,0.0519070100475,6.393109858036041,123,1476.0,True,analytical_hypothetical_hardware
8,9,256.0,2.0,1.0,2,0.0519070100475,6.393109858036041,246,2952.0,True,analytical_hypothetical_hardware
8,9,256.0,2.0,1.0,4,0.0519070100475,6.393109858036041,492,5904.0,True,analytical_hypothetical_hardware
8,9,256.0,4.0,0.0,1,0.0519070100475,5.753798872232437,110,1320.0,True,analytical_hypothetical_hardware
8,9,256.0,4.0,0.0,2,0.0519070100475,5.753798872232437,220,2640.0,True,analytical_hypothetical_hardware
8,9,256.0,4.0,0.0,4,0.0519070100475,5.753798872232437,440,5280.0,True,analytical_hypothetical_hardware
8,9,256.0,4.0,0.25,1,0.0519070100475,5.913626618683338,113,1356.0,True,analytical_hypothetical_hardware
8,9,256.0,4.0,0.25,2,0.0519070100475,5.913626618683338,226,2712.0,True,analytical_hypothetical_hardware
8,9,256.0,4.0,0.25,4,0.0519070100475,5.913626618683338,452,5424.0,True,analytical_hypothetical_hardware
8,9,256.0,4.0,0.5,1,0.0519070100475,6.073454365134239,117,1404.0,True,analytical_hypothetical_hardware
8,9,256.0,4.0,0.5,2,0.0519070100475,6.073454365134239,234,2808.0,True,analytical_hypothetical_hardware
8,9,256.0,4.0,0.5,4,0.0519070100475,6.073454365134239,468,5616.0,True,analytical_hypothetical_hardware
8,9,256.0,4.0,1.0,1,0.0519070100475,6.393109858036041,123,1476.0,True,analytical_hypothetical_hardware
8,9,256.0,4.0,1.0,2,0.0519070100475,6.393109858036041,246,2952.0,True,analytical_hypothetical_hardware
8,9,256.0,4.0,1.0,4,0.0519070100475,6.393109858036041,492,5904.0,True,analytical_hypothetical_hardware
16,1,24.1354255944,1.0,0.0,1,0.5241011926861662,0.6393109858036041,1,12.0,True,analytical_hypothetical_hardware
16,1,24.1354255944,1.0,0.0,2,0.5241011926861662,0.6393109858036041,2,24.0,True,analytical_hypothetical_hardware
16,1,24.1354255944,1.0,0.0,4,0.5241011926861662,0.6393109858036041,4,48.0,True,analytical_hypothetical_hardware
16,1,24.1354255944,1.0,0.25,1,0.5241011926861662,0.7991387322545052,1,12.0,True,analytical_hypothetical_hardware
16,1,24.1354255944,1.0,0.25,2,0.5241011926861662,0.7991387322545052,2,24.0,True,analytical_hypothetical_hardware
16,1,24.1354255944,1.0,0.25,4,0.5241011926861662,0.7991387322545052,4,48.0,True,analytical_hypothetical_hardware
16,1,24.1354255944,1.0,0.5,1,0.5241011926861662,0.9589664787054062,1,12.0,True,analytical_hypothetical_hardware
16,1,24.1354255944,1.0,0.5,2,0.5241011926861662,0.9589664787054062,2,24.0,True,analytical_hypothetical_hardware
16,1,24.1354255944,1.0,0.5,4,0.5241011926861662,0.9589664787054062,4,48.0,True,analytical_hypothetical_hardware
16,1,24.1354255944,1.0,1.0,1,0.5241011926861662,1.2786219716072083,2,24.0,True,analytical_hypothetical_hardware
16,1,24.1354255944,1.0,1.0,2,0.5241011926861662,1.2786219716072083,4,48.0,True,analytical_hypothetical_hardware
16,1,24.1354255944,1.0,1.0,4,0.5241011926861662,1.2786219716072083,8,96.0,True,analytical_hypothetical_hardware
16,1,24.1354255944,1.5,0.0,1,0.5241011926861662,0.6393109858036041,1,12.0,True,analytical_hypothetical_hardware
16,1,24.1354255944,1.5,0.0,2,0.5241011926861662,0.6393109858036041,2,24.0,True,analytical_hypothetical_hardware
16,1,24.1354255944,1.5,0.0,4,0.5241011926861662,0.6393109858036041,4,48.0,True,analytical_hypothetical_hardware
16,1,24.1354255944,1.5,0.25,1,0.5241011926861662,0.7991387322545052,1,12.0,True,analytical_hypothetical_hardware
16,1,24.1354255944,1.5,0.25,2,0.5241011926861662,0.7991387322545052,2,24.0,True,analytical_hypothetical_hardware
16,1,24.1354255944,1.5,0.25,4,0.5241011926861662,0.7991387322545052,4,48.0,True,analytical_hypothetical_hardware
16,1,24.1354255944,1.5,0.5,1,0.5241011926861662,0.9589664787054062,1,12.0,True,analytical_hypothetical_hardware
16,1,24.1354255944,1.5,0.5,2,0.5241011926861662,0.9589664787054062,2,24.0,True,analytical_hypothetical_hardware
16,1,24.1354255944,1.5,0.5,4,0.5241011926861662,0.9589664787054062,4,48.0,True,analytical_hypothetical_hardware
16,1,24.1354255944,1.5,1.0,1,0.5241011926861662,1.2786219716072083,2,24.0,True,analytical_hypothetical_hardware
16,1,24.1354255944,1.5,1.0,2,0.5241011926861662,1.2786219716072083,4,48.0,True,analytical_hypothetical_hardware
16,1,24.1354255944,1.5,1.0,4,0.5241011926861662,1.2786219716072083,8,96.0,True,analytical_hypothetical_hardware
16,1,24.1354255944,2.0,0.0,1,0.5241011926861662,0.6393109858036041,1,12.0,True,analytical_hypothetical_hardware
16,1,24.1354255944,2.0,0.0,2,0.5241011926861662,0.6393109858036041,2,24.0,True,analytical_hypothetical_hardware
16,1,24.1354255944,2.0,0.0,4,0.5241011926861662,0.6393109858036041,4,48.0,True,analytical_hypothetical_hardware
16,1,24.1354255944,2.0,0.25,1,0.5241011926861662,0.7991387322545052,1,12.0,True,analytical_hypothetical_hardware
16,1,24.1354255944,2.0,0.25,2,0.5241011926861662,0.7991387322545052,2,24.0,True,analytical_hypothetical_hardware
16,1,24.1354255944,2.0,0.25,4,0.5241011926861662,0.7991387322545052,4,48.0,True,analytical_hypothetical_hardware
16,1,24.1354255944,2.0,0.5,1,0.5241011926861662,0.9589664787054062,1,12.0,True,analytical_hypothetical_hardware
16,1,24.1354255944,2.0,0.5,2,0.5241011926861662,0.9589664787054062,2,24.0,True,analytical_hypothetical_hardware
16,1,24.1354255944,2.0,0.5,4,0.5241011926861662,0.9589664787054062,4,48.0,True,analytical_hypothetical_hardware
16,1,24.1354255944,2.0,1.0,1,0.5241011926861662,1.2786219716072083,2,24.0,True,analytical_hypothetical_hardware
16,1,24.1354255944,2.0,1.0,2,0.5241011926861662,1.2786219716072083,4,48.0,True,analytical_hypothetical_hardware
16,1,24.1354255944,2.0,1.0,4,0.5241011926861662,1.2786219716072083,8,96.0,True,analytical_hypothetical_hardware
16,1,24.1354255944,4.0,0.0,1,0.5241011926861662,0.6393109858036041,1,12.0,True,analytical_hypothetical_hardware
16,1,24.1354255944,4.0,0.0,2,0.5241011926861662,0.6393109858036041,2,24.0,True,analytical_hypothetical_hardware
16,1,24.1354255944,4.0,0.0,4,0.5241011926861662,0.6393109858036041,4,48.0,True,analytical_hypothetical_hardware
16,1,24.1354255944,4.0,0.25,1,0.5241011926861662,0.7991387322545052,1,12.0,True,analytical_hypothetical_hardware
16,1,24.1354255944,4.0,0.25,2,0.5241011926861662,0.7991387322545052,2,24.0,True,analytical_hypothetical_hardware
16,1,24.1354255944,4.0,0.25,4,0.5241011926861662,0.7991387322545052,4,48.0,True,analytical_hypothetical_hardware
16,1,24.1354255944,4.0,0.5,1,0.5241011926861662,0.9589664787054062,1,12.0,True,analytical_hypothetical_hardware
16,1,24.1354255944,4.0,0.5,2,0.5241011926861662,0.9589664787054062,2,24.0,True,analytical_hypothetical_hardware
16,1,24.1354255944,4.0,0.5,4,0.5241011926861662,0.9589664787054062,4,48.0,True,analytical_hypothetical_hardware
16,1,24.1354255944,4.0,1.0,1,0.5241011926861662,1.2786219716072083,2,24.0,True,analytical_hypothetical_hardware
16,1,24.1354255944,4.0,1.0,2,0.5241011926861662,1.2786219716072083,4,48.0,True,analytical_hypothetical_hardware
16,1,24.1354255944,4.0,1.0,4,0.5241011926861662,1.2786219716072083,8,96.0,True,analytical_hypothetical_hardware
16,1,64.0,1.0,0.0,1,0.1993630100475,0.6393109858036041,3,36.0,True,analytical_hypothetical_hardware
16,1,64.0,1.0,0.0,2,0.1993630100475,0.6393109858036041,6,72.0,True,analytical_hypothetical_hardware
16,1,64.0,1.0,0.0,4,0.1993630100475,0.6393109858036041,12,144.0,True,analytical_hypothetical_hardware
16,1,64.0,1.0,0.25,1,0.1993630100475,0.7991387322545052,4,48.0,True,analytical_hypothetical_hardware
16,1,64.0,1.0,0.25,2,0.1993630100475,0.7991387322545052,8,96.0,True,analytical_hypothetical_hardware
16,1,64.0,1.0,0.25,4,0.1993630100475,0.7991387322545052,16,192.0,True,analytical_hypothetical_hardware
16,1,64.0,1.0,0.5,1,0.1993630100475,0.9589664787054062,4,48.0,True,analytical_hypothetical_hardware
16,1,64.0,1.0,0.5,2,0.1993630100475,0.9589664787054062,8,96.0,True,analytical_hypothetical_hardware
16,1,64.0,1.0,0.5,4,0.1993630100475,0.9589664787054062,16,192.0,True,analytical_hypothetical_hardware
16,1,64.0,1.0,1.0,1,0.1993630100475,1.2786219716072083,6,72.0,True,analytical_hypothetical_hardware
16,1,64.0,1.0,1.0,2,0.1993630100475,1.2786219716072083,12,144.0,True,analytical_hypothetical_hardware
16,1,64.0,1.0,1.0,4,0.1993630100475,1.2786219716072083,24,288.0,True,analytical_hypothetical_hardware
16,1,64.0,1.5,0.0,1,0.1993630100475,0.6393109858036041,3,36.0,True,analytical_hypothetical_hardware
16,1,64.0,1.5,0.0,2,0.1993630100475,0.6393109858036041,6,72.0,True,analytical_hypothetical_hardware
16,1,64.0,1.5,0.0,4,0.1993630100475,0.6393109858036041,12,144.0,True,analytical_hypothetical_hardware
16,1,64.0,1.5,0.25,1,0.1993630100475,0.7991387322545052,4,48.0,True,analytical_hypothetical_hardware
16,1,64.0,1.5,0.25,2,0.1993630100475,0.7991387322545052,8,96.0,True,analytical_hypothetical_hardware
16,1,64.0,1.5,0.25,4,0.1993630100475,0.7991387322545052,16,192.0,True,analytical_hypothetical_hardware
16,1,64.0,1.5,0.5,1,0.1993630100475,0.9589664787054062,4,48.0,True,analytical_hypothetical_hardware
16,1,64.0,1.5,0.5,2,0.1993630100475,0.9589664787054062,8,96.0,True,analytical_hypothetical_hardware
16,1,64.0,1.5,0.5,4,0.1993630100475,0.9589664787054062,16,192.0,True,analytical_hypothetical_hardware
16,1,64.0,1.5,1.0,1,0.1993630100475,1.2786219716072083,6,72.0,True,analytical_hypothetical_hardware
16,1,64.0,1.5,1.0,2,0.1993630100475,1.2786219716072083,12,144.0,True,analytical_hypothetical_hardware
16,1,64.0,1.5,1.0,4,0.1993630100475,1.2786219716072083,24,288.0,True,analytical_hypothetical_hardware
16,1,64.0,2.0,0.0,1,0.1993630100475,0.6393109858036041,3,36.0,True,analytical_hypothetical_hardware
16,1,64.0,2.0,0.0,2,0.1993630100475,0.6393109858036041,6,72.0,True,analytical_hypothetical_hardware
16,1,64.0,2.0,0.0,4,0.1993630100475,0.6393109858036041,12,144.0,True,analytical_hypothetical_hardware
16,1,64.0,2.0,0.25,1,0.1993630100475,0.7991387322545052,4,48.0,True,analytical_hypothetical_hardware
16,1,64.0,2.0,0.25,2,0.1993630100475,0.7991387322545052,8,96.0,True,analytical_hypothetical_hardware
16,1,64.0,2.0,0.25,4,0.1993630100475,0.7991387322545052,16,192.0,True,analytical_hypothetical_hardware
16,1,64.0,2.0,0.5,1,0.1993630100475,0.9589664787054062,4,48.0,True,analytical_hypothetical_hardware
16,1,64.0,2.0,0.5,2,0.1993630100475,0.9589664787054062,8,96.0,True,analytical_hypothetical_hardware
16,1,64.0,2.0,0.5,4,0.1993630100475,0.9589664787054062,16,192.0,True,analytical_hypothetical_hardware
16,1,64.0,2.0,1.0,1,0.1993630100475,1.2786219716072083,6,72.0,True,analytical_hypothetical_hardware
16,1,64.0,2.0,1.0,2,0.1993630100475,1.2786219716072083,12,144.0,True,analytical_hypothetical_hardware
16,1,64.0,2.0,1.0,4,0.1993630100475,1.2786219716072083,24,288.0,True,analytical_hypothetical_hardware
16,1,64.0,4.0,0.0,1,0.1993630100475,0.6393109858036041,3,36.0,True,analytical_hypothetical_hardware
16,1,64.0,4.0,0.0,2,0.1993630100475,0.6393109858036041,6,72.0,True,analytical_hypothetical_hardware
16,1,64.0,4.0,0.0,4,0.1993630100475,0.6393109858036041,12,144.0,True,analytical_hypothetical_hardware
16,1,64.0,4.0,0.25,1,0.1993630100475,0.7991387322545052,4,48.0,True,analytical_hypothetical_hardware
16,1,64.0,4.0,0.25,2,0.1993630100475,0.7991387322545052,8,96.0,True,analytical_hypothetical_hardware
16,1,64.0,4.0,0.25,4,0.1993630100475,0.7991387322545052,16,192.0,True,analytical_hypothetical_hardware
16,1,64.0,4.0,0.5,1,0.1993630100475,0.9589664787054062,4,48.0,True,analytical_hypothetical_hardware
16,1,64.0,4.0,0.5,2,0.1993630100475,0.9589664787054062,8,96.0,True,analytical_hypothetical_hardware
16,1,64.0,4.0,0.5,4,0.1993630100475,0.9589664787054062,16,192.0,True,analytical_hypothetical_hardware
16,1,64.0,4.0,1.0,1,0.1993630100475,1.2786219716072083,6,72.0,True,analytical_hypothetical_hardware
16,1,64.0,4.0,1.0,2,0.1993630100475,1.2786219716072083,12,144.0,True,analytical_hypothetical_hardware
16,1,64.0,4.0,1.0,4,0.1993630100475,1.2786219716072083,24,288.0,True,analytical_hypothetical_hardware
16,1,128.0,1.0,0.0,1,0.10105901004750001,0.6393109858036041,6,72.0,True,analytical_hypothetical_hardware
16,1,128.0,1.0,0.0,2,0.10105901004750001,0.6393109858036041,12,144.0,True,analytical_hypothetical_hardware
16,1,128.0,1.0,0.0,4,0.10105901004750001,0.6393109858036041,24,288.0,True,analytical_hypothetical_hardware
16,1,128.0,1.0,0.25,1,0.10105901004750001,0.7991387322545052,7,84.0,True,analytical_hypothetical_hardware
16,1,128.0,1.0,0.25,2,0.10105901004750001,0.7991387322545052,14,168.0,True,analytical_hypothetical_hardware
16,1,128.0,1.0,0.25,4,0.10105901004750001,0.7991387322545052,28,336.0,True,analytical_hypothetical_hardware
16,1,128.0,1.0,0.5,1,0.10105901004750001,0.9589664787054062,9,108.0,True,analytical_hypothetical_hardware
16,1,128.0,1.0,0.5,2,0.10105901004750001,0.9589664787054062,18,216.0,True,analytical_hypothetical_hardware
16,1,128.0,1.0,0.5,4,0.10105901004750001,0.9589664787054062,36,432.0,True,analytical_hypothetical_hardware
16,1,128.0,1.0,1.0,1,0.10105901004750001,1.2786219716072083,12,144.0,True,analytical_hypothetical_hardware
16,1,128.0,1.0,1.0,2,0.10105901004750001,1.2786219716072083,24,288.0,True,analytical_hypothetical_hardware
16,1,128.0,1.0,1.0,4,0.10105901004750001,1.2786219716072083,48,576.0,True,analytical_hypothetical_hardware
16,1,128.0,1.5,0.0,1,0.10105901004750001,0.6393109858036041,6,72.0,True,analytical_hypothetical_hardware
16,1,128.0,1.5,0.0,2,0.10105901004750001,0.6393109858036041,12,144.0,True,analytical_hypothetical_hardware
16,1,128.0,1.5,0.0,4,0.10105901004750001,0.6393109858036041,24,288.0,True,analytical_hypothetical_hardware
16,1,128.0,1.5,0.25,1,0.10105901004750001,0.7991387322545052,7,84.0,True,analytical_hypothetical_hardware
16,1,128.0,1.5,0.25,2,0.10105901004750001,0.7991387322545052,14,168.0,True,analytical_hypothetical_hardware
16,1,128.0,1.5,0.25,4,0.10105901004750001,0.7991387322545052,28,336.0,True,analytical_hypothetical_hardware
16,1,128.0,1.5,0.5,1,0.10105901004750001,0.9589664787054062,9,108.0,True,analytical_hypothetical_hardware
16,1,128.0,1.5,0.5,2,0.10105901004750001,0.9589664787054062,18,216.0,True,analytical_hypothetical_hardware
16,1,128.0,1.5,0.5,4,0.10105901004750001,0.9589664787054062,36,432.0,True,analytical_hypothetical_hardware
16,1,128.0,1.5,1.0,1,0.10105901004750001,1.2786219716072083,12,144.0,True,analytical_hypothetical_hardware
16,1,128.0,1.5,1.0,2,0.10105901004750001,1.2786219716072083,24,288.0,True,analytical_hypothetical_hardware
16,1,128.0,1.5,1.0,4,0.10105901004750001,1.2786219716072083,48,576.0,True,analytical_hypothetical_hardware
16,1,128.0,2.0,0.0,1,0.10105901004750001,0.6393109858036041,6,72.0,True,analytical_hypothetical_hardware
16,1,128.0,2.0,0.0,2,0.10105901004750001,0.6393109858036041,12,144.0,True,analytical_hypothetical_hardware
16,1,128.0,2.0,0.0,4,0.10105901004750001,0.6393109858036041,24,288.0,True,analytical_hypothetical_hardware
16,1,128.0,2.0,0.25,1,0.10105901004750001,0.7991387322545052,7,84.0,True,analytical_hypothetical_hardware
16,1,128.0,2.0,0.25,2,0.10105901004750001,0.7991387322545052,14,168.0,True,analytical_hypothetical_hardware
16,1,128.0,2.0,0.25,4,0.10105901004750001,0.7991387322545052,28,336.0,True,analytical_hypothetical_hardware
16,1,128.0,2.0,0.5,1,0.10105901004750001,0.9589664787054062,9,108.0,True,analytical_hypothetical_hardware
16,1,128.0,2.0,0.5,2,0.10105901004750001,0.9589664787054062,18,216.0,True,analytical_hypothetical_hardware
16,1,128.0,2.0,0.5,4,0.10105901004750001,0.9589664787054062,36,432.0,True,analytical_hypothetical_hardware
16,1,128.0,2.0,1.0,1,0.10105901004750001,1.2786219716072083,12,144.0,True,analytical_hypothetical_hardware
16,1,128.0,2.0,1.0,2,0.10105901004750001,1.2786219716072083,24,288.0,True,analytical_hypothetical_hardware
16,1,128.0,2.0,1.0,4,0.10105901004750001,1.2786219716072083,48,576.0,True,analytical_hypothetical_hardware
16,1,128.0,4.0,0.0,1,0.10105901004750001,0.6393109858036041,6,72.0,True,analytical_hypothetical_hardware
16,1,128.0,4.0,0.0,2,0.10105901004750001,0.6393109858036041,12,144.0,True,analytical_hypothetical_hardware
16,1,128.0,4.0,0.0,4,0.10105901004750001,0.6393109858036041,24,288.0,True,analytical_hypothetical_hardware
16,1,128.0,4.0,0.25,1,0.10105901004750001,0.7991387322545052,7,84.0,True,analytical_hypothetical_hardware
16,1,128.0,4.0,0.25,2,0.10105901004750001,0.7991387322545052,14,168.0,True,analytical_hypothetical_hardware
16,1,128.0,4.0,0.25,4,0.10105901004750001,0.7991387322545052,28,336.0,True,analytical_hypothetical_hardware
16,1,128.0,4.0,0.5,1,0.10105901004750001,0.9589664787054062,9,108.0,True,analytical_hypothetical_hardware
16,1,128.0,4.0,0.5,2,0.10105901004750001,0.9589664787054062,18,216.0,True,analytical_hypothetical_hardware
16,1,128.0,4.0,0.5,4,0.10105901004750001,0.9589664787054062,36,432.0,True,analytical_hypothetical_hardware
16,1,128.0,4.0,1.0,1,0.10105901004750001,1.2786219716072083,12,144.0,True,analytical_hypothetical_hardware
16,1,128.0,4.0,1.0,2,0.10105901004750001,1.2786219716072083,24,288.0,True,analytical_hypothetical_hardware
16,1,128.0,4.0,1.0,4,0.10105901004750001,1.2786219716072083,48,576.0,True,analytical_hypothetical_hardware
16,1,256.0,1.0,0.0,1,0.0519070100475,0.6393109858036041,12,144.0,True,analytical_hypothetical_hardware
16,1,256.0,1.0,0.0,2,0.0519070100475,0.6393109858036041,24,288.0,True,analytical_hypothetical_hardware
16,1,256.0,1.0,0.0,4,0.0519070100475,0.6393109858036041,48,576.0,True,analytical_hypothetical_hardware
16,1,256.0,1.0,0.25,1,0.0519070100475,0.7991387322545052,15,180.0,True,analytical_hypothetical_hardware
16,1,256.0,1.0,0.25,2,0.0519070100475,0.7991387322545052,30,360.0,True,analytical_hypothetical_hardware
16,1,256.0,1.0,0.25,4,0.0519070100475,0.7991387322545052,60,720.0,True,analytical_hypothetical_hardware
16,1,256.0,1.0,0.5,1,0.0519070100475,0.9589664787054062,18,216.0,True,analytical_hypothetical_hardware
16,1,256.0,1.0,0.5,2,0.0519070100475,0.9589664787054062,36,432.0,True,analytical_hypothetical_hardware
16,1,256.0,1.0,0.5,4,0.0519070100475,0.9589664787054062,72,864.0,True,analytical_hypothetical_hardware
16,1,256.0,1.0,1.0,1,0.0519070100475,1.2786219716072083,24,288.0,True,analytical_hypothetical_hardware
16,1,256.0,1.0,1.0,2,0.0519070100475,1.2786219716072083,48,576.0,True,analytical_hypothetical_hardware
16,1,256.0,1.0,1.0,4,0.0519070100475,1.2786219716072083,96,1152.0,True,analytical_hypothetical_hardware
16,1,256.0,1.5,0.0,1,0.0519070100475,0.6393109858036041,12,144.0,True,analytical_hypothetical_hardware
16,1,256.0,1.5,0.0,2,0.0519070100475,0.6393109858036041,24,288.0,True,analytical_hypothetical_hardware
16,1,256.0,1.5,0.0,4,0.0519070100475,0.6393109858036041,48,576.0,True,analytical_hypothetical_hardware
16,1,256.0,1.5,0.25,1,0.0519070100475,0.7991387322545052,15,180.0,True,analytical_hypothetical_hardware
16,1,256.0,1.5,0.25,2,0.0519070100475,0.7991387322545052,30,360.0,True,analytical_hypothetical_hardware
16,1,256.0,1.5,0.25,4,0.0519070100475,0.7991387322545052,60,720.0,True,analytical_hypothetical_hardware
16,1,256.0,1.5,0.5,1,0.0519070100475,0.9589664787054062,18,216.0,True,analytical_hypothetical_hardware
16,1,256.0,1.5,0.5,2,0.0519070100475,0.9589664787054062,36,432.0,True,analytical_hypothetical_hardware
16,1,256.0,1.5,0.5,4,0.0519070100475,0.9589664787054062,72,864.0,True,analytical_hypothetical_hardware
16,1,256.0,1.5,1.0,1,0.0519070100475,1.2786219716072083,24,288.0,True,analytical_hypothetical_hardware
16,1,256.0,1.5,1.0,2,0.0519070100475,1.2786219716072083,48,576.0,True,analytical_hypothetical_hardware
16,1,256.0,1.5,1.0,4,0.0519070100475,1.2786219716072083,96,1152.0,True,analytical_hypothetical_hardware
16,1,256.0,2.0,0.0,1,0.0519070100475,0.6393109858036041,12,144.0,True,analytical_hypothetical_hardware
16,1,256.0,2.0,0.0,2,0.0519070100475,0.6393109858036041,24,288.0,True,analytical_hypothetical_hardware
16,1,256.0,2.0,0.0,4,0.0519070100475,0.6393109858036041,48,576.0,True,analytical_hypothetical_hardware
16,1,256.0,2.0,0.25,1,0.0519070100475,0.7991387322545052,15,180.0,True,analytical_hypothetical_hardware
16,1,256.0,2.0,0.25,2,0.0519070100475,0.7991387322545052,30,360.0,True,analytical_hypothetical_hardware
16,1,256.0,2.0,0.25,4,0.0519070100475,0.7991387322545052,60,720.0,True,analytical_hypothetical_hardware
16,1,256.0,2.0,0.5,1,0.0519070100475,0.9589664787054062,18,216.0,True,analytical_hypothetical_hardware
16,1,256.0,2.0,0.5,2,0.0519070100475,0.9589664787054062,36,432.0,True,analytical_hypothetical_hardware
16,1,256.0,2.0,0.5,4,0.0519070100475,0.9589664787054062,72,864.0,True,analytical_hypothetical_hardware
16,1,256.0,2.0,1.0,1,0.0519070100475,1.2786219716072083,24,288.0,True,analytical_hypothetical_hardware
16,1,256.0,2.0,1.0,2,0.0519070100475,1.2786219716072083,48,576.0,True,analytical_hypothetical_hardware
16,1,256.0,2.0,1.0,4,0.0519070100475,1.2786219716072083,96,1152.0,True,analytical_hypothetical_hardware
16,1,256.0,4.0,0.0,1,0.0519070100475,0.6393109858036041,12,144.0,True,analytical_hypothetical_hardware
16,1,256.0,4.0,0.0,2,0.0519070100475,0.6393109858036041,24,288.0,True,analytical_hypothetical_hardware
16,1,256.0,4.0,0.0,4,0.0519070100475,0.6393109858036041,48,576.0,True,analytical_hypothetical_hardware
16,1,256.0,4.0,0.25,1,0.0519070100475,0.7991387322545052,15,180.0,True,analytical_hypothetical_hardware
16,1,256.0,4.0,0.25,2,0.0519070100475,0.7991387322545052,30,360.0,True,analytical_hypothetical_hardware
16,1,256.0,4.0,0.25,4,0.0519070100475,0.7991387322545052,60,720.0,True,analytical_hypothetical_hardware
16,1,256.0,4.0,0.5,1,0.0519070100475,0.9589664787054062,18,216.0,True,analytical_hypothetical_hardware
16,1,256.0,4.0,0.5,2,0.0519070100475,0.9589664787054062,36,432.0,True,analytical_hypothetical_hardware
16,1,256.0,4.0,0.5,4,0.0519070100475,0.9589664787054062,72,864.0,True,analytical_hypothetical_hardware
16,1,256.0,4.0,1.0,1,0.0519070100475,1.2786219716072083,24,288.0,True,analytical_hypothetical_hardware
16,1,256.0,4.0,1.0,2,0.0519070100475,1.2786219716072083,48,576.0,True,analytical_hypothetical_hardware
16,1,256.0,4.0,1.0,4,0.0519070100475,1.2786219716072083,96,1152.0,True,analytical_hypothetical_hardware
16,3,24.1354255944,1.0,0.0,1,0.5241011926861662,1.9179329574108124,3,36.0,True,analytical_hypothetical_hardware
16,3,24.1354255944,1.0,0.0,2,0.5241011926861662,1.9179329574108124,6,72.0,True,analytical_hypothetical_hardware
16,3,24.1354255944,1.0,0.0,4,0.5241011926861662,1.9179329574108124,12,144.0,True,analytical_hypothetical_hardware
16,3,24.1354255944,1.0,0.25,1,0.5241011926861662,2.0777607038617134,3,36.0,True,analytical_hypothetical_hardware
16,3,24.1354255944,1.0,0.25,2,0.5241011926861662,2.0777607038617134,6,72.0,True,analytical_hypothetical_hardware
16,3,24.1354255944,1.0,0.25,4,0.5241011926861662,2.0777607038617134,12,144.0,True,analytical_hypothetical_hardware
16,3,24.1354255944,1.0,0.5,1,0.5241011926861662,2.2375884503126144,4,48.0,True,analytical_hypothetical_hardware
16,3,24.1354255944,1.0,0.5,2,0.5241011926861662,2.2375884503126144,8,96.0,True,analytical_hypothetical_hardware
16,3,24.1354255944,1.0,0.5,4,0.5241011926861662,2.2375884503126144,16,192.0,True,analytical_hypothetical_hardware
16,3,24.1354255944,1.0,1.0,1,0.5241011926861662,2.5572439432144165,4,48.0,True,analytical_hypothetical_hardware
16,3,24.1354255944,1.0,1.0,2,0.5241011926861662,2.5572439432144165,8,96.0,True,analytical_hypothetical_hardware
16,3,24.1354255944,1.0,1.0,4,0.5241011926861662,2.5572439432144165,16,192.0,True,analytical_hypothetical_hardware
16,3,24.1354255944,1.5,0.0,1,0.5241011926861662,1.9179329574108124,3,36.0,True,analytical_hypothetical_hardware
16,3,24.1354255944,1.5,0.0,2,0.5241011926861662,1.9179329574108124,6,72.0,True,analytical_hypothetical_hardware
16,3,24.1354255944,1.5,0.0,4,0.5241011926861662,1.9179329574108124,12,144.0,True,analytical_hypothetical_hardware
16,3,24.1354255944,1.5,0.25,1,0.5241011926861662,2.0777607038617134,3,36.0,True,analytical_hypothetical_hardware
16,3,24.1354255944,1.5,0.25,2,0.5241011926861662,2.0777607038617134,6,72.0,True,analytical_hypothetical_hardware
16,3,24.1354255944,1.5,0.25,4,0.5241011926861662,2.0777607038617134,12,144.0,True,analytical_hypothetical_hardware
16,3,24.1354255944,1.5,0.5,1,0.5241011926861662,2.2375884503126144,4,48.0,True,analytical_hypothetical_hardware
16,3,24.1354255944,1.5,0.5,2,0.5241011926861662,2.2375884503126144,8,96.0,True,analytical_hypothetical_hardware
16,3,24.1354255944,1.5,0.5,4,0.5241011926861662,2.2375884503126144,16,192.0,True,analytical_hypothetical_hardware
16,3,24.1354255944,1.5,1.0,1,0.5241011926861662,2.5572439432144165,4,48.0,True,analytical_hypothetical_hardware
16,3,24.1354255944,1.5,1.0,2,0.5241011926861662,2.5572439432144165,8,96.0,True,analytical_hypothetical_hardware
16,3,24.1354255944,1.5,1.0,4,0.5241011926861662,2.5572439432144165,16,192.0,True,analytical_hypothetical_hardware
16,3,24.1354255944,2.0,0.0,1,0.5241011926861662,1.9179329574108124,3,36.0,True,analytical_hypothetical_hardware
16,3,24.1354255944,2.0,0.0,2,0.5241011926861662,1.9179329574108124,6,72.0,True,analytical_hypothetical_hardware
16,3,24.1354255944,2.0,0.0,4,0.5241011926861662,1.9179329574108124,12,144.0,True,analytical_hypothetical_hardware
16,3,24.1354255944,2.0,0.25,1,0.5241011926861662,2.0777607038617134,3,36.0,True,analytical_hypothetical_hardware
16,3,24.1354255944,2.0,0.25,2,0.5241011926861662,2.0777607038617134,6,72.0,True,analytical_hypothetical_hardware
16,3,24.1354255944,2.0,0.25,4,0.5241011926861662,2.0777607038617134,12,144.0,True,analytical_hypothetical_hardware
16,3,24.1354255944,2.0,0.5,1,0.5241011926861662,2.2375884503126144,4,48.0,True,analytical_hypothetical_hardware
16,3,24.1354255944,2.0,0.5,2,0.5241011926861662,2.2375884503126144,8,96.0,True,analytical_hypothetical_hardware
16,3,24.1354255944,2.0,0.5,4,0.5241011926861662,2.2375884503126144,16,192.0,True,analytical_hypothetical_hardware
16,3,24.1354255944,2.0,1.0,1,0.5241011926861662,2.5572439432144165,4,48.0,True,analytical_hypothetical_hardware
16,3,24.1354255944,2.0,1.0,2,0.5241011926861662,2.5572439432144165,8,96.0,True,analytical_hypothetical_hardware
16,3,24.1354255944,2.0,1.0,4,0.5241011926861662,2.5572439432144165,16,192.0,True,analytical_hypothetical_hardware
16,3,24.1354255944,4.0,0.0,1,0.5241011926861662,1.9179329574108124,3,36.0,True,analytical_hypothetical_hardware
16,3,24.1354255944,4.0,0.0,2,0.5241011926861662,1.9179329574108124,6,72.0,True,analytical_hypothetical_hardware
16,3,24.1354255944,4.0,0.0,4,0.5241011926861662,1.9179329574108124,12,144.0,True,analytical_hypothetical_hardware
16,3,24.1354255944,4.0,0.25,1,0.5241011926861662,2.0777607038617134,3,36.0,True,analytical_hypothetical_hardware
16,3,24.1354255944,4.0,0.25,2,0.5241011926861662,2.0777607038617134,6,72.0,True,analytical_hypothetical_hardware
16,3,24.1354255944,4.0,0.25,4,0.5241011926861662,2.0777607038617134,12,144.0,True,analytical_hypothetical_hardware
16,3,24.1354255944,4.0,0.5,1,0.5241011926861662,2.2375884503126144,4,48.0,True,analytical_hypothetical_hardware
16,3,24.1354255944,4.0,0.5,2,0.5241011926861662,2.2375884503126144,8,96.0,True,analytical_hypothetical_hardware
16,3,24.1354255944,4.0,0.5,4,0.5241011926861662,2.2375884503126144,16,192.0,True,analytical_hypothetical_hardware
16,3,24.1354255944,4.0,1.0,1,0.5241011926861662,2.5572439432144165,4,48.0,True,analytical_hypothetical_hardware
16,3,24.1354255944,4.0,1.0,2,0.5241011926861662,2.5572439432144165,8,96.0,True,analytical_hypothetical_hardware
16,3,24.1354255944,4.0,1.0,4,0.5241011926861662,2.5572439432144165,16,192.0,True,analytical_hypothetical_hardware
16,3,64.0,1.0,0.0,1,0.1993630100475,1.9179329574108124,9,108.0,True,analytical_hypothetical_hardware
16,3,64.0,1.0,0.0,2,0.1993630100475,1.9179329574108124,18,216.0,True,analytical_hypothetical_hardware
16,3,64.0,1.0,0.0,4,0.1993630100475,1.9179329574108124,36,432.0,True,analytical_hypothetical_hardware
16,3,64.0,1.0,0.25,1,0.1993630100475,2.0777607038617134,10,120.0,True,analytical_hypothetical_hardware
16,3,64.0,1.0,0.25,2,0.1993630100475,2.0777607038617134,20,240.0,True,analytical_hypothetical_hardware
16,3,64.0,1.0,0.25,4,0.1993630100475,2.0777607038617134,40,480.0,True,analytical_hypothetical_hardware
16,3,64.0,1.0,0.5,1,0.1993630100475,2.2375884503126144,11,132.0,True,analytical_hypothetical_hardware
16,3,64.0,1.0,0.5,2,0.1993630100475,2.2375884503126144,22,264.0,True,analytical_hypothetical_hardware
16,3,64.0,1.0,0.5,4,0.1993630100475,2.2375884503126144,44,528.0,True,analytical_hypothetical_hardware
16,3,64.0,1.0,1.0,1,0.1993630100475,2.5572439432144165,12,144.0,True,analytical_hypothetical_hardware
16,3,64.0,1.0,1.0,2,0.1993630100475,2.5572439432144165,24,288.0,True,analytical_hypothetical_hardware
16,3,64.0,1.0,1.0,4,0.1993630100475,2.5572439432144165,48,576.0,True,analytical_hypothetical_hardware
16,3,64.0,1.5,0.0,1,0.1993630100475,1.9179329574108124,9,108.0,True,analytical_hypothetical_hardware
16,3,64.0,1.5,0.0,2,0.1993630100475,1.9179329574108124,18,216.0,True,analytical_hypothetical_hardware
16,3,64.0,1.5,0.0,4,0.1993630100475,1.9179329574108124,36,432.0,True,analytical_hypothetical_hardware
16,3,64.0,1.5,0.25,1,0.1993630100475,2.0777607038617134,10,120.0,True,analytical_hypothetical_hardware
16,3,64.0,1.5,0.25,2,0.1993630100475,2.0777607038617134,20,240.0,True,analytical_hypothetical_hardware
16,3,64.0,1.5,0.25,4,0.1993630100475,2.0777607038617134,40,480.0,True,analytical_hypothetical_hardware
16,3,64.0,1.5,0.5,1,0.1993630100475,2.2375884503126144,11,132.0,True,analytical_hypothetical_hardware
16,3,64.0,1.5,0.5,2,0.1993630100475,2.2375884503126144,22,264.0,True,analytical_hypothetical_hardware
16,3,64.0,1.5,0.5,4,0.1993630100475,2.2375884503126144,44,528.0,True,analytical_hypothetical_hardware
16,3,64.0,1.5,1.0,1,0.1993630100475,2.5572439432144165,12,144.0,True,analytical_hypothetical_hardware
16,3,64.0,1.5,1.0,2,0.1993630100475,2.5572439432144165,24,288.0,True,analytical_hypothetical_hardware
16,3,64.0,1.5,1.0,4,0.1993630100475,2.5572439432144165,48,576.0,True,analytical_hypothetical_hardware
16,3,64.0,2.0,0.0,1,0.1993630100475,1.9179329574108124,9,108.0,True,analytical_hypothetical_hardware
16,3,64.0,2.0,0.0,2,0.1993630100475,1.9179329574108124,18,216.0,True,analytical_hypothetical_hardware
16,3,64.0,2.0,0.0,4,0.1993630100475,1.9179329574108124,36,432.0,True,analytical_hypothetical_hardware
16,3,64.0,2.0,0.25,1,0.1993630100475,2.0777607038617134,10,120.0,True,analytical_hypothetical_hardware
16,3,64.0,2.0,0.25,2,0.1993630100475,2.0777607038617134,20,240.0,True,analytical_hypothetical_hardware
16,3,64.0,2.0,0.25,4,0.1993630100475,2.0777607038617134,40,480.0,True,analytical_hypothetical_hardware
16,3,64.0,2.0,0.5,1,0.1993630100475,2.2375884503126144,11,132.0,True,analytical_hypothetical_hardware
16,3,64.0,2.0,0.5,2,0.1993630100475,2.2375884503126144,22,264.0,True,analytical_hypothetical_hardware
16,3,64.0,2.0,0.5,4,0.1993630100475,2.2375884503126144,44,528.0,True,analytical_hypothetical_hardware
16,3,64.0,2.0,1.0,1,0.1993630100475,2.5572439432144165,12,144.0,True,analytical_hypothetical_hardware
16,3,64.0,2.0,1.0,2,0.1993630100475,2.5572439432144165,24,288.0,True,analytical_hypothetical_hardware
16,3,64.0,2.0,1.0,4,0.1993630100475,2.5572439432144165,48,576.0,True,analytical_hypothetical_hardware
16,3,64.0,4.0,0.0,1,0.1993630100475,1.9179329574108124,9,108.0,True,analytical_hypothetical_hardware
16,3,64.0,4.0,0.0,2,0.1993630100475,1.9179329574108124,18,216.0,True,analytical_hypothetical_hardware
16,3,64.0,4.0,0.0,4,0.1993630100475,1.9179329574108124,36,432.0,True,analytical_hypothetical_hardware
16,3,64.0,4.0,0.25,1,0.1993630100475,2.0777607038617134,10,120.0,True,analytical_hypothetical_hardware
16,3,64.0,4.0,0.25,2,0.1993630100475,2.0777607038617134,20,240.0,True,analytical_hypothetical_hardware
16,3,64.0,4.0,0.25,4,0.1993630100475,2.0777607038617134,40,480.0,True,analytical_hypothetical_hardware
16,3,64.0,4.0,0.5,1,0.1993630100475,2.2375884503126144,11,132.0,True,analytical_hypothetical_hardware
16,3,64.0,4.0,0.5,2,0.1993630100475,2.2375884503126144,22,264.0,True,analytical_hypothetical_hardware
16,3,64.0,4.0,0.5,4,0.1993630100475,2.2375884503126144,44,528.0,True,analytical_hypothetical_hardware
16,3,64.0,4.0,1.0,1,0.1993630100475,2.5572439432144165,12,144.0,True,analytical_hypothetical_hardware
16,3,64.0,4.0,1.0,2,0.1993630100475,2.5572439432144165,24,288.0,True,analytical_hypothetical_hardware
16,3,64.0,4.0,1.0,4,0.1993630100475,2.5572439432144165,48,576.0,True,analytical_hypothetical_hardware
16,3,128.0,1.0,0.0,1,0.10105901004750001,1.9179329574108124,18,216.0,True,analytical_hypothetical_hardware
16,3,128.0,1.0,0.0,2,0.10105901004750001,1.9179329574108124,36,432.0,True,analytical_hypothetical_hardware
16,3,128.0,1.0,0.0,4,0.10105901004750001,1.9179329574108124,72,864.0,True,analytical_hypothetical_hardware
16,3,128.0,1.0,0.25,1,0.10105901004750001,2.0777607038617134,20,240.0,True,analytical_hypothetical_hardware
16,3,128.0,1.0,0.25,2,0.10105901004750001,2.0777607038617134,40,480.0,True,analytical_hypothetical_hardware
16,3,128.0,1.0,0.25,4,0.10105901004750001,2.0777607038617134,80,960.0,True,analytical_hypothetical_hardware
16,3,128.0,1.0,0.5,1,0.10105901004750001,2.2375884503126144,22,264.0,True,analytical_hypothetical_hardware
16,3,128.0,1.0,0.5,2,0.10105901004750001,2.2375884503126144,44,528.0,True,analytical_hypothetical_hardware
16,3,128.0,1.0,0.5,4,0.10105901004750001,2.2375884503126144,88,1056.0,True,analytical_hypothetical_hardware
16,3,128.0,1.0,1.0,1,0.10105901004750001,2.5572439432144165,25,300.0,True,analytical_hypothetical_hardware
16,3,128.0,1.0,1.0,2,0.10105901004750001,2.5572439432144165,50,600.0,True,analytical_hypothetical_hardware
16,3,128.0,1.0,1.0,4,0.10105901004750001,2.5572439432144165,100,1200.0,True,analytical_hypothetical_hardware
16,3,128.0,1.5,0.0,1,0.10105901004750001,1.9179329574108124,18,216.0,True,analytical_hypothetical_hardware
16,3,128.0,1.5,0.0,2,0.10105901004750001,1.9179329574108124,36,432.0,True,analytical_hypothetical_hardware
16,3,128.0,1.5,0.0,4,0.10105901004750001,1.9179329574108124,72,864.0,True,analytical_hypothetical_hardware
16,3,128.0,1.5,0.25,1,0.10105901004750001,2.0777607038617134,20,240.0,True,analytical_hypothetical_hardware
16,3,128.0,1.5,0.25,2,0.10105901004750001,2.0777607038617134,40,480.0,True,analytical_hypothetical_hardware
16,3,128.0,1.5,0.25,4,0.10105901004750001,2.0777607038617134,80,960.0,True,analytical_hypothetical_hardware
16,3,128.0,1.5,0.5,1,0.10105901004750001,2.2375884503126144,22,264.0,True,analytical_hypothetical_hardware
16,3,128.0,1.5,0.5,2,0.10105901004750001,2.2375884503126144,44,528.0,True,analytical_hypothetical_hardware
16,3,128.0,1.5,0.5,4,0.10105901004750001,2.2375884503126144,88,1056.0,True,analytical_hypothetical_hardware
16,3,128.0,1.5,1.0,1,0.10105901004750001,2.5572439432144165,25,300.0,True,analytical_hypothetical_hardware
16,3,128.0,1.5,1.0,2,0.10105901004750001,2.5572439432144165,50,600.0,True,analytical_hypothetical_hardware
16,3,128.0,1.5,1.0,4,0.10105901004750001,2.5572439432144165,100,1200.0,True,analytical_hypothetical_hardware
16,3,128.0,2.0,0.0,1,0.10105901004750001,1.9179329574108124,18,216.0,True,analytical_hypothetical_hardware
16,3,128.0,2.0,0.0,2,0.10105901004750001,1.9179329574108124,36,432.0,True,analytical_hypothetical_hardware
16,3,128.0,2.0,0.0,4,0.10105901004750001,1.9179329574108124,72,864.0,True,analytical_hypothetical_hardware
16,3,128.0,2.0,0.25,1,0.10105901004750001,2.0777607038617134,20,240.0,True,analytical_hypothetical_hardware
16,3,128.0,2.0,0.25,2,0.10105901004750001,2.0777607038617134,40,480.0,True,analytical_hypothetical_hardware
16,3,128.0,2.0,0.25,4,0.10105901004750001,2.0777607038617134,80,960.0,True,analytical_hypothetical_hardware
16,3,128.0,2.0,0.5,1,0.10105901004750001,2.2375884503126144,22,264.0,True,analytical_hypothetical_hardware
16,3,128.0,2.0,0.5,2,0.10105901004750001,2.2375884503126144,44,528.0,True,analytical_hypothetical_hardware
16,3,128.0,2.0,0.5,4,0.10105901004750001,2.2375884503126144,88,1056.0,True,analytical_hypothetical_hardware
16,3,128.0,2.0,1.0,1,0.10105901004750001,2.5572439432144165,25,300.0,True,analytical_hypothetical_hardware
16,3,128.0,2.0,1.0,2,0.10105901004750001,2.5572439432144165,50,600.0,True,analytical_hypothetical_hardware
16,3,128.0,2.0,1.0,4,0.10105901004750001,2.5572439432144165,100,1200.0,True,analytical_hypothetical_hardware
16,3,128.0,4.0,0.0,1,0.10105901004750001,1.9179329574108124,18,216.0,True,analytical_hypothetical_hardware
16,3,128.0,4.0,0.0,2,0.10105901004750001,1.9179329574108124,36,432.0,True,analytical_hypothetical_hardware
16,3,128.0,4.0,0.0,4,0.10105901004750001,1.9179329574108124,72,864.0,True,analytical_hypothetical_hardware
16,3,128.0,4.0,0.25,1,0.10105901004750001,2.0777607038617134,20,240.0,True,analytical_hypothetical_hardware
16,3,128.0,4.0,0.25,2,0.10105901004750001,2.0777607038617134,40,480.0,True,analytical_hypothetical_hardware
16,3,128.0,4.0,0.25,4,0.10105901004750001,2.0777607038617134,80,960.0,True,analytical_hypothetical_hardware
16,3,128.0,4.0,0.5,1,0.10105901004750001,2.2375884503126144,22,264.0,True,analytical_hypothetical_hardware
16,3,128.0,4.0,0.5,2,0.10105901004750001,2.2375884503126144,44,528.0,True,analytical_hypothetical_hardware
16,3,128.0,4.0,0.5,4,0.10105901004750001,2.2375884503126144,88,1056.0,True,analytical_hypothetical_hardware
16,3,128.0,4.0,1.0,1,0.10105901004750001,2.5572439432144165,25,300.0,True,analytical_hypothetical_hardware
16,3,128.0,4.0,1.0,2,0.10105901004750001,2.5572439432144165,50,600.0,True,analytical_hypothetical_hardware
16,3,128.0,4.0,1.0,4,0.10105901004750001,2.5572439432144165,100,1200.0,True,analytical_hypothetical_hardware
16,3,256.0,1.0,0.0,1,0.0519070100475,1.9179329574108124,36,432.0,True,analytical_hypothetical_hardware
16,3,256.0,1.0,0.0,2,0.0519070100475,1.9179329574108124,72,864.0,True,analytical_hypothetical_hardware
16,3,256.0,1.0,0.0,4,0.0519070100475,1.9179329574108124,144,1728.0,True,analytical_hypothetical_hardware
16,3,256.0,1.0,0.25,1,0.0519070100475,2.0777607038617134,40,480.0,True,analytical_hypothetical_hardware
16,3,256.0,1.0,0.25,2,0.0519070100475,2.0777607038617134,80,960.0,True,analytical_hypothetical_hardware
16,3,256.0,1.0,0.25,4,0.0519070100475,2.0777607038617134,160,1920.0,True,analytical_hypothetical_hardware
16,3,256.0,1.0,0.5,1,0.0519070100475,2.2375884503126144,43,516.0,True,analytical_hypothetical_hardware
16,3,256.0,1.0,0.5,2,0.0519070100475,2.2375884503126144,86,1032.0,True,analytical_hypothetical_hardware
16,3,256.0,1.0,0.5,4,0.0519070100475,2.2375884503126144,172,2064.0,True,analytical_hypothetical_hardware
16,3,256.0,1.0,1.0,1,0.0519070100475,2.5572439432144165,49,588.0,True,analytical_hypothetical_hardware
16,3,256.0,1.0,1.0,2,0.0519070100475,2.5572439432144165,98,1176.0,True,analytical_hypothetical_hardware
16,3,256.0,1.0,1.0,4,0.0519070100475,2.5572439432144165,196,2352.0,True,analytical_hypothetical_hardware
16,3,256.0,1.5,0.0,1,0.0519070100475,1.9179329574108124,36,432.0,True,analytical_hypothetical_hardware
16,3,256.0,1.5,0.0,2,0.0519070100475,1.9179329574108124,72,864.0,True,analytical_hypothetical_hardware
16,3,256.0,1.5,0.0,4,0.0519070100475,1.9179329574108124,144,1728.0,True,analytical_hypothetical_hardware
16,3,256.0,1.5,0.25,1,0.0519070100475,2.0777607038617134,40,480.0,True,analytical_hypothetical_hardware
16,3,256.0,1.5,0.25,2,0.0519070100475,2.0777607038617134,80,960.0,True,analytical_hypothetical_hardware
16,3,256.0,1.5,0.25,4,0.0519070100475,2.0777607038617134,160,1920.0,True,analytical_hypothetical_hardware
16,3,256.0,1.5,0.5,1,0.0519070100475,2.2375884503126144,43,516.0,True,analytical_hypothetical_hardware
16,3,256.0,1.5,0.5,2,0.0519070100475,2.2375884503126144,86,1032.0,True,analytical_hypothetical_hardware
16,3,256.0,1.5,0.5,4,0.0519070100475,2.2375884503126144,172,2064.0,True,analytical_hypothetical_hardware
16,3,256.0,1.5,1.0,1,0.0519070100475,2.5572439432144165,49,588.0,True,analytical_hypothetical_hardware
16,3,256.0,1.5,1.0,2,0.0519070100475,2.5572439432144165,98,1176.0,True,analytical_hypothetical_hardware
16,3,256.0,1.5,1.0,4,0.0519070100475,2.5572439432144165,196,2352.0,True,analytical_hypothetical_hardware
16,3,256.0,2.0,0.0,1,0.0519070100475,1.9179329574108124,36,432.0,True,analytical_hypothetical_hardware
16,3,256.0,2.0,0.0,2,0.0519070100475,1.9179329574108124,72,864.0,True,analytical_hypothetical_hardware
16,3,256.0,2.0,0.0,4,0.0519070100475,1.9179329574108124,144,1728.0,True,analytical_hypothetical_hardware
16,3,256.0,2.0,0.25,1,0.0519070100475,2.0777607038617134,40,480.0,True,analytical_hypothetical_hardware
16,3,256.0,2.0,0.25,2,0.0519070100475,2.0777607038617134,80,960.0,True,analytical_hypothetical_hardware
16,3,256.0,2.0,0.25,4,0.0519070100475,2.0777607038617134,160,1920.0,True,analytical_hypothetical_hardware
16,3,256.0,2.0,0.5,1,0.0519070100475,2.2375884503126144,43,516.0,True,analytical_hypothetical_hardware
16,3,256.0,2.0,0.5,2,0.0519070100475,2.2375884503126144,86,1032.0,True,analytical_hypothetical_hardware
16,3,256.0,2.0,0.5,4,0.0519070100475,2.2375884503126144,172,2064.0,True,analytical_hypothetical_hardware
16,3,256.0,2.0,1.0,1,0.0519070100475,2.5572439432144165,49,588.0,True,analytical_hypothetical_hardware
16,3,256.0,2.0,1.0,2,0.0519070100475,2.5572439432144165,98,1176.0,True,analytical_hypothetical_hardware
16,3,256.0,2.0,1.0,4,0.0519070100475,2.5572439432144165,196,2352.0,True,analytical_hypothetical_hardware
16,3,256.0,4.0,0.0,1,0.0519070100475,1.9179329574108124,36,432.0,True,analytical_hypothetical_hardware
16,3,256.0,4.0,0.0,2,0.0519070100475,1.9179329574108124,72,864.0,True,analytical_hypothetical_hardware
16,3,256.0,4.0,0.0,4,0.0519070100475,1.9179329574108124,144,1728.0,True,analytical_hypothetical_hardware
16,3,256.0,4.0,0.25,1,0.0519070100475,2.0777607038617134,40,480.0,True,analytical_hypothetical_hardware
16,3,256.0,4.0,0.25,2,0.0519070100475,2.0777607038617134,80,960.0,True,analytical_hypothetical_hardware
16,3,256.0,4.0,0.25,4,0.0519070100475,2.0777607038617134,160,1920.0,True,analytical_hypothetical_hardware
16,3,256.0,4.0,0.5,1,0.0519070100475,2.2375884503126144,43,516.0,True,analytical_hypothetical_hardware
16,3,256.0,4.0,0.5,2,0.0519070100475,2.2375884503126144,86,1032.0,True,analytical_hypothetical_hardware
16,3,256.0,4.0,0.5,4,0.0519070100475,2.2375884503126144,172,2064.0,True,analytical_hypothetical_hardware
16,3,256.0,4.0,1.0,1,0.0519070100475,2.5572439432144165,49,588.0,True,analytical_hypothetical_hardware
16,3,256.0,4.0,1.0,2,0.0519070100475,2.5572439432144165,98,1176.0,True,analytical_hypothetical_hardware
16,3,256.0,4.0,1.0,4,0.0519070100475,2.5572439432144165,196,2352.0,True,analytical_hypothetical_hardware
16,6,24.1354255944,1.0,0.0,1,0.5241011926861662,3.8358659148216248,7,84.0,True,analytical_hypothetical_hardware
16,6,24.1354255944,1.0,0.0,2,0.5241011926861662,3.8358659148216248,14,168.0,True,analytical_hypothetical_hardware
16,6,24.1354255944,1.0,0.0,4,0.5241011926861662,3.8358659148216248,28,336.0,True,analytical_hypothetical_hardware
16,6,24.1354255944,1.0,0.25,1,0.5241011926861662,3.995693661272526,7,84.0,True,analytical_hypothetical_hardware
16,6,24.1354255944,1.0,0.25,2,0.5241011926861662,3.995693661272526,14,168.0,True,analytical_hypothetical_hardware
16,6,24.1354255944,1.0,0.25,4,0.5241011926861662,3.995693661272526,28,336.0,True,analytical_hypothetical_hardware
16,6,24.1354255944,1.0,0.5,1,0.5241011926861662,4.155521407723427,7,84.0,True,analytical_hypothetical_hardware
16,6,24.1354255944,1.0,0.5,2,0.5241011926861662,4.155521407723427,14,168.0,True,analytical_hypothetical_hardware
16,6,24.1354255944,1.0,0.5,4,0.5241011926861662,4.155521407723427,28,336.0,True,analytical_hypothetical_hardware
16,6,24.1354255944,1.0,1.0,1,0.5241011926861662,4.475176900625229,8,96.0,True,analytical_hypothetical_hardware
16,6,24.1354255944,1.0,1.0,2,0.5241011926861662,4.475176900625229,16,192.0,True,analytical_hypothetical_hardware
16,6,24.1354255944,1.0,1.0,4,0.5241011926861662,4.475176900625229,32,384.0,True,analytical_hypothetical_hardware
16,6,24.1354255944,1.5,0.0,1,0.5241011926861662,3.8358659148216248,7,84.0,True,analytical_hypothetical_hardware
16,6,24.1354255944,1.5,0.0,2,0.5241011926861662,3.8358659148216248,14,168.0,True,analytical_hypothetical_hardware
16,6,24.1354255944,1.5,0.0,4,0.5241011926861662,3.8358659148216248,28,336.0,True,analytical_hypothetical_hardware
16,6,24.1354255944,1.5,0.25,1,0.5241011926861662,3.995693661272526,7,84.0,True,analytical_hypothetical_hardware
16,6,24.1354255944,1.5,0.25,2,0.5241011926861662,3.995693661272526,14,168.0,True,analytical_hypothetical_hardware
16,6,24.1354255944,1.5,0.25,4,0.5241011926861662,3.995693661272526,28,336.0,True,analytical_hypothetical_hardware
16,6,24.1354255944,1.5,0.5,1,0.5241011926861662,4.155521407723427,7,84.0,True,analytical_hypothetical_hardware
16,6,24.1354255944,1.5,0.5,2,0.5241011926861662,4.155521407723427,14,168.0,True,analytical_hypothetical_hardware
16,6,24.1354255944,1.5,0.5,4,0.5241011926861662,4.155521407723427,28,336.0,True,analytical_hypothetical_hardware
16,6,24.1354255944,1.5,1.0,1,0.5241011926861662,4.475176900625229,8,96.0,True,analytical_hypothetical_hardware
16,6,24.1354255944,1.5,1.0,2,0.5241011926861662,4.475176900625229,16,192.0,True,analytical_hypothetical_hardware
16,6,24.1354255944,1.5,1.0,4,0.5241011926861662,4.475176900625229,32,384.0,True,analytical_hypothetical_hardware
16,6,24.1354255944,2.0,0.0,1,0.5241011926861662,3.8358659148216248,7,84.0,True,analytical_hypothetical_hardware
16,6,24.1354255944,2.0,0.0,2,0.5241011926861662,3.8358659148216248,14,168.0,True,analytical_hypothetical_hardware
16,6,24.1354255944,2.0,0.0,4,0.5241011926861662,3.8358659148216248,28,336.0,True,analytical_hypothetical_hardware
16,6,24.1354255944,2.0,0.25,1,0.5241011926861662,3.995693661272526,7,84.0,True,analytical_hypothetical_hardware
16,6,24.1354255944,2.0,0.25,2,0.5241011926861662,3.995693661272526,14,168.0,True,analytical_hypothetical_hardware
16,6,24.1354255944,2.0,0.25,4,0.5241011926861662,3.995693661272526,28,336.0,True,analytical_hypothetical_hardware
16,6,24.1354255944,2.0,0.5,1,0.5241011926861662,4.155521407723427,7,84.0,True,analytical_hypothetical_hardware
16,6,24.1354255944,2.0,0.5,2,0.5241011926861662,4.155521407723427,14,168.0,True,analytical_hypothetical_hardware
16,6,24.1354255944,2.0,0.5,4,0.5241011926861662,4.155521407723427,28,336.0,True,analytical_hypothetical_hardware
16,6,24.1354255944,2.0,1.0,1,0.5241011926861662,4.475176900625229,8,96.0,True,analytical_hypothetical_hardware
16,6,24.1354255944,2.0,1.0,2,0.5241011926861662,4.475176900625229,16,192.0,True,analytical_hypothetical_hardware
16,6,24.1354255944,2.0,1.0,4,0.5241011926861662,4.475176900625229,32,384.0,True,analytical_hypothetical_hardware
16,6,24.1354255944,4.0,0.0,1,0.5241011926861662,3.8358659148216248,7,84.0,True,analytical_hypothetical_hardware
16,6,24.1354255944,4.0,0.0,2,0.5241011926861662,3.8358659148216248,14,168.0,True,analytical_hypothetical_hardware
16,6,24.1354255944,4.0,0.0,4,0.5241011926861662,3.8358659148216248,28,336.0,True,analytical_hypothetical_hardware
16,6,24.1354255944,4.0,0.25,1,0.5241011926861662,3.995693661272526,7,84.0,True,analytical_hypothetical_hardware
16,6,24.1354255944,4.0,0.25,2,0.5241011926861662,3.995693661272526,14,168.0,True,analytical_hypothetical_hardware
16,6,24.1354255944,4.0,0.25,4,0.5241011926861662,3.995693661272526,28,336.0,True,analytical_hypothetical_hardware
16,6,24.1354255944,4.0,0.5,1,0.5241011926861662,4.155521407723427,7,84.0,True,analytical_hypothetical_hardware
16,6,24.1354255944,4.0,0.5,2,0.5241011926861662,4.155521407723427,14,168.0,True,analytical_hypothetical_hardware
16,6,24.1354255944,4.0,0.5,4,0.5241011926861662,4.155521407723427,28,336.0,True,analytical_hypothetical_hardware
16,6,24.1354255944,4.0,1.0,1,0.5241011926861662,4.475176900625229,8,96.0,True,analytical_hypothetical_hardware
16,6,24.1354255944,4.0,1.0,2,0.5241011926861662,4.475176900625229,16,192.0,True,analytical_hypothetical_hardware
16,6,24.1354255944,4.0,1.0,4,0.5241011926861662,4.475176900625229,32,384.0,True,analytical_hypothetical_hardware
16,6,64.0,1.0,0.0,1,0.1993630100475,3.8358659148216248,19,228.0,True,analytical_hypothetical_hardware
16,6,64.0,1.0,0.0,2,0.1993630100475,3.8358659148216248,38,456.0,True,analytical_hypothetical_hardware
16,6,64.0,1.0,0.0,4,0.1993630100475,3.8358659148216248,76,912.0,True,analytical_hypothetical_hardware
16,6,64.0,1.0,0.25,1,0.1993630100475,3.995693661272526,20,240.0,True,analytical_hypothetical_hardware
16,6,64.0,1.0,0.25,2,0.1993630100475,3.995693661272526,40,480.0,True,analytical_hypothetical_hardware
16,6,64.0,1.0,0.25,4,0.1993630100475,3.995693661272526,80,960.0,True,analytical_hypothetical_hardware
16,6,64.0,1.0,0.5,1,0.1993630100475,4.155521407723427,20,240.0,True,analytical_hypothetical_hardware
16,6,64.0,1.0,0.5,2,0.1993630100475,4.155521407723427,40,480.0,True,analytical_hypothetical_hardware
16,6,64.0,1.0,0.5,4,0.1993630100475,4.155521407723427,80,960.0,True,analytical_hypothetical_hardware
16,6,64.0,1.0,1.0,1,0.1993630100475,4.475176900625229,22,264.0,True,analytical_hypothetical_hardware
16,6,64.0,1.0,1.0,2,0.1993630100475,4.475176900625229,44,528.0,True,analytical_hypothetical_hardware
16,6,64.0,1.0,1.0,4,0.1993630100475,4.475176900625229,88,1056.0,True,analytical_hypothetical_hardware
16,6,64.0,1.5,0.0,1,0.1993630100475,3.8358659148216248,19,228.0,True,analytical_hypothetical_hardware
16,6,64.0,1.5,0.0,2,0.1993630100475,3.8358659148216248,38,456.0,True,analytical_hypothetical_hardware
16,6,64.0,1.5,0.0,4,0.1993630100475,3.8358659148216248,76,912.0,True,analytical_hypothetical_hardware
16,6,64.0,1.5,0.25,1,0.1993630100475,3.995693661272526,20,240.0,True,analytical_hypothetical_hardware
16,6,64.0,1.5,0.25,2,0.1993630100475,3.995693661272526,40,480.0,True,analytical_hypothetical_hardware
16,6,64.0,1.5,0.25,4,0.1993630100475,3.995693661272526,80,960.0,True,analytical_hypothetical_hardware
16,6,64.0,1.5,0.5,1,0.1993630100475,4.155521407723427,20,240.0,True,analytical_hypothetical_hardware
16,6,64.0,1.5,0.5,2,0.1993630100475,4.155521407723427,40,480.0,True,analytical_hypothetical_hardware
16,6,64.0,1.5,0.5,4,0.1993630100475,4.155521407723427,80,960.0,True,analytical_hypothetical_hardware
16,6,64.0,1.5,1.0,1,0.1993630100475,4.475176900625229,22,264.0,True,analytical_hypothetical_hardware
16,6,64.0,1.5,1.0,2,0.1993630100475,4.475176900625229,44,528.0,True,analytical_hypothetical_hardware
16,6,64.0,1.5,1.0,4,0.1993630100475,4.475176900625229,88,1056.0,True,analytical_hypothetical_hardware
16,6,64.0,2.0,0.0,1,0.1993630100475,3.8358659148216248,19,228.0,True,analytical_hypothetical_hardware
16,6,64.0,2.0,0.0,2,0.1993630100475,3.8358659148216248,38,456.0,True,analytical_hypothetical_hardware
16,6,64.0,2.0,0.0,4,0.1993630100475,3.8358659148216248,76,912.0,True,analytical_hypothetical_hardware
16,6,64.0,2.0,0.25,1,0.1993630100475,3.995693661272526,20,240.0,True,analytical_hypothetical_hardware
16,6,64.0,2.0,0.25,2,0.1993630100475,3.995693661272526,40,480.0,True,analytical_hypothetical_hardware
16,6,64.0,2.0,0.25,4,0.1993630100475,3.995693661272526,80,960.0,True,analytical_hypothetical_hardware
16,6,64.0,2.0,0.5,1,0.1993630100475,4.155521407723427,20,240.0,True,analytical_hypothetical_hardware
16,6,64.0,2.0,0.5,2,0.1993630100475,4.155521407723427,40,480.0,True,analytical_hypothetical_hardware
16,6,64.0,2.0,0.5,4,0.1993630100475,4.155521407723427,80,960.0,True,analytical_hypothetical_hardware
16,6,64.0,2.0,1.0,1,0.1993630100475,4.475176900625229,22,264.0,True,analytical_hypothetical_hardware
16,6,64.0,2.0,1.0,2,0.1993630100475,4.475176900625229,44,528.0,True,analytical_hypothetical_hardware
16,6,64.0,2.0,1.0,4,0.1993630100475,4.475176900625229,88,1056.0,True,analytical_hypothetical_hardware
16,6,64.0,4.0,0.0,1,0.1993630100475,3.8358659148216248,19,228.0,True,analytical_hypothetical_hardware
16,6,64.0,4.0,0.0,2,0.1993630100475,3.8358659148216248,38,456.0,True,analytical_hypothetical_hardware
16,6,64.0,4.0,0.0,4,0.1993630100475,3.8358659148216248,76,912.0,True,analytical_hypothetical_hardware
16,6,64.0,4.0,0.25,1,0.1993630100475,3.995693661272526,20,240.0,True,analytical_hypothetical_hardware
16,6,64.0,4.0,0.25,2,0.1993630100475,3.995693661272526,40,480.0,True,analytical_hypothetical_hardware
16,6,64.0,4.0,0.25,4,0.1993630100475,3.995693661272526,80,960.0,True,analytical_hypothetical_hardware
16,6,64.0,4.0,0.5,1,0.1993630100475,4.155521407723427,20,240.0,True,analytical_hypothetical_hardware
16,6,64.0,4.0,0.5,2,0.1993630100475,4.155521407723427,40,480.0,True,analytical_hypothetical_hardware
16,6,64.0,4.0,0.5,4,0.1993630100475,4.155521407723427,80,960.0,True,analytical_hypothetical_hardware
16,6,64.0,4.0,1.0,1,0.1993630100475,4.475176900625229,22,264.0,True,analytical_hypothetical_hardware
16,6,64.0,4.0,1.0,2,0.1993630100475,4.475176900625229,44,528.0,True,analytical_hypothetical_hardware
16,6,64.0,4.0,1.0,4,0.1993630100475,4.475176900625229,88,1056.0,True,analytical_hypothetical_hardware
16,6,128.0,1.0,0.0,1,0.10105901004750001,3.8358659148216248,37,444.0,True,analytical_hypothetical_hardware
16,6,128.0,1.0,0.0,2,0.10105901004750001,3.8358659148216248,74,888.0,True,analytical_hypothetical_hardware
16,6,128.0,1.0,0.0,4,0.10105901004750001,3.8358659148216248,148,1776.0,True,analytical_hypothetical_hardware
16,6,128.0,1.0,0.25,1,0.10105901004750001,3.995693661272526,39,468.0,True,analytical_hypothetical_hardware
16,6,128.0,1.0,0.25,2,0.10105901004750001,3.995693661272526,78,936.0,True,analytical_hypothetical_hardware
16,6,128.0,1.0,0.25,4,0.10105901004750001,3.995693661272526,156,1872.0,True,analytical_hypothetical_hardware
16,6,128.0,1.0,0.5,1,0.10105901004750001,4.155521407723427,41,492.0,True,analytical_hypothetical_hardware
16,6,128.0,1.0,0.5,2,0.10105901004750001,4.155521407723427,82,984.0,True,analytical_hypothetical_hardware
16,6,128.0,1.0,0.5,4,0.10105901004750001,4.155521407723427,164,1968.0,True,analytical_hypothetical_hardware
16,6,128.0,1.0,1.0,1,0.10105901004750001,4.475176900625229,44,528.0,True,analytical_hypothetical_hardware
16,6,128.0,1.0,1.0,2,0.10105901004750001,4.475176900625229,88,1056.0,True,analytical_hypothetical_hardware
16,6,128.0,1.0,1.0,4,0.10105901004750001,4.475176900625229,176,2112.0,True,analytical_hypothetical_hardware
16,6,128.0,1.5,0.0,1,0.10105901004750001,3.8358659148216248,37,444.0,True,analytical_hypothetical_hardware
16,6,128.0,1.5,0.0,2,0.10105901004750001,3.8358659148216248,74,888.0,True,analytical_hypothetical_hardware
16,6,128.0,1.5,0.0,4,0.10105901004750001,3.8358659148216248,148,1776.0,True,analytical_hypothetical_hardware
16,6,128.0,1.5,0.25,1,0.10105901004750001,3.995693661272526,39,468.0,True,analytical_hypothetical_hardware
16,6,128.0,1.5,0.25,2,0.10105901004750001,3.995693661272526,78,936.0,True,analytical_hypothetical_hardware
16,6,128.0,1.5,0.25,4,0.10105901004750001,3.995693661272526,156,1872.0,True,analytical_hypothetical_hardware
16,6,128.0,1.5,0.5,1,0.10105901004750001,4.155521407723427,41,492.0,True,analytical_hypothetical_hardware
16,6,128.0,1.5,0.5,2,0.10105901004750001,4.155521407723427,82,984.0,True,analytical_hypothetical_hardware
16,6,128.0,1.5,0.5,4,0.10105901004750001,4.155521407723427,164,1968.0,True,analytical_hypothetical_hardware
16,6,128.0,1.5,1.0,1,0.10105901004750001,4.475176900625229,44,528.0,True,analytical_hypothetical_hardware
16,6,128.0,1.5,1.0,2,0.10105901004750001,4.475176900625229,88,1056.0,True,analytical_hypothetical_hardware
16,6,128.0,1.5,1.0,4,0.10105901004750001,4.475176900625229,176,2112.0,True,analytical_hypothetical_hardware
16,6,128.0,2.0,0.0,1,0.10105901004750001,3.8358659148216248,37,444.0,True,analytical_hypothetical_hardware
16,6,128.0,2.0,0.0,2,0.10105901004750001,3.8358659148216248,74,888.0,True,analytical_hypothetical_hardware
16,6,128.0,2.0,0.0,4,0.10105901004750001,3.8358659148216248,148,1776.0,True,analytical_hypothetical_hardware
16,6,128.0,2.0,0.25,1,0.10105901004750001,3.995693661272526,39,468.0,True,analytical_hypothetical_hardware
16,6,128.0,2.0,0.25,2,0.10105901004750001,3.995693661272526,78,936.0,True,analytical_hypothetical_hardware
16,6,128.0,2.0,0.25,4,0.10105901004750001,3.995693661272526,156,1872.0,True,analytical_hypothetical_hardware
16,6,128.0,2.0,0.5,1,0.10105901004750001,4.155521407723427,41,492.0,True,analytical_hypothetical_hardware
16,6,128.0,2.0,0.5,2,0.10105901004750001,4.155521407723427,82,984.0,True,analytical_hypothetical_hardware
16,6,128.0,2.0,0.5,4,0.10105901004750001,4.155521407723427,164,1968.0,True,analytical_hypothetical_hardware
16,6,128.0,2.0,1.0,1,0.10105901004750001,4.475176900625229,44,528.0,True,analytical_hypothetical_hardware
16,6,128.0,2.0,1.0,2,0.10105901004750001,4.475176900625229,88,1056.0,True,analytical_hypothetical_hardware
16,6,128.0,2.0,1.0,4,0.10105901004750001,4.475176900625229,176,2112.0,True,analytical_hypothetical_hardware
16,6,128.0,4.0,0.0,1,0.10105901004750001,3.8358659148216248,37,444.0,True,analytical_hypothetical_hardware
16,6,128.0,4.0,0.0,2,0.10105901004750001,3.8358659148216248,74,888.0,True,analytical_hypothetical_hardware
16,6,128.0,4.0,0.0,4,0.10105901004750001,3.8358659148216248,148,1776.0,True,analytical_hypothetical_hardware
16,6,128.0,4.0,0.25,1,0.10105901004750001,3.995693661272526,39,468.0,True,analytical_hypothetical_hardware
16,6,128.0,4.0,0.25,2,0.10105901004750001,3.995693661272526,78,936.0,True,analytical_hypothetical_hardware
16,6,128.0,4.0,0.25,4,0.10105901004750001,3.995693661272526,156,1872.0,True,analytical_hypothetical_hardware
16,6,128.0,4.0,0.5,1,0.10105901004750001,4.155521407723427,41,492.0,True,analytical_hypothetical_hardware
16,6,128.0,4.0,0.5,2,0.10105901004750001,4.155521407723427,82,984.0,True,analytical_hypothetical_hardware
16,6,128.0,4.0,0.5,4,0.10105901004750001,4.155521407723427,164,1968.0,True,analytical_hypothetical_hardware
16,6,128.0,4.0,1.0,1,0.10105901004750001,4.475176900625229,44,528.0,True,analytical_hypothetical_hardware
16,6,128.0,4.0,1.0,2,0.10105901004750001,4.475176900625229,88,1056.0,True,analytical_hypothetical_hardware
16,6,128.0,4.0,1.0,4,0.10105901004750001,4.475176900625229,176,2112.0,True,analytical_hypothetical_hardware
16,6,256.0,1.0,0.0,1,0.0519070100475,3.8358659148216248,73,876.0,True,analytical_hypothetical_hardware
16,6,256.0,1.0,0.0,2,0.0519070100475,3.8358659148216248,146,1752.0,True,analytical_hypothetical_hardware
16,6,256.0,1.0,0.0,4,0.0519070100475,3.8358659148216248,292,3504.0,True,analytical_hypothetical_hardware
16,6,256.0,1.0,0.25,1,0.0519070100475,3.995693661272526,76,912.0,True,analytical_hypothetical_hardware
16,6,256.0,1.0,0.25,2,0.0519070100475,3.995693661272526,152,1824.0,True,analytical_hypothetical_hardware
16,6,256.0,1.0,0.25,4,0.0519070100475,3.995693661272526,304,3648.0,True,analytical_hypothetical_hardware
16,6,256.0,1.0,0.5,1,0.0519070100475,4.155521407723427,80,960.0,True,analytical_hypothetical_hardware
16,6,256.0,1.0,0.5,2,0.0519070100475,4.155521407723427,160,1920.0,True,analytical_hypothetical_hardware
16,6,256.0,1.0,0.5,4,0.0519070100475,4.155521407723427,320,3840.0,True,analytical_hypothetical_hardware
16,6,256.0,1.0,1.0,1,0.0519070100475,4.475176900625229,86,1032.0,True,analytical_hypothetical_hardware
16,6,256.0,1.0,1.0,2,0.0519070100475,4.475176900625229,172,2064.0,True,analytical_hypothetical_hardware
16,6,256.0,1.0,1.0,4,0.0519070100475,4.475176900625229,344,4128.0,True,analytical_hypothetical_hardware
16,6,256.0,1.5,0.0,1,0.0519070100475,3.8358659148216248,73,876.0,True,analytical_hypothetical_hardware
16,6,256.0,1.5,0.0,2,0.0519070100475,3.8358659148216248,146,1752.0,True,analytical_hypothetical_hardware
16,6,256.0,1.5,0.0,4,0.0519070100475,3.8358659148216248,292,3504.0,True,analytical_hypothetical_hardware
16,6,256.0,1.5,0.25,1,0.0519070100475,3.995693661272526,76,912.0,True,analytical_hypothetical_hardware
16,6,256.0,1.5,0.25,2,0.0519070100475,3.995693661272526,152,1824.0,True,analytical_hypothetical_hardware
16,6,256.0,1.5,0.25,4,0.0519070100475,3.995693661272526,304,3648.0,True,analytical_hypothetical_hardware
16,6,256.0,1.5,0.5,1,0.0519070100475,4.155521407723427,80,960.0,True,analytical_hypothetical_hardware
16,6,256.0,1.5,0.5,2,0.0519070100475,4.155521407723427,160,1920.0,True,analytical_hypothetical_hardware
16,6,256.0,1.5,0.5,4,0.0519070100475,4.155521407723427,320,3840.0,True,analytical_hypothetical_hardware
16,6,256.0,1.5,1.0,1,0.0519070100475,4.475176900625229,86,1032.0,True,analytical_hypothetical_hardware
16,6,256.0,1.5,1.0,2,0.0519070100475,4.475176900625229,172,2064.0,True,analytical_hypothetical_hardware
16,6,256.0,1.5,1.0,4,0.0519070100475,4.475176900625229,344,4128.0,True,analytical_hypothetical_hardware
16,6,256.0,2.0,0.0,1,0.0519070100475,3.8358659148216248,73,876.0,True,analytical_hypothetical_hardware
16,6,256.0,2.0,0.0,2,0.0519070100475,3.8358659148216248,146,1752.0,True,analytical_hypothetical_hardware
16,6,256.0,2.0,0.0,4,0.0519070100475,3.8358659148216248,292,3504.0,True,analytical_hypothetical_hardware
16,6,256.0,2.0,0.25,1,0.0519070100475,3.995693661272526,76,912.0,True,analytical_hypothetical_hardware
16,6,256.0,2.0,0.25,2,0.0519070100475,3.995693661272526,152,1824.0,True,analytical_hypothetical_hardware
16,6,256.0,2.0,0.25,4,0.0519070100475,3.995693661272526,304,3648.0,True,analytical_hypothetical_hardware
16,6,256.0,2.0,0.5,1,0.0519070100475,4.155521407723427,80,960.0,True,analytical_hypothetical_hardware
16,6,256.0,2.0,0.5,2,0.0519070100475,4.155521407723427,160,1920.0,True,analytical_hypothetical_hardware
16,6,256.0,2.0,0.5,4,0.0519070100475,4.155521407723427,320,3840.0,True,analytical_hypothetical_hardware
16,6,256.0,2.0,1.0,1,0.0519070100475,4.475176900625229,86,1032.0,True,analytical_hypothetical_hardware
16,6,256.0,2.0,1.0,2,0.0519070100475,4.475176900625229,172,2064.0,True,analytical_hypothetical_hardware
16,6,256.0,2.0,1.0,4,0.0519070100475,4.475176900625229,344,4128.0,True,analytical_hypothetical_hardware
16,6,256.0,4.0,0.0,1,0.0519070100475,3.8358659148216248,73,876.0,True,analytical_hypothetical_hardware
16,6,256.0,4.0,0.0,2,0.0519070100475,3.8358659148216248,146,1752.0,True,analytical_hypothetical_hardware
16,6,256.0,4.0,0.0,4,0.0519070100475,3.8358659148216248,292,3504.0,True,analytical_hypothetical_hardware
16,6,256.0,4.0,0.25,1,0.0519070100475,3.995693661272526,76,912.0,True,analytical_hypothetical_hardware
16,6,256.0,4.0,0.25,2,0.0519070100475,3.995693661272526,152,1824.0,True,analytical_hypothetical_hardware
16,6,256.0,4.0,0.25,4,0.0519070100475,3.995693661272526,304,3648.0,True,analytical_hypothetical_hardware
16,6,256.0,4.0,0.5,1,0.0519070100475,4.155521407723427,80,960.0,True,analytical_hypothetical_hardware
16,6,256.0,4.0,0.5,2,0.0519070100475,4.155521407723427,160,1920.0,True,analytical_hypothetical_hardware
16,6,256.0,4.0,0.5,4,0.0519070100475,4.155521407723427,320,3840.0,True,analytical_hypothetical_hardware
16,6,256.0,4.0,1.0,1,0.0519070100475,4.475176900625229,86,1032.0,True,analytical_hypothetical_hardware
16,6,256.0,4.0,1.0,2,0.0519070100475,4.475176900625229,172,2064.0,True,analytical_hypothetical_hardware
16,6,256.0,4.0,1.0,4,0.0519070100475,4.475176900625229,344,4128.0,True,analytical_hypothetical_hardware
16,9,24.1354255944,1.0,0.0,1,0.5241011926861662,5.753798872232437,10,120.0,True,analytical_hypothetical_hardware
16,9,24.1354255944,1.0,0.0,2,0.5241011926861662,5.753798872232437,20,240.0,True,analytical_hypothetical_hardware
16,9,24.1354255944,1.0,0.0,4,0.5241011926861662,5.753798872232437,40,480.0,True,analytical_hypothetical_hardware
16,9,24.1354255944,1.0,0.25,1,0.5241011926861662,5.913626618683338,11,132.0,True,analytical_hypothetical_hardware
16,9,24.1354255944,1.0,0.25,2,0.5241011926861662,5.913626618683338,22,264.0,True,analytical_hypothetical_hardware
16,9,24.1354255944,1.0,0.25,4,0.5241011926861662,5.913626618683338,44,528.0,True,analytical_hypothetical_hardware
16,9,24.1354255944,1.0,0.5,1,0.5241011926861662,6.073454365134239,11,132.0,True,analytical_hypothetical_hardware
16,9,24.1354255944,1.0,0.5,2,0.5241011926861662,6.073454365134239,22,264.0,True,analytical_hypothetical_hardware
16,9,24.1354255944,1.0,0.5,4,0.5241011926861662,6.073454365134239,44,528.0,True,analytical_hypothetical_hardware
16,9,24.1354255944,1.0,1.0,1,0.5241011926861662,6.393109858036041,12,144.0,True,analytical_hypothetical_hardware
16,9,24.1354255944,1.0,1.0,2,0.5241011926861662,6.393109858036041,24,288.0,True,analytical_hypothetical_hardware
16,9,24.1354255944,1.0,1.0,4,0.5241011926861662,6.393109858036041,48,576.0,True,analytical_hypothetical_hardware
16,9,24.1354255944,1.5,0.0,1,0.5241011926861662,5.753798872232437,10,120.0,True,analytical_hypothetical_hardware
16,9,24.1354255944,1.5,0.0,2,0.5241011926861662,5.753798872232437,20,240.0,True,analytical_hypothetical_hardware
16,9,24.1354255944,1.5,0.0,4,0.5241011926861662,5.753798872232437,40,480.0,True,analytical_hypothetical_hardware
16,9,24.1354255944,1.5,0.25,1,0.5241011926861662,5.913626618683338,11,132.0,True,analytical_hypothetical_hardware
16,9,24.1354255944,1.5,0.25,2,0.5241011926861662,5.913626618683338,22,264.0,True,analytical_hypothetical_hardware
16,9,24.1354255944,1.5,0.25,4,0.5241011926861662,5.913626618683338,44,528.0,True,analytical_hypothetical_hardware
16,9,24.1354255944,1.5,0.5,1,0.5241011926861662,6.073454365134239,11,132.0,True,analytical_hypothetical_hardware
16,9,24.1354255944,1.5,0.5,2,0.5241011926861662,6.073454365134239,22,264.0,True,analytical_hypothetical_hardware
16,9,24.1354255944,1.5,0.5,4,0.5241011926861662,6.073454365134239,44,528.0,True,analytical_hypothetical_hardware
16,9,24.1354255944,1.5,1.0,1,0.5241011926861662,6.393109858036041,12,144.0,True,analytical_hypothetical_hardware
16,9,24.1354255944,1.5,1.0,2,0.5241011926861662,6.393109858036041,24,288.0,True,analytical_hypothetical_hardware
16,9,24.1354255944,1.5,1.0,4,0.5241011926861662,6.393109858036041,48,576.0,True,analytical_hypothetical_hardware
16,9,24.1354255944,2.0,0.0,1,0.5241011926861662,5.753798872232437,10,120.0,True,analytical_hypothetical_hardware
16,9,24.1354255944,2.0,0.0,2,0.5241011926861662,5.753798872232437,20,240.0,True,analytical_hypothetical_hardware
16,9,24.1354255944,2.0,0.0,4,0.5241011926861662,5.753798872232437,40,480.0,True,analytical_hypothetical_hardware
16,9,24.1354255944,2.0,0.25,1,0.5241011926861662,5.913626618683338,11,132.0,True,analytical_hypothetical_hardware
16,9,24.1354255944,2.0,0.25,2,0.5241011926861662,5.913626618683338,22,264.0,True,analytical_hypothetical_hardware
16,9,24.1354255944,2.0,0.25,4,0.5241011926861662,5.913626618683338,44,528.0,True,analytical_hypothetical_hardware
16,9,24.1354255944,2.0,0.5,1,0.5241011926861662,6.073454365134239,11,132.0,True,analytical_hypothetical_hardware
16,9,24.1354255944,2.0,0.5,2,0.5241011926861662,6.073454365134239,22,264.0,True,analytical_hypothetical_hardware
16,9,24.1354255944,2.0,0.5,4,0.5241011926861662,6.073454365134239,44,528.0,True,analytical_hypothetical_hardware
16,9,24.1354255944,2.0,1.0,1,0.5241011926861662,6.393109858036041,12,144.0,True,analytical_hypothetical_hardware
16,9,24.1354255944,2.0,1.0,2,0.5241011926861662,6.393109858036041,24,288.0,True,analytical_hypothetical_hardware
16,9,24.1354255944,2.0,1.0,4,0.5241011926861662,6.393109858036041,48,576.0,True,analytical_hypothetical_hardware
16,9,24.1354255944,4.0,0.0,1,0.5241011926861662,5.753798872232437,10,120.0,True,analytical_hypothetical_hardware
16,9,24.1354255944,4.0,0.0,2,0.5241011926861662,5.753798872232437,20,240.0,True,analytical_hypothetical_hardware
16,9,24.1354255944,4.0,0.0,4,0.5241011926861662,5.753798872232437,40,480.0,True,analytical_hypothetical_hardware
16,9,24.1354255944,4.0,0.25,1,0.5241011926861662,5.913626618683338,11,132.0,True,analytical_hypothetical_hardware
16,9,24.1354255944,4.0,0.25,2,0.5241011926861662,5.913626618683338,22,264.0,True,analytical_hypothetical_hardware
16,9,24.1354255944,4.0,0.25,4,0.5241011926861662,5.913626618683338,44,528.0,True,analytical_hypothetical_hardware
16,9,24.1354255944,4.0,0.5,1,0.5241011926861662,6.073454365134239,11,132.0,True,analytical_hypothetical_hardware
16,9,24.1354255944,4.0,0.5,2,0.5241011926861662,6.073454365134239,22,264.0,True,analytical_hypothetical_hardware
16,9,24.1354255944,4.0,0.5,4,0.5241011926861662,6.073454365134239,44,528.0,True,analytical_hypothetical_hardware
16,9,24.1354255944,4.0,1.0,1,0.5241011926861662,6.393109858036041,12,144.0,True,analytical_hypothetical_hardware
16,9,24.1354255944,4.0,1.0,2,0.5241011926861662,6.393109858036041,24,288.0,True,analytical_hypothetical_hardware
16,9,24.1354255944,4.0,1.0,4,0.5241011926861662,6.393109858036041,48,576.0,True,analytical_hypothetical_hardware
16,9,64.0,1.0,0.0,1,0.1993630100475,5.753798872232437,28,336.0,True,analytical_hypothetical_hardware
16,9,64.0,1.0,0.0,2,0.1993630100475,5.753798872232437,56,672.0,True,analytical_hypothetical_hardware
16,9,64.0,1.0,0.0,4,0.1993630100475,5.753798872232437,112,1344.0,True,analytical_hypothetical_hardware
16,9,64.0,1.0,0.25,1,0.1993630100475,5.913626618683338,29,348.0,True,analytical_hypothetical_hardware
16,9,64.0,1.0,0.25,2,0.1993630100475,5.913626618683338,58,696.0,True,analytical_hypothetical_hardware
16,9,64.0,1.0,0.25,4,0.1993630100475,5.913626618683338,116,1392.0,True,analytical_hypothetical_hardware
16,9,64.0,1.0,0.5,1,0.1993630100475,6.073454365134239,30,360.0,True,analytical_hypothetical_hardware
16,9,64.0,1.0,0.5,2,0.1993630100475,6.073454365134239,60,720.0,True,analytical_hypothetical_hardware
16,9,64.0,1.0,0.5,4,0.1993630100475,6.073454365134239,120,1440.0,True,analytical_hypothetical_hardware
16,9,64.0,1.0,1.0,1,0.1993630100475,6.393109858036041,32,384.0,True,analytical_hypothetical_hardware
16,9,64.0,1.0,1.0,2,0.1993630100475,6.393109858036041,64,768.0,True,analytical_hypothetical_hardware
16,9,64.0,1.0,1.0,4,0.1993630100475,6.393109858036041,128,1536.0,True,analytical_hypothetical_hardware
16,9,64.0,1.5,0.0,1,0.1993630100475,5.753798872232437,28,336.0,True,analytical_hypothetical_hardware
16,9,64.0,1.5,0.0,2,0.1993630100475,5.753798872232437,56,672.0,True,analytical_hypothetical_hardware
16,9,64.0,1.5,0.0,4,0.1993630100475,5.753798872232437,112,1344.0,True,analytical_hypothetical_hardware
16,9,64.0,1.5,0.25,1,0.1993630100475,5.913626618683338,29,348.0,True,analytical_hypothetical_hardware
16,9,64.0,1.5,0.25,2,0.1993630100475,5.913626618683338,58,696.0,True,analytical_hypothetical_hardware
16,9,64.0,1.5,0.25,4,0.1993630100475,5.913626618683338,116,1392.0,True,analytical_hypothetical_hardware
16,9,64.0,1.5,0.5,1,0.1993630100475,6.073454365134239,30,360.0,True,analytical_hypothetical_hardware
16,9,64.0,1.5,0.5,2,0.1993630100475,6.073454365134239,60,720.0,True,analytical_hypothetical_hardware
16,9,64.0,1.5,0.5,4,0.1993630100475,6.073454365134239,120,1440.0,True,analytical_hypothetical_hardware
16,9,64.0,1.5,1.0,1,0.1993630100475,6.393109858036041,32,384.0,True,analytical_hypothetical_hardware
16,9,64.0,1.5,1.0,2,0.1993630100475,6.393109858036041,64,768.0,True,analytical_hypothetical_hardware
16,9,64.0,1.5,1.0,4,0.1993630100475,6.393109858036041,128,1536.0,True,analytical_hypothetical_hardware
16,9,64.0,2.0,0.0,1,0.1993630100475,5.753798872232437,28,336.0,True,analytical_hypothetical_hardware
16,9,64.0,2.0,0.0,2,0.1993630100475,5.753798872232437,56,672.0,True,analytical_hypothetical_hardware
16,9,64.0,2.0,0.0,4,0.1993630100475,5.753798872232437,112,1344.0,True,analytical_hypothetical_hardware
16,9,64.0,2.0,0.25,1,0.1993630100475,5.913626618683338,29,348.0,True,analytical_hypothetical_hardware
16,9,64.0,2.0,0.25,2,0.1993630100475,5.913626618683338,58,696.0,True,analytical_hypothetical_hardware
16,9,64.0,2.0,0.25,4,0.1993630100475,5.913626618683338,116,1392.0,True,analytical_hypothetical_hardware
16,9,64.0,2.0,0.5,1,0.1993630100475,6.073454365134239,30,360.0,True,analytical_hypothetical_hardware
16,9,64.0,2.0,0.5,2,0.1993630100475,6.073454365134239,60,720.0,True,analytical_hypothetical_hardware
16,9,64.0,2.0,0.5,4,0.1993630100475,6.073454365134239,120,1440.0,True,analytical_hypothetical_hardware
16,9,64.0,2.0,1.0,1,0.1993630100475,6.393109858036041,32,384.0,True,analytical_hypothetical_hardware
16,9,64.0,2.0,1.0,2,0.1993630100475,6.393109858036041,64,768.0,True,analytical_hypothetical_hardware
16,9,64.0,2.0,1.0,4,0.1993630100475,6.393109858036041,128,1536.0,True,analytical_hypothetical_hardware
16,9,64.0,4.0,0.0,1,0.1993630100475,5.753798872232437,28,336.0,True,analytical_hypothetical_hardware
16,9,64.0,4.0,0.0,2,0.1993630100475,5.753798872232437,56,672.0,True,analytical_hypothetical_hardware
16,9,64.0,4.0,0.0,4,0.1993630100475,5.753798872232437,112,1344.0,True,analytical_hypothetical_hardware
16,9,64.0,4.0,0.25,1,0.1993630100475,5.913626618683338,29,348.0,True,analytical_hypothetical_hardware
16,9,64.0,4.0,0.25,2,0.1993630100475,5.913626618683338,58,696.0,True,analytical_hypothetical_hardware
16,9,64.0,4.0,0.25,4,0.1993630100475,5.913626618683338,116,1392.0,True,analytical_hypothetical_hardware
16,9,64.0,4.0,0.5,1,0.1993630100475,6.073454365134239,30,360.0,True,analytical_hypothetical_hardware
16,9,64.0,4.0,0.5,2,0.1993630100475,6.073454365134239,60,720.0,True,analytical_hypothetical_hardware
16,9,64.0,4.0,0.5,4,0.1993630100475,6.073454365134239,120,1440.0,True,analytical_hypothetical_hardware
16,9,64.0,4.0,1.0,1,0.1993630100475,6.393109858036041,32,384.0,True,analytical_hypothetical_hardware
16,9,64.0,4.0,1.0,2,0.1993630100475,6.393109858036041,64,768.0,True,analytical_hypothetical_hardware
16,9,64.0,4.0,1.0,4,0.1993630100475,6.393109858036041,128,1536.0,True,analytical_hypothetical_hardware
16,9,128.0,1.0,0.0,1,0.10105901004750001,5.753798872232437,56,672.0,True,analytical_hypothetical_hardware
16,9,128.0,1.0,0.0,2,0.10105901004750001,5.753798872232437,112,1344.0,True,analytical_hypothetical_hardware
16,9,128.0,1.0,0.0,4,0.10105901004750001,5.753798872232437,224,2688.0,True,analytical_hypothetical_hardware
16,9,128.0,1.0,0.25,1,0.10105901004750001,5.913626618683338,58,696.0,True,analytical_hypothetical_hardware
16,9,128.0,1.0,0.25,2,0.10105901004750001,5.913626618683338,116,1392.0,True,analytical_hypothetical_hardware
16,9,128.0,1.0,0.25,4,0.10105901004750001,5.913626618683338,232,2784.0,True,analytical_hypothetical_hardware
16,9,128.0,1.0,0.5,1,0.10105901004750001,6.073454365134239,60,720.0,True,analytical_hypothetical_hardware
16,9,128.0,1.0,0.5,2,0.10105901004750001,6.073454365134239,120,1440.0,True,analytical_hypothetical_hardware
16,9,128.0,1.0,0.5,4,0.10105901004750001,6.073454365134239,240,2880.0,True,analytical_hypothetical_hardware
16,9,128.0,1.0,1.0,1,0.10105901004750001,6.393109858036041,63,756.0,True,analytical_hypothetical_hardware
16,9,128.0,1.0,1.0,2,0.10105901004750001,6.393109858036041,126,1512.0,True,analytical_hypothetical_hardware
16,9,128.0,1.0,1.0,4,0.10105901004750001,6.393109858036041,252,3024.0,True,analytical_hypothetical_hardware
16,9,128.0,1.5,0.0,1,0.10105901004750001,5.753798872232437,56,672.0,True,analytical_hypothetical_hardware
16,9,128.0,1.5,0.0,2,0.10105901004750001,5.753798872232437,112,1344.0,True,analytical_hypothetical_hardware
16,9,128.0,1.5,0.0,4,0.10105901004750001,5.753798872232437,224,2688.0,True,analytical_hypothetical_hardware
16,9,128.0,1.5,0.25,1,0.10105901004750001,5.913626618683338,58,696.0,True,analytical_hypothetical_hardware
16,9,128.0,1.5,0.25,2,0.10105901004750001,5.913626618683338,116,1392.0,True,analytical_hypothetical_hardware
16,9,128.0,1.5,0.25,4,0.10105901004750001,5.913626618683338,232,2784.0,True,analytical_hypothetical_hardware
16,9,128.0,1.5,0.5,1,0.10105901004750001,6.073454365134239,60,720.0,True,analytical_hypothetical_hardware
16,9,128.0,1.5,0.5,2,0.10105901004750001,6.073454365134239,120,1440.0,True,analytical_hypothetical_hardware
16,9,128.0,1.5,0.5,4,0.10105901004750001,6.073454365134239,240,2880.0,True,analytical_hypothetical_hardware
16,9,128.0,1.5,1.0,1,0.10105901004750001,6.393109858036041,63,756.0,True,analytical_hypothetical_hardware
16,9,128.0,1.5,1.0,2,0.10105901004750001,6.393109858036041,126,1512.0,True,analytical_hypothetical_hardware
16,9,128.0,1.5,1.0,4,0.10105901004750001,6.393109858036041,252,3024.0,True,analytical_hypothetical_hardware
16,9,128.0,2.0,0.0,1,0.10105901004750001,5.753798872232437,56,672.0,True,analytical_hypothetical_hardware
16,9,128.0,2.0,0.0,2,0.10105901004750001,5.753798872232437,112,1344.0,True,analytical_hypothetical_hardware
16,9,128.0,2.0,0.0,4,0.10105901004750001,5.753798872232437,224,2688.0,True,analytical_hypothetical_hardware
16,9,128.0,2.0,0.25,1,0.10105901004750001,5.913626618683338,58,696.0,True,analytical_hypothetical_hardware
16,9,128.0,2.0,0.25,2,0.10105901004750001,5.913626618683338,116,1392.0,True,analytical_hypothetical_hardware
16,9,128.0,2.0,0.25,4,0.10105901004750001,5.913626618683338,232,2784.0,True,analytical_hypothetical_hardware
16,9,128.0,2.0,0.5,1,0.10105901004750001,6.073454365134239,60,720.0,True,analytical_hypothetical_hardware
16,9,128.0,2.0,0.5,2,0.10105901004750001,6.073454365134239,120,1440.0,True,analytical_hypothetical_hardware
16,9,128.0,2.0,0.5,4,0.10105901004750001,6.073454365134239,240,2880.0,True,analytical_hypothetical_hardware
16,9,128.0,2.0,1.0,1,0.10105901004750001,6.393109858036041,63,756.0,True,analytical_hypothetical_hardware
16,9,128.0,2.0,1.0,2,0.10105901004750001,6.393109858036041,126,1512.0,True,analytical_hypothetical_hardware
16,9,128.0,2.0,1.0,4,0.10105901004750001,6.393109858036041,252,3024.0,True,analytical_hypothetical_hardware
16,9,128.0,4.0,0.0,1,0.10105901004750001,5.753798872232437,56,672.0,True,analytical_hypothetical_hardware
16,9,128.0,4.0,0.0,2,0.10105901004750001,5.753798872232437,112,1344.0,True,analytical_hypothetical_hardware
16,9,128.0,4.0,0.0,4,0.10105901004750001,5.753798872232437,224,2688.0,True,analytical_hypothetical_hardware
16,9,128.0,4.0,0.25,1,0.10105901004750001,5.913626618683338,58,696.0,True,analytical_hypothetical_hardware
16,9,128.0,4.0,0.25,2,0.10105901004750001,5.913626618683338,116,1392.0,True,analytical_hypothetical_hardware
16,9,128.0,4.0,0.25,4,0.10105901004750001,5.913626618683338,232,2784.0,True,analytical_hypothetical_hardware
16,9,128.0,4.0,0.5,1,0.10105901004750001,6.073454365134239,60,720.0,True,analytical_hypothetical_hardware
16,9,128.0,4.0,0.5,2,0.10105901004750001,6.073454365134239,120,1440.0,True,analytical_hypothetical_hardware
16,9,128.0,4.0,0.5,4,0.10105901004750001,6.073454365134239,240,2880.0,True,analytical_hypothetical_hardware
16,9,128.0,4.0,1.0,1,0.10105901004750001,6.393109858036041,63,756.0,True,analytical_hypothetical_hardware
16,9,128.0,4.0,1.0,2,0.10105901004750001,6.393109858036041,126,1512.0,True,analytical_hypothetical_hardware
16,9,128.0,4.0,1.0,4,0.10105901004750001,6.393109858036041,252,3024.0,True,analytical_hypothetical_hardware
16,9,256.0,1.0,0.0,1,0.0519070100475,5.753798872232437,110,1320.0,True,analytical_hypothetical_hardware
16,9,256.0,1.0,0.0,2,0.0519070100475,5.753798872232437,220,2640.0,True,analytical_hypothetical_hardware
16,9,256.0,1.0,0.0,4,0.0519070100475,5.753798872232437,440,5280.0,True,analytical_hypothetical_hardware
16,9,256.0,1.0,0.25,1,0.0519070100475,5.913626618683338,113,1356.0,True,analytical_hypothetical_hardware
16,9,256.0,1.0,0.25,2,0.0519070100475,5.913626618683338,226,2712.0,True,analytical_hypothetical_hardware
16,9,256.0,1.0,0.25,4,0.0519070100475,5.913626618683338,452,5424.0,True,analytical_hypothetical_hardware
16,9,256.0,1.0,0.5,1,0.0519070100475,6.073454365134239,117,1404.0,True,analytical_hypothetical_hardware
16,9,256.0,1.0,0.5,2,0.0519070100475,6.073454365134239,234,2808.0,True,analytical_hypothetical_hardware
16,9,256.0,1.0,0.5,4,0.0519070100475,6.073454365134239,468,5616.0,True,analytical_hypothetical_hardware
16,9,256.0,1.0,1.0,1,0.0519070100475,6.393109858036041,123,1476.0,True,analytical_hypothetical_hardware
16,9,256.0,1.0,1.0,2,0.0519070100475,6.393109858036041,246,2952.0,True,analytical_hypothetical_hardware
16,9,256.0,1.0,1.0,4,0.0519070100475,6.393109858036041,492,5904.0,True,analytical_hypothetical_hardware
16,9,256.0,1.5,0.0,1,0.0519070100475,5.753798872232437,110,1320.0,True,analytical_hypothetical_hardware
16,9,256.0,1.5,0.0,2,0.0519070100475,5.753798872232437,220,2640.0,True,analytical_hypothetical_hardware
16,9,256.0,1.5,0.0,4,0.0519070100475,5.753798872232437,440,5280.0,True,analytical_hypothetical_hardware
16,9,256.0,1.5,0.25,1,0.0519070100475,5.913626618683338,113,1356.0,True,analytical_hypothetical_hardware
16,9,256.0,1.5,0.25,2,0.0519070100475,5.913626618683338,226,2712.0,True,analytical_hypothetical_hardware
16,9,256.0,1.5,0.25,4,0.0519070100475,5.913626618683338,452,5424.0,True,analytical_hypothetical_hardware
16,9,256.0,1.5,0.5,1,0.0519070100475,6.073454365134239,117,1404.0,True,analytical_hypothetical_hardware
16,9,256.0,1.5,0.5,2,0.0519070100475,6.073454365134239,234,2808.0,True,analytical_hypothetical_hardware
16,9,256.0,1.5,0.5,4,0.0519070100475,6.073454365134239,468,5616.0,True,analytical_hypothetical_hardware
16,9,256.0,1.5,1.0,1,0.0519070100475,6.393109858036041,123,1476.0,True,analytical_hypothetical_hardware
16,9,256.0,1.5,1.0,2,0.0519070100475,6.393109858036041,246,2952.0,True,analytical_hypothetical_hardware
16,9,256.0,1.5,1.0,4,0.0519070100475,6.393109858036041,492,5904.0,True,analytical_hypothetical_hardware
16,9,256.0,2.0,0.0,1,0.0519070100475,5.753798872232437,110,1320.0,True,analytical_hypothetical_hardware
16,9,256.0,2.0,0.0,2,0.0519070100475,5.753798872232437,220,2640.0,True,analytical_hypothetical_hardware
16,9,256.0,2.0,0.0,4,0.0519070100475,5.753798872232437,440,5280.0,True,analytical_hypothetical_hardware
16,9,256.0,2.0,0.25,1,0.0519070100475,5.913626618683338,113,1356.0,True,analytical_hypothetical_hardware
16,9,256.0,2.0,0.25,2,0.0519070100475,5.913626618683338,226,2712.0,True,analytical_hypothetical_hardware
16,9,256.0,2.0,0.25,4,0.0519070100475,5.913626618683338,452,5424.0,True,analytical_hypothetical_hardware
16,9,256.0,2.0,0.5,1,0.0519070100475,6.073454365134239,117,1404.0,True,analytical_hypothetical_hardware
16,9,256.0,2.0,0.5,2,0.0519070100475,6.073454365134239,234,2808.0,True,analytical_hypothetical_hardware
16,9,256.0,2.0,0.5,4,0.0519070100475,6.073454365134239,468,5616.0,True,analytical_hypothetical_hardware
16,9,256.0,2.0,1.0,1,0.0519070100475,6.393109858036041,123,1476.0,True,analytical_hypothetical_hardware
16,9,256.0,2.0,1.0,2,0.0519070100475,6.393109858036041,246,2952.0,True,analytical_hypothetical_hardware
16,9,256.0,2.0,1.0,4,0.0519070100475,6.393109858036041,492,5904.0,True,analytical_hypothetical_hardware
16,9,256.0,4.0,0.0,1,0.0519070100475,5.753798872232437,110,1320.0,True,analytical_hypothetical_hardware
16,9,256.0,4.0,0.0,2,0.0519070100475,5.753798872232437,220,2640.0,True,analytical_hypothetical_hardware
16,9,256.0,4.0,0.0,4,0.0519070100475,5.753798872232437,440,5280.0,True,analytical_hypothetical_hardware
16,9,256.0,4.0,0.25,1,0.0519070100475,5.913626618683338,113,1356.0,True,analytical_hypothetical_hardware
16,9,256.0,4.0,0.25,2,0.0519070100475,5.913626618683338,226,2712.0,True,analytical_hypothetical_hardware
16,9,256.0,4.0,0.25,4,0.0519070100475,5.913626618683338,452,5424.0,True,analytical_hypothetical_hardware
16,9,256.0,4.0,0.5,1,0.0519070100475,6.073454365134239,117,1404.0,True,analytical_hypothetical_hardware
16,9,256.0,4.0,0.5,2,0.0519070100475,6.073454365134239,234,2808.0,True,analytical_hypothetical_hardware
16,9,256.0,4.0,0.5,4,0.0519070100475,6.073454365134239,468,5616.0,True,analytical_hypothetical_hardware
16,9,256.0,4.0,1.0,1,0.0519070100475,6.393109858036041,123,1476.0,True,analytical_hypothetical_hardware
16,9,256.0,4.0,1.0,2,0.0519070100475,6.393109858036041,246,2952.0,True,analytical_hypothetical_hardware
16,9,256.0,4.0,1.0,4,0.0519070100475,6.393109858036041,492,5904.0,True,analytical_hypothetical_hardware
32,1,24.1354255944,1.0,0.0,1,0.5241011926861662,0.6393109858036041,1,12.0,True,analytical_hypothetical_hardware
32,1,24.1354255944,1.0,0.0,2,0.5241011926861662,0.6393109858036041,2,24.0,True,analytical_hypothetical_hardware
32,1,24.1354255944,1.0,0.0,4,0.5241011926861662,0.6393109858036041,4,48.0,True,analytical_hypothetical_hardware
32,1,24.1354255944,1.0,0.25,1,0.5241011926861662,0.7991387322545052,1,12.0,True,analytical_hypothetical_hardware
32,1,24.1354255944,1.0,0.25,2,0.5241011926861662,0.7991387322545052,2,24.0,True,analytical_hypothetical_hardware
32,1,24.1354255944,1.0,0.25,4,0.5241011926861662,0.7991387322545052,4,48.0,True,analytical_hypothetical_hardware
32,1,24.1354255944,1.0,0.5,1,0.5241011926861662,0.9589664787054062,1,12.0,True,analytical_hypothetical_hardware
32,1,24.1354255944,1.0,0.5,2,0.5241011926861662,0.9589664787054062,2,24.0,True,analytical_hypothetical_hardware
32,1,24.1354255944,1.0,0.5,4,0.5241011926861662,0.9589664787054062,4,48.0,True,analytical_hypothetical_hardware
32,1,24.1354255944,1.0,1.0,1,0.5241011926861662,1.2786219716072083,2,24.0,True,analytical_hypothetical_hardware
32,1,24.1354255944,1.0,1.0,2,0.5241011926861662,1.2786219716072083,4,48.0,True,analytical_hypothetical_hardware
32,1,24.1354255944,1.0,1.0,4,0.5241011926861662,1.2786219716072083,8,96.0,True,analytical_hypothetical_hardware
32,1,24.1354255944,1.5,0.0,1,0.5241011926861662,0.6393109858036041,1,12.0,True,analytical_hypothetical_hardware
32,1,24.1354255944,1.5,0.0,2,0.5241011926861662,0.6393109858036041,2,24.0,True,analytical_hypothetical_hardware
32,1,24.1354255944,1.5,0.0,4,0.5241011926861662,0.6393109858036041,4,48.0,True,analytical_hypothetical_hardware
32,1,24.1354255944,1.5,0.25,1,0.5241011926861662,0.7991387322545052,1,12.0,True,analytical_hypothetical_hardware
32,1,24.1354255944,1.5,0.25,2,0.5241011926861662,0.7991387322545052,2,24.0,True,analytical_hypothetical_hardware
32,1,24.1354255944,1.5,0.25,4,0.5241011926861662,0.7991387322545052,4,48.0,True,analytical_hypothetical_hardware
32,1,24.1354255944,1.5,0.5,1,0.5241011926861662,0.9589664787054062,1,12.0,True,analytical_hypothetical_hardware
32,1,24.1354255944,1.5,0.5,2,0.5241011926861662,0.9589664787054062,2,24.0,True,analytical_hypothetical_hardware
32,1,24.1354255944,1.5,0.5,4,0.5241011926861662,0.9589664787054062,4,48.0,True,analytical_hypothetical_hardware
32,1,24.1354255944,1.5,1.0,1,0.5241011926861662,1.2786219716072083,2,24.0,True,analytical_hypothetical_hardware
32,1,24.1354255944,1.5,1.0,2,0.5241011926861662,1.2786219716072083,4,48.0,True,analytical_hypothetical_hardware
32,1,24.1354255944,1.5,1.0,4,0.5241011926861662,1.2786219716072083,8,96.0,True,analytical_hypothetical_hardware
32,1,24.1354255944,2.0,0.0,1,0.5241011926861662,0.6393109858036041,1,12.0,True,analytical_hypothetical_hardware
32,1,24.1354255944,2.0,0.0,2,0.5241011926861662,0.6393109858036041,2,24.0,True,analytical_hypothetical_hardware
32,1,24.1354255944,2.0,0.0,4,0.5241011926861662,0.6393109858036041,4,48.0,True,analytical_hypothetical_hardware
32,1,24.1354255944,2.0,0.25,1,0.5241011926861662,0.7991387322545052,1,12.0,True,analytical_hypothetical_hardware
32,1,24.1354255944,2.0,0.25,2,0.5241011926861662,0.7991387322545052,2,24.0,True,analytical_hypothetical_hardware
32,1,24.1354255944,2.0,0.25,4,0.5241011926861662,0.7991387322545052,4,48.0,True,analytical_hypothetical_hardware
32,1,24.1354255944,2.0,0.5,1,0.5241011926861662,0.9589664787054062,1,12.0,True,analytical_hypothetical_hardware
32,1,24.1354255944,2.0,0.5,2,0.5241011926861662,0.9589664787054062,2,24.0,True,analytical_hypothetical_hardware
32,1,24.1354255944,2.0,0.5,4,0.5241011926861662,0.9589664787054062,4,48.0,True,analytical_hypothetical_hardware
32,1,24.1354255944,2.0,1.0,1,0.5241011926861662,1.2786219716072083,2,24.0,True,analytical_hypothetical_hardware
32,1,24.1354255944,2.0,1.0,2,0.5241011926861662,1.2786219716072083,4,48.0,True,analytical_hypothetical_hardware
32,1,24.1354255944,2.0,1.0,4,0.5241011926861662,1.2786219716072083,8,96.0,True,analytical_hypothetical_hardware
32,1,24.1354255944,4.0,0.0,1,0.5241011926861662,0.6393109858036041,1,12.0,True,analytical_hypothetical_hardware
32,1,24.1354255944,4.0,0.0,2,0.5241011926861662,0.6393109858036041,2,24.0,True,analytical_hypothetical_hardware
32,1,24.1354255944,4.0,0.0,4,0.5241011926861662,0.6393109858036041,4,48.0,True,analytical_hypothetical_hardware
32,1,24.1354255944,4.0,0.25,1,0.5241011926861662,0.7991387322545052,1,12.0,True,analytical_hypothetical_hardware
32,1,24.1354255944,4.0,0.25,2,0.5241011926861662,0.7991387322545052,2,24.0,True,analytical_hypothetical_hardware
32,1,24.1354255944,4.0,0.25,4,0.5241011926861662,0.7991387322545052,4,48.0,True,analytical_hypothetical_hardware
32,1,24.1354255944,4.0,0.5,1,0.5241011926861662,0.9589664787054062,1,12.0,True,analytical_hypothetical_hardware
32,1,24.1354255944,4.0,0.5,2,0.5241011926861662,0.9589664787054062,2,24.0,True,analytical_hypothetical_hardware
32,1,24.1354255944,4.0,0.5,4,0.5241011926861662,0.9589664787054062,4,48.0,True,analytical_hypothetical_hardware
32,1,24.1354255944,4.0,1.0,1,0.5241011926861662,1.2786219716072083,2,24.0,True,analytical_hypothetical_hardware
32,1,24.1354255944,4.0,1.0,2,0.5241011926861662,1.2786219716072083,4,48.0,True,analytical_hypothetical_hardware
32,1,24.1354255944,4.0,1.0,4,0.5241011926861662,1.2786219716072083,8,96.0,True,analytical_hypothetical_hardware
32,1,64.0,1.0,0.0,1,0.1993630100475,0.6393109858036041,3,36.0,True,analytical_hypothetical_hardware
32,1,64.0,1.0,0.0,2,0.1993630100475,0.6393109858036041,6,72.0,True,analytical_hypothetical_hardware
32,1,64.0,1.0,0.0,4,0.1993630100475,0.6393109858036041,12,144.0,True,analytical_hypothetical_hardware
32,1,64.0,1.0,0.25,1,0.1993630100475,0.7991387322545052,4,48.0,True,analytical_hypothetical_hardware
32,1,64.0,1.0,0.25,2,0.1993630100475,0.7991387322545052,8,96.0,True,analytical_hypothetical_hardware
32,1,64.0,1.0,0.25,4,0.1993630100475,0.7991387322545052,16,192.0,True,analytical_hypothetical_hardware
32,1,64.0,1.0,0.5,1,0.1993630100475,0.9589664787054062,4,48.0,True,analytical_hypothetical_hardware
32,1,64.0,1.0,0.5,2,0.1993630100475,0.9589664787054062,8,96.0,True,analytical_hypothetical_hardware
32,1,64.0,1.0,0.5,4,0.1993630100475,0.9589664787054062,16,192.0,True,analytical_hypothetical_hardware
32,1,64.0,1.0,1.0,1,0.1993630100475,1.2786219716072083,6,72.0,True,analytical_hypothetical_hardware
32,1,64.0,1.0,1.0,2,0.1993630100475,1.2786219716072083,12,144.0,True,analytical_hypothetical_hardware
32,1,64.0,1.0,1.0,4,0.1993630100475,1.2786219716072083,24,288.0,True,analytical_hypothetical_hardware
32,1,64.0,1.5,0.0,1,0.1993630100475,0.6393109858036041,3,36.0,True,analytical_hypothetical_hardware
32,1,64.0,1.5,0.0,2,0.1993630100475,0.6393109858036041,6,72.0,True,analytical_hypothetical_hardware
32,1,64.0,1.5,0.0,4,0.1993630100475,0.6393109858036041,12,144.0,True,analytical_hypothetical_hardware
32,1,64.0,1.5,0.25,1,0.1993630100475,0.7991387322545052,4,48.0,True,analytical_hypothetical_hardware
32,1,64.0,1.5,0.25,2,0.1993630100475,0.7991387322545052,8,96.0,True,analytical_hypothetical_hardware
32,1,64.0,1.5,0.25,4,0.1993630100475,0.7991387322545052,16,192.0,True,analytical_hypothetical_hardware
32,1,64.0,1.5,0.5,1,0.1993630100475,0.9589664787054062,4,48.0,True,analytical_hypothetical_hardware
32,1,64.0,1.5,0.5,2,0.1993630100475,0.9589664787054062,8,96.0,True,analytical_hypothetical_hardware
32,1,64.0,1.5,0.5,4,0.1993630100475,0.9589664787054062,16,192.0,True,analytical_hypothetical_hardware
32,1,64.0,1.5,1.0,1,0.1993630100475,1.2786219716072083,6,72.0,True,analytical_hypothetical_hardware
32,1,64.0,1.5,1.0,2,0.1993630100475,1.2786219716072083,12,144.0,True,analytical_hypothetical_hardware
32,1,64.0,1.5,1.0,4,0.1993630100475,1.2786219716072083,24,288.0,True,analytical_hypothetical_hardware
32,1,64.0,2.0,0.0,1,0.1993630100475,0.6393109858036041,3,36.0,True,analytical_hypothetical_hardware
32,1,64.0,2.0,0.0,2,0.1993630100475,0.6393109858036041,6,72.0,True,analytical_hypothetical_hardware
32,1,64.0,2.0,0.0,4,0.1993630100475,0.6393109858036041,12,144.0,True,analytical_hypothetical_hardware
32,1,64.0,2.0,0.25,1,0.1993630100475,0.7991387322545052,4,48.0,True,analytical_hypothetical_hardware
32,1,64.0,2.0,0.25,2,0.1993630100475,0.7991387322545052,8,96.0,True,analytical_hypothetical_hardware
32,1,64.0,2.0,0.25,4,0.1993630100475,0.7991387322545052,16,192.0,True,analytical_hypothetical_hardware
32,1,64.0,2.0,0.5,1,0.1993630100475,0.9589664787054062,4,48.0,True,analytical_hypothetical_hardware
32,1,64.0,2.0,0.5,2,0.1993630100475,0.9589664787054062,8,96.0,True,analytical_hypothetical_hardware
32,1,64.0,2.0,0.5,4,0.1993630100475,0.9589664787054062,16,192.0,True,analytical_hypothetical_hardware
32,1,64.0,2.0,1.0,1,0.1993630100475,1.2786219716072083,6,72.0,True,analytical_hypothetical_hardware
32,1,64.0,2.0,1.0,2,0.1993630100475,1.2786219716072083,12,144.0,True,analytical_hypothetical_hardware
32,1,64.0,2.0,1.0,4,0.1993630100475,1.2786219716072083,24,288.0,True,analytical_hypothetical_hardware
32,1,64.0,4.0,0.0,1,0.1993630100475,0.6393109858036041,3,36.0,True,analytical_hypothetical_hardware
32,1,64.0,4.0,0.0,2,0.1993630100475,0.6393109858036041,6,72.0,True,analytical_hypothetical_hardware
32,1,64.0,4.0,0.0,4,0.1993630100475,0.6393109858036041,12,144.0,True,analytical_hypothetical_hardware
32,1,64.0,4.0,0.25,1,0.1993630100475,0.7991387322545052,4,48.0,True,analytical_hypothetical_hardware
32,1,64.0,4.0,0.25,2,0.1993630100475,0.7991387322545052,8,96.0,True,analytical_hypothetical_hardware
32,1,64.0,4.0,0.25,4,0.1993630100475,0.7991387322545052,16,192.0,True,analytical_hypothetical_hardware
32,1,64.0,4.0,0.5,1,0.1993630100475,0.9589664787054062,4,48.0,True,analytical_hypothetical_hardware
32,1,64.0,4.0,0.5,2,0.1993630100475,0.9589664787054062,8,96.0,True,analytical_hypothetical_hardware
32,1,64.0,4.0,0.5,4,0.1993630100475,0.9589664787054062,16,192.0,True,analytical_hypothetical_hardware
32,1,64.0,4.0,1.0,1,0.1993630100475,1.2786219716072083,6,72.0,True,analytical_hypothetical_hardware
32,1,64.0,4.0,1.0,2,0.1993630100475,1.2786219716072083,12,144.0,True,analytical_hypothetical_hardware
32,1,64.0,4.0,1.0,4,0.1993630100475,1.2786219716072083,24,288.0,True,analytical_hypothetical_hardware
32,1,128.0,1.0,0.0,1,0.10105901004750001,0.6393109858036041,6,72.0,True,analytical_hypothetical_hardware
32,1,128.0,1.0,0.0,2,0.10105901004750001,0.6393109858036041,12,144.0,True,analytical_hypothetical_hardware
32,1,128.0,1.0,0.0,4,0.10105901004750001,0.6393109858036041,24,288.0,True,analytical_hypothetical_hardware
32,1,128.0,1.0,0.25,1,0.10105901004750001,0.7991387322545052,7,84.0,True,analytical_hypothetical_hardware
32,1,128.0,1.0,0.25,2,0.10105901004750001,0.7991387322545052,14,168.0,True,analytical_hypothetical_hardware
32,1,128.0,1.0,0.25,4,0.10105901004750001,0.7991387322545052,28,336.0,True,analytical_hypothetical_hardware
32,1,128.0,1.0,0.5,1,0.10105901004750001,0.9589664787054062,9,108.0,True,analytical_hypothetical_hardware
32,1,128.0,1.0,0.5,2,0.10105901004750001,0.9589664787054062,18,216.0,True,analytical_hypothetical_hardware
32,1,128.0,1.0,0.5,4,0.10105901004750001,0.9589664787054062,36,432.0,True,analytical_hypothetical_hardware
32,1,128.0,1.0,1.0,1,0.10105901004750001,1.2786219716072083,12,144.0,True,analytical_hypothetical_hardware
32,1,128.0,1.0,1.0,2,0.10105901004750001,1.2786219716072083,24,288.0,True,analytical_hypothetical_hardware
32,1,128.0,1.0,1.0,4,0.10105901004750001,1.2786219716072083,48,576.0,True,analytical_hypothetical_hardware
32,1,128.0,1.5,0.0,1,0.10105901004750001,0.6393109858036041,6,72.0,True,analytical_hypothetical_hardware
32,1,128.0,1.5,0.0,2,0.10105901004750001,0.6393109858036041,12,144.0,True,analytical_hypothetical_hardware
32,1,128.0,1.5,0.0,4,0.10105901004750001,0.6393109858036041,24,288.0,True,analytical_hypothetical_hardware
32,1,128.0,1.5,0.25,1,0.10105901004750001,0.7991387322545052,7,84.0,True,analytical_hypothetical_hardware
32,1,128.0,1.5,0.25,2,0.10105901004750001,0.7991387322545052,14,168.0,True,analytical_hypothetical_hardware
32,1,128.0,1.5,0.25,4,0.10105901004750001,0.7991387322545052,28,336.0,True,analytical_hypothetical_hardware
32,1,128.0,1.5,0.5,1,0.10105901004750001,0.9589664787054062,9,108.0,True,analytical_hypothetical_hardware
32,1,128.0,1.5,0.5,2,0.10105901004750001,0.9589664787054062,18,216.0,True,analytical_hypothetical_hardware
32,1,128.0,1.5,0.5,4,0.10105901004750001,0.9589664787054062,36,432.0,True,analytical_hypothetical_hardware
32,1,128.0,1.5,1.0,1,0.10105901004750001,1.2786219716072083,12,144.0,True,analytical_hypothetical_hardware
32,1,128.0,1.5,1.0,2,0.10105901004750001,1.2786219716072083,24,288.0,True,analytical_hypothetical_hardware
32,1,128.0,1.5,1.0,4,0.10105901004750001,1.2786219716072083,48,576.0,True,analytical_hypothetical_hardware
32,1,128.0,2.0,0.0,1,0.10105901004750001,0.6393109858036041,6,72.0,True,analytical_hypothetical_hardware
32,1,128.0,2.0,0.0,2,0.10105901004750001,0.6393109858036041,12,144.0,True,analytical_hypothetical_hardware
32,1,128.0,2.0,0.0,4,0.10105901004750001,0.6393109858036041,24,288.0,True,analytical_hypothetical_hardware
32,1,128.0,2.0,0.25,1,0.10105901004750001,0.7991387322545052,7,84.0,True,analytical_hypothetical_hardware
32,1,128.0,2.0,0.25,2,0.10105901004750001,0.7991387322545052,14,168.0,True,analytical_hypothetical_hardware
32,1,128.0,2.0,0.25,4,0.10105901004750001,0.7991387322545052,28,336.0,True,analytical_hypothetical_hardware
32,1,128.0,2.0,0.5,1,0.10105901004750001,0.9589664787054062,9,108.0,True,analytical_hypothetical_hardware
32,1,128.0,2.0,0.5,2,0.10105901004750001,0.9589664787054062,18,216.0,True,analytical_hypothetical_hardware
32,1,128.0,2.0,0.5,4,0.10105901004750001,0.9589664787054062,36,432.0,True,analytical_hypothetical_hardware
32,1,128.0,2.0,1.0,1,0.10105901004750001,1.2786219716072083,12,144.0,True,analytical_hypothetical_hardware
32,1,128.0,2.0,1.0,2,0.10105901004750001,1.2786219716072083,24,288.0,True,analytical_hypothetical_hardware
32,1,128.0,2.0,1.0,4,0.10105901004750001,1.2786219716072083,48,576.0,True,analytical_hypothetical_hardware
32,1,128.0,4.0,0.0,1,0.10105901004750001,0.6393109858036041,6,72.0,True,analytical_hypothetical_hardware
32,1,128.0,4.0,0.0,2,0.10105901004750001,0.6393109858036041,12,144.0,True,analytical_hypothetical_hardware
32,1,128.0,4.0,0.0,4,0.10105901004750001,0.6393109858036041,24,288.0,True,analytical_hypothetical_hardware
32,1,128.0,4.0,0.25,1,0.10105901004750001,0.7991387322545052,7,84.0,True,analytical_hypothetical_hardware
32,1,128.0,4.0,0.25,2,0.10105901004750001,0.7991387322545052,14,168.0,True,analytical_hypothetical_hardware
32,1,128.0,4.0,0.25,4,0.10105901004750001,0.7991387322545052,28,336.0,True,analytical_hypothetical_hardware
32,1,128.0,4.0,0.5,1,0.10105901004750001,0.9589664787054062,9,108.0,True,analytical_hypothetical_hardware
32,1,128.0,4.0,0.5,2,0.10105901004750001,0.9589664787054062,18,216.0,True,analytical_hypothetical_hardware
32,1,128.0,4.0,0.5,4,0.10105901004750001,0.9589664787054062,36,432.0,True,analytical_hypothetical_hardware
32,1,128.0,4.0,1.0,1,0.10105901004750001,1.2786219716072083,12,144.0,True,analytical_hypothetical_hardware
32,1,128.0,4.0,1.0,2,0.10105901004750001,1.2786219716072083,24,288.0,True,analytical_hypothetical_hardware
32,1,128.0,4.0,1.0,4,0.10105901004750001,1.2786219716072083,48,576.0,True,analytical_hypothetical_hardware
32,1,256.0,1.0,0.0,1,0.0519070100475,0.6393109858036041,12,144.0,True,analytical_hypothetical_hardware
32,1,256.0,1.0,0.0,2,0.0519070100475,0.6393109858036041,24,288.0,True,analytical_hypothetical_hardware
32,1,256.0,1.0,0.0,4,0.0519070100475,0.6393109858036041,48,576.0,True,analytical_hypothetical_hardware
32,1,256.0,1.0,0.25,1,0.0519070100475,0.7991387322545052,15,180.0,True,analytical_hypothetical_hardware
32,1,256.0,1.0,0.25,2,0.0519070100475,0.7991387322545052,30,360.0,True,analytical_hypothetical_hardware
32,1,256.0,1.0,0.25,4,0.0519070100475,0.7991387322545052,60,720.0,True,analytical_hypothetical_hardware
32,1,256.0,1.0,0.5,1,0.0519070100475,0.9589664787054062,18,216.0,True,analytical_hypothetical_hardware
32,1,256.0,1.0,0.5,2,0.0519070100475,0.9589664787054062,36,432.0,True,analytical_hypothetical_hardware
32,1,256.0,1.0,0.5,4,0.0519070100475,0.9589664787054062,72,864.0,True,analytical_hypothetical_hardware
32,1,256.0,1.0,1.0,1,0.0519070100475,1.2786219716072083,24,288.0,True,analytical_hypothetical_hardware
32,1,256.0,1.0,1.0,2,0.0519070100475,1.2786219716072083,48,576.0,True,analytical_hypothetical_hardware
32,1,256.0,1.0,1.0,4,0.0519070100475,1.2786219716072083,96,1152.0,True,analytical_hypothetical_hardware
32,1,256.0,1.5,0.0,1,0.0519070100475,0.6393109858036041,12,144.0,True,analytical_hypothetical_hardware
32,1,256.0,1.5,0.0,2,0.0519070100475,0.6393109858036041,24,288.0,True,analytical_hypothetical_hardware
32,1,256.0,1.5,0.0,4,0.0519070100475,0.6393109858036041,48,576.0,True,analytical_hypothetical_hardware
32,1,256.0,1.5,0.25,1,0.0519070100475,0.7991387322545052,15,180.0,True,analytical_hypothetical_hardware
32,1,256.0,1.5,0.25,2,0.0519070100475,0.7991387322545052,30,360.0,True,analytical_hypothetical_hardware
32,1,256.0,1.5,0.25,4,0.0519070100475,0.7991387322545052,60,720.0,True,analytical_hypothetical_hardware
32,1,256.0,1.5,0.5,1,0.0519070100475,0.9589664787054062,18,216.0,True,analytical_hypothetical_hardware
32,1,256.0,1.5,0.5,2,0.0519070100475,0.9589664787054062,36,432.0,True,analytical_hypothetical_hardware
32,1,256.0,1.5,0.5,4,0.0519070100475,0.9589664787054062,72,864.0,True,analytical_hypothetical_hardware
32,1,256.0,1.5,1.0,1,0.0519070100475,1.2786219716072083,24,288.0,True,analytical_hypothetical_hardware
32,1,256.0,1.5,1.0,2,0.0519070100475,1.2786219716072083,48,576.0,True,analytical_hypothetical_hardware
32,1,256.0,1.5,1.0,4,0.0519070100475,1.2786219716072083,96,1152.0,True,analytical_hypothetical_hardware
32,1,256.0,2.0,0.0,1,0.0519070100475,0.6393109858036041,12,144.0,True,analytical_hypothetical_hardware
32,1,256.0,2.0,0.0,2,0.0519070100475,0.6393109858036041,24,288.0,True,analytical_hypothetical_hardware
32,1,256.0,2.0,0.0,4,0.0519070100475,0.6393109858036041,48,576.0,True,analytical_hypothetical_hardware
32,1,256.0,2.0,0.25,1,0.0519070100475,0.7991387322545052,15,180.0,True,analytical_hypothetical_hardware
32,1,256.0,2.0,0.25,2,0.0519070100475,0.7991387322545052,30,360.0,True,analytical_hypothetical_hardware
32,1,256.0,2.0,0.25,4,0.0519070100475,0.7991387322545052,60,720.0,True,analytical_hypothetical_hardware
32,1,256.0,2.0,0.5,1,0.0519070100475,0.9589664787054062,18,216.0,True,analytical_hypothetical_hardware
32,1,256.0,2.0,0.5,2,0.0519070100475,0.9589664787054062,36,432.0,True,analytical_hypothetical_hardware
32,1,256.0,2.0,0.5,4,0.0519070100475,0.9589664787054062,72,864.0,True,analytical_hypothetical_hardware
32,1,256.0,2.0,1.0,1,0.0519070100475,1.2786219716072083,24,288.0,True,analytical_hypothetical_hardware
32,1,256.0,2.0,1.0,2,0.0519070100475,1.2786219716072083,48,576.0,True,analytical_hypothetical_hardware
32,1,256.0,2.0,1.0,4,0.0519070100475,1.2786219716072083,96,1152.0,True,analytical_hypothetical_hardware
32,1,256.0,4.0,0.0,1,0.0519070100475,0.6393109858036041,12,144.0,True,analytical_hypothetical_hardware
32,1,256.0,4.0,0.0,2,0.0519070100475,0.6393109858036041,24,288.0,True,analytical_hypothetical_hardware
32,1,256.0,4.0,0.0,4,0.0519070100475,0.6393109858036041,48,576.0,True,analytical_hypothetical_hardware
32,1,256.0,4.0,0.25,1,0.0519070100475,0.7991387322545052,15,180.0,True,analytical_hypothetical_hardware
32,1,256.0,4.0,0.25,2,0.0519070100475,0.7991387322545052,30,360.0,True,analytical_hypothetical_hardware
32,1,256.0,4.0,0.25,4,0.0519070100475,0.7991387322545052,60,720.0,True,analytical_hypothetical_hardware
32,1,256.0,4.0,0.5,1,0.0519070100475,0.9589664787054062,18,216.0,True,analytical_hypothetical_hardware
32,1,256.0,4.0,0.5,2,0.0519070100475,0.9589664787054062,36,432.0,True,analytical_hypothetical_hardware
32,1,256.0,4.0,0.5,4,0.0519070100475,0.9589664787054062,72,864.0,True,analytical_hypothetical_hardware
32,1,256.0,4.0,1.0,1,0.0519070100475,1.2786219716072083,24,288.0,True,analytical_hypothetical_hardware
32,1,256.0,4.0,1.0,2,0.0519070100475,1.2786219716072083,48,576.0,True,analytical_hypothetical_hardware
32,1,256.0,4.0,1.0,4,0.0519070100475,1.2786219716072083,96,1152.0,True,analytical_hypothetical_hardware
32,3,24.1354255944,1.0,0.0,1,0.5241011926861662,1.9179329574108124,3,36.0,True,analytical_hypothetical_hardware
32,3,24.1354255944,1.0,0.0,2,0.5241011926861662,1.9179329574108124,6,72.0,True,analytical_hypothetical_hardware
32,3,24.1354255944,1.0,0.0,4,0.5241011926861662,1.9179329574108124,12,144.0,True,analytical_hypothetical_hardware
32,3,24.1354255944,1.0,0.25,1,0.5241011926861662,2.0777607038617134,3,36.0,True,analytical_hypothetical_hardware
32,3,24.1354255944,1.0,0.25,2,0.5241011926861662,2.0777607038617134,6,72.0,True,analytical_hypothetical_hardware
32,3,24.1354255944,1.0,0.25,4,0.5241011926861662,2.0777607038617134,12,144.0,True,analytical_hypothetical_hardware
32,3,24.1354255944,1.0,0.5,1,0.5241011926861662,2.2375884503126144,4,48.0,True,analytical_hypothetical_hardware
32,3,24.1354255944,1.0,0.5,2,0.5241011926861662,2.2375884503126144,8,96.0,True,analytical_hypothetical_hardware
32,3,24.1354255944,1.0,0.5,4,0.5241011926861662,2.2375884503126144,16,192.0,True,analytical_hypothetical_hardware
32,3,24.1354255944,1.0,1.0,1,0.5241011926861662,2.5572439432144165,4,48.0,True,analytical_hypothetical_hardware
32,3,24.1354255944,1.0,1.0,2,0.5241011926861662,2.5572439432144165,8,96.0,True,analytical_hypothetical_hardware
32,3,24.1354255944,1.0,1.0,4,0.5241011926861662,2.5572439432144165,16,192.0,True,analytical_hypothetical_hardware
32,3,24.1354255944,1.5,0.0,1,0.5241011926861662,1.9179329574108124,3,36.0,True,analytical_hypothetical_hardware
32,3,24.1354255944,1.5,0.0,2,0.5241011926861662,1.9179329574108124,6,72.0,True,analytical_hypothetical_hardware
32,3,24.1354255944,1.5,0.0,4,0.5241011926861662,1.9179329574108124,12,144.0,True,analytical_hypothetical_hardware
32,3,24.1354255944,1.5,0.25,1,0.5241011926861662,2.0777607038617134,3,36.0,True,analytical_hypothetical_hardware
32,3,24.1354255944,1.5,0.25,2,0.5241011926861662,2.0777607038617134,6,72.0,True,analytical_hypothetical_hardware
32,3,24.1354255944,1.5,0.25,4,0.5241011926861662,2.0777607038617134,12,144.0,True,analytical_hypothetical_hardware
32,3,24.1354255944,1.5,0.5,1,0.5241011926861662,2.2375884503126144,4,48.0,True,analytical_hypothetical_hardware
32,3,24.1354255944,1.5,0.5,2,0.5241011926861662,2.2375884503126144,8,96.0,True,analytical_hypothetical_hardware
32,3,24.1354255944,1.5,0.5,4,0.5241011926861662,2.2375884503126144,16,192.0,True,analytical_hypothetical_hardware
32,3,24.1354255944,1.5,1.0,1,0.5241011926861662,2.5572439432144165,4,48.0,True,analytical_hypothetical_hardware
32,3,24.1354255944,1.5,1.0,2,0.5241011926861662,2.5572439432144165,8,96.0,True,analytical_hypothetical_hardware
32,3,24.1354255944,1.5,1.0,4,0.5241011926861662,2.5572439432144165,16,192.0,True,analytical_hypothetical_hardware
32,3,24.1354255944,2.0,0.0,1,0.5241011926861662,1.9179329574108124,3,36.0,True,analytical_hypothetical_hardware
32,3,24.1354255944,2.0,0.0,2,0.5241011926861662,1.9179329574108124,6,72.0,True,analytical_hypothetical_hardware
32,3,24.1354255944,2.0,0.0,4,0.5241011926861662,1.9179329574108124,12,144.0,True,analytical_hypothetical_hardware
32,3,24.1354255944,2.0,0.25,1,0.5241011926861662,2.0777607038617134,3,36.0,True,analytical_hypothetical_hardware
32,3,24.1354255944,2.0,0.25,2,0.5241011926861662,2.0777607038617134,6,72.0,True,analytical_hypothetical_hardware
32,3,24.1354255944,2.0,0.25,4,0.5241011926861662,2.0777607038617134,12,144.0,True,analytical_hypothetical_hardware
32,3,24.1354255944,2.0,0.5,1,0.5241011926861662,2.2375884503126144,4,48.0,True,analytical_hypothetical_hardware
32,3,24.1354255944,2.0,0.5,2,0.5241011926861662,2.2375884503126144,8,96.0,True,analytical_hypothetical_hardware
32,3,24.1354255944,2.0,0.5,4,0.5241011926861662,2.2375884503126144,16,192.0,True,analytical_hypothetical_hardware
32,3,24.1354255944,2.0,1.0,1,0.5241011926861662,2.5572439432144165,4,48.0,True,analytical_hypothetical_hardware
32,3,24.1354255944,2.0,1.0,2,0.5241011926861662,2.5572439432144165,8,96.0,True,analytical_hypothetical_hardware
32,3,24.1354255944,2.0,1.0,4,0.5241011926861662,2.5572439432144165,16,192.0,True,analytical_hypothetical_hardware
32,3,24.1354255944,4.0,0.0,1,0.5241011926861662,1.9179329574108124,3,36.0,True,analytical_hypothetical_hardware
32,3,24.1354255944,4.0,0.0,2,0.5241011926861662,1.9179329574108124,6,72.0,True,analytical_hypothetical_hardware
32,3,24.1354255944,4.0,0.0,4,0.5241011926861662,1.9179329574108124,12,144.0,True,analytical_hypothetical_hardware
32,3,24.1354255944,4.0,0.25,1,0.5241011926861662,2.0777607038617134,3,36.0,True,analytical_hypothetical_hardware
32,3,24.1354255944,4.0,0.25,2,0.5241011926861662,2.0777607038617134,6,72.0,True,analytical_hypothetical_hardware
32,3,24.1354255944,4.0,0.25,4,0.5241011926861662,2.0777607038617134,12,144.0,True,analytical_hypothetical_hardware
32,3,24.1354255944,4.0,0.5,1,0.5241011926861662,2.2375884503126144,4,48.0,True,analytical_hypothetical_hardware
32,3,24.1354255944,4.0,0.5,2,0.5241011926861662,2.2375884503126144,8,96.0,True,analytical_hypothetical_hardware
32,3,24.1354255944,4.0,0.5,4,0.5241011926861662,2.2375884503126144,16,192.0,True,analytical_hypothetical_hardware
32,3,24.1354255944,4.0,1.0,1,0.5241011926861662,2.5572439432144165,4,48.0,True,analytical_hypothetical_hardware
32,3,24.1354255944,4.0,1.0,2,0.5241011926861662,2.5572439432144165,8,96.0,True,analytical_hypothetical_hardware
32,3,24.1354255944,4.0,1.0,4,0.5241011926861662,2.5572439432144165,16,192.0,True,analytical_hypothetical_hardware
32,3,64.0,1.0,0.0,1,0.1993630100475,1.9179329574108124,9,108.0,True,analytical_hypothetical_hardware
32,3,64.0,1.0,0.0,2,0.1993630100475,1.9179329574108124,18,216.0,True,analytical_hypothetical_hardware
32,3,64.0,1.0,0.0,4,0.1993630100475,1.9179329574108124,36,432.0,True,analytical_hypothetical_hardware
32,3,64.0,1.0,0.25,1,0.1993630100475,2.0777607038617134,10,120.0,True,analytical_hypothetical_hardware
32,3,64.0,1.0,0.25,2,0.1993630100475,2.0777607038617134,20,240.0,True,analytical_hypothetical_hardware
32,3,64.0,1.0,0.25,4,0.1993630100475,2.0777607038617134,40,480.0,True,analytical_hypothetical_hardware
32,3,64.0,1.0,0.5,1,0.1993630100475,2.2375884503126144,11,132.0,True,analytical_hypothetical_hardware
32,3,64.0,1.0,0.5,2,0.1993630100475,2.2375884503126144,22,264.0,True,analytical_hypothetical_hardware
32,3,64.0,1.0,0.5,4,0.1993630100475,2.2375884503126144,44,528.0,True,analytical_hypothetical_hardware
32,3,64.0,1.0,1.0,1,0.1993630100475,2.5572439432144165,12,144.0,True,analytical_hypothetical_hardware
32,3,64.0,1.0,1.0,2,0.1993630100475,2.5572439432144165,24,288.0,True,analytical_hypothetical_hardware
32,3,64.0,1.0,1.0,4,0.1993630100475,2.5572439432144165,48,576.0,True,analytical_hypothetical_hardware
32,3,64.0,1.5,0.0,1,0.1993630100475,1.9179329574108124,9,108.0,True,analytical_hypothetical_hardware
32,3,64.0,1.5,0.0,2,0.1993630100475,1.9179329574108124,18,216.0,True,analytical_hypothetical_hardware
32,3,64.0,1.5,0.0,4,0.1993630100475,1.9179329574108124,36,432.0,True,analytical_hypothetical_hardware
32,3,64.0,1.5,0.25,1,0.1993630100475,2.0777607038617134,10,120.0,True,analytical_hypothetical_hardware
32,3,64.0,1.5,0.25,2,0.1993630100475,2.0777607038617134,20,240.0,True,analytical_hypothetical_hardware
32,3,64.0,1.5,0.25,4,0.1993630100475,2.0777607038617134,40,480.0,True,analytical_hypothetical_hardware
32,3,64.0,1.5,0.5,1,0.1993630100475,2.2375884503126144,11,132.0,True,analytical_hypothetical_hardware
32,3,64.0,1.5,0.5,2,0.1993630100475,2.2375884503126144,22,264.0,True,analytical_hypothetical_hardware
32,3,64.0,1.5,0.5,4,0.1993630100475,2.2375884503126144,44,528.0,True,analytical_hypothetical_hardware
32,3,64.0,1.5,1.0,1,0.1993630100475,2.5572439432144165,12,144.0,True,analytical_hypothetical_hardware
32,3,64.0,1.5,1.0,2,0.1993630100475,2.5572439432144165,24,288.0,True,analytical_hypothetical_hardware
32,3,64.0,1.5,1.0,4,0.1993630100475,2.5572439432144165,48,576.0,True,analytical_hypothetical_hardware
32,3,64.0,2.0,0.0,1,0.1993630100475,1.9179329574108124,9,108.0,True,analytical_hypothetical_hardware
32,3,64.0,2.0,0.0,2,0.1993630100475,1.9179329574108124,18,216.0,True,analytical_hypothetical_hardware
32,3,64.0,2.0,0.0,4,0.1993630100475,1.9179329574108124,36,432.0,True,analytical_hypothetical_hardware
32,3,64.0,2.0,0.25,1,0.1993630100475,2.0777607038617134,10,120.0,True,analytical_hypothetical_hardware
32,3,64.0,2.0,0.25,2,0.1993630100475,2.0777607038617134,20,240.0,True,analytical_hypothetical_hardware
32,3,64.0,2.0,0.25,4,0.1993630100475,2.0777607038617134,40,480.0,True,analytical_hypothetical_hardware
32,3,64.0,2.0,0.5,1,0.1993630100475,2.2375884503126144,11,132.0,True,analytical_hypothetical_hardware
32,3,64.0,2.0,0.5,2,0.1993630100475,2.2375884503126144,22,264.0,True,analytical_hypothetical_hardware
32,3,64.0,2.0,0.5,4,0.1993630100475,2.2375884503126144,44,528.0,True,analytical_hypothetical_hardware
32,3,64.0,2.0,1.0,1,0.1993630100475,2.5572439432144165,12,144.0,True,analytical_hypothetical_hardware
32,3,64.0,2.0,1.0,2,0.1993630100475,2.5572439432144165,24,288.0,True,analytical_hypothetical_hardware
32,3,64.0,2.0,1.0,4,0.1993630100475,2.5572439432144165,48,576.0,True,analytical_hypothetical_hardware
32,3,64.0,4.0,0.0,1,0.1993630100475,1.9179329574108124,9,108.0,True,analytical_hypothetical_hardware
32,3,64.0,4.0,0.0,2,0.1993630100475,1.9179329574108124,18,216.0,True,analytical_hypothetical_hardware
32,3,64.0,4.0,0.0,4,0.1993630100475,1.9179329574108124,36,432.0,True,analytical_hypothetical_hardware
32,3,64.0,4.0,0.25,1,0.1993630100475,2.0777607038617134,10,120.0,True,analytical_hypothetical_hardware
32,3,64.0,4.0,0.25,2,0.1993630100475,2.0777607038617134,20,240.0,True,analytical_hypothetical_hardware
32,3,64.0,4.0,0.25,4,0.1993630100475,2.0777607038617134,40,480.0,True,analytical_hypothetical_hardware
32,3,64.0,4.0,0.5,1,0.1993630100475,2.2375884503126144,11,132.0,True,analytical_hypothetical_hardware
32,3,64.0,4.0,0.5,2,0.1993630100475,2.2375884503126144,22,264.0,True,analytical_hypothetical_hardware
32,3,64.0,4.0,0.5,4,0.1993630100475,2.2375884503126144,44,528.0,True,analytical_hypothetical_hardware
32,3,64.0,4.0,1.0,1,0.1993630100475,2.5572439432144165,12,144.0,True,analytical_hypothetical_hardware
32,3,64.0,4.0,1.0,2,0.1993630100475,2.5572439432144165,24,288.0,True,analytical_hypothetical_hardware
32,3,64.0,4.0,1.0,4,0.1993630100475,2.5572439432144165,48,576.0,True,analytical_hypothetical_hardware
32,3,128.0,1.0,0.0,1,0.10105901004750001,1.9179329574108124,18,216.0,True,analytical_hypothetical_hardware
32,3,128.0,1.0,0.0,2,0.10105901004750001,1.9179329574108124,36,432.0,True,analytical_hypothetical_hardware
32,3,128.0,1.0,0.0,4,0.10105901004750001,1.9179329574108124,72,864.0,True,analytical_hypothetical_hardware
32,3,128.0,1.0,0.25,1,0.10105901004750001,2.0777607038617134,20,240.0,True,analytical_hypothetical_hardware
32,3,128.0,1.0,0.25,2,0.10105901004750001,2.0777607038617134,40,480.0,True,analytical_hypothetical_hardware
32,3,128.0,1.0,0.25,4,0.10105901004750001,2.0777607038617134,80,960.0,True,analytical_hypothetical_hardware
32,3,128.0,1.0,0.5,1,0.10105901004750001,2.2375884503126144,22,264.0,True,analytical_hypothetical_hardware
32,3,128.0,1.0,0.5,2,0.10105901004750001,2.2375884503126144,44,528.0,True,analytical_hypothetical_hardware
32,3,128.0,1.0,0.5,4,0.10105901004750001,2.2375884503126144,88,1056.0,True,analytical_hypothetical_hardware
32,3,128.0,1.0,1.0,1,0.10105901004750001,2.5572439432144165,25,300.0,True,analytical_hypothetical_hardware
32,3,128.0,1.0,1.0,2,0.10105901004750001,2.5572439432144165,50,600.0,True,analytical_hypothetical_hardware
32,3,128.0,1.0,1.0,4,0.10105901004750001,2.5572439432144165,100,1200.0,True,analytical_hypothetical_hardware
32,3,128.0,1.5,0.0,1,0.10105901004750001,1.9179329574108124,18,216.0,True,analytical_hypothetical_hardware
32,3,128.0,1.5,0.0,2,0.10105901004750001,1.9179329574108124,36,432.0,True,analytical_hypothetical_hardware
32,3,128.0,1.5,0.0,4,0.10105901004750001,1.9179329574108124,72,864.0,True,analytical_hypothetical_hardware
32,3,128.0,1.5,0.25,1,0.10105901004750001,2.0777607038617134,20,240.0,True,analytical_hypothetical_hardware
32,3,128.0,1.5,0.25,2,0.10105901004750001,2.0777607038617134,40,480.0,True,analytical_hypothetical_hardware
32,3,128.0,1.5,0.25,4,0.10105901004750001,2.0777607038617134,80,960.0,True,analytical_hypothetical_hardware
32,3,128.0,1.5,0.5,1,0.10105901004750001,2.2375884503126144,22,264.0,True,analytical_hypothetical_hardware
32,3,128.0,1.5,0.5,2,0.10105901004750001,2.2375884503126144,44,528.0,True,analytical_hypothetical_hardware
32,3,128.0,1.5,0.5,4,0.10105901004750001,2.2375884503126144,88,1056.0,True,analytical_hypothetical_hardware
32,3,128.0,1.5,1.0,1,0.10105901004750001,2.5572439432144165,25,300.0,True,analytical_hypothetical_hardware
32,3,128.0,1.5,1.0,2,0.10105901004750001,2.5572439432144165,50,600.0,True,analytical_hypothetical_hardware
32,3,128.0,1.5,1.0,4,0.10105901004750001,2.5572439432144165,100,1200.0,True,analytical_hypothetical_hardware
32,3,128.0,2.0,0.0,1,0.10105901004750001,1.9179329574108124,18,216.0,True,analytical_hypothetical_hardware
32,3,128.0,2.0,0.0,2,0.10105901004750001,1.9179329574108124,36,432.0,True,analytical_hypothetical_hardware
32,3,128.0,2.0,0.0,4,0.10105901004750001,1.9179329574108124,72,864.0,True,analytical_hypothetical_hardware
32,3,128.0,2.0,0.25,1,0.10105901004750001,2.0777607038617134,20,240.0,True,analytical_hypothetical_hardware
32,3,128.0,2.0,0.25,2,0.10105901004750001,2.0777607038617134,40,480.0,True,analytical_hypothetical_hardware
32,3,128.0,2.0,0.25,4,0.10105901004750001,2.0777607038617134,80,960.0,True,analytical_hypothetical_hardware
32,3,128.0,2.0,0.5,1,0.10105901004750001,2.2375884503126144,22,264.0,True,analytical_hypothetical_hardware
32,3,128.0,2.0,0.5,2,0.10105901004750001,2.2375884503126144,44,528.0,True,analytical_hypothetical_hardware
32,3,128.0,2.0,0.5,4,0.10105901004750001,2.2375884503126144,88,1056.0,True,analytical_hypothetical_hardware
32,3,128.0,2.0,1.0,1,0.10105901004750001,2.5572439432144165,25,300.0,True,analytical_hypothetical_hardware
32,3,128.0,2.0,1.0,2,0.10105901004750001,2.5572439432144165,50,600.0,True,analytical_hypothetical_hardware
32,3,128.0,2.0,1.0,4,0.10105901004750001,2.5572439432144165,100,1200.0,True,analytical_hypothetical_hardware
32,3,128.0,4.0,0.0,1,0.10105901004750001,1.9179329574108124,18,216.0,True,analytical_hypothetical_hardware
32,3,128.0,4.0,0.0,2,0.10105901004750001,1.9179329574108124,36,432.0,True,analytical_hypothetical_hardware
32,3,128.0,4.0,0.0,4,0.10105901004750001,1.9179329574108124,72,864.0,True,analytical_hypothetical_hardware
32,3,128.0,4.0,0.25,1,0.10105901004750001,2.0777607038617134,20,240.0,True,analytical_hypothetical_hardware
32,3,128.0,4.0,0.25,2,0.10105901004750001,2.0777607038617134,40,480.0,True,analytical_hypothetical_hardware
32,3,128.0,4.0,0.25,4,0.10105901004750001,2.0777607038617134,80,960.0,True,analytical_hypothetical_hardware
32,3,128.0,4.0,0.5,1,0.10105901004750001,2.2375884503126144,22,264.0,True,analytical_hypothetical_hardware
32,3,128.0,4.0,0.5,2,0.10105901004750001,2.2375884503126144,44,528.0,True,analytical_hypothetical_hardware
32,3,128.0,4.0,0.5,4,0.10105901004750001,2.2375884503126144,88,1056.0,True,analytical_hypothetical_hardware
32,3,128.0,4.0,1.0,1,0.10105901004750001,2.5572439432144165,25,300.0,True,analytical_hypothetical_hardware
32,3,128.0,4.0,1.0,2,0.10105901004750001,2.5572439432144165,50,600.0,True,analytical_hypothetical_hardware
32,3,128.0,4.0,1.0,4,0.10105901004750001,2.5572439432144165,100,1200.0,True,analytical_hypothetical_hardware
32,3,256.0,1.0,0.0,1,0.0519070100475,1.9179329574108124,36,432.0,True,analytical_hypothetical_hardware
32,3,256.0,1.0,0.0,2,0.0519070100475,1.9179329574108124,72,864.0,True,analytical_hypothetical_hardware
32,3,256.0,1.0,0.0,4,0.0519070100475,1.9179329574108124,144,1728.0,True,analytical_hypothetical_hardware
32,3,256.0,1.0,0.25,1,0.0519070100475,2.0777607038617134,40,480.0,True,analytical_hypothetical_hardware
32,3,256.0,1.0,0.25,2,0.0519070100475,2.0777607038617134,80,960.0,True,analytical_hypothetical_hardware
32,3,256.0,1.0,0.25,4,0.0519070100475,2.0777607038617134,160,1920.0,True,analytical_hypothetical_hardware
32,3,256.0,1.0,0.5,1,0.0519070100475,2.2375884503126144,43,516.0,True,analytical_hypothetical_hardware
32,3,256.0,1.0,0.5,2,0.0519070100475,2.2375884503126144,86,1032.0,True,analytical_hypothetical_hardware
32,3,256.0,1.0,0.5,4,0.0519070100475,2.2375884503126144,172,2064.0,True,analytical_hypothetical_hardware
32,3,256.0,1.0,1.0,1,0.0519070100475,2.5572439432144165,49,588.0,True,analytical_hypothetical_hardware
32,3,256.0,1.0,1.0,2,0.0519070100475,2.5572439432144165,98,1176.0,True,analytical_hypothetical_hardware
32,3,256.0,1.0,1.0,4,0.0519070100475,2.5572439432144165,196,2352.0,True,analytical_hypothetical_hardware
32,3,256.0,1.5,0.0,1,0.0519070100475,1.9179329574108124,36,432.0,True,analytical_hypothetical_hardware
32,3,256.0,1.5,0.0,2,0.0519070100475,1.9179329574108124,72,864.0,True,analytical_hypothetical_hardware
32,3,256.0,1.5,0.0,4,0.0519070100475,1.9179329574108124,144,1728.0,True,analytical_hypothetical_hardware
32,3,256.0,1.5,0.25,1,0.0519070100475,2.0777607038617134,40,480.0,True,analytical_hypothetical_hardware
32,3,256.0,1.5,0.25,2,0.0519070100475,2.0777607038617134,80,960.0,True,analytical_hypothetical_hardware
32,3,256.0,1.5,0.25,4,0.0519070100475,2.0777607038617134,160,1920.0,True,analytical_hypothetical_hardware
32,3,256.0,1.5,0.5,1,0.0519070100475,2.2375884503126144,43,516.0,True,analytical_hypothetical_hardware
32,3,256.0,1.5,0.5,2,0.0519070100475,2.2375884503126144,86,1032.0,True,analytical_hypothetical_hardware
32,3,256.0,1.5,0.5,4,0.0519070100475,2.2375884503126144,172,2064.0,True,analytical_hypothetical_hardware
32,3,256.0,1.5,1.0,1,0.0519070100475,2.5572439432144165,49,588.0,True,analytical_hypothetical_hardware
32,3,256.0,1.5,1.0,2,0.0519070100475,2.5572439432144165,98,1176.0,True,analytical_hypothetical_hardware
32,3,256.0,1.5,1.0,4,0.0519070100475,2.5572439432144165,196,2352.0,True,analytical_hypothetical_hardware
32,3,256.0,2.0,0.0,1,0.0519070100475,1.9179329574108124,36,432.0,True,analytical_hypothetical_hardware
32,3,256.0,2.0,0.0,2,0.0519070100475,1.9179329574108124,72,864.0,True,analytical_hypothetical_hardware
32,3,256.0,2.0,0.0,4,0.0519070100475,1.9179329574108124,144,1728.0,True,analytical_hypothetical_hardware
32,3,256.0,2.0,0.25,1,0.0519070100475,2.0777607038617134,40,480.0,True,analytical_hypothetical_hardware
32,3,256.0,2.0,0.25,2,0.0519070100475,2.0777607038617134,80,960.0,True,analytical_hypothetical_hardware
32,3,256.0,2.0,0.25,4,0.0519070100475,2.0777607038617134,160,1920.0,True,analytical_hypothetical_hardware
32,3,256.0,2.0,0.5,1,0.0519070100475,2.2375884503126144,43,516.0,True,analytical_hypothetical_hardware
32,3,256.0,2.0,0.5,2,0.0519070100475,2.2375884503126144,86,1032.0,True,analytical_hypothetical_hardware
32,3,256.0,2.0,0.5,4,0.0519070100475,2.2375884503126144,172,2064.0,True,analytical_hypothetical_hardware
32,3,256.0,2.0,1.0,1,0.0519070100475,2.5572439432144165,49,588.0,True,analytical_hypothetical_hardware
32,3,256.0,2.0,1.0,2,0.0519070100475,2.5572439432144165,98,1176.0,True,analytical_hypothetical_hardware
32,3,256.0,2.0,1.0,4,0.0519070100475,2.5572439432144165,196,2352.0,True,analytical_hypothetical_hardware
32,3,256.0,4.0,0.0,1,0.0519070100475,1.9179329574108124,36,432.0,True,analytical_hypothetical_hardware
32,3,256.0,4.0,0.0,2,0.0519070100475,1.9179329574108124,72,864.0,True,analytical_hypothetical_hardware
32,3,256.0,4.0,0.0,4,0.0519070100475,1.9179329574108124,144,1728.0,True,analytical_hypothetical_hardware
32,3,256.0,4.0,0.25,1,0.0519070100475,2.0777607038617134,40,480.0,True,analytical_hypothetical_hardware
32,3,256.0,4.0,0.25,2,0.0519070100475,2.0777607038617134,80,960.0,True,analytical_hypothetical_hardware
32,3,256.0,4.0,0.25,4,0.0519070100475,2.0777607038617134,160,1920.0,True,analytical_hypothetical_hardware
32,3,256.0,4.0,0.5,1,0.0519070100475,2.2375884503126144,43,516.0,True,analytical_hypothetical_hardware
32,3,256.0,4.0,0.5,2,0.0519070100475,2.2375884503126144,86,1032.0,True,analytical_hypothetical_hardware
32,3,256.0,4.0,0.5,4,0.0519070100475,2.2375884503126144,172,2064.0,True,analytical_hypothetical_hardware
32,3,256.0,4.0,1.0,1,0.0519070100475,2.5572439432144165,49,588.0,True,analytical_hypothetical_hardware
32,3,256.0,4.0,1.0,2,0.0519070100475,2.5572439432144165,98,1176.0,True,analytical_hypothetical_hardware
32,3,256.0,4.0,1.0,4,0.0519070100475,2.5572439432144165,196,2352.0,True,analytical_hypothetical_hardware
32,6,24.1354255944,1.0,0.0,1,0.5241011926861662,3.8358659148216248,7,84.0,True,analytical_hypothetical_hardware
32,6,24.1354255944,1.0,0.0,2,0.5241011926861662,3.8358659148216248,14,168.0,True,analytical_hypothetical_hardware
32,6,24.1354255944,1.0,0.0,4,0.5241011926861662,3.8358659148216248,28,336.0,True,analytical_hypothetical_hardware
32,6,24.1354255944,1.0,0.25,1,0.5241011926861662,3.995693661272526,7,84.0,True,analytical_hypothetical_hardware
32,6,24.1354255944,1.0,0.25,2,0.5241011926861662,3.995693661272526,14,168.0,True,analytical_hypothetical_hardware
32,6,24.1354255944,1.0,0.25,4,0.5241011926861662,3.995693661272526,28,336.0,True,analytical_hypothetical_hardware
32,6,24.1354255944,1.0,0.5,1,0.5241011926861662,4.155521407723427,7,84.0,True,analytical_hypothetical_hardware
32,6,24.1354255944,1.0,0.5,2,0.5241011926861662,4.155521407723427,14,168.0,True,analytical_hypothetical_hardware
32,6,24.1354255944,1.0,0.5,4,0.5241011926861662,4.155521407723427,28,336.0,True,analytical_hypothetical_hardware
32,6,24.1354255944,1.0,1.0,1,0.5241011926861662,4.475176900625229,8,96.0,True,analytical_hypothetical_hardware
32,6,24.1354255944,1.0,1.0,2,0.5241011926861662,4.475176900625229,16,192.0,True,analytical_hypothetical_hardware
32,6,24.1354255944,1.0,1.0,4,0.5241011926861662,4.475176900625229,32,384.0,True,analytical_hypothetical_hardware
32,6,24.1354255944,1.5,0.0,1,0.5241011926861662,3.8358659148216248,7,84.0,True,analytical_hypothetical_hardware
32,6,24.1354255944,1.5,0.0,2,0.5241011926861662,3.8358659148216248,14,168.0,True,analytical_hypothetical_hardware
32,6,24.1354255944,1.5,0.0,4,0.5241011926861662,3.8358659148216248,28,336.0,True,analytical_hypothetical_hardware
32,6,24.1354255944,1.5,0.25,1,0.5241011926861662,3.995693661272526,7,84.0,True,analytical_hypothetical_hardware
32,6,24.1354255944,1.5,0.25,2,0.5241011926861662,3.995693661272526,14,168.0,True,analytical_hypothetical_hardware
32,6,24.1354255944,1.5,0.25,4,0.5241011926861662,3.995693661272526,28,336.0,True,analytical_hypothetical_hardware
32,6,24.1354255944,1.5,0.5,1,0.5241011926861662,4.155521407723427,7,84.0,True,analytical_hypothetical_hardware
32,6,24.1354255944,1.5,0.5,2,0.5241011926861662,4.155521407723427,14,168.0,True,analytical_hypothetical_hardware
32,6,24.1354255944,1.5,0.5,4,0.5241011926861662,4.155521407723427,28,336.0,True,analytical_hypothetical_hardware
32,6,24.1354255944,1.5,1.0,1,0.5241011926861662,4.475176900625229,8,96.0,True,analytical_hypothetical_hardware
32,6,24.1354255944,1.5,1.0,2,0.5241011926861662,4.475176900625229,16,192.0,True,analytical_hypothetical_hardware
32,6,24.1354255944,1.5,1.0,4,0.5241011926861662,4.475176900625229,32,384.0,True,analytical_hypothetical_hardware
32,6,24.1354255944,2.0,0.0,1,0.5241011926861662,3.8358659148216248,7,84.0,True,analytical_hypothetical_hardware
32,6,24.1354255944,2.0,0.0,2,0.5241011926861662,3.8358659148216248,14,168.0,True,analytical_hypothetical_hardware
32,6,24.1354255944,2.0,0.0,4,0.5241011926861662,3.8358659148216248,28,336.0,True,analytical_hypothetical_hardware
32,6,24.1354255944,2.0,0.25,1,0.5241011926861662,3.995693661272526,7,84.0,True,analytical_hypothetical_hardware
32,6,24.1354255944,2.0,0.25,2,0.5241011926861662,3.995693661272526,14,168.0,True,analytical_hypothetical_hardware
32,6,24.1354255944,2.0,0.25,4,0.5241011926861662,3.995693661272526,28,336.0,True,analytical_hypothetical_hardware
32,6,24.1354255944,2.0,0.5,1,0.5241011926861662,4.155521407723427,7,84.0,True,analytical_hypothetical_hardware
32,6,24.1354255944,2.0,0.5,2,0.5241011926861662,4.155521407723427,14,168.0,True,analytical_hypothetical_hardware
32,6,24.1354255944,2.0,0.5,4,0.5241011926861662,4.155521407723427,28,336.0,True,analytical_hypothetical_hardware
32,6,24.1354255944,2.0,1.0,1,0.5241011926861662,4.475176900625229,8,96.0,True,analytical_hypothetical_hardware
32,6,24.1354255944,2.0,1.0,2,0.5241011926861662,4.475176900625229,16,192.0,True,analytical_hypothetical_hardware
32,6,24.1354255944,2.0,1.0,4,0.5241011926861662,4.475176900625229,32,384.0,True,analytical_hypothetical_hardware
32,6,24.1354255944,4.0,0.0,1,0.5241011926861662,3.8358659148216248,7,84.0,True,analytical_hypothetical_hardware
32,6,24.1354255944,4.0,0.0,2,0.5241011926861662,3.8358659148216248,14,168.0,True,analytical_hypothetical_hardware
32,6,24.1354255944,4.0,0.0,4,0.5241011926861662,3.8358659148216248,28,336.0,True,analytical_hypothetical_hardware
32,6,24.1354255944,4.0,0.25,1,0.5241011926861662,3.995693661272526,7,84.0,True,analytical_hypothetical_hardware
32,6,24.1354255944,4.0,0.25,2,0.5241011926861662,3.995693661272526,14,168.0,True,analytical_hypothetical_hardware
32,6,24.1354255944,4.0,0.25,4,0.5241011926861662,3.995693661272526,28,336.0,True,analytical_hypothetical_hardware
32,6,24.1354255944,4.0,0.5,1,0.5241011926861662,4.155521407723427,7,84.0,True,analytical_hypothetical_hardware
32,6,24.1354255944,4.0,0.5,2,0.5241011926861662,4.155521407723427,14,168.0,True,analytical_hypothetical_hardware
32,6,24.1354255944,4.0,0.5,4,0.5241011926861662,4.155521407723427,28,336.0,True,analytical_hypothetical_hardware
32,6,24.1354255944,4.0,1.0,1,0.5241011926861662,4.475176900625229,8,96.0,True,analytical_hypothetical_hardware
32,6,24.1354255944,4.0,1.0,2,0.5241011926861662,4.475176900625229,16,192.0,True,analytical_hypothetical_hardware
32,6,24.1354255944,4.0,1.0,4,0.5241011926861662,4.475176900625229,32,384.0,True,analytical_hypothetical_hardware
32,6,64.0,1.0,0.0,1,0.1993630100475,3.8358659148216248,19,228.0,True,analytical_hypothetical_hardware
32,6,64.0,1.0,0.0,2,0.1993630100475,3.8358659148216248,38,456.0,True,analytical_hypothetical_hardware
32,6,64.0,1.0,0.0,4,0.1993630100475,3.8358659148216248,76,912.0,True,analytical_hypothetical_hardware
32,6,64.0,1.0,0.25,1,0.1993630100475,3.995693661272526,20,240.0,True,analytical_hypothetical_hardware
32,6,64.0,1.0,0.25,2,0.1993630100475,3.995693661272526,40,480.0,True,analytical_hypothetical_hardware
32,6,64.0,1.0,0.25,4,0.1993630100475,3.995693661272526,80,960.0,True,analytical_hypothetical_hardware
32,6,64.0,1.0,0.5,1,0.1993630100475,4.155521407723427,20,240.0,True,analytical_hypothetical_hardware
32,6,64.0,1.0,0.5,2,0.1993630100475,4.155521407723427,40,480.0,True,analytical_hypothetical_hardware
32,6,64.0,1.0,0.5,4,0.1993630100475,4.155521407723427,80,960.0,True,analytical_hypothetical_hardware
32,6,64.0,1.0,1.0,1,0.1993630100475,4.475176900625229,22,264.0,True,analytical_hypothetical_hardware
32,6,64.0,1.0,1.0,2,0.1993630100475,4.475176900625229,44,528.0,True,analytical_hypothetical_hardware
32,6,64.0,1.0,1.0,4,0.1993630100475,4.475176900625229,88,1056.0,True,analytical_hypothetical_hardware
32,6,64.0,1.5,0.0,1,0.1993630100475,3.8358659148216248,19,228.0,True,analytical_hypothetical_hardware
32,6,64.0,1.5,0.0,2,0.1993630100475,3.8358659148216248,38,456.0,True,analytical_hypothetical_hardware
32,6,64.0,1.5,0.0,4,0.1993630100475,3.8358659148216248,76,912.0,True,analytical_hypothetical_hardware
32,6,64.0,1.5,0.25,1,0.1993630100475,3.995693661272526,20,240.0,True,analytical_hypothetical_hardware
32,6,64.0,1.5,0.25,2,0.1993630100475,3.995693661272526,40,480.0,True,analytical_hypothetical_hardware
32,6,64.0,1.5,0.25,4,0.1993630100475,3.995693661272526,80,960.0,True,analytical_hypothetical_hardware
32,6,64.0,1.5,0.5,1,0.1993630100475,4.155521407723427,20,240.0,True,analytical_hypothetical_hardware
32,6,64.0,1.5,0.5,2,0.1993630100475,4.155521407723427,40,480.0,True,analytical_hypothetical_hardware
32,6,64.0,1.5,0.5,4,0.1993630100475,4.155521407723427,80,960.0,True,analytical_hypothetical_hardware
32,6,64.0,1.5,1.0,1,0.1993630100475,4.475176900625229,22,264.0,True,analytical_hypothetical_hardware
32,6,64.0,1.5,1.0,2,0.1993630100475,4.475176900625229,44,528.0,True,analytical_hypothetical_hardware
32,6,64.0,1.5,1.0,4,0.1993630100475,4.475176900625229,88,1056.0,True,analytical_hypothetical_hardware
32,6,64.0,2.0,0.0,1,0.1993630100475,3.8358659148216248,19,228.0,True,analytical_hypothetical_hardware
32,6,64.0,2.0,0.0,2,0.1993630100475,3.8358659148216248,38,456.0,True,analytical_hypothetical_hardware
32,6,64.0,2.0,0.0,4,0.1993630100475,3.8358659148216248,76,912.0,True,analytical_hypothetical_hardware
32,6,64.0,2.0,0.25,1,0.1993630100475,3.995693661272526,20,240.0,True,analytical_hypothetical_hardware
32,6,64.0,2.0,0.25,2,0.1993630100475,3.995693661272526,40,480.0,True,analytical_hypothetical_hardware
32,6,64.0,2.0,0.25,4,0.1993630100475,3.995693661272526,80,960.0,True,analytical_hypothetical_hardware
32,6,64.0,2.0,0.5,1,0.1993630100475,4.155521407723427,20,240.0,True,analytical_hypothetical_hardware
32,6,64.0,2.0,0.5,2,0.1993630100475,4.155521407723427,40,480.0,True,analytical_hypothetical_hardware
32,6,64.0,2.0,0.5,4,0.1993630100475,4.155521407723427,80,960.0,True,analytical_hypothetical_hardware
32,6,64.0,2.0,1.0,1,0.1993630100475,4.475176900625229,22,264.0,True,analytical_hypothetical_hardware
32,6,64.0,2.0,1.0,2,0.1993630100475,4.475176900625229,44,528.0,True,analytical_hypothetical_hardware
32,6,64.0,2.0,1.0,4,0.1993630100475,4.475176900625229,88,1056.0,True,analytical_hypothetical_hardware
32,6,64.0,4.0,0.0,1,0.1993630100475,3.8358659148216248,19,228.0,True,analytical_hypothetical_hardware
32,6,64.0,4.0,0.0,2,0.1993630100475,3.8358659148216248,38,456.0,True,analytical_hypothetical_hardware
32,6,64.0,4.0,0.0,4,0.1993630100475,3.8358659148216248,76,912.0,True,analytical_hypothetical_hardware
32,6,64.0,4.0,0.25,1,0.1993630100475,3.995693661272526,20,240.0,True,analytical_hypothetical_hardware
32,6,64.0,4.0,0.25,2,0.1993630100475,3.995693661272526,40,480.0,True,analytical_hypothetical_hardware
32,6,64.0,4.0,0.25,4,0.1993630100475,3.995693661272526,80,960.0,True,analytical_hypothetical_hardware
32,6,64.0,4.0,0.5,1,0.1993630100475,4.155521407723427,20,240.0,True,analytical_hypothetical_hardware
32,6,64.0,4.0,0.5,2,0.1993630100475,4.155521407723427,40,480.0,True,analytical_hypothetical_hardware
32,6,64.0,4.0,0.5,4,0.1993630100475,4.155521407723427,80,960.0,True,analytical_hypothetical_hardware
32,6,64.0,4.0,1.0,1,0.1993630100475,4.475176900625229,22,264.0,True,analytical_hypothetical_hardware
32,6,64.0,4.0,1.0,2,0.1993630100475,4.475176900625229,44,528.0,True,analytical_hypothetical_hardware
32,6,64.0,4.0,1.0,4,0.1993630100475,4.475176900625229,88,1056.0,True,analytical_hypothetical_hardware
32,6,128.0,1.0,0.0,1,0.10105901004750001,3.8358659148216248,37,444.0,True,analytical_hypothetical_hardware
32,6,128.0,1.0,0.0,2,0.10105901004750001,3.8358659148216248,74,888.0,True,analytical_hypothetical_hardware
32,6,128.0,1.0,0.0,4,0.10105901004750001,3.8358659148216248,148,1776.0,True,analytical_hypothetical_hardware
32,6,128.0,1.0,0.25,1,0.10105901004750001,3.995693661272526,39,468.0,True,analytical_hypothetical_hardware
32,6,128.0,1.0,0.25,2,0.10105901004750001,3.995693661272526,78,936.0,True,analytical_hypothetical_hardware
32,6,128.0,1.0,0.25,4,0.10105901004750001,3.995693661272526,156,1872.0,True,analytical_hypothetical_hardware
32,6,128.0,1.0,0.5,1,0.10105901004750001,4.155521407723427,41,492.0,True,analytical_hypothetical_hardware
32,6,128.0,1.0,0.5,2,0.10105901004750001,4.155521407723427,82,984.0,True,analytical_hypothetical_hardware
32,6,128.0,1.0,0.5,4,0.10105901004750001,4.155521407723427,164,1968.0,True,analytical_hypothetical_hardware
32,6,128.0,1.0,1.0,1,0.10105901004750001,4.475176900625229,44,528.0,True,analytical_hypothetical_hardware
32,6,128.0,1.0,1.0,2,0.10105901004750001,4.475176900625229,88,1056.0,True,analytical_hypothetical_hardware
32,6,128.0,1.0,1.0,4,0.10105901004750001,4.475176900625229,176,2112.0,True,analytical_hypothetical_hardware
32,6,128.0,1.5,0.0,1,0.10105901004750001,3.8358659148216248,37,444.0,True,analytical_hypothetical_hardware
32,6,128.0,1.5,0.0,2,0.10105901004750001,3.8358659148216248,74,888.0,True,analytical_hypothetical_hardware
32,6,128.0,1.5,0.0,4,0.10105901004750001,3.8358659148216248,148,1776.0,True,analytical_hypothetical_hardware
32,6,128.0,1.5,0.25,1,0.10105901004750001,3.995693661272526,39,468.0,True,analytical_hypothetical_hardware
32,6,128.0,1.5,0.25,2,0.10105901004750001,3.995693661272526,78,936.0,True,analytical_hypothetical_hardware
32,6,128.0,1.5,0.25,4,0.10105901004750001,3.995693661272526,156,1872.0,True,analytical_hypothetical_hardware
32,6,128.0,1.5,0.5,1,0.10105901004750001,4.155521407723427,41,492.0,True,analytical_hypothetical_hardware
32,6,128.0,1.5,0.5,2,0.10105901004750001,4.155521407723427,82,984.0,True,analytical_hypothetical_hardware
32,6,128.0,1.5,0.5,4,0.10105901004750001,4.155521407723427,164,1968.0,True,analytical_hypothetical_hardware
32,6,128.0,1.5,1.0,1,0.10105901004750001,4.475176900625229,44,528.0,True,analytical_hypothetical_hardware
32,6,128.0,1.5,1.0,2,0.10105901004750001,4.475176900625229,88,1056.0,True,analytical_hypothetical_hardware
32,6,128.0,1.5,1.0,4,0.10105901004750001,4.475176900625229,176,2112.0,True,analytical_hypothetical_hardware
32,6,128.0,2.0,0.0,1,0.10105901004750001,3.8358659148216248,37,444.0,True,analytical_hypothetical_hardware
32,6,128.0,2.0,0.0,2,0.10105901004750001,3.8358659148216248,74,888.0,True,analytical_hypothetical_hardware
32,6,128.0,2.0,0.0,4,0.10105901004750001,3.8358659148216248,148,1776.0,True,analytical_hypothetical_hardware
32,6,128.0,2.0,0.25,1,0.10105901004750001,3.995693661272526,39,468.0,True,analytical_hypothetical_hardware
32,6,128.0,2.0,0.25,2,0.10105901004750001,3.995693661272526,78,936.0,True,analytical_hypothetical_hardware
32,6,128.0,2.0,0.25,4,0.10105901004750001,3.995693661272526,156,1872.0,True,analytical_hypothetical_hardware
32,6,128.0,2.0,0.5,1,0.10105901004750001,4.155521407723427,41,492.0,True,analytical_hypothetical_hardware
32,6,128.0,2.0,0.5,2,0.10105901004750001,4.155521407723427,82,984.0,True,analytical_hypothetical_hardware
32,6,128.0,2.0,0.5,4,0.10105901004750001,4.155521407723427,164,1968.0,True,analytical_hypothetical_hardware
32,6,128.0,2.0,1.0,1,0.10105901004750001,4.475176900625229,44,528.0,True,analytical_hypothetical_hardware
32,6,128.0,2.0,1.0,2,0.10105901004750001,4.475176900625229,88,1056.0,True,analytical_hypothetical_hardware
32,6,128.0,2.0,1.0,4,0.10105901004750001,4.475176900625229,176,2112.0,True,analytical_hypothetical_hardware
32,6,128.0,4.0,0.0,1,0.10105901004750001,3.8358659148216248,37,444.0,True,analytical_hypothetical_hardware
32,6,128.0,4.0,0.0,2,0.10105901004750001,3.8358659148216248,74,888.0,True,analytical_hypothetical_hardware
32,6,128.0,4.0,0.0,4,0.10105901004750001,3.8358659148216248,148,1776.0,True,analytical_hypothetical_hardware
32,6,128.0,4.0,0.25,1,0.10105901004750001,3.995693661272526,39,468.0,True,analytical_hypothetical_hardware
32,6,128.0,4.0,0.25,2,0.10105901004750001,3.995693661272526,78,936.0,True,analytical_hypothetical_hardware
32,6,128.0,4.0,0.25,4,0.10105901004750001,3.995693661272526,156,1872.0,True,analytical_hypothetical_hardware
32,6,128.0,4.0,0.5,1,0.10105901004750001,4.155521407723427,41,492.0,True,analytical_hypothetical_hardware
32,6,128.0,4.0,0.5,2,0.10105901004750001,4.155521407723427,82,984.0,True,analytical_hypothetical_hardware
32,6,128.0,4.0,0.5,4,0.10105901004750001,4.155521407723427,164,1968.0,True,analytical_hypothetical_hardware
32,6,128.0,4.0,1.0,1,0.10105901004750001,4.475176900625229,44,528.0,True,analytical_hypothetical_hardware
32,6,128.0,4.0,1.0,2,0.10105901004750001,4.475176900625229,88,1056.0,True,analytical_hypothetical_hardware
32,6,128.0,4.0,1.0,4,0.10105901004750001,4.475176900625229,176,2112.0,True,analytical_hypothetical_hardware
32,6,256.0,1.0,0.0,1,0.0519070100475,3.8358659148216248,73,876.0,True,analytical_hypothetical_hardware
32,6,256.0,1.0,0.0,2,0.0519070100475,3.8358659148216248,146,1752.0,True,analytical_hypothetical_hardware
32,6,256.0,1.0,0.0,4,0.0519070100475,3.8358659148216248,292,3504.0,True,analytical_hypothetical_hardware
32,6,256.0,1.0,0.25,1,0.0519070100475,3.995693661272526,76,912.0,True,analytical_hypothetical_hardware
32,6,256.0,1.0,0.25,2,0.0519070100475,3.995693661272526,152,1824.0,True,analytical_hypothetical_hardware
32,6,256.0,1.0,0.25,4,0.0519070100475,3.995693661272526,304,3648.0,True,analytical_hypothetical_hardware
32,6,256.0,1.0,0.5,1,0.0519070100475,4.155521407723427,80,960.0,True,analytical_hypothetical_hardware
32,6,256.0,1.0,0.5,2,0.0519070100475,4.155521407723427,160,1920.0,True,analytical_hypothetical_hardware
32,6,256.0,1.0,0.5,4,0.0519070100475,4.155521407723427,320,3840.0,True,analytical_hypothetical_hardware
32,6,256.0,1.0,1.0,1,0.0519070100475,4.475176900625229,86,1032.0,True,analytical_hypothetical_hardware
32,6,256.0,1.0,1.0,2,0.0519070100475,4.475176900625229,172,2064.0,True,analytical_hypothetical_hardware
32,6,256.0,1.0,1.0,4,0.0519070100475,4.475176900625229,344,4128.0,True,analytical_hypothetical_hardware
32,6,256.0,1.5,0.0,1,0.0519070100475,3.8358659148216248,73,876.0,True,analytical_hypothetical_hardware
32,6,256.0,1.5,0.0,2,0.0519070100475,3.8358659148216248,146,1752.0,True,analytical_hypothetical_hardware
32,6,256.0,1.5,0.0,4,0.0519070100475,3.8358659148216248,292,3504.0,True,analytical_hypothetical_hardware
32,6,256.0,1.5,0.25,1,0.0519070100475,3.995693661272526,76,912.0,True,analytical_hypothetical_hardware
32,6,256.0,1.5,0.25,2,0.0519070100475,3.995693661272526,152,1824.0,True,analytical_hypothetical_hardware
32,6,256.0,1.5,0.25,4,0.0519070100475,3.995693661272526,304,3648.0,True,analytical_hypothetical_hardware
32,6,256.0,1.5,0.5,1,0.0519070100475,4.155521407723427,80,960.0,True,analytical_hypothetical_hardware
32,6,256.0,1.5,0.5,2,0.0519070100475,4.155521407723427,160,1920.0,True,analytical_hypothetical_hardware
32,6,256.0,1.5,0.5,4,0.0519070100475,4.155521407723427,320,3840.0,True,analytical_hypothetical_hardware
32,6,256.0,1.5,1.0,1,0.0519070100475,4.475176900625229,86,1032.0,True,analytical_hypothetical_hardware
32,6,256.0,1.5,1.0,2,0.0519070100475,4.475176900625229,172,2064.0,True,analytical_hypothetical_hardware
32,6,256.0,1.5,1.0,4,0.0519070100475,4.475176900625229,344,4128.0,True,analytical_hypothetical_hardware
32,6,256.0,2.0,0.0,1,0.0519070100475,3.8358659148216248,73,876.0,True,analytical_hypothetical_hardware
32,6,256.0,2.0,0.0,2,0.0519070100475,3.8358659148216248,146,1752.0,True,analytical_hypothetical_hardware
32,6,256.0,2.0,0.0,4,0.0519070100475,3.8358659148216248,292,3504.0,True,analytical_hypothetical_hardware
32,6,256.0,2.0,0.25,1,0.0519070100475,3.995693661272526,76,912.0,True,analytical_hypothetical_hardware
32,6,256.0,2.0,0.25,2,0.0519070100475,3.995693661272526,152,1824.0,True,analytical_hypothetical_hardware
32,6,256.0,2.0,0.25,4,0.0519070100475,3.995693661272526,304,3648.0,True,analytical_hypothetical_hardware
32,6,256.0,2.0,0.5,1,0.0519070100475,4.155521407723427,80,960.0,True,analytical_hypothetical_hardware
32,6,256.0,2.0,0.5,2,0.0519070100475,4.155521407723427,160,1920.0,True,analytical_hypothetical_hardware
32,6,256.0,2.0,0.5,4,0.0519070100475,4.155521407723427,320,3840.0,True,analytical_hypothetical_hardware
32,6,256.0,2.0,1.0,1,0.0519070100475,4.475176900625229,86,1032.0,True,analytical_hypothetical_hardware
32,6,256.0,2.0,1.0,2,0.0519070100475,4.475176900625229,172,2064.0,True,analytical_hypothetical_hardware
32,6,256.0,2.0,1.0,4,0.0519070100475,4.475176900625229,344,4128.0,True,analytical_hypothetical_hardware
32,6,256.0,4.0,0.0,1,0.0519070100475,3.8358659148216248,73,876.0,True,analytical_hypothetical_hardware
32,6,256.0,4.0,0.0,2,0.0519070100475,3.8358659148216248,146,1752.0,True,analytical_hypothetical_hardware
32,6,256.0,4.0,0.0,4,0.0519070100475,3.8358659148216248,292,3504.0,True,analytical_hypothetical_hardware
32,6,256.0,4.0,0.25,1,0.0519070100475,3.995693661272526,76,912.0,True,analytical_hypothetical_hardware
32,6,256.0,4.0,0.25,2,0.0519070100475,3.995693661272526,152,1824.0,True,analytical_hypothetical_hardware
32,6,256.0,4.0,0.25,4,0.0519070100475,3.995693661272526,304,3648.0,True,analytical_hypothetical_hardware
32,6,256.0,4.0,0.5,1,0.0519070100475,4.155521407723427,80,960.0,True,analytical_hypothetical_hardware
32,6,256.0,4.0,0.5,2,0.0519070100475,4.155521407723427,160,1920.0,True,analytical_hypothetical_hardware
32,6,256.0,4.0,0.5,4,0.0519070100475,4.155521407723427,320,3840.0,True,analytical_hypothetical_hardware
32,6,256.0,4.0,1.0,1,0.0519070100475,4.475176900625229,86,1032.0,True,analytical_hypothetical_hardware
32,6,256.0,4.0,1.0,2,0.0519070100475,4.475176900625229,172,2064.0,True,analytical_hypothetical_hardware
32,6,256.0,4.0,1.0,4,0.0519070100475,4.475176900625229,344,4128.0,True,analytical_hypothetical_hardware
32,9,24.1354255944,1.0,0.0,1,0.5241011926861662,5.753798872232437,10,120.0,True,analytical_hypothetical_hardware
32,9,24.1354255944,1.0,0.0,2,0.5241011926861662,5.753798872232437,20,240.0,True,analytical_hypothetical_hardware
32,9,24.1354255944,1.0,0.0,4,0.5241011926861662,5.753798872232437,40,480.0,True,analytical_hypothetical_hardware
32,9,24.1354255944,1.0,0.25,1,0.5241011926861662,5.913626618683338,11,132.0,True,analytical_hypothetical_hardware
32,9,24.1354255944,1.0,0.25,2,0.5241011926861662,5.913626618683338,22,264.0,True,analytical_hypothetical_hardware
32,9,24.1354255944,1.0,0.25,4,0.5241011926861662,5.913626618683338,44,528.0,True,analytical_hypothetical_hardware
32,9,24.1354255944,1.0,0.5,1,0.5241011926861662,6.073454365134239,11,132.0,True,analytical_hypothetical_hardware
32,9,24.1354255944,1.0,0.5,2,0.5241011926861662,6.073454365134239,22,264.0,True,analytical_hypothetical_hardware
32,9,24.1354255944,1.0,0.5,4,0.5241011926861662,6.073454365134239,44,528.0,True,analytical_hypothetical_hardware
32,9,24.1354255944,1.0,1.0,1,0.5241011926861662,6.393109858036041,12,144.0,True,analytical_hypothetical_hardware
32,9,24.1354255944,1.0,1.0,2,0.5241011926861662,6.393109858036041,24,288.0,True,analytical_hypothetical_hardware
32,9,24.1354255944,1.0,1.0,4,0.5241011926861662,6.393109858036041,48,576.0,True,analytical_hypothetical_hardware
32,9,24.1354255944,1.5,0.0,1,0.5241011926861662,5.753798872232437,10,120.0,True,analytical_hypothetical_hardware
32,9,24.1354255944,1.5,0.0,2,0.5241011926861662,5.753798872232437,20,240.0,True,analytical_hypothetical_hardware
32,9,24.1354255944,1.5,0.0,4,0.5241011926861662,5.753798872232437,40,480.0,True,analytical_hypothetical_hardware
32,9,24.1354255944,1.5,0.25,1,0.5241011926861662,5.913626618683338,11,132.0,True,analytical_hypothetical_hardware
32,9,24.1354255944,1.5,0.25,2,0.5241011926861662,5.913626618683338,22,264.0,True,analytical_hypothetical_hardware
32,9,24.1354255944,1.5,0.25,4,0.5241011926861662,5.913626618683338,44,528.0,True,analytical_hypothetical_hardware
32,9,24.1354255944,1.5,0.5,1,0.5241011926861662,6.073454365134239,11,132.0,True,analytical_hypothetical_hardware
32,9,24.1354255944,1.5,0.5,2,0.5241011926861662,6.073454365134239,22,264.0,True,analytical_hypothetical_hardware
32,9,24.1354255944,1.5,0.5,4,0.5241011926861662,6.073454365134239,44,528.0,True,analytical_hypothetical_hardware
32,9,24.1354255944,1.5,1.0,1,0.5241011926861662,6.393109858036041,12,144.0,True,analytical_hypothetical_hardware
32,9,24.1354255944,1.5,1.0,2,0.5241011926861662,6.393109858036041,24,288.0,True,analytical_hypothetical_hardware
32,9,24.1354255944,1.5,1.0,4,0.5241011926861662,6.393109858036041,48,576.0,True,analytical_hypothetical_hardware
32,9,24.1354255944,2.0,0.0,1,0.5241011926861662,5.753798872232437,10,120.0,True,analytical_hypothetical_hardware
32,9,24.1354255944,2.0,0.0,2,0.5241011926861662,5.753798872232437,20,240.0,True,analytical_hypothetical_hardware
32,9,24.1354255944,2.0,0.0,4,0.5241011926861662,5.753798872232437,40,480.0,True,analytical_hypothetical_hardware
32,9,24.1354255944,2.0,0.25,1,0.5241011926861662,5.913626618683338,11,132.0,True,analytical_hypothetical_hardware
32,9,24.1354255944,2.0,0.25,2,0.5241011926861662,5.913626618683338,22,264.0,True,analytical_hypothetical_hardware
32,9,24.1354255944,2.0,0.25,4,0.5241011926861662,5.913626618683338,44,528.0,True,analytical_hypothetical_hardware
32,9,24.1354255944,2.0,0.5,1,0.5241011926861662,6.073454365134239,11,132.0,True,analytical_hypothetical_hardware
32,9,24.1354255944,2.0,0.5,2,0.5241011926861662,6.073454365134239,22,264.0,True,analytical_hypothetical_hardware
32,9,24.1354255944,2.0,0.5,4,0.5241011926861662,6.073454365134239,44,528.0,True,analytical_hypothetical_hardware
32,9,24.1354255944,2.0,1.0,1,0.5241011926861662,6.393109858036041,12,144.0,True,analytical_hypothetical_hardware
32,9,24.1354255944,2.0,1.0,2,0.5241011926861662,6.393109858036041,24,288.0,True,analytical_hypothetical_hardware
32,9,24.1354255944,2.0,1.0,4,0.5241011926861662,6.393109858036041,48,576.0,True,analytical_hypothetical_hardware
32,9,24.1354255944,4.0,0.0,1,0.5241011926861662,5.753798872232437,10,120.0,True,analytical_hypothetical_hardware
32,9,24.1354255944,4.0,0.0,2,0.5241011926861662,5.753798872232437,20,240.0,True,analytical_hypothetical_hardware
32,9,24.1354255944,4.0,0.0,4,0.5241011926861662,5.753798872232437,40,480.0,True,analytical_hypothetical_hardware
32,9,24.1354255944,4.0,0.25,1,0.5241011926861662,5.913626618683338,11,132.0,True,analytical_hypothetical_hardware
32,9,24.1354255944,4.0,0.25,2,0.5241011926861662,5.913626618683338,22,264.0,True,analytical_hypothetical_hardware
32,9,24.1354255944,4.0,0.25,4,0.5241011926861662,5.913626618683338,44,528.0,True,analytical_hypothetical_hardware
32,9,24.1354255944,4.0,0.5,1,0.5241011926861662,6.073454365134239,11,132.0,True,analytical_hypothetical_hardware
32,9,24.1354255944,4.0,0.5,2,0.5241011926861662,6.073454365134239,22,264.0,True,analytical_hypothetical_hardware
32,9,24.1354255944,4.0,0.5,4,0.5241011926861662,6.073454365134239,44,528.0,True,analytical_hypothetical_hardware
32,9,24.1354255944,4.0,1.0,1,0.5241011926861662,6.393109858036041,12,144.0,True,analytical_hypothetical_hardware
32,9,24.1354255944,4.0,1.0,2,0.5241011926861662,6.393109858036041,24,288.0,True,analytical_hypothetical_hardware
32,9,24.1354255944,4.0,1.0,4,0.5241011926861662,6.393109858036041,48,576.0,True,analytical_hypothetical_hardware
32,9,64.0,1.0,0.0,1,0.1993630100475,5.753798872232437,28,336.0,True,analytical_hypothetical_hardware
32,9,64.0,1.0,0.0,2,0.1993630100475,5.753798872232437,56,672.0,True,analytical_hypothetical_hardware
32,9,64.0,1.0,0.0,4,0.1993630100475,5.753798872232437,112,1344.0,True,analytical_hypothetical_hardware
32,9,64.0,1.0,0.25,1,0.1993630100475,5.913626618683338,29,348.0,True,analytical_hypothetical_hardware
32,9,64.0,1.0,0.25,2,0.1993630100475,5.913626618683338,58,696.0,True,analytical_hypothetical_hardware
32,9,64.0,1.0,0.25,4,0.1993630100475,5.913626618683338,116,1392.0,True,analytical_hypothetical_hardware
32,9,64.0,1.0,0.5,1,0.1993630100475,6.073454365134239,30,360.0,True,analytical_hypothetical_hardware
32,9,64.0,1.0,0.5,2,0.1993630100475,6.073454365134239,60,720.0,True,analytical_hypothetical_hardware
32,9,64.0,1.0,0.5,4,0.1993630100475,6.073454365134239,120,1440.0,True,analytical_hypothetical_hardware
32,9,64.0,1.0,1.0,1,0.1993630100475,6.393109858036041,32,384.0,True,analytical_hypothetical_hardware
32,9,64.0,1.0,1.0,2,0.1993630100475,6.393109858036041,64,768.0,True,analytical_hypothetical_hardware
32,9,64.0,1.0,1.0,4,0.1993630100475,6.393109858036041,128,1536.0,True,analytical_hypothetical_hardware
32,9,64.0,1.5,0.0,1,0.1993630100475,5.753798872232437,28,336.0,True,analytical_hypothetical_hardware
32,9,64.0,1.5,0.0,2,0.1993630100475,5.753798872232437,56,672.0,True,analytical_hypothetical_hardware
32,9,64.0,1.5,0.0,4,0.1993630100475,5.753798872232437,112,1344.0,True,analytical_hypothetical_hardware
32,9,64.0,1.5,0.25,1,0.1993630100475,5.913626618683338,29,348.0,True,analytical_hypothetical_hardware
32,9,64.0,1.5,0.25,2,0.1993630100475,5.913626618683338,58,696.0,True,analytical_hypothetical_hardware
32,9,64.0,1.5,0.25,4,0.1993630100475,5.913626618683338,116,1392.0,True,analytical_hypothetical_hardware
32,9,64.0,1.5,0.5,1,0.1993630100475,6.073454365134239,30,360.0,True,analytical_hypothetical_hardware
32,9,64.0,1.5,0.5,2,0.1993630100475,6.073454365134239,60,720.0,True,analytical_hypothetical_hardware
32,9,64.0,1.5,0.5,4,0.1993630100475,6.073454365134239,120,1440.0,True,analytical_hypothetical_hardware
32,9,64.0,1.5,1.0,1,0.1993630100475,6.393109858036041,32,384.0,True,analytical_hypothetical_hardware
32,9,64.0,1.5,1.0,2,0.1993630100475,6.393109858036041,64,768.0,True,analytical_hypothetical_hardware
32,9,64.0,1.5,1.0,4,0.1993630100475,6.393109858036041,128,1536.0,True,analytical_hypothetical_hardware
32,9,64.0,2.0,0.0,1,0.1993630100475,5.753798872232437,28,336.0,True,analytical_hypothetical_hardware
32,9,64.0,2.0,0.0,2,0.1993630100475,5.753798872232437,56,672.0,True,analytical_hypothetical_hardware
32,9,64.0,2.0,0.0,4,0.1993630100475,5.753798872232437,112,1344.0,True,analytical_hypothetical_hardware
32,9,64.0,2.0,0.25,1,0.1993630100475,5.913626618683338,29,348.0,True,analytical_hypothetical_hardware
32,9,64.0,2.0,0.25,2,0.1993630100475,5.913626618683338,58,696.0,True,analytical_hypothetical_hardware
32,9,64.0,2.0,0.25,4,0.1993630100475,5.913626618683338,116,1392.0,True,analytical_hypothetical_hardware
32,9,64.0,2.0,0.5,1,0.1993630100475,6.073454365134239,30,360.0,True,analytical_hypothetical_hardware
32,9,64.0,2.0,0.5,2,0.1993630100475,6.073454365134239,60,720.0,True,analytical_hypothetical_hardware
32,9,64.0,2.0,0.5,4,0.1993630100475,6.073454365134239,120,1440.0,True,analytical_hypothetical_hardware
32,9,64.0,2.0,1.0,1,0.1993630100475,6.393109858036041,32,384.0,True,analytical_hypothetical_hardware
32,9,64.0,2.0,1.0,2,0.1993630100475,6.393109858036041,64,768.0,True,analytical_hypothetical_hardware
32,9,64.0,2.0,1.0,4,0.1993630100475,6.393109858036041,128,1536.0,True,analytical_hypothetical_hardware
32,9,64.0,4.0,0.0,1,0.1993630100475,5.753798872232437,28,336.0,True,analytical_hypothetical_hardware
32,9,64.0,4.0,0.0,2,0.1993630100475,5.753798872232437,56,672.0,True,analytical_hypothetical_hardware
32,9,64.0,4.0,0.0,4,0.1993630100475,5.753798872232437,112,1344.0,True,analytical_hypothetical_hardware
32,9,64.0,4.0,0.25,1,0.1993630100475,5.913626618683338,29,348.0,True,analytical_hypothetical_hardware
32,9,64.0,4.0,0.25,2,0.1993630100475,5.913626618683338,58,696.0,True,analytical_hypothetical_hardware
32,9,64.0,4.0,0.25,4,0.1993630100475,5.913626618683338,116,1392.0,True,analytical_hypothetical_hardware
32,9,64.0,4.0,0.5,1,0.1993630100475,6.073454365134239,30,360.0,True,analytical_hypothetical_hardware
32,9,64.0,4.0,0.5,2,0.1993630100475,6.073454365134239,60,720.0,True,analytical_hypothetical_hardware
32,9,64.0,4.0,0.5,4,0.1993630100475,6.073454365134239,120,1440.0,True,analytical_hypothetical_hardware
32,9,64.0,4.0,1.0,1,0.1993630100475,6.393109858036041,32,384.0,True,analytical_hypothetical_hardware
32,9,64.0,4.0,1.0,2,0.1993630100475,6.393109858036041,64,768.0,True,analytical_hypothetical_hardware
32,9,64.0,4.0,1.0,4,0.1993630100475,6.393109858036041,128,1536.0,True,analytical_hypothetical_hardware
32,9,128.0,1.0,0.0,1,0.10105901004750001,5.753798872232437,56,672.0,True,analytical_hypothetical_hardware
32,9,128.0,1.0,0.0,2,0.10105901004750001,5.753798872232437,112,1344.0,True,analytical_hypothetical_hardware
32,9,128.0,1.0,0.0,4,0.10105901004750001,5.753798872232437,224,2688.0,True,analytical_hypothetical_hardware
32,9,128.0,1.0,0.25,1,0.10105901004750001,5.913626618683338,58,696.0,True,analytical_hypothetical_hardware
32,9,128.0,1.0,0.25,2,0.10105901004750001,5.913626618683338,116,1392.0,True,analytical_hypothetical_hardware
32,9,128.0,1.0,0.25,4,0.10105901004750001,5.913626618683338,232,2784.0,True,analytical_hypothetical_hardware
32,9,128.0,1.0,0.5,1,0.10105901004750001,6.073454365134239,60,720.0,True,analytical_hypothetical_hardware
32,9,128.0,1.0,0.5,2,0.10105901004750001,6.073454365134239,120,1440.0,True,analytical_hypothetical_hardware
32,9,128.0,1.0,0.5,4,0.10105901004750001,6.073454365134239,240,2880.0,True,analytical_hypothetical_hardware
32,9,128.0,1.0,1.0,1,0.10105901004750001,6.393109858036041,63,756.0,True,analytical_hypothetical_hardware
32,9,128.0,1.0,1.0,2,0.10105901004750001,6.393109858036041,126,1512.0,True,analytical_hypothetical_hardware
32,9,128.0,1.0,1.0,4,0.10105901004750001,6.393109858036041,252,3024.0,True,analytical_hypothetical_hardware
32,9,128.0,1.5,0.0,1,0.10105901004750001,5.753798872232437,56,672.0,True,analytical_hypothetical_hardware
32,9,128.0,1.5,0.0,2,0.10105901004750001,5.753798872232437,112,1344.0,True,analytical_hypothetical_hardware
32,9,128.0,1.5,0.0,4,0.10105901004750001,5.753798872232437,224,2688.0,True,analytical_hypothetical_hardware
32,9,128.0,1.5,0.25,1,0.10105901004750001,5.913626618683338,58,696.0,True,analytical_hypothetical_hardware
32,9,128.0,1.5,0.25,2,0.10105901004750001,5.913626618683338,116,1392.0,True,analytical_hypothetical_hardware
32,9,128.0,1.5,0.25,4,0.10105901004750001,5.913626618683338,232,2784.0,True,analytical_hypothetical_hardware
32,9,128.0,1.5,0.5,1,0.10105901004750001,6.073454365134239,60,720.0,True,analytical_hypothetical_hardware
32,9,128.0,1.5,0.5,2,0.10105901004750001,6.073454365134239,120,1440.0,True,analytical_hypothetical_hardware
32,9,128.0,1.5,0.5,4,0.10105901004750001,6.073454365134239,240,2880.0,True,analytical_hypothetical_hardware
32,9,128.0,1.5,1.0,1,0.10105901004750001,6.393109858036041,63,756.0,True,analytical_hypothetical_hardware
32,9,128.0,1.5,1.0,2,0.10105901004750001,6.393109858036041,126,1512.0,True,analytical_hypothetical_hardware
32,9,128.0,1.5,1.0,4,0.10105901004750001,6.393109858036041,252,3024.0,True,analytical_hypothetical_hardware
32,9,128.0,2.0,0.0,1,0.10105901004750001,5.753798872232437,56,672.0,True,analytical_hypothetical_hardware
32,9,128.0,2.0,0.0,2,0.10105901004750001,5.753798872232437,112,1344.0,True,analytical_hypothetical_hardware
32,9,128.0,2.0,0.0,4,0.10105901004750001,5.753798872232437,224,2688.0,True,analytical_hypothetical_hardware
32,9,128.0,2.0,0.25,1,0.10105901004750001,5.913626618683338,58,696.0,True,analytical_hypothetical_hardware
32,9,128.0,2.0,0.25,2,0.10105901004750001,5.913626618683338,116,1392.0,True,analytical_hypothetical_hardware
32,9,128.0,2.0,0.25,4,0.10105901004750001,5.913626618683338,232,2784.0,True,analytical_hypothetical_hardware
32,9,128.0,2.0,0.5,1,0.10105901004750001,6.073454365134239,60,720.0,True,analytical_hypothetical_hardware
32,9,128.0,2.0,0.5,2,0.10105901004750001,6.073454365134239,120,1440.0,True,analytical_hypothetical_hardware
32,9,128.0,2.0,0.5,4,0.10105901004750001,6.073454365134239,240,2880.0,True,analytical_hypothetical_hardware
32,9,128.0,2.0,1.0,1,0.10105901004750001,6.393109858036041,63,756.0,True,analytical_hypothetical_hardware
32,9,128.0,2.0,1.0,2,0.10105901004750001,6.393109858036041,126,1512.0,True,analytical_hypothetical_hardware
32,9,128.0,2.0,1.0,4,0.10105901004750001,6.393109858036041,252,3024.0,True,analytical_hypothetical_hardware
32,9,128.0,4.0,0.0,1,0.10105901004750001,5.753798872232437,56,672.0,True,analytical_hypothetical_hardware
32,9,128.0,4.0,0.0,2,0.10105901004750001,5.753798872232437,112,1344.0,True,analytical_hypothetical_hardware
32,9,128.0,4.0,0.0,4,0.10105901004750001,5.753798872232437,224,2688.0,True,analytical_hypothetical_hardware
32,9,128.0,4.0,0.25,1,0.10105901004750001,5.913626618683338,58,696.0,True,analytical_hypothetical_hardware
32,9,128.0,4.0,0.25,2,0.10105901004750001,5.913626618683338,116,1392.0,True,analytical_hypothetical_hardware
32,9,128.0,4.0,0.25,4,0.10105901004750001,5.913626618683338,232,2784.0,True,analytical_hypothetical_hardware
32,9,128.0,4.0,0.5,1,0.10105901004750001,6.073454365134239,60,720.0,True,analytical_hypothetical_hardware
32,9,128.0,4.0,0.5,2,0.10105901004750001,6.073454365134239,120,1440.0,True,analytical_hypothetical_hardware
32,9,128.0,4.0,0.5,4,0.10105901004750001,6.073454365134239,240,2880.0,True,analytical_hypothetical_hardware
32,9,128.0,4.0,1.0,1,0.10105901004750001,6.393109858036041,63,756.0,True,analytical_hypothetical_hardware
32,9,128.0,4.0,1.0,2,0.10105901004750001,6.393109858036041,126,1512.0,True,analytical_hypothetical_hardware
32,9,128.0,4.0,1.0,4,0.10105901004750001,6.393109858036041,252,3024.0,True,analytical_hypothetical_hardware
32,9,256.0,1.0,0.0,1,0.0519070100475,5.753798872232437,110,1320.0,True,analytical_hypothetical_hardware
32,9,256.0,1.0,0.0,2,0.0519070100475,5.753798872232437,220,2640.0,True,analytical_hypothetical_hardware
32,9,256.0,1.0,0.0,4,0.0519070100475,5.753798872232437,440,5280.0,True,analytical_hypothetical_hardware
32,9,256.0,1.0,0.25,1,0.0519070100475,5.913626618683338,113,1356.0,True,analytical_hypothetical_hardware
32,9,256.0,1.0,0.25,2,0.0519070100475,5.913626618683338,226,2712.0,True,analytical_hypothetical_hardware
32,9,256.0,1.0,0.25,4,0.0519070100475,5.913626618683338,452,5424.0,True,analytical_hypothetical_hardware
32,9,256.0,1.0,0.5,1,0.0519070100475,6.073454365134239,117,1404.0,True,analytical_hypothetical_hardware
32,9,256.0,1.0,0.5,2,0.0519070100475,6.073454365134239,234,2808.0,True,analytical_hypothetical_hardware
32,9,256.0,1.0,0.5,4,0.0519070100475,6.073454365134239,468,5616.0,True,analytical_hypothetical_hardware
32,9,256.0,1.0,1.0,1,0.0519070100475,6.393109858036041,123,1476.0,True,analytical_hypothetical_hardware
32,9,256.0,1.0,1.0,2,0.0519070100475,6.393109858036041,246,2952.0,True,analytical_hypothetical_hardware
32,9,256.0,1.0,1.0,4,0.0519070100475,6.393109858036041,492,5904.0,True,analytical_hypothetical_hardware
32,9,256.0,1.5,0.0,1,0.0519070100475,5.753798872232437,110,1320.0,True,analytical_hypothetical_hardware
32,9,256.0,1.5,0.0,2,0.0519070100475,5.753798872232437,220,2640.0,True,analytical_hypothetical_hardware
32,9,256.0,1.5,0.0,4,0.0519070100475,5.753798872232437,440,5280.0,True,analytical_hypothetical_hardware
32,9,256.0,1.5,0.25,1,0.0519070100475,5.913626618683338,113,1356.0,True,analytical_hypothetical_hardware
32,9,256.0,1.5,0.25,2,0.0519070100475,5.913626618683338,226,2712.0,True,analytical_hypothetical_hardware
32,9,256.0,1.5,0.25,4,0.0519070100475,5.913626618683338,452,5424.0,True,analytical_hypothetical_hardware
32,9,256.0,1.5,0.5,1,0.0519070100475,6.073454365134239,117,1404.0,True,analytical_hypothetical_hardware
32,9,256.0,1.5,0.5,2,0.0519070100475,6.073454365134239,234,2808.0,True,analytical_hypothetical_hardware
32,9,256.0,1.5,0.5,4,0.0519070100475,6.073454365134239,468,5616.0,True,analytical_hypothetical_hardware
32,9,256.0,1.5,1.0,1,0.0519070100475,6.393109858036041,123,1476.0,True,analytical_hypothetical_hardware
32,9,256.0,1.5,1.0,2,0.0519070100475,6.393109858036041,246,2952.0,True,analytical_hypothetical_hardware
32,9,256.0,1.5,1.0,4,0.0519070100475,6.393109858036041,492,5904.0,True,analytical_hypothetical_hardware
32,9,256.0,2.0,0.0,1,0.0519070100475,5.753798872232437,110,1320.0,True,analytical_hypothetical_hardware
32,9,256.0,2.0,0.0,2,0.0519070100475,5.753798872232437,220,2640.0,True,analytical_hypothetical_hardware
32,9,256.0,2.0,0.0,4,0.0519070100475,5.753798872232437,440,5280.0,True,analytical_hypothetical_hardware
32,9,256.0,2.0,0.25,1,0.0519070100475,5.913626618683338,113,1356.0,True,analytical_hypothetical_hardware
32,9,256.0,2.0,0.25,2,0.0519070100475,5.913626618683338,226,2712.0,True,analytical_hypothetical_hardware
32,9,256.0,2.0,0.25,4,0.0519070100475,5.913626618683338,452,5424.0,True,analytical_hypothetical_hardware
32,9,256.0,2.0,0.5,1,0.0519070100475,6.073454365134239,117,1404.0,True,analytical_hypothetical_hardware
32,9,256.0,2.0,0.5,2,0.0519070100475,6.073454365134239,234,2808.0,True,analytical_hypothetical_hardware
32,9,256.0,2.0,0.5,4,0.0519070100475,6.073454365134239,468,5616.0,True,analytical_hypothetical_hardware
32,9,256.0,2.0,1.0,1,0.0519070100475,6.393109858036041,123,1476.0,True,analytical_hypothetical_hardware
32,9,256.0,2.0,1.0,2,0.0519070100475,6.393109858036041,246,2952.0,True,analytical_hypothetical_hardware
32,9,256.0,2.0,1.0,4,0.0519070100475,6.393109858036041,492,5904.0,True,analytical_hypothetical_hardware
32,9,256.0,4.0,0.0,1,0.0519070100475,5.753798872232437,110,1320.0,True,analytical_hypothetical_hardware
32,9,256.0,4.0,0.0,2,0.0519070100475,5.753798872232437,220,2640.0,True,analytical_hypothetical_hardware
32,9,256.0,4.0,0.0,4,0.0519070100475,5.753798872232437,440,5280.0,True,analytical_hypothetical_hardware
32,9,256.0,4.0,0.25,1,0.0519070100475,5.913626618683338,113,1356.0,True,analytical_hypothetical_hardware
32,9,256.0,4.0,0.25,2,0.0519070100475,5.913626618683338,226,2712.0,True,analytical_hypothetical_hardware
32,9,256.0,4.0,0.25,4,0.0519070100475,5.913626618683338,452,5424.0,True,analytical_hypothetical_hardware
32,9,256.0,4.0,0.5,1,0.0519070100475,6.073454365134239,117,1404.0,True,analytical_hypothetical_hardware
32,9,256.0,4.0,0.5,2,0.0519070100475,6.073454365134239,234,2808.0,True,analytical_hypothetical_hardware
32,9,256.0,4.0,0.5,4,0.0519070100475,6.073454365134239,468,5616.0,True,analytical_hypothetical_hardware
32,9,256.0,4.0,1.0,1,0.0519070100475,6.393109858036041,123,1476.0,True,analytical_hypothetical_hardware
32,9,256.0,4.0,1.0,2,0.0519070100475,6.393109858036041,246,2952.0,True,analytical_hypothetical_hardware
32,9,256.0,4.0,1.0,4,0.0519070100475,6.393109858036041,492,5904.0,True,analytical_hypothetical_hardware
