scenario_id,capacity_experts_per_layer,p99_missing_routed_mass,bounded_p99_tpot_ms,policy,shared_distance_over_expert_bound,p99_normalized_perturbation_bound,bound_semantics
ax4-local-00000,8,0.9565039820298141,11.251873350143434,null_residual,,0.9565039820298141,m_times_B
ax4-local-00000,8,0.9565039820298141,11.251873350143434,present_renormalization,,1.9130079640596283,2m_times_B
ax4-local-00000,8,0.9565039820298141,11.251873350143434,shared_residual,0.25,0.23912599550745353,m_times_D_over_B
ax4-local-00000,8,0.9565039820298141,11.251873350143434,shared_residual,0.5,0.47825199101490706,m_times_D_over_B
ax4-local-00000,8,0.9565039820298141,11.251873350143434,shared_residual,1.0,0.9565039820298141,m_times_D_over_B
ax4-local-00000,8,0.9565039820298141,11.251873350143434,shared_residual,2.0,1.9130079640596283,m_times_D_over_B
ax4-local-00001,8,1.0,11.251873350143434,null_residual,,1.0,m_times_B
ax4-local-00001,8,1.0,11.251873350143434,present_renormalization,,2.0,2m_times_B
ax4-local-00001,8,1.0,11.251873350143434,shared_residual,0.25,0.25,m_times_D_over_B
ax4-local-00001,8,1.0,11.251873350143434,shared_residual,0.5,0.5,m_times_D_over_B
ax4-local-00001,8,1.0,11.251873350143434,shared_residual,1.0,1.0,m_times_D_over_B
ax4-local-00001,8,1.0,11.251873350143434,shared_residual,2.0,2.0,m_times_D_over_B
ax4-local-00002,8,1.0,11.251873350143434,null_residual,,1.0,m_times_B
ax4-local-00002,8,1.0,11.251873350143434,present_renormalization,,2.0,2m_times_B
ax4-local-00002,8,1.0,11.251873350143434,shared_residual,0.25,0.25,m_times_D_over_B
ax4-local-00002,8,1.0,11.251873350143434,shared_residual,0.5,0.5,m_times_D_over_B
ax4-local-00002,8,1.0,11.251873350143434,shared_residual,1.0,1.0,m_times_D_over_B
ax4-local-00002,8,1.0,11.251873350143434,shared_residual,2.0,2.0,m_times_D_over_B
ax4-local-00003,8,1.0,11.251873350143434,null_residual,,1.0,m_times_B
ax4-local-00003,8,1.0,11.251873350143434,present_renormalization,,2.0,2m_times_B
ax4-local-00003,8,1.0,11.251873350143434,shared_residual,0.25,0.25,m_times_D_over_B
ax4-local-00003,8,1.0,11.251873350143434,shared_residual,0.5,0.5,m_times_D_over_B
ax4-local-00003,8,1.0,11.251873350143434,shared_residual,1.0,1.0,m_times_D_over_B
ax4-local-00003,8,1.0,11.251873350143434,shared_residual,2.0,2.0,m_times_D_over_B
ax4-local-00004,8,0.9217796914244708,11.251873350143434,null_residual,,0.9217796914244708,m_times_B
ax4-local-00004,8,0.9217796914244708,11.251873350143434,present_renormalization,,1.8435593828489416,2m_times_B
ax4-local-00004,8,0.9217796914244708,11.251873350143434,shared_residual,0.25,0.2304449228561177,m_times_D_over_B
ax4-local-00004,8,0.9217796914244708,11.251873350143434,shared_residual,0.5,0.4608898457122354,m_times_D_over_B
ax4-local-00004,8,0.9217796914244708,11.251873350143434,shared_residual,1.0,0.9217796914244708,m_times_D_over_B
ax4-local-00004,8,0.9217796914244708,11.251873350143434,shared_residual,2.0,1.8435593828489416,m_times_D_over_B
ax4-local-00005,8,0.9217796914244708,11.251873350143434,null_residual,,0.9217796914244708,m_times_B
ax4-local-00005,8,0.9217796914244708,11.251873350143434,present_renormalization,,1.8435593828489416,2m_times_B
ax4-local-00005,8,0.9217796914244708,11.251873350143434,shared_residual,0.25,0.2304449228561177,m_times_D_over_B
ax4-local-00005,8,0.9217796914244708,11.251873350143434,shared_residual,0.5,0.4608898457122354,m_times_D_over_B
ax4-local-00005,8,0.9217796914244708,11.251873350143434,shared_residual,1.0,0.9217796914244708,m_times_D_over_B
ax4-local-00005,8,0.9217796914244708,11.251873350143434,shared_residual,2.0,1.8435593828489416,m_times_D_over_B
ax4-local-00006,8,0.9217796914244708,11.251873350143434,null_residual,,0.9217796914244708,m_times_B
ax4-local-00006,8,0.9217796914244708,11.251873350143434,present_renormalization,,1.8435593828489416,2m_times_B
ax4-local-00006,8,0.9217796914244708,11.251873350143434,shared_residual,0.25,0.2304449228561177,m_times_D_over_B
ax4-local-00006,8,0.9217796914244708,11.251873350143434,shared_residual,0.5,0.4608898457122354,m_times_D_over_B
ax4-local-00006,8,0.9217796914244708,11.251873350143434,shared_residual,1.0,0.9217796914244708,m_times_D_over_B
ax4-local-00006,8,0.9217796914244708,11.251873350143434,shared_residual,2.0,1.8435593828489416,m_times_D_over_B
ax4-local-00007,8,0.9217796914244708,11.251873350143434,null_residual,,0.9217796914244708,m_times_B
ax4-local-00007,8,0.9217796914244708,11.251873350143434,present_renormalization,,1.8435593828489416,2m_times_B
ax4-local-00007,8,0.9217796914244708,11.251873350143434,shared_residual,0.25,0.2304449228561177,m_times_D_over_B
ax4-local-00007,8,0.9217796914244708,11.251873350143434,shared_residual,0.5,0.4608898457122354,m_times_D_over_B
ax4-local-00007,8,0.9217796914244708,11.251873350143434,shared_residual,1.0,0.9217796914244708,m_times_D_over_B
ax4-local-00007,8,0.9217796914244708,11.251873350143434,shared_residual,2.0,1.8435593828489416,m_times_D_over_B
ax4-local-00008,8,0.9428071928071928,11.251873350143434,null_residual,,0.9428071928071928,m_times_B
ax4-local-00008,8,0.9428071928071928,11.251873350143434,present_renormalization,,1.8856143856143857,2m_times_B
ax4-local-00008,8,0.9428071928071928,11.251873350143434,shared_residual,0.25,0.2357017982017982,m_times_D_over_B
ax4-local-00008,8,0.9428071928071928,11.251873350143434,shared_residual,0.5,0.4714035964035964,m_times_D_over_B
ax4-local-00008,8,0.9428071928071928,11.251873350143434,shared_residual,1.0,0.9428071928071928,m_times_D_over_B
ax4-local-00008,8,0.9428071928071928,11.251873350143434,shared_residual,2.0,1.8856143856143857,m_times_D_over_B
ax4-local-00009,8,1.0,11.251873350143434,null_residual,,1.0,m_times_B
ax4-local-00009,8,1.0,11.251873350143434,present_renormalization,,2.0,2m_times_B
ax4-local-00009,8,1.0,11.251873350143434,shared_residual,0.25,0.25,m_times_D_over_B
ax4-local-00009,8,1.0,11.251873350143434,shared_residual,0.5,0.5,m_times_D_over_B
ax4-local-00009,8,1.0,11.251873350143434,shared_residual,1.0,1.0,m_times_D_over_B
ax4-local-00009,8,1.0,11.251873350143434,shared_residual,2.0,2.0,m_times_D_over_B
ax4-local-00010,8,1.0,11.251873350143434,null_residual,,1.0,m_times_B
ax4-local-00010,8,1.0,11.251873350143434,present_renormalization,,2.0,2m_times_B
ax4-local-00010,8,1.0,11.251873350143434,shared_residual,0.25,0.25,m_times_D_over_B
ax4-local-00010,8,1.0,11.251873350143434,shared_residual,0.5,0.5,m_times_D_over_B
ax4-local-00010,8,1.0,11.251873350143434,shared_residual,1.0,1.0,m_times_D_over_B
ax4-local-00010,8,1.0,11.251873350143434,shared_residual,2.0,2.0,m_times_D_over_B
ax4-local-00011,8,1.0,11.251873350143434,null_residual,,1.0,m_times_B
ax4-local-00011,8,1.0,11.251873350143434,present_renormalization,,2.0,2m_times_B
ax4-local-00011,8,1.0,11.251873350143434,shared_residual,0.25,0.25,m_times_D_over_B
ax4-local-00011,8,1.0,11.251873350143434,shared_residual,0.5,0.5,m_times_D_over_B
ax4-local-00011,8,1.0,11.251873350143434,shared_residual,1.0,1.0,m_times_D_over_B
ax4-local-00011,8,1.0,11.251873350143434,shared_residual,2.0,2.0,m_times_D_over_B
ax4-local-00012,8,0.9565039820298141,11.251873350143434,null_residual,,0.9565039820298141,m_times_B
ax4-local-00012,8,0.9565039820298141,11.251873350143434,present_renormalization,,1.9130079640596283,2m_times_B
ax4-local-00012,8,0.9565039820298141,11.251873350143434,shared_residual,0.25,0.23912599550745353,m_times_D_over_B
ax4-local-00012,8,0.9565039820298141,11.251873350143434,shared_residual,0.5,0.47825199101490706,m_times_D_over_B
ax4-local-00012,8,0.9565039820298141,11.251873350143434,shared_residual,1.0,0.9565039820298141,m_times_D_over_B
ax4-local-00012,8,0.9565039820298141,11.251873350143434,shared_residual,2.0,1.9130079640596283,m_times_D_over_B
ax4-local-00013,8,1.0,11.251873350143434,null_residual,,1.0,m_times_B
ax4-local-00013,8,1.0,11.251873350143434,present_renormalization,,2.0,2m_times_B
ax4-local-00013,8,1.0,11.251873350143434,shared_residual,0.25,0.25,m_times_D_over_B
ax4-local-00013,8,1.0,11.251873350143434,shared_residual,0.5,0.5,m_times_D_over_B
ax4-local-00013,8,1.0,11.251873350143434,shared_residual,1.0,1.0,m_times_D_over_B
ax4-local-00013,8,1.0,11.251873350143434,shared_residual,2.0,2.0,m_times_D_over_B
ax4-local-00014,8,1.0,11.251873350143434,null_residual,,1.0,m_times_B
ax4-local-00014,8,1.0,11.251873350143434,present_renormalization,,2.0,2m_times_B
ax4-local-00014,8,1.0,11.251873350143434,shared_residual,0.25,0.25,m_times_D_over_B
ax4-local-00014,8,1.0,11.251873350143434,shared_residual,0.5,0.5,m_times_D_over_B
ax4-local-00014,8,1.0,11.251873350143434,shared_residual,1.0,1.0,m_times_D_over_B
ax4-local-00014,8,1.0,11.251873350143434,shared_residual,2.0,2.0,m_times_D_over_B
ax4-local-00015,8,1.0,11.251873350143434,null_residual,,1.0,m_times_B
ax4-local-00015,8,1.0,11.251873350143434,present_renormalization,,2.0,2m_times_B
ax4-local-00015,8,1.0,11.251873350143434,shared_residual,0.25,0.25,m_times_D_over_B
ax4-local-00015,8,1.0,11.251873350143434,shared_residual,0.5,0.5,m_times_D_over_B
ax4-local-00015,8,1.0,11.251873350143434,shared_residual,1.0,1.0,m_times_D_over_B
ax4-local-00015,8,1.0,11.251873350143434,shared_residual,2.0,2.0,m_times_D_over_B
ax4-local-00016,8,0.9217796914244708,11.251873350143434,null_residual,,0.9217796914244708,m_times_B
ax4-local-00016,8,0.9217796914244708,11.251873350143434,present_renormalization,,1.8435593828489416,2m_times_B
ax4-local-00016,8,0.9217796914244708,11.251873350143434,shared_residual,0.25,0.2304449228561177,m_times_D_over_B
ax4-local-00016,8,0.9217796914244708,11.251873350143434,shared_residual,0.5,0.4608898457122354,m_times_D_over_B
ax4-local-00016,8,0.9217796914244708,11.251873350143434,shared_residual,1.0,0.9217796914244708,m_times_D_over_B
ax4-local-00016,8,0.9217796914244708,11.251873350143434,shared_residual,2.0,1.8435593828489416,m_times_D_over_B
ax4-local-00017,8,0.9217796914244708,11.251873350143434,null_residual,,0.9217796914244708,m_times_B
ax4-local-00017,8,0.9217796914244708,11.251873350143434,present_renormalization,,1.8435593828489416,2m_times_B
ax4-local-00017,8,0.9217796914244708,11.251873350143434,shared_residual,0.25,0.2304449228561177,m_times_D_over_B
ax4-local-00017,8,0.9217796914244708,11.251873350143434,shared_residual,0.5,0.4608898457122354,m_times_D_over_B
ax4-local-00017,8,0.9217796914244708,11.251873350143434,shared_residual,1.0,0.9217796914244708,m_times_D_over_B
ax4-local-00017,8,0.9217796914244708,11.251873350143434,shared_residual,2.0,1.8435593828489416,m_times_D_over_B
ax4-local-00018,8,0.9217796914244708,11.251873350143434,null_residual,,0.9217796914244708,m_times_B
ax4-local-00018,8,0.9217796914244708,11.251873350143434,present_renormalization,,1.8435593828489416,2m_times_B
ax4-local-00018,8,0.9217796914244708,11.251873350143434,shared_residual,0.25,0.2304449228561177,m_times_D_over_B
ax4-local-00018,8,0.9217796914244708,11.251873350143434,shared_residual,0.5,0.4608898457122354,m_times_D_over_B
ax4-local-00018,8,0.9217796914244708,11.251873350143434,shared_residual,1.0,0.9217796914244708,m_times_D_over_B
ax4-local-00018,8,0.9217796914244708,11.251873350143434,shared_residual,2.0,1.8435593828489416,m_times_D_over_B
ax4-local-00019,8,0.9217796914244708,11.251873350143434,null_residual,,0.9217796914244708,m_times_B
ax4-local-00019,8,0.9217796914244708,11.251873350143434,present_renormalization,,1.8435593828489416,2m_times_B
ax4-local-00019,8,0.9217796914244708,11.251873350143434,shared_residual,0.25,0.2304449228561177,m_times_D_over_B
ax4-local-00019,8,0.9217796914244708,11.251873350143434,shared_residual,0.5,0.4608898457122354,m_times_D_over_B
ax4-local-00019,8,0.9217796914244708,11.251873350143434,shared_residual,1.0,0.9217796914244708,m_times_D_over_B
ax4-local-00019,8,0.9217796914244708,11.251873350143434,shared_residual,2.0,1.8435593828489416,m_times_D_over_B
ax4-local-00020,8,0.9428379287155346,11.251873350143434,null_residual,,0.9428379287155346,m_times_B
ax4-local-00020,8,0.9428379287155346,11.251873350143434,present_renormalization,,1.8856758574310692,2m_times_B
ax4-local-00020,8,0.9428379287155346,11.251873350143434,shared_residual,0.25,0.23570948217888366,m_times_D_over_B
ax4-local-00020,8,0.9428379287155346,11.251873350143434,shared_residual,0.5,0.4714189643577673,m_times_D_over_B
ax4-local-00020,8,0.9428379287155346,11.251873350143434,shared_residual,1.0,0.9428379287155346,m_times_D_over_B
ax4-local-00020,8,0.9428379287155346,11.251873350143434,shared_residual,2.0,1.8856758574310692,m_times_D_over_B
ax4-local-00021,8,1.0,11.251873350143434,null_residual,,1.0,m_times_B
ax4-local-00021,8,1.0,11.251873350143434,present_renormalization,,2.0,2m_times_B
ax4-local-00021,8,1.0,11.251873350143434,shared_residual,0.25,0.25,m_times_D_over_B
ax4-local-00021,8,1.0,11.251873350143434,shared_residual,0.5,0.5,m_times_D_over_B
ax4-local-00021,8,1.0,11.251873350143434,shared_residual,1.0,1.0,m_times_D_over_B
ax4-local-00021,8,1.0,11.251873350143434,shared_residual,2.0,2.0,m_times_D_over_B
ax4-local-00022,8,1.0,11.251873350143434,null_residual,,1.0,m_times_B
ax4-local-00022,8,1.0,11.251873350143434,present_renormalization,,2.0,2m_times_B
ax4-local-00022,8,1.0,11.251873350143434,shared_residual,0.25,0.25,m_times_D_over_B
ax4-local-00022,8,1.0,11.251873350143434,shared_residual,0.5,0.5,m_times_D_over_B
ax4-local-00022,8,1.0,11.251873350143434,shared_residual,1.0,1.0,m_times_D_over_B
ax4-local-00022,8,1.0,11.251873350143434,shared_residual,2.0,2.0,m_times_D_over_B
ax4-local-00023,8,1.0,11.251873350143434,null_residual,,1.0,m_times_B
ax4-local-00023,8,1.0,11.251873350143434,present_renormalization,,2.0,2m_times_B
ax4-local-00023,8,1.0,11.251873350143434,shared_residual,0.25,0.25,m_times_D_over_B
ax4-local-00023,8,1.0,11.251873350143434,shared_residual,0.5,0.5,m_times_D_over_B
ax4-local-00023,8,1.0,11.251873350143434,shared_residual,1.0,1.0,m_times_D_over_B
ax4-local-00023,8,1.0,11.251873350143434,shared_residual,2.0,2.0,m_times_D_over_B
ax4-local-00024,8,0.9565039820298141,11.251873350143434,null_residual,,0.9565039820298141,m_times_B
ax4-local-00024,8,0.9565039820298141,11.251873350143434,present_renormalization,,1.9130079640596283,2m_times_B
ax4-local-00024,8,0.9565039820298141,11.251873350143434,shared_residual,0.25,0.23912599550745353,m_times_D_over_B
ax4-local-00024,8,0.9565039820298141,11.251873350143434,shared_residual,0.5,0.47825199101490706,m_times_D_over_B
ax4-local-00024,8,0.9565039820298141,11.251873350143434,shared_residual,1.0,0.9565039820298141,m_times_D_over_B
ax4-local-00024,8,0.9565039820298141,11.251873350143434,shared_residual,2.0,1.9130079640596283,m_times_D_over_B
ax4-local-00025,8,1.0,11.251873350143434,null_residual,,1.0,m_times_B
ax4-local-00025,8,1.0,11.251873350143434,present_renormalization,,2.0,2m_times_B
ax4-local-00025,8,1.0,11.251873350143434,shared_residual,0.25,0.25,m_times_D_over_B
ax4-local-00025,8,1.0,11.251873350143434,shared_residual,0.5,0.5,m_times_D_over_B
ax4-local-00025,8,1.0,11.251873350143434,shared_residual,1.0,1.0,m_times_D_over_B
ax4-local-00025,8,1.0,11.251873350143434,shared_residual,2.0,2.0,m_times_D_over_B
ax4-local-00026,8,1.0,11.251873350143434,null_residual,,1.0,m_times_B
ax4-local-00026,8,1.0,11.251873350143434,present_renormalization,,2.0,2m_times_B
ax4-local-00026,8,1.0,11.251873350143434,shared_residual,0.25,0.25,m_times_D_over_B
ax4-local-00026,8,1.0,11.251873350143434,shared_residual,0.5,0.5,m_times_D_over_B
ax4-local-00026,8,1.0,11.251873350143434,shared_residual,1.0,1.0,m_times_D_over_B
ax4-local-00026,8,1.0,11.251873350143434,shared_residual,2.0,2.0,m_times_D_over_B
ax4-local-00027,8,1.0,11.251873350143434,null_residual,,1.0,m_times_B
ax4-local-00027,8,1.0,11.251873350143434,present_renormalization,,2.0,2m_times_B
ax4-local-00027,8,1.0,11.251873350143434,shared_residual,0.25,0.25,m_times_D_over_B
ax4-local-00027,8,1.0,11.251873350143434,shared_residual,0.5,0.5,m_times_D_over_B
ax4-local-00027,8,1.0,11.251873350143434,shared_residual,1.0,1.0,m_times_D_over_B
ax4-local-00027,8,1.0,11.251873350143434,shared_residual,2.0,2.0,m_times_D_over_B
ax4-local-00028,8,0.9217796914244708,11.251873350143434,null_residual,,0.9217796914244708,m_times_B
ax4-local-00028,8,0.9217796914244708,11.251873350143434,present_renormalization,,1.8435593828489416,2m_times_B
ax4-local-00028,8,0.9217796914244708,11.251873350143434,shared_residual,0.25,0.2304449228561177,m_times_D_over_B
ax4-local-00028,8,0.9217796914244708,11.251873350143434,shared_residual,0.5,0.4608898457122354,m_times_D_over_B
ax4-local-00028,8,0.9217796914244708,11.251873350143434,shared_residual,1.0,0.9217796914244708,m_times_D_over_B
ax4-local-00028,8,0.9217796914244708,11.251873350143434,shared_residual,2.0,1.8435593828489416,m_times_D_over_B
ax4-local-00029,8,0.9217796914244708,11.251873350143434,null_residual,,0.9217796914244708,m_times_B
ax4-local-00029,8,0.9217796914244708,11.251873350143434,present_renormalization,,1.8435593828489416,2m_times_B
ax4-local-00029,8,0.9217796914244708,11.251873350143434,shared_residual,0.25,0.2304449228561177,m_times_D_over_B
ax4-local-00029,8,0.9217796914244708,11.251873350143434,shared_residual,0.5,0.4608898457122354,m_times_D_over_B
ax4-local-00029,8,0.9217796914244708,11.251873350143434,shared_residual,1.0,0.9217796914244708,m_times_D_over_B
ax4-local-00029,8,0.9217796914244708,11.251873350143434,shared_residual,2.0,1.8435593828489416,m_times_D_over_B
ax4-local-00030,8,0.9217796914244708,11.251873350143434,null_residual,,0.9217796914244708,m_times_B
ax4-local-00030,8,0.9217796914244708,11.251873350143434,present_renormalization,,1.8435593828489416,2m_times_B
ax4-local-00030,8,0.9217796914244708,11.251873350143434,shared_residual,0.25,0.2304449228561177,m_times_D_over_B
ax4-local-00030,8,0.9217796914244708,11.251873350143434,shared_residual,0.5,0.4608898457122354,m_times_D_over_B
ax4-local-00030,8,0.9217796914244708,11.251873350143434,shared_residual,1.0,0.9217796914244708,m_times_D_over_B
ax4-local-00030,8,0.9217796914244708,11.251873350143434,shared_residual,2.0,1.8435593828489416,m_times_D_over_B
ax4-local-00031,8,0.9217796914244708,11.251873350143434,null_residual,,0.9217796914244708,m_times_B
ax4-local-00031,8,0.9217796914244708,11.251873350143434,present_renormalization,,1.8435593828489416,2m_times_B
ax4-local-00031,8,0.9217796914244708,11.251873350143434,shared_residual,0.25,0.2304449228561177,m_times_D_over_B
ax4-local-00031,8,0.9217796914244708,11.251873350143434,shared_residual,0.5,0.4608898457122354,m_times_D_over_B
ax4-local-00031,8,0.9217796914244708,11.251873350143434,shared_residual,1.0,0.9217796914244708,m_times_D_over_B
ax4-local-00031,8,0.9217796914244708,11.251873350143434,shared_residual,2.0,1.8435593828489416,m_times_D_over_B
ax4-local-00032,8,0.6928652321630804,11.251873350143434,null_residual,,0.6928652321630804,m_times_B
ax4-local-00032,8,0.6928652321630804,11.251873350143434,present_renormalization,,1.3857304643261608,2m_times_B
ax4-local-00032,8,0.6928652321630804,11.251873350143434,shared_residual,0.25,0.1732163080407701,m_times_D_over_B
ax4-local-00032,8,0.6928652321630804,11.251873350143434,shared_residual,0.5,0.3464326160815402,m_times_D_over_B
ax4-local-00032,8,0.6928652321630804,11.251873350143434,shared_residual,1.0,0.6928652321630804,m_times_D_over_B
ax4-local-00032,8,0.6928652321630804,11.251873350143434,shared_residual,2.0,1.3857304643261608,m_times_D_over_B
ax4-local-00033,8,0.9217796914244708,11.251873350143434,null_residual,,0.9217796914244708,m_times_B
ax4-local-00033,8,0.9217796914244708,11.251873350143434,present_renormalization,,1.8435593828489416,2m_times_B
ax4-local-00033,8,0.9217796914244708,11.251873350143434,shared_residual,0.25,0.2304449228561177,m_times_D_over_B
ax4-local-00033,8,0.9217796914244708,11.251873350143434,shared_residual,0.5,0.4608898457122354,m_times_D_over_B
ax4-local-00033,8,0.9217796914244708,11.251873350143434,shared_residual,1.0,0.9217796914244708,m_times_D_over_B
ax4-local-00033,8,0.9217796914244708,11.251873350143434,shared_residual,2.0,1.8435593828489416,m_times_D_over_B
ax4-local-00034,8,0.9217796914244708,11.251873350143434,null_residual,,0.9217796914244708,m_times_B
ax4-local-00034,8,0.9217796914244708,11.251873350143434,present_renormalization,,1.8435593828489416,2m_times_B
ax4-local-00034,8,0.9217796914244708,11.251873350143434,shared_residual,0.25,0.2304449228561177,m_times_D_over_B
ax4-local-00034,8,0.9217796914244708,11.251873350143434,shared_residual,0.5,0.4608898457122354,m_times_D_over_B
ax4-local-00034,8,0.9217796914244708,11.251873350143434,shared_residual,1.0,0.9217796914244708,m_times_D_over_B
ax4-local-00034,8,0.9217796914244708,11.251873350143434,shared_residual,2.0,1.8435593828489416,m_times_D_over_B
ax4-local-00035,8,0.6691900075700227,11.251873350143434,null_residual,,0.6691900075700227,m_times_B
ax4-local-00035,8,0.6691900075700227,11.251873350143434,present_renormalization,,1.3383800151400453,2m_times_B
ax4-local-00035,8,0.6691900075700227,11.251873350143434,shared_residual,0.25,0.16729750189250567,m_times_D_over_B
ax4-local-00035,8,0.6691900075700227,11.251873350143434,shared_residual,0.5,0.33459500378501134,m_times_D_over_B
ax4-local-00035,8,0.6691900075700227,11.251873350143434,shared_residual,1.0,0.6691900075700227,m_times_D_over_B
ax4-local-00035,8,0.6691900075700227,11.251873350143434,shared_residual,2.0,1.3383800151400453,m_times_D_over_B
ax4-local-00036,8,0.35695115405260336,11.251873350143434,null_residual,,0.35695115405260336,m_times_B
ax4-local-00036,8,0.35695115405260336,11.251873350143434,present_renormalization,,0.7139023081052067,2m_times_B
ax4-local-00036,8,0.35695115405260336,11.251873350143434,shared_residual,0.25,0.08923778851315084,m_times_D_over_B
ax4-local-00036,8,0.35695115405260336,11.251873350143434,shared_residual,0.5,0.17847557702630168,m_times_D_over_B
ax4-local-00036,8,0.35695115405260336,11.251873350143434,shared_residual,1.0,0.35695115405260336,m_times_D_over_B
ax4-local-00036,8,0.35695115405260336,11.251873350143434,shared_residual,2.0,0.7139023081052067,m_times_D_over_B
ax4-local-00037,8,0.9217796914244708,11.251873350143434,null_residual,,0.9217796914244708,m_times_B
ax4-local-00037,8,0.9217796914244708,11.251873350143434,present_renormalization,,1.8435593828489416,2m_times_B
ax4-local-00037,8,0.9217796914244708,11.251873350143434,shared_residual,0.25,0.2304449228561177,m_times_D_over_B
ax4-local-00037,8,0.9217796914244708,11.251873350143434,shared_residual,0.5,0.4608898457122354,m_times_D_over_B
ax4-local-00037,8,0.9217796914244708,11.251873350143434,shared_residual,1.0,0.9217796914244708,m_times_D_over_B
ax4-local-00037,8,0.9217796914244708,11.251873350143434,shared_residual,2.0,1.8435593828489416,m_times_D_over_B
ax4-local-00038,8,0.6691900075700227,11.251873350143434,null_residual,,0.6691900075700227,m_times_B
ax4-local-00038,8,0.6691900075700227,11.251873350143434,present_renormalization,,1.3383800151400453,2m_times_B
ax4-local-00038,8,0.6691900075700227,11.251873350143434,shared_residual,0.25,0.16729750189250567,m_times_D_over_B
ax4-local-00038,8,0.6691900075700227,11.251873350143434,shared_residual,0.5,0.33459500378501134,m_times_D_over_B
ax4-local-00038,8,0.6691900075700227,11.251873350143434,shared_residual,1.0,0.6691900075700227,m_times_D_over_B
ax4-local-00038,8,0.6691900075700227,11.251873350143434,shared_residual,2.0,1.3383800151400453,m_times_D_over_B
ax4-local-00039,8,0.35695115405260336,11.251873350143434,null_residual,,0.35695115405260336,m_times_B
ax4-local-00039,8,0.35695115405260336,11.251873350143434,present_renormalization,,0.7139023081052067,2m_times_B
ax4-local-00039,8,0.35695115405260336,11.251873350143434,shared_residual,0.25,0.08923778851315084,m_times_D_over_B
ax4-local-00039,8,0.35695115405260336,11.251873350143434,shared_residual,0.5,0.17847557702630168,m_times_D_over_B
ax4-local-00039,8,0.35695115405260336,11.251873350143434,shared_residual,1.0,0.35695115405260336,m_times_D_over_B
ax4-local-00039,8,0.35695115405260336,11.251873350143434,shared_residual,2.0,0.7139023081052067,m_times_D_over_B
ax4-local-00040,8,0.08695652173913049,11.251873350143434,null_residual,,0.08695652173913049,m_times_B
ax4-local-00040,8,0.08695652173913049,11.251873350143434,present_renormalization,,0.17391304347826098,2m_times_B
ax4-local-00040,8,0.08695652173913049,11.251873350143434,shared_residual,0.25,0.021739130434782622,m_times_D_over_B
ax4-local-00040,8,0.08695652173913049,11.251873350143434,shared_residual,0.5,0.043478260869565244,m_times_D_over_B
ax4-local-00040,8,0.08695652173913049,11.251873350143434,shared_residual,1.0,0.08695652173913049,m_times_D_over_B
ax4-local-00040,8,0.08695652173913049,11.251873350143434,shared_residual,2.0,0.17391304347826098,m_times_D_over_B
ax4-local-00041,8,0.9217796914244708,11.251873350143434,null_residual,,0.9217796914244708,m_times_B
ax4-local-00041,8,0.9217796914244708,11.251873350143434,present_renormalization,,1.8435593828489416,2m_times_B
ax4-local-00041,8,0.9217796914244708,11.251873350143434,shared_residual,0.25,0.2304449228561177,m_times_D_over_B
ax4-local-00041,8,0.9217796914244708,11.251873350143434,shared_residual,0.5,0.4608898457122354,m_times_D_over_B
ax4-local-00041,8,0.9217796914244708,11.251873350143434,shared_residual,1.0,0.9217796914244708,m_times_D_over_B
ax4-local-00041,8,0.9217796914244708,11.251873350143434,shared_residual,2.0,1.8435593828489416,m_times_D_over_B
ax4-local-00042,8,0.35695115405260336,11.251873350143434,null_residual,,0.35695115405260336,m_times_B
ax4-local-00042,8,0.35695115405260336,11.251873350143434,present_renormalization,,0.7139023081052067,2m_times_B
ax4-local-00042,8,0.35695115405260336,11.251873350143434,shared_residual,0.25,0.08923778851315084,m_times_D_over_B
ax4-local-00042,8,0.35695115405260336,11.251873350143434,shared_residual,0.5,0.17847557702630168,m_times_D_over_B
ax4-local-00042,8,0.35695115405260336,11.251873350143434,shared_residual,1.0,0.35695115405260336,m_times_D_over_B
ax4-local-00042,8,0.35695115405260336,11.251873350143434,shared_residual,2.0,0.7139023081052067,m_times_D_over_B
ax4-local-00043,8,0.08695652173913049,11.251873350143434,null_residual,,0.08695652173913049,m_times_B
ax4-local-00043,8,0.08695652173913049,11.251873350143434,present_renormalization,,0.17391304347826098,2m_times_B
ax4-local-00043,8,0.08695652173913049,11.251873350143434,shared_residual,0.25,0.021739130434782622,m_times_D_over_B
ax4-local-00043,8,0.08695652173913049,11.251873350143434,shared_residual,0.5,0.043478260869565244,m_times_D_over_B
ax4-local-00043,8,0.08695652173913049,11.251873350143434,shared_residual,1.0,0.08695652173913049,m_times_D_over_B
ax4-local-00043,8,0.08695652173913049,11.251873350143434,shared_residual,2.0,0.17391304347826098,m_times_D_over_B
ax4-local-00044,8,2.220446049250313e-16,11.251873350143434,null_residual,,2.220446049250313e-16,m_times_B
ax4-local-00044,8,2.220446049250313e-16,11.251873350143434,present_renormalization,,4.440892098500626e-16,2m_times_B
ax4-local-00044,8,2.220446049250313e-16,11.251873350143434,shared_residual,0.25,5.551115123125783e-17,m_times_D_over_B
ax4-local-00044,8,2.220446049250313e-16,11.251873350143434,shared_residual,0.5,1.1102230246251565e-16,m_times_D_over_B
ax4-local-00044,8,2.220446049250313e-16,11.251873350143434,shared_residual,1.0,2.220446049250313e-16,m_times_D_over_B
ax4-local-00044,8,2.220446049250313e-16,11.251873350143434,shared_residual,2.0,4.440892098500626e-16,m_times_D_over_B
ax4-local-00045,8,0.9217796914244708,11.251873350143434,null_residual,,0.9217796914244708,m_times_B
ax4-local-00045,8,0.9217796914244708,11.251873350143434,present_renormalization,,1.8435593828489416,2m_times_B
ax4-local-00045,8,0.9217796914244708,11.251873350143434,shared_residual,0.25,0.2304449228561177,m_times_D_over_B
ax4-local-00045,8,0.9217796914244708,11.251873350143434,shared_residual,0.5,0.4608898457122354,m_times_D_over_B
ax4-local-00045,8,0.9217796914244708,11.251873350143434,shared_residual,1.0,0.9217796914244708,m_times_D_over_B
ax4-local-00045,8,0.9217796914244708,11.251873350143434,shared_residual,2.0,1.8435593828489416,m_times_D_over_B
ax4-local-00046,8,0.9217796914244708,11.251873350143434,null_residual,,0.9217796914244708,m_times_B
ax4-local-00046,8,0.9217796914244708,11.251873350143434,present_renormalization,,1.8435593828489416,2m_times_B
ax4-local-00046,8,0.9217796914244708,11.251873350143434,shared_residual,0.25,0.2304449228561177,m_times_D_over_B
ax4-local-00046,8,0.9217796914244708,11.251873350143434,shared_residual,0.5,0.4608898457122354,m_times_D_over_B
ax4-local-00046,8,0.9217796914244708,11.251873350143434,shared_residual,1.0,0.9217796914244708,m_times_D_over_B
ax4-local-00046,8,0.9217796914244708,11.251873350143434,shared_residual,2.0,1.8435593828489416,m_times_D_over_B
ax4-local-00047,8,0.9428071928071928,11.251873350143434,null_residual,,0.9428071928071928,m_times_B
ax4-local-00047,8,0.9428071928071928,11.251873350143434,present_renormalization,,1.8856143856143857,2m_times_B
ax4-local-00047,8,0.9428071928071928,11.251873350143434,shared_residual,0.25,0.2357017982017982,m_times_D_over_B
ax4-local-00047,8,0.9428071928071928,11.251873350143434,shared_residual,0.5,0.4714035964035964,m_times_D_over_B
ax4-local-00047,8,0.9428071928071928,11.251873350143434,shared_residual,1.0,0.9428071928071928,m_times_D_over_B
ax4-local-00047,8,0.9428071928071928,11.251873350143434,shared_residual,2.0,1.8856143856143857,m_times_D_over_B
ax4-local-00048,8,1.0,11.251873350143434,null_residual,,1.0,m_times_B
ax4-local-00048,8,1.0,11.251873350143434,present_renormalization,,2.0,2m_times_B
ax4-local-00048,8,1.0,11.251873350143434,shared_residual,0.25,0.25,m_times_D_over_B
ax4-local-00048,8,1.0,11.251873350143434,shared_residual,0.5,0.5,m_times_D_over_B
ax4-local-00048,8,1.0,11.251873350143434,shared_residual,1.0,1.0,m_times_D_over_B
ax4-local-00048,8,1.0,11.251873350143434,shared_residual,2.0,2.0,m_times_D_over_B
ax4-local-00049,8,1.0,11.251873350143434,null_residual,,1.0,m_times_B
ax4-local-00049,8,1.0,11.251873350143434,present_renormalization,,2.0,2m_times_B
ax4-local-00049,8,1.0,11.251873350143434,shared_residual,0.25,0.25,m_times_D_over_B
ax4-local-00049,8,1.0,11.251873350143434,shared_residual,0.5,0.5,m_times_D_over_B
ax4-local-00049,8,1.0,11.251873350143434,shared_residual,1.0,1.0,m_times_D_over_B
ax4-local-00049,8,1.0,11.251873350143434,shared_residual,2.0,2.0,m_times_D_over_B
ax4-local-00050,8,1.0,11.251873350143434,null_residual,,1.0,m_times_B
ax4-local-00050,8,1.0,11.251873350143434,present_renormalization,,2.0,2m_times_B
ax4-local-00050,8,1.0,11.251873350143434,shared_residual,0.25,0.25,m_times_D_over_B
ax4-local-00050,8,1.0,11.251873350143434,shared_residual,0.5,0.5,m_times_D_over_B
ax4-local-00050,8,1.0,11.251873350143434,shared_residual,1.0,1.0,m_times_D_over_B
ax4-local-00050,8,1.0,11.251873350143434,shared_residual,2.0,2.0,m_times_D_over_B
ax4-local-00051,8,0.9565039820298141,11.251873350143434,null_residual,,0.9565039820298141,m_times_B
ax4-local-00051,8,0.9565039820298141,11.251873350143434,present_renormalization,,1.9130079640596283,2m_times_B
ax4-local-00051,8,0.9565039820298141,11.251873350143434,shared_residual,0.25,0.23912599550745353,m_times_D_over_B
ax4-local-00051,8,0.9565039820298141,11.251873350143434,shared_residual,0.5,0.47825199101490706,m_times_D_over_B
ax4-local-00051,8,0.9565039820298141,11.251873350143434,shared_residual,1.0,0.9565039820298141,m_times_D_over_B
ax4-local-00051,8,0.9565039820298141,11.251873350143434,shared_residual,2.0,1.9130079640596283,m_times_D_over_B
ax4-local-00052,8,1.0,11.251873350143434,null_residual,,1.0,m_times_B
ax4-local-00052,8,1.0,11.251873350143434,present_renormalization,,2.0,2m_times_B
ax4-local-00052,8,1.0,11.251873350143434,shared_residual,0.25,0.25,m_times_D_over_B
ax4-local-00052,8,1.0,11.251873350143434,shared_residual,0.5,0.5,m_times_D_over_B
ax4-local-00052,8,1.0,11.251873350143434,shared_residual,1.0,1.0,m_times_D_over_B
ax4-local-00052,8,1.0,11.251873350143434,shared_residual,2.0,2.0,m_times_D_over_B
ax4-local-00053,8,1.0,11.251873350143434,null_residual,,1.0,m_times_B
ax4-local-00053,8,1.0,11.251873350143434,present_renormalization,,2.0,2m_times_B
ax4-local-00053,8,1.0,11.251873350143434,shared_residual,0.25,0.25,m_times_D_over_B
ax4-local-00053,8,1.0,11.251873350143434,shared_residual,0.5,0.5,m_times_D_over_B
ax4-local-00053,8,1.0,11.251873350143434,shared_residual,1.0,1.0,m_times_D_over_B
ax4-local-00053,8,1.0,11.251873350143434,shared_residual,2.0,2.0,m_times_D_over_B
ax4-local-00054,8,1.0,11.251873350143434,null_residual,,1.0,m_times_B
ax4-local-00054,8,1.0,11.251873350143434,present_renormalization,,2.0,2m_times_B
ax4-local-00054,8,1.0,11.251873350143434,shared_residual,0.25,0.25,m_times_D_over_B
ax4-local-00054,8,1.0,11.251873350143434,shared_residual,0.5,0.5,m_times_D_over_B
ax4-local-00054,8,1.0,11.251873350143434,shared_residual,1.0,1.0,m_times_D_over_B
ax4-local-00054,8,1.0,11.251873350143434,shared_residual,2.0,2.0,m_times_D_over_B
ax4-local-00055,8,0.9217796914244708,11.251873350143434,null_residual,,0.9217796914244708,m_times_B
ax4-local-00055,8,0.9217796914244708,11.251873350143434,present_renormalization,,1.8435593828489416,2m_times_B
ax4-local-00055,8,0.9217796914244708,11.251873350143434,shared_residual,0.25,0.2304449228561177,m_times_D_over_B
ax4-local-00055,8,0.9217796914244708,11.251873350143434,shared_residual,0.5,0.4608898457122354,m_times_D_over_B
ax4-local-00055,8,0.9217796914244708,11.251873350143434,shared_residual,1.0,0.9217796914244708,m_times_D_over_B
ax4-local-00055,8,0.9217796914244708,11.251873350143434,shared_residual,2.0,1.8435593828489416,m_times_D_over_B
ax4-local-00056,8,0.9217796914244708,11.251873350143434,null_residual,,0.9217796914244708,m_times_B
ax4-local-00056,8,0.9217796914244708,11.251873350143434,present_renormalization,,1.8435593828489416,2m_times_B
ax4-local-00056,8,0.9217796914244708,11.251873350143434,shared_residual,0.25,0.2304449228561177,m_times_D_over_B
ax4-local-00056,8,0.9217796914244708,11.251873350143434,shared_residual,0.5,0.4608898457122354,m_times_D_over_B
ax4-local-00056,8,0.9217796914244708,11.251873350143434,shared_residual,1.0,0.9217796914244708,m_times_D_over_B
ax4-local-00056,8,0.9217796914244708,11.251873350143434,shared_residual,2.0,1.8435593828489416,m_times_D_over_B
ax4-local-00057,8,0.9217796914244708,11.251873350143434,null_residual,,0.9217796914244708,m_times_B
ax4-local-00057,8,0.9217796914244708,11.251873350143434,present_renormalization,,1.8435593828489416,2m_times_B
ax4-local-00057,8,0.9217796914244708,11.251873350143434,shared_residual,0.25,0.2304449228561177,m_times_D_over_B
ax4-local-00057,8,0.9217796914244708,11.251873350143434,shared_residual,0.5,0.4608898457122354,m_times_D_over_B
ax4-local-00057,8,0.9217796914244708,11.251873350143434,shared_residual,1.0,0.9217796914244708,m_times_D_over_B
ax4-local-00057,8,0.9217796914244708,11.251873350143434,shared_residual,2.0,1.8435593828489416,m_times_D_over_B
ax4-local-00058,8,0.9217796914244708,11.251873350143434,null_residual,,0.9217796914244708,m_times_B
ax4-local-00058,8,0.9217796914244708,11.251873350143434,present_renormalization,,1.8435593828489416,2m_times_B
ax4-local-00058,8,0.9217796914244708,11.251873350143434,shared_residual,0.25,0.2304449228561177,m_times_D_over_B
ax4-local-00058,8,0.9217796914244708,11.251873350143434,shared_residual,0.5,0.4608898457122354,m_times_D_over_B
ax4-local-00058,8,0.9217796914244708,11.251873350143434,shared_residual,1.0,0.9217796914244708,m_times_D_over_B
ax4-local-00058,8,0.9217796914244708,11.251873350143434,shared_residual,2.0,1.8435593828489416,m_times_D_over_B
ax4-local-00059,8,0.9429121231558691,11.251873350143434,null_residual,,0.9429121231558691,m_times_B
ax4-local-00059,8,0.9429121231558691,11.251873350143434,present_renormalization,,1.8858242463117383,2m_times_B
ax4-local-00059,8,0.9429121231558691,11.251873350143434,shared_residual,0.25,0.23572803078896729,m_times_D_over_B
ax4-local-00059,8,0.9429121231558691,11.251873350143434,shared_residual,0.5,0.47145606157793457,m_times_D_over_B
ax4-local-00059,8,0.9429121231558691,11.251873350143434,shared_residual,1.0,0.9429121231558691,m_times_D_over_B
ax4-local-00059,8,0.9429121231558691,11.251873350143434,shared_residual,2.0,1.8858242463117383,m_times_D_over_B
ax4-local-00060,8,1.0,11.251873350143434,null_residual,,1.0,m_times_B
ax4-local-00060,8,1.0,11.251873350143434,present_renormalization,,2.0,2m_times_B
ax4-local-00060,8,1.0,11.251873350143434,shared_residual,0.25,0.25,m_times_D_over_B
ax4-local-00060,8,1.0,11.251873350143434,shared_residual,0.5,0.5,m_times_D_over_B
ax4-local-00060,8,1.0,11.251873350143434,shared_residual,1.0,1.0,m_times_D_over_B
ax4-local-00060,8,1.0,11.251873350143434,shared_residual,2.0,2.0,m_times_D_over_B
ax4-local-00061,8,1.0,11.251873350143434,null_residual,,1.0,m_times_B
ax4-local-00061,8,1.0,11.251873350143434,present_renormalization,,2.0,2m_times_B
ax4-local-00061,8,1.0,11.251873350143434,shared_residual,0.25,0.25,m_times_D_over_B
ax4-local-00061,8,1.0,11.251873350143434,shared_residual,0.5,0.5,m_times_D_over_B
ax4-local-00061,8,1.0,11.251873350143434,shared_residual,1.0,1.0,m_times_D_over_B
ax4-local-00061,8,1.0,11.251873350143434,shared_residual,2.0,2.0,m_times_D_over_B
ax4-local-00062,8,1.0,11.251873350143434,null_residual,,1.0,m_times_B
ax4-local-00062,8,1.0,11.251873350143434,present_renormalization,,2.0,2m_times_B
ax4-local-00062,8,1.0,11.251873350143434,shared_residual,0.25,0.25,m_times_D_over_B
ax4-local-00062,8,1.0,11.251873350143434,shared_residual,0.5,0.5,m_times_D_over_B
ax4-local-00062,8,1.0,11.251873350143434,shared_residual,1.0,1.0,m_times_D_over_B
ax4-local-00062,8,1.0,11.251873350143434,shared_residual,2.0,2.0,m_times_D_over_B
ax4-local-00063,8,1.0,11.251873350143434,null_residual,,1.0,m_times_B
ax4-local-00063,8,1.0,11.251873350143434,present_renormalization,,2.0,2m_times_B
ax4-local-00063,8,1.0,11.251873350143434,shared_residual,0.25,0.25,m_times_D_over_B
ax4-local-00063,8,1.0,11.251873350143434,shared_residual,0.5,0.5,m_times_D_over_B
ax4-local-00063,8,1.0,11.251873350143434,shared_residual,1.0,1.0,m_times_D_over_B
ax4-local-00063,8,1.0,11.251873350143434,shared_residual,2.0,2.0,m_times_D_over_B
ax4-local-00064,8,1.0,11.251873350143434,null_residual,,1.0,m_times_B
ax4-local-00064,8,1.0,11.251873350143434,present_renormalization,,2.0,2m_times_B
ax4-local-00064,8,1.0,11.251873350143434,shared_residual,0.25,0.25,m_times_D_over_B
ax4-local-00064,8,1.0,11.251873350143434,shared_residual,0.5,0.5,m_times_D_over_B
ax4-local-00064,8,1.0,11.251873350143434,shared_residual,1.0,1.0,m_times_D_over_B
ax4-local-00064,8,1.0,11.251873350143434,shared_residual,2.0,2.0,m_times_D_over_B
ax4-local-00065,8,1.0,11.251873350143434,null_residual,,1.0,m_times_B
ax4-local-00065,8,1.0,11.251873350143434,present_renormalization,,2.0,2m_times_B
ax4-local-00065,8,1.0,11.251873350143434,shared_residual,0.25,0.25,m_times_D_over_B
ax4-local-00065,8,1.0,11.251873350143434,shared_residual,0.5,0.5,m_times_D_over_B
ax4-local-00065,8,1.0,11.251873350143434,shared_residual,1.0,1.0,m_times_D_over_B
ax4-local-00065,8,1.0,11.251873350143434,shared_residual,2.0,2.0,m_times_D_over_B
ax4-local-00066,8,1.0,11.251873350143434,null_residual,,1.0,m_times_B
ax4-local-00066,8,1.0,11.251873350143434,present_renormalization,,2.0,2m_times_B
ax4-local-00066,8,1.0,11.251873350143434,shared_residual,0.25,0.25,m_times_D_over_B
ax4-local-00066,8,1.0,11.251873350143434,shared_residual,0.5,0.5,m_times_D_over_B
ax4-local-00066,8,1.0,11.251873350143434,shared_residual,1.0,1.0,m_times_D_over_B
ax4-local-00066,8,1.0,11.251873350143434,shared_residual,2.0,2.0,m_times_D_over_B
ax4-local-00067,8,1.0,11.251873350143434,null_residual,,1.0,m_times_B
ax4-local-00067,8,1.0,11.251873350143434,present_renormalization,,2.0,2m_times_B
ax4-local-00067,8,1.0,11.251873350143434,shared_residual,0.25,0.25,m_times_D_over_B
ax4-local-00067,8,1.0,11.251873350143434,shared_residual,0.5,0.5,m_times_D_over_B
ax4-local-00067,8,1.0,11.251873350143434,shared_residual,1.0,1.0,m_times_D_over_B
ax4-local-00067,8,1.0,11.251873350143434,shared_residual,2.0,2.0,m_times_D_over_B
ax4-local-00068,8,1.0,11.251873350143434,null_residual,,1.0,m_times_B
ax4-local-00068,8,1.0,11.251873350143434,present_renormalization,,2.0,2m_times_B
ax4-local-00068,8,1.0,11.251873350143434,shared_residual,0.25,0.25,m_times_D_over_B
ax4-local-00068,8,1.0,11.251873350143434,shared_residual,0.5,0.5,m_times_D_over_B
ax4-local-00068,8,1.0,11.251873350143434,shared_residual,1.0,1.0,m_times_D_over_B
ax4-local-00068,8,1.0,11.251873350143434,shared_residual,2.0,2.0,m_times_D_over_B
ax4-local-00069,8,1.0,11.251873350143434,null_residual,,1.0,m_times_B
ax4-local-00069,8,1.0,11.251873350143434,present_renormalization,,2.0,2m_times_B
ax4-local-00069,8,1.0,11.251873350143434,shared_residual,0.25,0.25,m_times_D_over_B
ax4-local-00069,8,1.0,11.251873350143434,shared_residual,0.5,0.5,m_times_D_over_B
ax4-local-00069,8,1.0,11.251873350143434,shared_residual,1.0,1.0,m_times_D_over_B
ax4-local-00069,8,1.0,11.251873350143434,shared_residual,2.0,2.0,m_times_D_over_B
ax4-local-00070,8,1.0,11.251873350143434,null_residual,,1.0,m_times_B
ax4-local-00070,8,1.0,11.251873350143434,present_renormalization,,2.0,2m_times_B
ax4-local-00070,8,1.0,11.251873350143434,shared_residual,0.25,0.25,m_times_D_over_B
ax4-local-00070,8,1.0,11.251873350143434,shared_residual,0.5,0.5,m_times_D_over_B
ax4-local-00070,8,1.0,11.251873350143434,shared_residual,1.0,1.0,m_times_D_over_B
ax4-local-00070,8,1.0,11.251873350143434,shared_residual,2.0,2.0,m_times_D_over_B
ax4-local-00071,8,1.0,11.251873350143434,null_residual,,1.0,m_times_B
ax4-local-00071,8,1.0,11.251873350143434,present_renormalization,,2.0,2m_times_B
ax4-local-00071,8,1.0,11.251873350143434,shared_residual,0.25,0.25,m_times_D_over_B
ax4-local-00071,8,1.0,11.251873350143434,shared_residual,0.5,0.5,m_times_D_over_B
ax4-local-00071,8,1.0,11.251873350143434,shared_residual,1.0,1.0,m_times_D_over_B
ax4-local-00071,8,1.0,11.251873350143434,shared_residual,2.0,2.0,m_times_D_over_B
ax4-local-00072,8,1.0,11.251873350143434,null_residual,,1.0,m_times_B
ax4-local-00072,8,1.0,11.251873350143434,present_renormalization,,2.0,2m_times_B
ax4-local-00072,8,1.0,11.251873350143434,shared_residual,0.25,0.25,m_times_D_over_B
ax4-local-00072,8,1.0,11.251873350143434,shared_residual,0.5,0.5,m_times_D_over_B
ax4-local-00072,8,1.0,11.251873350143434,shared_residual,1.0,1.0,m_times_D_over_B
ax4-local-00072,8,1.0,11.251873350143434,shared_residual,2.0,2.0,m_times_D_over_B
ax4-local-00073,8,1.0,11.251873350143434,null_residual,,1.0,m_times_B
ax4-local-00073,8,1.0,11.251873350143434,present_renormalization,,2.0,2m_times_B
ax4-local-00073,8,1.0,11.251873350143434,shared_residual,0.25,0.25,m_times_D_over_B
ax4-local-00073,8,1.0,11.251873350143434,shared_residual,0.5,0.5,m_times_D_over_B
ax4-local-00073,8,1.0,11.251873350143434,shared_residual,1.0,1.0,m_times_D_over_B
ax4-local-00073,8,1.0,11.251873350143434,shared_residual,2.0,2.0,m_times_D_over_B
ax4-local-00074,8,1.0,11.251873350143434,null_residual,,1.0,m_times_B
ax4-local-00074,8,1.0,11.251873350143434,present_renormalization,,2.0,2m_times_B
ax4-local-00074,8,1.0,11.251873350143434,shared_residual,0.25,0.25,m_times_D_over_B
ax4-local-00074,8,1.0,11.251873350143434,shared_residual,0.5,0.5,m_times_D_over_B
ax4-local-00074,8,1.0,11.251873350143434,shared_residual,1.0,1.0,m_times_D_over_B
ax4-local-00074,8,1.0,11.251873350143434,shared_residual,2.0,2.0,m_times_D_over_B
ax4-local-00075,8,1.0,11.251873350143434,null_residual,,1.0,m_times_B
ax4-local-00075,8,1.0,11.251873350143434,present_renormalization,,2.0,2m_times_B
ax4-local-00075,8,1.0,11.251873350143434,shared_residual,0.25,0.25,m_times_D_over_B
ax4-local-00075,8,1.0,11.251873350143434,shared_residual,0.5,0.5,m_times_D_over_B
ax4-local-00075,8,1.0,11.251873350143434,shared_residual,1.0,1.0,m_times_D_over_B
ax4-local-00075,8,1.0,11.251873350143434,shared_residual,2.0,2.0,m_times_D_over_B
ax4-local-00076,8,1.0,11.251873350143434,null_residual,,1.0,m_times_B
ax4-local-00076,8,1.0,11.251873350143434,present_renormalization,,2.0,2m_times_B
ax4-local-00076,8,1.0,11.251873350143434,shared_residual,0.25,0.25,m_times_D_over_B
ax4-local-00076,8,1.0,11.251873350143434,shared_residual,0.5,0.5,m_times_D_over_B
ax4-local-00076,8,1.0,11.251873350143434,shared_residual,1.0,1.0,m_times_D_over_B
ax4-local-00076,8,1.0,11.251873350143434,shared_residual,2.0,2.0,m_times_D_over_B
ax4-local-00077,8,1.0,11.251873350143434,null_residual,,1.0,m_times_B
ax4-local-00077,8,1.0,11.251873350143434,present_renormalization,,2.0,2m_times_B
ax4-local-00077,8,1.0,11.251873350143434,shared_residual,0.25,0.25,m_times_D_over_B
ax4-local-00077,8,1.0,11.251873350143434,shared_residual,0.5,0.5,m_times_D_over_B
ax4-local-00077,8,1.0,11.251873350143434,shared_residual,1.0,1.0,m_times_D_over_B
ax4-local-00077,8,1.0,11.251873350143434,shared_residual,2.0,2.0,m_times_D_over_B
ax4-local-00078,8,1.0,11.251873350143434,null_residual,,1.0,m_times_B
ax4-local-00078,8,1.0,11.251873350143434,present_renormalization,,2.0,2m_times_B
ax4-local-00078,8,1.0,11.251873350143434,shared_residual,0.25,0.25,m_times_D_over_B
ax4-local-00078,8,1.0,11.251873350143434,shared_residual,0.5,0.5,m_times_D_over_B
ax4-local-00078,8,1.0,11.251873350143434,shared_residual,1.0,1.0,m_times_D_over_B
ax4-local-00078,8,1.0,11.251873350143434,shared_residual,2.0,2.0,m_times_D_over_B
ax4-local-00079,8,1.0,11.251873350143434,null_residual,,1.0,m_times_B
ax4-local-00079,8,1.0,11.251873350143434,present_renormalization,,2.0,2m_times_B
ax4-local-00079,8,1.0,11.251873350143434,shared_residual,0.25,0.25,m_times_D_over_B
ax4-local-00079,8,1.0,11.251873350143434,shared_residual,0.5,0.5,m_times_D_over_B
ax4-local-00079,8,1.0,11.251873350143434,shared_residual,1.0,1.0,m_times_D_over_B
ax4-local-00079,8,1.0,11.251873350143434,shared_residual,2.0,2.0,m_times_D_over_B
ax4-local-00080,8,1.0,11.251873350143434,null_residual,,1.0,m_times_B
ax4-local-00080,8,1.0,11.251873350143434,present_renormalization,,2.0,2m_times_B
ax4-local-00080,8,1.0,11.251873350143434,shared_residual,0.25,0.25,m_times_D_over_B
ax4-local-00080,8,1.0,11.251873350143434,shared_residual,0.5,0.5,m_times_D_over_B
ax4-local-00080,8,1.0,11.251873350143434,shared_residual,1.0,1.0,m_times_D_over_B
ax4-local-00080,8,1.0,11.251873350143434,shared_residual,2.0,2.0,m_times_D_over_B
ax4-local-00081,8,1.0,11.251873350143434,null_residual,,1.0,m_times_B
ax4-local-00081,8,1.0,11.251873350143434,present_renormalization,,2.0,2m_times_B
ax4-local-00081,8,1.0,11.251873350143434,shared_residual,0.25,0.25,m_times_D_over_B
ax4-local-00081,8,1.0,11.251873350143434,shared_residual,0.5,0.5,m_times_D_over_B
ax4-local-00081,8,1.0,11.251873350143434,shared_residual,1.0,1.0,m_times_D_over_B
ax4-local-00081,8,1.0,11.251873350143434,shared_residual,2.0,2.0,m_times_D_over_B
ax4-local-00082,8,1.0,11.251873350143434,null_residual,,1.0,m_times_B
ax4-local-00082,8,1.0,11.251873350143434,present_renormalization,,2.0,2m_times_B
ax4-local-00082,8,1.0,11.251873350143434,shared_residual,0.25,0.25,m_times_D_over_B
ax4-local-00082,8,1.0,11.251873350143434,shared_residual,0.5,0.5,m_times_D_over_B
ax4-local-00082,8,1.0,11.251873350143434,shared_residual,1.0,1.0,m_times_D_over_B
ax4-local-00082,8,1.0,11.251873350143434,shared_residual,2.0,2.0,m_times_D_over_B
ax4-local-00083,8,1.0,11.251873350143434,null_residual,,1.0,m_times_B
ax4-local-00083,8,1.0,11.251873350143434,present_renormalization,,2.0,2m_times_B
ax4-local-00083,8,1.0,11.251873350143434,shared_residual,0.25,0.25,m_times_D_over_B
ax4-local-00083,8,1.0,11.251873350143434,shared_residual,0.5,0.5,m_times_D_over_B
ax4-local-00083,8,1.0,11.251873350143434,shared_residual,1.0,1.0,m_times_D_over_B
ax4-local-00083,8,1.0,11.251873350143434,shared_residual,2.0,2.0,m_times_D_over_B
ax4-local-00084,8,1.0,11.251873350143434,null_residual,,1.0,m_times_B
ax4-local-00084,8,1.0,11.251873350143434,present_renormalization,,2.0,2m_times_B
ax4-local-00084,8,1.0,11.251873350143434,shared_residual,0.25,0.25,m_times_D_over_B
ax4-local-00084,8,1.0,11.251873350143434,shared_residual,0.5,0.5,m_times_D_over_B
ax4-local-00084,8,1.0,11.251873350143434,shared_residual,1.0,1.0,m_times_D_over_B
ax4-local-00084,8,1.0,11.251873350143434,shared_residual,2.0,2.0,m_times_D_over_B
ax4-local-00085,8,1.0,11.251873350143434,null_residual,,1.0,m_times_B
ax4-local-00085,8,1.0,11.251873350143434,present_renormalization,,2.0,2m_times_B
ax4-local-00085,8,1.0,11.251873350143434,shared_residual,0.25,0.25,m_times_D_over_B
ax4-local-00085,8,1.0,11.251873350143434,shared_residual,0.5,0.5,m_times_D_over_B
ax4-local-00085,8,1.0,11.251873350143434,shared_residual,1.0,1.0,m_times_D_over_B
ax4-local-00085,8,1.0,11.251873350143434,shared_residual,2.0,2.0,m_times_D_over_B
ax4-local-00086,8,1.0,11.251873350143434,null_residual,,1.0,m_times_B
ax4-local-00086,8,1.0,11.251873350143434,present_renormalization,,2.0,2m_times_B
ax4-local-00086,8,1.0,11.251873350143434,shared_residual,0.25,0.25,m_times_D_over_B
ax4-local-00086,8,1.0,11.251873350143434,shared_residual,0.5,0.5,m_times_D_over_B
ax4-local-00086,8,1.0,11.251873350143434,shared_residual,1.0,1.0,m_times_D_over_B
ax4-local-00086,8,1.0,11.251873350143434,shared_residual,2.0,2.0,m_times_D_over_B
ax4-local-00087,8,1.0,11.251873350143434,null_residual,,1.0,m_times_B
ax4-local-00087,8,1.0,11.251873350143434,present_renormalization,,2.0,2m_times_B
ax4-local-00087,8,1.0,11.251873350143434,shared_residual,0.25,0.25,m_times_D_over_B
ax4-local-00087,8,1.0,11.251873350143434,shared_residual,0.5,0.5,m_times_D_over_B
ax4-local-00087,8,1.0,11.251873350143434,shared_residual,1.0,1.0,m_times_D_over_B
ax4-local-00087,8,1.0,11.251873350143434,shared_residual,2.0,2.0,m_times_D_over_B
ax4-local-00088,8,1.0,11.251873350143434,null_residual,,1.0,m_times_B
ax4-local-00088,8,1.0,11.251873350143434,present_renormalization,,2.0,2m_times_B
ax4-local-00088,8,1.0,11.251873350143434,shared_residual,0.25,0.25,m_times_D_over_B
ax4-local-00088,8,1.0,11.251873350143434,shared_residual,0.5,0.5,m_times_D_over_B
ax4-local-00088,8,1.0,11.251873350143434,shared_residual,1.0,1.0,m_times_D_over_B
ax4-local-00088,8,1.0,11.251873350143434,shared_residual,2.0,2.0,m_times_D_over_B
ax4-local-00089,8,1.0,11.251873350143434,null_residual,,1.0,m_times_B
ax4-local-00089,8,1.0,11.251873350143434,present_renormalization,,2.0,2m_times_B
ax4-local-00089,8,1.0,11.251873350143434,shared_residual,0.25,0.25,m_times_D_over_B
ax4-local-00089,8,1.0,11.251873350143434,shared_residual,0.5,0.5,m_times_D_over_B
ax4-local-00089,8,1.0,11.251873350143434,shared_residual,1.0,1.0,m_times_D_over_B
ax4-local-00089,8,1.0,11.251873350143434,shared_residual,2.0,2.0,m_times_D_over_B
ax4-local-00090,8,1.0,11.251873350143434,null_residual,,1.0,m_times_B
ax4-local-00090,8,1.0,11.251873350143434,present_renormalization,,2.0,2m_times_B
ax4-local-00090,8,1.0,11.251873350143434,shared_residual,0.25,0.25,m_times_D_over_B
ax4-local-00090,8,1.0,11.251873350143434,shared_residual,0.5,0.5,m_times_D_over_B
ax4-local-00090,8,1.0,11.251873350143434,shared_residual,1.0,1.0,m_times_D_over_B
ax4-local-00090,8,1.0,11.251873350143434,shared_residual,2.0,2.0,m_times_D_over_B
ax4-local-00091,8,1.0,11.251873350143434,null_residual,,1.0,m_times_B
ax4-local-00091,8,1.0,11.251873350143434,present_renormalization,,2.0,2m_times_B
ax4-local-00091,8,1.0,11.251873350143434,shared_residual,0.25,0.25,m_times_D_over_B
ax4-local-00091,8,1.0,11.251873350143434,shared_residual,0.5,0.5,m_times_D_over_B
ax4-local-00091,8,1.0,11.251873350143434,shared_residual,1.0,1.0,m_times_D_over_B
ax4-local-00091,8,1.0,11.251873350143434,shared_residual,2.0,2.0,m_times_D_over_B
ax4-local-00092,8,1.0,11.251873350143434,null_residual,,1.0,m_times_B
ax4-local-00092,8,1.0,11.251873350143434,present_renormalization,,2.0,2m_times_B
ax4-local-00092,8,1.0,11.251873350143434,shared_residual,0.25,0.25,m_times_D_over_B
ax4-local-00092,8,1.0,11.251873350143434,shared_residual,0.5,0.5,m_times_D_over_B
ax4-local-00092,8,1.0,11.251873350143434,shared_residual,1.0,1.0,m_times_D_over_B
ax4-local-00092,8,1.0,11.251873350143434,shared_residual,2.0,2.0,m_times_D_over_B
ax4-local-00093,8,1.0,11.251873350143434,null_residual,,1.0,m_times_B
ax4-local-00093,8,1.0,11.251873350143434,present_renormalization,,2.0,2m_times_B
ax4-local-00093,8,1.0,11.251873350143434,shared_residual,0.25,0.25,m_times_D_over_B
ax4-local-00093,8,1.0,11.251873350143434,shared_residual,0.5,0.5,m_times_D_over_B
ax4-local-00093,8,1.0,11.251873350143434,shared_residual,1.0,1.0,m_times_D_over_B
ax4-local-00093,8,1.0,11.251873350143434,shared_residual,2.0,2.0,m_times_D_over_B
ax4-local-00094,8,1.0,11.251873350143434,null_residual,,1.0,m_times_B
ax4-local-00094,8,1.0,11.251873350143434,present_renormalization,,2.0,2m_times_B
ax4-local-00094,8,1.0,11.251873350143434,shared_residual,0.25,0.25,m_times_D_over_B
ax4-local-00094,8,1.0,11.251873350143434,shared_residual,0.5,0.5,m_times_D_over_B
ax4-local-00094,8,1.0,11.251873350143434,shared_residual,1.0,1.0,m_times_D_over_B
ax4-local-00094,8,1.0,11.251873350143434,shared_residual,2.0,2.0,m_times_D_over_B
ax4-local-00095,8,0.7385826771653543,11.251873350143434,null_residual,,0.7385826771653543,m_times_B
ax4-local-00095,8,0.7385826771653543,11.251873350143434,present_renormalization,,1.4771653543307086,2m_times_B
ax4-local-00095,8,0.7385826771653543,11.251873350143434,shared_residual,0.25,0.18464566929133858,m_times_D_over_B
ax4-local-00095,8,0.7385826771653543,11.251873350143434,shared_residual,0.5,0.36929133858267715,m_times_D_over_B
ax4-local-00095,8,0.7385826771653543,11.251873350143434,shared_residual,1.0,0.7385826771653543,m_times_D_over_B
ax4-local-00095,8,0.7385826771653543,11.251873350143434,shared_residual,2.0,1.4771653543307086,m_times_D_over_B
ax4-local-00096,8,1.0,11.251873350143434,null_residual,,1.0,m_times_B
ax4-local-00096,8,1.0,11.251873350143434,present_renormalization,,2.0,2m_times_B
ax4-local-00096,8,1.0,11.251873350143434,shared_residual,0.25,0.25,m_times_D_over_B
ax4-local-00096,8,1.0,11.251873350143434,shared_residual,0.5,0.5,m_times_D_over_B
ax4-local-00096,8,1.0,11.251873350143434,shared_residual,1.0,1.0,m_times_D_over_B
ax4-local-00096,8,1.0,11.251873350143434,shared_residual,2.0,2.0,m_times_D_over_B
ax4-local-00097,8,1.0,11.251873350143434,null_residual,,1.0,m_times_B
ax4-local-00097,8,1.0,11.251873350143434,present_renormalization,,2.0,2m_times_B
ax4-local-00097,8,1.0,11.251873350143434,shared_residual,0.25,0.25,m_times_D_over_B
ax4-local-00097,8,1.0,11.251873350143434,shared_residual,0.5,0.5,m_times_D_over_B
ax4-local-00097,8,1.0,11.251873350143434,shared_residual,1.0,1.0,m_times_D_over_B
ax4-local-00097,8,1.0,11.251873350143434,shared_residual,2.0,2.0,m_times_D_over_B
ax4-local-00098,8,0.7385826771653543,11.251873350143434,null_residual,,0.7385826771653543,m_times_B
ax4-local-00098,8,0.7385826771653543,11.251873350143434,present_renormalization,,1.4771653543307086,2m_times_B
ax4-local-00098,8,0.7385826771653543,11.251873350143434,shared_residual,0.25,0.18464566929133858,m_times_D_over_B
ax4-local-00098,8,0.7385826771653543,11.251873350143434,shared_residual,0.5,0.36929133858267715,m_times_D_over_B
ax4-local-00098,8,0.7385826771653543,11.251873350143434,shared_residual,1.0,0.7385826771653543,m_times_D_over_B
ax4-local-00098,8,0.7385826771653543,11.251873350143434,shared_residual,2.0,1.4771653543307086,m_times_D_over_B
ax4-local-00099,8,0.42563291139240506,11.251873350143434,null_residual,,0.42563291139240506,m_times_B
ax4-local-00099,8,0.42563291139240506,11.251873350143434,present_renormalization,,0.8512658227848101,2m_times_B
ax4-local-00099,8,0.42563291139240506,11.251873350143434,shared_residual,0.25,0.10640822784810126,m_times_D_over_B
ax4-local-00099,8,0.42563291139240506,11.251873350143434,shared_residual,0.5,0.21281645569620253,m_times_D_over_B
ax4-local-00099,8,0.42563291139240506,11.251873350143434,shared_residual,1.0,0.42563291139240506,m_times_D_over_B
ax4-local-00099,8,0.42563291139240506,11.251873350143434,shared_residual,2.0,0.8512658227848101,m_times_D_over_B
ax4-local-00100,8,1.0,11.251873350143434,null_residual,,1.0,m_times_B
ax4-local-00100,8,1.0,11.251873350143434,present_renormalization,,2.0,2m_times_B
ax4-local-00100,8,1.0,11.251873350143434,shared_residual,0.25,0.25,m_times_D_over_B
ax4-local-00100,8,1.0,11.251873350143434,shared_residual,0.5,0.5,m_times_D_over_B
ax4-local-00100,8,1.0,11.251873350143434,shared_residual,1.0,1.0,m_times_D_over_B
ax4-local-00100,8,1.0,11.251873350143434,shared_residual,2.0,2.0,m_times_D_over_B
ax4-local-00101,8,0.7385826771653543,11.251873350143434,null_residual,,0.7385826771653543,m_times_B
ax4-local-00101,8,0.7385826771653543,11.251873350143434,present_renormalization,,1.4771653543307086,2m_times_B
ax4-local-00101,8,0.7385826771653543,11.251873350143434,shared_residual,0.25,0.18464566929133858,m_times_D_over_B
ax4-local-00101,8,0.7385826771653543,11.251873350143434,shared_residual,0.5,0.36929133858267715,m_times_D_over_B
ax4-local-00101,8,0.7385826771653543,11.251873350143434,shared_residual,1.0,0.7385826771653543,m_times_D_over_B
ax4-local-00101,8,0.7385826771653543,11.251873350143434,shared_residual,2.0,1.4771653543307086,m_times_D_over_B
ax4-local-00102,8,0.42563291139240506,11.251873350143434,null_residual,,0.42563291139240506,m_times_B
ax4-local-00102,8,0.42563291139240506,11.251873350143434,present_renormalization,,0.8512658227848101,2m_times_B
ax4-local-00102,8,0.42563291139240506,11.251873350143434,shared_residual,0.25,0.10640822784810126,m_times_D_over_B
ax4-local-00102,8,0.42563291139240506,11.251873350143434,shared_residual,0.5,0.21281645569620253,m_times_D_over_B
ax4-local-00102,8,0.42563291139240506,11.251873350143434,shared_residual,1.0,0.42563291139240506,m_times_D_over_B
ax4-local-00102,8,0.42563291139240506,11.251873350143434,shared_residual,2.0,0.8512658227848101,m_times_D_over_B
ax4-local-00103,8,0.1318090114324142,11.251873350143434,null_residual,,0.1318090114324142,m_times_B
ax4-local-00103,8,0.1318090114324142,11.251873350143434,present_renormalization,,0.2636180228648284,2m_times_B
ax4-local-00103,8,0.1318090114324142,11.251873350143434,shared_residual,0.25,0.03295225285810355,m_times_D_over_B
ax4-local-00103,8,0.1318090114324142,11.251873350143434,shared_residual,0.5,0.0659045057162071,m_times_D_over_B
ax4-local-00103,8,0.1318090114324142,11.251873350143434,shared_residual,1.0,0.1318090114324142,m_times_D_over_B
ax4-local-00103,8,0.1318090114324142,11.251873350143434,shared_residual,2.0,0.2636180228648284,m_times_D_over_B
ax4-local-00104,8,1.0,11.251873350143434,null_residual,,1.0,m_times_B
ax4-local-00104,8,1.0,11.251873350143434,present_renormalization,,2.0,2m_times_B
ax4-local-00104,8,1.0,11.251873350143434,shared_residual,0.25,0.25,m_times_D_over_B
ax4-local-00104,8,1.0,11.251873350143434,shared_residual,0.5,0.5,m_times_D_over_B
ax4-local-00104,8,1.0,11.251873350143434,shared_residual,1.0,1.0,m_times_D_over_B
ax4-local-00104,8,1.0,11.251873350143434,shared_residual,2.0,2.0,m_times_D_over_B
ax4-local-00105,8,0.42563291139240506,11.251873350143434,null_residual,,0.42563291139240506,m_times_B
ax4-local-00105,8,0.42563291139240506,11.251873350143434,present_renormalization,,0.8512658227848101,2m_times_B
ax4-local-00105,8,0.42563291139240506,11.251873350143434,shared_residual,0.25,0.10640822784810126,m_times_D_over_B
ax4-local-00105,8,0.42563291139240506,11.251873350143434,shared_residual,0.5,0.21281645569620253,m_times_D_over_B
ax4-local-00105,8,0.42563291139240506,11.251873350143434,shared_residual,1.0,0.42563291139240506,m_times_D_over_B
ax4-local-00105,8,0.42563291139240506,11.251873350143434,shared_residual,2.0,0.8512658227848101,m_times_D_over_B
ax4-local-00106,8,0.1318090114324142,11.251873350143434,null_residual,,0.1318090114324142,m_times_B
ax4-local-00106,8,0.1318090114324142,11.251873350143434,present_renormalization,,0.2636180228648284,2m_times_B
ax4-local-00106,8,0.1318090114324142,11.251873350143434,shared_residual,0.25,0.03295225285810355,m_times_D_over_B
ax4-local-00106,8,0.1318090114324142,11.251873350143434,shared_residual,0.5,0.0659045057162071,m_times_D_over_B
ax4-local-00106,8,0.1318090114324142,11.251873350143434,shared_residual,1.0,0.1318090114324142,m_times_D_over_B
ax4-local-00106,8,0.1318090114324142,11.251873350143434,shared_residual,2.0,0.2636180228648284,m_times_D_over_B
ax4-local-00107,8,2.220446049250313e-16,11.251873350143434,null_residual,,2.220446049250313e-16,m_times_B
ax4-local-00107,8,2.220446049250313e-16,11.251873350143434,present_renormalization,,4.440892098500626e-16,2m_times_B
ax4-local-00107,8,2.220446049250313e-16,11.251873350143434,shared_residual,0.25,5.551115123125783e-17,m_times_D_over_B
ax4-local-00107,8,2.220446049250313e-16,11.251873350143434,shared_residual,0.5,1.1102230246251565e-16,m_times_D_over_B
ax4-local-00107,8,2.220446049250313e-16,11.251873350143434,shared_residual,1.0,2.220446049250313e-16,m_times_D_over_B
ax4-local-00107,8,2.220446049250313e-16,11.251873350143434,shared_residual,2.0,4.440892098500626e-16,m_times_D_over_B
ax4-local-00108,8,1.0,11.251873350143434,null_residual,,1.0,m_times_B
ax4-local-00108,8,1.0,11.251873350143434,present_renormalization,,2.0,2m_times_B
ax4-local-00108,8,1.0,11.251873350143434,shared_residual,0.25,0.25,m_times_D_over_B
ax4-local-00108,8,1.0,11.251873350143434,shared_residual,0.5,0.5,m_times_D_over_B
ax4-local-00108,8,1.0,11.251873350143434,shared_residual,1.0,1.0,m_times_D_over_B
ax4-local-00108,8,1.0,11.251873350143434,shared_residual,2.0,2.0,m_times_D_over_B
ax4-local-00109,8,1.0,11.251873350143434,null_residual,,1.0,m_times_B
ax4-local-00109,8,1.0,11.251873350143434,present_renormalization,,2.0,2m_times_B
ax4-local-00109,8,1.0,11.251873350143434,shared_residual,0.25,0.25,m_times_D_over_B
ax4-local-00109,8,1.0,11.251873350143434,shared_residual,0.5,0.5,m_times_D_over_B
ax4-local-00109,8,1.0,11.251873350143434,shared_residual,1.0,1.0,m_times_D_over_B
ax4-local-00109,8,1.0,11.251873350143434,shared_residual,2.0,2.0,m_times_D_over_B
ax4-local-00110,8,1.0,11.251873350143434,null_residual,,1.0,m_times_B
ax4-local-00110,8,1.0,11.251873350143434,present_renormalization,,2.0,2m_times_B
ax4-local-00110,8,1.0,11.251873350143434,shared_residual,0.25,0.25,m_times_D_over_B
ax4-local-00110,8,1.0,11.251873350143434,shared_residual,0.5,0.5,m_times_D_over_B
ax4-local-00110,8,1.0,11.251873350143434,shared_residual,1.0,1.0,m_times_D_over_B
ax4-local-00110,8,1.0,11.251873350143434,shared_residual,2.0,2.0,m_times_D_over_B
ax4-local-00111,8,1.0,11.251873350143434,null_residual,,1.0,m_times_B
ax4-local-00111,8,1.0,11.251873350143434,present_renormalization,,2.0,2m_times_B
ax4-local-00111,8,1.0,11.251873350143434,shared_residual,0.25,0.25,m_times_D_over_B
ax4-local-00111,8,1.0,11.251873350143434,shared_residual,0.5,0.5,m_times_D_over_B
ax4-local-00111,8,1.0,11.251873350143434,shared_residual,1.0,1.0,m_times_D_over_B
ax4-local-00111,8,1.0,11.251873350143434,shared_residual,2.0,2.0,m_times_D_over_B
ax4-local-00112,8,1.0,11.251873350143434,null_residual,,1.0,m_times_B
ax4-local-00112,8,1.0,11.251873350143434,present_renormalization,,2.0,2m_times_B
ax4-local-00112,8,1.0,11.251873350143434,shared_residual,0.25,0.25,m_times_D_over_B
ax4-local-00112,8,1.0,11.251873350143434,shared_residual,0.5,0.5,m_times_D_over_B
ax4-local-00112,8,1.0,11.251873350143434,shared_residual,1.0,1.0,m_times_D_over_B
ax4-local-00112,8,1.0,11.251873350143434,shared_residual,2.0,2.0,m_times_D_over_B
ax4-local-00113,8,1.0,11.251873350143434,null_residual,,1.0,m_times_B
ax4-local-00113,8,1.0,11.251873350143434,present_renormalization,,2.0,2m_times_B
ax4-local-00113,8,1.0,11.251873350143434,shared_residual,0.25,0.25,m_times_D_over_B
ax4-local-00113,8,1.0,11.251873350143434,shared_residual,0.5,0.5,m_times_D_over_B
ax4-local-00113,8,1.0,11.251873350143434,shared_residual,1.0,1.0,m_times_D_over_B
ax4-local-00113,8,1.0,11.251873350143434,shared_residual,2.0,2.0,m_times_D_over_B
ax4-local-00114,8,1.0,11.251873350143434,null_residual,,1.0,m_times_B
ax4-local-00114,8,1.0,11.251873350143434,present_renormalization,,2.0,2m_times_B
ax4-local-00114,8,1.0,11.251873350143434,shared_residual,0.25,0.25,m_times_D_over_B
ax4-local-00114,8,1.0,11.251873350143434,shared_residual,0.5,0.5,m_times_D_over_B
ax4-local-00114,8,1.0,11.251873350143434,shared_residual,1.0,1.0,m_times_D_over_B
ax4-local-00114,8,1.0,11.251873350143434,shared_residual,2.0,2.0,m_times_D_over_B
ax4-local-00115,8,1.0,11.251873350143434,null_residual,,1.0,m_times_B
ax4-local-00115,8,1.0,11.251873350143434,present_renormalization,,2.0,2m_times_B
ax4-local-00115,8,1.0,11.251873350143434,shared_residual,0.25,0.25,m_times_D_over_B
ax4-local-00115,8,1.0,11.251873350143434,shared_residual,0.5,0.5,m_times_D_over_B
ax4-local-00115,8,1.0,11.251873350143434,shared_residual,1.0,1.0,m_times_D_over_B
ax4-local-00115,8,1.0,11.251873350143434,shared_residual,2.0,2.0,m_times_D_over_B
ax4-local-00116,8,1.0,11.251873350143434,null_residual,,1.0,m_times_B
ax4-local-00116,8,1.0,11.251873350143434,present_renormalization,,2.0,2m_times_B
ax4-local-00116,8,1.0,11.251873350143434,shared_residual,0.25,0.25,m_times_D_over_B
ax4-local-00116,8,1.0,11.251873350143434,shared_residual,0.5,0.5,m_times_D_over_B
ax4-local-00116,8,1.0,11.251873350143434,shared_residual,1.0,1.0,m_times_D_over_B
ax4-local-00116,8,1.0,11.251873350143434,shared_residual,2.0,2.0,m_times_D_over_B
ax4-local-00117,8,1.0,11.251873350143434,null_residual,,1.0,m_times_B
ax4-local-00117,8,1.0,11.251873350143434,present_renormalization,,2.0,2m_times_B
ax4-local-00117,8,1.0,11.251873350143434,shared_residual,0.25,0.25,m_times_D_over_B
ax4-local-00117,8,1.0,11.251873350143434,shared_residual,0.5,0.5,m_times_D_over_B
ax4-local-00117,8,1.0,11.251873350143434,shared_residual,1.0,1.0,m_times_D_over_B
ax4-local-00117,8,1.0,11.251873350143434,shared_residual,2.0,2.0,m_times_D_over_B
ax4-local-00118,8,1.0,11.251873350143434,null_residual,,1.0,m_times_B
ax4-local-00118,8,1.0,11.251873350143434,present_renormalization,,2.0,2m_times_B
ax4-local-00118,8,1.0,11.251873350143434,shared_residual,0.25,0.25,m_times_D_over_B
ax4-local-00118,8,1.0,11.251873350143434,shared_residual,0.5,0.5,m_times_D_over_B
ax4-local-00118,8,1.0,11.251873350143434,shared_residual,1.0,1.0,m_times_D_over_B
ax4-local-00118,8,1.0,11.251873350143434,shared_residual,2.0,2.0,m_times_D_over_B
ax4-local-00119,8,1.0,11.251873350143434,null_residual,,1.0,m_times_B
ax4-local-00119,8,1.0,11.251873350143434,present_renormalization,,2.0,2m_times_B
ax4-local-00119,8,1.0,11.251873350143434,shared_residual,0.25,0.25,m_times_D_over_B
ax4-local-00119,8,1.0,11.251873350143434,shared_residual,0.5,0.5,m_times_D_over_B
ax4-local-00119,8,1.0,11.251873350143434,shared_residual,1.0,1.0,m_times_D_over_B
ax4-local-00119,8,1.0,11.251873350143434,shared_residual,2.0,2.0,m_times_D_over_B
ax4-local-00120,8,1.0,11.251873350143434,null_residual,,1.0,m_times_B
ax4-local-00120,8,1.0,11.251873350143434,present_renormalization,,2.0,2m_times_B
ax4-local-00120,8,1.0,11.251873350143434,shared_residual,0.25,0.25,m_times_D_over_B
ax4-local-00120,8,1.0,11.251873350143434,shared_residual,0.5,0.5,m_times_D_over_B
ax4-local-00120,8,1.0,11.251873350143434,shared_residual,1.0,1.0,m_times_D_over_B
ax4-local-00120,8,1.0,11.251873350143434,shared_residual,2.0,2.0,m_times_D_over_B
ax4-local-00121,8,1.0,11.251873350143434,null_residual,,1.0,m_times_B
ax4-local-00121,8,1.0,11.251873350143434,present_renormalization,,2.0,2m_times_B
ax4-local-00121,8,1.0,11.251873350143434,shared_residual,0.25,0.25,m_times_D_over_B
ax4-local-00121,8,1.0,11.251873350143434,shared_residual,0.5,0.5,m_times_D_over_B
ax4-local-00121,8,1.0,11.251873350143434,shared_residual,1.0,1.0,m_times_D_over_B
ax4-local-00121,8,1.0,11.251873350143434,shared_residual,2.0,2.0,m_times_D_over_B
ax4-local-00122,8,1.0,11.251873350143434,null_residual,,1.0,m_times_B
ax4-local-00122,8,1.0,11.251873350143434,present_renormalization,,2.0,2m_times_B
ax4-local-00122,8,1.0,11.251873350143434,shared_residual,0.25,0.25,m_times_D_over_B
ax4-local-00122,8,1.0,11.251873350143434,shared_residual,0.5,0.5,m_times_D_over_B
ax4-local-00122,8,1.0,11.251873350143434,shared_residual,1.0,1.0,m_times_D_over_B
ax4-local-00122,8,1.0,11.251873350143434,shared_residual,2.0,2.0,m_times_D_over_B
ax4-local-00123,8,1.0,11.251873350143434,null_residual,,1.0,m_times_B
ax4-local-00123,8,1.0,11.251873350143434,present_renormalization,,2.0,2m_times_B
ax4-local-00123,8,1.0,11.251873350143434,shared_residual,0.25,0.25,m_times_D_over_B
ax4-local-00123,8,1.0,11.251873350143434,shared_residual,0.5,0.5,m_times_D_over_B
ax4-local-00123,8,1.0,11.251873350143434,shared_residual,1.0,1.0,m_times_D_over_B
ax4-local-00123,8,1.0,11.251873350143434,shared_residual,2.0,2.0,m_times_D_over_B
ax4-local-00124,8,1.0,11.251873350143434,null_residual,,1.0,m_times_B
ax4-local-00124,8,1.0,11.251873350143434,present_renormalization,,2.0,2m_times_B
ax4-local-00124,8,1.0,11.251873350143434,shared_residual,0.25,0.25,m_times_D_over_B
ax4-local-00124,8,1.0,11.251873350143434,shared_residual,0.5,0.5,m_times_D_over_B
ax4-local-00124,8,1.0,11.251873350143434,shared_residual,1.0,1.0,m_times_D_over_B
ax4-local-00124,8,1.0,11.251873350143434,shared_residual,2.0,2.0,m_times_D_over_B
ax4-local-00125,8,1.0,11.251873350143434,null_residual,,1.0,m_times_B
ax4-local-00125,8,1.0,11.251873350143434,present_renormalization,,2.0,2m_times_B
ax4-local-00125,8,1.0,11.251873350143434,shared_residual,0.25,0.25,m_times_D_over_B
ax4-local-00125,8,1.0,11.251873350143434,shared_residual,0.5,0.5,m_times_D_over_B
ax4-local-00125,8,1.0,11.251873350143434,shared_residual,1.0,1.0,m_times_D_over_B
ax4-local-00125,8,1.0,11.251873350143434,shared_residual,2.0,2.0,m_times_D_over_B
ax4-local-00126,8,1.0,11.251873350143434,null_residual,,1.0,m_times_B
ax4-local-00126,8,1.0,11.251873350143434,present_renormalization,,2.0,2m_times_B
ax4-local-00126,8,1.0,11.251873350143434,shared_residual,0.25,0.25,m_times_D_over_B
ax4-local-00126,8,1.0,11.251873350143434,shared_residual,0.5,0.5,m_times_D_over_B
ax4-local-00126,8,1.0,11.251873350143434,shared_residual,1.0,1.0,m_times_D_over_B
ax4-local-00126,8,1.0,11.251873350143434,shared_residual,2.0,2.0,m_times_D_over_B
ax4-local-00127,8,1.0,11.251873350143434,null_residual,,1.0,m_times_B
ax4-local-00127,8,1.0,11.251873350143434,present_renormalization,,2.0,2m_times_B
ax4-local-00127,8,1.0,11.251873350143434,shared_residual,0.25,0.25,m_times_D_over_B
ax4-local-00127,8,1.0,11.251873350143434,shared_residual,0.5,0.5,m_times_D_over_B
ax4-local-00127,8,1.0,11.251873350143434,shared_residual,1.0,1.0,m_times_D_over_B
ax4-local-00127,8,1.0,11.251873350143434,shared_residual,2.0,2.0,m_times_D_over_B
ax4-local-00128,8,1.0,11.251873350143434,null_residual,,1.0,m_times_B
ax4-local-00128,8,1.0,11.251873350143434,present_renormalization,,2.0,2m_times_B
ax4-local-00128,8,1.0,11.251873350143434,shared_residual,0.25,0.25,m_times_D_over_B
ax4-local-00128,8,1.0,11.251873350143434,shared_residual,0.5,0.5,m_times_D_over_B
ax4-local-00128,8,1.0,11.251873350143434,shared_residual,1.0,1.0,m_times_D_over_B
ax4-local-00128,8,1.0,11.251873350143434,shared_residual,2.0,2.0,m_times_D_over_B
ax4-local-00129,8,1.0,11.251873350143434,null_residual,,1.0,m_times_B
ax4-local-00129,8,1.0,11.251873350143434,present_renormalization,,2.0,2m_times_B
ax4-local-00129,8,1.0,11.251873350143434,shared_residual,0.25,0.25,m_times_D_over_B
ax4-local-00129,8,1.0,11.251873350143434,shared_residual,0.5,0.5,m_times_D_over_B
ax4-local-00129,8,1.0,11.251873350143434,shared_residual,1.0,1.0,m_times_D_over_B
ax4-local-00129,8,1.0,11.251873350143434,shared_residual,2.0,2.0,m_times_D_over_B
ax4-local-00130,8,1.0,11.251873350143434,null_residual,,1.0,m_times_B
ax4-local-00130,8,1.0,11.251873350143434,present_renormalization,,2.0,2m_times_B
ax4-local-00130,8,1.0,11.251873350143434,shared_residual,0.25,0.25,m_times_D_over_B
ax4-local-00130,8,1.0,11.251873350143434,shared_residual,0.5,0.5,m_times_D_over_B
ax4-local-00130,8,1.0,11.251873350143434,shared_residual,1.0,1.0,m_times_D_over_B
ax4-local-00130,8,1.0,11.251873350143434,shared_residual,2.0,2.0,m_times_D_over_B
ax4-local-00131,8,1.0,11.251873350143434,null_residual,,1.0,m_times_B
ax4-local-00131,8,1.0,11.251873350143434,present_renormalization,,2.0,2m_times_B
ax4-local-00131,8,1.0,11.251873350143434,shared_residual,0.25,0.25,m_times_D_over_B
ax4-local-00131,8,1.0,11.251873350143434,shared_residual,0.5,0.5,m_times_D_over_B
ax4-local-00131,8,1.0,11.251873350143434,shared_residual,1.0,1.0,m_times_D_over_B
ax4-local-00131,8,1.0,11.251873350143434,shared_residual,2.0,2.0,m_times_D_over_B
ax4-local-00132,8,1.0,11.251873350143434,null_residual,,1.0,m_times_B
ax4-local-00132,8,1.0,11.251873350143434,present_renormalization,,2.0,2m_times_B
ax4-local-00132,8,1.0,11.251873350143434,shared_residual,0.25,0.25,m_times_D_over_B
ax4-local-00132,8,1.0,11.251873350143434,shared_residual,0.5,0.5,m_times_D_over_B
ax4-local-00132,8,1.0,11.251873350143434,shared_residual,1.0,1.0,m_times_D_over_B
ax4-local-00132,8,1.0,11.251873350143434,shared_residual,2.0,2.0,m_times_D_over_B
ax4-local-00133,8,1.0,11.251873350143434,null_residual,,1.0,m_times_B
ax4-local-00133,8,1.0,11.251873350143434,present_renormalization,,2.0,2m_times_B
ax4-local-00133,8,1.0,11.251873350143434,shared_residual,0.25,0.25,m_times_D_over_B
ax4-local-00133,8,1.0,11.251873350143434,shared_residual,0.5,0.5,m_times_D_over_B
ax4-local-00133,8,1.0,11.251873350143434,shared_residual,1.0,1.0,m_times_D_over_B
ax4-local-00133,8,1.0,11.251873350143434,shared_residual,2.0,2.0,m_times_D_over_B
ax4-local-00134,8,1.0,11.251873350143434,null_residual,,1.0,m_times_B
ax4-local-00134,8,1.0,11.251873350143434,present_renormalization,,2.0,2m_times_B
ax4-local-00134,8,1.0,11.251873350143434,shared_residual,0.25,0.25,m_times_D_over_B
ax4-local-00134,8,1.0,11.251873350143434,shared_residual,0.5,0.5,m_times_D_over_B
ax4-local-00134,8,1.0,11.251873350143434,shared_residual,1.0,1.0,m_times_D_over_B
ax4-local-00134,8,1.0,11.251873350143434,shared_residual,2.0,2.0,m_times_D_over_B
ax4-local-00135,8,1.0,11.251873350143434,null_residual,,1.0,m_times_B
ax4-local-00135,8,1.0,11.251873350143434,present_renormalization,,2.0,2m_times_B
ax4-local-00135,8,1.0,11.251873350143434,shared_residual,0.25,0.25,m_times_D_over_B
ax4-local-00135,8,1.0,11.251873350143434,shared_residual,0.5,0.5,m_times_D_over_B
ax4-local-00135,8,1.0,11.251873350143434,shared_residual,1.0,1.0,m_times_D_over_B
ax4-local-00135,8,1.0,11.251873350143434,shared_residual,2.0,2.0,m_times_D_over_B
ax4-local-00136,8,1.0,11.251873350143434,null_residual,,1.0,m_times_B
ax4-local-00136,8,1.0,11.251873350143434,present_renormalization,,2.0,2m_times_B
ax4-local-00136,8,1.0,11.251873350143434,shared_residual,0.25,0.25,m_times_D_over_B
ax4-local-00136,8,1.0,11.251873350143434,shared_residual,0.5,0.5,m_times_D_over_B
ax4-local-00136,8,1.0,11.251873350143434,shared_residual,1.0,1.0,m_times_D_over_B
ax4-local-00136,8,1.0,11.251873350143434,shared_residual,2.0,2.0,m_times_D_over_B
ax4-local-00137,8,1.0,11.251873350143434,null_residual,,1.0,m_times_B
ax4-local-00137,8,1.0,11.251873350143434,present_renormalization,,2.0,2m_times_B
ax4-local-00137,8,1.0,11.251873350143434,shared_residual,0.25,0.25,m_times_D_over_B
ax4-local-00137,8,1.0,11.251873350143434,shared_residual,0.5,0.5,m_times_D_over_B
ax4-local-00137,8,1.0,11.251873350143434,shared_residual,1.0,1.0,m_times_D_over_B
ax4-local-00137,8,1.0,11.251873350143434,shared_residual,2.0,2.0,m_times_D_over_B
ax4-local-00138,8,1.0,11.251873350143434,null_residual,,1.0,m_times_B
ax4-local-00138,8,1.0,11.251873350143434,present_renormalization,,2.0,2m_times_B
ax4-local-00138,8,1.0,11.251873350143434,shared_residual,0.25,0.25,m_times_D_over_B
ax4-local-00138,8,1.0,11.251873350143434,shared_residual,0.5,0.5,m_times_D_over_B
ax4-local-00138,8,1.0,11.251873350143434,shared_residual,1.0,1.0,m_times_D_over_B
ax4-local-00138,8,1.0,11.251873350143434,shared_residual,2.0,2.0,m_times_D_over_B
ax4-local-00139,8,1.0,11.251873350143434,null_residual,,1.0,m_times_B
ax4-local-00139,8,1.0,11.251873350143434,present_renormalization,,2.0,2m_times_B
ax4-local-00139,8,1.0,11.251873350143434,shared_residual,0.25,0.25,m_times_D_over_B
ax4-local-00139,8,1.0,11.251873350143434,shared_residual,0.5,0.5,m_times_D_over_B
ax4-local-00139,8,1.0,11.251873350143434,shared_residual,1.0,1.0,m_times_D_over_B
ax4-local-00139,8,1.0,11.251873350143434,shared_residual,2.0,2.0,m_times_D_over_B
ax4-local-00140,8,1.0,11.251873350143434,null_residual,,1.0,m_times_B
ax4-local-00140,8,1.0,11.251873350143434,present_renormalization,,2.0,2m_times_B
ax4-local-00140,8,1.0,11.251873350143434,shared_residual,0.25,0.25,m_times_D_over_B
ax4-local-00140,8,1.0,11.251873350143434,shared_residual,0.5,0.5,m_times_D_over_B
ax4-local-00140,8,1.0,11.251873350143434,shared_residual,1.0,1.0,m_times_D_over_B
ax4-local-00140,8,1.0,11.251873350143434,shared_residual,2.0,2.0,m_times_D_over_B
ax4-local-00141,8,1.0,11.251873350143434,null_residual,,1.0,m_times_B
ax4-local-00141,8,1.0,11.251873350143434,present_renormalization,,2.0,2m_times_B
ax4-local-00141,8,1.0,11.251873350143434,shared_residual,0.25,0.25,m_times_D_over_B
ax4-local-00141,8,1.0,11.251873350143434,shared_residual,0.5,0.5,m_times_D_over_B
ax4-local-00141,8,1.0,11.251873350143434,shared_residual,1.0,1.0,m_times_D_over_B
ax4-local-00141,8,1.0,11.251873350143434,shared_residual,2.0,2.0,m_times_D_over_B
ax4-local-00142,8,1.0,11.251873350143434,null_residual,,1.0,m_times_B
ax4-local-00142,8,1.0,11.251873350143434,present_renormalization,,2.0,2m_times_B
ax4-local-00142,8,1.0,11.251873350143434,shared_residual,0.25,0.25,m_times_D_over_B
ax4-local-00142,8,1.0,11.251873350143434,shared_residual,0.5,0.5,m_times_D_over_B
ax4-local-00142,8,1.0,11.251873350143434,shared_residual,1.0,1.0,m_times_D_over_B
ax4-local-00142,8,1.0,11.251873350143434,shared_residual,2.0,2.0,m_times_D_over_B
ax4-local-00143,8,1.0,11.251873350143434,null_residual,,1.0,m_times_B
ax4-local-00143,8,1.0,11.251873350143434,present_renormalization,,2.0,2m_times_B
ax4-local-00143,8,1.0,11.251873350143434,shared_residual,0.25,0.25,m_times_D_over_B
ax4-local-00143,8,1.0,11.251873350143434,shared_residual,0.5,0.5,m_times_D_over_B
ax4-local-00143,8,1.0,11.251873350143434,shared_residual,1.0,1.0,m_times_D_over_B
ax4-local-00143,8,1.0,11.251873350143434,shared_residual,2.0,2.0,m_times_D_over_B
ax4-local-00144,8,1.0,11.251873350143434,null_residual,,1.0,m_times_B
ax4-local-00144,8,1.0,11.251873350143434,present_renormalization,,2.0,2m_times_B
ax4-local-00144,8,1.0,11.251873350143434,shared_residual,0.25,0.25,m_times_D_over_B
ax4-local-00144,8,1.0,11.251873350143434,shared_residual,0.5,0.5,m_times_D_over_B
ax4-local-00144,8,1.0,11.251873350143434,shared_residual,1.0,1.0,m_times_D_over_B
ax4-local-00144,8,1.0,11.251873350143434,shared_residual,2.0,2.0,m_times_D_over_B
ax4-local-00145,8,1.0,11.251873350143434,null_residual,,1.0,m_times_B
ax4-local-00145,8,1.0,11.251873350143434,present_renormalization,,2.0,2m_times_B
ax4-local-00145,8,1.0,11.251873350143434,shared_residual,0.25,0.25,m_times_D_over_B
ax4-local-00145,8,1.0,11.251873350143434,shared_residual,0.5,0.5,m_times_D_over_B
ax4-local-00145,8,1.0,11.251873350143434,shared_residual,1.0,1.0,m_times_D_over_B
ax4-local-00145,8,1.0,11.251873350143434,shared_residual,2.0,2.0,m_times_D_over_B
ax4-local-00146,8,1.0,11.251873350143434,null_residual,,1.0,m_times_B
ax4-local-00146,8,1.0,11.251873350143434,present_renormalization,,2.0,2m_times_B
ax4-local-00146,8,1.0,11.251873350143434,shared_residual,0.25,0.25,m_times_D_over_B
ax4-local-00146,8,1.0,11.251873350143434,shared_residual,0.5,0.5,m_times_D_over_B
ax4-local-00146,8,1.0,11.251873350143434,shared_residual,1.0,1.0,m_times_D_over_B
ax4-local-00146,8,1.0,11.251873350143434,shared_residual,2.0,2.0,m_times_D_over_B
ax4-local-00147,8,1.0,11.251873350143434,null_residual,,1.0,m_times_B
ax4-local-00147,8,1.0,11.251873350143434,present_renormalization,,2.0,2m_times_B
ax4-local-00147,8,1.0,11.251873350143434,shared_residual,0.25,0.25,m_times_D_over_B
ax4-local-00147,8,1.0,11.251873350143434,shared_residual,0.5,0.5,m_times_D_over_B
ax4-local-00147,8,1.0,11.251873350143434,shared_residual,1.0,1.0,m_times_D_over_B
ax4-local-00147,8,1.0,11.251873350143434,shared_residual,2.0,2.0,m_times_D_over_B
ax4-local-00148,8,1.0,11.251873350143434,null_residual,,1.0,m_times_B
ax4-local-00148,8,1.0,11.251873350143434,present_renormalization,,2.0,2m_times_B
ax4-local-00148,8,1.0,11.251873350143434,shared_residual,0.25,0.25,m_times_D_over_B
ax4-local-00148,8,1.0,11.251873350143434,shared_residual,0.5,0.5,m_times_D_over_B
ax4-local-00148,8,1.0,11.251873350143434,shared_residual,1.0,1.0,m_times_D_over_B
ax4-local-00148,8,1.0,11.251873350143434,shared_residual,2.0,2.0,m_times_D_over_B
ax4-local-00149,8,1.0,11.251873350143434,null_residual,,1.0,m_times_B
ax4-local-00149,8,1.0,11.251873350143434,present_renormalization,,2.0,2m_times_B
ax4-local-00149,8,1.0,11.251873350143434,shared_residual,0.25,0.25,m_times_D_over_B
ax4-local-00149,8,1.0,11.251873350143434,shared_residual,0.5,0.5,m_times_D_over_B
ax4-local-00149,8,1.0,11.251873350143434,shared_residual,1.0,1.0,m_times_D_over_B
ax4-local-00149,8,1.0,11.251873350143434,shared_residual,2.0,2.0,m_times_D_over_B
ax4-local-00150,8,1.0,11.251873350143434,null_residual,,1.0,m_times_B
ax4-local-00150,8,1.0,11.251873350143434,present_renormalization,,2.0,2m_times_B
ax4-local-00150,8,1.0,11.251873350143434,shared_residual,0.25,0.25,m_times_D_over_B
ax4-local-00150,8,1.0,11.251873350143434,shared_residual,0.5,0.5,m_times_D_over_B
ax4-local-00150,8,1.0,11.251873350143434,shared_residual,1.0,1.0,m_times_D_over_B
ax4-local-00150,8,1.0,11.251873350143434,shared_residual,2.0,2.0,m_times_D_over_B
ax4-local-00151,8,1.0,11.251873350143434,null_residual,,1.0,m_times_B
ax4-local-00151,8,1.0,11.251873350143434,present_renormalization,,2.0,2m_times_B
ax4-local-00151,8,1.0,11.251873350143434,shared_residual,0.25,0.25,m_times_D_over_B
ax4-local-00151,8,1.0,11.251873350143434,shared_residual,0.5,0.5,m_times_D_over_B
ax4-local-00151,8,1.0,11.251873350143434,shared_residual,1.0,1.0,m_times_D_over_B
ax4-local-00151,8,1.0,11.251873350143434,shared_residual,2.0,2.0,m_times_D_over_B
ax4-local-00152,8,1.0,11.251873350143434,null_residual,,1.0,m_times_B
ax4-local-00152,8,1.0,11.251873350143434,present_renormalization,,2.0,2m_times_B
ax4-local-00152,8,1.0,11.251873350143434,shared_residual,0.25,0.25,m_times_D_over_B
ax4-local-00152,8,1.0,11.251873350143434,shared_residual,0.5,0.5,m_times_D_over_B
ax4-local-00152,8,1.0,11.251873350143434,shared_residual,1.0,1.0,m_times_D_over_B
ax4-local-00152,8,1.0,11.251873350143434,shared_residual,2.0,2.0,m_times_D_over_B
ax4-local-00153,8,1.0,11.251873350143434,null_residual,,1.0,m_times_B
ax4-local-00153,8,1.0,11.251873350143434,present_renormalization,,2.0,2m_times_B
ax4-local-00153,8,1.0,11.251873350143434,shared_residual,0.25,0.25,m_times_D_over_B
ax4-local-00153,8,1.0,11.251873350143434,shared_residual,0.5,0.5,m_times_D_over_B
ax4-local-00153,8,1.0,11.251873350143434,shared_residual,1.0,1.0,m_times_D_over_B
ax4-local-00153,8,1.0,11.251873350143434,shared_residual,2.0,2.0,m_times_D_over_B
ax4-local-00154,8,1.0,11.251873350143434,null_residual,,1.0,m_times_B
ax4-local-00154,8,1.0,11.251873350143434,present_renormalization,,2.0,2m_times_B
ax4-local-00154,8,1.0,11.251873350143434,shared_residual,0.25,0.25,m_times_D_over_B
ax4-local-00154,8,1.0,11.251873350143434,shared_residual,0.5,0.5,m_times_D_over_B
ax4-local-00154,8,1.0,11.251873350143434,shared_residual,1.0,1.0,m_times_D_over_B
ax4-local-00154,8,1.0,11.251873350143434,shared_residual,2.0,2.0,m_times_D_over_B
ax4-local-00155,8,1.0,11.251873350143434,null_residual,,1.0,m_times_B
ax4-local-00155,8,1.0,11.251873350143434,present_renormalization,,2.0,2m_times_B
ax4-local-00155,8,1.0,11.251873350143434,shared_residual,0.25,0.25,m_times_D_over_B
ax4-local-00155,8,1.0,11.251873350143434,shared_residual,0.5,0.5,m_times_D_over_B
ax4-local-00155,8,1.0,11.251873350143434,shared_residual,1.0,1.0,m_times_D_over_B
ax4-local-00155,8,1.0,11.251873350143434,shared_residual,2.0,2.0,m_times_D_over_B
ax4-local-00156,8,1.0,11.251873350143434,null_residual,,1.0,m_times_B
ax4-local-00156,8,1.0,11.251873350143434,present_renormalization,,2.0,2m_times_B
ax4-local-00156,8,1.0,11.251873350143434,shared_residual,0.25,0.25,m_times_D_over_B
ax4-local-00156,8,1.0,11.251873350143434,shared_residual,0.5,0.5,m_times_D_over_B
ax4-local-00156,8,1.0,11.251873350143434,shared_residual,1.0,1.0,m_times_D_over_B
ax4-local-00156,8,1.0,11.251873350143434,shared_residual,2.0,2.0,m_times_D_over_B
ax4-local-00157,8,1.0,11.251873350143434,null_residual,,1.0,m_times_B
ax4-local-00157,8,1.0,11.251873350143434,present_renormalization,,2.0,2m_times_B
ax4-local-00157,8,1.0,11.251873350143434,shared_residual,0.25,0.25,m_times_D_over_B
ax4-local-00157,8,1.0,11.251873350143434,shared_residual,0.5,0.5,m_times_D_over_B
ax4-local-00157,8,1.0,11.251873350143434,shared_residual,1.0,1.0,m_times_D_over_B
ax4-local-00157,8,1.0,11.251873350143434,shared_residual,2.0,2.0,m_times_D_over_B
ax4-local-00158,8,0.7814397224631396,11.251873350143434,null_residual,,0.7814397224631396,m_times_B
ax4-local-00158,8,0.7814397224631396,11.251873350143434,present_renormalization,,1.5628794449262793,2m_times_B
ax4-local-00158,8,0.7814397224631396,11.251873350143434,shared_residual,0.25,0.1953599306157849,m_times_D_over_B
ax4-local-00158,8,0.7814397224631396,11.251873350143434,shared_residual,0.5,0.3907198612315698,m_times_D_over_B
ax4-local-00158,8,0.7814397224631396,11.251873350143434,shared_residual,1.0,0.7814397224631396,m_times_D_over_B
ax4-local-00158,8,0.7814397224631396,11.251873350143434,shared_residual,2.0,1.5628794449262793,m_times_D_over_B
ax4-local-00159,8,1.0,11.251873350143434,null_residual,,1.0,m_times_B
ax4-local-00159,8,1.0,11.251873350143434,present_renormalization,,2.0,2m_times_B
ax4-local-00159,8,1.0,11.251873350143434,shared_residual,0.25,0.25,m_times_D_over_B
ax4-local-00159,8,1.0,11.251873350143434,shared_residual,0.5,0.5,m_times_D_over_B
ax4-local-00159,8,1.0,11.251873350143434,shared_residual,1.0,1.0,m_times_D_over_B
ax4-local-00159,8,1.0,11.251873350143434,shared_residual,2.0,2.0,m_times_D_over_B
ax4-local-00160,8,1.0,11.251873350143434,null_residual,,1.0,m_times_B
ax4-local-00160,8,1.0,11.251873350143434,present_renormalization,,2.0,2m_times_B
ax4-local-00160,8,1.0,11.251873350143434,shared_residual,0.25,0.25,m_times_D_over_B
ax4-local-00160,8,1.0,11.251873350143434,shared_residual,0.5,0.5,m_times_D_over_B
ax4-local-00160,8,1.0,11.251873350143434,shared_residual,1.0,1.0,m_times_D_over_B
ax4-local-00160,8,1.0,11.251873350143434,shared_residual,2.0,2.0,m_times_D_over_B
ax4-local-00161,8,0.7814397224631396,11.251873350143434,null_residual,,0.7814397224631396,m_times_B
ax4-local-00161,8,0.7814397224631396,11.251873350143434,present_renormalization,,1.5628794449262793,2m_times_B
ax4-local-00161,8,0.7814397224631396,11.251873350143434,shared_residual,0.25,0.1953599306157849,m_times_D_over_B
ax4-local-00161,8,0.7814397224631396,11.251873350143434,shared_residual,0.5,0.3907198612315698,m_times_D_over_B
ax4-local-00161,8,0.7814397224631396,11.251873350143434,shared_residual,1.0,0.7814397224631396,m_times_D_over_B
ax4-local-00161,8,0.7814397224631396,11.251873350143434,shared_residual,2.0,1.5628794449262793,m_times_D_over_B
ax4-local-00162,8,0.46245648930880157,11.251873350143434,null_residual,,0.46245648930880157,m_times_B
ax4-local-00162,8,0.46245648930880157,11.251873350143434,present_renormalization,,0.9249129786176031,2m_times_B
ax4-local-00162,8,0.46245648930880157,11.251873350143434,shared_residual,0.25,0.11561412232720039,m_times_D_over_B
ax4-local-00162,8,0.46245648930880157,11.251873350143434,shared_residual,0.5,0.23122824465440078,m_times_D_over_B
ax4-local-00162,8,0.46245648930880157,11.251873350143434,shared_residual,1.0,0.46245648930880157,m_times_D_over_B
ax4-local-00162,8,0.46245648930880157,11.251873350143434,shared_residual,2.0,0.9249129786176031,m_times_D_over_B
ax4-local-00163,8,1.0,11.251873350143434,null_residual,,1.0,m_times_B
ax4-local-00163,8,1.0,11.251873350143434,present_renormalization,,2.0,2m_times_B
ax4-local-00163,8,1.0,11.251873350143434,shared_residual,0.25,0.25,m_times_D_over_B
ax4-local-00163,8,1.0,11.251873350143434,shared_residual,0.5,0.5,m_times_D_over_B
ax4-local-00163,8,1.0,11.251873350143434,shared_residual,1.0,1.0,m_times_D_over_B
ax4-local-00163,8,1.0,11.251873350143434,shared_residual,2.0,2.0,m_times_D_over_B
ax4-local-00164,8,0.7814397224631396,11.251873350143434,null_residual,,0.7814397224631396,m_times_B
ax4-local-00164,8,0.7814397224631396,11.251873350143434,present_renormalization,,1.5628794449262793,2m_times_B
ax4-local-00164,8,0.7814397224631396,11.251873350143434,shared_residual,0.25,0.1953599306157849,m_times_D_over_B
ax4-local-00164,8,0.7814397224631396,11.251873350143434,shared_residual,0.5,0.3907198612315698,m_times_D_over_B
ax4-local-00164,8,0.7814397224631396,11.251873350143434,shared_residual,1.0,0.7814397224631396,m_times_D_over_B
ax4-local-00164,8,0.7814397224631396,11.251873350143434,shared_residual,2.0,1.5628794449262793,m_times_D_over_B
ax4-local-00165,8,0.46245648930880157,11.251873350143434,null_residual,,0.46245648930880157,m_times_B
ax4-local-00165,8,0.46245648930880157,11.251873350143434,present_renormalization,,0.9249129786176031,2m_times_B
ax4-local-00165,8,0.46245648930880157,11.251873350143434,shared_residual,0.25,0.11561412232720039,m_times_D_over_B
ax4-local-00165,8,0.46245648930880157,11.251873350143434,shared_residual,0.5,0.23122824465440078,m_times_D_over_B
ax4-local-00165,8,0.46245648930880157,11.251873350143434,shared_residual,1.0,0.46245648930880157,m_times_D_over_B
ax4-local-00165,8,0.46245648930880157,11.251873350143434,shared_residual,2.0,0.9249129786176031,m_times_D_over_B
ax4-local-00166,8,0.15249266862170086,11.251873350143434,null_residual,,0.15249266862170086,m_times_B
ax4-local-00166,8,0.15249266862170086,11.251873350143434,present_renormalization,,0.3049853372434017,2m_times_B
ax4-local-00166,8,0.15249266862170086,11.251873350143434,shared_residual,0.25,0.038123167155425214,m_times_D_over_B
ax4-local-00166,8,0.15249266862170086,11.251873350143434,shared_residual,0.5,0.07624633431085043,m_times_D_over_B
ax4-local-00166,8,0.15249266862170086,11.251873350143434,shared_residual,1.0,0.15249266862170086,m_times_D_over_B
ax4-local-00166,8,0.15249266862170086,11.251873350143434,shared_residual,2.0,0.3049853372434017,m_times_D_over_B
ax4-local-00167,8,1.0,11.251873350143434,null_residual,,1.0,m_times_B
ax4-local-00167,8,1.0,11.251873350143434,present_renormalization,,2.0,2m_times_B
ax4-local-00167,8,1.0,11.251873350143434,shared_residual,0.25,0.25,m_times_D_over_B
ax4-local-00167,8,1.0,11.251873350143434,shared_residual,0.5,0.5,m_times_D_over_B
ax4-local-00167,8,1.0,11.251873350143434,shared_residual,1.0,1.0,m_times_D_over_B
ax4-local-00167,8,1.0,11.251873350143434,shared_residual,2.0,2.0,m_times_D_over_B
ax4-local-00168,8,0.46245648930880157,11.251873350143434,null_residual,,0.46245648930880157,m_times_B
ax4-local-00168,8,0.46245648930880157,11.251873350143434,present_renormalization,,0.9249129786176031,2m_times_B
ax4-local-00168,8,0.46245648930880157,11.251873350143434,shared_residual,0.25,0.11561412232720039,m_times_D_over_B
ax4-local-00168,8,0.46245648930880157,11.251873350143434,shared_residual,0.5,0.23122824465440078,m_times_D_over_B
ax4-local-00168,8,0.46245648930880157,11.251873350143434,shared_residual,1.0,0.46245648930880157,m_times_D_over_B
ax4-local-00168,8,0.46245648930880157,11.251873350143434,shared_residual,2.0,0.9249129786176031,m_times_D_over_B
ax4-local-00169,8,0.15249266862170086,11.251873350143434,null_residual,,0.15249266862170086,m_times_B
ax4-local-00169,8,0.15249266862170086,11.251873350143434,present_renormalization,,0.3049853372434017,2m_times_B
ax4-local-00169,8,0.15249266862170086,11.251873350143434,shared_residual,0.25,0.038123167155425214,m_times_D_over_B
ax4-local-00169,8,0.15249266862170086,11.251873350143434,shared_residual,0.5,0.07624633431085043,m_times_D_over_B
ax4-local-00169,8,0.15249266862170086,11.251873350143434,shared_residual,1.0,0.15249266862170086,m_times_D_over_B
ax4-local-00169,8,0.15249266862170086,11.251873350143434,shared_residual,2.0,0.3049853372434017,m_times_D_over_B
ax4-local-00170,8,2.220446049250313e-16,11.251873350143434,null_residual,,2.220446049250313e-16,m_times_B
ax4-local-00170,8,2.220446049250313e-16,11.251873350143434,present_renormalization,,4.440892098500626e-16,2m_times_B
ax4-local-00170,8,2.220446049250313e-16,11.251873350143434,shared_residual,0.25,5.551115123125783e-17,m_times_D_over_B
ax4-local-00170,8,2.220446049250313e-16,11.251873350143434,shared_residual,0.5,1.1102230246251565e-16,m_times_D_over_B
ax4-local-00170,8,2.220446049250313e-16,11.251873350143434,shared_residual,1.0,2.220446049250313e-16,m_times_D_over_B
ax4-local-00170,8,2.220446049250313e-16,11.251873350143434,shared_residual,2.0,4.440892098500626e-16,m_times_D_over_B
ax4-local-00171,8,1.0,11.251873350143434,null_residual,,1.0,m_times_B
ax4-local-00171,8,1.0,11.251873350143434,present_renormalization,,2.0,2m_times_B
ax4-local-00171,8,1.0,11.251873350143434,shared_residual,0.25,0.25,m_times_D_over_B
ax4-local-00171,8,1.0,11.251873350143434,shared_residual,0.5,0.5,m_times_D_over_B
ax4-local-00171,8,1.0,11.251873350143434,shared_residual,1.0,1.0,m_times_D_over_B
ax4-local-00171,8,1.0,11.251873350143434,shared_residual,2.0,2.0,m_times_D_over_B
ax4-local-00172,8,1.0,11.251873350143434,null_residual,,1.0,m_times_B
ax4-local-00172,8,1.0,11.251873350143434,present_renormalization,,2.0,2m_times_B
ax4-local-00172,8,1.0,11.251873350143434,shared_residual,0.25,0.25,m_times_D_over_B
ax4-local-00172,8,1.0,11.251873350143434,shared_residual,0.5,0.5,m_times_D_over_B
ax4-local-00172,8,1.0,11.251873350143434,shared_residual,1.0,1.0,m_times_D_over_B
ax4-local-00172,8,1.0,11.251873350143434,shared_residual,2.0,2.0,m_times_D_over_B
ax4-local-00173,8,1.0,11.251873350143434,null_residual,,1.0,m_times_B
ax4-local-00173,8,1.0,11.251873350143434,present_renormalization,,2.0,2m_times_B
ax4-local-00173,8,1.0,11.251873350143434,shared_residual,0.25,0.25,m_times_D_over_B
ax4-local-00173,8,1.0,11.251873350143434,shared_residual,0.5,0.5,m_times_D_over_B
ax4-local-00173,8,1.0,11.251873350143434,shared_residual,1.0,1.0,m_times_D_over_B
ax4-local-00173,8,1.0,11.251873350143434,shared_residual,2.0,2.0,m_times_D_over_B
ax4-local-00174,8,1.0,11.251873350143434,null_residual,,1.0,m_times_B
ax4-local-00174,8,1.0,11.251873350143434,present_renormalization,,2.0,2m_times_B
ax4-local-00174,8,1.0,11.251873350143434,shared_residual,0.25,0.25,m_times_D_over_B
ax4-local-00174,8,1.0,11.251873350143434,shared_residual,0.5,0.5,m_times_D_over_B
ax4-local-00174,8,1.0,11.251873350143434,shared_residual,1.0,1.0,m_times_D_over_B
ax4-local-00174,8,1.0,11.251873350143434,shared_residual,2.0,2.0,m_times_D_over_B
ax4-local-00175,8,1.0,11.251873350143434,null_residual,,1.0,m_times_B
ax4-local-00175,8,1.0,11.251873350143434,present_renormalization,,2.0,2m_times_B
ax4-local-00175,8,1.0,11.251873350143434,shared_residual,0.25,0.25,m_times_D_over_B
ax4-local-00175,8,1.0,11.251873350143434,shared_residual,0.5,0.5,m_times_D_over_B
ax4-local-00175,8,1.0,11.251873350143434,shared_residual,1.0,1.0,m_times_D_over_B
ax4-local-00175,8,1.0,11.251873350143434,shared_residual,2.0,2.0,m_times_D_over_B
ax4-local-00176,8,1.0,11.251873350143434,null_residual,,1.0,m_times_B
ax4-local-00176,8,1.0,11.251873350143434,present_renormalization,,2.0,2m_times_B
ax4-local-00176,8,1.0,11.251873350143434,shared_residual,0.25,0.25,m_times_D_over_B
ax4-local-00176,8,1.0,11.251873350143434,shared_residual,0.5,0.5,m_times_D_over_B
ax4-local-00176,8,1.0,11.251873350143434,shared_residual,1.0,1.0,m_times_D_over_B
ax4-local-00176,8,1.0,11.251873350143434,shared_residual,2.0,2.0,m_times_D_over_B
ax4-local-00177,8,1.0,11.251873350143434,null_residual,,1.0,m_times_B
ax4-local-00177,8,1.0,11.251873350143434,present_renormalization,,2.0,2m_times_B
ax4-local-00177,8,1.0,11.251873350143434,shared_residual,0.25,0.25,m_times_D_over_B
ax4-local-00177,8,1.0,11.251873350143434,shared_residual,0.5,0.5,m_times_D_over_B
ax4-local-00177,8,1.0,11.251873350143434,shared_residual,1.0,1.0,m_times_D_over_B
ax4-local-00177,8,1.0,11.251873350143434,shared_residual,2.0,2.0,m_times_D_over_B
ax4-local-00178,8,1.0,11.251873350143434,null_residual,,1.0,m_times_B
ax4-local-00178,8,1.0,11.251873350143434,present_renormalization,,2.0,2m_times_B
ax4-local-00178,8,1.0,11.251873350143434,shared_residual,0.25,0.25,m_times_D_over_B
ax4-local-00178,8,1.0,11.251873350143434,shared_residual,0.5,0.5,m_times_D_over_B
ax4-local-00178,8,1.0,11.251873350143434,shared_residual,1.0,1.0,m_times_D_over_B
ax4-local-00178,8,1.0,11.251873350143434,shared_residual,2.0,2.0,m_times_D_over_B
ax4-local-00179,8,1.0,11.251873350143434,null_residual,,1.0,m_times_B
ax4-local-00179,8,1.0,11.251873350143434,present_renormalization,,2.0,2m_times_B
ax4-local-00179,8,1.0,11.251873350143434,shared_residual,0.25,0.25,m_times_D_over_B
ax4-local-00179,8,1.0,11.251873350143434,shared_residual,0.5,0.5,m_times_D_over_B
ax4-local-00179,8,1.0,11.251873350143434,shared_residual,1.0,1.0,m_times_D_over_B
ax4-local-00179,8,1.0,11.251873350143434,shared_residual,2.0,2.0,m_times_D_over_B
ax4-local-00180,8,1.0,11.251873350143434,null_residual,,1.0,m_times_B
ax4-local-00180,8,1.0,11.251873350143434,present_renormalization,,2.0,2m_times_B
ax4-local-00180,8,1.0,11.251873350143434,shared_residual,0.25,0.25,m_times_D_over_B
ax4-local-00180,8,1.0,11.251873350143434,shared_residual,0.5,0.5,m_times_D_over_B
ax4-local-00180,8,1.0,11.251873350143434,shared_residual,1.0,1.0,m_times_D_over_B
ax4-local-00180,8,1.0,11.251873350143434,shared_residual,2.0,2.0,m_times_D_over_B
ax4-local-00181,8,1.0,11.251873350143434,null_residual,,1.0,m_times_B
ax4-local-00181,8,1.0,11.251873350143434,present_renormalization,,2.0,2m_times_B
ax4-local-00181,8,1.0,11.251873350143434,shared_residual,0.25,0.25,m_times_D_over_B
ax4-local-00181,8,1.0,11.251873350143434,shared_residual,0.5,0.5,m_times_D_over_B
ax4-local-00181,8,1.0,11.251873350143434,shared_residual,1.0,1.0,m_times_D_over_B
ax4-local-00181,8,1.0,11.251873350143434,shared_residual,2.0,2.0,m_times_D_over_B
ax4-local-00182,8,1.0,11.251873350143434,null_residual,,1.0,m_times_B
ax4-local-00182,8,1.0,11.251873350143434,present_renormalization,,2.0,2m_times_B
ax4-local-00182,8,1.0,11.251873350143434,shared_residual,0.25,0.25,m_times_D_over_B
ax4-local-00182,8,1.0,11.251873350143434,shared_residual,0.5,0.5,m_times_D_over_B
ax4-local-00182,8,1.0,11.251873350143434,shared_residual,1.0,1.0,m_times_D_over_B
ax4-local-00182,8,1.0,11.251873350143434,shared_residual,2.0,2.0,m_times_D_over_B
ax4-local-00183,8,1.0,11.251873350143434,null_residual,,1.0,m_times_B
ax4-local-00183,8,1.0,11.251873350143434,present_renormalization,,2.0,2m_times_B
ax4-local-00183,8,1.0,11.251873350143434,shared_residual,0.25,0.25,m_times_D_over_B
ax4-local-00183,8,1.0,11.251873350143434,shared_residual,0.5,0.5,m_times_D_over_B
ax4-local-00183,8,1.0,11.251873350143434,shared_residual,1.0,1.0,m_times_D_over_B
ax4-local-00183,8,1.0,11.251873350143434,shared_residual,2.0,2.0,m_times_D_over_B
ax4-local-00184,8,1.0,11.251873350143434,null_residual,,1.0,m_times_B
ax4-local-00184,8,1.0,11.251873350143434,present_renormalization,,2.0,2m_times_B
ax4-local-00184,8,1.0,11.251873350143434,shared_residual,0.25,0.25,m_times_D_over_B
ax4-local-00184,8,1.0,11.251873350143434,shared_residual,0.5,0.5,m_times_D_over_B
ax4-local-00184,8,1.0,11.251873350143434,shared_residual,1.0,1.0,m_times_D_over_B
ax4-local-00184,8,1.0,11.251873350143434,shared_residual,2.0,2.0,m_times_D_over_B
ax4-local-00185,8,1.0,11.251873350143434,null_residual,,1.0,m_times_B
ax4-local-00185,8,1.0,11.251873350143434,present_renormalization,,2.0,2m_times_B
ax4-local-00185,8,1.0,11.251873350143434,shared_residual,0.25,0.25,m_times_D_over_B
ax4-local-00185,8,1.0,11.251873350143434,shared_residual,0.5,0.5,m_times_D_over_B
ax4-local-00185,8,1.0,11.251873350143434,shared_residual,1.0,1.0,m_times_D_over_B
ax4-local-00185,8,1.0,11.251873350143434,shared_residual,2.0,2.0,m_times_D_over_B
ax4-local-00186,8,1.0,11.251873350143434,null_residual,,1.0,m_times_B
ax4-local-00186,8,1.0,11.251873350143434,present_renormalization,,2.0,2m_times_B
ax4-local-00186,8,1.0,11.251873350143434,shared_residual,0.25,0.25,m_times_D_over_B
ax4-local-00186,8,1.0,11.251873350143434,shared_residual,0.5,0.5,m_times_D_over_B
ax4-local-00186,8,1.0,11.251873350143434,shared_residual,1.0,1.0,m_times_D_over_B
ax4-local-00186,8,1.0,11.251873350143434,shared_residual,2.0,2.0,m_times_D_over_B
ax4-local-00187,8,1.0,11.251873350143434,null_residual,,1.0,m_times_B
ax4-local-00187,8,1.0,11.251873350143434,present_renormalization,,2.0,2m_times_B
ax4-local-00187,8,1.0,11.251873350143434,shared_residual,0.25,0.25,m_times_D_over_B
ax4-local-00187,8,1.0,11.251873350143434,shared_residual,0.5,0.5,m_times_D_over_B
ax4-local-00187,8,1.0,11.251873350143434,shared_residual,1.0,1.0,m_times_D_over_B
ax4-local-00187,8,1.0,11.251873350143434,shared_residual,2.0,2.0,m_times_D_over_B
ax4-local-00188,8,1.0,11.251873350143434,null_residual,,1.0,m_times_B
ax4-local-00188,8,1.0,11.251873350143434,present_renormalization,,2.0,2m_times_B
ax4-local-00188,8,1.0,11.251873350143434,shared_residual,0.25,0.25,m_times_D_over_B
ax4-local-00188,8,1.0,11.251873350143434,shared_residual,0.5,0.5,m_times_D_over_B
ax4-local-00188,8,1.0,11.251873350143434,shared_residual,1.0,1.0,m_times_D_over_B
ax4-local-00188,8,1.0,11.251873350143434,shared_residual,2.0,2.0,m_times_D_over_B
ax4-local-00189,8,1.0,11.251873350143434,null_residual,,1.0,m_times_B
ax4-local-00189,8,1.0,11.251873350143434,present_renormalization,,2.0,2m_times_B
ax4-local-00189,8,1.0,11.251873350143434,shared_residual,0.25,0.25,m_times_D_over_B
ax4-local-00189,8,1.0,11.251873350143434,shared_residual,0.5,0.5,m_times_D_over_B
ax4-local-00189,8,1.0,11.251873350143434,shared_residual,1.0,1.0,m_times_D_over_B
ax4-local-00189,8,1.0,11.251873350143434,shared_residual,2.0,2.0,m_times_D_over_B
ax4-local-00190,8,1.0,11.251873350143434,null_residual,,1.0,m_times_B
ax4-local-00190,8,1.0,11.251873350143434,present_renormalization,,2.0,2m_times_B
ax4-local-00190,8,1.0,11.251873350143434,shared_residual,0.25,0.25,m_times_D_over_B
ax4-local-00190,8,1.0,11.251873350143434,shared_residual,0.5,0.5,m_times_D_over_B
ax4-local-00190,8,1.0,11.251873350143434,shared_residual,1.0,1.0,m_times_D_over_B
ax4-local-00190,8,1.0,11.251873350143434,shared_residual,2.0,2.0,m_times_D_over_B
ax4-local-00191,8,1.0,11.251873350143434,null_residual,,1.0,m_times_B
ax4-local-00191,8,1.0,11.251873350143434,present_renormalization,,2.0,2m_times_B
ax4-local-00191,8,1.0,11.251873350143434,shared_residual,0.25,0.25,m_times_D_over_B
ax4-local-00191,8,1.0,11.251873350143434,shared_residual,0.5,0.5,m_times_D_over_B
ax4-local-00191,8,1.0,11.251873350143434,shared_residual,1.0,1.0,m_times_D_over_B
ax4-local-00191,8,1.0,11.251873350143434,shared_residual,2.0,2.0,m_times_D_over_B
ax4-local-00192,8,1.0,11.251873350143434,null_residual,,1.0,m_times_B
ax4-local-00192,8,1.0,11.251873350143434,present_renormalization,,2.0,2m_times_B
ax4-local-00192,8,1.0,11.251873350143434,shared_residual,0.25,0.25,m_times_D_over_B
ax4-local-00192,8,1.0,11.251873350143434,shared_residual,0.5,0.5,m_times_D_over_B
ax4-local-00192,8,1.0,11.251873350143434,shared_residual,1.0,1.0,m_times_D_over_B
ax4-local-00192,8,1.0,11.251873350143434,shared_residual,2.0,2.0,m_times_D_over_B
ax4-local-00193,8,1.0,11.251873350143434,null_residual,,1.0,m_times_B
ax4-local-00193,8,1.0,11.251873350143434,present_renormalization,,2.0,2m_times_B
ax4-local-00193,8,1.0,11.251873350143434,shared_residual,0.25,0.25,m_times_D_over_B
ax4-local-00193,8,1.0,11.251873350143434,shared_residual,0.5,0.5,m_times_D_over_B
ax4-local-00193,8,1.0,11.251873350143434,shared_residual,1.0,1.0,m_times_D_over_B
ax4-local-00193,8,1.0,11.251873350143434,shared_residual,2.0,2.0,m_times_D_over_B
ax4-local-00194,8,1.0,11.251873350143434,null_residual,,1.0,m_times_B
ax4-local-00194,8,1.0,11.251873350143434,present_renormalization,,2.0,2m_times_B
ax4-local-00194,8,1.0,11.251873350143434,shared_residual,0.25,0.25,m_times_D_over_B
ax4-local-00194,8,1.0,11.251873350143434,shared_residual,0.5,0.5,m_times_D_over_B
ax4-local-00194,8,1.0,11.251873350143434,shared_residual,1.0,1.0,m_times_D_over_B
ax4-local-00194,8,1.0,11.251873350143434,shared_residual,2.0,2.0,m_times_D_over_B
ax4-local-00195,8,1.0,11.251873350143434,null_residual,,1.0,m_times_B
ax4-local-00195,8,1.0,11.251873350143434,present_renormalization,,2.0,2m_times_B
ax4-local-00195,8,1.0,11.251873350143434,shared_residual,0.25,0.25,m_times_D_over_B
ax4-local-00195,8,1.0,11.251873350143434,shared_residual,0.5,0.5,m_times_D_over_B
ax4-local-00195,8,1.0,11.251873350143434,shared_residual,1.0,1.0,m_times_D_over_B
ax4-local-00195,8,1.0,11.251873350143434,shared_residual,2.0,2.0,m_times_D_over_B
ax4-local-00196,8,1.0,11.251873350143434,null_residual,,1.0,m_times_B
ax4-local-00196,8,1.0,11.251873350143434,present_renormalization,,2.0,2m_times_B
ax4-local-00196,8,1.0,11.251873350143434,shared_residual,0.25,0.25,m_times_D_over_B
ax4-local-00196,8,1.0,11.251873350143434,shared_residual,0.5,0.5,m_times_D_over_B
ax4-local-00196,8,1.0,11.251873350143434,shared_residual,1.0,1.0,m_times_D_over_B
ax4-local-00196,8,1.0,11.251873350143434,shared_residual,2.0,2.0,m_times_D_over_B
ax4-local-00197,8,1.0,11.251873350143434,null_residual,,1.0,m_times_B
ax4-local-00197,8,1.0,11.251873350143434,present_renormalization,,2.0,2m_times_B
ax4-local-00197,8,1.0,11.251873350143434,shared_residual,0.25,0.25,m_times_D_over_B
ax4-local-00197,8,1.0,11.251873350143434,shared_residual,0.5,0.5,m_times_D_over_B
ax4-local-00197,8,1.0,11.251873350143434,shared_residual,1.0,1.0,m_times_D_over_B
ax4-local-00197,8,1.0,11.251873350143434,shared_residual,2.0,2.0,m_times_D_over_B
ax4-local-00198,8,1.0,11.251873350143434,null_residual,,1.0,m_times_B
ax4-local-00198,8,1.0,11.251873350143434,present_renormalization,,2.0,2m_times_B
ax4-local-00198,8,1.0,11.251873350143434,shared_residual,0.25,0.25,m_times_D_over_B
ax4-local-00198,8,1.0,11.251873350143434,shared_residual,0.5,0.5,m_times_D_over_B
ax4-local-00198,8,1.0,11.251873350143434,shared_residual,1.0,1.0,m_times_D_over_B
ax4-local-00198,8,1.0,11.251873350143434,shared_residual,2.0,2.0,m_times_D_over_B
ax4-local-00199,8,1.0,11.251873350143434,null_residual,,1.0,m_times_B
ax4-local-00199,8,1.0,11.251873350143434,present_renormalization,,2.0,2m_times_B
ax4-local-00199,8,1.0,11.251873350143434,shared_residual,0.25,0.25,m_times_D_over_B
ax4-local-00199,8,1.0,11.251873350143434,shared_residual,0.5,0.5,m_times_D_over_B
ax4-local-00199,8,1.0,11.251873350143434,shared_residual,1.0,1.0,m_times_D_over_B
ax4-local-00199,8,1.0,11.251873350143434,shared_residual,2.0,2.0,m_times_D_over_B
ax4-local-00200,8,1.0,11.251873350143434,null_residual,,1.0,m_times_B
ax4-local-00200,8,1.0,11.251873350143434,present_renormalization,,2.0,2m_times_B
ax4-local-00200,8,1.0,11.251873350143434,shared_residual,0.25,0.25,m_times_D_over_B
ax4-local-00200,8,1.0,11.251873350143434,shared_residual,0.5,0.5,m_times_D_over_B
ax4-local-00200,8,1.0,11.251873350143434,shared_residual,1.0,1.0,m_times_D_over_B
ax4-local-00200,8,1.0,11.251873350143434,shared_residual,2.0,2.0,m_times_D_over_B
ax4-local-00201,8,1.0,11.251873350143434,null_residual,,1.0,m_times_B
ax4-local-00201,8,1.0,11.251873350143434,present_renormalization,,2.0,2m_times_B
ax4-local-00201,8,1.0,11.251873350143434,shared_residual,0.25,0.25,m_times_D_over_B
ax4-local-00201,8,1.0,11.251873350143434,shared_residual,0.5,0.5,m_times_D_over_B
ax4-local-00201,8,1.0,11.251873350143434,shared_residual,1.0,1.0,m_times_D_over_B
ax4-local-00201,8,1.0,11.251873350143434,shared_residual,2.0,2.0,m_times_D_over_B
ax4-local-00202,8,1.0,11.251873350143434,null_residual,,1.0,m_times_B
ax4-local-00202,8,1.0,11.251873350143434,present_renormalization,,2.0,2m_times_B
ax4-local-00202,8,1.0,11.251873350143434,shared_residual,0.25,0.25,m_times_D_over_B
ax4-local-00202,8,1.0,11.251873350143434,shared_residual,0.5,0.5,m_times_D_over_B
ax4-local-00202,8,1.0,11.251873350143434,shared_residual,1.0,1.0,m_times_D_over_B
ax4-local-00202,8,1.0,11.251873350143434,shared_residual,2.0,2.0,m_times_D_over_B
ax4-local-00203,8,1.0,11.251873350143434,null_residual,,1.0,m_times_B
ax4-local-00203,8,1.0,11.251873350143434,present_renormalization,,2.0,2m_times_B
ax4-local-00203,8,1.0,11.251873350143434,shared_residual,0.25,0.25,m_times_D_over_B
ax4-local-00203,8,1.0,11.251873350143434,shared_residual,0.5,0.5,m_times_D_over_B
ax4-local-00203,8,1.0,11.251873350143434,shared_residual,1.0,1.0,m_times_D_over_B
ax4-local-00203,8,1.0,11.251873350143434,shared_residual,2.0,2.0,m_times_D_over_B
ax4-local-00204,8,1.0,11.251873350143434,null_residual,,1.0,m_times_B
ax4-local-00204,8,1.0,11.251873350143434,present_renormalization,,2.0,2m_times_B
ax4-local-00204,8,1.0,11.251873350143434,shared_residual,0.25,0.25,m_times_D_over_B
ax4-local-00204,8,1.0,11.251873350143434,shared_residual,0.5,0.5,m_times_D_over_B
ax4-local-00204,8,1.0,11.251873350143434,shared_residual,1.0,1.0,m_times_D_over_B
ax4-local-00204,8,1.0,11.251873350143434,shared_residual,2.0,2.0,m_times_D_over_B
ax4-local-00205,8,1.0,11.251873350143434,null_residual,,1.0,m_times_B
ax4-local-00205,8,1.0,11.251873350143434,present_renormalization,,2.0,2m_times_B
ax4-local-00205,8,1.0,11.251873350143434,shared_residual,0.25,0.25,m_times_D_over_B
ax4-local-00205,8,1.0,11.251873350143434,shared_residual,0.5,0.5,m_times_D_over_B
ax4-local-00205,8,1.0,11.251873350143434,shared_residual,1.0,1.0,m_times_D_over_B
ax4-local-00205,8,1.0,11.251873350143434,shared_residual,2.0,2.0,m_times_D_over_B
ax4-local-00206,8,1.0,11.251873350143434,null_residual,,1.0,m_times_B
ax4-local-00206,8,1.0,11.251873350143434,present_renormalization,,2.0,2m_times_B
ax4-local-00206,8,1.0,11.251873350143434,shared_residual,0.25,0.25,m_times_D_over_B
ax4-local-00206,8,1.0,11.251873350143434,shared_residual,0.5,0.5,m_times_D_over_B
ax4-local-00206,8,1.0,11.251873350143434,shared_residual,1.0,1.0,m_times_D_over_B
ax4-local-00206,8,1.0,11.251873350143434,shared_residual,2.0,2.0,m_times_D_over_B
ax4-local-00207,8,1.0,11.251873350143434,null_residual,,1.0,m_times_B
ax4-local-00207,8,1.0,11.251873350143434,present_renormalization,,2.0,2m_times_B
ax4-local-00207,8,1.0,11.251873350143434,shared_residual,0.25,0.25,m_times_D_over_B
ax4-local-00207,8,1.0,11.251873350143434,shared_residual,0.5,0.5,m_times_D_over_B
ax4-local-00207,8,1.0,11.251873350143434,shared_residual,1.0,1.0,m_times_D_over_B
ax4-local-00207,8,1.0,11.251873350143434,shared_residual,2.0,2.0,m_times_D_over_B
ax4-local-00208,8,1.0,11.251873350143434,null_residual,,1.0,m_times_B
ax4-local-00208,8,1.0,11.251873350143434,present_renormalization,,2.0,2m_times_B
ax4-local-00208,8,1.0,11.251873350143434,shared_residual,0.25,0.25,m_times_D_over_B
ax4-local-00208,8,1.0,11.251873350143434,shared_residual,0.5,0.5,m_times_D_over_B
ax4-local-00208,8,1.0,11.251873350143434,shared_residual,1.0,1.0,m_times_D_over_B
ax4-local-00208,8,1.0,11.251873350143434,shared_residual,2.0,2.0,m_times_D_over_B
ax4-local-00209,8,1.0,11.251873350143434,null_residual,,1.0,m_times_B
ax4-local-00209,8,1.0,11.251873350143434,present_renormalization,,2.0,2m_times_B
ax4-local-00209,8,1.0,11.251873350143434,shared_residual,0.25,0.25,m_times_D_over_B
ax4-local-00209,8,1.0,11.251873350143434,shared_residual,0.5,0.5,m_times_D_over_B
ax4-local-00209,8,1.0,11.251873350143434,shared_residual,1.0,1.0,m_times_D_over_B
ax4-local-00209,8,1.0,11.251873350143434,shared_residual,2.0,2.0,m_times_D_over_B
ax4-local-00210,8,1.0,11.251873350143434,null_residual,,1.0,m_times_B
ax4-local-00210,8,1.0,11.251873350143434,present_renormalization,,2.0,2m_times_B
ax4-local-00210,8,1.0,11.251873350143434,shared_residual,0.25,0.25,m_times_D_over_B
ax4-local-00210,8,1.0,11.251873350143434,shared_residual,0.5,0.5,m_times_D_over_B
ax4-local-00210,8,1.0,11.251873350143434,shared_residual,1.0,1.0,m_times_D_over_B
ax4-local-00210,8,1.0,11.251873350143434,shared_residual,2.0,2.0,m_times_D_over_B
ax4-local-00211,8,1.0,11.251873350143434,null_residual,,1.0,m_times_B
ax4-local-00211,8,1.0,11.251873350143434,present_renormalization,,2.0,2m_times_B
ax4-local-00211,8,1.0,11.251873350143434,shared_residual,0.25,0.25,m_times_D_over_B
ax4-local-00211,8,1.0,11.251873350143434,shared_residual,0.5,0.5,m_times_D_over_B
ax4-local-00211,8,1.0,11.251873350143434,shared_residual,1.0,1.0,m_times_D_over_B
ax4-local-00211,8,1.0,11.251873350143434,shared_residual,2.0,2.0,m_times_D_over_B
ax4-local-00212,8,1.0,11.251873350143434,null_residual,,1.0,m_times_B
ax4-local-00212,8,1.0,11.251873350143434,present_renormalization,,2.0,2m_times_B
ax4-local-00212,8,1.0,11.251873350143434,shared_residual,0.25,0.25,m_times_D_over_B
ax4-local-00212,8,1.0,11.251873350143434,shared_residual,0.5,0.5,m_times_D_over_B
ax4-local-00212,8,1.0,11.251873350143434,shared_residual,1.0,1.0,m_times_D_over_B
ax4-local-00212,8,1.0,11.251873350143434,shared_residual,2.0,2.0,m_times_D_over_B
ax4-local-00213,8,1.0,11.251873350143434,null_residual,,1.0,m_times_B
ax4-local-00213,8,1.0,11.251873350143434,present_renormalization,,2.0,2m_times_B
ax4-local-00213,8,1.0,11.251873350143434,shared_residual,0.25,0.25,m_times_D_over_B
ax4-local-00213,8,1.0,11.251873350143434,shared_residual,0.5,0.5,m_times_D_over_B
ax4-local-00213,8,1.0,11.251873350143434,shared_residual,1.0,1.0,m_times_D_over_B
ax4-local-00213,8,1.0,11.251873350143434,shared_residual,2.0,2.0,m_times_D_over_B
ax4-local-00214,8,1.0,11.251873350143434,null_residual,,1.0,m_times_B
ax4-local-00214,8,1.0,11.251873350143434,present_renormalization,,2.0,2m_times_B
ax4-local-00214,8,1.0,11.251873350143434,shared_residual,0.25,0.25,m_times_D_over_B
ax4-local-00214,8,1.0,11.251873350143434,shared_residual,0.5,0.5,m_times_D_over_B
ax4-local-00214,8,1.0,11.251873350143434,shared_residual,1.0,1.0,m_times_D_over_B
ax4-local-00214,8,1.0,11.251873350143434,shared_residual,2.0,2.0,m_times_D_over_B
ax4-local-00215,8,1.0,11.251873350143434,null_residual,,1.0,m_times_B
ax4-local-00215,8,1.0,11.251873350143434,present_renormalization,,2.0,2m_times_B
ax4-local-00215,8,1.0,11.251873350143434,shared_residual,0.25,0.25,m_times_D_over_B
ax4-local-00215,8,1.0,11.251873350143434,shared_residual,0.5,0.5,m_times_D_over_B
ax4-local-00215,8,1.0,11.251873350143434,shared_residual,1.0,1.0,m_times_D_over_B
ax4-local-00215,8,1.0,11.251873350143434,shared_residual,2.0,2.0,m_times_D_over_B
ax4-local-00216,8,1.0,11.251873350143434,null_residual,,1.0,m_times_B
ax4-local-00216,8,1.0,11.251873350143434,present_renormalization,,2.0,2m_times_B
ax4-local-00216,8,1.0,11.251873350143434,shared_residual,0.25,0.25,m_times_D_over_B
ax4-local-00216,8,1.0,11.251873350143434,shared_residual,0.5,0.5,m_times_D_over_B
ax4-local-00216,8,1.0,11.251873350143434,shared_residual,1.0,1.0,m_times_D_over_B
ax4-local-00216,8,1.0,11.251873350143434,shared_residual,2.0,2.0,m_times_D_over_B
ax4-local-00217,8,1.0,11.251873350143434,null_residual,,1.0,m_times_B
ax4-local-00217,8,1.0,11.251873350143434,present_renormalization,,2.0,2m_times_B
ax4-local-00217,8,1.0,11.251873350143434,shared_residual,0.25,0.25,m_times_D_over_B
ax4-local-00217,8,1.0,11.251873350143434,shared_residual,0.5,0.5,m_times_D_over_B
ax4-local-00217,8,1.0,11.251873350143434,shared_residual,1.0,1.0,m_times_D_over_B
ax4-local-00217,8,1.0,11.251873350143434,shared_residual,2.0,2.0,m_times_D_over_B
ax4-local-00218,8,1.0,11.251873350143434,null_residual,,1.0,m_times_B
ax4-local-00218,8,1.0,11.251873350143434,present_renormalization,,2.0,2m_times_B
ax4-local-00218,8,1.0,11.251873350143434,shared_residual,0.25,0.25,m_times_D_over_B
ax4-local-00218,8,1.0,11.251873350143434,shared_residual,0.5,0.5,m_times_D_over_B
ax4-local-00218,8,1.0,11.251873350143434,shared_residual,1.0,1.0,m_times_D_over_B
ax4-local-00218,8,1.0,11.251873350143434,shared_residual,2.0,2.0,m_times_D_over_B
ax4-local-00219,8,1.0,11.251873350143434,null_residual,,1.0,m_times_B
ax4-local-00219,8,1.0,11.251873350143434,present_renormalization,,2.0,2m_times_B
ax4-local-00219,8,1.0,11.251873350143434,shared_residual,0.25,0.25,m_times_D_over_B
ax4-local-00219,8,1.0,11.251873350143434,shared_residual,0.5,0.5,m_times_D_over_B
ax4-local-00219,8,1.0,11.251873350143434,shared_residual,1.0,1.0,m_times_D_over_B
ax4-local-00219,8,1.0,11.251873350143434,shared_residual,2.0,2.0,m_times_D_over_B
ax4-local-00220,8,1.0,11.251873350143434,null_residual,,1.0,m_times_B
ax4-local-00220,8,1.0,11.251873350143434,present_renormalization,,2.0,2m_times_B
ax4-local-00220,8,1.0,11.251873350143434,shared_residual,0.25,0.25,m_times_D_over_B
ax4-local-00220,8,1.0,11.251873350143434,shared_residual,0.5,0.5,m_times_D_over_B
ax4-local-00220,8,1.0,11.251873350143434,shared_residual,1.0,1.0,m_times_D_over_B
ax4-local-00220,8,1.0,11.251873350143434,shared_residual,2.0,2.0,m_times_D_over_B
ax4-local-00221,8,0.8083302617029119,11.251873350143434,null_residual,,0.8083302617029119,m_times_B
ax4-local-00221,8,0.8083302617029119,11.251873350143434,present_renormalization,,1.6166605234058238,2m_times_B
ax4-local-00221,8,0.8083302617029119,11.251873350143434,shared_residual,0.25,0.20208256542572797,m_times_D_over_B
ax4-local-00221,8,0.8083302617029119,11.251873350143434,shared_residual,0.5,0.40416513085145594,m_times_D_over_B
ax4-local-00221,8,0.8083302617029119,11.251873350143434,shared_residual,1.0,0.8083302617029119,m_times_D_over_B
ax4-local-00221,8,0.8083302617029119,11.251873350143434,shared_residual,2.0,1.6166605234058238,m_times_D_over_B
ax4-local-00222,8,1.0,11.251873350143434,null_residual,,1.0,m_times_B
ax4-local-00222,8,1.0,11.251873350143434,present_renormalization,,2.0,2m_times_B
ax4-local-00222,8,1.0,11.251873350143434,shared_residual,0.25,0.25,m_times_D_over_B
ax4-local-00222,8,1.0,11.251873350143434,shared_residual,0.5,0.5,m_times_D_over_B
ax4-local-00222,8,1.0,11.251873350143434,shared_residual,1.0,1.0,m_times_D_over_B
ax4-local-00222,8,1.0,11.251873350143434,shared_residual,2.0,2.0,m_times_D_over_B
ax4-local-00223,8,1.0,11.251873350143434,null_residual,,1.0,m_times_B
ax4-local-00223,8,1.0,11.251873350143434,present_renormalization,,2.0,2m_times_B
ax4-local-00223,8,1.0,11.251873350143434,shared_residual,0.25,0.25,m_times_D_over_B
ax4-local-00223,8,1.0,11.251873350143434,shared_residual,0.5,0.5,m_times_D_over_B
ax4-local-00223,8,1.0,11.251873350143434,shared_residual,1.0,1.0,m_times_D_over_B
ax4-local-00223,8,1.0,11.251873350143434,shared_residual,2.0,2.0,m_times_D_over_B
ax4-local-00224,8,0.8083302617029119,11.251873350143434,null_residual,,0.8083302617029119,m_times_B
ax4-local-00224,8,0.8083302617029119,11.251873350143434,present_renormalization,,1.6166605234058238,2m_times_B
ax4-local-00224,8,0.8083302617029119,11.251873350143434,shared_residual,0.25,0.20208256542572797,m_times_D_over_B
ax4-local-00224,8,0.8083302617029119,11.251873350143434,shared_residual,0.5,0.40416513085145594,m_times_D_over_B
ax4-local-00224,8,0.8083302617029119,11.251873350143434,shared_residual,1.0,0.8083302617029119,m_times_D_over_B
ax4-local-00224,8,0.8083302617029119,11.251873350143434,shared_residual,2.0,1.6166605234058238,m_times_D_over_B
ax4-local-00225,8,0.4982224479431183,11.251873350143434,null_residual,,0.4982224479431183,m_times_B
ax4-local-00225,8,0.4982224479431183,11.251873350143434,present_renormalization,,0.9964448958862366,2m_times_B
ax4-local-00225,8,0.4982224479431183,11.251873350143434,shared_residual,0.25,0.12455561198577958,m_times_D_over_B
ax4-local-00225,8,0.4982224479431183,11.251873350143434,shared_residual,0.5,0.24911122397155916,m_times_D_over_B
ax4-local-00225,8,0.4982224479431183,11.251873350143434,shared_residual,1.0,0.4982224479431183,m_times_D_over_B
ax4-local-00225,8,0.4982224479431183,11.251873350143434,shared_residual,2.0,0.9964448958862366,m_times_D_over_B
ax4-local-00226,8,1.0,11.251873350143434,null_residual,,1.0,m_times_B
ax4-local-00226,8,1.0,11.251873350143434,present_renormalization,,2.0,2m_times_B
ax4-local-00226,8,1.0,11.251873350143434,shared_residual,0.25,0.25,m_times_D_over_B
ax4-local-00226,8,1.0,11.251873350143434,shared_residual,0.5,0.5,m_times_D_over_B
ax4-local-00226,8,1.0,11.251873350143434,shared_residual,1.0,1.0,m_times_D_over_B
ax4-local-00226,8,1.0,11.251873350143434,shared_residual,2.0,2.0,m_times_D_over_B
ax4-local-00227,8,0.8083302617029119,11.251873350143434,null_residual,,0.8083302617029119,m_times_B
ax4-local-00227,8,0.8083302617029119,11.251873350143434,present_renormalization,,1.6166605234058238,2m_times_B
ax4-local-00227,8,0.8083302617029119,11.251873350143434,shared_residual,0.25,0.20208256542572797,m_times_D_over_B
ax4-local-00227,8,0.8083302617029119,11.251873350143434,shared_residual,0.5,0.40416513085145594,m_times_D_over_B
ax4-local-00227,8,0.8083302617029119,11.251873350143434,shared_residual,1.0,0.8083302617029119,m_times_D_over_B
ax4-local-00227,8,0.8083302617029119,11.251873350143434,shared_residual,2.0,1.6166605234058238,m_times_D_over_B
ax4-local-00228,8,0.4982224479431183,11.251873350143434,null_residual,,0.4982224479431183,m_times_B
ax4-local-00228,8,0.4982224479431183,11.251873350143434,present_renormalization,,0.9964448958862366,2m_times_B
ax4-local-00228,8,0.4982224479431183,11.251873350143434,shared_residual,0.25,0.12455561198577958,m_times_D_over_B
ax4-local-00228,8,0.4982224479431183,11.251873350143434,shared_residual,0.5,0.24911122397155916,m_times_D_over_B
ax4-local-00228,8,0.4982224479431183,11.251873350143434,shared_residual,1.0,0.4982224479431183,m_times_D_over_B
ax4-local-00228,8,0.4982224479431183,11.251873350143434,shared_residual,2.0,0.9964448958862366,m_times_D_over_B
ax4-local-00229,8,0.16563658838071693,11.251873350143434,null_residual,,0.16563658838071693,m_times_B
ax4-local-00229,8,0.16563658838071693,11.251873350143434,present_renormalization,,0.33127317676143386,2m_times_B
ax4-local-00229,8,0.16563658838071693,11.251873350143434,shared_residual,0.25,0.04140914709517923,m_times_D_over_B
ax4-local-00229,8,0.16563658838071693,11.251873350143434,shared_residual,0.5,0.08281829419035847,m_times_D_over_B
ax4-local-00229,8,0.16563658838071693,11.251873350143434,shared_residual,1.0,0.16563658838071693,m_times_D_over_B
ax4-local-00229,8,0.16563658838071693,11.251873350143434,shared_residual,2.0,0.33127317676143386,m_times_D_over_B
ax4-local-00230,8,1.0,11.251873350143434,null_residual,,1.0,m_times_B
ax4-local-00230,8,1.0,11.251873350143434,present_renormalization,,2.0,2m_times_B
ax4-local-00230,8,1.0,11.251873350143434,shared_residual,0.25,0.25,m_times_D_over_B
ax4-local-00230,8,1.0,11.251873350143434,shared_residual,0.5,0.5,m_times_D_over_B
ax4-local-00230,8,1.0,11.251873350143434,shared_residual,1.0,1.0,m_times_D_over_B
ax4-local-00230,8,1.0,11.251873350143434,shared_residual,2.0,2.0,m_times_D_over_B
ax4-local-00231,8,0.4982224479431183,11.251873350143434,null_residual,,0.4982224479431183,m_times_B
ax4-local-00231,8,0.4982224479431183,11.251873350143434,present_renormalization,,0.9964448958862366,2m_times_B
ax4-local-00231,8,0.4982224479431183,11.251873350143434,shared_residual,0.25,0.12455561198577958,m_times_D_over_B
ax4-local-00231,8,0.4982224479431183,11.251873350143434,shared_residual,0.5,0.24911122397155916,m_times_D_over_B
ax4-local-00231,8,0.4982224479431183,11.251873350143434,shared_residual,1.0,0.4982224479431183,m_times_D_over_B
ax4-local-00231,8,0.4982224479431183,11.251873350143434,shared_residual,2.0,0.9964448958862366,m_times_D_over_B
ax4-local-00232,8,0.16563658838071693,11.251873350143434,null_residual,,0.16563658838071693,m_times_B
ax4-local-00232,8,0.16563658838071693,11.251873350143434,present_renormalization,,0.33127317676143386,2m_times_B
ax4-local-00232,8,0.16563658838071693,11.251873350143434,shared_residual,0.25,0.04140914709517923,m_times_D_over_B
ax4-local-00232,8,0.16563658838071693,11.251873350143434,shared_residual,0.5,0.08281829419035847,m_times_D_over_B
ax4-local-00232,8,0.16563658838071693,11.251873350143434,shared_residual,1.0,0.16563658838071693,m_times_D_over_B
ax4-local-00232,8,0.16563658838071693,11.251873350143434,shared_residual,2.0,0.33127317676143386,m_times_D_over_B
ax4-local-00233,8,2.220446049250313e-16,11.251873350143434,null_residual,,2.220446049250313e-16,m_times_B
ax4-local-00233,8,2.220446049250313e-16,11.251873350143434,present_renormalization,,4.440892098500626e-16,2m_times_B
ax4-local-00233,8,2.220446049250313e-16,11.251873350143434,shared_residual,0.25,5.551115123125783e-17,m_times_D_over_B
ax4-local-00233,8,2.220446049250313e-16,11.251873350143434,shared_residual,0.5,1.1102230246251565e-16,m_times_D_over_B
ax4-local-00233,8,2.220446049250313e-16,11.251873350143434,shared_residual,1.0,2.220446049250313e-16,m_times_D_over_B
ax4-local-00233,8,2.220446049250313e-16,11.251873350143434,shared_residual,2.0,4.440892098500626e-16,m_times_D_over_B
ax4-local-00234,8,1.0,11.251873350143434,null_residual,,1.0,m_times_B
ax4-local-00234,8,1.0,11.251873350143434,present_renormalization,,2.0,2m_times_B
ax4-local-00234,8,1.0,11.251873350143434,shared_residual,0.25,0.25,m_times_D_over_B
ax4-local-00234,8,1.0,11.251873350143434,shared_residual,0.5,0.5,m_times_D_over_B
ax4-local-00234,8,1.0,11.251873350143434,shared_residual,1.0,1.0,m_times_D_over_B
ax4-local-00234,8,1.0,11.251873350143434,shared_residual,2.0,2.0,m_times_D_over_B
ax4-local-00235,8,1.0,11.251873350143434,null_residual,,1.0,m_times_B
ax4-local-00235,8,1.0,11.251873350143434,present_renormalization,,2.0,2m_times_B
ax4-local-00235,8,1.0,11.251873350143434,shared_residual,0.25,0.25,m_times_D_over_B
ax4-local-00235,8,1.0,11.251873350143434,shared_residual,0.5,0.5,m_times_D_over_B
ax4-local-00235,8,1.0,11.251873350143434,shared_residual,1.0,1.0,m_times_D_over_B
ax4-local-00235,8,1.0,11.251873350143434,shared_residual,2.0,2.0,m_times_D_over_B
ax4-local-00236,8,1.0,11.251873350143434,null_residual,,1.0,m_times_B
ax4-local-00236,8,1.0,11.251873350143434,present_renormalization,,2.0,2m_times_B
ax4-local-00236,8,1.0,11.251873350143434,shared_residual,0.25,0.25,m_times_D_over_B
ax4-local-00236,8,1.0,11.251873350143434,shared_residual,0.5,0.5,m_times_D_over_B
ax4-local-00236,8,1.0,11.251873350143434,shared_residual,1.0,1.0,m_times_D_over_B
ax4-local-00236,8,1.0,11.251873350143434,shared_residual,2.0,2.0,m_times_D_over_B
ax4-local-00237,8,1.0,11.251873350143434,null_residual,,1.0,m_times_B
ax4-local-00237,8,1.0,11.251873350143434,present_renormalization,,2.0,2m_times_B
ax4-local-00237,8,1.0,11.251873350143434,shared_residual,0.25,0.25,m_times_D_over_B
ax4-local-00237,8,1.0,11.251873350143434,shared_residual,0.5,0.5,m_times_D_over_B
ax4-local-00237,8,1.0,11.251873350143434,shared_residual,1.0,1.0,m_times_D_over_B
ax4-local-00237,8,1.0,11.251873350143434,shared_residual,2.0,2.0,m_times_D_over_B
ax4-local-00238,8,1.0,11.251873350143434,null_residual,,1.0,m_times_B
ax4-local-00238,8,1.0,11.251873350143434,present_renormalization,,2.0,2m_times_B
ax4-local-00238,8,1.0,11.251873350143434,shared_residual,0.25,0.25,m_times_D_over_B
ax4-local-00238,8,1.0,11.251873350143434,shared_residual,0.5,0.5,m_times_D_over_B
ax4-local-00238,8,1.0,11.251873350143434,shared_residual,1.0,1.0,m_times_D_over_B
ax4-local-00238,8,1.0,11.251873350143434,shared_residual,2.0,2.0,m_times_D_over_B
ax4-local-00239,8,1.0,11.251873350143434,null_residual,,1.0,m_times_B
ax4-local-00239,8,1.0,11.251873350143434,present_renormalization,,2.0,2m_times_B
ax4-local-00239,8,1.0,11.251873350143434,shared_residual,0.25,0.25,m_times_D_over_B
ax4-local-00239,8,1.0,11.251873350143434,shared_residual,0.5,0.5,m_times_D_over_B
ax4-local-00239,8,1.0,11.251873350143434,shared_residual,1.0,1.0,m_times_D_over_B
ax4-local-00239,8,1.0,11.251873350143434,shared_residual,2.0,2.0,m_times_D_over_B
ax4-local-00240,8,1.0,11.251873350143434,null_residual,,1.0,m_times_B
ax4-local-00240,8,1.0,11.251873350143434,present_renormalization,,2.0,2m_times_B
ax4-local-00240,8,1.0,11.251873350143434,shared_residual,0.25,0.25,m_times_D_over_B
ax4-local-00240,8,1.0,11.251873350143434,shared_residual,0.5,0.5,m_times_D_over_B
ax4-local-00240,8,1.0,11.251873350143434,shared_residual,1.0,1.0,m_times_D_over_B
ax4-local-00240,8,1.0,11.251873350143434,shared_residual,2.0,2.0,m_times_D_over_B
ax4-local-00241,8,1.0,11.251873350143434,null_residual,,1.0,m_times_B
ax4-local-00241,8,1.0,11.251873350143434,present_renormalization,,2.0,2m_times_B
ax4-local-00241,8,1.0,11.251873350143434,shared_residual,0.25,0.25,m_times_D_over_B
ax4-local-00241,8,1.0,11.251873350143434,shared_residual,0.5,0.5,m_times_D_over_B
ax4-local-00241,8,1.0,11.251873350143434,shared_residual,1.0,1.0,m_times_D_over_B
ax4-local-00241,8,1.0,11.251873350143434,shared_residual,2.0,2.0,m_times_D_over_B
ax4-local-00242,8,1.0,11.251873350143434,null_residual,,1.0,m_times_B
ax4-local-00242,8,1.0,11.251873350143434,present_renormalization,,2.0,2m_times_B
ax4-local-00242,8,1.0,11.251873350143434,shared_residual,0.25,0.25,m_times_D_over_B
ax4-local-00242,8,1.0,11.251873350143434,shared_residual,0.5,0.5,m_times_D_over_B
ax4-local-00242,8,1.0,11.251873350143434,shared_residual,1.0,1.0,m_times_D_over_B
ax4-local-00242,8,1.0,11.251873350143434,shared_residual,2.0,2.0,m_times_D_over_B
ax4-local-00243,8,1.0,11.251873350143434,null_residual,,1.0,m_times_B
ax4-local-00243,8,1.0,11.251873350143434,present_renormalization,,2.0,2m_times_B
ax4-local-00243,8,1.0,11.251873350143434,shared_residual,0.25,0.25,m_times_D_over_B
ax4-local-00243,8,1.0,11.251873350143434,shared_residual,0.5,0.5,m_times_D_over_B
ax4-local-00243,8,1.0,11.251873350143434,shared_residual,1.0,1.0,m_times_D_over_B
ax4-local-00243,8,1.0,11.251873350143434,shared_residual,2.0,2.0,m_times_D_over_B
ax4-local-00244,8,1.0,11.251873350143434,null_residual,,1.0,m_times_B
ax4-local-00244,8,1.0,11.251873350143434,present_renormalization,,2.0,2m_times_B
ax4-local-00244,8,1.0,11.251873350143434,shared_residual,0.25,0.25,m_times_D_over_B
ax4-local-00244,8,1.0,11.251873350143434,shared_residual,0.5,0.5,m_times_D_over_B
ax4-local-00244,8,1.0,11.251873350143434,shared_residual,1.0,1.0,m_times_D_over_B
ax4-local-00244,8,1.0,11.251873350143434,shared_residual,2.0,2.0,m_times_D_over_B
ax4-local-00245,8,1.0,11.251873350143434,null_residual,,1.0,m_times_B
ax4-local-00245,8,1.0,11.251873350143434,present_renormalization,,2.0,2m_times_B
ax4-local-00245,8,1.0,11.251873350143434,shared_residual,0.25,0.25,m_times_D_over_B
ax4-local-00245,8,1.0,11.251873350143434,shared_residual,0.5,0.5,m_times_D_over_B
ax4-local-00245,8,1.0,11.251873350143434,shared_residual,1.0,1.0,m_times_D_over_B
ax4-local-00245,8,1.0,11.251873350143434,shared_residual,2.0,2.0,m_times_D_over_B
ax4-local-00246,8,1.0,11.251873350143434,null_residual,,1.0,m_times_B
ax4-local-00246,8,1.0,11.251873350143434,present_renormalization,,2.0,2m_times_B
ax4-local-00246,8,1.0,11.251873350143434,shared_residual,0.25,0.25,m_times_D_over_B
ax4-local-00246,8,1.0,11.251873350143434,shared_residual,0.5,0.5,m_times_D_over_B
ax4-local-00246,8,1.0,11.251873350143434,shared_residual,1.0,1.0,m_times_D_over_B
ax4-local-00246,8,1.0,11.251873350143434,shared_residual,2.0,2.0,m_times_D_over_B
ax4-local-00247,8,1.0,11.251873350143434,null_residual,,1.0,m_times_B
ax4-local-00247,8,1.0,11.251873350143434,present_renormalization,,2.0,2m_times_B
ax4-local-00247,8,1.0,11.251873350143434,shared_residual,0.25,0.25,m_times_D_over_B
ax4-local-00247,8,1.0,11.251873350143434,shared_residual,0.5,0.5,m_times_D_over_B
ax4-local-00247,8,1.0,11.251873350143434,shared_residual,1.0,1.0,m_times_D_over_B
ax4-local-00247,8,1.0,11.251873350143434,shared_residual,2.0,2.0,m_times_D_over_B
ax4-local-00248,8,1.0,11.251873350143434,null_residual,,1.0,m_times_B
ax4-local-00248,8,1.0,11.251873350143434,present_renormalization,,2.0,2m_times_B
ax4-local-00248,8,1.0,11.251873350143434,shared_residual,0.25,0.25,m_times_D_over_B
ax4-local-00248,8,1.0,11.251873350143434,shared_residual,0.5,0.5,m_times_D_over_B
ax4-local-00248,8,1.0,11.251873350143434,shared_residual,1.0,1.0,m_times_D_over_B
ax4-local-00248,8,1.0,11.251873350143434,shared_residual,2.0,2.0,m_times_D_over_B
ax4-local-00249,8,1.0,11.251873350143434,null_residual,,1.0,m_times_B
ax4-local-00249,8,1.0,11.251873350143434,present_renormalization,,2.0,2m_times_B
ax4-local-00249,8,1.0,11.251873350143434,shared_residual,0.25,0.25,m_times_D_over_B
ax4-local-00249,8,1.0,11.251873350143434,shared_residual,0.5,0.5,m_times_D_over_B
ax4-local-00249,8,1.0,11.251873350143434,shared_residual,1.0,1.0,m_times_D_over_B
ax4-local-00249,8,1.0,11.251873350143434,shared_residual,2.0,2.0,m_times_D_over_B
ax4-local-00250,8,1.0,11.251873350143434,null_residual,,1.0,m_times_B
ax4-local-00250,8,1.0,11.251873350143434,present_renormalization,,2.0,2m_times_B
ax4-local-00250,8,1.0,11.251873350143434,shared_residual,0.25,0.25,m_times_D_over_B
ax4-local-00250,8,1.0,11.251873350143434,shared_residual,0.5,0.5,m_times_D_over_B
ax4-local-00250,8,1.0,11.251873350143434,shared_residual,1.0,1.0,m_times_D_over_B
ax4-local-00250,8,1.0,11.251873350143434,shared_residual,2.0,2.0,m_times_D_over_B
ax4-local-00251,8,1.0,11.251873350143434,null_residual,,1.0,m_times_B
ax4-local-00251,8,1.0,11.251873350143434,present_renormalization,,2.0,2m_times_B
ax4-local-00251,8,1.0,11.251873350143434,shared_residual,0.25,0.25,m_times_D_over_B
ax4-local-00251,8,1.0,11.251873350143434,shared_residual,0.5,0.5,m_times_D_over_B
ax4-local-00251,8,1.0,11.251873350143434,shared_residual,1.0,1.0,m_times_D_over_B
ax4-local-00251,8,1.0,11.251873350143434,shared_residual,2.0,2.0,m_times_D_over_B
ax4-local-00252,16,0.9359273670557717,11.251873350143434,null_residual,,0.9359273670557717,m_times_B
ax4-local-00252,16,0.9359273670557717,11.251873350143434,present_renormalization,,1.8718547341115435,2m_times_B
ax4-local-00252,16,0.9359273670557717,11.251873350143434,shared_residual,0.25,0.23398184176394293,m_times_D_over_B
ax4-local-00252,16,0.9359273670557717,11.251873350143434,shared_residual,0.5,0.46796368352788587,m_times_D_over_B
ax4-local-00252,16,0.9359273670557717,11.251873350143434,shared_residual,1.0,0.9359273670557717,m_times_D_over_B
ax4-local-00252,16,0.9359273670557717,11.251873350143434,shared_residual,2.0,1.8718547341115435,m_times_D_over_B
ax4-local-00253,16,1.0,11.251873350143434,null_residual,,1.0,m_times_B
ax4-local-00253,16,1.0,11.251873350143434,present_renormalization,,2.0,2m_times_B
ax4-local-00253,16,1.0,11.251873350143434,shared_residual,0.25,0.25,m_times_D_over_B
ax4-local-00253,16,1.0,11.251873350143434,shared_residual,0.5,0.5,m_times_D_over_B
ax4-local-00253,16,1.0,11.251873350143434,shared_residual,1.0,1.0,m_times_D_over_B
ax4-local-00253,16,1.0,11.251873350143434,shared_residual,2.0,2.0,m_times_D_over_B
ax4-local-00254,16,1.0,11.251873350143434,null_residual,,1.0,m_times_B
ax4-local-00254,16,1.0,11.251873350143434,present_renormalization,,2.0,2m_times_B
ax4-local-00254,16,1.0,11.251873350143434,shared_residual,0.25,0.25,m_times_D_over_B
ax4-local-00254,16,1.0,11.251873350143434,shared_residual,0.5,0.5,m_times_D_over_B
ax4-local-00254,16,1.0,11.251873350143434,shared_residual,1.0,1.0,m_times_D_over_B
ax4-local-00254,16,1.0,11.251873350143434,shared_residual,2.0,2.0,m_times_D_over_B
ax4-local-00255,16,1.0,11.251873350143434,null_residual,,1.0,m_times_B
ax4-local-00255,16,1.0,11.251873350143434,present_renormalization,,2.0,2m_times_B
ax4-local-00255,16,1.0,11.251873350143434,shared_residual,0.25,0.25,m_times_D_over_B
ax4-local-00255,16,1.0,11.251873350143434,shared_residual,0.5,0.5,m_times_D_over_B
ax4-local-00255,16,1.0,11.251873350143434,shared_residual,1.0,1.0,m_times_D_over_B
ax4-local-00255,16,1.0,11.251873350143434,shared_residual,2.0,2.0,m_times_D_over_B
ax4-local-00256,16,0.8326693227091634,11.251873350143434,null_residual,,0.8326693227091634,m_times_B
ax4-local-00256,16,0.8326693227091634,11.251873350143434,present_renormalization,,1.6653386454183268,2m_times_B
ax4-local-00256,16,0.8326693227091634,11.251873350143434,shared_residual,0.25,0.20816733067729085,m_times_D_over_B
ax4-local-00256,16,0.8326693227091634,11.251873350143434,shared_residual,0.5,0.4163346613545817,m_times_D_over_B
ax4-local-00256,16,0.8326693227091634,11.251873350143434,shared_residual,1.0,0.8326693227091634,m_times_D_over_B
ax4-local-00256,16,0.8326693227091634,11.251873350143434,shared_residual,2.0,1.6653386454183268,m_times_D_over_B
ax4-local-00257,16,0.8326693227091634,11.251873350143434,null_residual,,0.8326693227091634,m_times_B
ax4-local-00257,16,0.8326693227091634,11.251873350143434,present_renormalization,,1.6653386454183268,2m_times_B
ax4-local-00257,16,0.8326693227091634,11.251873350143434,shared_residual,0.25,0.20816733067729085,m_times_D_over_B
ax4-local-00257,16,0.8326693227091634,11.251873350143434,shared_residual,0.5,0.4163346613545817,m_times_D_over_B
ax4-local-00257,16,0.8326693227091634,11.251873350143434,shared_residual,1.0,0.8326693227091634,m_times_D_over_B
ax4-local-00257,16,0.8326693227091634,11.251873350143434,shared_residual,2.0,1.6653386454183268,m_times_D_over_B
ax4-local-00258,16,0.8326693227091634,11.251873350143434,null_residual,,0.8326693227091634,m_times_B
ax4-local-00258,16,0.8326693227091634,11.251873350143434,present_renormalization,,1.6653386454183268,2m_times_B
ax4-local-00258,16,0.8326693227091634,11.251873350143434,shared_residual,0.25,0.20816733067729085,m_times_D_over_B
ax4-local-00258,16,0.8326693227091634,11.251873350143434,shared_residual,0.5,0.4163346613545817,m_times_D_over_B
ax4-local-00258,16,0.8326693227091634,11.251873350143434,shared_residual,1.0,0.8326693227091634,m_times_D_over_B
ax4-local-00258,16,0.8326693227091634,11.251873350143434,shared_residual,2.0,1.6653386454183268,m_times_D_over_B
ax4-local-00259,16,0.8326693227091634,11.251873350143434,null_residual,,0.8326693227091634,m_times_B
ax4-local-00259,16,0.8326693227091634,11.251873350143434,present_renormalization,,1.6653386454183268,2m_times_B
ax4-local-00259,16,0.8326693227091634,11.251873350143434,shared_residual,0.25,0.20816733067729085,m_times_D_over_B
ax4-local-00259,16,0.8326693227091634,11.251873350143434,shared_residual,0.5,0.4163346613545817,m_times_D_over_B
ax4-local-00259,16,0.8326693227091634,11.251873350143434,shared_residual,1.0,0.8326693227091634,m_times_D_over_B
ax4-local-00259,16,0.8326693227091634,11.251873350143434,shared_residual,2.0,1.6653386454183268,m_times_D_over_B
ax4-local-00260,16,0.908604363935776,11.251873350143434,null_residual,,0.908604363935776,m_times_B
ax4-local-00260,16,0.908604363935776,11.251873350143434,present_renormalization,,1.817208727871552,2m_times_B
ax4-local-00260,16,0.908604363935776,11.251873350143434,shared_residual,0.25,0.227151090983944,m_times_D_over_B
ax4-local-00260,16,0.908604363935776,11.251873350143434,shared_residual,0.5,0.454302181967888,m_times_D_over_B
ax4-local-00260,16,0.908604363935776,11.251873350143434,shared_residual,1.0,0.908604363935776,m_times_D_over_B
ax4-local-00260,16,0.908604363935776,11.251873350143434,shared_residual,2.0,1.817208727871552,m_times_D_over_B
ax4-local-00261,16,0.9409992467988954,11.251873350143434,null_residual,,0.9409992467988954,m_times_B
ax4-local-00261,16,0.9409992467988954,11.251873350143434,present_renormalization,,1.8819984935977907,2m_times_B
ax4-local-00261,16,0.9409992467988954,11.251873350143434,shared_residual,0.25,0.23524981169972384,m_times_D_over_B
ax4-local-00261,16,0.9409992467988954,11.251873350143434,shared_residual,0.5,0.4704996233994477,m_times_D_over_B
ax4-local-00261,16,0.9409992467988954,11.251873350143434,shared_residual,1.0,0.9409992467988954,m_times_D_over_B
ax4-local-00261,16,0.9409992467988954,11.251873350143434,shared_residual,2.0,1.8819984935977907,m_times_D_over_B
ax4-local-00262,16,1.0,11.251873350143434,null_residual,,1.0,m_times_B
ax4-local-00262,16,1.0,11.251873350143434,present_renormalization,,2.0,2m_times_B
ax4-local-00262,16,1.0,11.251873350143434,shared_residual,0.25,0.25,m_times_D_over_B
ax4-local-00262,16,1.0,11.251873350143434,shared_residual,0.5,0.5,m_times_D_over_B
ax4-local-00262,16,1.0,11.251873350143434,shared_residual,1.0,1.0,m_times_D_over_B
ax4-local-00262,16,1.0,11.251873350143434,shared_residual,2.0,2.0,m_times_D_over_B
ax4-local-00263,16,1.0,11.251873350143434,null_residual,,1.0,m_times_B
ax4-local-00263,16,1.0,11.251873350143434,present_renormalization,,2.0,2m_times_B
ax4-local-00263,16,1.0,11.251873350143434,shared_residual,0.25,0.25,m_times_D_over_B
ax4-local-00263,16,1.0,11.251873350143434,shared_residual,0.5,0.5,m_times_D_over_B
ax4-local-00263,16,1.0,11.251873350143434,shared_residual,1.0,1.0,m_times_D_over_B
ax4-local-00263,16,1.0,11.251873350143434,shared_residual,2.0,2.0,m_times_D_over_B
ax4-local-00264,16,0.9359273670557717,11.251873350143434,null_residual,,0.9359273670557717,m_times_B
ax4-local-00264,16,0.9359273670557717,11.251873350143434,present_renormalization,,1.8718547341115435,2m_times_B
ax4-local-00264,16,0.9359273670557717,11.251873350143434,shared_residual,0.25,0.23398184176394293,m_times_D_over_B
ax4-local-00264,16,0.9359273670557717,11.251873350143434,shared_residual,0.5,0.46796368352788587,m_times_D_over_B
ax4-local-00264,16,0.9359273670557717,11.251873350143434,shared_residual,1.0,0.9359273670557717,m_times_D_over_B
ax4-local-00264,16,0.9359273670557717,11.251873350143434,shared_residual,2.0,1.8718547341115435,m_times_D_over_B
ax4-local-00265,16,1.0,11.251873350143434,null_residual,,1.0,m_times_B
ax4-local-00265,16,1.0,11.251873350143434,present_renormalization,,2.0,2m_times_B
ax4-local-00265,16,1.0,11.251873350143434,shared_residual,0.25,0.25,m_times_D_over_B
ax4-local-00265,16,1.0,11.251873350143434,shared_residual,0.5,0.5,m_times_D_over_B
ax4-local-00265,16,1.0,11.251873350143434,shared_residual,1.0,1.0,m_times_D_over_B
ax4-local-00265,16,1.0,11.251873350143434,shared_residual,2.0,2.0,m_times_D_over_B
ax4-local-00266,16,1.0,11.251873350143434,null_residual,,1.0,m_times_B
ax4-local-00266,16,1.0,11.251873350143434,present_renormalization,,2.0,2m_times_B
ax4-local-00266,16,1.0,11.251873350143434,shared_residual,0.25,0.25,m_times_D_over_B
ax4-local-00266,16,1.0,11.251873350143434,shared_residual,0.5,0.5,m_times_D_over_B
ax4-local-00266,16,1.0,11.251873350143434,shared_residual,1.0,1.0,m_times_D_over_B
ax4-local-00266,16,1.0,11.251873350143434,shared_residual,2.0,2.0,m_times_D_over_B
ax4-local-00267,16,1.0,11.251873350143434,null_residual,,1.0,m_times_B
ax4-local-00267,16,1.0,11.251873350143434,present_renormalization,,2.0,2m_times_B
ax4-local-00267,16,1.0,11.251873350143434,shared_residual,0.25,0.25,m_times_D_over_B
ax4-local-00267,16,1.0,11.251873350143434,shared_residual,0.5,0.5,m_times_D_over_B
ax4-local-00267,16,1.0,11.251873350143434,shared_residual,1.0,1.0,m_times_D_over_B
ax4-local-00267,16,1.0,11.251873350143434,shared_residual,2.0,2.0,m_times_D_over_B
ax4-local-00268,16,0.8326693227091634,11.251873350143434,null_residual,,0.8326693227091634,m_times_B
ax4-local-00268,16,0.8326693227091634,11.251873350143434,present_renormalization,,1.6653386454183268,2m_times_B
ax4-local-00268,16,0.8326693227091634,11.251873350143434,shared_residual,0.25,0.20816733067729085,m_times_D_over_B
ax4-local-00268,16,0.8326693227091634,11.251873350143434,shared_residual,0.5,0.4163346613545817,m_times_D_over_B
ax4-local-00268,16,0.8326693227091634,11.251873350143434,shared_residual,1.0,0.8326693227091634,m_times_D_over_B
ax4-local-00268,16,0.8326693227091634,11.251873350143434,shared_residual,2.0,1.6653386454183268,m_times_D_over_B
ax4-local-00269,16,0.8326693227091634,11.251873350143434,null_residual,,0.8326693227091634,m_times_B
ax4-local-00269,16,0.8326693227091634,11.251873350143434,present_renormalization,,1.6653386454183268,2m_times_B
ax4-local-00269,16,0.8326693227091634,11.251873350143434,shared_residual,0.25,0.20816733067729085,m_times_D_over_B
ax4-local-00269,16,0.8326693227091634,11.251873350143434,shared_residual,0.5,0.4163346613545817,m_times_D_over_B
ax4-local-00269,16,0.8326693227091634,11.251873350143434,shared_residual,1.0,0.8326693227091634,m_times_D_over_B
ax4-local-00269,16,0.8326693227091634,11.251873350143434,shared_residual,2.0,1.6653386454183268,m_times_D_over_B
ax4-local-00270,16,0.8326693227091634,11.251873350143434,null_residual,,0.8326693227091634,m_times_B
ax4-local-00270,16,0.8326693227091634,11.251873350143434,present_renormalization,,1.6653386454183268,2m_times_B
ax4-local-00270,16,0.8326693227091634,11.251873350143434,shared_residual,0.25,0.20816733067729085,m_times_D_over_B
ax4-local-00270,16,0.8326693227091634,11.251873350143434,shared_residual,0.5,0.4163346613545817,m_times_D_over_B
ax4-local-00270,16,0.8326693227091634,11.251873350143434,shared_residual,1.0,0.8326693227091634,m_times_D_over_B
ax4-local-00270,16,0.8326693227091634,11.251873350143434,shared_residual,2.0,1.6653386454183268,m_times_D_over_B
ax4-local-00271,16,0.8326693227091634,11.251873350143434,null_residual,,0.8326693227091634,m_times_B
ax4-local-00271,16,0.8326693227091634,11.251873350143434,present_renormalization,,1.6653386454183268,2m_times_B
ax4-local-00271,16,0.8326693227091634,11.251873350143434,shared_residual,0.25,0.20816733067729085,m_times_D_over_B
ax4-local-00271,16,0.8326693227091634,11.251873350143434,shared_residual,0.5,0.4163346613545817,m_times_D_over_B
ax4-local-00271,16,0.8326693227091634,11.251873350143434,shared_residual,1.0,0.8326693227091634,m_times_D_over_B
ax4-local-00271,16,0.8326693227091634,11.251873350143434,shared_residual,2.0,1.6653386454183268,m_times_D_over_B
ax4-local-00272,16,0.9085995085995086,11.251873350143434,null_residual,,0.9085995085995086,m_times_B
ax4-local-00272,16,0.9085995085995086,11.251873350143434,present_renormalization,,1.817199017199017,2m_times_B
ax4-local-00272,16,0.9085995085995086,11.251873350143434,shared_residual,0.25,0.22714987714987714,m_times_D_over_B
ax4-local-00272,16,0.9085995085995086,11.251873350143434,shared_residual,0.5,0.4542997542997543,m_times_D_over_B
ax4-local-00272,16,0.9085995085995086,11.251873350143434,shared_residual,1.0,0.9085995085995086,m_times_D_over_B
ax4-local-00272,16,0.9085995085995086,11.251873350143434,shared_residual,2.0,1.817199017199017,m_times_D_over_B
ax4-local-00273,16,0.9410016007317631,11.251873350143434,null_residual,,0.9410016007317631,m_times_B
ax4-local-00273,16,0.9410016007317631,11.251873350143434,present_renormalization,,1.8820032014635262,2m_times_B
ax4-local-00273,16,0.9410016007317631,11.251873350143434,shared_residual,0.25,0.23525040018294077,m_times_D_over_B
ax4-local-00273,16,0.9410016007317631,11.251873350143434,shared_residual,0.5,0.47050080036588154,m_times_D_over_B
ax4-local-00273,16,0.9410016007317631,11.251873350143434,shared_residual,1.0,0.9410016007317631,m_times_D_over_B
ax4-local-00273,16,0.9410016007317631,11.251873350143434,shared_residual,2.0,1.8820032014635262,m_times_D_over_B
ax4-local-00274,16,1.0,11.251873350143434,null_residual,,1.0,m_times_B
ax4-local-00274,16,1.0,11.251873350143434,present_renormalization,,2.0,2m_times_B
ax4-local-00274,16,1.0,11.251873350143434,shared_residual,0.25,0.25,m_times_D_over_B
ax4-local-00274,16,1.0,11.251873350143434,shared_residual,0.5,0.5,m_times_D_over_B
ax4-local-00274,16,1.0,11.251873350143434,shared_residual,1.0,1.0,m_times_D_over_B
ax4-local-00274,16,1.0,11.251873350143434,shared_residual,2.0,2.0,m_times_D_over_B
ax4-local-00275,16,1.0,11.251873350143434,null_residual,,1.0,m_times_B
ax4-local-00275,16,1.0,11.251873350143434,present_renormalization,,2.0,2m_times_B
ax4-local-00275,16,1.0,11.251873350143434,shared_residual,0.25,0.25,m_times_D_over_B
ax4-local-00275,16,1.0,11.251873350143434,shared_residual,0.5,0.5,m_times_D_over_B
ax4-local-00275,16,1.0,11.251873350143434,shared_residual,1.0,1.0,m_times_D_over_B
ax4-local-00275,16,1.0,11.251873350143434,shared_residual,2.0,2.0,m_times_D_over_B
ax4-local-00276,16,0.9359273670557717,11.251873350143434,null_residual,,0.9359273670557717,m_times_B
ax4-local-00276,16,0.9359273670557717,11.251873350143434,present_renormalization,,1.8718547341115435,2m_times_B
ax4-local-00276,16,0.9359273670557717,11.251873350143434,shared_residual,0.25,0.23398184176394293,m_times_D_over_B
ax4-local-00276,16,0.9359273670557717,11.251873350143434,shared_residual,0.5,0.46796368352788587,m_times_D_over_B
ax4-local-00276,16,0.9359273670557717,11.251873350143434,shared_residual,1.0,0.9359273670557717,m_times_D_over_B
ax4-local-00276,16,0.9359273670557717,11.251873350143434,shared_residual,2.0,1.8718547341115435,m_times_D_over_B
ax4-local-00277,16,1.0,11.251873350143434,null_residual,,1.0,m_times_B
ax4-local-00277,16,1.0,11.251873350143434,present_renormalization,,2.0,2m_times_B
ax4-local-00277,16,1.0,11.251873350143434,shared_residual,0.25,0.25,m_times_D_over_B
ax4-local-00277,16,1.0,11.251873350143434,shared_residual,0.5,0.5,m_times_D_over_B
ax4-local-00277,16,1.0,11.251873350143434,shared_residual,1.0,1.0,m_times_D_over_B
ax4-local-00277,16,1.0,11.251873350143434,shared_residual,2.0,2.0,m_times_D_over_B
ax4-local-00278,16,1.0,11.251873350143434,null_residual,,1.0,m_times_B
ax4-local-00278,16,1.0,11.251873350143434,present_renormalization,,2.0,2m_times_B
ax4-local-00278,16,1.0,11.251873350143434,shared_residual,0.25,0.25,m_times_D_over_B
ax4-local-00278,16,1.0,11.251873350143434,shared_residual,0.5,0.5,m_times_D_over_B
ax4-local-00278,16,1.0,11.251873350143434,shared_residual,1.0,1.0,m_times_D_over_B
ax4-local-00278,16,1.0,11.251873350143434,shared_residual,2.0,2.0,m_times_D_over_B
ax4-local-00279,16,1.0,11.251873350143434,null_residual,,1.0,m_times_B
ax4-local-00279,16,1.0,11.251873350143434,present_renormalization,,2.0,2m_times_B
ax4-local-00279,16,1.0,11.251873350143434,shared_residual,0.25,0.25,m_times_D_over_B
ax4-local-00279,16,1.0,11.251873350143434,shared_residual,0.5,0.5,m_times_D_over_B
ax4-local-00279,16,1.0,11.251873350143434,shared_residual,1.0,1.0,m_times_D_over_B
ax4-local-00279,16,1.0,11.251873350143434,shared_residual,2.0,2.0,m_times_D_over_B
ax4-local-00280,16,0.8326693227091634,11.251873350143434,null_residual,,0.8326693227091634,m_times_B
ax4-local-00280,16,0.8326693227091634,11.251873350143434,present_renormalization,,1.6653386454183268,2m_times_B
ax4-local-00280,16,0.8326693227091634,11.251873350143434,shared_residual,0.25,0.20816733067729085,m_times_D_over_B
ax4-local-00280,16,0.8326693227091634,11.251873350143434,shared_residual,0.5,0.4163346613545817,m_times_D_over_B
ax4-local-00280,16,0.8326693227091634,11.251873350143434,shared_residual,1.0,0.8326693227091634,m_times_D_over_B
ax4-local-00280,16,0.8326693227091634,11.251873350143434,shared_residual,2.0,1.6653386454183268,m_times_D_over_B
ax4-local-00281,16,0.8326693227091634,11.251873350143434,null_residual,,0.8326693227091634,m_times_B
ax4-local-00281,16,0.8326693227091634,11.251873350143434,present_renormalization,,1.6653386454183268,2m_times_B
ax4-local-00281,16,0.8326693227091634,11.251873350143434,shared_residual,0.25,0.20816733067729085,m_times_D_over_B
ax4-local-00281,16,0.8326693227091634,11.251873350143434,shared_residual,0.5,0.4163346613545817,m_times_D_over_B
ax4-local-00281,16,0.8326693227091634,11.251873350143434,shared_residual,1.0,0.8326693227091634,m_times_D_over_B
ax4-local-00281,16,0.8326693227091634,11.251873350143434,shared_residual,2.0,1.6653386454183268,m_times_D_over_B
ax4-local-00282,16,0.8326693227091634,11.251873350143434,null_residual,,0.8326693227091634,m_times_B
ax4-local-00282,16,0.8326693227091634,11.251873350143434,present_renormalization,,1.6653386454183268,2m_times_B
ax4-local-00282,16,0.8326693227091634,11.251873350143434,shared_residual,0.25,0.20816733067729085,m_times_D_over_B
ax4-local-00282,16,0.8326693227091634,11.251873350143434,shared_residual,0.5,0.4163346613545817,m_times_D_over_B
ax4-local-00282,16,0.8326693227091634,11.251873350143434,shared_residual,1.0,0.8326693227091634,m_times_D_over_B
ax4-local-00282,16,0.8326693227091634,11.251873350143434,shared_residual,2.0,1.6653386454183268,m_times_D_over_B
ax4-local-00283,16,0.8326693227091634,11.251873350143434,null_residual,,0.8326693227091634,m_times_B
ax4-local-00283,16,0.8326693227091634,11.251873350143434,present_renormalization,,1.6653386454183268,2m_times_B
ax4-local-00283,16,0.8326693227091634,11.251873350143434,shared_residual,0.25,0.20816733067729085,m_times_D_over_B
ax4-local-00283,16,0.8326693227091634,11.251873350143434,shared_residual,0.5,0.4163346613545817,m_times_D_over_B
ax4-local-00283,16,0.8326693227091634,11.251873350143434,shared_residual,1.0,0.8326693227091634,m_times_D_over_B
ax4-local-00283,16,0.8326693227091634,11.251873350143434,shared_residual,2.0,1.6653386454183268,m_times_D_over_B
ax4-local-00284,16,0.6471135940409684,11.251873350143434,null_residual,,0.6471135940409684,m_times_B
ax4-local-00284,16,0.6471135940409684,11.251873350143434,present_renormalization,,1.2942271880819367,2m_times_B
ax4-local-00284,16,0.6471135940409684,11.251873350143434,shared_residual,0.25,0.1617783985102421,m_times_D_over_B
ax4-local-00284,16,0.6471135940409684,11.251873350143434,shared_residual,0.5,0.3235567970204842,m_times_D_over_B
ax4-local-00284,16,0.6471135940409684,11.251873350143434,shared_residual,1.0,0.6471135940409684,m_times_D_over_B
ax4-local-00284,16,0.6471135940409684,11.251873350143434,shared_residual,2.0,1.2942271880819367,m_times_D_over_B
ax4-local-00285,16,0.807933789954338,11.251873350143434,null_residual,,0.807933789954338,m_times_B
ax4-local-00285,16,0.807933789954338,11.251873350143434,present_renormalization,,1.615867579908676,2m_times_B
ax4-local-00285,16,0.807933789954338,11.251873350143434,shared_residual,0.25,0.2019834474885845,m_times_D_over_B
ax4-local-00285,16,0.807933789954338,11.251873350143434,shared_residual,0.5,0.403966894977169,m_times_D_over_B
ax4-local-00285,16,0.807933789954338,11.251873350143434,shared_residual,1.0,0.807933789954338,m_times_D_over_B
ax4-local-00285,16,0.807933789954338,11.251873350143434,shared_residual,2.0,1.615867579908676,m_times_D_over_B
ax4-local-00286,16,0.807933789954338,11.251873350143434,null_residual,,0.807933789954338,m_times_B
ax4-local-00286,16,0.807933789954338,11.251873350143434,present_renormalization,,1.615867579908676,2m_times_B
ax4-local-00286,16,0.807933789954338,11.251873350143434,shared_residual,0.25,0.2019834474885845,m_times_D_over_B
ax4-local-00286,16,0.807933789954338,11.251873350143434,shared_residual,0.5,0.403966894977169,m_times_D_over_B
ax4-local-00286,16,0.807933789954338,11.251873350143434,shared_residual,1.0,0.807933789954338,m_times_D_over_B
ax4-local-00286,16,0.807933789954338,11.251873350143434,shared_residual,2.0,1.615867579908676,m_times_D_over_B
ax4-local-00287,16,0.5517241379310345,11.251873350143434,null_residual,,0.5517241379310345,m_times_B
ax4-local-00287,16,0.5517241379310345,11.251873350143434,present_renormalization,,1.103448275862069,2m_times_B
ax4-local-00287,16,0.5517241379310345,11.251873350143434,shared_residual,0.25,0.13793103448275862,m_times_D_over_B
ax4-local-00287,16,0.5517241379310345,11.251873350143434,shared_residual,0.5,0.27586206896551724,m_times_D_over_B
ax4-local-00287,16,0.5517241379310345,11.251873350143434,shared_residual,1.0,0.5517241379310345,m_times_D_over_B
ax4-local-00287,16,0.5517241379310345,11.251873350143434,shared_residual,2.0,1.103448275862069,m_times_D_over_B
ax4-local-00288,16,0.2568605927552141,11.251873350143434,null_residual,,0.2568605927552141,m_times_B
ax4-local-00288,16,0.2568605927552141,11.251873350143434,present_renormalization,,0.5137211855104282,2m_times_B
ax4-local-00288,16,0.2568605927552141,11.251873350143434,shared_residual,0.25,0.06421514818880353,m_times_D_over_B
ax4-local-00288,16,0.2568605927552141,11.251873350143434,shared_residual,0.5,0.12843029637760706,m_times_D_over_B
ax4-local-00288,16,0.2568605927552141,11.251873350143434,shared_residual,1.0,0.2568605927552141,m_times_D_over_B
ax4-local-00288,16,0.2568605927552141,11.251873350143434,shared_residual,2.0,0.5137211855104282,m_times_D_over_B
ax4-local-00289,16,0.807933789954338,11.251873350143434,null_residual,,0.807933789954338,m_times_B
ax4-local-00289,16,0.807933789954338,11.251873350143434,present_renormalization,,1.615867579908676,2m_times_B
ax4-local-00289,16,0.807933789954338,11.251873350143434,shared_residual,0.25,0.2019834474885845,m_times_D_over_B
ax4-local-00289,16,0.807933789954338,11.251873350143434,shared_residual,0.5,0.403966894977169,m_times_D_over_B
ax4-local-00289,16,0.807933789954338,11.251873350143434,shared_residual,1.0,0.807933789954338,m_times_D_over_B
ax4-local-00289,16,0.807933789954338,11.251873350143434,shared_residual,2.0,1.615867579908676,m_times_D_over_B
ax4-local-00290,16,0.5517241379310345,11.251873350143434,null_residual,,0.5517241379310345,m_times_B
ax4-local-00290,16,0.5517241379310345,11.251873350143434,present_renormalization,,1.103448275862069,2m_times_B
ax4-local-00290,16,0.5517241379310345,11.251873350143434,shared_residual,0.25,0.13793103448275862,m_times_D_over_B
ax4-local-00290,16,0.5517241379310345,11.251873350143434,shared_residual,0.5,0.27586206896551724,m_times_D_over_B
ax4-local-00290,16,0.5517241379310345,11.251873350143434,shared_residual,1.0,0.5517241379310345,m_times_D_over_B
ax4-local-00290,16,0.5517241379310345,11.251873350143434,shared_residual,2.0,1.103448275862069,m_times_D_over_B
ax4-local-00291,16,0.2568605927552141,11.251873350143434,null_residual,,0.2568605927552141,m_times_B
ax4-local-00291,16,0.2568605927552141,11.251873350143434,present_renormalization,,0.5137211855104282,2m_times_B
ax4-local-00291,16,0.2568605927552141,11.251873350143434,shared_residual,0.25,0.06421514818880353,m_times_D_over_B
ax4-local-00291,16,0.2568605927552141,11.251873350143434,shared_residual,0.5,0.12843029637760706,m_times_D_over_B
ax4-local-00291,16,0.2568605927552141,11.251873350143434,shared_residual,1.0,0.2568605927552141,m_times_D_over_B
ax4-local-00291,16,0.2568605927552141,11.251873350143434,shared_residual,2.0,0.5137211855104282,m_times_D_over_B
ax4-local-00292,16,0.06786271450858017,11.251873350143434,null_residual,,0.06786271450858017,m_times_B
ax4-local-00292,16,0.06786271450858017,11.251873350143434,present_renormalization,,0.13572542901716034,2m_times_B
ax4-local-00292,16,0.06786271450858017,11.251873350143434,shared_residual,0.25,0.016965678627145042,m_times_D_over_B
ax4-local-00292,16,0.06786271450858017,11.251873350143434,shared_residual,0.5,0.033931357254290084,m_times_D_over_B
ax4-local-00292,16,0.06786271450858017,11.251873350143434,shared_residual,1.0,0.06786271450858017,m_times_D_over_B
ax4-local-00292,16,0.06786271450858017,11.251873350143434,shared_residual,2.0,0.13572542901716034,m_times_D_over_B
ax4-local-00293,16,0.807933789954338,11.251873350143434,null_residual,,0.807933789954338,m_times_B
ax4-local-00293,16,0.807933789954338,11.251873350143434,present_renormalization,,1.615867579908676,2m_times_B
ax4-local-00293,16,0.807933789954338,11.251873350143434,shared_residual,0.25,0.2019834474885845,m_times_D_over_B
ax4-local-00293,16,0.807933789954338,11.251873350143434,shared_residual,0.5,0.403966894977169,m_times_D_over_B
ax4-local-00293,16,0.807933789954338,11.251873350143434,shared_residual,1.0,0.807933789954338,m_times_D_over_B
ax4-local-00293,16,0.807933789954338,11.251873350143434,shared_residual,2.0,1.615867579908676,m_times_D_over_B
ax4-local-00294,16,0.2568605927552141,11.251873350143434,null_residual,,0.2568605927552141,m_times_B
ax4-local-00294,16,0.2568605927552141,11.251873350143434,present_renormalization,,0.5137211855104282,2m_times_B
ax4-local-00294,16,0.2568605927552141,11.251873350143434,shared_residual,0.25,0.06421514818880353,m_times_D_over_B
ax4-local-00294,16,0.2568605927552141,11.251873350143434,shared_residual,0.5,0.12843029637760706,m_times_D_over_B
ax4-local-00294,16,0.2568605927552141,11.251873350143434,shared_residual,1.0,0.2568605927552141,m_times_D_over_B
ax4-local-00294,16,0.2568605927552141,11.251873350143434,shared_residual,2.0,0.5137211855104282,m_times_D_over_B
ax4-local-00295,16,0.06786271450858017,11.251873350143434,null_residual,,0.06786271450858017,m_times_B
ax4-local-00295,16,0.06786271450858017,11.251873350143434,present_renormalization,,0.13572542901716034,2m_times_B
ax4-local-00295,16,0.06786271450858017,11.251873350143434,shared_residual,0.25,0.016965678627145042,m_times_D_over_B
ax4-local-00295,16,0.06786271450858017,11.251873350143434,shared_residual,0.5,0.033931357254290084,m_times_D_over_B
ax4-local-00295,16,0.06786271450858017,11.251873350143434,shared_residual,1.0,0.06786271450858017,m_times_D_over_B
ax4-local-00295,16,0.06786271450858017,11.251873350143434,shared_residual,2.0,0.13572542901716034,m_times_D_over_B
ax4-local-00296,16,2.220446049250313e-16,11.251873350143434,null_residual,,2.220446049250313e-16,m_times_B
ax4-local-00296,16,2.220446049250313e-16,11.251873350143434,present_renormalization,,4.440892098500626e-16,2m_times_B
ax4-local-00296,16,2.220446049250313e-16,11.251873350143434,shared_residual,0.25,5.551115123125783e-17,m_times_D_over_B
ax4-local-00296,16,2.220446049250313e-16,11.251873350143434,shared_residual,0.5,1.1102230246251565e-16,m_times_D_over_B
ax4-local-00296,16,2.220446049250313e-16,11.251873350143434,shared_residual,1.0,2.220446049250313e-16,m_times_D_over_B
ax4-local-00296,16,2.220446049250313e-16,11.251873350143434,shared_residual,2.0,4.440892098500626e-16,m_times_D_over_B
ax4-local-00297,16,0.8326693227091634,11.251873350143434,null_residual,,0.8326693227091634,m_times_B
ax4-local-00297,16,0.8326693227091634,11.251873350143434,present_renormalization,,1.6653386454183268,2m_times_B
ax4-local-00297,16,0.8326693227091634,11.251873350143434,shared_residual,0.25,0.20816733067729085,m_times_D_over_B
ax4-local-00297,16,0.8326693227091634,11.251873350143434,shared_residual,0.5,0.4163346613545817,m_times_D_over_B
ax4-local-00297,16,0.8326693227091634,11.251873350143434,shared_residual,1.0,0.8326693227091634,m_times_D_over_B
ax4-local-00297,16,0.8326693227091634,11.251873350143434,shared_residual,2.0,1.6653386454183268,m_times_D_over_B
ax4-local-00298,16,0.8326693227091634,11.251873350143434,null_residual,,0.8326693227091634,m_times_B
ax4-local-00298,16,0.8326693227091634,11.251873350143434,present_renormalization,,1.6653386454183268,2m_times_B
ax4-local-00298,16,0.8326693227091634,11.251873350143434,shared_residual,0.25,0.20816733067729085,m_times_D_over_B
ax4-local-00298,16,0.8326693227091634,11.251873350143434,shared_residual,0.5,0.4163346613545817,m_times_D_over_B
ax4-local-00298,16,0.8326693227091634,11.251873350143434,shared_residual,1.0,0.8326693227091634,m_times_D_over_B
ax4-local-00298,16,0.8326693227091634,11.251873350143434,shared_residual,2.0,1.6653386454183268,m_times_D_over_B
ax4-local-00299,16,0.9083411433926898,11.251873350143434,null_residual,,0.9083411433926898,m_times_B
ax4-local-00299,16,0.9083411433926898,11.251873350143434,present_renormalization,,1.8166822867853796,2m_times_B
ax4-local-00299,16,0.9083411433926898,11.251873350143434,shared_residual,0.25,0.22708528584817245,m_times_D_over_B
ax4-local-00299,16,0.9083411433926898,11.251873350143434,shared_residual,0.5,0.4541705716963449,m_times_D_over_B
ax4-local-00299,16,0.9083411433926898,11.251873350143434,shared_residual,1.0,0.9083411433926898,m_times_D_over_B
ax4-local-00299,16,0.9083411433926898,11.251873350143434,shared_residual,2.0,1.8166822867853796,m_times_D_over_B
ax4-local-00300,16,0.9408945686900958,11.251873350143434,null_residual,,0.9408945686900958,m_times_B
ax4-local-00300,16,0.9408945686900958,11.251873350143434,present_renormalization,,1.8817891373801916,2m_times_B
ax4-local-00300,16,0.9408945686900958,11.251873350143434,shared_residual,0.25,0.23522364217252395,m_times_D_over_B
ax4-local-00300,16,0.9408945686900958,11.251873350143434,shared_residual,0.5,0.4704472843450479,m_times_D_over_B
ax4-local-00300,16,0.9408945686900958,11.251873350143434,shared_residual,1.0,0.9408945686900958,m_times_D_over_B
ax4-local-00300,16,0.9408945686900958,11.251873350143434,shared_residual,2.0,1.8817891373801916,m_times_D_over_B
ax4-local-00301,16,1.0,11.251873350143434,null_residual,,1.0,m_times_B
ax4-local-00301,16,1.0,11.251873350143434,present_renormalization,,2.0,2m_times_B
ax4-local-00301,16,1.0,11.251873350143434,shared_residual,0.25,0.25,m_times_D_over_B
ax4-local-00301,16,1.0,11.251873350143434,shared_residual,0.5,0.5,m_times_D_over_B
ax4-local-00301,16,1.0,11.251873350143434,shared_residual,1.0,1.0,m_times_D_over_B
ax4-local-00301,16,1.0,11.251873350143434,shared_residual,2.0,2.0,m_times_D_over_B
ax4-local-00302,16,1.0,11.251873350143434,null_residual,,1.0,m_times_B
ax4-local-00302,16,1.0,11.251873350143434,present_renormalization,,2.0,2m_times_B
ax4-local-00302,16,1.0,11.251873350143434,shared_residual,0.25,0.25,m_times_D_over_B
ax4-local-00302,16,1.0,11.251873350143434,shared_residual,0.5,0.5,m_times_D_over_B
ax4-local-00302,16,1.0,11.251873350143434,shared_residual,1.0,1.0,m_times_D_over_B
ax4-local-00302,16,1.0,11.251873350143434,shared_residual,2.0,2.0,m_times_D_over_B
ax4-local-00303,16,0.9359273670557717,11.251873350143434,null_residual,,0.9359273670557717,m_times_B
ax4-local-00303,16,0.9359273670557717,11.251873350143434,present_renormalization,,1.8718547341115435,2m_times_B
ax4-local-00303,16,0.9359273670557717,11.251873350143434,shared_residual,0.25,0.23398184176394293,m_times_D_over_B
ax4-local-00303,16,0.9359273670557717,11.251873350143434,shared_residual,0.5,0.46796368352788587,m_times_D_over_B
ax4-local-00303,16,0.9359273670557717,11.251873350143434,shared_residual,1.0,0.9359273670557717,m_times_D_over_B
ax4-local-00303,16,0.9359273670557717,11.251873350143434,shared_residual,2.0,1.8718547341115435,m_times_D_over_B
ax4-local-00304,16,1.0,11.251873350143434,null_residual,,1.0,m_times_B
ax4-local-00304,16,1.0,11.251873350143434,present_renormalization,,2.0,2m_times_B
ax4-local-00304,16,1.0,11.251873350143434,shared_residual,0.25,0.25,m_times_D_over_B
ax4-local-00304,16,1.0,11.251873350143434,shared_residual,0.5,0.5,m_times_D_over_B
ax4-local-00304,16,1.0,11.251873350143434,shared_residual,1.0,1.0,m_times_D_over_B
ax4-local-00304,16,1.0,11.251873350143434,shared_residual,2.0,2.0,m_times_D_over_B
ax4-local-00305,16,1.0,11.251873350143434,null_residual,,1.0,m_times_B
ax4-local-00305,16,1.0,11.251873350143434,present_renormalization,,2.0,2m_times_B
ax4-local-00305,16,1.0,11.251873350143434,shared_residual,0.25,0.25,m_times_D_over_B
ax4-local-00305,16,1.0,11.251873350143434,shared_residual,0.5,0.5,m_times_D_over_B
ax4-local-00305,16,1.0,11.251873350143434,shared_residual,1.0,1.0,m_times_D_over_B
ax4-local-00305,16,1.0,11.251873350143434,shared_residual,2.0,2.0,m_times_D_over_B
ax4-local-00306,16,1.0,11.251873350143434,null_residual,,1.0,m_times_B
ax4-local-00306,16,1.0,11.251873350143434,present_renormalization,,2.0,2m_times_B
ax4-local-00306,16,1.0,11.251873350143434,shared_residual,0.25,0.25,m_times_D_over_B
ax4-local-00306,16,1.0,11.251873350143434,shared_residual,0.5,0.5,m_times_D_over_B
ax4-local-00306,16,1.0,11.251873350143434,shared_residual,1.0,1.0,m_times_D_over_B
ax4-local-00306,16,1.0,11.251873350143434,shared_residual,2.0,2.0,m_times_D_over_B
ax4-local-00307,16,0.8326693227091634,11.251873350143434,null_residual,,0.8326693227091634,m_times_B
ax4-local-00307,16,0.8326693227091634,11.251873350143434,present_renormalization,,1.6653386454183268,2m_times_B
ax4-local-00307,16,0.8326693227091634,11.251873350143434,shared_residual,0.25,0.20816733067729085,m_times_D_over_B
ax4-local-00307,16,0.8326693227091634,11.251873350143434,shared_residual,0.5,0.4163346613545817,m_times_D_over_B
ax4-local-00307,16,0.8326693227091634,11.251873350143434,shared_residual,1.0,0.8326693227091634,m_times_D_over_B
ax4-local-00307,16,0.8326693227091634,11.251873350143434,shared_residual,2.0,1.6653386454183268,m_times_D_over_B
ax4-local-00308,16,0.8326693227091634,11.251873350143434,null_residual,,0.8326693227091634,m_times_B
ax4-local-00308,16,0.8326693227091634,11.251873350143434,present_renormalization,,1.6653386454183268,2m_times_B
ax4-local-00308,16,0.8326693227091634,11.251873350143434,shared_residual,0.25,0.20816733067729085,m_times_D_over_B
ax4-local-00308,16,0.8326693227091634,11.251873350143434,shared_residual,0.5,0.4163346613545817,m_times_D_over_B
ax4-local-00308,16,0.8326693227091634,11.251873350143434,shared_residual,1.0,0.8326693227091634,m_times_D_over_B
ax4-local-00308,16,0.8326693227091634,11.251873350143434,shared_residual,2.0,1.6653386454183268,m_times_D_over_B
ax4-local-00309,16,0.8326693227091634,11.251873350143434,null_residual,,0.8326693227091634,m_times_B
ax4-local-00309,16,0.8326693227091634,11.251873350143434,present_renormalization,,1.6653386454183268,2m_times_B
ax4-local-00309,16,0.8326693227091634,11.251873350143434,shared_residual,0.25,0.20816733067729085,m_times_D_over_B
ax4-local-00309,16,0.8326693227091634,11.251873350143434,shared_residual,0.5,0.4163346613545817,m_times_D_over_B
ax4-local-00309,16,0.8326693227091634,11.251873350143434,shared_residual,1.0,0.8326693227091634,m_times_D_over_B
ax4-local-00309,16,0.8326693227091634,11.251873350143434,shared_residual,2.0,1.6653386454183268,m_times_D_over_B
ax4-local-00310,16,0.8326693227091634,11.251873350143434,null_residual,,0.8326693227091634,m_times_B
ax4-local-00310,16,0.8326693227091634,11.251873350143434,present_renormalization,,1.6653386454183268,2m_times_B
ax4-local-00310,16,0.8326693227091634,11.251873350143434,shared_residual,0.25,0.20816733067729085,m_times_D_over_B
ax4-local-00310,16,0.8326693227091634,11.251873350143434,shared_residual,0.5,0.4163346613545817,m_times_D_over_B
ax4-local-00310,16,0.8326693227091634,11.251873350143434,shared_residual,1.0,0.8326693227091634,m_times_D_over_B
ax4-local-00310,16,0.8326693227091634,11.251873350143434,shared_residual,2.0,1.6653386454183268,m_times_D_over_B
ax4-local-00311,16,0.9084652443220922,11.251873350143434,null_residual,,0.9084652443220922,m_times_B
ax4-local-00311,16,0.9084652443220922,11.251873350143434,present_renormalization,,1.8169304886441844,2m_times_B
ax4-local-00311,16,0.9084652443220922,11.251873350143434,shared_residual,0.25,0.22711631108052305,m_times_D_over_B
ax4-local-00311,16,0.9084652443220922,11.251873350143434,shared_residual,0.5,0.4542326221610461,m_times_D_over_B
ax4-local-00311,16,0.9084652443220922,11.251873350143434,shared_residual,1.0,0.9084652443220922,m_times_D_over_B
ax4-local-00311,16,0.9084652443220922,11.251873350143434,shared_residual,2.0,1.8169304886441844,m_times_D_over_B
ax4-local-00312,16,0.9406211180124223,11.251873350143434,null_residual,,0.9406211180124223,m_times_B
ax4-local-00312,16,0.9406211180124223,11.251873350143434,present_renormalization,,1.8812422360248446,2m_times_B
ax4-local-00312,16,0.9406211180124223,11.251873350143434,shared_residual,0.25,0.23515527950310558,m_times_D_over_B
ax4-local-00312,16,0.9406211180124223,11.251873350143434,shared_residual,0.5,0.47031055900621116,m_times_D_over_B
ax4-local-00312,16,0.9406211180124223,11.251873350143434,shared_residual,1.0,0.9406211180124223,m_times_D_over_B
ax4-local-00312,16,0.9406211180124223,11.251873350143434,shared_residual,2.0,1.8812422360248446,m_times_D_over_B
ax4-local-00313,16,1.0,11.251873350143434,null_residual,,1.0,m_times_B
ax4-local-00313,16,1.0,11.251873350143434,present_renormalization,,2.0,2m_times_B
ax4-local-00313,16,1.0,11.251873350143434,shared_residual,0.25,0.25,m_times_D_over_B
ax4-local-00313,16,1.0,11.251873350143434,shared_residual,0.5,0.5,m_times_D_over_B
ax4-local-00313,16,1.0,11.251873350143434,shared_residual,1.0,1.0,m_times_D_over_B
ax4-local-00313,16,1.0,11.251873350143434,shared_residual,2.0,2.0,m_times_D_over_B
ax4-local-00314,16,1.0,11.251873350143434,null_residual,,1.0,m_times_B
ax4-local-00314,16,1.0,11.251873350143434,present_renormalization,,2.0,2m_times_B
ax4-local-00314,16,1.0,11.251873350143434,shared_residual,0.25,0.25,m_times_D_over_B
ax4-local-00314,16,1.0,11.251873350143434,shared_residual,0.5,0.5,m_times_D_over_B
ax4-local-00314,16,1.0,11.251873350143434,shared_residual,1.0,1.0,m_times_D_over_B
ax4-local-00314,16,1.0,11.251873350143434,shared_residual,2.0,2.0,m_times_D_over_B
ax4-local-00315,16,0.8896643403123962,11.251873350143434,null_residual,,0.8896643403123962,m_times_B
ax4-local-00315,16,0.8896643403123962,11.251873350143434,present_renormalization,,1.7793286806247923,2m_times_B
ax4-local-00315,16,0.8896643403123962,11.251873350143434,shared_residual,0.25,0.22241608507809904,m_times_D_over_B
ax4-local-00315,16,0.8896643403123962,11.251873350143434,shared_residual,0.5,0.4448321701561981,m_times_D_over_B
ax4-local-00315,16,0.8896643403123962,11.251873350143434,shared_residual,1.0,0.8896643403123962,m_times_D_over_B
ax4-local-00315,16,0.8896643403123962,11.251873350143434,shared_residual,2.0,1.7793286806247923,m_times_D_over_B
ax4-local-00316,16,1.0,11.251873350143434,null_residual,,1.0,m_times_B
ax4-local-00316,16,1.0,11.251873350143434,present_renormalization,,2.0,2m_times_B
ax4-local-00316,16,1.0,11.251873350143434,shared_residual,0.25,0.25,m_times_D_over_B
ax4-local-00316,16,1.0,11.251873350143434,shared_residual,0.5,0.5,m_times_D_over_B
ax4-local-00316,16,1.0,11.251873350143434,shared_residual,1.0,1.0,m_times_D_over_B
ax4-local-00316,16,1.0,11.251873350143434,shared_residual,2.0,2.0,m_times_D_over_B
ax4-local-00317,16,1.0,11.251873350143434,null_residual,,1.0,m_times_B
ax4-local-00317,16,1.0,11.251873350143434,present_renormalization,,2.0,2m_times_B
ax4-local-00317,16,1.0,11.251873350143434,shared_residual,0.25,0.25,m_times_D_over_B
ax4-local-00317,16,1.0,11.251873350143434,shared_residual,0.5,0.5,m_times_D_over_B
ax4-local-00317,16,1.0,11.251873350143434,shared_residual,1.0,1.0,m_times_D_over_B
ax4-local-00317,16,1.0,11.251873350143434,shared_residual,2.0,2.0,m_times_D_over_B
ax4-local-00318,16,1.0,11.251873350143434,null_residual,,1.0,m_times_B
ax4-local-00318,16,1.0,11.251873350143434,present_renormalization,,2.0,2m_times_B
ax4-local-00318,16,1.0,11.251873350143434,shared_residual,0.25,0.25,m_times_D_over_B
ax4-local-00318,16,1.0,11.251873350143434,shared_residual,0.5,0.5,m_times_D_over_B
ax4-local-00318,16,1.0,11.251873350143434,shared_residual,1.0,1.0,m_times_D_over_B
ax4-local-00318,16,1.0,11.251873350143434,shared_residual,2.0,2.0,m_times_D_over_B
ax4-local-00319,16,0.8883288096161303,11.251873350143434,null_residual,,0.8883288096161303,m_times_B
ax4-local-00319,16,0.8883288096161303,11.251873350143434,present_renormalization,,1.7766576192322605,2m_times_B
ax4-local-00319,16,0.8883288096161303,11.251873350143434,shared_residual,0.25,0.22208220240403256,m_times_D_over_B
ax4-local-00319,16,0.8883288096161303,11.251873350143434,shared_residual,0.5,0.4441644048080651,m_times_D_over_B
ax4-local-00319,16,0.8883288096161303,11.251873350143434,shared_residual,1.0,0.8883288096161303,m_times_D_over_B
ax4-local-00319,16,0.8883288096161303,11.251873350143434,shared_residual,2.0,1.7766576192322605,m_times_D_over_B
ax4-local-00320,16,0.8883288096161303,11.251873350143434,null_residual,,0.8883288096161303,m_times_B
ax4-local-00320,16,0.8883288096161303,11.251873350143434,present_renormalization,,1.7766576192322605,2m_times_B
ax4-local-00320,16,0.8883288096161303,11.251873350143434,shared_residual,0.25,0.22208220240403256,m_times_D_over_B
ax4-local-00320,16,0.8883288096161303,11.251873350143434,shared_residual,0.5,0.4441644048080651,m_times_D_over_B
ax4-local-00320,16,0.8883288096161303,11.251873350143434,shared_residual,1.0,0.8883288096161303,m_times_D_over_B
ax4-local-00320,16,0.8883288096161303,11.251873350143434,shared_residual,2.0,1.7766576192322605,m_times_D_over_B
ax4-local-00321,16,0.8883288096161303,11.251873350143434,null_residual,,0.8883288096161303,m_times_B
ax4-local-00321,16,0.8883288096161303,11.251873350143434,present_renormalization,,1.7766576192322605,2m_times_B
ax4-local-00321,16,0.8883288096161303,11.251873350143434,shared_residual,0.25,0.22208220240403256,m_times_D_over_B
ax4-local-00321,16,0.8883288096161303,11.251873350143434,shared_residual,0.5,0.4441644048080651,m_times_D_over_B
ax4-local-00321,16,0.8883288096161303,11.251873350143434,shared_residual,1.0,0.8883288096161303,m_times_D_over_B
ax4-local-00321,16,0.8883288096161303,11.251873350143434,shared_residual,2.0,1.7766576192322605,m_times_D_over_B
ax4-local-00322,16,0.8883288096161303,11.251873350143434,null_residual,,0.8883288096161303,m_times_B
ax4-local-00322,16,0.8883288096161303,11.251873350143434,present_renormalization,,1.7766576192322605,2m_times_B
ax4-local-00322,16,0.8883288096161303,11.251873350143434,shared_residual,0.25,0.22208220240403256,m_times_D_over_B
ax4-local-00322,16,0.8883288096161303,11.251873350143434,shared_residual,0.5,0.4441644048080651,m_times_D_over_B
ax4-local-00322,16,0.8883288096161303,11.251873350143434,shared_residual,1.0,0.8883288096161303,m_times_D_over_B
ax4-local-00322,16,0.8883288096161303,11.251873350143434,shared_residual,2.0,1.7766576192322605,m_times_D_over_B
ax4-local-00323,16,0.8886350656767561,11.251873350143434,null_residual,,0.8886350656767561,m_times_B
ax4-local-00323,16,0.8886350656767561,11.251873350143434,present_renormalization,,1.7772701313535122,2m_times_B
ax4-local-00323,16,0.8886350656767561,11.251873350143434,shared_residual,0.25,0.22215876641918902,m_times_D_over_B
ax4-local-00323,16,0.8886350656767561,11.251873350143434,shared_residual,0.5,0.44431753283837805,m_times_D_over_B
ax4-local-00323,16,0.8886350656767561,11.251873350143434,shared_residual,1.0,0.8886350656767561,m_times_D_over_B
ax4-local-00323,16,0.8886350656767561,11.251873350143434,shared_residual,2.0,1.7772701313535122,m_times_D_over_B
ax4-local-00324,16,0.8900232018561485,11.251873350143434,null_residual,,0.8900232018561485,m_times_B
ax4-local-00324,16,0.8900232018561485,11.251873350143434,present_renormalization,,1.780046403712297,2m_times_B
ax4-local-00324,16,0.8900232018561485,11.251873350143434,shared_residual,0.25,0.22250580046403712,m_times_D_over_B
ax4-local-00324,16,0.8900232018561485,11.251873350143434,shared_residual,0.5,0.44501160092807424,m_times_D_over_B
ax4-local-00324,16,0.8900232018561485,11.251873350143434,shared_residual,1.0,0.8900232018561485,m_times_D_over_B
ax4-local-00324,16,0.8900232018561485,11.251873350143434,shared_residual,2.0,1.780046403712297,m_times_D_over_B
ax4-local-00325,16,0.8918083462132921,11.251873350143434,null_residual,,0.8918083462132921,m_times_B
ax4-local-00325,16,0.8918083462132921,11.251873350143434,present_renormalization,,1.7836166924265842,2m_times_B
ax4-local-00325,16,0.8918083462132921,11.251873350143434,shared_residual,0.25,0.22295208655332302,m_times_D_over_B
ax4-local-00325,16,0.8918083462132921,11.251873350143434,shared_residual,0.5,0.44590417310664604,m_times_D_over_B
ax4-local-00325,16,0.8918083462132921,11.251873350143434,shared_residual,1.0,0.8918083462132921,m_times_D_over_B
ax4-local-00325,16,0.8918083462132921,11.251873350143434,shared_residual,2.0,1.7836166924265842,m_times_D_over_B
ax4-local-00326,16,0.9202801867911942,11.251873350143434,null_residual,,0.9202801867911942,m_times_B
ax4-local-00326,16,0.9202801867911942,11.251873350143434,present_renormalization,,1.8405603735823883,2m_times_B
ax4-local-00326,16,0.9202801867911942,11.251873350143434,shared_residual,0.25,0.23007004669779854,m_times_D_over_B
ax4-local-00326,16,0.9202801867911942,11.251873350143434,shared_residual,0.5,0.4601400933955971,m_times_D_over_B
ax4-local-00326,16,0.9202801867911942,11.251873350143434,shared_residual,1.0,0.9202801867911942,m_times_D_over_B
ax4-local-00326,16,0.9202801867911942,11.251873350143434,shared_residual,2.0,1.8405603735823883,m_times_D_over_B
ax4-local-00327,16,0.8896643403123962,11.251873350143434,null_residual,,0.8896643403123962,m_times_B
ax4-local-00327,16,0.8896643403123962,11.251873350143434,present_renormalization,,1.7793286806247923,2m_times_B
ax4-local-00327,16,0.8896643403123962,11.251873350143434,shared_residual,0.25,0.22241608507809904,m_times_D_over_B
ax4-local-00327,16,0.8896643403123962,11.251873350143434,shared_residual,0.5,0.4448321701561981,m_times_D_over_B
ax4-local-00327,16,0.8896643403123962,11.251873350143434,shared_residual,1.0,0.8896643403123962,m_times_D_over_B
ax4-local-00327,16,0.8896643403123962,11.251873350143434,shared_residual,2.0,1.7793286806247923,m_times_D_over_B
ax4-local-00328,16,1.0,11.251873350143434,null_residual,,1.0,m_times_B
ax4-local-00328,16,1.0,11.251873350143434,present_renormalization,,2.0,2m_times_B
ax4-local-00328,16,1.0,11.251873350143434,shared_residual,0.25,0.25,m_times_D_over_B
ax4-local-00328,16,1.0,11.251873350143434,shared_residual,0.5,0.5,m_times_D_over_B
ax4-local-00328,16,1.0,11.251873350143434,shared_residual,1.0,1.0,m_times_D_over_B
ax4-local-00328,16,1.0,11.251873350143434,shared_residual,2.0,2.0,m_times_D_over_B
ax4-local-00329,16,1.0,11.251873350143434,null_residual,,1.0,m_times_B
ax4-local-00329,16,1.0,11.251873350143434,present_renormalization,,2.0,2m_times_B
ax4-local-00329,16,1.0,11.251873350143434,shared_residual,0.25,0.25,m_times_D_over_B
ax4-local-00329,16,1.0,11.251873350143434,shared_residual,0.5,0.5,m_times_D_over_B
ax4-local-00329,16,1.0,11.251873350143434,shared_residual,1.0,1.0,m_times_D_over_B
ax4-local-00329,16,1.0,11.251873350143434,shared_residual,2.0,2.0,m_times_D_over_B
ax4-local-00330,16,1.0,11.251873350143434,null_residual,,1.0,m_times_B
ax4-local-00330,16,1.0,11.251873350143434,present_renormalization,,2.0,2m_times_B
ax4-local-00330,16,1.0,11.251873350143434,shared_residual,0.25,0.25,m_times_D_over_B
ax4-local-00330,16,1.0,11.251873350143434,shared_residual,0.5,0.5,m_times_D_over_B
ax4-local-00330,16,1.0,11.251873350143434,shared_residual,1.0,1.0,m_times_D_over_B
ax4-local-00330,16,1.0,11.251873350143434,shared_residual,2.0,2.0,m_times_D_over_B
ax4-local-00331,16,0.8883288096161303,11.251873350143434,null_residual,,0.8883288096161303,m_times_B
ax4-local-00331,16,0.8883288096161303,11.251873350143434,present_renormalization,,1.7766576192322605,2m_times_B
ax4-local-00331,16,0.8883288096161303,11.251873350143434,shared_residual,0.25,0.22208220240403256,m_times_D_over_B
ax4-local-00331,16,0.8883288096161303,11.251873350143434,shared_residual,0.5,0.4441644048080651,m_times_D_over_B
ax4-local-00331,16,0.8883288096161303,11.251873350143434,shared_residual,1.0,0.8883288096161303,m_times_D_over_B
ax4-local-00331,16,0.8883288096161303,11.251873350143434,shared_residual,2.0,1.7766576192322605,m_times_D_over_B
ax4-local-00332,16,0.8883288096161303,11.251873350143434,null_residual,,0.8883288096161303,m_times_B
ax4-local-00332,16,0.8883288096161303,11.251873350143434,present_renormalization,,1.7766576192322605,2m_times_B
ax4-local-00332,16,0.8883288096161303,11.251873350143434,shared_residual,0.25,0.22208220240403256,m_times_D_over_B
ax4-local-00332,16,0.8883288096161303,11.251873350143434,shared_residual,0.5,0.4441644048080651,m_times_D_over_B
ax4-local-00332,16,0.8883288096161303,11.251873350143434,shared_residual,1.0,0.8883288096161303,m_times_D_over_B
ax4-local-00332,16,0.8883288096161303,11.251873350143434,shared_residual,2.0,1.7766576192322605,m_times_D_over_B
ax4-local-00333,16,0.8883288096161303,11.251873350143434,null_residual,,0.8883288096161303,m_times_B
ax4-local-00333,16,0.8883288096161303,11.251873350143434,present_renormalization,,1.7766576192322605,2m_times_B
ax4-local-00333,16,0.8883288096161303,11.251873350143434,shared_residual,0.25,0.22208220240403256,m_times_D_over_B
ax4-local-00333,16,0.8883288096161303,11.251873350143434,shared_residual,0.5,0.4441644048080651,m_times_D_over_B
ax4-local-00333,16,0.8883288096161303,11.251873350143434,shared_residual,1.0,0.8883288096161303,m_times_D_over_B
ax4-local-00333,16,0.8883288096161303,11.251873350143434,shared_residual,2.0,1.7766576192322605,m_times_D_over_B
ax4-local-00334,16,0.8883288096161303,11.251873350143434,null_residual,,0.8883288096161303,m_times_B
ax4-local-00334,16,0.8883288096161303,11.251873350143434,present_renormalization,,1.7766576192322605,2m_times_B
ax4-local-00334,16,0.8883288096161303,11.251873350143434,shared_residual,0.25,0.22208220240403256,m_times_D_over_B
ax4-local-00334,16,0.8883288096161303,11.251873350143434,shared_residual,0.5,0.4441644048080651,m_times_D_over_B
ax4-local-00334,16,0.8883288096161303,11.251873350143434,shared_residual,1.0,0.8883288096161303,m_times_D_over_B
ax4-local-00334,16,0.8883288096161303,11.251873350143434,shared_residual,2.0,1.7766576192322605,m_times_D_over_B
ax4-local-00335,16,0.8886350656767561,11.251873350143434,null_residual,,0.8886350656767561,m_times_B
ax4-local-00335,16,0.8886350656767561,11.251873350143434,present_renormalization,,1.7772701313535122,2m_times_B
ax4-local-00335,16,0.8886350656767561,11.251873350143434,shared_residual,0.25,0.22215876641918902,m_times_D_over_B
ax4-local-00335,16,0.8886350656767561,11.251873350143434,shared_residual,0.5,0.44431753283837805,m_times_D_over_B
ax4-local-00335,16,0.8886350656767561,11.251873350143434,shared_residual,1.0,0.8886350656767561,m_times_D_over_B
ax4-local-00335,16,0.8886350656767561,11.251873350143434,shared_residual,2.0,1.7772701313535122,m_times_D_over_B
ax4-local-00336,16,0.8906426155580609,11.251873350143434,null_residual,,0.8906426155580609,m_times_B
ax4-local-00336,16,0.8906426155580609,11.251873350143434,present_renormalization,,1.7812852311161218,2m_times_B
ax4-local-00336,16,0.8906426155580609,11.251873350143434,shared_residual,0.25,0.22266065388951523,m_times_D_over_B
ax4-local-00336,16,0.8906426155580609,11.251873350143434,shared_residual,0.5,0.44532130777903045,m_times_D_over_B
ax4-local-00336,16,0.8906426155580609,11.251873350143434,shared_residual,1.0,0.8906426155580609,m_times_D_over_B
ax4-local-00336,16,0.8906426155580609,11.251873350143434,shared_residual,2.0,1.7812852311161218,m_times_D_over_B
ax4-local-00337,16,0.8917230609057782,11.251873350143434,null_residual,,0.8917230609057782,m_times_B
ax4-local-00337,16,0.8917230609057782,11.251873350143434,present_renormalization,,1.7834461218115565,2m_times_B
ax4-local-00337,16,0.8917230609057782,11.251873350143434,shared_residual,0.25,0.22293076522644456,m_times_D_over_B
ax4-local-00337,16,0.8917230609057782,11.251873350143434,shared_residual,0.5,0.4458615304528891,m_times_D_over_B
ax4-local-00337,16,0.8917230609057782,11.251873350143434,shared_residual,1.0,0.8917230609057782,m_times_D_over_B
ax4-local-00337,16,0.8917230609057782,11.251873350143434,shared_residual,2.0,1.7834461218115565,m_times_D_over_B
ax4-local-00338,16,0.920662100456621,11.251873350143434,null_residual,,0.920662100456621,m_times_B
ax4-local-00338,16,0.920662100456621,11.251873350143434,present_renormalization,,1.841324200913242,2m_times_B
ax4-local-00338,16,0.920662100456621,11.251873350143434,shared_residual,0.25,0.23016552511415525,m_times_D_over_B
ax4-local-00338,16,0.920662100456621,11.251873350143434,shared_residual,0.5,0.4603310502283105,m_times_D_over_B
ax4-local-00338,16,0.920662100456621,11.251873350143434,shared_residual,1.0,0.920662100456621,m_times_D_over_B
ax4-local-00338,16,0.920662100456621,11.251873350143434,shared_residual,2.0,1.841324200913242,m_times_D_over_B
ax4-local-00339,16,0.8896643403123962,11.251873350143434,null_residual,,0.8896643403123962,m_times_B
ax4-local-00339,16,0.8896643403123962,11.251873350143434,present_renormalization,,1.7793286806247923,2m_times_B
ax4-local-00339,16,0.8896643403123962,11.251873350143434,shared_residual,0.25,0.22241608507809904,m_times_D_over_B
ax4-local-00339,16,0.8896643403123962,11.251873350143434,shared_residual,0.5,0.4448321701561981,m_times_D_over_B
ax4-local-00339,16,0.8896643403123962,11.251873350143434,shared_residual,1.0,0.8896643403123962,m_times_D_over_B
ax4-local-00339,16,0.8896643403123962,11.251873350143434,shared_residual,2.0,1.7793286806247923,m_times_D_over_B
ax4-local-00340,16,1.0,11.251873350143434,null_residual,,1.0,m_times_B
ax4-local-00340,16,1.0,11.251873350143434,present_renormalization,,2.0,2m_times_B
ax4-local-00340,16,1.0,11.251873350143434,shared_residual,0.25,0.25,m_times_D_over_B
ax4-local-00340,16,1.0,11.251873350143434,shared_residual,0.5,0.5,m_times_D_over_B
ax4-local-00340,16,1.0,11.251873350143434,shared_residual,1.0,1.0,m_times_D_over_B
ax4-local-00340,16,1.0,11.251873350143434,shared_residual,2.0,2.0,m_times_D_over_B
ax4-local-00341,16,1.0,11.251873350143434,null_residual,,1.0,m_times_B
ax4-local-00341,16,1.0,11.251873350143434,present_renormalization,,2.0,2m_times_B
ax4-local-00341,16,1.0,11.251873350143434,shared_residual,0.25,0.25,m_times_D_over_B
ax4-local-00341,16,1.0,11.251873350143434,shared_residual,0.5,0.5,m_times_D_over_B
ax4-local-00341,16,1.0,11.251873350143434,shared_residual,1.0,1.0,m_times_D_over_B
ax4-local-00341,16,1.0,11.251873350143434,shared_residual,2.0,2.0,m_times_D_over_B
ax4-local-00342,16,1.0,11.251873350143434,null_residual,,1.0,m_times_B
ax4-local-00342,16,1.0,11.251873350143434,present_renormalization,,2.0,2m_times_B
ax4-local-00342,16,1.0,11.251873350143434,shared_residual,0.25,0.25,m_times_D_over_B
ax4-local-00342,16,1.0,11.251873350143434,shared_residual,0.5,0.5,m_times_D_over_B
ax4-local-00342,16,1.0,11.251873350143434,shared_residual,1.0,1.0,m_times_D_over_B
ax4-local-00342,16,1.0,11.251873350143434,shared_residual,2.0,2.0,m_times_D_over_B
ax4-local-00343,16,0.8883288096161303,11.251873350143434,null_residual,,0.8883288096161303,m_times_B
ax4-local-00343,16,0.8883288096161303,11.251873350143434,present_renormalization,,1.7766576192322605,2m_times_B
ax4-local-00343,16,0.8883288096161303,11.251873350143434,shared_residual,0.25,0.22208220240403256,m_times_D_over_B
ax4-local-00343,16,0.8883288096161303,11.251873350143434,shared_residual,0.5,0.4441644048080651,m_times_D_over_B
ax4-local-00343,16,0.8883288096161303,11.251873350143434,shared_residual,1.0,0.8883288096161303,m_times_D_over_B
ax4-local-00343,16,0.8883288096161303,11.251873350143434,shared_residual,2.0,1.7766576192322605,m_times_D_over_B
ax4-local-00344,16,0.8883288096161303,11.251873350143434,null_residual,,0.8883288096161303,m_times_B
ax4-local-00344,16,0.8883288096161303,11.251873350143434,present_renormalization,,1.7766576192322605,2m_times_B
ax4-local-00344,16,0.8883288096161303,11.251873350143434,shared_residual,0.25,0.22208220240403256,m_times_D_over_B
ax4-local-00344,16,0.8883288096161303,11.251873350143434,shared_residual,0.5,0.4441644048080651,m_times_D_over_B
ax4-local-00344,16,0.8883288096161303,11.251873350143434,shared_residual,1.0,0.8883288096161303,m_times_D_over_B
ax4-local-00344,16,0.8883288096161303,11.251873350143434,shared_residual,2.0,1.7766576192322605,m_times_D_over_B
ax4-local-00345,16,0.8883288096161303,11.251873350143434,null_residual,,0.8883288096161303,m_times_B
ax4-local-00345,16,0.8883288096161303,11.251873350143434,present_renormalization,,1.7766576192322605,2m_times_B
ax4-local-00345,16,0.8883288096161303,11.251873350143434,shared_residual,0.25,0.22208220240403256,m_times_D_over_B
ax4-local-00345,16,0.8883288096161303,11.251873350143434,shared_residual,0.5,0.4441644048080651,m_times_D_over_B
ax4-local-00345,16,0.8883288096161303,11.251873350143434,shared_residual,1.0,0.8883288096161303,m_times_D_over_B
ax4-local-00345,16,0.8883288096161303,11.251873350143434,shared_residual,2.0,1.7766576192322605,m_times_D_over_B
ax4-local-00346,16,0.8883288096161303,11.251873350143434,null_residual,,0.8883288096161303,m_times_B
ax4-local-00346,16,0.8883288096161303,11.251873350143434,present_renormalization,,1.7766576192322605,2m_times_B
ax4-local-00346,16,0.8883288096161303,11.251873350143434,shared_residual,0.25,0.22208220240403256,m_times_D_over_B
ax4-local-00346,16,0.8883288096161303,11.251873350143434,shared_residual,0.5,0.4441644048080651,m_times_D_over_B
ax4-local-00346,16,0.8883288096161303,11.251873350143434,shared_residual,1.0,0.8883288096161303,m_times_D_over_B
ax4-local-00346,16,0.8883288096161303,11.251873350143434,shared_residual,2.0,1.7766576192322605,m_times_D_over_B
ax4-local-00347,16,0.6423388817755015,11.251873350143434,null_residual,,0.6423388817755015,m_times_B
ax4-local-00347,16,0.6423388817755015,11.251873350143434,present_renormalization,,1.284677763551003,2m_times_B
ax4-local-00347,16,0.6423388817755015,11.251873350143434,shared_residual,0.25,0.16058472044387537,m_times_D_over_B
ax4-local-00347,16,0.6423388817755015,11.251873350143434,shared_residual,0.5,0.32116944088775073,m_times_D_over_B
ax4-local-00347,16,0.6423388817755015,11.251873350143434,shared_residual,1.0,0.6423388817755015,m_times_D_over_B
ax4-local-00347,16,0.6423388817755015,11.251873350143434,shared_residual,2.0,1.284677763551003,m_times_D_over_B
ax4-local-00348,16,0.8883288096161303,11.251873350143434,null_residual,,0.8883288096161303,m_times_B
ax4-local-00348,16,0.8883288096161303,11.251873350143434,present_renormalization,,1.7766576192322605,2m_times_B
ax4-local-00348,16,0.8883288096161303,11.251873350143434,shared_residual,0.25,0.22208220240403256,m_times_D_over_B
ax4-local-00348,16,0.8883288096161303,11.251873350143434,shared_residual,0.5,0.4441644048080651,m_times_D_over_B
ax4-local-00348,16,0.8883288096161303,11.251873350143434,shared_residual,1.0,0.8883288096161303,m_times_D_over_B
ax4-local-00348,16,0.8883288096161303,11.251873350143434,shared_residual,2.0,1.7766576192322605,m_times_D_over_B
ax4-local-00349,16,0.8883288096161303,11.251873350143434,null_residual,,0.8883288096161303,m_times_B
ax4-local-00349,16,0.8883288096161303,11.251873350143434,present_renormalization,,1.7766576192322605,2m_times_B
ax4-local-00349,16,0.8883288096161303,11.251873350143434,shared_residual,0.25,0.22208220240403256,m_times_D_over_B
ax4-local-00349,16,0.8883288096161303,11.251873350143434,shared_residual,0.5,0.4441644048080651,m_times_D_over_B
ax4-local-00349,16,0.8883288096161303,11.251873350143434,shared_residual,1.0,0.8883288096161303,m_times_D_over_B
ax4-local-00349,16,0.8883288096161303,11.251873350143434,shared_residual,2.0,1.7766576192322605,m_times_D_over_B
ax4-local-00350,16,0.6423388817755015,11.251873350143434,null_residual,,0.6423388817755015,m_times_B
ax4-local-00350,16,0.6423388817755015,11.251873350143434,present_renormalization,,1.284677763551003,2m_times_B
ax4-local-00350,16,0.6423388817755015,11.251873350143434,shared_residual,0.25,0.16058472044387537,m_times_D_over_B
ax4-local-00350,16,0.6423388817755015,11.251873350143434,shared_residual,0.5,0.32116944088775073,m_times_D_over_B
ax4-local-00350,16,0.6423388817755015,11.251873350143434,shared_residual,1.0,0.6423388817755015,m_times_D_over_B
ax4-local-00350,16,0.6423388817755015,11.251873350143434,shared_residual,2.0,1.284677763551003,m_times_D_over_B
ax4-local-00351,16,0.3349034385303815,11.251873350143434,null_residual,,0.3349034385303815,m_times_B
ax4-local-00351,16,0.3349034385303815,11.251873350143434,present_renormalization,,0.669806877060763,2m_times_B
ax4-local-00351,16,0.3349034385303815,11.251873350143434,shared_residual,0.25,0.08372585963259538,m_times_D_over_B
ax4-local-00351,16,0.3349034385303815,11.251873350143434,shared_residual,0.5,0.16745171926519076,m_times_D_over_B
ax4-local-00351,16,0.3349034385303815,11.251873350143434,shared_residual,1.0,0.3349034385303815,m_times_D_over_B
ax4-local-00351,16,0.3349034385303815,11.251873350143434,shared_residual,2.0,0.669806877060763,m_times_D_over_B
ax4-local-00352,16,0.8883288096161303,11.251873350143434,null_residual,,0.8883288096161303,m_times_B
ax4-local-00352,16,0.8883288096161303,11.251873350143434,present_renormalization,,1.7766576192322605,2m_times_B
ax4-local-00352,16,0.8883288096161303,11.251873350143434,shared_residual,0.25,0.22208220240403256,m_times_D_over_B
ax4-local-00352,16,0.8883288096161303,11.251873350143434,shared_residual,0.5,0.4441644048080651,m_times_D_over_B
ax4-local-00352,16,0.8883288096161303,11.251873350143434,shared_residual,1.0,0.8883288096161303,m_times_D_over_B
ax4-local-00352,16,0.8883288096161303,11.251873350143434,shared_residual,2.0,1.7766576192322605,m_times_D_over_B
ax4-local-00353,16,0.6423388817755015,11.251873350143434,null_residual,,0.6423388817755015,m_times_B
ax4-local-00353,16,0.6423388817755015,11.251873350143434,present_renormalization,,1.284677763551003,2m_times_B
ax4-local-00353,16,0.6423388817755015,11.251873350143434,shared_residual,0.25,0.16058472044387537,m_times_D_over_B
ax4-local-00353,16,0.6423388817755015,11.251873350143434,shared_residual,0.5,0.32116944088775073,m_times_D_over_B
ax4-local-00353,16,0.6423388817755015,11.251873350143434,shared_residual,1.0,0.6423388817755015,m_times_D_over_B
ax4-local-00353,16,0.6423388817755015,11.251873350143434,shared_residual,2.0,1.284677763551003,m_times_D_over_B
ax4-local-00354,16,0.3349034385303815,11.251873350143434,null_residual,,0.3349034385303815,m_times_B
ax4-local-00354,16,0.3349034385303815,11.251873350143434,present_renormalization,,0.669806877060763,2m_times_B
ax4-local-00354,16,0.3349034385303815,11.251873350143434,shared_residual,0.25,0.08372585963259538,m_times_D_over_B
ax4-local-00354,16,0.3349034385303815,11.251873350143434,shared_residual,0.5,0.16745171926519076,m_times_D_over_B
ax4-local-00354,16,0.3349034385303815,11.251873350143434,shared_residual,1.0,0.3349034385303815,m_times_D_over_B
ax4-local-00354,16,0.3349034385303815,11.251873350143434,shared_residual,2.0,0.669806877060763,m_times_D_over_B
ax4-local-00355,16,0.07977207977207978,11.251873350143434,null_residual,,0.07977207977207978,m_times_B
ax4-local-00355,16,0.07977207977207978,11.251873350143434,present_renormalization,,0.15954415954415957,2m_times_B
ax4-local-00355,16,0.07977207977207978,11.251873350143434,shared_residual,0.25,0.019943019943019946,m_times_D_over_B
ax4-local-00355,16,0.07977207977207978,11.251873350143434,shared_residual,0.5,0.03988603988603989,m_times_D_over_B
ax4-local-00355,16,0.07977207977207978,11.251873350143434,shared_residual,1.0,0.07977207977207978,m_times_D_over_B
ax4-local-00355,16,0.07977207977207978,11.251873350143434,shared_residual,2.0,0.15954415954415957,m_times_D_over_B
ax4-local-00356,16,0.8883288096161303,11.251873350143434,null_residual,,0.8883288096161303,m_times_B
ax4-local-00356,16,0.8883288096161303,11.251873350143434,present_renormalization,,1.7766576192322605,2m_times_B
ax4-local-00356,16,0.8883288096161303,11.251873350143434,shared_residual,0.25,0.22208220240403256,m_times_D_over_B
ax4-local-00356,16,0.8883288096161303,11.251873350143434,shared_residual,0.5,0.4441644048080651,m_times_D_over_B
ax4-local-00356,16,0.8883288096161303,11.251873350143434,shared_residual,1.0,0.8883288096161303,m_times_D_over_B
ax4-local-00356,16,0.8883288096161303,11.251873350143434,shared_residual,2.0,1.7766576192322605,m_times_D_over_B
ax4-local-00357,16,0.3349034385303815,11.251873350143434,null_residual,,0.3349034385303815,m_times_B
ax4-local-00357,16,0.3349034385303815,11.251873350143434,present_renormalization,,0.669806877060763,2m_times_B
ax4-local-00357,16,0.3349034385303815,11.251873350143434,shared_residual,0.25,0.08372585963259538,m_times_D_over_B
ax4-local-00357,16,0.3349034385303815,11.251873350143434,shared_residual,0.5,0.16745171926519076,m_times_D_over_B
ax4-local-00357,16,0.3349034385303815,11.251873350143434,shared_residual,1.0,0.3349034385303815,m_times_D_over_B
ax4-local-00357,16,0.3349034385303815,11.251873350143434,shared_residual,2.0,0.669806877060763,m_times_D_over_B
ax4-local-00358,16,0.07977207977207978,11.251873350143434,null_residual,,0.07977207977207978,m_times_B
ax4-local-00358,16,0.07977207977207978,11.251873350143434,present_renormalization,,0.15954415954415957,2m_times_B
ax4-local-00358,16,0.07977207977207978,11.251873350143434,shared_residual,0.25,0.019943019943019946,m_times_D_over_B
ax4-local-00358,16,0.07977207977207978,11.251873350143434,shared_residual,0.5,0.03988603988603989,m_times_D_over_B
ax4-local-00358,16,0.07977207977207978,11.251873350143434,shared_residual,1.0,0.07977207977207978,m_times_D_over_B
ax4-local-00358,16,0.07977207977207978,11.251873350143434,shared_residual,2.0,0.15954415954415957,m_times_D_over_B
ax4-local-00359,16,2.220446049250313e-16,11.251873350143434,null_residual,,2.220446049250313e-16,m_times_B
ax4-local-00359,16,2.220446049250313e-16,11.251873350143434,present_renormalization,,4.440892098500626e-16,2m_times_B
ax4-local-00359,16,2.220446049250313e-16,11.251873350143434,shared_residual,0.25,5.551115123125783e-17,m_times_D_over_B
ax4-local-00359,16,2.220446049250313e-16,11.251873350143434,shared_residual,0.5,1.1102230246251565e-16,m_times_D_over_B
ax4-local-00359,16,2.220446049250313e-16,11.251873350143434,shared_residual,1.0,2.220446049250313e-16,m_times_D_over_B
ax4-local-00359,16,2.220446049250313e-16,11.251873350143434,shared_residual,2.0,4.440892098500626e-16,m_times_D_over_B
ax4-local-00360,16,0.8883288096161303,11.251873350143434,null_residual,,0.8883288096161303,m_times_B
ax4-local-00360,16,0.8883288096161303,11.251873350143434,present_renormalization,,1.7766576192322605,2m_times_B
ax4-local-00360,16,0.8883288096161303,11.251873350143434,shared_residual,0.25,0.22208220240403256,m_times_D_over_B
ax4-local-00360,16,0.8883288096161303,11.251873350143434,shared_residual,0.5,0.4441644048080651,m_times_D_over_B
ax4-local-00360,16,0.8883288096161303,11.251873350143434,shared_residual,1.0,0.8883288096161303,m_times_D_over_B
ax4-local-00360,16,0.8883288096161303,11.251873350143434,shared_residual,2.0,1.7766576192322605,m_times_D_over_B
ax4-local-00361,16,0.8883288096161303,11.251873350143434,null_residual,,0.8883288096161303,m_times_B
ax4-local-00361,16,0.8883288096161303,11.251873350143434,present_renormalization,,1.7766576192322605,2m_times_B
ax4-local-00361,16,0.8883288096161303,11.251873350143434,shared_residual,0.25,0.22208220240403256,m_times_D_over_B
ax4-local-00361,16,0.8883288096161303,11.251873350143434,shared_residual,0.5,0.4441644048080651,m_times_D_over_B
ax4-local-00361,16,0.8883288096161303,11.251873350143434,shared_residual,1.0,0.8883288096161303,m_times_D_over_B
ax4-local-00361,16,0.8883288096161303,11.251873350143434,shared_residual,2.0,1.7766576192322605,m_times_D_over_B
ax4-local-00362,16,0.8886350656767561,11.251873350143434,null_residual,,0.8886350656767561,m_times_B
ax4-local-00362,16,0.8886350656767561,11.251873350143434,present_renormalization,,1.7772701313535122,2m_times_B
ax4-local-00362,16,0.8886350656767561,11.251873350143434,shared_residual,0.25,0.22215876641918902,m_times_D_over_B
ax4-local-00362,16,0.8886350656767561,11.251873350143434,shared_residual,0.5,0.44431753283837805,m_times_D_over_B
ax4-local-00362,16,0.8886350656767561,11.251873350143434,shared_residual,1.0,0.8886350656767561,m_times_D_over_B
ax4-local-00362,16,0.8886350656767561,11.251873350143434,shared_residual,2.0,1.7772701313535122,m_times_D_over_B
ax4-local-00363,16,0.8905601659751037,11.251873350143434,null_residual,,0.8905601659751037,m_times_B
ax4-local-00363,16,0.8905601659751037,11.251873350143434,present_renormalization,,1.7811203319502074,2m_times_B
ax4-local-00363,16,0.8905601659751037,11.251873350143434,shared_residual,0.25,0.22264004149377592,m_times_D_over_B
ax4-local-00363,16,0.8905601659751037,11.251873350143434,shared_residual,0.5,0.44528008298755184,m_times_D_over_B
ax4-local-00363,16,0.8905601659751037,11.251873350143434,shared_residual,1.0,0.8905601659751037,m_times_D_over_B
ax4-local-00363,16,0.8905601659751037,11.251873350143434,shared_residual,2.0,1.7811203319502074,m_times_D_over_B
ax4-local-00364,16,0.8917230609057782,11.251873350143434,null_residual,,0.8917230609057782,m_times_B
ax4-local-00364,16,0.8917230609057782,11.251873350143434,present_renormalization,,1.7834461218115565,2m_times_B
ax4-local-00364,16,0.8917230609057782,11.251873350143434,shared_residual,0.25,0.22293076522644456,m_times_D_over_B
ax4-local-00364,16,0.8917230609057782,11.251873350143434,shared_residual,0.5,0.4458615304528891,m_times_D_over_B
ax4-local-00364,16,0.8917230609057782,11.251873350143434,shared_residual,1.0,0.8917230609057782,m_times_D_over_B
ax4-local-00364,16,0.8917230609057782,11.251873350143434,shared_residual,2.0,1.7834461218115565,m_times_D_over_B
ax4-local-00365,16,0.9204625087596356,11.251873350143434,null_residual,,0.9204625087596356,m_times_B
ax4-local-00365,16,0.9204625087596356,11.251873350143434,present_renormalization,,1.8409250175192713,2m_times_B
ax4-local-00365,16,0.9204625087596356,11.251873350143434,shared_residual,0.25,0.2301156271899089,m_times_D_over_B
ax4-local-00365,16,0.9204625087596356,11.251873350143434,shared_residual,0.5,0.4602312543798178,m_times_D_over_B
ax4-local-00365,16,0.9204625087596356,11.251873350143434,shared_residual,1.0,0.9204625087596356,m_times_D_over_B
ax4-local-00365,16,0.9204625087596356,11.251873350143434,shared_residual,2.0,1.8409250175192713,m_times_D_over_B
ax4-local-00366,16,0.8896643403123962,11.251873350143434,null_residual,,0.8896643403123962,m_times_B
ax4-local-00366,16,0.8896643403123962,11.251873350143434,present_renormalization,,1.7793286806247923,2m_times_B
ax4-local-00366,16,0.8896643403123962,11.251873350143434,shared_residual,0.25,0.22241608507809904,m_times_D_over_B
ax4-local-00366,16,0.8896643403123962,11.251873350143434,shared_residual,0.5,0.4448321701561981,m_times_D_over_B
ax4-local-00366,16,0.8896643403123962,11.251873350143434,shared_residual,1.0,0.8896643403123962,m_times_D_over_B
ax4-local-00366,16,0.8896643403123962,11.251873350143434,shared_residual,2.0,1.7793286806247923,m_times_D_over_B
ax4-local-00367,16,1.0,11.251873350143434,null_residual,,1.0,m_times_B
ax4-local-00367,16,1.0,11.251873350143434,present_renormalization,,2.0,2m_times_B
ax4-local-00367,16,1.0,11.251873350143434,shared_residual,0.25,0.25,m_times_D_over_B
ax4-local-00367,16,1.0,11.251873350143434,shared_residual,0.5,0.5,m_times_D_over_B
ax4-local-00367,16,1.0,11.251873350143434,shared_residual,1.0,1.0,m_times_D_over_B
ax4-local-00367,16,1.0,11.251873350143434,shared_residual,2.0,2.0,m_times_D_over_B
ax4-local-00368,16,1.0,11.251873350143434,null_residual,,1.0,m_times_B
ax4-local-00368,16,1.0,11.251873350143434,present_renormalization,,2.0,2m_times_B
ax4-local-00368,16,1.0,11.251873350143434,shared_residual,0.25,0.25,m_times_D_over_B
ax4-local-00368,16,1.0,11.251873350143434,shared_residual,0.5,0.5,m_times_D_over_B
ax4-local-00368,16,1.0,11.251873350143434,shared_residual,1.0,1.0,m_times_D_over_B
ax4-local-00368,16,1.0,11.251873350143434,shared_residual,2.0,2.0,m_times_D_over_B
ax4-local-00369,16,1.0,11.251873350143434,null_residual,,1.0,m_times_B
ax4-local-00369,16,1.0,11.251873350143434,present_renormalization,,2.0,2m_times_B
ax4-local-00369,16,1.0,11.251873350143434,shared_residual,0.25,0.25,m_times_D_over_B
ax4-local-00369,16,1.0,11.251873350143434,shared_residual,0.5,0.5,m_times_D_over_B
ax4-local-00369,16,1.0,11.251873350143434,shared_residual,1.0,1.0,m_times_D_over_B
ax4-local-00369,16,1.0,11.251873350143434,shared_residual,2.0,2.0,m_times_D_over_B
ax4-local-00370,16,0.8883288096161303,11.251873350143434,null_residual,,0.8883288096161303,m_times_B
ax4-local-00370,16,0.8883288096161303,11.251873350143434,present_renormalization,,1.7766576192322605,2m_times_B
ax4-local-00370,16,0.8883288096161303,11.251873350143434,shared_residual,0.25,0.22208220240403256,m_times_D_over_B
ax4-local-00370,16,0.8883288096161303,11.251873350143434,shared_residual,0.5,0.4441644048080651,m_times_D_over_B
ax4-local-00370,16,0.8883288096161303,11.251873350143434,shared_residual,1.0,0.8883288096161303,m_times_D_over_B
ax4-local-00370,16,0.8883288096161303,11.251873350143434,shared_residual,2.0,1.7766576192322605,m_times_D_over_B
ax4-local-00371,16,0.8883288096161303,11.251873350143434,null_residual,,0.8883288096161303,m_times_B
ax4-local-00371,16,0.8883288096161303,11.251873350143434,present_renormalization,,1.7766576192322605,2m_times_B
ax4-local-00371,16,0.8883288096161303,11.251873350143434,shared_residual,0.25,0.22208220240403256,m_times_D_over_B
ax4-local-00371,16,0.8883288096161303,11.251873350143434,shared_residual,0.5,0.4441644048080651,m_times_D_over_B
ax4-local-00371,16,0.8883288096161303,11.251873350143434,shared_residual,1.0,0.8883288096161303,m_times_D_over_B
ax4-local-00371,16,0.8883288096161303,11.251873350143434,shared_residual,2.0,1.7766576192322605,m_times_D_over_B
ax4-local-00372,16,0.8883288096161303,11.251873350143434,null_residual,,0.8883288096161303,m_times_B
ax4-local-00372,16,0.8883288096161303,11.251873350143434,present_renormalization,,1.7766576192322605,2m_times_B
ax4-local-00372,16,0.8883288096161303,11.251873350143434,shared_residual,0.25,0.22208220240403256,m_times_D_over_B
ax4-local-00372,16,0.8883288096161303,11.251873350143434,shared_residual,0.5,0.4441644048080651,m_times_D_over_B
ax4-local-00372,16,0.8883288096161303,11.251873350143434,shared_residual,1.0,0.8883288096161303,m_times_D_over_B
ax4-local-00372,16,0.8883288096161303,11.251873350143434,shared_residual,2.0,1.7766576192322605,m_times_D_over_B
ax4-local-00373,16,0.8883288096161303,11.251873350143434,null_residual,,0.8883288096161303,m_times_B
ax4-local-00373,16,0.8883288096161303,11.251873350143434,present_renormalization,,1.7766576192322605,2m_times_B
ax4-local-00373,16,0.8883288096161303,11.251873350143434,shared_residual,0.25,0.22208220240403256,m_times_D_over_B
ax4-local-00373,16,0.8883288096161303,11.251873350143434,shared_residual,0.5,0.4441644048080651,m_times_D_over_B
ax4-local-00373,16,0.8883288096161303,11.251873350143434,shared_residual,1.0,0.8883288096161303,m_times_D_over_B
ax4-local-00373,16,0.8883288096161303,11.251873350143434,shared_residual,2.0,1.7766576192322605,m_times_D_over_B
ax4-local-00374,16,0.8886350656767561,11.251873350143434,null_residual,,0.8886350656767561,m_times_B
ax4-local-00374,16,0.8886350656767561,11.251873350143434,present_renormalization,,1.7772701313535122,2m_times_B
ax4-local-00374,16,0.8886350656767561,11.251873350143434,shared_residual,0.25,0.22215876641918902,m_times_D_over_B
ax4-local-00374,16,0.8886350656767561,11.251873350143434,shared_residual,0.5,0.44431753283837805,m_times_D_over_B
ax4-local-00374,16,0.8886350656767561,11.251873350143434,shared_residual,1.0,0.8886350656767561,m_times_D_over_B
ax4-local-00374,16,0.8886350656767561,11.251873350143434,shared_residual,2.0,1.7772701313535122,m_times_D_over_B
ax4-local-00375,16,0.8901267767960046,11.251873350143434,null_residual,,0.8901267767960046,m_times_B
ax4-local-00375,16,0.8901267767960046,11.251873350143434,present_renormalization,,1.7802535535920092,2m_times_B
ax4-local-00375,16,0.8901267767960046,11.251873350143434,shared_residual,0.25,0.22253169419900115,m_times_D_over_B
ax4-local-00375,16,0.8901267767960046,11.251873350143434,shared_residual,0.5,0.4450633883980023,m_times_D_over_B
ax4-local-00375,16,0.8901267767960046,11.251873350143434,shared_residual,1.0,0.8901267767960046,m_times_D_over_B
ax4-local-00375,16,0.8901267767960046,11.251873350143434,shared_residual,2.0,1.7802535535920092,m_times_D_over_B
ax4-local-00376,16,0.8917230609057782,11.251873350143434,null_residual,,0.8917230609057782,m_times_B
ax4-local-00376,16,0.8917230609057782,11.251873350143434,present_renormalization,,1.7834461218115565,2m_times_B
ax4-local-00376,16,0.8917230609057782,11.251873350143434,shared_residual,0.25,0.22293076522644456,m_times_D_over_B
ax4-local-00376,16,0.8917230609057782,11.251873350143434,shared_residual,0.5,0.4458615304528891,m_times_D_over_B
ax4-local-00376,16,0.8917230609057782,11.251873350143434,shared_residual,1.0,0.8917230609057782,m_times_D_over_B
ax4-local-00376,16,0.8917230609057782,11.251873350143434,shared_residual,2.0,1.7834461218115565,m_times_D_over_B
ax4-local-00377,16,0.9205905826017557,11.251873350143434,null_residual,,0.9205905826017557,m_times_B
ax4-local-00377,16,0.9205905826017557,11.251873350143434,present_renormalization,,1.8411811652035115,2m_times_B
ax4-local-00377,16,0.9205905826017557,11.251873350143434,shared_residual,0.25,0.23014764565043894,m_times_D_over_B
ax4-local-00377,16,0.9205905826017557,11.251873350143434,shared_residual,0.5,0.4602952913008779,m_times_D_over_B
ax4-local-00377,16,0.9205905826017557,11.251873350143434,shared_residual,1.0,0.9205905826017557,m_times_D_over_B
ax4-local-00377,16,0.9205905826017557,11.251873350143434,shared_residual,2.0,1.8411811652035115,m_times_D_over_B
ax4-local-00378,16,0.9164743885556068,11.251873350143434,null_residual,,0.9164743885556068,m_times_B
ax4-local-00378,16,0.9164743885556068,11.251873350143434,present_renormalization,,1.8329487771112136,2m_times_B
ax4-local-00378,16,0.9164743885556068,11.251873350143434,shared_residual,0.25,0.2291185971389017,m_times_D_over_B
ax4-local-00378,16,0.9164743885556068,11.251873350143434,shared_residual,0.5,0.4582371942778034,m_times_D_over_B
ax4-local-00378,16,0.9164743885556068,11.251873350143434,shared_residual,1.0,0.9164743885556068,m_times_D_over_B
ax4-local-00378,16,0.9164743885556068,11.251873350143434,shared_residual,2.0,1.8329487771112136,m_times_D_over_B
ax4-local-00379,16,0.9169254658385093,11.251873350143434,null_residual,,0.9169254658385093,m_times_B
ax4-local-00379,16,0.9169254658385093,11.251873350143434,present_renormalization,,1.8338509316770186,2m_times_B
ax4-local-00379,16,0.9169254658385093,11.251873350143434,shared_residual,0.25,0.22923136645962733,m_times_D_over_B
ax4-local-00379,16,0.9169254658385093,11.251873350143434,shared_residual,0.5,0.45846273291925466,m_times_D_over_B
ax4-local-00379,16,0.9169254658385093,11.251873350143434,shared_residual,1.0,0.9169254658385093,m_times_D_over_B
ax4-local-00379,16,0.9169254658385093,11.251873350143434,shared_residual,2.0,1.8338509316770186,m_times_D_over_B
ax4-local-00380,16,1.0,11.251873350143434,null_residual,,1.0,m_times_B
ax4-local-00380,16,1.0,11.251873350143434,present_renormalization,,2.0,2m_times_B
ax4-local-00380,16,1.0,11.251873350143434,shared_residual,0.25,0.25,m_times_D_over_B
ax4-local-00380,16,1.0,11.251873350143434,shared_residual,0.5,0.5,m_times_D_over_B
ax4-local-00380,16,1.0,11.251873350143434,shared_residual,1.0,1.0,m_times_D_over_B
ax4-local-00380,16,1.0,11.251873350143434,shared_residual,2.0,2.0,m_times_D_over_B
ax4-local-00381,16,1.0,11.251873350143434,null_residual,,1.0,m_times_B
ax4-local-00381,16,1.0,11.251873350143434,present_renormalization,,2.0,2m_times_B
ax4-local-00381,16,1.0,11.251873350143434,shared_residual,0.25,0.25,m_times_D_over_B
ax4-local-00381,16,1.0,11.251873350143434,shared_residual,0.5,0.5,m_times_D_over_B
ax4-local-00381,16,1.0,11.251873350143434,shared_residual,1.0,1.0,m_times_D_over_B
ax4-local-00381,16,1.0,11.251873350143434,shared_residual,2.0,2.0,m_times_D_over_B
ax4-local-00382,16,0.9164743885556068,11.251873350143434,null_residual,,0.9164743885556068,m_times_B
ax4-local-00382,16,0.9164743885556068,11.251873350143434,present_renormalization,,1.8329487771112136,2m_times_B
ax4-local-00382,16,0.9164743885556068,11.251873350143434,shared_residual,0.25,0.2291185971389017,m_times_D_over_B
ax4-local-00382,16,0.9164743885556068,11.251873350143434,shared_residual,0.5,0.4582371942778034,m_times_D_over_B
ax4-local-00382,16,0.9164743885556068,11.251873350143434,shared_residual,1.0,0.9164743885556068,m_times_D_over_B
ax4-local-00382,16,0.9164743885556068,11.251873350143434,shared_residual,2.0,1.8329487771112136,m_times_D_over_B
ax4-local-00383,16,0.9164743885556068,11.251873350143434,null_residual,,0.9164743885556068,m_times_B
ax4-local-00383,16,0.9164743885556068,11.251873350143434,present_renormalization,,1.8329487771112136,2m_times_B
ax4-local-00383,16,0.9164743885556068,11.251873350143434,shared_residual,0.25,0.2291185971389017,m_times_D_over_B
ax4-local-00383,16,0.9164743885556068,11.251873350143434,shared_residual,0.5,0.4582371942778034,m_times_D_over_B
ax4-local-00383,16,0.9164743885556068,11.251873350143434,shared_residual,1.0,0.9164743885556068,m_times_D_over_B
ax4-local-00383,16,0.9164743885556068,11.251873350143434,shared_residual,2.0,1.8329487771112136,m_times_D_over_B
ax4-local-00384,16,0.9164743885556068,11.251873350143434,null_residual,,0.9164743885556068,m_times_B
ax4-local-00384,16,0.9164743885556068,11.251873350143434,present_renormalization,,1.8329487771112136,2m_times_B
ax4-local-00384,16,0.9164743885556068,11.251873350143434,shared_residual,0.25,0.2291185971389017,m_times_D_over_B
ax4-local-00384,16,0.9164743885556068,11.251873350143434,shared_residual,0.5,0.4582371942778034,m_times_D_over_B
ax4-local-00384,16,0.9164743885556068,11.251873350143434,shared_residual,1.0,0.9164743885556068,m_times_D_over_B
ax4-local-00384,16,0.9164743885556068,11.251873350143434,shared_residual,2.0,1.8329487771112136,m_times_D_over_B
ax4-local-00385,16,0.9164743885556068,11.251873350143434,null_residual,,0.9164743885556068,m_times_B
ax4-local-00385,16,0.9164743885556068,11.251873350143434,present_renormalization,,1.8329487771112136,2m_times_B
ax4-local-00385,16,0.9164743885556068,11.251873350143434,shared_residual,0.25,0.2291185971389017,m_times_D_over_B
ax4-local-00385,16,0.9164743885556068,11.251873350143434,shared_residual,0.5,0.4582371942778034,m_times_D_over_B
ax4-local-00385,16,0.9164743885556068,11.251873350143434,shared_residual,1.0,0.9164743885556068,m_times_D_over_B
ax4-local-00385,16,0.9164743885556068,11.251873350143434,shared_residual,2.0,1.8329487771112136,m_times_D_over_B
ax4-local-00386,16,0.9164743885556068,11.251873350143434,null_residual,,0.9164743885556068,m_times_B
ax4-local-00386,16,0.9164743885556068,11.251873350143434,present_renormalization,,1.8329487771112136,2m_times_B
ax4-local-00386,16,0.9164743885556068,11.251873350143434,shared_residual,0.25,0.2291185971389017,m_times_D_over_B
ax4-local-00386,16,0.9164743885556068,11.251873350143434,shared_residual,0.5,0.4582371942778034,m_times_D_over_B
ax4-local-00386,16,0.9164743885556068,11.251873350143434,shared_residual,1.0,0.9164743885556068,m_times_D_over_B
ax4-local-00386,16,0.9164743885556068,11.251873350143434,shared_residual,2.0,1.8329487771112136,m_times_D_over_B
ax4-local-00387,16,0.9164777021919879,11.251873350143434,null_residual,,0.9164777021919879,m_times_B
ax4-local-00387,16,0.9164777021919879,11.251873350143434,present_renormalization,,1.8329554043839758,2m_times_B
ax4-local-00387,16,0.9164777021919879,11.251873350143434,shared_residual,0.25,0.22911942554799697,m_times_D_over_B
ax4-local-00387,16,0.9164777021919879,11.251873350143434,shared_residual,0.5,0.45823885109599394,m_times_D_over_B
ax4-local-00387,16,0.9164777021919879,11.251873350143434,shared_residual,1.0,0.9164777021919879,m_times_D_over_B
ax4-local-00387,16,0.9164777021919879,11.251873350143434,shared_residual,2.0,1.8329554043839758,m_times_D_over_B
ax4-local-00388,16,0.916509966152689,11.251873350143434,null_residual,,0.916509966152689,m_times_B
ax4-local-00388,16,0.916509966152689,11.251873350143434,present_renormalization,,1.833019932305378,2m_times_B
ax4-local-00388,16,0.916509966152689,11.251873350143434,shared_residual,0.25,0.22912749153817225,m_times_D_over_B
ax4-local-00388,16,0.916509966152689,11.251873350143434,shared_residual,0.5,0.4582549830763445,m_times_D_over_B
ax4-local-00388,16,0.916509966152689,11.251873350143434,shared_residual,1.0,0.916509966152689,m_times_D_over_B
ax4-local-00388,16,0.916509966152689,11.251873350143434,shared_residual,2.0,1.833019932305378,m_times_D_over_B
ax4-local-00389,16,0.9200355397601067,11.251873350143434,null_residual,,0.9200355397601067,m_times_B
ax4-local-00389,16,0.9200355397601067,11.251873350143434,present_renormalization,,1.8400710795202133,2m_times_B
ax4-local-00389,16,0.9200355397601067,11.251873350143434,shared_residual,0.25,0.23000888494002666,m_times_D_over_B
ax4-local-00389,16,0.9200355397601067,11.251873350143434,shared_residual,0.5,0.46001776988005333,m_times_D_over_B
ax4-local-00389,16,0.9200355397601067,11.251873350143434,shared_residual,1.0,0.9200355397601067,m_times_D_over_B
ax4-local-00389,16,0.9200355397601067,11.251873350143434,shared_residual,2.0,1.8400710795202133,m_times_D_over_B
ax4-local-00390,16,0.9164743885556068,11.251873350143434,null_residual,,0.9164743885556068,m_times_B
ax4-local-00390,16,0.9164743885556068,11.251873350143434,present_renormalization,,1.8329487771112136,2m_times_B
ax4-local-00390,16,0.9164743885556068,11.251873350143434,shared_residual,0.25,0.2291185971389017,m_times_D_over_B
ax4-local-00390,16,0.9164743885556068,11.251873350143434,shared_residual,0.5,0.4582371942778034,m_times_D_over_B
ax4-local-00390,16,0.9164743885556068,11.251873350143434,shared_residual,1.0,0.9164743885556068,m_times_D_over_B
ax4-local-00390,16,0.9164743885556068,11.251873350143434,shared_residual,2.0,1.8329487771112136,m_times_D_over_B
ax4-local-00391,16,0.9169562195969423,11.251873350143434,null_residual,,0.9169562195969423,m_times_B
ax4-local-00391,16,0.9169562195969423,11.251873350143434,present_renormalization,,1.8339124391938846,2m_times_B
ax4-local-00391,16,0.9169562195969423,11.251873350143434,shared_residual,0.25,0.22923905489923557,m_times_D_over_B
ax4-local-00391,16,0.9169562195969423,11.251873350143434,shared_residual,0.5,0.45847810979847115,m_times_D_over_B
ax4-local-00391,16,0.9169562195969423,11.251873350143434,shared_residual,1.0,0.9169562195969423,m_times_D_over_B
ax4-local-00391,16,0.9169562195969423,11.251873350143434,shared_residual,2.0,1.8339124391938846,m_times_D_over_B
ax4-local-00392,16,1.0,11.251873350143434,null_residual,,1.0,m_times_B
ax4-local-00392,16,1.0,11.251873350143434,present_renormalization,,2.0,2m_times_B
ax4-local-00392,16,1.0,11.251873350143434,shared_residual,0.25,0.25,m_times_D_over_B
ax4-local-00392,16,1.0,11.251873350143434,shared_residual,0.5,0.5,m_times_D_over_B
ax4-local-00392,16,1.0,11.251873350143434,shared_residual,1.0,1.0,m_times_D_over_B
ax4-local-00392,16,1.0,11.251873350143434,shared_residual,2.0,2.0,m_times_D_over_B
ax4-local-00393,16,1.0,11.251873350143434,null_residual,,1.0,m_times_B
ax4-local-00393,16,1.0,11.251873350143434,present_renormalization,,2.0,2m_times_B
ax4-local-00393,16,1.0,11.251873350143434,shared_residual,0.25,0.25,m_times_D_over_B
ax4-local-00393,16,1.0,11.251873350143434,shared_residual,0.5,0.5,m_times_D_over_B
ax4-local-00393,16,1.0,11.251873350143434,shared_residual,1.0,1.0,m_times_D_over_B
ax4-local-00393,16,1.0,11.251873350143434,shared_residual,2.0,2.0,m_times_D_over_B
ax4-local-00394,16,0.9164743885556068,11.251873350143434,null_residual,,0.9164743885556068,m_times_B
ax4-local-00394,16,0.9164743885556068,11.251873350143434,present_renormalization,,1.8329487771112136,2m_times_B
ax4-local-00394,16,0.9164743885556068,11.251873350143434,shared_residual,0.25,0.2291185971389017,m_times_D_over_B
ax4-local-00394,16,0.9164743885556068,11.251873350143434,shared_residual,0.5,0.4582371942778034,m_times_D_over_B
ax4-local-00394,16,0.9164743885556068,11.251873350143434,shared_residual,1.0,0.9164743885556068,m_times_D_over_B
ax4-local-00394,16,0.9164743885556068,11.251873350143434,shared_residual,2.0,1.8329487771112136,m_times_D_over_B
ax4-local-00395,16,0.9164743885556068,11.251873350143434,null_residual,,0.9164743885556068,m_times_B
ax4-local-00395,16,0.9164743885556068,11.251873350143434,present_renormalization,,1.8329487771112136,2m_times_B
ax4-local-00395,16,0.9164743885556068,11.251873350143434,shared_residual,0.25,0.2291185971389017,m_times_D_over_B
ax4-local-00395,16,0.9164743885556068,11.251873350143434,shared_residual,0.5,0.4582371942778034,m_times_D_over_B
ax4-local-00395,16,0.9164743885556068,11.251873350143434,shared_residual,1.0,0.9164743885556068,m_times_D_over_B
ax4-local-00395,16,0.9164743885556068,11.251873350143434,shared_residual,2.0,1.8329487771112136,m_times_D_over_B
ax4-local-00396,16,0.9164743885556068,11.251873350143434,null_residual,,0.9164743885556068,m_times_B
ax4-local-00396,16,0.9164743885556068,11.251873350143434,present_renormalization,,1.8329487771112136,2m_times_B
ax4-local-00396,16,0.9164743885556068,11.251873350143434,shared_residual,0.25,0.2291185971389017,m_times_D_over_B
ax4-local-00396,16,0.9164743885556068,11.251873350143434,shared_residual,0.5,0.4582371942778034,m_times_D_over_B
ax4-local-00396,16,0.9164743885556068,11.251873350143434,shared_residual,1.0,0.9164743885556068,m_times_D_over_B
ax4-local-00396,16,0.9164743885556068,11.251873350143434,shared_residual,2.0,1.8329487771112136,m_times_D_over_B
ax4-local-00397,16,0.9164743885556068,11.251873350143434,null_residual,,0.9164743885556068,m_times_B
ax4-local-00397,16,0.9164743885556068,11.251873350143434,present_renormalization,,1.8329487771112136,2m_times_B
ax4-local-00397,16,0.9164743885556068,11.251873350143434,shared_residual,0.25,0.2291185971389017,m_times_D_over_B
ax4-local-00397,16,0.9164743885556068,11.251873350143434,shared_residual,0.5,0.4582371942778034,m_times_D_over_B
ax4-local-00397,16,0.9164743885556068,11.251873350143434,shared_residual,1.0,0.9164743885556068,m_times_D_over_B
ax4-local-00397,16,0.9164743885556068,11.251873350143434,shared_residual,2.0,1.8329487771112136,m_times_D_over_B
ax4-local-00398,16,0.9164743885556068,11.251873350143434,null_residual,,0.9164743885556068,m_times_B
ax4-local-00398,16,0.9164743885556068,11.251873350143434,present_renormalization,,1.8329487771112136,2m_times_B
ax4-local-00398,16,0.9164743885556068,11.251873350143434,shared_residual,0.25,0.2291185971389017,m_times_D_over_B
ax4-local-00398,16,0.9164743885556068,11.251873350143434,shared_residual,0.5,0.4582371942778034,m_times_D_over_B
ax4-local-00398,16,0.9164743885556068,11.251873350143434,shared_residual,1.0,0.9164743885556068,m_times_D_over_B
ax4-local-00398,16,0.9164743885556068,11.251873350143434,shared_residual,2.0,1.8329487771112136,m_times_D_over_B
ax4-local-00399,16,0.9164777021919879,11.251873350143434,null_residual,,0.9164777021919879,m_times_B
ax4-local-00399,16,0.9164777021919879,11.251873350143434,present_renormalization,,1.8329554043839758,2m_times_B
ax4-local-00399,16,0.9164777021919879,11.251873350143434,shared_residual,0.25,0.22911942554799697,m_times_D_over_B
ax4-local-00399,16,0.9164777021919879,11.251873350143434,shared_residual,0.5,0.45823885109599394,m_times_D_over_B
ax4-local-00399,16,0.9164777021919879,11.251873350143434,shared_residual,1.0,0.9164777021919879,m_times_D_over_B
ax4-local-00399,16,0.9164777021919879,11.251873350143434,shared_residual,2.0,1.8329554043839758,m_times_D_over_B
ax4-local-00400,16,0.916509966152689,11.251873350143434,null_residual,,0.916509966152689,m_times_B
ax4-local-00400,16,0.916509966152689,11.251873350143434,present_renormalization,,1.833019932305378,2m_times_B
ax4-local-00400,16,0.916509966152689,11.251873350143434,shared_residual,0.25,0.22912749153817225,m_times_D_over_B
ax4-local-00400,16,0.916509966152689,11.251873350143434,shared_residual,0.5,0.4582549830763445,m_times_D_over_B
ax4-local-00400,16,0.916509966152689,11.251873350143434,shared_residual,1.0,0.916509966152689,m_times_D_over_B
ax4-local-00400,16,0.916509966152689,11.251873350143434,shared_residual,2.0,1.833019932305378,m_times_D_over_B
ax4-local-00401,16,0.9198423127463864,11.251873350143434,null_residual,,0.9198423127463864,m_times_B
ax4-local-00401,16,0.9198423127463864,11.251873350143434,present_renormalization,,1.8396846254927728,2m_times_B
ax4-local-00401,16,0.9198423127463864,11.251873350143434,shared_residual,0.25,0.2299605781865966,m_times_D_over_B
ax4-local-00401,16,0.9198423127463864,11.251873350143434,shared_residual,0.5,0.4599211563731932,m_times_D_over_B
ax4-local-00401,16,0.9198423127463864,11.251873350143434,shared_residual,1.0,0.9198423127463864,m_times_D_over_B
ax4-local-00401,16,0.9198423127463864,11.251873350143434,shared_residual,2.0,1.8396846254927728,m_times_D_over_B
ax4-local-00402,16,0.9164743885556068,11.251873350143434,null_residual,,0.9164743885556068,m_times_B
ax4-local-00402,16,0.9164743885556068,11.251873350143434,present_renormalization,,1.8329487771112136,2m_times_B
ax4-local-00402,16,0.9164743885556068,11.251873350143434,shared_residual,0.25,0.2291185971389017,m_times_D_over_B
ax4-local-00402,16,0.9164743885556068,11.251873350143434,shared_residual,0.5,0.4582371942778034,m_times_D_over_B
ax4-local-00402,16,0.9164743885556068,11.251873350143434,shared_residual,1.0,0.9164743885556068,m_times_D_over_B
ax4-local-00402,16,0.9164743885556068,11.251873350143434,shared_residual,2.0,1.8329487771112136,m_times_D_over_B
ax4-local-00403,16,0.9169562195969423,11.251873350143434,null_residual,,0.9169562195969423,m_times_B
ax4-local-00403,16,0.9169562195969423,11.251873350143434,present_renormalization,,1.8339124391938846,2m_times_B
ax4-local-00403,16,0.9169562195969423,11.251873350143434,shared_residual,0.25,0.22923905489923557,m_times_D_over_B
ax4-local-00403,16,0.9169562195969423,11.251873350143434,shared_residual,0.5,0.45847810979847115,m_times_D_over_B
ax4-local-00403,16,0.9169562195969423,11.251873350143434,shared_residual,1.0,0.9169562195969423,m_times_D_over_B
ax4-local-00403,16,0.9169562195969423,11.251873350143434,shared_residual,2.0,1.8339124391938846,m_times_D_over_B
ax4-local-00404,16,1.0,11.251873350143434,null_residual,,1.0,m_times_B
ax4-local-00404,16,1.0,11.251873350143434,present_renormalization,,2.0,2m_times_B
ax4-local-00404,16,1.0,11.251873350143434,shared_residual,0.25,0.25,m_times_D_over_B
ax4-local-00404,16,1.0,11.251873350143434,shared_residual,0.5,0.5,m_times_D_over_B
ax4-local-00404,16,1.0,11.251873350143434,shared_residual,1.0,1.0,m_times_D_over_B
ax4-local-00404,16,1.0,11.251873350143434,shared_residual,2.0,2.0,m_times_D_over_B
ax4-local-00405,16,1.0,11.251873350143434,null_residual,,1.0,m_times_B
ax4-local-00405,16,1.0,11.251873350143434,present_renormalization,,2.0,2m_times_B
ax4-local-00405,16,1.0,11.251873350143434,shared_residual,0.25,0.25,m_times_D_over_B
ax4-local-00405,16,1.0,11.251873350143434,shared_residual,0.5,0.5,m_times_D_over_B
ax4-local-00405,16,1.0,11.251873350143434,shared_residual,1.0,1.0,m_times_D_over_B
ax4-local-00405,16,1.0,11.251873350143434,shared_residual,2.0,2.0,m_times_D_over_B
ax4-local-00406,16,0.9164743885556068,11.251873350143434,null_residual,,0.9164743885556068,m_times_B
ax4-local-00406,16,0.9164743885556068,11.251873350143434,present_renormalization,,1.8329487771112136,2m_times_B
ax4-local-00406,16,0.9164743885556068,11.251873350143434,shared_residual,0.25,0.2291185971389017,m_times_D_over_B
ax4-local-00406,16,0.9164743885556068,11.251873350143434,shared_residual,0.5,0.4582371942778034,m_times_D_over_B
ax4-local-00406,16,0.9164743885556068,11.251873350143434,shared_residual,1.0,0.9164743885556068,m_times_D_over_B
ax4-local-00406,16,0.9164743885556068,11.251873350143434,shared_residual,2.0,1.8329487771112136,m_times_D_over_B
ax4-local-00407,16,0.9164743885556068,11.251873350143434,null_residual,,0.9164743885556068,m_times_B
ax4-local-00407,16,0.9164743885556068,11.251873350143434,present_renormalization,,1.8329487771112136,2m_times_B
ax4-local-00407,16,0.9164743885556068,11.251873350143434,shared_residual,0.25,0.2291185971389017,m_times_D_over_B
ax4-local-00407,16,0.9164743885556068,11.251873350143434,shared_residual,0.5,0.4582371942778034,m_times_D_over_B
ax4-local-00407,16,0.9164743885556068,11.251873350143434,shared_residual,1.0,0.9164743885556068,m_times_D_over_B
ax4-local-00407,16,0.9164743885556068,11.251873350143434,shared_residual,2.0,1.8329487771112136,m_times_D_over_B
ax4-local-00408,16,0.9164743885556068,11.251873350143434,null_residual,,0.9164743885556068,m_times_B
ax4-local-00408,16,0.9164743885556068,11.251873350143434,present_renormalization,,1.8329487771112136,2m_times_B
ax4-local-00408,16,0.9164743885556068,11.251873350143434,shared_residual,0.25,0.2291185971389017,m_times_D_over_B
ax4-local-00408,16,0.9164743885556068,11.251873350143434,shared_residual,0.5,0.4582371942778034,m_times_D_over_B
ax4-local-00408,16,0.9164743885556068,11.251873350143434,shared_residual,1.0,0.9164743885556068,m_times_D_over_B
ax4-local-00408,16,0.9164743885556068,11.251873350143434,shared_residual,2.0,1.8329487771112136,m_times_D_over_B
ax4-local-00409,16,0.9164743885556068,11.251873350143434,null_residual,,0.9164743885556068,m_times_B
ax4-local-00409,16,0.9164743885556068,11.251873350143434,present_renormalization,,1.8329487771112136,2m_times_B
ax4-local-00409,16,0.9164743885556068,11.251873350143434,shared_residual,0.25,0.2291185971389017,m_times_D_over_B
ax4-local-00409,16,0.9164743885556068,11.251873350143434,shared_residual,0.5,0.4582371942778034,m_times_D_over_B
ax4-local-00409,16,0.9164743885556068,11.251873350143434,shared_residual,1.0,0.9164743885556068,m_times_D_over_B
ax4-local-00409,16,0.9164743885556068,11.251873350143434,shared_residual,2.0,1.8329487771112136,m_times_D_over_B
ax4-local-00410,16,0.6836236933797909,11.251873350143434,null_residual,,0.6836236933797909,m_times_B
ax4-local-00410,16,0.6836236933797909,11.251873350143434,present_renormalization,,1.3672473867595818,2m_times_B
ax4-local-00410,16,0.6836236933797909,11.251873350143434,shared_residual,0.25,0.17090592334494772,m_times_D_over_B
ax4-local-00410,16,0.6836236933797909,11.251873350143434,shared_residual,0.5,0.34181184668989545,m_times_D_over_B
ax4-local-00410,16,0.6836236933797909,11.251873350143434,shared_residual,1.0,0.6836236933797909,m_times_D_over_B
ax4-local-00410,16,0.6836236933797909,11.251873350143434,shared_residual,2.0,1.3672473867595818,m_times_D_over_B
ax4-local-00411,16,0.9164743885556068,11.251873350143434,null_residual,,0.9164743885556068,m_times_B
ax4-local-00411,16,0.9164743885556068,11.251873350143434,present_renormalization,,1.8329487771112136,2m_times_B
ax4-local-00411,16,0.9164743885556068,11.251873350143434,shared_residual,0.25,0.2291185971389017,m_times_D_over_B
ax4-local-00411,16,0.9164743885556068,11.251873350143434,shared_residual,0.5,0.4582371942778034,m_times_D_over_B
ax4-local-00411,16,0.9164743885556068,11.251873350143434,shared_residual,1.0,0.9164743885556068,m_times_D_over_B
ax4-local-00411,16,0.9164743885556068,11.251873350143434,shared_residual,2.0,1.8329487771112136,m_times_D_over_B
ax4-local-00412,16,0.9164743885556068,11.251873350143434,null_residual,,0.9164743885556068,m_times_B
ax4-local-00412,16,0.9164743885556068,11.251873350143434,present_renormalization,,1.8329487771112136,2m_times_B
ax4-local-00412,16,0.9164743885556068,11.251873350143434,shared_residual,0.25,0.2291185971389017,m_times_D_over_B
ax4-local-00412,16,0.9164743885556068,11.251873350143434,shared_residual,0.5,0.4582371942778034,m_times_D_over_B
ax4-local-00412,16,0.9164743885556068,11.251873350143434,shared_residual,1.0,0.9164743885556068,m_times_D_over_B
ax4-local-00412,16,0.9164743885556068,11.251873350143434,shared_residual,2.0,1.8329487771112136,m_times_D_over_B
ax4-local-00413,16,0.6836236933797909,11.251873350143434,null_residual,,0.6836236933797909,m_times_B
ax4-local-00413,16,0.6836236933797909,11.251873350143434,present_renormalization,,1.3672473867595818,2m_times_B
ax4-local-00413,16,0.6836236933797909,11.251873350143434,shared_residual,0.25,0.17090592334494772,m_times_D_over_B
ax4-local-00413,16,0.6836236933797909,11.251873350143434,shared_residual,0.5,0.34181184668989545,m_times_D_over_B
ax4-local-00413,16,0.6836236933797909,11.251873350143434,shared_residual,1.0,0.6836236933797909,m_times_D_over_B
ax4-local-00413,16,0.6836236933797909,11.251873350143434,shared_residual,2.0,1.3672473867595818,m_times_D_over_B
ax4-local-00414,16,0.37473535638673255,11.251873350143434,null_residual,,0.37473535638673255,m_times_B
ax4-local-00414,16,0.37473535638673255,11.251873350143434,present_renormalization,,0.7494707127734651,2m_times_B
ax4-local-00414,16,0.37473535638673255,11.251873350143434,shared_residual,0.25,0.09368383909668314,m_times_D_over_B
ax4-local-00414,16,0.37473535638673255,11.251873350143434,shared_residual,0.5,0.18736767819336628,m_times_D_over_B
ax4-local-00414,16,0.37473535638673255,11.251873350143434,shared_residual,1.0,0.37473535638673255,m_times_D_over_B
ax4-local-00414,16,0.37473535638673255,11.251873350143434,shared_residual,2.0,0.7494707127734651,m_times_D_over_B
ax4-local-00415,16,0.9164743885556068,11.251873350143434,null_residual,,0.9164743885556068,m_times_B
ax4-local-00415,16,0.9164743885556068,11.251873350143434,present_renormalization,,1.8329487771112136,2m_times_B
ax4-local-00415,16,0.9164743885556068,11.251873350143434,shared_residual,0.25,0.2291185971389017,m_times_D_over_B
ax4-local-00415,16,0.9164743885556068,11.251873350143434,shared_residual,0.5,0.4582371942778034,m_times_D_over_B
ax4-local-00415,16,0.9164743885556068,11.251873350143434,shared_residual,1.0,0.9164743885556068,m_times_D_over_B
ax4-local-00415,16,0.9164743885556068,11.251873350143434,shared_residual,2.0,1.8329487771112136,m_times_D_over_B
ax4-local-00416,16,0.6836236933797909,11.251873350143434,null_residual,,0.6836236933797909,m_times_B
ax4-local-00416,16,0.6836236933797909,11.251873350143434,present_renormalization,,1.3672473867595818,2m_times_B
ax4-local-00416,16,0.6836236933797909,11.251873350143434,shared_residual,0.25,0.17090592334494772,m_times_D_over_B
ax4-local-00416,16,0.6836236933797909,11.251873350143434,shared_residual,0.5,0.34181184668989545,m_times_D_over_B
ax4-local-00416,16,0.6836236933797909,11.251873350143434,shared_residual,1.0,0.6836236933797909,m_times_D_over_B
ax4-local-00416,16,0.6836236933797909,11.251873350143434,shared_residual,2.0,1.3672473867595818,m_times_D_over_B
ax4-local-00417,16,0.37473535638673255,11.251873350143434,null_residual,,0.37473535638673255,m_times_B
ax4-local-00417,16,0.37473535638673255,11.251873350143434,present_renormalization,,0.7494707127734651,2m_times_B
ax4-local-00417,16,0.37473535638673255,11.251873350143434,shared_residual,0.25,0.09368383909668314,m_times_D_over_B
ax4-local-00417,16,0.37473535638673255,11.251873350143434,shared_residual,0.5,0.18736767819336628,m_times_D_over_B
ax4-local-00417,16,0.37473535638673255,11.251873350143434,shared_residual,1.0,0.37473535638673255,m_times_D_over_B
ax4-local-00417,16,0.37473535638673255,11.251873350143434,shared_residual,2.0,0.7494707127734651,m_times_D_over_B
ax4-local-00418,16,0.08425063505503805,11.251873350143434,null_residual,,0.08425063505503805,m_times_B
ax4-local-00418,16,0.08425063505503805,11.251873350143434,present_renormalization,,0.1685012701100761,2m_times_B
ax4-local-00418,16,0.08425063505503805,11.251873350143434,shared_residual,0.25,0.021062658763759512,m_times_D_over_B
ax4-local-00418,16,0.08425063505503805,11.251873350143434,shared_residual,0.5,0.042125317527519024,m_times_D_over_B
ax4-local-00418,16,0.08425063505503805,11.251873350143434,shared_residual,1.0,0.08425063505503805,m_times_D_over_B
ax4-local-00418,16,0.08425063505503805,11.251873350143434,shared_residual,2.0,0.1685012701100761,m_times_D_over_B
ax4-local-00419,16,0.9164743885556068,11.251873350143434,null_residual,,0.9164743885556068,m_times_B
ax4-local-00419,16,0.9164743885556068,11.251873350143434,present_renormalization,,1.8329487771112136,2m_times_B
ax4-local-00419,16,0.9164743885556068,11.251873350143434,shared_residual,0.25,0.2291185971389017,m_times_D_over_B
ax4-local-00419,16,0.9164743885556068,11.251873350143434,shared_residual,0.5,0.4582371942778034,m_times_D_over_B
ax4-local-00419,16,0.9164743885556068,11.251873350143434,shared_residual,1.0,0.9164743885556068,m_times_D_over_B
ax4-local-00419,16,0.9164743885556068,11.251873350143434,shared_residual,2.0,1.8329487771112136,m_times_D_over_B
ax4-local-00420,16,0.37473535638673255,11.251873350143434,null_residual,,0.37473535638673255,m_times_B
ax4-local-00420,16,0.37473535638673255,11.251873350143434,present_renormalization,,0.7494707127734651,2m_times_B
ax4-local-00420,16,0.37473535638673255,11.251873350143434,shared_residual,0.25,0.09368383909668314,m_times_D_over_B
ax4-local-00420,16,0.37473535638673255,11.251873350143434,shared_residual,0.5,0.18736767819336628,m_times_D_over_B
ax4-local-00420,16,0.37473535638673255,11.251873350143434,shared_residual,1.0,0.37473535638673255,m_times_D_over_B
ax4-local-00420,16,0.37473535638673255,11.251873350143434,shared_residual,2.0,0.7494707127734651,m_times_D_over_B
ax4-local-00421,16,0.08425063505503805,11.251873350143434,null_residual,,0.08425063505503805,m_times_B
ax4-local-00421,16,0.08425063505503805,11.251873350143434,present_renormalization,,0.1685012701100761,2m_times_B
ax4-local-00421,16,0.08425063505503805,11.251873350143434,shared_residual,0.25,0.021062658763759512,m_times_D_over_B
ax4-local-00421,16,0.08425063505503805,11.251873350143434,shared_residual,0.5,0.042125317527519024,m_times_D_over_B
ax4-local-00421,16,0.08425063505503805,11.251873350143434,shared_residual,1.0,0.08425063505503805,m_times_D_over_B
ax4-local-00421,16,0.08425063505503805,11.251873350143434,shared_residual,2.0,0.1685012701100761,m_times_D_over_B
ax4-local-00422,16,1.6653345369377348e-16,11.251873350143434,null_residual,,1.6653345369377348e-16,m_times_B
ax4-local-00422,16,1.6653345369377348e-16,11.251873350143434,present_renormalization,,3.3306690738754696e-16,2m_times_B
ax4-local-00422,16,1.6653345369377348e-16,11.251873350143434,shared_residual,0.25,4.163336342344337e-17,m_times_D_over_B
ax4-local-00422,16,1.6653345369377348e-16,11.251873350143434,shared_residual,0.5,8.326672684688674e-17,m_times_D_over_B
ax4-local-00422,16,1.6653345369377348e-16,11.251873350143434,shared_residual,1.0,1.6653345369377348e-16,m_times_D_over_B
ax4-local-00422,16,1.6653345369377348e-16,11.251873350143434,shared_residual,2.0,3.3306690738754696e-16,m_times_D_over_B
ax4-local-00423,16,0.9164743885556068,11.251873350143434,null_residual,,0.9164743885556068,m_times_B
ax4-local-00423,16,0.9164743885556068,11.251873350143434,present_renormalization,,1.8329487771112136,2m_times_B
ax4-local-00423,16,0.9164743885556068,11.251873350143434,shared_residual,0.25,0.2291185971389017,m_times_D_over_B
ax4-local-00423,16,0.9164743885556068,11.251873350143434,shared_residual,0.5,0.4582371942778034,m_times_D_over_B
ax4-local-00423,16,0.9164743885556068,11.251873350143434,shared_residual,1.0,0.9164743885556068,m_times_D_over_B
ax4-local-00423,16,0.9164743885556068,11.251873350143434,shared_residual,2.0,1.8329487771112136,m_times_D_over_B
ax4-local-00424,16,0.9164743885556068,11.251873350143434,null_residual,,0.9164743885556068,m_times_B
ax4-local-00424,16,0.9164743885556068,11.251873350143434,present_renormalization,,1.8329487771112136,2m_times_B
ax4-local-00424,16,0.9164743885556068,11.251873350143434,shared_residual,0.25,0.2291185971389017,m_times_D_over_B
ax4-local-00424,16,0.9164743885556068,11.251873350143434,shared_residual,0.5,0.4582371942778034,m_times_D_over_B
ax4-local-00424,16,0.9164743885556068,11.251873350143434,shared_residual,1.0,0.9164743885556068,m_times_D_over_B
ax4-local-00424,16,0.9164743885556068,11.251873350143434,shared_residual,2.0,1.8329487771112136,m_times_D_over_B
ax4-local-00425,16,0.9164743885556068,11.251873350143434,null_residual,,0.9164743885556068,m_times_B
ax4-local-00425,16,0.9164743885556068,11.251873350143434,present_renormalization,,1.8329487771112136,2m_times_B
ax4-local-00425,16,0.9164743885556068,11.251873350143434,shared_residual,0.25,0.2291185971389017,m_times_D_over_B
ax4-local-00425,16,0.9164743885556068,11.251873350143434,shared_residual,0.5,0.4582371942778034,m_times_D_over_B
ax4-local-00425,16,0.9164743885556068,11.251873350143434,shared_residual,1.0,0.9164743885556068,m_times_D_over_B
ax4-local-00425,16,0.9164743885556068,11.251873350143434,shared_residual,2.0,1.8329487771112136,m_times_D_over_B
ax4-local-00426,16,0.916509966152689,11.251873350143434,null_residual,,0.916509966152689,m_times_B
ax4-local-00426,16,0.916509966152689,11.251873350143434,present_renormalization,,1.833019932305378,2m_times_B
ax4-local-00426,16,0.916509966152689,11.251873350143434,shared_residual,0.25,0.22912749153817225,m_times_D_over_B
ax4-local-00426,16,0.916509966152689,11.251873350143434,shared_residual,0.5,0.4582549830763445,m_times_D_over_B
ax4-local-00426,16,0.916509966152689,11.251873350143434,shared_residual,1.0,0.916509966152689,m_times_D_over_B
ax4-local-00426,16,0.916509966152689,11.251873350143434,shared_residual,2.0,1.833019932305378,m_times_D_over_B
ax4-local-00427,16,0.9165487977369166,11.251873350143434,null_residual,,0.9165487977369166,m_times_B
ax4-local-00427,16,0.9165487977369166,11.251873350143434,present_renormalization,,1.833097595473833,2m_times_B
ax4-local-00427,16,0.9165487977369166,11.251873350143434,shared_residual,0.25,0.22913719943422914,m_times_D_over_B
ax4-local-00427,16,0.9165487977369166,11.251873350143434,shared_residual,0.5,0.4582743988684583,m_times_D_over_B
ax4-local-00427,16,0.9165487977369166,11.251873350143434,shared_residual,1.0,0.9165487977369166,m_times_D_over_B
ax4-local-00427,16,0.9165487977369166,11.251873350143434,shared_residual,2.0,1.833097595473833,m_times_D_over_B
ax4-local-00428,16,0.920018281535649,11.251873350143434,null_residual,,0.920018281535649,m_times_B
ax4-local-00428,16,0.920018281535649,11.251873350143434,present_renormalization,,1.840036563071298,2m_times_B
ax4-local-00428,16,0.920018281535649,11.251873350143434,shared_residual,0.25,0.23000457038391225,m_times_D_over_B
ax4-local-00428,16,0.920018281535649,11.251873350143434,shared_residual,0.5,0.4600091407678245,m_times_D_over_B
ax4-local-00428,16,0.920018281535649,11.251873350143434,shared_residual,1.0,0.920018281535649,m_times_D_over_B
ax4-local-00428,16,0.920018281535649,11.251873350143434,shared_residual,2.0,1.840036563071298,m_times_D_over_B
ax4-local-00429,16,0.9164743885556068,11.251873350143434,null_residual,,0.9164743885556068,m_times_B
ax4-local-00429,16,0.9164743885556068,11.251873350143434,present_renormalization,,1.8329487771112136,2m_times_B
ax4-local-00429,16,0.9164743885556068,11.251873350143434,shared_residual,0.25,0.2291185971389017,m_times_D_over_B
ax4-local-00429,16,0.9164743885556068,11.251873350143434,shared_residual,0.5,0.4582371942778034,m_times_D_over_B
ax4-local-00429,16,0.9164743885556068,11.251873350143434,shared_residual,1.0,0.9164743885556068,m_times_D_over_B
ax4-local-00429,16,0.9164743885556068,11.251873350143434,shared_residual,2.0,1.8329487771112136,m_times_D_over_B
ax4-local-00430,16,0.9169741697416974,11.251873350143434,null_residual,,0.9169741697416974,m_times_B
ax4-local-00430,16,0.9169741697416974,11.251873350143434,present_renormalization,,1.8339483394833949,2m_times_B
ax4-local-00430,16,0.9169741697416974,11.251873350143434,shared_residual,0.25,0.22924354243542436,m_times_D_over_B
ax4-local-00430,16,0.9169741697416974,11.251873350143434,shared_residual,0.5,0.4584870848708487,m_times_D_over_B
ax4-local-00430,16,0.9169741697416974,11.251873350143434,shared_residual,1.0,0.9169741697416974,m_times_D_over_B
ax4-local-00430,16,0.9169741697416974,11.251873350143434,shared_residual,2.0,1.8339483394833949,m_times_D_over_B
ax4-local-00431,16,1.0,11.251873350143434,null_residual,,1.0,m_times_B
ax4-local-00431,16,1.0,11.251873350143434,present_renormalization,,2.0,2m_times_B
ax4-local-00431,16,1.0,11.251873350143434,shared_residual,0.25,0.25,m_times_D_over_B
ax4-local-00431,16,1.0,11.251873350143434,shared_residual,0.5,0.5,m_times_D_over_B
ax4-local-00431,16,1.0,11.251873350143434,shared_residual,1.0,1.0,m_times_D_over_B
ax4-local-00431,16,1.0,11.251873350143434,shared_residual,2.0,2.0,m_times_D_over_B
ax4-local-00432,16,1.0,11.251873350143434,null_residual,,1.0,m_times_B
ax4-local-00432,16,1.0,11.251873350143434,present_renormalization,,2.0,2m_times_B
ax4-local-00432,16,1.0,11.251873350143434,shared_residual,0.25,0.25,m_times_D_over_B
ax4-local-00432,16,1.0,11.251873350143434,shared_residual,0.5,0.5,m_times_D_over_B
ax4-local-00432,16,1.0,11.251873350143434,shared_residual,1.0,1.0,m_times_D_over_B
ax4-local-00432,16,1.0,11.251873350143434,shared_residual,2.0,2.0,m_times_D_over_B
ax4-local-00433,16,0.9164743885556068,11.251873350143434,null_residual,,0.9164743885556068,m_times_B
ax4-local-00433,16,0.9164743885556068,11.251873350143434,present_renormalization,,1.8329487771112136,2m_times_B
ax4-local-00433,16,0.9164743885556068,11.251873350143434,shared_residual,0.25,0.2291185971389017,m_times_D_over_B
ax4-local-00433,16,0.9164743885556068,11.251873350143434,shared_residual,0.5,0.4582371942778034,m_times_D_over_B
ax4-local-00433,16,0.9164743885556068,11.251873350143434,shared_residual,1.0,0.9164743885556068,m_times_D_over_B
ax4-local-00433,16,0.9164743885556068,11.251873350143434,shared_residual,2.0,1.8329487771112136,m_times_D_over_B
ax4-local-00434,16,0.9164743885556068,11.251873350143434,null_residual,,0.9164743885556068,m_times_B
ax4-local-00434,16,0.9164743885556068,11.251873350143434,present_renormalization,,1.8329487771112136,2m_times_B
ax4-local-00434,16,0.9164743885556068,11.251873350143434,shared_residual,0.25,0.2291185971389017,m_times_D_over_B
ax4-local-00434,16,0.9164743885556068,11.251873350143434,shared_residual,0.5,0.4582371942778034,m_times_D_over_B
ax4-local-00434,16,0.9164743885556068,11.251873350143434,shared_residual,1.0,0.9164743885556068,m_times_D_over_B
ax4-local-00434,16,0.9164743885556068,11.251873350143434,shared_residual,2.0,1.8329487771112136,m_times_D_over_B
ax4-local-00435,16,0.9164743885556068,11.251873350143434,null_residual,,0.9164743885556068,m_times_B
ax4-local-00435,16,0.9164743885556068,11.251873350143434,present_renormalization,,1.8329487771112136,2m_times_B
ax4-local-00435,16,0.9164743885556068,11.251873350143434,shared_residual,0.25,0.2291185971389017,m_times_D_over_B
ax4-local-00435,16,0.9164743885556068,11.251873350143434,shared_residual,0.5,0.4582371942778034,m_times_D_over_B
ax4-local-00435,16,0.9164743885556068,11.251873350143434,shared_residual,1.0,0.9164743885556068,m_times_D_over_B
ax4-local-00435,16,0.9164743885556068,11.251873350143434,shared_residual,2.0,1.8329487771112136,m_times_D_over_B
ax4-local-00436,16,0.9164743885556068,11.251873350143434,null_residual,,0.9164743885556068,m_times_B
ax4-local-00436,16,0.9164743885556068,11.251873350143434,present_renormalization,,1.8329487771112136,2m_times_B
ax4-local-00436,16,0.9164743885556068,11.251873350143434,shared_residual,0.25,0.2291185971389017,m_times_D_over_B
ax4-local-00436,16,0.9164743885556068,11.251873350143434,shared_residual,0.5,0.4582371942778034,m_times_D_over_B
ax4-local-00436,16,0.9164743885556068,11.251873350143434,shared_residual,1.0,0.9164743885556068,m_times_D_over_B
ax4-local-00436,16,0.9164743885556068,11.251873350143434,shared_residual,2.0,1.8329487771112136,m_times_D_over_B
ax4-local-00437,16,0.9164743885556068,11.251873350143434,null_residual,,0.9164743885556068,m_times_B
ax4-local-00437,16,0.9164743885556068,11.251873350143434,present_renormalization,,1.8329487771112136,2m_times_B
ax4-local-00437,16,0.9164743885556068,11.251873350143434,shared_residual,0.25,0.2291185971389017,m_times_D_over_B
ax4-local-00437,16,0.9164743885556068,11.251873350143434,shared_residual,0.5,0.4582371942778034,m_times_D_over_B
ax4-local-00437,16,0.9164743885556068,11.251873350143434,shared_residual,1.0,0.9164743885556068,m_times_D_over_B
ax4-local-00437,16,0.9164743885556068,11.251873350143434,shared_residual,2.0,1.8329487771112136,m_times_D_over_B
ax4-local-00438,16,0.9164777021919879,11.251873350143434,null_residual,,0.9164777021919879,m_times_B
ax4-local-00438,16,0.9164777021919879,11.251873350143434,present_renormalization,,1.8329554043839758,2m_times_B
ax4-local-00438,16,0.9164777021919879,11.251873350143434,shared_residual,0.25,0.22911942554799697,m_times_D_over_B
ax4-local-00438,16,0.9164777021919879,11.251873350143434,shared_residual,0.5,0.45823885109599394,m_times_D_over_B
ax4-local-00438,16,0.9164777021919879,11.251873350143434,shared_residual,1.0,0.9164777021919879,m_times_D_over_B
ax4-local-00438,16,0.9164777021919879,11.251873350143434,shared_residual,2.0,1.8329554043839758,m_times_D_over_B
ax4-local-00439,16,0.9165487977369166,11.251873350143434,null_residual,,0.9165487977369166,m_times_B
ax4-local-00439,16,0.9165487977369166,11.251873350143434,present_renormalization,,1.833097595473833,2m_times_B
ax4-local-00439,16,0.9165487977369166,11.251873350143434,shared_residual,0.25,0.22913719943422914,m_times_D_over_B
ax4-local-00439,16,0.9165487977369166,11.251873350143434,shared_residual,0.5,0.4582743988684583,m_times_D_over_B
ax4-local-00439,16,0.9165487977369166,11.251873350143434,shared_residual,1.0,0.9165487977369166,m_times_D_over_B
ax4-local-00439,16,0.9165487977369166,11.251873350143434,shared_residual,2.0,1.833097595473833,m_times_D_over_B
ax4-local-00440,16,0.9203875315922494,11.251873350143434,null_residual,,0.9203875315922494,m_times_B
ax4-local-00440,16,0.9203875315922494,11.251873350143434,present_renormalization,,1.8407750631844988,2m_times_B
ax4-local-00440,16,0.9203875315922494,11.251873350143434,shared_residual,0.25,0.23009688289806235,m_times_D_over_B
ax4-local-00440,16,0.9203875315922494,11.251873350143434,shared_residual,0.5,0.4601937657961247,m_times_D_over_B
ax4-local-00440,16,0.9203875315922494,11.251873350143434,shared_residual,1.0,0.9203875315922494,m_times_D_over_B
ax4-local-00440,16,0.9203875315922494,11.251873350143434,shared_residual,2.0,1.8407750631844988,m_times_D_over_B
ax4-local-00441,16,0.9316032015522677,11.251873350143434,null_residual,,0.9316032015522677,m_times_B
ax4-local-00441,16,0.9316032015522677,11.251873350143434,present_renormalization,,1.8632064031045354,2m_times_B
ax4-local-00441,16,0.9316032015522677,11.251873350143434,shared_residual,0.25,0.23290080038806693,m_times_D_over_B
ax4-local-00441,16,0.9316032015522677,11.251873350143434,shared_residual,0.5,0.46580160077613386,m_times_D_over_B
ax4-local-00441,16,0.9316032015522677,11.251873350143434,shared_residual,1.0,0.9316032015522677,m_times_D_over_B
ax4-local-00441,16,0.9316032015522677,11.251873350143434,shared_residual,2.0,1.8632064031045354,m_times_D_over_B
ax4-local-00442,16,0.9316032015522677,11.251873350143434,null_residual,,0.9316032015522677,m_times_B
ax4-local-00442,16,0.9316032015522677,11.251873350143434,present_renormalization,,1.8632064031045354,2m_times_B
ax4-local-00442,16,0.9316032015522677,11.251873350143434,shared_residual,0.25,0.23290080038806693,m_times_D_over_B
ax4-local-00442,16,0.9316032015522677,11.251873350143434,shared_residual,0.5,0.46580160077613386,m_times_D_over_B
ax4-local-00442,16,0.9316032015522677,11.251873350143434,shared_residual,1.0,0.9316032015522677,m_times_D_over_B
ax4-local-00442,16,0.9316032015522677,11.251873350143434,shared_residual,2.0,1.8632064031045354,m_times_D_over_B
ax4-local-00443,16,0.931930693069307,11.251873350143434,null_residual,,0.931930693069307,m_times_B
ax4-local-00443,16,0.931930693069307,11.251873350143434,present_renormalization,,1.863861386138614,2m_times_B
ax4-local-00443,16,0.931930693069307,11.251873350143434,shared_residual,0.25,0.23298267326732675,m_times_D_over_B
ax4-local-00443,16,0.931930693069307,11.251873350143434,shared_residual,0.5,0.4659653465346535,m_times_D_over_B
ax4-local-00443,16,0.931930693069307,11.251873350143434,shared_residual,1.0,0.931930693069307,m_times_D_over_B
ax4-local-00443,16,0.931930693069307,11.251873350143434,shared_residual,2.0,1.863861386138614,m_times_D_over_B
ax4-local-00444,16,1.0,11.251873350143434,null_residual,,1.0,m_times_B
ax4-local-00444,16,1.0,11.251873350143434,present_renormalization,,2.0,2m_times_B
ax4-local-00444,16,1.0,11.251873350143434,shared_residual,0.25,0.25,m_times_D_over_B
ax4-local-00444,16,1.0,11.251873350143434,shared_residual,0.5,0.5,m_times_D_over_B
ax4-local-00444,16,1.0,11.251873350143434,shared_residual,1.0,1.0,m_times_D_over_B
ax4-local-00444,16,1.0,11.251873350143434,shared_residual,2.0,2.0,m_times_D_over_B
ax4-local-00445,16,0.9316032015522677,11.251873350143434,null_residual,,0.9316032015522677,m_times_B
ax4-local-00445,16,0.9316032015522677,11.251873350143434,present_renormalization,,1.8632064031045354,2m_times_B
ax4-local-00445,16,0.9316032015522677,11.251873350143434,shared_residual,0.25,0.23290080038806693,m_times_D_over_B
ax4-local-00445,16,0.9316032015522677,11.251873350143434,shared_residual,0.5,0.46580160077613386,m_times_D_over_B
ax4-local-00445,16,0.9316032015522677,11.251873350143434,shared_residual,1.0,0.9316032015522677,m_times_D_over_B
ax4-local-00445,16,0.9316032015522677,11.251873350143434,shared_residual,2.0,1.8632064031045354,m_times_D_over_B
ax4-local-00446,16,0.9316032015522677,11.251873350143434,null_residual,,0.9316032015522677,m_times_B
ax4-local-00446,16,0.9316032015522677,11.251873350143434,present_renormalization,,1.8632064031045354,2m_times_B
ax4-local-00446,16,0.9316032015522677,11.251873350143434,shared_residual,0.25,0.23290080038806693,m_times_D_over_B
ax4-local-00446,16,0.9316032015522677,11.251873350143434,shared_residual,0.5,0.46580160077613386,m_times_D_over_B
ax4-local-00446,16,0.9316032015522677,11.251873350143434,shared_residual,1.0,0.9316032015522677,m_times_D_over_B
ax4-local-00446,16,0.9316032015522677,11.251873350143434,shared_residual,2.0,1.8632064031045354,m_times_D_over_B
ax4-local-00447,16,0.9316032015522677,11.251873350143434,null_residual,,0.9316032015522677,m_times_B
ax4-local-00447,16,0.9316032015522677,11.251873350143434,present_renormalization,,1.8632064031045354,2m_times_B
ax4-local-00447,16,0.9316032015522677,11.251873350143434,shared_residual,0.25,0.23290080038806693,m_times_D_over_B
ax4-local-00447,16,0.9316032015522677,11.251873350143434,shared_residual,0.5,0.46580160077613386,m_times_D_over_B
ax4-local-00447,16,0.9316032015522677,11.251873350143434,shared_residual,1.0,0.9316032015522677,m_times_D_over_B
ax4-local-00447,16,0.9316032015522677,11.251873350143434,shared_residual,2.0,1.8632064031045354,m_times_D_over_B
ax4-local-00448,16,0.9316032015522677,11.251873350143434,null_residual,,0.9316032015522677,m_times_B
ax4-local-00448,16,0.9316032015522677,11.251873350143434,present_renormalization,,1.8632064031045354,2m_times_B
ax4-local-00448,16,0.9316032015522677,11.251873350143434,shared_residual,0.25,0.23290080038806693,m_times_D_over_B
ax4-local-00448,16,0.9316032015522677,11.251873350143434,shared_residual,0.5,0.46580160077613386,m_times_D_over_B
ax4-local-00448,16,0.9316032015522677,11.251873350143434,shared_residual,1.0,0.9316032015522677,m_times_D_over_B
ax4-local-00448,16,0.9316032015522677,11.251873350143434,shared_residual,2.0,1.8632064031045354,m_times_D_over_B
ax4-local-00449,16,0.9316032015522677,11.251873350143434,null_residual,,0.9316032015522677,m_times_B
ax4-local-00449,16,0.9316032015522677,11.251873350143434,present_renormalization,,1.8632064031045354,2m_times_B
ax4-local-00449,16,0.9316032015522677,11.251873350143434,shared_residual,0.25,0.23290080038806693,m_times_D_over_B
ax4-local-00449,16,0.9316032015522677,11.251873350143434,shared_residual,0.5,0.46580160077613386,m_times_D_over_B
ax4-local-00449,16,0.9316032015522677,11.251873350143434,shared_residual,1.0,0.9316032015522677,m_times_D_over_B
ax4-local-00449,16,0.9316032015522677,11.251873350143434,shared_residual,2.0,1.8632064031045354,m_times_D_over_B
ax4-local-00450,16,0.9316032015522677,11.251873350143434,null_residual,,0.9316032015522677,m_times_B
ax4-local-00450,16,0.9316032015522677,11.251873350143434,present_renormalization,,1.8632064031045354,2m_times_B
ax4-local-00450,16,0.9316032015522677,11.251873350143434,shared_residual,0.25,0.23290080038806693,m_times_D_over_B
ax4-local-00450,16,0.9316032015522677,11.251873350143434,shared_residual,0.5,0.46580160077613386,m_times_D_over_B
ax4-local-00450,16,0.9316032015522677,11.251873350143434,shared_residual,1.0,0.9316032015522677,m_times_D_over_B
ax4-local-00450,16,0.9316032015522677,11.251873350143434,shared_residual,2.0,1.8632064031045354,m_times_D_over_B
ax4-local-00451,16,0.9316032015522677,11.251873350143434,null_residual,,0.9316032015522677,m_times_B
ax4-local-00451,16,0.9316032015522677,11.251873350143434,present_renormalization,,1.8632064031045354,2m_times_B
ax4-local-00451,16,0.9316032015522677,11.251873350143434,shared_residual,0.25,0.23290080038806693,m_times_D_over_B
ax4-local-00451,16,0.9316032015522677,11.251873350143434,shared_residual,0.5,0.46580160077613386,m_times_D_over_B
ax4-local-00451,16,0.9316032015522677,11.251873350143434,shared_residual,1.0,0.9316032015522677,m_times_D_over_B
ax4-local-00451,16,0.9316032015522677,11.251873350143434,shared_residual,2.0,1.8632064031045354,m_times_D_over_B
ax4-local-00452,16,0.9316770186335404,11.251873350143434,null_residual,,0.9316770186335404,m_times_B
ax4-local-00452,16,0.9316770186335404,11.251873350143434,present_renormalization,,1.8633540372670807,2m_times_B
ax4-local-00452,16,0.9316770186335404,11.251873350143434,shared_residual,0.25,0.2329192546583851,m_times_D_over_B
ax4-local-00452,16,0.9316770186335404,11.251873350143434,shared_residual,0.5,0.4658385093167702,m_times_D_over_B
ax4-local-00452,16,0.9316770186335404,11.251873350143434,shared_residual,1.0,0.9316770186335404,m_times_D_over_B
ax4-local-00452,16,0.9316770186335404,11.251873350143434,shared_residual,2.0,1.8633540372670807,m_times_D_over_B
ax4-local-00453,16,0.9316032015522677,11.251873350143434,null_residual,,0.9316032015522677,m_times_B
ax4-local-00453,16,0.9316032015522677,11.251873350143434,present_renormalization,,1.8632064031045354,2m_times_B
ax4-local-00453,16,0.9316032015522677,11.251873350143434,shared_residual,0.25,0.23290080038806693,m_times_D_over_B
ax4-local-00453,16,0.9316032015522677,11.251873350143434,shared_residual,0.5,0.46580160077613386,m_times_D_over_B
ax4-local-00453,16,0.9316032015522677,11.251873350143434,shared_residual,1.0,0.9316032015522677,m_times_D_over_B
ax4-local-00453,16,0.9316032015522677,11.251873350143434,shared_residual,2.0,1.8632064031045354,m_times_D_over_B
ax4-local-00454,16,0.9316032015522677,11.251873350143434,null_residual,,0.9316032015522677,m_times_B
ax4-local-00454,16,0.9316032015522677,11.251873350143434,present_renormalization,,1.8632064031045354,2m_times_B
ax4-local-00454,16,0.9316032015522677,11.251873350143434,shared_residual,0.25,0.23290080038806693,m_times_D_over_B
ax4-local-00454,16,0.9316032015522677,11.251873350143434,shared_residual,0.5,0.46580160077613386,m_times_D_over_B
ax4-local-00454,16,0.9316032015522677,11.251873350143434,shared_residual,1.0,0.9316032015522677,m_times_D_over_B
ax4-local-00454,16,0.9316032015522677,11.251873350143434,shared_residual,2.0,1.8632064031045354,m_times_D_over_B
ax4-local-00455,16,0.9319310546304411,11.251873350143434,null_residual,,0.9319310546304411,m_times_B
ax4-local-00455,16,0.9319310546304411,11.251873350143434,present_renormalization,,1.8638621092608822,2m_times_B
ax4-local-00455,16,0.9319310546304411,11.251873350143434,shared_residual,0.25,0.23298276365761028,m_times_D_over_B
ax4-local-00455,16,0.9319310546304411,11.251873350143434,shared_residual,0.5,0.46596552731522056,m_times_D_over_B
ax4-local-00455,16,0.9319310546304411,11.251873350143434,shared_residual,1.0,0.9319310546304411,m_times_D_over_B
ax4-local-00455,16,0.9319310546304411,11.251873350143434,shared_residual,2.0,1.8638621092608822,m_times_D_over_B
ax4-local-00456,16,1.0,11.251873350143434,null_residual,,1.0,m_times_B
ax4-local-00456,16,1.0,11.251873350143434,present_renormalization,,2.0,2m_times_B
ax4-local-00456,16,1.0,11.251873350143434,shared_residual,0.25,0.25,m_times_D_over_B
ax4-local-00456,16,1.0,11.251873350143434,shared_residual,0.5,0.5,m_times_D_over_B
ax4-local-00456,16,1.0,11.251873350143434,shared_residual,1.0,1.0,m_times_D_over_B
ax4-local-00456,16,1.0,11.251873350143434,shared_residual,2.0,2.0,m_times_D_over_B
ax4-local-00457,16,0.9316032015522677,11.251873350143434,null_residual,,0.9316032015522677,m_times_B
ax4-local-00457,16,0.9316032015522677,11.251873350143434,present_renormalization,,1.8632064031045354,2m_times_B
ax4-local-00457,16,0.9316032015522677,11.251873350143434,shared_residual,0.25,0.23290080038806693,m_times_D_over_B
ax4-local-00457,16,0.9316032015522677,11.251873350143434,shared_residual,0.5,0.46580160077613386,m_times_D_over_B
ax4-local-00457,16,0.9316032015522677,11.251873350143434,shared_residual,1.0,0.9316032015522677,m_times_D_over_B
ax4-local-00457,16,0.9316032015522677,11.251873350143434,shared_residual,2.0,1.8632064031045354,m_times_D_over_B
ax4-local-00458,16,0.9316032015522677,11.251873350143434,null_residual,,0.9316032015522677,m_times_B
ax4-local-00458,16,0.9316032015522677,11.251873350143434,present_renormalization,,1.8632064031045354,2m_times_B
ax4-local-00458,16,0.9316032015522677,11.251873350143434,shared_residual,0.25,0.23290080038806693,m_times_D_over_B
ax4-local-00458,16,0.9316032015522677,11.251873350143434,shared_residual,0.5,0.46580160077613386,m_times_D_over_B
ax4-local-00458,16,0.9316032015522677,11.251873350143434,shared_residual,1.0,0.9316032015522677,m_times_D_over_B
ax4-local-00458,16,0.9316032015522677,11.251873350143434,shared_residual,2.0,1.8632064031045354,m_times_D_over_B
ax4-local-00459,16,0.9316032015522677,11.251873350143434,null_residual,,0.9316032015522677,m_times_B
ax4-local-00459,16,0.9316032015522677,11.251873350143434,present_renormalization,,1.8632064031045354,2m_times_B
ax4-local-00459,16,0.9316032015522677,11.251873350143434,shared_residual,0.25,0.23290080038806693,m_times_D_over_B
ax4-local-00459,16,0.9316032015522677,11.251873350143434,shared_residual,0.5,0.46580160077613386,m_times_D_over_B
ax4-local-00459,16,0.9316032015522677,11.251873350143434,shared_residual,1.0,0.9316032015522677,m_times_D_over_B
ax4-local-00459,16,0.9316032015522677,11.251873350143434,shared_residual,2.0,1.8632064031045354,m_times_D_over_B
ax4-local-00460,16,0.9316032015522677,11.251873350143434,null_residual,,0.9316032015522677,m_times_B
ax4-local-00460,16,0.9316032015522677,11.251873350143434,present_renormalization,,1.8632064031045354,2m_times_B
ax4-local-00460,16,0.9316032015522677,11.251873350143434,shared_residual,0.25,0.23290080038806693,m_times_D_over_B
ax4-local-00460,16,0.9316032015522677,11.251873350143434,shared_residual,0.5,0.46580160077613386,m_times_D_over_B
ax4-local-00460,16,0.9316032015522677,11.251873350143434,shared_residual,1.0,0.9316032015522677,m_times_D_over_B
ax4-local-00460,16,0.9316032015522677,11.251873350143434,shared_residual,2.0,1.8632064031045354,m_times_D_over_B
ax4-local-00461,16,0.9316032015522677,11.251873350143434,null_residual,,0.9316032015522677,m_times_B
ax4-local-00461,16,0.9316032015522677,11.251873350143434,present_renormalization,,1.8632064031045354,2m_times_B
ax4-local-00461,16,0.9316032015522677,11.251873350143434,shared_residual,0.25,0.23290080038806693,m_times_D_over_B
ax4-local-00461,16,0.9316032015522677,11.251873350143434,shared_residual,0.5,0.46580160077613386,m_times_D_over_B
ax4-local-00461,16,0.9316032015522677,11.251873350143434,shared_residual,1.0,0.9316032015522677,m_times_D_over_B
ax4-local-00461,16,0.9316032015522677,11.251873350143434,shared_residual,2.0,1.8632064031045354,m_times_D_over_B
ax4-local-00462,16,0.9316032015522677,11.251873350143434,null_residual,,0.9316032015522677,m_times_B
ax4-local-00462,16,0.9316032015522677,11.251873350143434,present_renormalization,,1.8632064031045354,2m_times_B
ax4-local-00462,16,0.9316032015522677,11.251873350143434,shared_residual,0.25,0.23290080038806693,m_times_D_over_B
ax4-local-00462,16,0.9316032015522677,11.251873350143434,shared_residual,0.5,0.46580160077613386,m_times_D_over_B
ax4-local-00462,16,0.9316032015522677,11.251873350143434,shared_residual,1.0,0.9316032015522677,m_times_D_over_B
ax4-local-00462,16,0.9316032015522677,11.251873350143434,shared_residual,2.0,1.8632064031045354,m_times_D_over_B
ax4-local-00463,16,0.9316032015522677,11.251873350143434,null_residual,,0.9316032015522677,m_times_B
ax4-local-00463,16,0.9316032015522677,11.251873350143434,present_renormalization,,1.8632064031045354,2m_times_B
ax4-local-00463,16,0.9316032015522677,11.251873350143434,shared_residual,0.25,0.23290080038806693,m_times_D_over_B
ax4-local-00463,16,0.9316032015522677,11.251873350143434,shared_residual,0.5,0.46580160077613386,m_times_D_over_B
ax4-local-00463,16,0.9316032015522677,11.251873350143434,shared_residual,1.0,0.9316032015522677,m_times_D_over_B
ax4-local-00463,16,0.9316032015522677,11.251873350143434,shared_residual,2.0,1.8632064031045354,m_times_D_over_B
ax4-local-00464,16,0.9316770186335404,11.251873350143434,null_residual,,0.9316770186335404,m_times_B
ax4-local-00464,16,0.9316770186335404,11.251873350143434,present_renormalization,,1.8633540372670807,2m_times_B
ax4-local-00464,16,0.9316770186335404,11.251873350143434,shared_residual,0.25,0.2329192546583851,m_times_D_over_B
ax4-local-00464,16,0.9316770186335404,11.251873350143434,shared_residual,0.5,0.4658385093167702,m_times_D_over_B
ax4-local-00464,16,0.9316770186335404,11.251873350143434,shared_residual,1.0,0.9316770186335404,m_times_D_over_B
ax4-local-00464,16,0.9316770186335404,11.251873350143434,shared_residual,2.0,1.8633540372670807,m_times_D_over_B
ax4-local-00465,16,0.9316032015522677,11.251873350143434,null_residual,,0.9316032015522677,m_times_B
ax4-local-00465,16,0.9316032015522677,11.251873350143434,present_renormalization,,1.8632064031045354,2m_times_B
ax4-local-00465,16,0.9316032015522677,11.251873350143434,shared_residual,0.25,0.23290080038806693,m_times_D_over_B
ax4-local-00465,16,0.9316032015522677,11.251873350143434,shared_residual,0.5,0.46580160077613386,m_times_D_over_B
ax4-local-00465,16,0.9316032015522677,11.251873350143434,shared_residual,1.0,0.9316032015522677,m_times_D_over_B
ax4-local-00465,16,0.9316032015522677,11.251873350143434,shared_residual,2.0,1.8632064031045354,m_times_D_over_B
ax4-local-00466,16,0.9316032015522677,11.251873350143434,null_residual,,0.9316032015522677,m_times_B
ax4-local-00466,16,0.9316032015522677,11.251873350143434,present_renormalization,,1.8632064031045354,2m_times_B
ax4-local-00466,16,0.9316032015522677,11.251873350143434,shared_residual,0.25,0.23290080038806693,m_times_D_over_B
ax4-local-00466,16,0.9316032015522677,11.251873350143434,shared_residual,0.5,0.46580160077613386,m_times_D_over_B
ax4-local-00466,16,0.9316032015522677,11.251873350143434,shared_residual,1.0,0.9316032015522677,m_times_D_over_B
ax4-local-00466,16,0.9316032015522677,11.251873350143434,shared_residual,2.0,1.8632064031045354,m_times_D_over_B
ax4-local-00467,16,0.9319831868551777,11.251873350143434,null_residual,,0.9319831868551777,m_times_B
ax4-local-00467,16,0.9319831868551777,11.251873350143434,present_renormalization,,1.8639663737103553,2m_times_B
ax4-local-00467,16,0.9319831868551777,11.251873350143434,shared_residual,0.25,0.23299579671379442,m_times_D_over_B
ax4-local-00467,16,0.9319831868551777,11.251873350143434,shared_residual,0.5,0.46599159342758883,m_times_D_over_B
ax4-local-00467,16,0.9319831868551777,11.251873350143434,shared_residual,1.0,0.9319831868551777,m_times_D_over_B
ax4-local-00467,16,0.9319831868551777,11.251873350143434,shared_residual,2.0,1.8639663737103553,m_times_D_over_B
ax4-local-00468,16,1.0,11.251873350143434,null_residual,,1.0,m_times_B
ax4-local-00468,16,1.0,11.251873350143434,present_renormalization,,2.0,2m_times_B
ax4-local-00468,16,1.0,11.251873350143434,shared_residual,0.25,0.25,m_times_D_over_B
ax4-local-00468,16,1.0,11.251873350143434,shared_residual,0.5,0.5,m_times_D_over_B
ax4-local-00468,16,1.0,11.251873350143434,shared_residual,1.0,1.0,m_times_D_over_B
ax4-local-00468,16,1.0,11.251873350143434,shared_residual,2.0,2.0,m_times_D_over_B
ax4-local-00469,16,0.9316032015522677,11.251873350143434,null_residual,,0.9316032015522677,m_times_B
ax4-local-00469,16,0.9316032015522677,11.251873350143434,present_renormalization,,1.8632064031045354,2m_times_B
ax4-local-00469,16,0.9316032015522677,11.251873350143434,shared_residual,0.25,0.23290080038806693,m_times_D_over_B
ax4-local-00469,16,0.9316032015522677,11.251873350143434,shared_residual,0.5,0.46580160077613386,m_times_D_over_B
ax4-local-00469,16,0.9316032015522677,11.251873350143434,shared_residual,1.0,0.9316032015522677,m_times_D_over_B
ax4-local-00469,16,0.9316032015522677,11.251873350143434,shared_residual,2.0,1.8632064031045354,m_times_D_over_B
ax4-local-00470,16,0.9316032015522677,11.251873350143434,null_residual,,0.9316032015522677,m_times_B
ax4-local-00470,16,0.9316032015522677,11.251873350143434,present_renormalization,,1.8632064031045354,2m_times_B
ax4-local-00470,16,0.9316032015522677,11.251873350143434,shared_residual,0.25,0.23290080038806693,m_times_D_over_B
ax4-local-00470,16,0.9316032015522677,11.251873350143434,shared_residual,0.5,0.46580160077613386,m_times_D_over_B
ax4-local-00470,16,0.9316032015522677,11.251873350143434,shared_residual,1.0,0.9316032015522677,m_times_D_over_B
ax4-local-00470,16,0.9316032015522677,11.251873350143434,shared_residual,2.0,1.8632064031045354,m_times_D_over_B
ax4-local-00471,16,0.9316032015522677,11.251873350143434,null_residual,,0.9316032015522677,m_times_B
ax4-local-00471,16,0.9316032015522677,11.251873350143434,present_renormalization,,1.8632064031045354,2m_times_B
ax4-local-00471,16,0.9316032015522677,11.251873350143434,shared_residual,0.25,0.23290080038806693,m_times_D_over_B
ax4-local-00471,16,0.9316032015522677,11.251873350143434,shared_residual,0.5,0.46580160077613386,m_times_D_over_B
ax4-local-00471,16,0.9316032015522677,11.251873350143434,shared_residual,1.0,0.9316032015522677,m_times_D_over_B
ax4-local-00471,16,0.9316032015522677,11.251873350143434,shared_residual,2.0,1.8632064031045354,m_times_D_over_B
ax4-local-00472,16,0.9316032015522677,11.251873350143434,null_residual,,0.9316032015522677,m_times_B
ax4-local-00472,16,0.9316032015522677,11.251873350143434,present_renormalization,,1.8632064031045354,2m_times_B
ax4-local-00472,16,0.9316032015522677,11.251873350143434,shared_residual,0.25,0.23290080038806693,m_times_D_over_B
ax4-local-00472,16,0.9316032015522677,11.251873350143434,shared_residual,0.5,0.46580160077613386,m_times_D_over_B
ax4-local-00472,16,0.9316032015522677,11.251873350143434,shared_residual,1.0,0.9316032015522677,m_times_D_over_B
ax4-local-00472,16,0.9316032015522677,11.251873350143434,shared_residual,2.0,1.8632064031045354,m_times_D_over_B
ax4-local-00473,16,0.7238307349665924,11.251873350143434,null_residual,,0.7238307349665924,m_times_B
ax4-local-00473,16,0.7238307349665924,11.251873350143434,present_renormalization,,1.447661469933185,2m_times_B
ax4-local-00473,16,0.7238307349665924,11.251873350143434,shared_residual,0.25,0.1809576837416481,m_times_D_over_B
ax4-local-00473,16,0.7238307349665924,11.251873350143434,shared_residual,0.5,0.3619153674832962,m_times_D_over_B
ax4-local-00473,16,0.7238307349665924,11.251873350143434,shared_residual,1.0,0.7238307349665924,m_times_D_over_B
ax4-local-00473,16,0.7238307349665924,11.251873350143434,shared_residual,2.0,1.447661469933185,m_times_D_over_B
ax4-local-00474,16,0.9316032015522677,11.251873350143434,null_residual,,0.9316032015522677,m_times_B
ax4-local-00474,16,0.9316032015522677,11.251873350143434,present_renormalization,,1.8632064031045354,2m_times_B
ax4-local-00474,16,0.9316032015522677,11.251873350143434,shared_residual,0.25,0.23290080038806693,m_times_D_over_B
ax4-local-00474,16,0.9316032015522677,11.251873350143434,shared_residual,0.5,0.46580160077613386,m_times_D_over_B
ax4-local-00474,16,0.9316032015522677,11.251873350143434,shared_residual,1.0,0.9316032015522677,m_times_D_over_B
ax4-local-00474,16,0.9316032015522677,11.251873350143434,shared_residual,2.0,1.8632064031045354,m_times_D_over_B
ax4-local-00475,16,0.9316032015522677,11.251873350143434,null_residual,,0.9316032015522677,m_times_B
ax4-local-00475,16,0.9316032015522677,11.251873350143434,present_renormalization,,1.8632064031045354,2m_times_B
ax4-local-00475,16,0.9316032015522677,11.251873350143434,shared_residual,0.25,0.23290080038806693,m_times_D_over_B
ax4-local-00475,16,0.9316032015522677,11.251873350143434,shared_residual,0.5,0.46580160077613386,m_times_D_over_B
ax4-local-00475,16,0.9316032015522677,11.251873350143434,shared_residual,1.0,0.9316032015522677,m_times_D_over_B
ax4-local-00475,16,0.9316032015522677,11.251873350143434,shared_residual,2.0,1.8632064031045354,m_times_D_over_B
ax4-local-00476,16,0.7238307349665924,11.251873350143434,null_residual,,0.7238307349665924,m_times_B
ax4-local-00476,16,0.7238307349665924,11.251873350143434,present_renormalization,,1.447661469933185,2m_times_B
ax4-local-00476,16,0.7238307349665924,11.251873350143434,shared_residual,0.25,0.1809576837416481,m_times_D_over_B
ax4-local-00476,16,0.7238307349665924,11.251873350143434,shared_residual,0.5,0.3619153674832962,m_times_D_over_B
ax4-local-00476,16,0.7238307349665924,11.251873350143434,shared_residual,1.0,0.7238307349665924,m_times_D_over_B
ax4-local-00476,16,0.7238307349665924,11.251873350143434,shared_residual,2.0,1.447661469933185,m_times_D_over_B
ax4-local-00477,16,0.4157250470809793,11.251873350143434,null_residual,,0.4157250470809793,m_times_B
ax4-local-00477,16,0.4157250470809793,11.251873350143434,present_renormalization,,0.8314500941619586,2m_times_B
ax4-local-00477,16,0.4157250470809793,11.251873350143434,shared_residual,0.25,0.10393126177024482,m_times_D_over_B
ax4-local-00477,16,0.4157250470809793,11.251873350143434,shared_residual,0.5,0.20786252354048965,m_times_D_over_B
ax4-local-00477,16,0.4157250470809793,11.251873350143434,shared_residual,1.0,0.4157250470809793,m_times_D_over_B
ax4-local-00477,16,0.4157250470809793,11.251873350143434,shared_residual,2.0,0.8314500941619586,m_times_D_over_B
ax4-local-00478,16,0.9316032015522677,11.251873350143434,null_residual,,0.9316032015522677,m_times_B
ax4-local-00478,16,0.9316032015522677,11.251873350143434,present_renormalization,,1.8632064031045354,2m_times_B
ax4-local-00478,16,0.9316032015522677,11.251873350143434,shared_residual,0.25,0.23290080038806693,m_times_D_over_B
ax4-local-00478,16,0.9316032015522677,11.251873350143434,shared_residual,0.5,0.46580160077613386,m_times_D_over_B
ax4-local-00478,16,0.9316032015522677,11.251873350143434,shared_residual,1.0,0.9316032015522677,m_times_D_over_B
ax4-local-00478,16,0.9316032015522677,11.251873350143434,shared_residual,2.0,1.8632064031045354,m_times_D_over_B
ax4-local-00479,16,0.7238307349665924,11.251873350143434,null_residual,,0.7238307349665924,m_times_B
ax4-local-00479,16,0.7238307349665924,11.251873350143434,present_renormalization,,1.447661469933185,2m_times_B
ax4-local-00479,16,0.7238307349665924,11.251873350143434,shared_residual,0.25,0.1809576837416481,m_times_D_over_B
ax4-local-00479,16,0.7238307349665924,11.251873350143434,shared_residual,0.5,0.3619153674832962,m_times_D_over_B
ax4-local-00479,16,0.7238307349665924,11.251873350143434,shared_residual,1.0,0.7238307349665924,m_times_D_over_B
ax4-local-00479,16,0.7238307349665924,11.251873350143434,shared_residual,2.0,1.447661469933185,m_times_D_over_B
ax4-local-00480,16,0.4157250470809793,11.251873350143434,null_residual,,0.4157250470809793,m_times_B
ax4-local-00480,16,0.4157250470809793,11.251873350143434,present_renormalization,,0.8314500941619586,2m_times_B
ax4-local-00480,16,0.4157250470809793,11.251873350143434,shared_residual,0.25,0.10393126177024482,m_times_D_over_B
ax4-local-00480,16,0.4157250470809793,11.251873350143434,shared_residual,0.5,0.20786252354048965,m_times_D_over_B
ax4-local-00480,16,0.4157250470809793,11.251873350143434,shared_residual,1.0,0.4157250470809793,m_times_D_over_B
ax4-local-00480,16,0.4157250470809793,11.251873350143434,shared_residual,2.0,0.8314500941619586,m_times_D_over_B
ax4-local-00481,16,0.09314775160599562,11.251873350143434,null_residual,,0.09314775160599562,m_times_B
ax4-local-00481,16,0.09314775160599562,11.251873350143434,present_renormalization,,0.18629550321199123,2m_times_B
ax4-local-00481,16,0.09314775160599562,11.251873350143434,shared_residual,0.25,0.023286937901498904,m_times_D_over_B
ax4-local-00481,16,0.09314775160599562,11.251873350143434,shared_residual,0.5,0.04657387580299781,m_times_D_over_B
ax4-local-00481,16,0.09314775160599562,11.251873350143434,shared_residual,1.0,0.09314775160599562,m_times_D_over_B
ax4-local-00481,16,0.09314775160599562,11.251873350143434,shared_residual,2.0,0.18629550321199123,m_times_D_over_B
ax4-local-00482,16,0.9316032015522677,11.251873350143434,null_residual,,0.9316032015522677,m_times_B
ax4-local-00482,16,0.9316032015522677,11.251873350143434,present_renormalization,,1.8632064031045354,2m_times_B
ax4-local-00482,16,0.9316032015522677,11.251873350143434,shared_residual,0.25,0.23290080038806693,m_times_D_over_B
ax4-local-00482,16,0.9316032015522677,11.251873350143434,shared_residual,0.5,0.46580160077613386,m_times_D_over_B
ax4-local-00482,16,0.9316032015522677,11.251873350143434,shared_residual,1.0,0.9316032015522677,m_times_D_over_B
ax4-local-00482,16,0.9316032015522677,11.251873350143434,shared_residual,2.0,1.8632064031045354,m_times_D_over_B
ax4-local-00483,16,0.4157250470809793,11.251873350143434,null_residual,,0.4157250470809793,m_times_B
ax4-local-00483,16,0.4157250470809793,11.251873350143434,present_renormalization,,0.8314500941619586,2m_times_B
ax4-local-00483,16,0.4157250470809793,11.251873350143434,shared_residual,0.25,0.10393126177024482,m_times_D_over_B
ax4-local-00483,16,0.4157250470809793,11.251873350143434,shared_residual,0.5,0.20786252354048965,m_times_D_over_B
ax4-local-00483,16,0.4157250470809793,11.251873350143434,shared_residual,1.0,0.4157250470809793,m_times_D_over_B
ax4-local-00483,16,0.4157250470809793,11.251873350143434,shared_residual,2.0,0.8314500941619586,m_times_D_over_B
ax4-local-00484,16,0.09314775160599562,11.251873350143434,null_residual,,0.09314775160599562,m_times_B
ax4-local-00484,16,0.09314775160599562,11.251873350143434,present_renormalization,,0.18629550321199123,2m_times_B
ax4-local-00484,16,0.09314775160599562,11.251873350143434,shared_residual,0.25,0.023286937901498904,m_times_D_over_B
ax4-local-00484,16,0.09314775160599562,11.251873350143434,shared_residual,0.5,0.04657387580299781,m_times_D_over_B
ax4-local-00484,16,0.09314775160599562,11.251873350143434,shared_residual,1.0,0.09314775160599562,m_times_D_over_B
ax4-local-00484,16,0.09314775160599562,11.251873350143434,shared_residual,2.0,0.18629550321199123,m_times_D_over_B
ax4-local-00485,16,1.3877787807814457e-16,11.251873350143434,null_residual,,1.3877787807814457e-16,m_times_B
ax4-local-00485,16,1.3877787807814457e-16,11.251873350143434,present_renormalization,,2.7755575615628914e-16,2m_times_B
ax4-local-00485,16,1.3877787807814457e-16,11.251873350143434,shared_residual,0.25,3.469446951953614e-17,m_times_D_over_B
ax4-local-00485,16,1.3877787807814457e-16,11.251873350143434,shared_residual,0.5,6.938893903907228e-17,m_times_D_over_B
ax4-local-00485,16,1.3877787807814457e-16,11.251873350143434,shared_residual,1.0,1.3877787807814457e-16,m_times_D_over_B
ax4-local-00485,16,1.3877787807814457e-16,11.251873350143434,shared_residual,2.0,2.7755575615628914e-16,m_times_D_over_B
ax4-local-00486,16,0.9316032015522677,11.251873350143434,null_residual,,0.9316032015522677,m_times_B
ax4-local-00486,16,0.9316032015522677,11.251873350143434,present_renormalization,,1.8632064031045354,2m_times_B
ax4-local-00486,16,0.9316032015522677,11.251873350143434,shared_residual,0.25,0.23290080038806693,m_times_D_over_B
ax4-local-00486,16,0.9316032015522677,11.251873350143434,shared_residual,0.5,0.46580160077613386,m_times_D_over_B
ax4-local-00486,16,0.9316032015522677,11.251873350143434,shared_residual,1.0,0.9316032015522677,m_times_D_over_B
ax4-local-00486,16,0.9316032015522677,11.251873350143434,shared_residual,2.0,1.8632064031045354,m_times_D_over_B
ax4-local-00487,16,0.9316032015522677,11.251873350143434,null_residual,,0.9316032015522677,m_times_B
ax4-local-00487,16,0.9316032015522677,11.251873350143434,present_renormalization,,1.8632064031045354,2m_times_B
ax4-local-00487,16,0.9316032015522677,11.251873350143434,shared_residual,0.25,0.23290080038806693,m_times_D_over_B
ax4-local-00487,16,0.9316032015522677,11.251873350143434,shared_residual,0.5,0.46580160077613386,m_times_D_over_B
ax4-local-00487,16,0.9316032015522677,11.251873350143434,shared_residual,1.0,0.9316032015522677,m_times_D_over_B
ax4-local-00487,16,0.9316032015522677,11.251873350143434,shared_residual,2.0,1.8632064031045354,m_times_D_over_B
ax4-local-00488,16,0.9316032015522677,11.251873350143434,null_residual,,0.9316032015522677,m_times_B
ax4-local-00488,16,0.9316032015522677,11.251873350143434,present_renormalization,,1.8632064031045354,2m_times_B
ax4-local-00488,16,0.9316032015522677,11.251873350143434,shared_residual,0.25,0.23290080038806693,m_times_D_over_B
ax4-local-00488,16,0.9316032015522677,11.251873350143434,shared_residual,0.5,0.46580160077613386,m_times_D_over_B
ax4-local-00488,16,0.9316032015522677,11.251873350143434,shared_residual,1.0,0.9316032015522677,m_times_D_over_B
ax4-local-00488,16,0.9316032015522677,11.251873350143434,shared_residual,2.0,1.8632064031045354,m_times_D_over_B
ax4-local-00489,16,0.9316032015522677,11.251873350143434,null_residual,,0.9316032015522677,m_times_B
ax4-local-00489,16,0.9316032015522677,11.251873350143434,present_renormalization,,1.8632064031045354,2m_times_B
ax4-local-00489,16,0.9316032015522677,11.251873350143434,shared_residual,0.25,0.23290080038806693,m_times_D_over_B
ax4-local-00489,16,0.9316032015522677,11.251873350143434,shared_residual,0.5,0.46580160077613386,m_times_D_over_B
ax4-local-00489,16,0.9316032015522677,11.251873350143434,shared_residual,1.0,0.9316032015522677,m_times_D_over_B
ax4-local-00489,16,0.9316032015522677,11.251873350143434,shared_residual,2.0,1.8632064031045354,m_times_D_over_B
ax4-local-00490,16,0.9316032015522677,11.251873350143434,null_residual,,0.9316032015522677,m_times_B
ax4-local-00490,16,0.9316032015522677,11.251873350143434,present_renormalization,,1.8632064031045354,2m_times_B
ax4-local-00490,16,0.9316032015522677,11.251873350143434,shared_residual,0.25,0.23290080038806693,m_times_D_over_B
ax4-local-00490,16,0.9316032015522677,11.251873350143434,shared_residual,0.5,0.46580160077613386,m_times_D_over_B
ax4-local-00490,16,0.9316032015522677,11.251873350143434,shared_residual,1.0,0.9316032015522677,m_times_D_over_B
ax4-local-00490,16,0.9316032015522677,11.251873350143434,shared_residual,2.0,1.8632064031045354,m_times_D_over_B
ax4-local-00491,16,0.9316032015522677,11.251873350143434,null_residual,,0.9316032015522677,m_times_B
ax4-local-00491,16,0.9316032015522677,11.251873350143434,present_renormalization,,1.8632064031045354,2m_times_B
ax4-local-00491,16,0.9316032015522677,11.251873350143434,shared_residual,0.25,0.23290080038806693,m_times_D_over_B
ax4-local-00491,16,0.9316032015522677,11.251873350143434,shared_residual,0.5,0.46580160077613386,m_times_D_over_B
ax4-local-00491,16,0.9316032015522677,11.251873350143434,shared_residual,1.0,0.9316032015522677,m_times_D_over_B
ax4-local-00491,16,0.9316032015522677,11.251873350143434,shared_residual,2.0,1.8632064031045354,m_times_D_over_B
ax4-local-00492,16,0.9316032015522677,11.251873350143434,null_residual,,0.9316032015522677,m_times_B
ax4-local-00492,16,0.9316032015522677,11.251873350143434,present_renormalization,,1.8632064031045354,2m_times_B
ax4-local-00492,16,0.9316032015522677,11.251873350143434,shared_residual,0.25,0.23290080038806693,m_times_D_over_B
ax4-local-00492,16,0.9316032015522677,11.251873350143434,shared_residual,0.5,0.46580160077613386,m_times_D_over_B
ax4-local-00492,16,0.9316032015522677,11.251873350143434,shared_residual,1.0,0.9316032015522677,m_times_D_over_B
ax4-local-00492,16,0.9316032015522677,11.251873350143434,shared_residual,2.0,1.8632064031045354,m_times_D_over_B
ax4-local-00493,16,0.9316032015522677,11.251873350143434,null_residual,,0.9316032015522677,m_times_B
ax4-local-00493,16,0.9316032015522677,11.251873350143434,present_renormalization,,1.8632064031045354,2m_times_B
ax4-local-00493,16,0.9316032015522677,11.251873350143434,shared_residual,0.25,0.23290080038806693,m_times_D_over_B
ax4-local-00493,16,0.9316032015522677,11.251873350143434,shared_residual,0.5,0.46580160077613386,m_times_D_over_B
ax4-local-00493,16,0.9316032015522677,11.251873350143434,shared_residual,1.0,0.9316032015522677,m_times_D_over_B
ax4-local-00493,16,0.9316032015522677,11.251873350143434,shared_residual,2.0,1.8632064031045354,m_times_D_over_B
ax4-local-00494,16,0.9319831868551777,11.251873350143434,null_residual,,0.9319831868551777,m_times_B
ax4-local-00494,16,0.9319831868551777,11.251873350143434,present_renormalization,,1.8639663737103553,2m_times_B
ax4-local-00494,16,0.9319831868551777,11.251873350143434,shared_residual,0.25,0.23299579671379442,m_times_D_over_B
ax4-local-00494,16,0.9319831868551777,11.251873350143434,shared_residual,0.5,0.46599159342758883,m_times_D_over_B
ax4-local-00494,16,0.9319831868551777,11.251873350143434,shared_residual,1.0,0.9319831868551777,m_times_D_over_B
ax4-local-00494,16,0.9319831868551777,11.251873350143434,shared_residual,2.0,1.8639663737103553,m_times_D_over_B
ax4-local-00495,16,1.0,11.251873350143434,null_residual,,1.0,m_times_B
ax4-local-00495,16,1.0,11.251873350143434,present_renormalization,,2.0,2m_times_B
ax4-local-00495,16,1.0,11.251873350143434,shared_residual,0.25,0.25,m_times_D_over_B
ax4-local-00495,16,1.0,11.251873350143434,shared_residual,0.5,0.5,m_times_D_over_B
ax4-local-00495,16,1.0,11.251873350143434,shared_residual,1.0,1.0,m_times_D_over_B
ax4-local-00495,16,1.0,11.251873350143434,shared_residual,2.0,2.0,m_times_D_over_B
ax4-local-00496,16,0.9316032015522677,11.251873350143434,null_residual,,0.9316032015522677,m_times_B
ax4-local-00496,16,0.9316032015522677,11.251873350143434,present_renormalization,,1.8632064031045354,2m_times_B
ax4-local-00496,16,0.9316032015522677,11.251873350143434,shared_residual,0.25,0.23290080038806693,m_times_D_over_B
ax4-local-00496,16,0.9316032015522677,11.251873350143434,shared_residual,0.5,0.46580160077613386,m_times_D_over_B
ax4-local-00496,16,0.9316032015522677,11.251873350143434,shared_residual,1.0,0.9316032015522677,m_times_D_over_B
ax4-local-00496,16,0.9316032015522677,11.251873350143434,shared_residual,2.0,1.8632064031045354,m_times_D_over_B
ax4-local-00497,16,0.9316032015522677,11.251873350143434,null_residual,,0.9316032015522677,m_times_B
ax4-local-00497,16,0.9316032015522677,11.251873350143434,present_renormalization,,1.8632064031045354,2m_times_B
ax4-local-00497,16,0.9316032015522677,11.251873350143434,shared_residual,0.25,0.23290080038806693,m_times_D_over_B
ax4-local-00497,16,0.9316032015522677,11.251873350143434,shared_residual,0.5,0.46580160077613386,m_times_D_over_B
ax4-local-00497,16,0.9316032015522677,11.251873350143434,shared_residual,1.0,0.9316032015522677,m_times_D_over_B
ax4-local-00497,16,0.9316032015522677,11.251873350143434,shared_residual,2.0,1.8632064031045354,m_times_D_over_B
ax4-local-00498,16,0.9316032015522677,11.251873350143434,null_residual,,0.9316032015522677,m_times_B
ax4-local-00498,16,0.9316032015522677,11.251873350143434,present_renormalization,,1.8632064031045354,2m_times_B
ax4-local-00498,16,0.9316032015522677,11.251873350143434,shared_residual,0.25,0.23290080038806693,m_times_D_over_B
ax4-local-00498,16,0.9316032015522677,11.251873350143434,shared_residual,0.5,0.46580160077613386,m_times_D_over_B
ax4-local-00498,16,0.9316032015522677,11.251873350143434,shared_residual,1.0,0.9316032015522677,m_times_D_over_B
ax4-local-00498,16,0.9316032015522677,11.251873350143434,shared_residual,2.0,1.8632064031045354,m_times_D_over_B
ax4-local-00499,16,0.9316032015522677,11.251873350143434,null_residual,,0.9316032015522677,m_times_B
ax4-local-00499,16,0.9316032015522677,11.251873350143434,present_renormalization,,1.8632064031045354,2m_times_B
ax4-local-00499,16,0.9316032015522677,11.251873350143434,shared_residual,0.25,0.23290080038806693,m_times_D_over_B
ax4-local-00499,16,0.9316032015522677,11.251873350143434,shared_residual,0.5,0.46580160077613386,m_times_D_over_B
ax4-local-00499,16,0.9316032015522677,11.251873350143434,shared_residual,1.0,0.9316032015522677,m_times_D_over_B
ax4-local-00499,16,0.9316032015522677,11.251873350143434,shared_residual,2.0,1.8632064031045354,m_times_D_over_B
ax4-local-00500,16,0.9316032015522677,11.251873350143434,null_residual,,0.9316032015522677,m_times_B
ax4-local-00500,16,0.9316032015522677,11.251873350143434,present_renormalization,,1.8632064031045354,2m_times_B
ax4-local-00500,16,0.9316032015522677,11.251873350143434,shared_residual,0.25,0.23290080038806693,m_times_D_over_B
ax4-local-00500,16,0.9316032015522677,11.251873350143434,shared_residual,0.5,0.46580160077613386,m_times_D_over_B
ax4-local-00500,16,0.9316032015522677,11.251873350143434,shared_residual,1.0,0.9316032015522677,m_times_D_over_B
ax4-local-00500,16,0.9316032015522677,11.251873350143434,shared_residual,2.0,1.8632064031045354,m_times_D_over_B
ax4-local-00501,16,0.9316032015522677,11.251873350143434,null_residual,,0.9316032015522677,m_times_B
ax4-local-00501,16,0.9316032015522677,11.251873350143434,present_renormalization,,1.8632064031045354,2m_times_B
ax4-local-00501,16,0.9316032015522677,11.251873350143434,shared_residual,0.25,0.23290080038806693,m_times_D_over_B
ax4-local-00501,16,0.9316032015522677,11.251873350143434,shared_residual,0.5,0.46580160077613386,m_times_D_over_B
ax4-local-00501,16,0.9316032015522677,11.251873350143434,shared_residual,1.0,0.9316032015522677,m_times_D_over_B
ax4-local-00501,16,0.9316032015522677,11.251873350143434,shared_residual,2.0,1.8632064031045354,m_times_D_over_B
ax4-local-00502,16,0.9316032015522677,11.251873350143434,null_residual,,0.9316032015522677,m_times_B
ax4-local-00502,16,0.9316032015522677,11.251873350143434,present_renormalization,,1.8632064031045354,2m_times_B
ax4-local-00502,16,0.9316032015522677,11.251873350143434,shared_residual,0.25,0.23290080038806693,m_times_D_over_B
ax4-local-00502,16,0.9316032015522677,11.251873350143434,shared_residual,0.5,0.46580160077613386,m_times_D_over_B
ax4-local-00502,16,0.9316032015522677,11.251873350143434,shared_residual,1.0,0.9316032015522677,m_times_D_over_B
ax4-local-00502,16,0.9316032015522677,11.251873350143434,shared_residual,2.0,1.8632064031045354,m_times_D_over_B
ax4-local-00503,16,0.9316606140640475,11.251873350143434,null_residual,,0.9316606140640475,m_times_B
ax4-local-00503,16,0.9316606140640475,11.251873350143434,present_renormalization,,1.863321228128095,2m_times_B
ax4-local-00503,16,0.9316606140640475,11.251873350143434,shared_residual,0.25,0.23291515351601189,m_times_D_over_B
ax4-local-00503,16,0.9316606140640475,11.251873350143434,shared_residual,0.5,0.46583030703202377,m_times_D_over_B
ax4-local-00503,16,0.9316606140640475,11.251873350143434,shared_residual,1.0,0.9316606140640475,m_times_D_over_B
ax4-local-00503,16,0.9316606140640475,11.251873350143434,shared_residual,2.0,1.863321228128095,m_times_D_over_B
ax4-local-00504,32,0.7872999483737739,11.251873350143434,null_residual,,0.7872999483737739,m_times_B
ax4-local-00504,32,0.7872999483737739,11.251873350143434,present_renormalization,,1.5745998967475479,2m_times_B
ax4-local-00504,32,0.7872999483737739,11.251873350143434,shared_residual,0.25,0.19682498709344348,m_times_D_over_B
ax4-local-00504,32,0.7872999483737739,11.251873350143434,shared_residual,0.5,0.39364997418688696,m_times_D_over_B
ax4-local-00504,32,0.7872999483737739,11.251873350143434,shared_residual,1.0,0.7872999483737739,m_times_D_over_B
ax4-local-00504,32,0.7872999483737739,11.251873350143434,shared_residual,2.0,1.5745998967475479,m_times_D_over_B
ax4-local-00505,32,0.8477141992128367,11.251873350143434,null_residual,,0.8477141992128367,m_times_B
ax4-local-00505,32,0.8477141992128367,11.251873350143434,present_renormalization,,1.6954283984256735,2m_times_B
ax4-local-00505,32,0.8477141992128367,11.251873350143434,shared_residual,0.25,0.2119285498032092,m_times_D_over_B
ax4-local-00505,32,0.8477141992128367,11.251873350143434,shared_residual,0.5,0.4238570996064184,m_times_D_over_B
ax4-local-00505,32,0.8477141992128367,11.251873350143434,shared_residual,1.0,0.8477141992128367,m_times_D_over_B
ax4-local-00505,32,0.8477141992128367,11.251873350143434,shared_residual,2.0,1.6954283984256735,m_times_D_over_B
ax4-local-00506,32,0.8477141992128367,11.251873350143434,null_residual,,0.8477141992128367,m_times_B
ax4-local-00506,32,0.8477141992128367,11.251873350143434,present_renormalization,,1.6954283984256735,2m_times_B
ax4-local-00506,32,0.8477141992128367,11.251873350143434,shared_residual,0.25,0.2119285498032092,m_times_D_over_B
ax4-local-00506,32,0.8477141992128367,11.251873350143434,shared_residual,0.5,0.4238570996064184,m_times_D_over_B
ax4-local-00506,32,0.8477141992128367,11.251873350143434,shared_residual,1.0,0.8477141992128367,m_times_D_over_B
ax4-local-00506,32,0.8477141992128367,11.251873350143434,shared_residual,2.0,1.6954283984256735,m_times_D_over_B
ax4-local-00507,32,0.8477141992128367,11.251873350143434,null_residual,,0.8477141992128367,m_times_B
ax4-local-00507,32,0.8477141992128367,11.251873350143434,present_renormalization,,1.6954283984256735,2m_times_B
ax4-local-00507,32,0.8477141992128367,11.251873350143434,shared_residual,0.25,0.2119285498032092,m_times_D_over_B
ax4-local-00507,32,0.8477141992128367,11.251873350143434,shared_residual,0.5,0.4238570996064184,m_times_D_over_B
ax4-local-00507,32,0.8477141992128367,11.251873350143434,shared_residual,1.0,0.8477141992128367,m_times_D_over_B
ax4-local-00507,32,0.8477141992128367,11.251873350143434,shared_residual,2.0,1.6954283984256735,m_times_D_over_B
ax4-local-00508,32,0.6761640027797081,11.251873350143434,null_residual,,0.6761640027797081,m_times_B
ax4-local-00508,32,0.6761640027797081,11.251873350143434,present_renormalization,,1.3523280055594162,2m_times_B
ax4-local-00508,32,0.6761640027797081,11.251873350143434,shared_residual,0.25,0.16904100069492703,m_times_D_over_B
ax4-local-00508,32,0.6761640027797081,11.251873350143434,shared_residual,0.5,0.33808200138985406,m_times_D_over_B
ax4-local-00508,32,0.6761640027797081,11.251873350143434,shared_residual,1.0,0.6761640027797081,m_times_D_over_B
ax4-local-00508,32,0.6761640027797081,11.251873350143434,shared_residual,2.0,1.3523280055594162,m_times_D_over_B
ax4-local-00509,32,0.6761640027797081,11.251873350143434,null_residual,,0.6761640027797081,m_times_B
ax4-local-00509,32,0.6761640027797081,11.251873350143434,present_renormalization,,1.3523280055594162,2m_times_B
ax4-local-00509,32,0.6761640027797081,11.251873350143434,shared_residual,0.25,0.16904100069492703,m_times_D_over_B
ax4-local-00509,32,0.6761640027797081,11.251873350143434,shared_residual,0.5,0.33808200138985406,m_times_D_over_B
ax4-local-00509,32,0.6761640027797081,11.251873350143434,shared_residual,1.0,0.6761640027797081,m_times_D_over_B
ax4-local-00509,32,0.6761640027797081,11.251873350143434,shared_residual,2.0,1.3523280055594162,m_times_D_over_B
ax4-local-00510,32,0.6761640027797081,11.251873350143434,null_residual,,0.6761640027797081,m_times_B
ax4-local-00510,32,0.6761640027797081,11.251873350143434,present_renormalization,,1.3523280055594162,2m_times_B
ax4-local-00510,32,0.6761640027797081,11.251873350143434,shared_residual,0.25,0.16904100069492703,m_times_D_over_B
ax4-local-00510,32,0.6761640027797081,11.251873350143434,shared_residual,0.5,0.33808200138985406,m_times_D_over_B
ax4-local-00510,32,0.6761640027797081,11.251873350143434,shared_residual,1.0,0.6761640027797081,m_times_D_over_B
ax4-local-00510,32,0.6761640027797081,11.251873350143434,shared_residual,2.0,1.3523280055594162,m_times_D_over_B
ax4-local-00511,32,0.6761640027797081,11.251873350143434,null_residual,,0.6761640027797081,m_times_B
ax4-local-00511,32,0.6761640027797081,11.251873350143434,present_renormalization,,1.3523280055594162,2m_times_B
ax4-local-00511,32,0.6761640027797081,11.251873350143434,shared_residual,0.25,0.16904100069492703,m_times_D_over_B
ax4-local-00511,32,0.6761640027797081,11.251873350143434,shared_residual,0.5,0.33808200138985406,m_times_D_over_B
ax4-local-00511,32,0.6761640027797081,11.251873350143434,shared_residual,1.0,0.6761640027797081,m_times_D_over_B
ax4-local-00511,32,0.6761640027797081,11.251873350143434,shared_residual,2.0,1.3523280055594162,m_times_D_over_B
ax4-local-00512,32,0.7412759957701798,11.251873350143434,null_residual,,0.7412759957701798,m_times_B
ax4-local-00512,32,0.7412759957701798,11.251873350143434,present_renormalization,,1.4825519915403595,2m_times_B
ax4-local-00512,32,0.7412759957701798,11.251873350143434,shared_residual,0.25,0.18531899894254494,m_times_D_over_B
ax4-local-00512,32,0.7412759957701798,11.251873350143434,shared_residual,0.5,0.3706379978850899,m_times_D_over_B
ax4-local-00512,32,0.7412759957701798,11.251873350143434,shared_residual,1.0,0.7412759957701798,m_times_D_over_B
ax4-local-00512,32,0.7412759957701798,11.251873350143434,shared_residual,2.0,1.4825519915403595,m_times_D_over_B
ax4-local-00513,32,0.7851063829787234,11.251873350143434,null_residual,,0.7851063829787234,m_times_B
ax4-local-00513,32,0.7851063829787234,11.251873350143434,present_renormalization,,1.5702127659574467,2m_times_B
ax4-local-00513,32,0.7851063829787234,11.251873350143434,shared_residual,0.25,0.19627659574468084,m_times_D_over_B
ax4-local-00513,32,0.7851063829787234,11.251873350143434,shared_residual,0.5,0.3925531914893617,m_times_D_over_B
ax4-local-00513,32,0.7851063829787234,11.251873350143434,shared_residual,1.0,0.7851063829787234,m_times_D_over_B
ax4-local-00513,32,0.7851063829787234,11.251873350143434,shared_residual,2.0,1.5702127659574467,m_times_D_over_B
ax4-local-00514,32,0.8027538726333907,11.251873350143434,null_residual,,0.8027538726333907,m_times_B
ax4-local-00514,32,0.8027538726333907,11.251873350143434,present_renormalization,,1.6055077452667814,2m_times_B
ax4-local-00514,32,0.8027538726333907,11.251873350143434,shared_residual,0.25,0.20068846815834768,m_times_D_over_B
ax4-local-00514,32,0.8027538726333907,11.251873350143434,shared_residual,0.5,0.40137693631669535,m_times_D_over_B
ax4-local-00514,32,0.8027538726333907,11.251873350143434,shared_residual,1.0,0.8027538726333907,m_times_D_over_B
ax4-local-00514,32,0.8027538726333907,11.251873350143434,shared_residual,2.0,1.6055077452667814,m_times_D_over_B
ax4-local-00515,32,0.8276563294356889,11.251873350143434,null_residual,,0.8276563294356889,m_times_B
ax4-local-00515,32,0.8276563294356889,11.251873350143434,present_renormalization,,1.6553126588713778,2m_times_B
ax4-local-00515,32,0.8276563294356889,11.251873350143434,shared_residual,0.25,0.20691408235892222,m_times_D_over_B
ax4-local-00515,32,0.8276563294356889,11.251873350143434,shared_residual,0.5,0.41382816471784445,m_times_D_over_B
ax4-local-00515,32,0.8276563294356889,11.251873350143434,shared_residual,1.0,0.8276563294356889,m_times_D_over_B
ax4-local-00515,32,0.8276563294356889,11.251873350143434,shared_residual,2.0,1.6553126588713778,m_times_D_over_B
ax4-local-00516,32,0.7872999483737739,11.251873350143434,null_residual,,0.7872999483737739,m_times_B
ax4-local-00516,32,0.7872999483737739,11.251873350143434,present_renormalization,,1.5745998967475479,2m_times_B
ax4-local-00516,32,0.7872999483737739,11.251873350143434,shared_residual,0.25,0.19682498709344348,m_times_D_over_B
ax4-local-00516,32,0.7872999483737739,11.251873350143434,shared_residual,0.5,0.39364997418688696,m_times_D_over_B
ax4-local-00516,32,0.7872999483737739,11.251873350143434,shared_residual,1.0,0.7872999483737739,m_times_D_over_B
ax4-local-00516,32,0.7872999483737739,11.251873350143434,shared_residual,2.0,1.5745998967475479,m_times_D_over_B
ax4-local-00517,32,0.8477141992128367,11.251873350143434,null_residual,,0.8477141992128367,m_times_B
ax4-local-00517,32,0.8477141992128367,11.251873350143434,present_renormalization,,1.6954283984256735,2m_times_B
ax4-local-00517,32,0.8477141992128367,11.251873350143434,shared_residual,0.25,0.2119285498032092,m_times_D_over_B
ax4-local-00517,32,0.8477141992128367,11.251873350143434,shared_residual,0.5,0.4238570996064184,m_times_D_over_B
ax4-local-00517,32,0.8477141992128367,11.251873350143434,shared_residual,1.0,0.8477141992128367,m_times_D_over_B
ax4-local-00517,32,0.8477141992128367,11.251873350143434,shared_residual,2.0,1.6954283984256735,m_times_D_over_B
ax4-local-00518,32,0.8477141992128367,11.251873350143434,null_residual,,0.8477141992128367,m_times_B
ax4-local-00518,32,0.8477141992128367,11.251873350143434,present_renormalization,,1.6954283984256735,2m_times_B
ax4-local-00518,32,0.8477141992128367,11.251873350143434,shared_residual,0.25,0.2119285498032092,m_times_D_over_B
ax4-local-00518,32,0.8477141992128367,11.251873350143434,shared_residual,0.5,0.4238570996064184,m_times_D_over_B
ax4-local-00518,32,0.8477141992128367,11.251873350143434,shared_residual,1.0,0.8477141992128367,m_times_D_over_B
ax4-local-00518,32,0.8477141992128367,11.251873350143434,shared_residual,2.0,1.6954283984256735,m_times_D_over_B
ax4-local-00519,32,0.8477141992128367,11.251873350143434,null_residual,,0.8477141992128367,m_times_B
ax4-local-00519,32,0.8477141992128367,11.251873350143434,present_renormalization,,1.6954283984256735,2m_times_B
ax4-local-00519,32,0.8477141992128367,11.251873350143434,shared_residual,0.25,0.2119285498032092,m_times_D_over_B
ax4-local-00519,32,0.8477141992128367,11.251873350143434,shared_residual,0.5,0.4238570996064184,m_times_D_over_B
ax4-local-00519,32,0.8477141992128367,11.251873350143434,shared_residual,1.0,0.8477141992128367,m_times_D_over_B
ax4-local-00519,32,0.8477141992128367,11.251873350143434,shared_residual,2.0,1.6954283984256735,m_times_D_over_B
ax4-local-00520,32,0.6761640027797081,11.251873350143434,null_residual,,0.6761640027797081,m_times_B
ax4-local-00520,32,0.6761640027797081,11.251873350143434,present_renormalization,,1.3523280055594162,2m_times_B
ax4-local-00520,32,0.6761640027797081,11.251873350143434,shared_residual,0.25,0.16904100069492703,m_times_D_over_B
ax4-local-00520,32,0.6761640027797081,11.251873350143434,shared_residual,0.5,0.33808200138985406,m_times_D_over_B
ax4-local-00520,32,0.6761640027797081,11.251873350143434,shared_residual,1.0,0.6761640027797081,m_times_D_over_B
ax4-local-00520,32,0.6761640027797081,11.251873350143434,shared_residual,2.0,1.3523280055594162,m_times_D_over_B
ax4-local-00521,32,0.6761640027797081,11.251873350143434,null_residual,,0.6761640027797081,m_times_B
ax4-local-00521,32,0.6761640027797081,11.251873350143434,present_renormalization,,1.3523280055594162,2m_times_B
ax4-local-00521,32,0.6761640027797081,11.251873350143434,shared_residual,0.25,0.16904100069492703,m_times_D_over_B
ax4-local-00521,32,0.6761640027797081,11.251873350143434,shared_residual,0.5,0.33808200138985406,m_times_D_over_B
ax4-local-00521,32,0.6761640027797081,11.251873350143434,shared_residual,1.0,0.6761640027797081,m_times_D_over_B
ax4-local-00521,32,0.6761640027797081,11.251873350143434,shared_residual,2.0,1.3523280055594162,m_times_D_over_B
ax4-local-00522,32,0.6761640027797081,11.251873350143434,null_residual,,0.6761640027797081,m_times_B
ax4-local-00522,32,0.6761640027797081,11.251873350143434,present_renormalization,,1.3523280055594162,2m_times_B
ax4-local-00522,32,0.6761640027797081,11.251873350143434,shared_residual,0.25,0.16904100069492703,m_times_D_over_B
ax4-local-00522,32,0.6761640027797081,11.251873350143434,shared_residual,0.5,0.33808200138985406,m_times_D_over_B
ax4-local-00522,32,0.6761640027797081,11.251873350143434,shared_residual,1.0,0.6761640027797081,m_times_D_over_B
ax4-local-00522,32,0.6761640027797081,11.251873350143434,shared_residual,2.0,1.3523280055594162,m_times_D_over_B
ax4-local-00523,32,0.6761640027797081,11.251873350143434,null_residual,,0.6761640027797081,m_times_B
ax4-local-00523,32,0.6761640027797081,11.251873350143434,present_renormalization,,1.3523280055594162,2m_times_B
ax4-local-00523,32,0.6761640027797081,11.251873350143434,shared_residual,0.25,0.16904100069492703,m_times_D_over_B
ax4-local-00523,32,0.6761640027797081,11.251873350143434,shared_residual,0.5,0.33808200138985406,m_times_D_over_B
ax4-local-00523,32,0.6761640027797081,11.251873350143434,shared_residual,1.0,0.6761640027797081,m_times_D_over_B
ax4-local-00523,32,0.6761640027797081,11.251873350143434,shared_residual,2.0,1.3523280055594162,m_times_D_over_B
ax4-local-00524,32,0.7412507171543317,11.251873350143434,null_residual,,0.7412507171543317,m_times_B
ax4-local-00524,32,0.7412507171543317,11.251873350143434,present_renormalization,,1.4825014343086633,2m_times_B
ax4-local-00524,32,0.7412507171543317,11.251873350143434,shared_residual,0.25,0.18531267928858292,m_times_D_over_B
ax4-local-00524,32,0.7412507171543317,11.251873350143434,shared_residual,0.5,0.37062535857716583,m_times_D_over_B
ax4-local-00524,32,0.7412507171543317,11.251873350143434,shared_residual,1.0,0.7412507171543317,m_times_D_over_B
ax4-local-00524,32,0.7412507171543317,11.251873350143434,shared_residual,2.0,1.4825014343086633,m_times_D_over_B
ax4-local-00525,32,0.7870257037943696,11.251873350143434,null_residual,,0.7870257037943696,m_times_B
ax4-local-00525,32,0.7870257037943696,11.251873350143434,present_renormalization,,1.5740514075887393,2m_times_B
ax4-local-00525,32,0.7870257037943696,11.251873350143434,shared_residual,0.25,0.1967564259485924,m_times_D_over_B
ax4-local-00525,32,0.7870257037943696,11.251873350143434,shared_residual,0.5,0.3935128518971848,m_times_D_over_B
ax4-local-00525,32,0.7870257037943696,11.251873350143434,shared_residual,1.0,0.7870257037943696,m_times_D_over_B
ax4-local-00525,32,0.7870257037943696,11.251873350143434,shared_residual,2.0,1.5740514075887393,m_times_D_over_B
ax4-local-00526,32,0.8045212765957447,11.251873350143434,null_residual,,0.8045212765957447,m_times_B
ax4-local-00526,32,0.8045212765957447,11.251873350143434,present_renormalization,,1.6090425531914894,2m_times_B
ax4-local-00526,32,0.8045212765957447,11.251873350143434,shared_residual,0.25,0.20113031914893617,m_times_D_over_B
ax4-local-00526,32,0.8045212765957447,11.251873350143434,shared_residual,0.5,0.40226063829787234,m_times_D_over_B
ax4-local-00526,32,0.8045212765957447,11.251873350143434,shared_residual,1.0,0.8045212765957447,m_times_D_over_B
ax4-local-00526,32,0.8045212765957447,11.251873350143434,shared_residual,2.0,1.6090425531914894,m_times_D_over_B
ax4-local-00527,32,0.8308080808080808,11.251873350143434,null_residual,,0.8308080808080808,m_times_B
ax4-local-00527,32,0.8308080808080808,11.251873350143434,present_renormalization,,1.6616161616161615,2m_times_B
ax4-local-00527,32,0.8308080808080808,11.251873350143434,shared_residual,0.25,0.2077020202020202,m_times_D_over_B
ax4-local-00527,32,0.8308080808080808,11.251873350143434,shared_residual,0.5,0.4154040404040404,m_times_D_over_B
ax4-local-00527,32,0.8308080808080808,11.251873350143434,shared_residual,1.0,0.8308080808080808,m_times_D_over_B
ax4-local-00527,32,0.8308080808080808,11.251873350143434,shared_residual,2.0,1.6616161616161615,m_times_D_over_B
ax4-local-00528,32,0.7872999483737739,11.251873350143434,null_residual,,0.7872999483737739,m_times_B
ax4-local-00528,32,0.7872999483737739,11.251873350143434,present_renormalization,,1.5745998967475479,2m_times_B
ax4-local-00528,32,0.7872999483737739,11.251873350143434,shared_residual,0.25,0.19682498709344348,m_times_D_over_B
ax4-local-00528,32,0.7872999483737739,11.251873350143434,shared_residual,0.5,0.39364997418688696,m_times_D_over_B
ax4-local-00528,32,0.7872999483737739,11.251873350143434,shared_residual,1.0,0.7872999483737739,m_times_D_over_B
ax4-local-00528,32,0.7872999483737739,11.251873350143434,shared_residual,2.0,1.5745998967475479,m_times_D_over_B
ax4-local-00529,32,0.8477141992128367,11.251873350143434,null_residual,,0.8477141992128367,m_times_B
ax4-local-00529,32,0.8477141992128367,11.251873350143434,present_renormalization,,1.6954283984256735,2m_times_B
ax4-local-00529,32,0.8477141992128367,11.251873350143434,shared_residual,0.25,0.2119285498032092,m_times_D_over_B
ax4-local-00529,32,0.8477141992128367,11.251873350143434,shared_residual,0.5,0.4238570996064184,m_times_D_over_B
ax4-local-00529,32,0.8477141992128367,11.251873350143434,shared_residual,1.0,0.8477141992128367,m_times_D_over_B
ax4-local-00529,32,0.8477141992128367,11.251873350143434,shared_residual,2.0,1.6954283984256735,m_times_D_over_B
ax4-local-00530,32,0.8477141992128367,11.251873350143434,null_residual,,0.8477141992128367,m_times_B
ax4-local-00530,32,0.8477141992128367,11.251873350143434,present_renormalization,,1.6954283984256735,2m_times_B
ax4-local-00530,32,0.8477141992128367,11.251873350143434,shared_residual,0.25,0.2119285498032092,m_times_D_over_B
ax4-local-00530,32,0.8477141992128367,11.251873350143434,shared_residual,0.5,0.4238570996064184,m_times_D_over_B
ax4-local-00530,32,0.8477141992128367,11.251873350143434,shared_residual,1.0,0.8477141992128367,m_times_D_over_B
ax4-local-00530,32,0.8477141992128367,11.251873350143434,shared_residual,2.0,1.6954283984256735,m_times_D_over_B
ax4-local-00531,32,0.8477141992128367,11.251873350143434,null_residual,,0.8477141992128367,m_times_B
ax4-local-00531,32,0.8477141992128367,11.251873350143434,present_renormalization,,1.6954283984256735,2m_times_B
ax4-local-00531,32,0.8477141992128367,11.251873350143434,shared_residual,0.25,0.2119285498032092,m_times_D_over_B
ax4-local-00531,32,0.8477141992128367,11.251873350143434,shared_residual,0.5,0.4238570996064184,m_times_D_over_B
ax4-local-00531,32,0.8477141992128367,11.251873350143434,shared_residual,1.0,0.8477141992128367,m_times_D_over_B
ax4-local-00531,32,0.8477141992128367,11.251873350143434,shared_residual,2.0,1.6954283984256735,m_times_D_over_B
ax4-local-00532,32,0.6761640027797081,11.251873350143434,null_residual,,0.6761640027797081,m_times_B
ax4-local-00532,32,0.6761640027797081,11.251873350143434,present_renormalization,,1.3523280055594162,2m_times_B
ax4-local-00532,32,0.6761640027797081,11.251873350143434,shared_residual,0.25,0.16904100069492703,m_times_D_over_B
ax4-local-00532,32,0.6761640027797081,11.251873350143434,shared_residual,0.5,0.33808200138985406,m_times_D_over_B
ax4-local-00532,32,0.6761640027797081,11.251873350143434,shared_residual,1.0,0.6761640027797081,m_times_D_over_B
ax4-local-00532,32,0.6761640027797081,11.251873350143434,shared_residual,2.0,1.3523280055594162,m_times_D_over_B
ax4-local-00533,32,0.6761640027797081,11.251873350143434,null_residual,,0.6761640027797081,m_times_B
ax4-local-00533,32,0.6761640027797081,11.251873350143434,present_renormalization,,1.3523280055594162,2m_times_B
ax4-local-00533,32,0.6761640027797081,11.251873350143434,shared_residual,0.25,0.16904100069492703,m_times_D_over_B
ax4-local-00533,32,0.6761640027797081,11.251873350143434,shared_residual,0.5,0.33808200138985406,m_times_D_over_B
ax4-local-00533,32,0.6761640027797081,11.251873350143434,shared_residual,1.0,0.6761640027797081,m_times_D_over_B
ax4-local-00533,32,0.6761640027797081,11.251873350143434,shared_residual,2.0,1.3523280055594162,m_times_D_over_B
ax4-local-00534,32,0.6761640027797081,11.251873350143434,null_residual,,0.6761640027797081,m_times_B
ax4-local-00534,32,0.6761640027797081,11.251873350143434,present_renormalization,,1.3523280055594162,2m_times_B
ax4-local-00534,32,0.6761640027797081,11.251873350143434,shared_residual,0.25,0.16904100069492703,m_times_D_over_B
ax4-local-00534,32,0.6761640027797081,11.251873350143434,shared_residual,0.5,0.33808200138985406,m_times_D_over_B
ax4-local-00534,32,0.6761640027797081,11.251873350143434,shared_residual,1.0,0.6761640027797081,m_times_D_over_B
ax4-local-00534,32,0.6761640027797081,11.251873350143434,shared_residual,2.0,1.3523280055594162,m_times_D_over_B
ax4-local-00535,32,0.6761640027797081,11.251873350143434,null_residual,,0.6761640027797081,m_times_B
ax4-local-00535,32,0.6761640027797081,11.251873350143434,present_renormalization,,1.3523280055594162,2m_times_B
ax4-local-00535,32,0.6761640027797081,11.251873350143434,shared_residual,0.25,0.16904100069492703,m_times_D_over_B
ax4-local-00535,32,0.6761640027797081,11.251873350143434,shared_residual,0.5,0.33808200138985406,m_times_D_over_B
ax4-local-00535,32,0.6761640027797081,11.251873350143434,shared_residual,1.0,0.6761640027797081,m_times_D_over_B
ax4-local-00535,32,0.6761640027797081,11.251873350143434,shared_residual,2.0,1.3523280055594162,m_times_D_over_B
ax4-local-00536,32,0.482114467408585,11.251873350143434,null_residual,,0.482114467408585,m_times_B
ax4-local-00536,32,0.482114467408585,11.251873350143434,present_renormalization,,0.96422893481717,2m_times_B
ax4-local-00536,32,0.482114467408585,11.251873350143434,shared_residual,0.25,0.12052861685214625,m_times_D_over_B
ax4-local-00536,32,0.482114467408585,11.251873350143434,shared_residual,0.5,0.2410572337042925,m_times_D_over_B
ax4-local-00536,32,0.482114467408585,11.251873350143434,shared_residual,1.0,0.482114467408585,m_times_D_over_B
ax4-local-00536,32,0.482114467408585,11.251873350143434,shared_residual,2.0,0.96422893481717,m_times_D_over_B
ax4-local-00537,32,0.5645784996133024,11.251873350143434,null_residual,,0.5645784996133024,m_times_B
ax4-local-00537,32,0.5645784996133024,11.251873350143434,present_renormalization,,1.1291569992266048,2m_times_B
ax4-local-00537,32,0.5645784996133024,11.251873350143434,shared_residual,0.25,0.1411446249033256,m_times_D_over_B
ax4-local-00537,32,0.5645784996133024,11.251873350143434,shared_residual,0.5,0.2822892498066512,m_times_D_over_B
ax4-local-00537,32,0.5645784996133024,11.251873350143434,shared_residual,1.0,0.5645784996133024,m_times_D_over_B
ax4-local-00537,32,0.5645784996133024,11.251873350143434,shared_residual,2.0,1.1291569992266048,m_times_D_over_B
ax4-local-00538,32,0.5645784996133024,11.251873350143434,null_residual,,0.5645784996133024,m_times_B
ax4-local-00538,32,0.5645784996133024,11.251873350143434,present_renormalization,,1.1291569992266048,2m_times_B
ax4-local-00538,32,0.5645784996133024,11.251873350143434,shared_residual,0.25,0.1411446249033256,m_times_D_over_B
ax4-local-00538,32,0.5645784996133024,11.251873350143434,shared_residual,0.5,0.2822892498066512,m_times_D_over_B
ax4-local-00538,32,0.5645784996133024,11.251873350143434,shared_residual,1.0,0.5645784996133024,m_times_D_over_B
ax4-local-00538,32,0.5645784996133024,11.251873350143434,shared_residual,2.0,1.1291569992266048,m_times_D_over_B
ax4-local-00539,32,0.3363209560392659,11.251873350143434,null_residual,,0.3363209560392659,m_times_B
ax4-local-00539,32,0.3363209560392659,11.251873350143434,present_renormalization,,0.6726419120785317,2m_times_B
ax4-local-00539,32,0.3363209560392659,11.251873350143434,shared_residual,0.25,0.08408023900981647,m_times_D_over_B
ax4-local-00539,32,0.3363209560392659,11.251873350143434,shared_residual,0.5,0.16816047801963294,m_times_D_over_B
ax4-local-00539,32,0.3363209560392659,11.251873350143434,shared_residual,1.0,0.3363209560392659,m_times_D_over_B
ax4-local-00539,32,0.3363209560392659,11.251873350143434,shared_residual,2.0,0.6726419120785317,m_times_D_over_B
ax4-local-00540,32,0.10527833862128633,11.251873350143434,null_residual,,0.10527833862128633,m_times_B
ax4-local-00540,32,0.10527833862128633,11.251873350143434,present_renormalization,,0.21055667724257265,2m_times_B
ax4-local-00540,32,0.10527833862128633,11.251873350143434,shared_residual,0.25,0.026319584655321582,m_times_D_over_B
ax4-local-00540,32,0.10527833862128633,11.251873350143434,shared_residual,0.5,0.052639169310643164,m_times_D_over_B
ax4-local-00540,32,0.10527833862128633,11.251873350143434,shared_residual,1.0,0.10527833862128633,m_times_D_over_B
ax4-local-00540,32,0.10527833862128633,11.251873350143434,shared_residual,2.0,0.21055667724257265,m_times_D_over_B
ax4-local-00541,32,0.5645784996133024,11.251873350143434,null_residual,,0.5645784996133024,m_times_B
ax4-local-00541,32,0.5645784996133024,11.251873350143434,present_renormalization,,1.1291569992266048,2m_times_B
ax4-local-00541,32,0.5645784996133024,11.251873350143434,shared_residual,0.25,0.1411446249033256,m_times_D_over_B
ax4-local-00541,32,0.5645784996133024,11.251873350143434,shared_residual,0.5,0.2822892498066512,m_times_D_over_B
ax4-local-00541,32,0.5645784996133024,11.251873350143434,shared_residual,1.0,0.5645784996133024,m_times_D_over_B
ax4-local-00541,32,0.5645784996133024,11.251873350143434,shared_residual,2.0,1.1291569992266048,m_times_D_over_B
ax4-local-00542,32,0.3223021582733813,11.251873350143434,null_residual,,0.3223021582733813,m_times_B
ax4-local-00542,32,0.3223021582733813,11.251873350143434,present_renormalization,,0.6446043165467626,2m_times_B
ax4-local-00542,32,0.3223021582733813,11.251873350143434,shared_residual,0.25,0.08057553956834533,m_times_D_over_B
ax4-local-00542,32,0.3223021582733813,11.251873350143434,shared_residual,0.5,0.16115107913669066,m_times_D_over_B
ax4-local-00542,32,0.3223021582733813,11.251873350143434,shared_residual,1.0,0.3223021582733813,m_times_D_over_B
ax4-local-00542,32,0.3223021582733813,11.251873350143434,shared_residual,2.0,0.6446043165467626,m_times_D_over_B
ax4-local-00543,32,0.09597030752916225,11.251873350143434,null_residual,,0.09597030752916225,m_times_B
ax4-local-00543,32,0.09597030752916225,11.251873350143434,present_renormalization,,0.1919406150583245,2m_times_B
ax4-local-00543,32,0.09597030752916225,11.251873350143434,shared_residual,0.25,0.02399257688229056,m_times_D_over_B
ax4-local-00543,32,0.09597030752916225,11.251873350143434,shared_residual,0.5,0.04798515376458112,m_times_D_over_B
ax4-local-00543,32,0.09597030752916225,11.251873350143434,shared_residual,1.0,0.09597030752916225,m_times_D_over_B
ax4-local-00543,32,0.09597030752916225,11.251873350143434,shared_residual,2.0,0.1919406150583245,m_times_D_over_B
ax4-local-00544,32,1.5265566588595902e-16,11.251873350143434,null_residual,,1.5265566588595902e-16,m_times_B
ax4-local-00544,32,1.5265566588595902e-16,11.251873350143434,present_renormalization,,3.0531133177191805e-16,2m_times_B
ax4-local-00544,32,1.5265566588595902e-16,11.251873350143434,shared_residual,0.25,3.8163916471489756e-17,m_times_D_over_B
ax4-local-00544,32,1.5265566588595902e-16,11.251873350143434,shared_residual,0.5,7.632783294297951e-17,m_times_D_over_B
ax4-local-00544,32,1.5265566588595902e-16,11.251873350143434,shared_residual,1.0,1.5265566588595902e-16,m_times_D_over_B
ax4-local-00544,32,1.5265566588595902e-16,11.251873350143434,shared_residual,2.0,3.0531133177191805e-16,m_times_D_over_B
ax4-local-00545,32,0.5645784996133024,11.251873350143434,null_residual,,0.5645784996133024,m_times_B
ax4-local-00545,32,0.5645784996133024,11.251873350143434,present_renormalization,,1.1291569992266048,2m_times_B
ax4-local-00545,32,0.5645784996133024,11.251873350143434,shared_residual,0.25,0.1411446249033256,m_times_D_over_B
ax4-local-00545,32,0.5645784996133024,11.251873350143434,shared_residual,0.5,0.2822892498066512,m_times_D_over_B
ax4-local-00545,32,0.5645784996133024,11.251873350143434,shared_residual,1.0,0.5645784996133024,m_times_D_over_B
ax4-local-00545,32,0.5645784996133024,11.251873350143434,shared_residual,2.0,1.1291569992266048,m_times_D_over_B
ax4-local-00546,32,0.09597030752916225,11.251873350143434,null_residual,,0.09597030752916225,m_times_B
ax4-local-00546,32,0.09597030752916225,11.251873350143434,present_renormalization,,0.1919406150583245,2m_times_B
ax4-local-00546,32,0.09597030752916225,11.251873350143434,shared_residual,0.25,0.02399257688229056,m_times_D_over_B
ax4-local-00546,32,0.09597030752916225,11.251873350143434,shared_residual,0.5,0.04798515376458112,m_times_D_over_B
ax4-local-00546,32,0.09597030752916225,11.251873350143434,shared_residual,1.0,0.09597030752916225,m_times_D_over_B
ax4-local-00546,32,0.09597030752916225,11.251873350143434,shared_residual,2.0,0.1919406150583245,m_times_D_over_B
ax4-local-00547,32,1.5265566588595902e-16,11.251873350143434,null_residual,,1.5265566588595902e-16,m_times_B
ax4-local-00547,32,1.5265566588595902e-16,11.251873350143434,present_renormalization,,3.0531133177191805e-16,2m_times_B
ax4-local-00547,32,1.5265566588595902e-16,11.251873350143434,shared_residual,0.25,3.8163916471489756e-17,m_times_D_over_B
ax4-local-00547,32,1.5265566588595902e-16,11.251873350143434,shared_residual,0.5,7.632783294297951e-17,m_times_D_over_B
ax4-local-00547,32,1.5265566588595902e-16,11.251873350143434,shared_residual,1.0,1.5265566588595902e-16,m_times_D_over_B
ax4-local-00547,32,1.5265566588595902e-16,11.251873350143434,shared_residual,2.0,3.0531133177191805e-16,m_times_D_over_B
ax4-local-00548,32,1.3877787807814457e-16,11.251873350143434,null_residual,,1.3877787807814457e-16,m_times_B
ax4-local-00548,32,1.3877787807814457e-16,11.251873350143434,present_renormalization,,2.7755575615628914e-16,2m_times_B
ax4-local-00548,32,1.3877787807814457e-16,11.251873350143434,shared_residual,0.25,3.469446951953614e-17,m_times_D_over_B
ax4-local-00548,32,1.3877787807814457e-16,11.251873350143434,shared_residual,0.5,6.938893903907228e-17,m_times_D_over_B
ax4-local-00548,32,1.3877787807814457e-16,11.251873350143434,shared_residual,1.0,1.3877787807814457e-16,m_times_D_over_B
ax4-local-00548,32,1.3877787807814457e-16,11.251873350143434,shared_residual,2.0,2.7755575615628914e-16,m_times_D_over_B
ax4-local-00549,32,0.6761640027797081,11.251873350143434,null_residual,,0.6761640027797081,m_times_B
ax4-local-00549,32,0.6761640027797081,11.251873350143434,present_renormalization,,1.3523280055594162,2m_times_B
ax4-local-00549,32,0.6761640027797081,11.251873350143434,shared_residual,0.25,0.16904100069492703,m_times_D_over_B
ax4-local-00549,32,0.6761640027797081,11.251873350143434,shared_residual,0.5,0.33808200138985406,m_times_D_over_B
ax4-local-00549,32,0.6761640027797081,11.251873350143434,shared_residual,1.0,0.6761640027797081,m_times_D_over_B
ax4-local-00549,32,0.6761640027797081,11.251873350143434,shared_residual,2.0,1.3523280055594162,m_times_D_over_B
ax4-local-00550,32,0.6761640027797081,11.251873350143434,null_residual,,0.6761640027797081,m_times_B
ax4-local-00550,32,0.6761640027797081,11.251873350143434,present_renormalization,,1.3523280055594162,2m_times_B
ax4-local-00550,32,0.6761640027797081,11.251873350143434,shared_residual,0.25,0.16904100069492703,m_times_D_over_B
ax4-local-00550,32,0.6761640027797081,11.251873350143434,shared_residual,0.5,0.33808200138985406,m_times_D_over_B
ax4-local-00550,32,0.6761640027797081,11.251873350143434,shared_residual,1.0,0.6761640027797081,m_times_D_over_B
ax4-local-00550,32,0.6761640027797081,11.251873350143434,shared_residual,2.0,1.3523280055594162,m_times_D_over_B
ax4-local-00551,32,0.7412759957701798,11.251873350143434,null_residual,,0.7412759957701798,m_times_B
ax4-local-00551,32,0.7412759957701798,11.251873350143434,present_renormalization,,1.4825519915403595,2m_times_B
ax4-local-00551,32,0.7412759957701798,11.251873350143434,shared_residual,0.25,0.18531899894254494,m_times_D_over_B
ax4-local-00551,32,0.7412759957701798,11.251873350143434,shared_residual,0.5,0.3706379978850899,m_times_D_over_B
ax4-local-00551,32,0.7412759957701798,11.251873350143434,shared_residual,1.0,0.7412759957701798,m_times_D_over_B
ax4-local-00551,32,0.7412759957701798,11.251873350143434,shared_residual,2.0,1.4825519915403595,m_times_D_over_B
ax4-local-00552,32,0.7870280735721201,11.251873350143434,null_residual,,0.7870280735721201,m_times_B
ax4-local-00552,32,0.7870280735721201,11.251873350143434,present_renormalization,,1.5740561471442402,2m_times_B
ax4-local-00552,32,0.7870280735721201,11.251873350143434,shared_residual,0.25,0.19675701839303003,m_times_D_over_B
ax4-local-00552,32,0.7870280735721201,11.251873350143434,shared_residual,0.5,0.39351403678606006,m_times_D_over_B
ax4-local-00552,32,0.7870280735721201,11.251873350143434,shared_residual,1.0,0.7870280735721201,m_times_D_over_B
ax4-local-00552,32,0.7870280735721201,11.251873350143434,shared_residual,2.0,1.5740561471442402,m_times_D_over_B
ax4-local-00553,32,0.8033600610920199,11.251873350143434,null_residual,,0.8033600610920199,m_times_B
ax4-local-00553,32,0.8033600610920199,11.251873350143434,present_renormalization,,1.6067201221840397,2m_times_B
ax4-local-00553,32,0.8033600610920199,11.251873350143434,shared_residual,0.25,0.20084001527300496,m_times_D_over_B
ax4-local-00553,32,0.8033600610920199,11.251873350143434,shared_residual,0.5,0.4016800305460099,m_times_D_over_B
ax4-local-00553,32,0.8033600610920199,11.251873350143434,shared_residual,1.0,0.8033600610920199,m_times_D_over_B
ax4-local-00553,32,0.8033600610920199,11.251873350143434,shared_residual,2.0,1.6067201221840397,m_times_D_over_B
ax4-local-00554,32,0.8276563294356889,11.251873350143434,null_residual,,0.8276563294356889,m_times_B
ax4-local-00554,32,0.8276563294356889,11.251873350143434,present_renormalization,,1.6553126588713778,2m_times_B
ax4-local-00554,32,0.8276563294356889,11.251873350143434,shared_residual,0.25,0.20691408235892222,m_times_D_over_B
ax4-local-00554,32,0.8276563294356889,11.251873350143434,shared_residual,0.5,0.41382816471784445,m_times_D_over_B
ax4-local-00554,32,0.8276563294356889,11.251873350143434,shared_residual,1.0,0.8276563294356889,m_times_D_over_B
ax4-local-00554,32,0.8276563294356889,11.251873350143434,shared_residual,2.0,1.6553126588713778,m_times_D_over_B
ax4-local-00555,32,0.7872999483737739,11.251873350143434,null_residual,,0.7872999483737739,m_times_B
ax4-local-00555,32,0.7872999483737739,11.251873350143434,present_renormalization,,1.5745998967475479,2m_times_B
ax4-local-00555,32,0.7872999483737739,11.251873350143434,shared_residual,0.25,0.19682498709344348,m_times_D_over_B
ax4-local-00555,32,0.7872999483737739,11.251873350143434,shared_residual,0.5,0.39364997418688696,m_times_D_over_B
ax4-local-00555,32,0.7872999483737739,11.251873350143434,shared_residual,1.0,0.7872999483737739,m_times_D_over_B
ax4-local-00555,32,0.7872999483737739,11.251873350143434,shared_residual,2.0,1.5745998967475479,m_times_D_over_B
ax4-local-00556,32,0.8477141992128367,11.251873350143434,null_residual,,0.8477141992128367,m_times_B
ax4-local-00556,32,0.8477141992128367,11.251873350143434,present_renormalization,,1.6954283984256735,2m_times_B
ax4-local-00556,32,0.8477141992128367,11.251873350143434,shared_residual,0.25,0.2119285498032092,m_times_D_over_B
ax4-local-00556,32,0.8477141992128367,11.251873350143434,shared_residual,0.5,0.4238570996064184,m_times_D_over_B
ax4-local-00556,32,0.8477141992128367,11.251873350143434,shared_residual,1.0,0.8477141992128367,m_times_D_over_B
ax4-local-00556,32,0.8477141992128367,11.251873350143434,shared_residual,2.0,1.6954283984256735,m_times_D_over_B
ax4-local-00557,32,0.8477141992128367,11.251873350143434,null_residual,,0.8477141992128367,m_times_B
ax4-local-00557,32,0.8477141992128367,11.251873350143434,present_renormalization,,1.6954283984256735,2m_times_B
ax4-local-00557,32,0.8477141992128367,11.251873350143434,shared_residual,0.25,0.2119285498032092,m_times_D_over_B
ax4-local-00557,32,0.8477141992128367,11.251873350143434,shared_residual,0.5,0.4238570996064184,m_times_D_over_B
ax4-local-00557,32,0.8477141992128367,11.251873350143434,shared_residual,1.0,0.8477141992128367,m_times_D_over_B
ax4-local-00557,32,0.8477141992128367,11.251873350143434,shared_residual,2.0,1.6954283984256735,m_times_D_over_B
ax4-local-00558,32,0.8477141992128367,11.251873350143434,null_residual,,0.8477141992128367,m_times_B
ax4-local-00558,32,0.8477141992128367,11.251873350143434,present_renormalization,,1.6954283984256735,2m_times_B
ax4-local-00558,32,0.8477141992128367,11.251873350143434,shared_residual,0.25,0.2119285498032092,m_times_D_over_B
ax4-local-00558,32,0.8477141992128367,11.251873350143434,shared_residual,0.5,0.4238570996064184,m_times_D_over_B
ax4-local-00558,32,0.8477141992128367,11.251873350143434,shared_residual,1.0,0.8477141992128367,m_times_D_over_B
ax4-local-00558,32,0.8477141992128367,11.251873350143434,shared_residual,2.0,1.6954283984256735,m_times_D_over_B
ax4-local-00559,32,0.6761640027797081,11.251873350143434,null_residual,,0.6761640027797081,m_times_B
ax4-local-00559,32,0.6761640027797081,11.251873350143434,present_renormalization,,1.3523280055594162,2m_times_B
ax4-local-00559,32,0.6761640027797081,11.251873350143434,shared_residual,0.25,0.16904100069492703,m_times_D_over_B
ax4-local-00559,32,0.6761640027797081,11.251873350143434,shared_residual,0.5,0.33808200138985406,m_times_D_over_B
ax4-local-00559,32,0.6761640027797081,11.251873350143434,shared_residual,1.0,0.6761640027797081,m_times_D_over_B
ax4-local-00559,32,0.6761640027797081,11.251873350143434,shared_residual,2.0,1.3523280055594162,m_times_D_over_B
ax4-local-00560,32,0.6761640027797081,11.251873350143434,null_residual,,0.6761640027797081,m_times_B
ax4-local-00560,32,0.6761640027797081,11.251873350143434,present_renormalization,,1.3523280055594162,2m_times_B
ax4-local-00560,32,0.6761640027797081,11.251873350143434,shared_residual,0.25,0.16904100069492703,m_times_D_over_B
ax4-local-00560,32,0.6761640027797081,11.251873350143434,shared_residual,0.5,0.33808200138985406,m_times_D_over_B
ax4-local-00560,32,0.6761640027797081,11.251873350143434,shared_residual,1.0,0.6761640027797081,m_times_D_over_B
ax4-local-00560,32,0.6761640027797081,11.251873350143434,shared_residual,2.0,1.3523280055594162,m_times_D_over_B
ax4-local-00561,32,0.6761640027797081,11.251873350143434,null_residual,,0.6761640027797081,m_times_B
ax4-local-00561,32,0.6761640027797081,11.251873350143434,present_renormalization,,1.3523280055594162,2m_times_B
ax4-local-00561,32,0.6761640027797081,11.251873350143434,shared_residual,0.25,0.16904100069492703,m_times_D_over_B
ax4-local-00561,32,0.6761640027797081,11.251873350143434,shared_residual,0.5,0.33808200138985406,m_times_D_over_B
ax4-local-00561,32,0.6761640027797081,11.251873350143434,shared_residual,1.0,0.6761640027797081,m_times_D_over_B
ax4-local-00561,32,0.6761640027797081,11.251873350143434,shared_residual,2.0,1.3523280055594162,m_times_D_over_B
ax4-local-00562,32,0.6761640027797081,11.251873350143434,null_residual,,0.6761640027797081,m_times_B
ax4-local-00562,32,0.6761640027797081,11.251873350143434,present_renormalization,,1.3523280055594162,2m_times_B
ax4-local-00562,32,0.6761640027797081,11.251873350143434,shared_residual,0.25,0.16904100069492703,m_times_D_over_B
ax4-local-00562,32,0.6761640027797081,11.251873350143434,shared_residual,0.5,0.33808200138985406,m_times_D_over_B
ax4-local-00562,32,0.6761640027797081,11.251873350143434,shared_residual,1.0,0.6761640027797081,m_times_D_over_B
ax4-local-00562,32,0.6761640027797081,11.251873350143434,shared_residual,2.0,1.3523280055594162,m_times_D_over_B
ax4-local-00563,32,0.7411764705882353,11.251873350143434,null_residual,,0.7411764705882353,m_times_B
ax4-local-00563,32,0.7411764705882353,11.251873350143434,present_renormalization,,1.4823529411764707,2m_times_B
ax4-local-00563,32,0.7411764705882353,11.251873350143434,shared_residual,0.25,0.18529411764705883,m_times_D_over_B
ax4-local-00563,32,0.7411764705882353,11.251873350143434,shared_residual,0.5,0.37058823529411766,m_times_D_over_B
ax4-local-00563,32,0.7411764705882353,11.251873350143434,shared_residual,1.0,0.7411764705882353,m_times_D_over_B
ax4-local-00563,32,0.7411764705882353,11.251873350143434,shared_residual,2.0,1.4823529411764707,m_times_D_over_B
ax4-local-00564,32,0.7852598091198304,11.251873350143434,null_residual,,0.7852598091198304,m_times_B
ax4-local-00564,32,0.7852598091198304,11.251873350143434,present_renormalization,,1.5705196182396608,2m_times_B
ax4-local-00564,32,0.7852598091198304,11.251873350143434,shared_residual,0.25,0.1963149522799576,m_times_D_over_B
ax4-local-00564,32,0.7852598091198304,11.251873350143434,shared_residual,0.5,0.3926299045599152,m_times_D_over_B
ax4-local-00564,32,0.7852598091198304,11.251873350143434,shared_residual,1.0,0.7852598091198304,m_times_D_over_B
ax4-local-00564,32,0.7852598091198304,11.251873350143434,shared_residual,2.0,1.5705196182396608,m_times_D_over_B
ax4-local-00565,32,0.8024242424242425,11.251873350143434,null_residual,,0.8024242424242425,m_times_B
ax4-local-00565,32,0.8024242424242425,11.251873350143434,present_renormalization,,1.604848484848485,2m_times_B
ax4-local-00565,32,0.8024242424242425,11.251873350143434,shared_residual,0.25,0.20060606060606062,m_times_D_over_B
ax4-local-00565,32,0.8024242424242425,11.251873350143434,shared_residual,0.5,0.40121212121212124,m_times_D_over_B
ax4-local-00565,32,0.8024242424242425,11.251873350143434,shared_residual,1.0,0.8024242424242425,m_times_D_over_B
ax4-local-00565,32,0.8024242424242425,11.251873350143434,shared_residual,2.0,1.604848484848485,m_times_D_over_B
ax4-local-00566,32,0.8277752398355414,11.251873350143434,null_residual,,0.8277752398355414,m_times_B
ax4-local-00566,32,0.8277752398355414,11.251873350143434,present_renormalization,,1.6555504796710827,2m_times_B
ax4-local-00566,32,0.8277752398355414,11.251873350143434,shared_residual,0.25,0.20694380995888534,m_times_D_over_B
ax4-local-00566,32,0.8277752398355414,11.251873350143434,shared_residual,0.5,0.4138876199177707,m_times_D_over_B
ax4-local-00566,32,0.8277752398355414,11.251873350143434,shared_residual,1.0,0.8277752398355414,m_times_D_over_B
ax4-local-00566,32,0.8277752398355414,11.251873350143434,shared_residual,2.0,1.6555504796710827,m_times_D_over_B
ax4-local-00567,32,0.678230426479949,11.251873350143434,null_residual,,0.678230426479949,m_times_B
ax4-local-00567,32,0.678230426479949,11.251873350143434,present_renormalization,,1.356460852959898,2m_times_B
ax4-local-00567,32,0.678230426479949,11.251873350143434,shared_residual,0.25,0.16955760661998726,m_times_D_over_B
ax4-local-00567,32,0.678230426479949,11.251873350143434,shared_residual,0.5,0.3391152132399745,m_times_D_over_B
ax4-local-00567,32,0.678230426479949,11.251873350143434,shared_residual,1.0,0.678230426479949,m_times_D_over_B
ax4-local-00567,32,0.678230426479949,11.251873350143434,shared_residual,2.0,1.356460852959898,m_times_D_over_B
ax4-local-00568,32,0.8107963655799039,11.251873350143434,null_residual,,0.8107963655799039,m_times_B
ax4-local-00568,32,0.8107963655799039,11.251873350143434,present_renormalization,,1.6215927311598077,2m_times_B
ax4-local-00568,32,0.8107963655799039,11.251873350143434,shared_residual,0.25,0.20269909139497597,m_times_D_over_B
ax4-local-00568,32,0.8107963655799039,11.251873350143434,shared_residual,0.5,0.40539818278995193,m_times_D_over_B
ax4-local-00568,32,0.8107963655799039,11.251873350143434,shared_residual,1.0,0.8107963655799039,m_times_D_over_B
ax4-local-00568,32,0.8107963655799039,11.251873350143434,shared_residual,2.0,1.6215927311598077,m_times_D_over_B
ax4-local-00569,32,0.8477141992128367,11.251873350143434,null_residual,,0.8477141992128367,m_times_B
ax4-local-00569,32,0.8477141992128367,11.251873350143434,present_renormalization,,1.6954283984256735,2m_times_B
ax4-local-00569,32,0.8477141992128367,11.251873350143434,shared_residual,0.25,0.2119285498032092,m_times_D_over_B
ax4-local-00569,32,0.8477141992128367,11.251873350143434,shared_residual,0.5,0.4238570996064184,m_times_D_over_B
ax4-local-00569,32,0.8477141992128367,11.251873350143434,shared_residual,1.0,0.8477141992128367,m_times_D_over_B
ax4-local-00569,32,0.8477141992128367,11.251873350143434,shared_residual,2.0,1.6954283984256735,m_times_D_over_B
ax4-local-00570,32,0.8477141992128367,11.251873350143434,null_residual,,0.8477141992128367,m_times_B
ax4-local-00570,32,0.8477141992128367,11.251873350143434,present_renormalization,,1.6954283984256735,2m_times_B
ax4-local-00570,32,0.8477141992128367,11.251873350143434,shared_residual,0.25,0.2119285498032092,m_times_D_over_B
ax4-local-00570,32,0.8477141992128367,11.251873350143434,shared_residual,0.5,0.4238570996064184,m_times_D_over_B
ax4-local-00570,32,0.8477141992128367,11.251873350143434,shared_residual,1.0,0.8477141992128367,m_times_D_over_B
ax4-local-00570,32,0.8477141992128367,11.251873350143434,shared_residual,2.0,1.6954283984256735,m_times_D_over_B
ax4-local-00571,32,0.6641914191419142,11.251873350143434,null_residual,,0.6641914191419142,m_times_B
ax4-local-00571,32,0.6641914191419142,11.251873350143434,present_renormalization,,1.3283828382838283,2m_times_B
ax4-local-00571,32,0.6641914191419142,11.251873350143434,shared_residual,0.25,0.16604785478547854,m_times_D_over_B
ax4-local-00571,32,0.6641914191419142,11.251873350143434,shared_residual,0.5,0.3320957095709571,m_times_D_over_B
ax4-local-00571,32,0.6641914191419142,11.251873350143434,shared_residual,1.0,0.6641914191419142,m_times_D_over_B
ax4-local-00571,32,0.6641914191419142,11.251873350143434,shared_residual,2.0,1.3283828382838283,m_times_D_over_B
ax4-local-00572,32,0.6641914191419142,11.251873350143434,null_residual,,0.6641914191419142,m_times_B
ax4-local-00572,32,0.6641914191419142,11.251873350143434,present_renormalization,,1.3283828382838283,2m_times_B
ax4-local-00572,32,0.6641914191419142,11.251873350143434,shared_residual,0.25,0.16604785478547854,m_times_D_over_B
ax4-local-00572,32,0.6641914191419142,11.251873350143434,shared_residual,0.5,0.3320957095709571,m_times_D_over_B
ax4-local-00572,32,0.6641914191419142,11.251873350143434,shared_residual,1.0,0.6641914191419142,m_times_D_over_B
ax4-local-00572,32,0.6641914191419142,11.251873350143434,shared_residual,2.0,1.3283828382838283,m_times_D_over_B
ax4-local-00573,32,0.6641914191419142,11.251873350143434,null_residual,,0.6641914191419142,m_times_B
ax4-local-00573,32,0.6641914191419142,11.251873350143434,present_renormalization,,1.3283828382838283,2m_times_B
ax4-local-00573,32,0.6641914191419142,11.251873350143434,shared_residual,0.25,0.16604785478547854,m_times_D_over_B
ax4-local-00573,32,0.6641914191419142,11.251873350143434,shared_residual,0.5,0.3320957095709571,m_times_D_over_B
ax4-local-00573,32,0.6641914191419142,11.251873350143434,shared_residual,1.0,0.6641914191419142,m_times_D_over_B
ax4-local-00573,32,0.6641914191419142,11.251873350143434,shared_residual,2.0,1.3283828382838283,m_times_D_over_B
ax4-local-00574,32,0.6641914191419142,11.251873350143434,null_residual,,0.6641914191419142,m_times_B
ax4-local-00574,32,0.6641914191419142,11.251873350143434,present_renormalization,,1.3283828382838283,2m_times_B
ax4-local-00574,32,0.6641914191419142,11.251873350143434,shared_residual,0.25,0.16604785478547854,m_times_D_over_B
ax4-local-00574,32,0.6641914191419142,11.251873350143434,shared_residual,0.5,0.3320957095709571,m_times_D_over_B
ax4-local-00574,32,0.6641914191419142,11.251873350143434,shared_residual,1.0,0.6641914191419142,m_times_D_over_B
ax4-local-00574,32,0.6641914191419142,11.251873350143434,shared_residual,2.0,1.3283828382838283,m_times_D_over_B
ax4-local-00575,32,0.6656039674105562,11.251873350143434,null_residual,,0.6656039674105562,m_times_B
ax4-local-00575,32,0.6656039674105562,11.251873350143434,present_renormalization,,1.3312079348211123,2m_times_B
ax4-local-00575,32,0.6656039674105562,11.251873350143434,shared_residual,0.25,0.16640099185263904,m_times_D_over_B
ax4-local-00575,32,0.6656039674105562,11.251873350143434,shared_residual,0.5,0.3328019837052781,m_times_D_over_B
ax4-local-00575,32,0.6656039674105562,11.251873350143434,shared_residual,1.0,0.6656039674105562,m_times_D_over_B
ax4-local-00575,32,0.6656039674105562,11.251873350143434,shared_residual,2.0,1.3312079348211123,m_times_D_over_B
ax4-local-00576,32,0.6849183477425552,11.251873350143434,null_residual,,0.6849183477425552,m_times_B
ax4-local-00576,32,0.6849183477425552,11.251873350143434,present_renormalization,,1.3698366954851104,2m_times_B
ax4-local-00576,32,0.6849183477425552,11.251873350143434,shared_residual,0.25,0.1712295869356388,m_times_D_over_B
ax4-local-00576,32,0.6849183477425552,11.251873350143434,shared_residual,0.5,0.3424591738712776,m_times_D_over_B
ax4-local-00576,32,0.6849183477425552,11.251873350143434,shared_residual,1.0,0.6849183477425552,m_times_D_over_B
ax4-local-00576,32,0.6849183477425552,11.251873350143434,shared_residual,2.0,1.3698366954851104,m_times_D_over_B
ax4-local-00577,32,0.6990825688073394,11.251873350143434,null_residual,,0.6990825688073394,m_times_B
ax4-local-00577,32,0.6990825688073394,11.251873350143434,present_renormalization,,1.3981651376146789,2m_times_B
ax4-local-00577,32,0.6990825688073394,11.251873350143434,shared_residual,0.25,0.17477064220183486,m_times_D_over_B
ax4-local-00577,32,0.6990825688073394,11.251873350143434,shared_residual,0.5,0.3495412844036697,m_times_D_over_B
ax4-local-00577,32,0.6990825688073394,11.251873350143434,shared_residual,1.0,0.6990825688073394,m_times_D_over_B
ax4-local-00577,32,0.6990825688073394,11.251873350143434,shared_residual,2.0,1.3981651376146789,m_times_D_over_B
ax4-local-00578,32,0.7620599739243807,11.251873350143434,null_residual,,0.7620599739243807,m_times_B
ax4-local-00578,32,0.7620599739243807,11.251873350143434,present_renormalization,,1.5241199478487615,2m_times_B
ax4-local-00578,32,0.7620599739243807,11.251873350143434,shared_residual,0.25,0.19051499348109519,m_times_D_over_B
ax4-local-00578,32,0.7620599739243807,11.251873350143434,shared_residual,0.5,0.38102998696219037,m_times_D_over_B
ax4-local-00578,32,0.7620599739243807,11.251873350143434,shared_residual,1.0,0.7620599739243807,m_times_D_over_B
ax4-local-00578,32,0.7620599739243807,11.251873350143434,shared_residual,2.0,1.5241199478487615,m_times_D_over_B
ax4-local-00579,32,0.6782215523737753,11.251873350143434,null_residual,,0.6782215523737753,m_times_B
ax4-local-00579,32,0.6782215523737753,11.251873350143434,present_renormalization,,1.3564431047475507,2m_times_B
ax4-local-00579,32,0.6782215523737753,11.251873350143434,shared_residual,0.25,0.16955538809344384,m_times_D_over_B
ax4-local-00579,32,0.6782215523737753,11.251873350143434,shared_residual,0.5,0.3391107761868877,m_times_D_over_B
ax4-local-00579,32,0.6782215523737753,11.251873350143434,shared_residual,1.0,0.6782215523737753,m_times_D_over_B
ax4-local-00579,32,0.6782215523737753,11.251873350143434,shared_residual,2.0,1.3564431047475507,m_times_D_over_B
ax4-local-00580,32,0.8124142661179697,11.251873350143434,null_residual,,0.8124142661179697,m_times_B
ax4-local-00580,32,0.8124142661179697,11.251873350143434,present_renormalization,,1.6248285322359395,2m_times_B
ax4-local-00580,32,0.8124142661179697,11.251873350143434,shared_residual,0.25,0.20310356652949244,m_times_D_over_B
ax4-local-00580,32,0.8124142661179697,11.251873350143434,shared_residual,0.5,0.40620713305898487,m_times_D_over_B
ax4-local-00580,32,0.8124142661179697,11.251873350143434,shared_residual,1.0,0.8124142661179697,m_times_D_over_B
ax4-local-00580,32,0.8124142661179697,11.251873350143434,shared_residual,2.0,1.6248285322359395,m_times_D_over_B
ax4-local-00581,32,0.8477141992128367,11.251873350143434,null_residual,,0.8477141992128367,m_times_B
ax4-local-00581,32,0.8477141992128367,11.251873350143434,present_renormalization,,1.6954283984256735,2m_times_B
ax4-local-00581,32,0.8477141992128367,11.251873350143434,shared_residual,0.25,0.2119285498032092,m_times_D_over_B
ax4-local-00581,32,0.8477141992128367,11.251873350143434,shared_residual,0.5,0.4238570996064184,m_times_D_over_B
ax4-local-00581,32,0.8477141992128367,11.251873350143434,shared_residual,1.0,0.8477141992128367,m_times_D_over_B
ax4-local-00581,32,0.8477141992128367,11.251873350143434,shared_residual,2.0,1.6954283984256735,m_times_D_over_B
ax4-local-00582,32,0.8477141992128367,11.251873350143434,null_residual,,0.8477141992128367,m_times_B
ax4-local-00582,32,0.8477141992128367,11.251873350143434,present_renormalization,,1.6954283984256735,2m_times_B
ax4-local-00582,32,0.8477141992128367,11.251873350143434,shared_residual,0.25,0.2119285498032092,m_times_D_over_B
ax4-local-00582,32,0.8477141992128367,11.251873350143434,shared_residual,0.5,0.4238570996064184,m_times_D_over_B
ax4-local-00582,32,0.8477141992128367,11.251873350143434,shared_residual,1.0,0.8477141992128367,m_times_D_over_B
ax4-local-00582,32,0.8477141992128367,11.251873350143434,shared_residual,2.0,1.6954283984256735,m_times_D_over_B
ax4-local-00583,32,0.6641914191419142,11.251873350143434,null_residual,,0.6641914191419142,m_times_B
ax4-local-00583,32,0.6641914191419142,11.251873350143434,present_renormalization,,1.3283828382838283,2m_times_B
ax4-local-00583,32,0.6641914191419142,11.251873350143434,shared_residual,0.25,0.16604785478547854,m_times_D_over_B
ax4-local-00583,32,0.6641914191419142,11.251873350143434,shared_residual,0.5,0.3320957095709571,m_times_D_over_B
ax4-local-00583,32,0.6641914191419142,11.251873350143434,shared_residual,1.0,0.6641914191419142,m_times_D_over_B
ax4-local-00583,32,0.6641914191419142,11.251873350143434,shared_residual,2.0,1.3283828382838283,m_times_D_over_B
ax4-local-00584,32,0.6641914191419142,11.251873350143434,null_residual,,0.6641914191419142,m_times_B
ax4-local-00584,32,0.6641914191419142,11.251873350143434,present_renormalization,,1.3283828382838283,2m_times_B
ax4-local-00584,32,0.6641914191419142,11.251873350143434,shared_residual,0.25,0.16604785478547854,m_times_D_over_B
ax4-local-00584,32,0.6641914191419142,11.251873350143434,shared_residual,0.5,0.3320957095709571,m_times_D_over_B
ax4-local-00584,32,0.6641914191419142,11.251873350143434,shared_residual,1.0,0.6641914191419142,m_times_D_over_B
ax4-local-00584,32,0.6641914191419142,11.251873350143434,shared_residual,2.0,1.3283828382838283,m_times_D_over_B
ax4-local-00585,32,0.6641914191419142,11.251873350143434,null_residual,,0.6641914191419142,m_times_B
ax4-local-00585,32,0.6641914191419142,11.251873350143434,present_renormalization,,1.3283828382838283,2m_times_B
ax4-local-00585,32,0.6641914191419142,11.251873350143434,shared_residual,0.25,0.16604785478547854,m_times_D_over_B
ax4-local-00585,32,0.6641914191419142,11.251873350143434,shared_residual,0.5,0.3320957095709571,m_times_D_over_B
ax4-local-00585,32,0.6641914191419142,11.251873350143434,shared_residual,1.0,0.6641914191419142,m_times_D_over_B
ax4-local-00585,32,0.6641914191419142,11.251873350143434,shared_residual,2.0,1.3283828382838283,m_times_D_over_B
ax4-local-00586,32,0.6641914191419142,11.251873350143434,null_residual,,0.6641914191419142,m_times_B
ax4-local-00586,32,0.6641914191419142,11.251873350143434,present_renormalization,,1.3283828382838283,2m_times_B
ax4-local-00586,32,0.6641914191419142,11.251873350143434,shared_residual,0.25,0.16604785478547854,m_times_D_over_B
ax4-local-00586,32,0.6641914191419142,11.251873350143434,shared_residual,0.5,0.3320957095709571,m_times_D_over_B
ax4-local-00586,32,0.6641914191419142,11.251873350143434,shared_residual,1.0,0.6641914191419142,m_times_D_over_B
ax4-local-00586,32,0.6641914191419142,11.251873350143434,shared_residual,2.0,1.3283828382838283,m_times_D_over_B
ax4-local-00587,32,0.6657036731324804,11.251873350143434,null_residual,,0.6657036731324804,m_times_B
ax4-local-00587,32,0.6657036731324804,11.251873350143434,present_renormalization,,1.3314073462649607,2m_times_B
ax4-local-00587,32,0.6657036731324804,11.251873350143434,shared_residual,0.25,0.1664259182831201,m_times_D_over_B
ax4-local-00587,32,0.6657036731324804,11.251873350143434,shared_residual,0.5,0.3328518365662402,m_times_D_over_B
ax4-local-00587,32,0.6657036731324804,11.251873350143434,shared_residual,1.0,0.6657036731324804,m_times_D_over_B
ax4-local-00587,32,0.6657036731324804,11.251873350143434,shared_residual,2.0,1.3314073462649607,m_times_D_over_B
ax4-local-00588,32,0.6837444655281467,11.251873350143434,null_residual,,0.6837444655281467,m_times_B
ax4-local-00588,32,0.6837444655281467,11.251873350143434,present_renormalization,,1.3674889310562934,2m_times_B
ax4-local-00588,32,0.6837444655281467,11.251873350143434,shared_residual,0.25,0.17093611638203668,m_times_D_over_B
ax4-local-00588,32,0.6837444655281467,11.251873350143434,shared_residual,0.5,0.34187223276407336,m_times_D_over_B
ax4-local-00588,32,0.6837444655281467,11.251873350143434,shared_residual,1.0,0.6837444655281467,m_times_D_over_B
ax4-local-00588,32,0.6837444655281467,11.251873350143434,shared_residual,2.0,1.3674889310562934,m_times_D_over_B
ax4-local-00589,32,0.6995515695067265,11.251873350143434,null_residual,,0.6995515695067265,m_times_B
ax4-local-00589,32,0.6995515695067265,11.251873350143434,present_renormalization,,1.399103139013453,2m_times_B
ax4-local-00589,32,0.6995515695067265,11.251873350143434,shared_residual,0.25,0.17488789237668162,m_times_D_over_B
ax4-local-00589,32,0.6995515695067265,11.251873350143434,shared_residual,0.5,0.34977578475336324,m_times_D_over_B
ax4-local-00589,32,0.6995515695067265,11.251873350143434,shared_residual,1.0,0.6995515695067265,m_times_D_over_B
ax4-local-00589,32,0.6995515695067265,11.251873350143434,shared_residual,2.0,1.399103139013453,m_times_D_over_B
ax4-local-00590,32,0.7617356001014971,11.251873350143434,null_residual,,0.7617356001014971,m_times_B
ax4-local-00590,32,0.7617356001014971,11.251873350143434,present_renormalization,,1.5234712002029942,2m_times_B
ax4-local-00590,32,0.7617356001014971,11.251873350143434,shared_residual,0.25,0.19043390002537428,m_times_D_over_B
ax4-local-00590,32,0.7617356001014971,11.251873350143434,shared_residual,0.5,0.38086780005074855,m_times_D_over_B
ax4-local-00590,32,0.7617356001014971,11.251873350143434,shared_residual,1.0,0.7617356001014971,m_times_D_over_B
ax4-local-00590,32,0.7617356001014971,11.251873350143434,shared_residual,2.0,1.5234712002029942,m_times_D_over_B
ax4-local-00591,32,0.6782178217821782,11.251873350143434,null_residual,,0.6782178217821782,m_times_B
ax4-local-00591,32,0.6782178217821782,11.251873350143434,present_renormalization,,1.3564356435643563,2m_times_B
ax4-local-00591,32,0.6782178217821782,11.251873350143434,shared_residual,0.25,0.16955445544554454,m_times_D_over_B
ax4-local-00591,32,0.6782178217821782,11.251873350143434,shared_residual,0.5,0.3391089108910891,m_times_D_over_B
ax4-local-00591,32,0.6782178217821782,11.251873350143434,shared_residual,1.0,0.6782178217821782,m_times_D_over_B
ax4-local-00591,32,0.6782178217821782,11.251873350143434,shared_residual,2.0,1.3564356435643563,m_times_D_over_B
ax4-local-00592,32,0.8124046771733605,11.251873350143434,null_residual,,0.8124046771733605,m_times_B
ax4-local-00592,32,0.8124046771733605,11.251873350143434,present_renormalization,,1.624809354346721,2m_times_B
ax4-local-00592,32,0.8124046771733605,11.251873350143434,shared_residual,0.25,0.20310116929334013,m_times_D_over_B
ax4-local-00592,32,0.8124046771733605,11.251873350143434,shared_residual,0.5,0.40620233858668026,m_times_D_over_B
ax4-local-00592,32,0.8124046771733605,11.251873350143434,shared_residual,1.0,0.8124046771733605,m_times_D_over_B
ax4-local-00592,32,0.8124046771733605,11.251873350143434,shared_residual,2.0,1.624809354346721,m_times_D_over_B
ax4-local-00593,32,0.8477141992128367,11.251873350143434,null_residual,,0.8477141992128367,m_times_B
ax4-local-00593,32,0.8477141992128367,11.251873350143434,present_renormalization,,1.6954283984256735,2m_times_B
ax4-local-00593,32,0.8477141992128367,11.251873350143434,shared_residual,0.25,0.2119285498032092,m_times_D_over_B
ax4-local-00593,32,0.8477141992128367,11.251873350143434,shared_residual,0.5,0.4238570996064184,m_times_D_over_B
ax4-local-00593,32,0.8477141992128367,11.251873350143434,shared_residual,1.0,0.8477141992128367,m_times_D_over_B
ax4-local-00593,32,0.8477141992128367,11.251873350143434,shared_residual,2.0,1.6954283984256735,m_times_D_over_B
ax4-local-00594,32,0.8477141992128367,11.251873350143434,null_residual,,0.8477141992128367,m_times_B
ax4-local-00594,32,0.8477141992128367,11.251873350143434,present_renormalization,,1.6954283984256735,2m_times_B
ax4-local-00594,32,0.8477141992128367,11.251873350143434,shared_residual,0.25,0.2119285498032092,m_times_D_over_B
ax4-local-00594,32,0.8477141992128367,11.251873350143434,shared_residual,0.5,0.4238570996064184,m_times_D_over_B
ax4-local-00594,32,0.8477141992128367,11.251873350143434,shared_residual,1.0,0.8477141992128367,m_times_D_over_B
ax4-local-00594,32,0.8477141992128367,11.251873350143434,shared_residual,2.0,1.6954283984256735,m_times_D_over_B
ax4-local-00595,32,0.6641914191419142,11.251873350143434,null_residual,,0.6641914191419142,m_times_B
ax4-local-00595,32,0.6641914191419142,11.251873350143434,present_renormalization,,1.3283828382838283,2m_times_B
ax4-local-00595,32,0.6641914191419142,11.251873350143434,shared_residual,0.25,0.16604785478547854,m_times_D_over_B
ax4-local-00595,32,0.6641914191419142,11.251873350143434,shared_residual,0.5,0.3320957095709571,m_times_D_over_B
ax4-local-00595,32,0.6641914191419142,11.251873350143434,shared_residual,1.0,0.6641914191419142,m_times_D_over_B
ax4-local-00595,32,0.6641914191419142,11.251873350143434,shared_residual,2.0,1.3283828382838283,m_times_D_over_B
ax4-local-00596,32,0.6641914191419142,11.251873350143434,null_residual,,0.6641914191419142,m_times_B
ax4-local-00596,32,0.6641914191419142,11.251873350143434,present_renormalization,,1.3283828382838283,2m_times_B
ax4-local-00596,32,0.6641914191419142,11.251873350143434,shared_residual,0.25,0.16604785478547854,m_times_D_over_B
ax4-local-00596,32,0.6641914191419142,11.251873350143434,shared_residual,0.5,0.3320957095709571,m_times_D_over_B
ax4-local-00596,32,0.6641914191419142,11.251873350143434,shared_residual,1.0,0.6641914191419142,m_times_D_over_B
ax4-local-00596,32,0.6641914191419142,11.251873350143434,shared_residual,2.0,1.3283828382838283,m_times_D_over_B
ax4-local-00597,32,0.6641914191419142,11.251873350143434,null_residual,,0.6641914191419142,m_times_B
ax4-local-00597,32,0.6641914191419142,11.251873350143434,present_renormalization,,1.3283828382838283,2m_times_B
ax4-local-00597,32,0.6641914191419142,11.251873350143434,shared_residual,0.25,0.16604785478547854,m_times_D_over_B
ax4-local-00597,32,0.6641914191419142,11.251873350143434,shared_residual,0.5,0.3320957095709571,m_times_D_over_B
ax4-local-00597,32,0.6641914191419142,11.251873350143434,shared_residual,1.0,0.6641914191419142,m_times_D_over_B
ax4-local-00597,32,0.6641914191419142,11.251873350143434,shared_residual,2.0,1.3283828382838283,m_times_D_over_B
ax4-local-00598,32,0.6641914191419142,11.251873350143434,null_residual,,0.6641914191419142,m_times_B
ax4-local-00598,32,0.6641914191419142,11.251873350143434,present_renormalization,,1.3283828382838283,2m_times_B
ax4-local-00598,32,0.6641914191419142,11.251873350143434,shared_residual,0.25,0.16604785478547854,m_times_D_over_B
ax4-local-00598,32,0.6641914191419142,11.251873350143434,shared_residual,0.5,0.3320957095709571,m_times_D_over_B
ax4-local-00598,32,0.6641914191419142,11.251873350143434,shared_residual,1.0,0.6641914191419142,m_times_D_over_B
ax4-local-00598,32,0.6641914191419142,11.251873350143434,shared_residual,2.0,1.3283828382838283,m_times_D_over_B
ax4-local-00599,32,0.4289867109634552,11.251873350143434,null_residual,,0.4289867109634552,m_times_B
ax4-local-00599,32,0.4289867109634552,11.251873350143434,present_renormalization,,0.8579734219269104,2m_times_B
ax4-local-00599,32,0.4289867109634552,11.251873350143434,shared_residual,0.25,0.1072466777408638,m_times_D_over_B
ax4-local-00599,32,0.4289867109634552,11.251873350143434,shared_residual,0.5,0.2144933554817276,m_times_D_over_B
ax4-local-00599,32,0.4289867109634552,11.251873350143434,shared_residual,1.0,0.4289867109634552,m_times_D_over_B
ax4-local-00599,32,0.4289867109634552,11.251873350143434,shared_residual,2.0,0.8579734219269104,m_times_D_over_B
ax4-local-00600,32,0.6641914191419142,11.251873350143434,null_residual,,0.6641914191419142,m_times_B
ax4-local-00600,32,0.6641914191419142,11.251873350143434,present_renormalization,,1.3283828382838283,2m_times_B
ax4-local-00600,32,0.6641914191419142,11.251873350143434,shared_residual,0.25,0.16604785478547854,m_times_D_over_B
ax4-local-00600,32,0.6641914191419142,11.251873350143434,shared_residual,0.5,0.3320957095709571,m_times_D_over_B
ax4-local-00600,32,0.6641914191419142,11.251873350143434,shared_residual,1.0,0.6641914191419142,m_times_D_over_B
ax4-local-00600,32,0.6641914191419142,11.251873350143434,shared_residual,2.0,1.3283828382838283,m_times_D_over_B
ax4-local-00601,32,0.6641914191419142,11.251873350143434,null_residual,,0.6641914191419142,m_times_B
ax4-local-00601,32,0.6641914191419142,11.251873350143434,present_renormalization,,1.3283828382838283,2m_times_B
ax4-local-00601,32,0.6641914191419142,11.251873350143434,shared_residual,0.25,0.16604785478547854,m_times_D_over_B
ax4-local-00601,32,0.6641914191419142,11.251873350143434,shared_residual,0.5,0.3320957095709571,m_times_D_over_B
ax4-local-00601,32,0.6641914191419142,11.251873350143434,shared_residual,1.0,0.6641914191419142,m_times_D_over_B
ax4-local-00601,32,0.6641914191419142,11.251873350143434,shared_residual,2.0,1.3283828382838283,m_times_D_over_B
ax4-local-00602,32,0.4288710241174415,11.251873350143434,null_residual,,0.4288710241174415,m_times_B
ax4-local-00602,32,0.4288710241174415,11.251873350143434,present_renormalization,,0.857742048234883,2m_times_B
ax4-local-00602,32,0.4288710241174415,11.251873350143434,shared_residual,0.25,0.10721775602936037,m_times_D_over_B
ax4-local-00602,32,0.4288710241174415,11.251873350143434,shared_residual,0.5,0.21443551205872075,m_times_D_over_B
ax4-local-00602,32,0.4288710241174415,11.251873350143434,shared_residual,1.0,0.4288710241174415,m_times_D_over_B
ax4-local-00602,32,0.4288710241174415,11.251873350143434,shared_residual,2.0,0.857742048234883,m_times_D_over_B
ax4-local-00603,32,0.1652136006974717,11.251873350143434,null_residual,,0.1652136006974717,m_times_B
ax4-local-00603,32,0.1652136006974717,11.251873350143434,present_renormalization,,0.3304272013949434,2m_times_B
ax4-local-00603,32,0.1652136006974717,11.251873350143434,shared_residual,0.25,0.04130340017436793,m_times_D_over_B
ax4-local-00603,32,0.1652136006974717,11.251873350143434,shared_residual,0.5,0.08260680034873585,m_times_D_over_B
ax4-local-00603,32,0.1652136006974717,11.251873350143434,shared_residual,1.0,0.1652136006974717,m_times_D_over_B
ax4-local-00603,32,0.1652136006974717,11.251873350143434,shared_residual,2.0,0.3304272013949434,m_times_D_over_B
ax4-local-00604,32,0.6641914191419142,11.251873350143434,null_residual,,0.6641914191419142,m_times_B
ax4-local-00604,32,0.6641914191419142,11.251873350143434,present_renormalization,,1.3283828382838283,2m_times_B
ax4-local-00604,32,0.6641914191419142,11.251873350143434,shared_residual,0.25,0.16604785478547854,m_times_D_over_B
ax4-local-00604,32,0.6641914191419142,11.251873350143434,shared_residual,0.5,0.3320957095709571,m_times_D_over_B
ax4-local-00604,32,0.6641914191419142,11.251873350143434,shared_residual,1.0,0.6641914191419142,m_times_D_over_B
ax4-local-00604,32,0.6641914191419142,11.251873350143434,shared_residual,2.0,1.3283828382838283,m_times_D_over_B
ax4-local-00605,32,0.4288710241174415,11.251873350143434,null_residual,,0.4288710241174415,m_times_B
ax4-local-00605,32,0.4288710241174415,11.251873350143434,present_renormalization,,0.857742048234883,2m_times_B
ax4-local-00605,32,0.4288710241174415,11.251873350143434,shared_residual,0.25,0.10721775602936037,m_times_D_over_B
ax4-local-00605,32,0.4288710241174415,11.251873350143434,shared_residual,0.5,0.21443551205872075,m_times_D_over_B
ax4-local-00605,32,0.4288710241174415,11.251873350143434,shared_residual,1.0,0.4288710241174415,m_times_D_over_B
ax4-local-00605,32,0.4288710241174415,11.251873350143434,shared_residual,2.0,0.857742048234883,m_times_D_over_B
ax4-local-00606,32,0.1652136006974717,11.251873350143434,null_residual,,0.1652136006974717,m_times_B
ax4-local-00606,32,0.1652136006974717,11.251873350143434,present_renormalization,,0.3304272013949434,2m_times_B
ax4-local-00606,32,0.1652136006974717,11.251873350143434,shared_residual,0.25,0.04130340017436793,m_times_D_over_B
ax4-local-00606,32,0.1652136006974717,11.251873350143434,shared_residual,0.5,0.08260680034873585,m_times_D_over_B
ax4-local-00606,32,0.1652136006974717,11.251873350143434,shared_residual,1.0,0.1652136006974717,m_times_D_over_B
ax4-local-00606,32,0.1652136006974717,11.251873350143434,shared_residual,2.0,0.3304272013949434,m_times_D_over_B
ax4-local-00607,32,1.3877787807814457e-16,11.251873350143434,null_residual,,1.3877787807814457e-16,m_times_B
ax4-local-00607,32,1.3877787807814457e-16,11.251873350143434,present_renormalization,,2.7755575615628914e-16,2m_times_B
ax4-local-00607,32,1.3877787807814457e-16,11.251873350143434,shared_residual,0.25,3.469446951953614e-17,m_times_D_over_B
ax4-local-00607,32,1.3877787807814457e-16,11.251873350143434,shared_residual,0.5,6.938893903907228e-17,m_times_D_over_B
ax4-local-00607,32,1.3877787807814457e-16,11.251873350143434,shared_residual,1.0,1.3877787807814457e-16,m_times_D_over_B
ax4-local-00607,32,1.3877787807814457e-16,11.251873350143434,shared_residual,2.0,2.7755575615628914e-16,m_times_D_over_B
ax4-local-00608,32,0.6641914191419142,11.251873350143434,null_residual,,0.6641914191419142,m_times_B
ax4-local-00608,32,0.6641914191419142,11.251873350143434,present_renormalization,,1.3283828382838283,2m_times_B
ax4-local-00608,32,0.6641914191419142,11.251873350143434,shared_residual,0.25,0.16604785478547854,m_times_D_over_B
ax4-local-00608,32,0.6641914191419142,11.251873350143434,shared_residual,0.5,0.3320957095709571,m_times_D_over_B
ax4-local-00608,32,0.6641914191419142,11.251873350143434,shared_residual,1.0,0.6641914191419142,m_times_D_over_B
ax4-local-00608,32,0.6641914191419142,11.251873350143434,shared_residual,2.0,1.3283828382838283,m_times_D_over_B
ax4-local-00609,32,0.1652136006974717,11.251873350143434,null_residual,,0.1652136006974717,m_times_B
ax4-local-00609,32,0.1652136006974717,11.251873350143434,present_renormalization,,0.3304272013949434,2m_times_B
ax4-local-00609,32,0.1652136006974717,11.251873350143434,shared_residual,0.25,0.04130340017436793,m_times_D_over_B
ax4-local-00609,32,0.1652136006974717,11.251873350143434,shared_residual,0.5,0.08260680034873585,m_times_D_over_B
ax4-local-00609,32,0.1652136006974717,11.251873350143434,shared_residual,1.0,0.1652136006974717,m_times_D_over_B
ax4-local-00609,32,0.1652136006974717,11.251873350143434,shared_residual,2.0,0.3304272013949434,m_times_D_over_B
ax4-local-00610,32,1.3877787807814457e-16,11.251873350143434,null_residual,,1.3877787807814457e-16,m_times_B
ax4-local-00610,32,1.3877787807814457e-16,11.251873350143434,present_renormalization,,2.7755575615628914e-16,2m_times_B
ax4-local-00610,32,1.3877787807814457e-16,11.251873350143434,shared_residual,0.25,3.469446951953614e-17,m_times_D_over_B
ax4-local-00610,32,1.3877787807814457e-16,11.251873350143434,shared_residual,0.5,6.938893903907228e-17,m_times_D_over_B
ax4-local-00610,32,1.3877787807814457e-16,11.251873350143434,shared_residual,1.0,1.3877787807814457e-16,m_times_D_over_B
ax4-local-00610,32,1.3877787807814457e-16,11.251873350143434,shared_residual,2.0,2.7755575615628914e-16,m_times_D_over_B
ax4-local-00611,32,1.3877787807814457e-16,11.251873350143434,null_residual,,1.3877787807814457e-16,m_times_B
ax4-local-00611,32,1.3877787807814457e-16,11.251873350143434,present_renormalization,,2.7755575615628914e-16,2m_times_B
ax4-local-00611,32,1.3877787807814457e-16,11.251873350143434,shared_residual,0.25,3.469446951953614e-17,m_times_D_over_B
ax4-local-00611,32,1.3877787807814457e-16,11.251873350143434,shared_residual,0.5,6.938893903907228e-17,m_times_D_over_B
ax4-local-00611,32,1.3877787807814457e-16,11.251873350143434,shared_residual,1.0,1.3877787807814457e-16,m_times_D_over_B
ax4-local-00611,32,1.3877787807814457e-16,11.251873350143434,shared_residual,2.0,2.7755575615628914e-16,m_times_D_over_B
ax4-local-00612,32,0.6641914191419142,11.251873350143434,null_residual,,0.6641914191419142,m_times_B
ax4-local-00612,32,0.6641914191419142,11.251873350143434,present_renormalization,,1.3283828382838283,2m_times_B
ax4-local-00612,32,0.6641914191419142,11.251873350143434,shared_residual,0.25,0.16604785478547854,m_times_D_over_B
ax4-local-00612,32,0.6641914191419142,11.251873350143434,shared_residual,0.5,0.3320957095709571,m_times_D_over_B
ax4-local-00612,32,0.6641914191419142,11.251873350143434,shared_residual,1.0,0.6641914191419142,m_times_D_over_B
ax4-local-00612,32,0.6641914191419142,11.251873350143434,shared_residual,2.0,1.3283828382838283,m_times_D_over_B
ax4-local-00613,32,0.6641914191419142,11.251873350143434,null_residual,,0.6641914191419142,m_times_B
ax4-local-00613,32,0.6641914191419142,11.251873350143434,present_renormalization,,1.3283828382838283,2m_times_B
ax4-local-00613,32,0.6641914191419142,11.251873350143434,shared_residual,0.25,0.16604785478547854,m_times_D_over_B
ax4-local-00613,32,0.6641914191419142,11.251873350143434,shared_residual,0.5,0.3320957095709571,m_times_D_over_B
ax4-local-00613,32,0.6641914191419142,11.251873350143434,shared_residual,1.0,0.6641914191419142,m_times_D_over_B
ax4-local-00613,32,0.6641914191419142,11.251873350143434,shared_residual,2.0,1.3283828382838283,m_times_D_over_B
ax4-local-00614,32,0.6657036731324804,11.251873350143434,null_residual,,0.6657036731324804,m_times_B
ax4-local-00614,32,0.6657036731324804,11.251873350143434,present_renormalization,,1.3314073462649607,2m_times_B
ax4-local-00614,32,0.6657036731324804,11.251873350143434,shared_residual,0.25,0.1664259182831201,m_times_D_over_B
ax4-local-00614,32,0.6657036731324804,11.251873350143434,shared_residual,0.5,0.3328518365662402,m_times_D_over_B
ax4-local-00614,32,0.6657036731324804,11.251873350143434,shared_residual,1.0,0.6657036731324804,m_times_D_over_B
ax4-local-00614,32,0.6657036731324804,11.251873350143434,shared_residual,2.0,1.3314073462649607,m_times_D_over_B
ax4-local-00615,32,0.6835788325150027,11.251873350143434,null_residual,,0.6835788325150027,m_times_B
ax4-local-00615,32,0.6835788325150027,11.251873350143434,present_renormalization,,1.3671576650300055,2m_times_B
ax4-local-00615,32,0.6835788325150027,11.251873350143434,shared_residual,0.25,0.17089470812875068,m_times_D_over_B
ax4-local-00615,32,0.6835788325150027,11.251873350143434,shared_residual,0.5,0.34178941625750137,m_times_D_over_B
ax4-local-00615,32,0.6835788325150027,11.251873350143434,shared_residual,1.0,0.6835788325150027,m_times_D_over_B
ax4-local-00615,32,0.6835788325150027,11.251873350143434,shared_residual,2.0,1.3671576650300055,m_times_D_over_B
ax4-local-00616,32,0.6998133830978406,11.251873350143434,null_residual,,0.6998133830978406,m_times_B
ax4-local-00616,32,0.6998133830978406,11.251873350143434,present_renormalization,,1.3996267661956812,2m_times_B
ax4-local-00616,32,0.6998133830978406,11.251873350143434,shared_residual,0.25,0.17495334577446015,m_times_D_over_B
ax4-local-00616,32,0.6998133830978406,11.251873350143434,shared_residual,0.5,0.3499066915489203,m_times_D_over_B
ax4-local-00616,32,0.6998133830978406,11.251873350143434,shared_residual,1.0,0.6998133830978406,m_times_D_over_B
ax4-local-00616,32,0.6998133830978406,11.251873350143434,shared_residual,2.0,1.3996267661956812,m_times_D_over_B
ax4-local-00617,32,0.7616590214067278,11.251873350143434,null_residual,,0.7616590214067278,m_times_B
ax4-local-00617,32,0.7616590214067278,11.251873350143434,present_renormalization,,1.5233180428134556,2m_times_B
ax4-local-00617,32,0.7616590214067278,11.251873350143434,shared_residual,0.25,0.19041475535168195,m_times_D_over_B
ax4-local-00617,32,0.7616590214067278,11.251873350143434,shared_residual,0.5,0.3808295107033639,m_times_D_over_B
ax4-local-00617,32,0.7616590214067278,11.251873350143434,shared_residual,1.0,0.7616590214067278,m_times_D_over_B
ax4-local-00617,32,0.7616590214067278,11.251873350143434,shared_residual,2.0,1.5233180428134556,m_times_D_over_B
ax4-local-00618,32,0.6782178217821782,11.251873350143434,null_residual,,0.6782178217821782,m_times_B
ax4-local-00618,32,0.6782178217821782,11.251873350143434,present_renormalization,,1.3564356435643563,2m_times_B
ax4-local-00618,32,0.6782178217821782,11.251873350143434,shared_residual,0.25,0.16955445544554454,m_times_D_over_B
ax4-local-00618,32,0.6782178217821782,11.251873350143434,shared_residual,0.5,0.3391089108910891,m_times_D_over_B
ax4-local-00618,32,0.6782178217821782,11.251873350143434,shared_residual,1.0,0.6782178217821782,m_times_D_over_B
ax4-local-00618,32,0.6782178217821782,11.251873350143434,shared_residual,2.0,1.3564356435643563,m_times_D_over_B
ax4-local-00619,32,0.813086482373827,11.251873350143434,null_residual,,0.813086482373827,m_times_B
ax4-local-00619,32,0.813086482373827,11.251873350143434,present_renormalization,,1.626172964747654,2m_times_B
ax4-local-00619,32,0.813086482373827,11.251873350143434,shared_residual,0.25,0.20327162059345674,m_times_D_over_B
ax4-local-00619,32,0.813086482373827,11.251873350143434,shared_residual,0.5,0.4065432411869135,m_times_D_over_B
ax4-local-00619,32,0.813086482373827,11.251873350143434,shared_residual,1.0,0.813086482373827,m_times_D_over_B
ax4-local-00619,32,0.813086482373827,11.251873350143434,shared_residual,2.0,1.626172964747654,m_times_D_over_B
ax4-local-00620,32,0.8477141992128367,11.251873350143434,null_residual,,0.8477141992128367,m_times_B
ax4-local-00620,32,0.8477141992128367,11.251873350143434,present_renormalization,,1.6954283984256735,2m_times_B
ax4-local-00620,32,0.8477141992128367,11.251873350143434,shared_residual,0.25,0.2119285498032092,m_times_D_over_B
ax4-local-00620,32,0.8477141992128367,11.251873350143434,shared_residual,0.5,0.4238570996064184,m_times_D_over_B
ax4-local-00620,32,0.8477141992128367,11.251873350143434,shared_residual,1.0,0.8477141992128367,m_times_D_over_B
ax4-local-00620,32,0.8477141992128367,11.251873350143434,shared_residual,2.0,1.6954283984256735,m_times_D_over_B
ax4-local-00621,32,0.8477141992128367,11.251873350143434,null_residual,,0.8477141992128367,m_times_B
ax4-local-00621,32,0.8477141992128367,11.251873350143434,present_renormalization,,1.6954283984256735,2m_times_B
ax4-local-00621,32,0.8477141992128367,11.251873350143434,shared_residual,0.25,0.2119285498032092,m_times_D_over_B
ax4-local-00621,32,0.8477141992128367,11.251873350143434,shared_residual,0.5,0.4238570996064184,m_times_D_over_B
ax4-local-00621,32,0.8477141992128367,11.251873350143434,shared_residual,1.0,0.8477141992128367,m_times_D_over_B
ax4-local-00621,32,0.8477141992128367,11.251873350143434,shared_residual,2.0,1.6954283984256735,m_times_D_over_B
ax4-local-00622,32,0.6641914191419142,11.251873350143434,null_residual,,0.6641914191419142,m_times_B
ax4-local-00622,32,0.6641914191419142,11.251873350143434,present_renormalization,,1.3283828382838283,2m_times_B
ax4-local-00622,32,0.6641914191419142,11.251873350143434,shared_residual,0.25,0.16604785478547854,m_times_D_over_B
ax4-local-00622,32,0.6641914191419142,11.251873350143434,shared_residual,0.5,0.3320957095709571,m_times_D_over_B
ax4-local-00622,32,0.6641914191419142,11.251873350143434,shared_residual,1.0,0.6641914191419142,m_times_D_over_B
ax4-local-00622,32,0.6641914191419142,11.251873350143434,shared_residual,2.0,1.3283828382838283,m_times_D_over_B
ax4-local-00623,32,0.6641914191419142,11.251873350143434,null_residual,,0.6641914191419142,m_times_B
ax4-local-00623,32,0.6641914191419142,11.251873350143434,present_renormalization,,1.3283828382838283,2m_times_B
ax4-local-00623,32,0.6641914191419142,11.251873350143434,shared_residual,0.25,0.16604785478547854,m_times_D_over_B
ax4-local-00623,32,0.6641914191419142,11.251873350143434,shared_residual,0.5,0.3320957095709571,m_times_D_over_B
ax4-local-00623,32,0.6641914191419142,11.251873350143434,shared_residual,1.0,0.6641914191419142,m_times_D_over_B
ax4-local-00623,32,0.6641914191419142,11.251873350143434,shared_residual,2.0,1.3283828382838283,m_times_D_over_B
ax4-local-00624,32,0.6641914191419142,11.251873350143434,null_residual,,0.6641914191419142,m_times_B
ax4-local-00624,32,0.6641914191419142,11.251873350143434,present_renormalization,,1.3283828382838283,2m_times_B
ax4-local-00624,32,0.6641914191419142,11.251873350143434,shared_residual,0.25,0.16604785478547854,m_times_D_over_B
ax4-local-00624,32,0.6641914191419142,11.251873350143434,shared_residual,0.5,0.3320957095709571,m_times_D_over_B
ax4-local-00624,32,0.6641914191419142,11.251873350143434,shared_residual,1.0,0.6641914191419142,m_times_D_over_B
ax4-local-00624,32,0.6641914191419142,11.251873350143434,shared_residual,2.0,1.3283828382838283,m_times_D_over_B
ax4-local-00625,32,0.6641914191419142,11.251873350143434,null_residual,,0.6641914191419142,m_times_B
ax4-local-00625,32,0.6641914191419142,11.251873350143434,present_renormalization,,1.3283828382838283,2m_times_B
ax4-local-00625,32,0.6641914191419142,11.251873350143434,shared_residual,0.25,0.16604785478547854,m_times_D_over_B
ax4-local-00625,32,0.6641914191419142,11.251873350143434,shared_residual,0.5,0.3320957095709571,m_times_D_over_B
ax4-local-00625,32,0.6641914191419142,11.251873350143434,shared_residual,1.0,0.6641914191419142,m_times_D_over_B
ax4-local-00625,32,0.6641914191419142,11.251873350143434,shared_residual,2.0,1.3283828382838283,m_times_D_over_B
ax4-local-00626,32,0.6656039674105562,11.251873350143434,null_residual,,0.6656039674105562,m_times_B
ax4-local-00626,32,0.6656039674105562,11.251873350143434,present_renormalization,,1.3312079348211123,2m_times_B
ax4-local-00626,32,0.6656039674105562,11.251873350143434,shared_residual,0.25,0.16640099185263904,m_times_D_over_B
ax4-local-00626,32,0.6656039674105562,11.251873350143434,shared_residual,0.5,0.3328019837052781,m_times_D_over_B
ax4-local-00626,32,0.6656039674105562,11.251873350143434,shared_residual,1.0,0.6656039674105562,m_times_D_over_B
ax4-local-00626,32,0.6656039674105562,11.251873350143434,shared_residual,2.0,1.3312079348211123,m_times_D_over_B
ax4-local-00627,32,0.6838565022421524,11.251873350143434,null_residual,,0.6838565022421524,m_times_B
ax4-local-00627,32,0.6838565022421524,11.251873350143434,present_renormalization,,1.3677130044843049,2m_times_B
ax4-local-00627,32,0.6838565022421524,11.251873350143434,shared_residual,0.25,0.1709641255605381,m_times_D_over_B
ax4-local-00627,32,0.6838565022421524,11.251873350143434,shared_residual,0.5,0.3419282511210762,m_times_D_over_B
ax4-local-00627,32,0.6838565022421524,11.251873350143434,shared_residual,1.0,0.6838565022421524,m_times_D_over_B
ax4-local-00627,32,0.6838565022421524,11.251873350143434,shared_residual,2.0,1.3677130044843049,m_times_D_over_B
ax4-local-00628,32,0.6994535519125683,11.251873350143434,null_residual,,0.6994535519125683,m_times_B
ax4-local-00628,32,0.6994535519125683,11.251873350143434,present_renormalization,,1.3989071038251366,2m_times_B
ax4-local-00628,32,0.6994535519125683,11.251873350143434,shared_residual,0.25,0.17486338797814208,m_times_D_over_B
ax4-local-00628,32,0.6994535519125683,11.251873350143434,shared_residual,0.5,0.34972677595628415,m_times_D_over_B
ax4-local-00628,32,0.6994535519125683,11.251873350143434,shared_residual,1.0,0.6994535519125683,m_times_D_over_B
ax4-local-00628,32,0.6994535519125683,11.251873350143434,shared_residual,2.0,1.3989071038251366,m_times_D_over_B
ax4-local-00629,32,0.7616122840690979,11.251873350143434,null_residual,,0.7616122840690979,m_times_B
ax4-local-00629,32,0.7616122840690979,11.251873350143434,present_renormalization,,1.5232245681381957,2m_times_B
ax4-local-00629,32,0.7616122840690979,11.251873350143434,shared_residual,0.25,0.19040307101727447,m_times_D_over_B
ax4-local-00629,32,0.7616122840690979,11.251873350143434,shared_residual,0.5,0.38080614203454893,m_times_D_over_B
ax4-local-00629,32,0.7616122840690979,11.251873350143434,shared_residual,1.0,0.7616122840690979,m_times_D_over_B
ax4-local-00629,32,0.7616122840690979,11.251873350143434,shared_residual,2.0,1.5232245681381957,m_times_D_over_B
ax4-local-00630,32,0.6984785615491009,11.251873350143434,null_residual,,0.6984785615491009,m_times_B
ax4-local-00630,32,0.6984785615491009,11.251873350143434,present_renormalization,,1.3969571230982019,2m_times_B
ax4-local-00630,32,0.6984785615491009,11.251873350143434,shared_residual,0.25,0.17461964038727523,m_times_D_over_B
ax4-local-00630,32,0.6984785615491009,11.251873350143434,shared_residual,0.5,0.34923928077455046,m_times_D_over_B
ax4-local-00630,32,0.6984785615491009,11.251873350143434,shared_residual,1.0,0.6984785615491009,m_times_D_over_B
ax4-local-00630,32,0.6984785615491009,11.251873350143434,shared_residual,2.0,1.3969571230982019,m_times_D_over_B
ax4-local-00631,32,0.7201535508637236,11.251873350143434,null_residual,,0.7201535508637236,m_times_B
ax4-local-00631,32,0.7201535508637236,11.251873350143434,present_renormalization,,1.4403071017274471,2m_times_B
ax4-local-00631,32,0.7201535508637236,11.251873350143434,shared_residual,0.25,0.1800383877159309,m_times_D_over_B
ax4-local-00631,32,0.7201535508637236,11.251873350143434,shared_residual,0.5,0.3600767754318618,m_times_D_over_B
ax4-local-00631,32,0.7201535508637236,11.251873350143434,shared_residual,1.0,0.7201535508637236,m_times_D_over_B
ax4-local-00631,32,0.7201535508637236,11.251873350143434,shared_residual,2.0,1.4403071017274471,m_times_D_over_B
ax4-local-00632,32,0.8192371475953566,11.251873350143434,null_residual,,0.8192371475953566,m_times_B
ax4-local-00632,32,0.8192371475953566,11.251873350143434,present_renormalization,,1.6384742951907132,2m_times_B
ax4-local-00632,32,0.8192371475953566,11.251873350143434,shared_residual,0.25,0.20480928689883915,m_times_D_over_B
ax4-local-00632,32,0.8192371475953566,11.251873350143434,shared_residual,0.5,0.4096185737976783,m_times_D_over_B
ax4-local-00632,32,0.8192371475953566,11.251873350143434,shared_residual,1.0,0.8192371475953566,m_times_D_over_B
ax4-local-00632,32,0.8192371475953566,11.251873350143434,shared_residual,2.0,1.6384742951907132,m_times_D_over_B
ax4-local-00633,32,0.8477141992128367,11.251873350143434,null_residual,,0.8477141992128367,m_times_B
ax4-local-00633,32,0.8477141992128367,11.251873350143434,present_renormalization,,1.6954283984256735,2m_times_B
ax4-local-00633,32,0.8477141992128367,11.251873350143434,shared_residual,0.25,0.2119285498032092,m_times_D_over_B
ax4-local-00633,32,0.8477141992128367,11.251873350143434,shared_residual,0.5,0.4238570996064184,m_times_D_over_B
ax4-local-00633,32,0.8477141992128367,11.251873350143434,shared_residual,1.0,0.8477141992128367,m_times_D_over_B
ax4-local-00633,32,0.8477141992128367,11.251873350143434,shared_residual,2.0,1.6954283984256735,m_times_D_over_B
ax4-local-00634,32,0.6982087227414331,11.251873350143434,null_residual,,0.6982087227414331,m_times_B
ax4-local-00634,32,0.6982087227414331,11.251873350143434,present_renormalization,,1.3964174454828662,2m_times_B
ax4-local-00634,32,0.6982087227414331,11.251873350143434,shared_residual,0.25,0.17455218068535827,m_times_D_over_B
ax4-local-00634,32,0.6982087227414331,11.251873350143434,shared_residual,0.5,0.34910436137071654,m_times_D_over_B
ax4-local-00634,32,0.6982087227414331,11.251873350143434,shared_residual,1.0,0.6982087227414331,m_times_D_over_B
ax4-local-00634,32,0.6982087227414331,11.251873350143434,shared_residual,2.0,1.3964174454828662,m_times_D_over_B
ax4-local-00635,32,0.6982087227414331,11.251873350143434,null_residual,,0.6982087227414331,m_times_B
ax4-local-00635,32,0.6982087227414331,11.251873350143434,present_renormalization,,1.3964174454828662,2m_times_B
ax4-local-00635,32,0.6982087227414331,11.251873350143434,shared_residual,0.25,0.17455218068535827,m_times_D_over_B
ax4-local-00635,32,0.6982087227414331,11.251873350143434,shared_residual,0.5,0.34910436137071654,m_times_D_over_B
ax4-local-00635,32,0.6982087227414331,11.251873350143434,shared_residual,1.0,0.6982087227414331,m_times_D_over_B
ax4-local-00635,32,0.6982087227414331,11.251873350143434,shared_residual,2.0,1.3964174454828662,m_times_D_over_B
ax4-local-00636,32,0.6982087227414331,11.251873350143434,null_residual,,0.6982087227414331,m_times_B
ax4-local-00636,32,0.6982087227414331,11.251873350143434,present_renormalization,,1.3964174454828662,2m_times_B
ax4-local-00636,32,0.6982087227414331,11.251873350143434,shared_residual,0.25,0.17455218068535827,m_times_D_over_B
ax4-local-00636,32,0.6982087227414331,11.251873350143434,shared_residual,0.5,0.34910436137071654,m_times_D_over_B
ax4-local-00636,32,0.6982087227414331,11.251873350143434,shared_residual,1.0,0.6982087227414331,m_times_D_over_B
ax4-local-00636,32,0.6982087227414331,11.251873350143434,shared_residual,2.0,1.3964174454828662,m_times_D_over_B
ax4-local-00637,32,0.6982087227414331,11.251873350143434,null_residual,,0.6982087227414331,m_times_B
ax4-local-00637,32,0.6982087227414331,11.251873350143434,present_renormalization,,1.3964174454828662,2m_times_B
ax4-local-00637,32,0.6982087227414331,11.251873350143434,shared_residual,0.25,0.17455218068535827,m_times_D_over_B
ax4-local-00637,32,0.6982087227414331,11.251873350143434,shared_residual,0.5,0.34910436137071654,m_times_D_over_B
ax4-local-00637,32,0.6982087227414331,11.251873350143434,shared_residual,1.0,0.6982087227414331,m_times_D_over_B
ax4-local-00637,32,0.6982087227414331,11.251873350143434,shared_residual,2.0,1.3964174454828662,m_times_D_over_B
ax4-local-00638,32,0.6982087227414331,11.251873350143434,null_residual,,0.6982087227414331,m_times_B
ax4-local-00638,32,0.6982087227414331,11.251873350143434,present_renormalization,,1.3964174454828662,2m_times_B
ax4-local-00638,32,0.6982087227414331,11.251873350143434,shared_residual,0.25,0.17455218068535827,m_times_D_over_B
ax4-local-00638,32,0.6982087227414331,11.251873350143434,shared_residual,0.5,0.34910436137071654,m_times_D_over_B
ax4-local-00638,32,0.6982087227414331,11.251873350143434,shared_residual,1.0,0.6982087227414331,m_times_D_over_B
ax4-local-00638,32,0.6982087227414331,11.251873350143434,shared_residual,2.0,1.3964174454828662,m_times_D_over_B
ax4-local-00639,32,0.6984785615491009,11.251873350143434,null_residual,,0.6984785615491009,m_times_B
ax4-local-00639,32,0.6984785615491009,11.251873350143434,present_renormalization,,1.3969571230982019,2m_times_B
ax4-local-00639,32,0.6984785615491009,11.251873350143434,shared_residual,0.25,0.17461964038727523,m_times_D_over_B
ax4-local-00639,32,0.6984785615491009,11.251873350143434,shared_residual,0.5,0.34923928077455046,m_times_D_over_B
ax4-local-00639,32,0.6984785615491009,11.251873350143434,shared_residual,1.0,0.6984785615491009,m_times_D_over_B
ax4-local-00639,32,0.6984785615491009,11.251873350143434,shared_residual,2.0,1.3969571230982019,m_times_D_over_B
ax4-local-00640,32,0.7012227538543327,11.251873350143434,null_residual,,0.7012227538543327,m_times_B
ax4-local-00640,32,0.7012227538543327,11.251873350143434,present_renormalization,,1.4024455077086655,2m_times_B
ax4-local-00640,32,0.7012227538543327,11.251873350143434,shared_residual,0.25,0.1753056884635832,m_times_D_over_B
ax4-local-00640,32,0.7012227538543327,11.251873350143434,shared_residual,0.5,0.3506113769271664,m_times_D_over_B
ax4-local-00640,32,0.7012227538543327,11.251873350143434,shared_residual,1.0,0.7012227538543327,m_times_D_over_B
ax4-local-00640,32,0.7012227538543327,11.251873350143434,shared_residual,2.0,1.4024455077086655,m_times_D_over_B
ax4-local-00641,32,0.735399284862932,11.251873350143434,null_residual,,0.735399284862932,m_times_B
ax4-local-00641,32,0.735399284862932,11.251873350143434,present_renormalization,,1.470798569725864,2m_times_B
ax4-local-00641,32,0.735399284862932,11.251873350143434,shared_residual,0.25,0.183849821215733,m_times_D_over_B
ax4-local-00641,32,0.735399284862932,11.251873350143434,shared_residual,0.5,0.367699642431466,m_times_D_over_B
ax4-local-00641,32,0.735399284862932,11.251873350143434,shared_residual,1.0,0.735399284862932,m_times_D_over_B
ax4-local-00641,32,0.735399284862932,11.251873350143434,shared_residual,2.0,1.470798569725864,m_times_D_over_B
ax4-local-00642,32,0.6984785615491009,11.251873350143434,null_residual,,0.6984785615491009,m_times_B
ax4-local-00642,32,0.6984785615491009,11.251873350143434,present_renormalization,,1.3969571230982019,2m_times_B
ax4-local-00642,32,0.6984785615491009,11.251873350143434,shared_residual,0.25,0.17461964038727523,m_times_D_over_B
ax4-local-00642,32,0.6984785615491009,11.251873350143434,shared_residual,0.5,0.34923928077455046,m_times_D_over_B
ax4-local-00642,32,0.6984785615491009,11.251873350143434,shared_residual,1.0,0.6984785615491009,m_times_D_over_B
ax4-local-00642,32,0.6984785615491009,11.251873350143434,shared_residual,2.0,1.3969571230982019,m_times_D_over_B
ax4-local-00643,32,0.719805081796032,11.251873350143434,null_residual,,0.719805081796032,m_times_B
ax4-local-00643,32,0.719805081796032,11.251873350143434,present_renormalization,,1.439610163592064,2m_times_B
ax4-local-00643,32,0.719805081796032,11.251873350143434,shared_residual,0.25,0.179951270449008,m_times_D_over_B
ax4-local-00643,32,0.719805081796032,11.251873350143434,shared_residual,0.5,0.359902540898016,m_times_D_over_B
ax4-local-00643,32,0.719805081796032,11.251873350143434,shared_residual,1.0,0.719805081796032,m_times_D_over_B
ax4-local-00643,32,0.719805081796032,11.251873350143434,shared_residual,2.0,1.439610163592064,m_times_D_over_B
ax4-local-00644,32,0.8220913107511045,11.251873350143434,null_residual,,0.8220913107511045,m_times_B
ax4-local-00644,32,0.8220913107511045,11.251873350143434,present_renormalization,,1.644182621502209,2m_times_B
ax4-local-00644,32,0.8220913107511045,11.251873350143434,shared_residual,0.25,0.20552282768777613,m_times_D_over_B
ax4-local-00644,32,0.8220913107511045,11.251873350143434,shared_residual,0.5,0.41104565537555227,m_times_D_over_B
ax4-local-00644,32,0.8220913107511045,11.251873350143434,shared_residual,1.0,0.8220913107511045,m_times_D_over_B
ax4-local-00644,32,0.8220913107511045,11.251873350143434,shared_residual,2.0,1.644182621502209,m_times_D_over_B
ax4-local-00645,32,0.8477141992128367,11.251873350143434,null_residual,,0.8477141992128367,m_times_B
ax4-local-00645,32,0.8477141992128367,11.251873350143434,present_renormalization,,1.6954283984256735,2m_times_B
ax4-local-00645,32,0.8477141992128367,11.251873350143434,shared_residual,0.25,0.2119285498032092,m_times_D_over_B
ax4-local-00645,32,0.8477141992128367,11.251873350143434,shared_residual,0.5,0.4238570996064184,m_times_D_over_B
ax4-local-00645,32,0.8477141992128367,11.251873350143434,shared_residual,1.0,0.8477141992128367,m_times_D_over_B
ax4-local-00645,32,0.8477141992128367,11.251873350143434,shared_residual,2.0,1.6954283984256735,m_times_D_over_B
ax4-local-00646,32,0.6982087227414331,11.251873350143434,null_residual,,0.6982087227414331,m_times_B
ax4-local-00646,32,0.6982087227414331,11.251873350143434,present_renormalization,,1.3964174454828662,2m_times_B
ax4-local-00646,32,0.6982087227414331,11.251873350143434,shared_residual,0.25,0.17455218068535827,m_times_D_over_B
ax4-local-00646,32,0.6982087227414331,11.251873350143434,shared_residual,0.5,0.34910436137071654,m_times_D_over_B
ax4-local-00646,32,0.6982087227414331,11.251873350143434,shared_residual,1.0,0.6982087227414331,m_times_D_over_B
ax4-local-00646,32,0.6982087227414331,11.251873350143434,shared_residual,2.0,1.3964174454828662,m_times_D_over_B
ax4-local-00647,32,0.6982087227414331,11.251873350143434,null_residual,,0.6982087227414331,m_times_B
ax4-local-00647,32,0.6982087227414331,11.251873350143434,present_renormalization,,1.3964174454828662,2m_times_B
ax4-local-00647,32,0.6982087227414331,11.251873350143434,shared_residual,0.25,0.17455218068535827,m_times_D_over_B
ax4-local-00647,32,0.6982087227414331,11.251873350143434,shared_residual,0.5,0.34910436137071654,m_times_D_over_B
ax4-local-00647,32,0.6982087227414331,11.251873350143434,shared_residual,1.0,0.6982087227414331,m_times_D_over_B
ax4-local-00647,32,0.6982087227414331,11.251873350143434,shared_residual,2.0,1.3964174454828662,m_times_D_over_B
ax4-local-00648,32,0.6982087227414331,11.251873350143434,null_residual,,0.6982087227414331,m_times_B
ax4-local-00648,32,0.6982087227414331,11.251873350143434,present_renormalization,,1.3964174454828662,2m_times_B
ax4-local-00648,32,0.6982087227414331,11.251873350143434,shared_residual,0.25,0.17455218068535827,m_times_D_over_B
ax4-local-00648,32,0.6982087227414331,11.251873350143434,shared_residual,0.5,0.34910436137071654,m_times_D_over_B
ax4-local-00648,32,0.6982087227414331,11.251873350143434,shared_residual,1.0,0.6982087227414331,m_times_D_over_B
ax4-local-00648,32,0.6982087227414331,11.251873350143434,shared_residual,2.0,1.3964174454828662,m_times_D_over_B
ax4-local-00649,32,0.6982087227414331,11.251873350143434,null_residual,,0.6982087227414331,m_times_B
ax4-local-00649,32,0.6982087227414331,11.251873350143434,present_renormalization,,1.3964174454828662,2m_times_B
ax4-local-00649,32,0.6982087227414331,11.251873350143434,shared_residual,0.25,0.17455218068535827,m_times_D_over_B
ax4-local-00649,32,0.6982087227414331,11.251873350143434,shared_residual,0.5,0.34910436137071654,m_times_D_over_B
ax4-local-00649,32,0.6982087227414331,11.251873350143434,shared_residual,1.0,0.6982087227414331,m_times_D_over_B
ax4-local-00649,32,0.6982087227414331,11.251873350143434,shared_residual,2.0,1.3964174454828662,m_times_D_over_B
ax4-local-00650,32,0.6982087227414331,11.251873350143434,null_residual,,0.6982087227414331,m_times_B
ax4-local-00650,32,0.6982087227414331,11.251873350143434,present_renormalization,,1.3964174454828662,2m_times_B
ax4-local-00650,32,0.6982087227414331,11.251873350143434,shared_residual,0.25,0.17455218068535827,m_times_D_over_B
ax4-local-00650,32,0.6982087227414331,11.251873350143434,shared_residual,0.5,0.34910436137071654,m_times_D_over_B
ax4-local-00650,32,0.6982087227414331,11.251873350143434,shared_residual,1.0,0.6982087227414331,m_times_D_over_B
ax4-local-00650,32,0.6982087227414331,11.251873350143434,shared_residual,2.0,1.3964174454828662,m_times_D_over_B
ax4-local-00651,32,0.6987427466150871,11.251873350143434,null_residual,,0.6987427466150871,m_times_B
ax4-local-00651,32,0.6987427466150871,11.251873350143434,present_renormalization,,1.3974854932301741,2m_times_B
ax4-local-00651,32,0.6987427466150871,11.251873350143434,shared_residual,0.25,0.17468568665377177,m_times_D_over_B
ax4-local-00651,32,0.6987427466150871,11.251873350143434,shared_residual,0.5,0.34937137330754353,m_times_D_over_B
ax4-local-00651,32,0.6987427466150871,11.251873350143434,shared_residual,1.0,0.6987427466150871,m_times_D_over_B
ax4-local-00651,32,0.6987427466150871,11.251873350143434,shared_residual,2.0,1.3974854932301741,m_times_D_over_B
ax4-local-00652,32,0.7016937435188386,11.251873350143434,null_residual,,0.7016937435188386,m_times_B
ax4-local-00652,32,0.7016937435188386,11.251873350143434,present_renormalization,,1.4033874870376772,2m_times_B
ax4-local-00652,32,0.7016937435188386,11.251873350143434,shared_residual,0.25,0.17542343587970965,m_times_D_over_B
ax4-local-00652,32,0.7016937435188386,11.251873350143434,shared_residual,0.5,0.3508468717594193,m_times_D_over_B
ax4-local-00652,32,0.7016937435188386,11.251873350143434,shared_residual,1.0,0.7016937435188386,m_times_D_over_B
ax4-local-00652,32,0.7016937435188386,11.251873350143434,shared_residual,2.0,1.4033874870376772,m_times_D_over_B
ax4-local-00653,32,0.7372392365734576,11.251873350143434,null_residual,,0.7372392365734576,m_times_B
ax4-local-00653,32,0.7372392365734576,11.251873350143434,present_renormalization,,1.4744784731469152,2m_times_B
ax4-local-00653,32,0.7372392365734576,11.251873350143434,shared_residual,0.25,0.1843098091433644,m_times_D_over_B
ax4-local-00653,32,0.7372392365734576,11.251873350143434,shared_residual,0.5,0.3686196182867288,m_times_D_over_B
ax4-local-00653,32,0.7372392365734576,11.251873350143434,shared_residual,1.0,0.7372392365734576,m_times_D_over_B
ax4-local-00653,32,0.7372392365734576,11.251873350143434,shared_residual,2.0,1.4744784731469152,m_times_D_over_B
ax4-local-00654,32,0.6982229402261713,11.251873350143434,null_residual,,0.6982229402261713,m_times_B
ax4-local-00654,32,0.6982229402261713,11.251873350143434,present_renormalization,,1.3964458804523425,2m_times_B
ax4-local-00654,32,0.6982229402261713,11.251873350143434,shared_residual,0.25,0.17455573505654282,m_times_D_over_B
ax4-local-00654,32,0.6982229402261713,11.251873350143434,shared_residual,0.5,0.34911147011308563,m_times_D_over_B
ax4-local-00654,32,0.6982229402261713,11.251873350143434,shared_residual,1.0,0.6982229402261713,m_times_D_over_B
ax4-local-00654,32,0.6982229402261713,11.251873350143434,shared_residual,2.0,1.3964458804523425,m_times_D_over_B
ax4-local-00655,32,0.7203836930455636,11.251873350143434,null_residual,,0.7203836930455636,m_times_B
ax4-local-00655,32,0.7203836930455636,11.251873350143434,present_renormalization,,1.4407673860911272,2m_times_B
ax4-local-00655,32,0.7203836930455636,11.251873350143434,shared_residual,0.25,0.1800959232613909,m_times_D_over_B
ax4-local-00655,32,0.7203836930455636,11.251873350143434,shared_residual,0.5,0.3601918465227818,m_times_D_over_B
ax4-local-00655,32,0.7203836930455636,11.251873350143434,shared_residual,1.0,0.7203836930455636,m_times_D_over_B
ax4-local-00655,32,0.7203836930455636,11.251873350143434,shared_residual,2.0,1.4407673860911272,m_times_D_over_B
ax4-local-00656,32,0.8258196721311475,11.251873350143434,null_residual,,0.8258196721311475,m_times_B
ax4-local-00656,32,0.8258196721311475,11.251873350143434,present_renormalization,,1.651639344262295,2m_times_B
ax4-local-00656,32,0.8258196721311475,11.251873350143434,shared_residual,0.25,0.20645491803278687,m_times_D_over_B
ax4-local-00656,32,0.8258196721311475,11.251873350143434,shared_residual,0.5,0.41290983606557374,m_times_D_over_B
ax4-local-00656,32,0.8258196721311475,11.251873350143434,shared_residual,1.0,0.8258196721311475,m_times_D_over_B
ax4-local-00656,32,0.8258196721311475,11.251873350143434,shared_residual,2.0,1.651639344262295,m_times_D_over_B
ax4-local-00657,32,0.8477141992128367,11.251873350143434,null_residual,,0.8477141992128367,m_times_B
ax4-local-00657,32,0.8477141992128367,11.251873350143434,present_renormalization,,1.6954283984256735,2m_times_B
ax4-local-00657,32,0.8477141992128367,11.251873350143434,shared_residual,0.25,0.2119285498032092,m_times_D_over_B
ax4-local-00657,32,0.8477141992128367,11.251873350143434,shared_residual,0.5,0.4238570996064184,m_times_D_over_B
ax4-local-00657,32,0.8477141992128367,11.251873350143434,shared_residual,1.0,0.8477141992128367,m_times_D_over_B
ax4-local-00657,32,0.8477141992128367,11.251873350143434,shared_residual,2.0,1.6954283984256735,m_times_D_over_B
ax4-local-00658,32,0.6982087227414331,11.251873350143434,null_residual,,0.6982087227414331,m_times_B
ax4-local-00658,32,0.6982087227414331,11.251873350143434,present_renormalization,,1.3964174454828662,2m_times_B
ax4-local-00658,32,0.6982087227414331,11.251873350143434,shared_residual,0.25,0.17455218068535827,m_times_D_over_B
ax4-local-00658,32,0.6982087227414331,11.251873350143434,shared_residual,0.5,0.34910436137071654,m_times_D_over_B
ax4-local-00658,32,0.6982087227414331,11.251873350143434,shared_residual,1.0,0.6982087227414331,m_times_D_over_B
ax4-local-00658,32,0.6982087227414331,11.251873350143434,shared_residual,2.0,1.3964174454828662,m_times_D_over_B
ax4-local-00659,32,0.6982087227414331,11.251873350143434,null_residual,,0.6982087227414331,m_times_B
ax4-local-00659,32,0.6982087227414331,11.251873350143434,present_renormalization,,1.3964174454828662,2m_times_B
ax4-local-00659,32,0.6982087227414331,11.251873350143434,shared_residual,0.25,0.17455218068535827,m_times_D_over_B
ax4-local-00659,32,0.6982087227414331,11.251873350143434,shared_residual,0.5,0.34910436137071654,m_times_D_over_B
ax4-local-00659,32,0.6982087227414331,11.251873350143434,shared_residual,1.0,0.6982087227414331,m_times_D_over_B
ax4-local-00659,32,0.6982087227414331,11.251873350143434,shared_residual,2.0,1.3964174454828662,m_times_D_over_B
ax4-local-00660,32,0.6982087227414331,11.251873350143434,null_residual,,0.6982087227414331,m_times_B
ax4-local-00660,32,0.6982087227414331,11.251873350143434,present_renormalization,,1.3964174454828662,2m_times_B
ax4-local-00660,32,0.6982087227414331,11.251873350143434,shared_residual,0.25,0.17455218068535827,m_times_D_over_B
ax4-local-00660,32,0.6982087227414331,11.251873350143434,shared_residual,0.5,0.34910436137071654,m_times_D_over_B
ax4-local-00660,32,0.6982087227414331,11.251873350143434,shared_residual,1.0,0.6982087227414331,m_times_D_over_B
ax4-local-00660,32,0.6982087227414331,11.251873350143434,shared_residual,2.0,1.3964174454828662,m_times_D_over_B
ax4-local-00661,32,0.6982087227414331,11.251873350143434,null_residual,,0.6982087227414331,m_times_B
ax4-local-00661,32,0.6982087227414331,11.251873350143434,present_renormalization,,1.3964174454828662,2m_times_B
ax4-local-00661,32,0.6982087227414331,11.251873350143434,shared_residual,0.25,0.17455218068535827,m_times_D_over_B
ax4-local-00661,32,0.6982087227414331,11.251873350143434,shared_residual,0.5,0.34910436137071654,m_times_D_over_B
ax4-local-00661,32,0.6982087227414331,11.251873350143434,shared_residual,1.0,0.6982087227414331,m_times_D_over_B
ax4-local-00661,32,0.6982087227414331,11.251873350143434,shared_residual,2.0,1.3964174454828662,m_times_D_over_B
ax4-local-00662,32,0.4650602409638554,11.251873350143434,null_residual,,0.4650602409638554,m_times_B
ax4-local-00662,32,0.4650602409638554,11.251873350143434,present_renormalization,,0.9301204819277108,2m_times_B
ax4-local-00662,32,0.4650602409638554,11.251873350143434,shared_residual,0.25,0.11626506024096385,m_times_D_over_B
ax4-local-00662,32,0.4650602409638554,11.251873350143434,shared_residual,0.5,0.2325301204819277,m_times_D_over_B
ax4-local-00662,32,0.4650602409638554,11.251873350143434,shared_residual,1.0,0.4650602409638554,m_times_D_over_B
ax4-local-00662,32,0.4650602409638554,11.251873350143434,shared_residual,2.0,0.9301204819277108,m_times_D_over_B
ax4-local-00663,32,0.6982087227414331,11.251873350143434,null_residual,,0.6982087227414331,m_times_B
ax4-local-00663,32,0.6982087227414331,11.251873350143434,present_renormalization,,1.3964174454828662,2m_times_B
ax4-local-00663,32,0.6982087227414331,11.251873350143434,shared_residual,0.25,0.17455218068535827,m_times_D_over_B
ax4-local-00663,32,0.6982087227414331,11.251873350143434,shared_residual,0.5,0.34910436137071654,m_times_D_over_B
ax4-local-00663,32,0.6982087227414331,11.251873350143434,shared_residual,1.0,0.6982087227414331,m_times_D_over_B
ax4-local-00663,32,0.6982087227414331,11.251873350143434,shared_residual,2.0,1.3964174454828662,m_times_D_over_B
ax4-local-00664,32,0.6982087227414331,11.251873350143434,null_residual,,0.6982087227414331,m_times_B
ax4-local-00664,32,0.6982087227414331,11.251873350143434,present_renormalization,,1.3964174454828662,2m_times_B
ax4-local-00664,32,0.6982087227414331,11.251873350143434,shared_residual,0.25,0.17455218068535827,m_times_D_over_B
ax4-local-00664,32,0.6982087227414331,11.251873350143434,shared_residual,0.5,0.34910436137071654,m_times_D_over_B
ax4-local-00664,32,0.6982087227414331,11.251873350143434,shared_residual,1.0,0.6982087227414331,m_times_D_over_B
ax4-local-00664,32,0.6982087227414331,11.251873350143434,shared_residual,2.0,1.3964174454828662,m_times_D_over_B
ax4-local-00665,32,0.4650602409638554,11.251873350143434,null_residual,,0.4650602409638554,m_times_B
ax4-local-00665,32,0.4650602409638554,11.251873350143434,present_renormalization,,0.9301204819277108,2m_times_B
ax4-local-00665,32,0.4650602409638554,11.251873350143434,shared_residual,0.25,0.11626506024096385,m_times_D_over_B
ax4-local-00665,32,0.4650602409638554,11.251873350143434,shared_residual,0.5,0.2325301204819277,m_times_D_over_B
ax4-local-00665,32,0.4650602409638554,11.251873350143434,shared_residual,1.0,0.4650602409638554,m_times_D_over_B
ax4-local-00665,32,0.4650602409638554,11.251873350143434,shared_residual,2.0,0.9301204819277108,m_times_D_over_B
ax4-local-00666,32,0.18718801996672207,11.251873350143434,null_residual,,0.18718801996672207,m_times_B
ax4-local-00666,32,0.18718801996672207,11.251873350143434,present_renormalization,,0.37437603993344415,2m_times_B
ax4-local-00666,32,0.18718801996672207,11.251873350143434,shared_residual,0.25,0.04679700499168052,m_times_D_over_B
ax4-local-00666,32,0.18718801996672207,11.251873350143434,shared_residual,0.5,0.09359400998336104,m_times_D_over_B
ax4-local-00666,32,0.18718801996672207,11.251873350143434,shared_residual,1.0,0.18718801996672207,m_times_D_over_B
ax4-local-00666,32,0.18718801996672207,11.251873350143434,shared_residual,2.0,0.37437603993344415,m_times_D_over_B
ax4-local-00667,32,0.6982087227414331,11.251873350143434,null_residual,,0.6982087227414331,m_times_B
ax4-local-00667,32,0.6982087227414331,11.251873350143434,present_renormalization,,1.3964174454828662,2m_times_B
ax4-local-00667,32,0.6982087227414331,11.251873350143434,shared_residual,0.25,0.17455218068535827,m_times_D_over_B
ax4-local-00667,32,0.6982087227414331,11.251873350143434,shared_residual,0.5,0.34910436137071654,m_times_D_over_B
ax4-local-00667,32,0.6982087227414331,11.251873350143434,shared_residual,1.0,0.6982087227414331,m_times_D_over_B
ax4-local-00667,32,0.6982087227414331,11.251873350143434,shared_residual,2.0,1.3964174454828662,m_times_D_over_B
ax4-local-00668,32,0.4650602409638554,11.251873350143434,null_residual,,0.4650602409638554,m_times_B
ax4-local-00668,32,0.4650602409638554,11.251873350143434,present_renormalization,,0.9301204819277108,2m_times_B
ax4-local-00668,32,0.4650602409638554,11.251873350143434,shared_residual,0.25,0.11626506024096385,m_times_D_over_B
ax4-local-00668,32,0.4650602409638554,11.251873350143434,shared_residual,0.5,0.2325301204819277,m_times_D_over_B
ax4-local-00668,32,0.4650602409638554,11.251873350143434,shared_residual,1.0,0.4650602409638554,m_times_D_over_B
ax4-local-00668,32,0.4650602409638554,11.251873350143434,shared_residual,2.0,0.9301204819277108,m_times_D_over_B
ax4-local-00669,32,0.18718801996672207,11.251873350143434,null_residual,,0.18718801996672207,m_times_B
ax4-local-00669,32,0.18718801996672207,11.251873350143434,present_renormalization,,0.37437603993344415,2m_times_B
ax4-local-00669,32,0.18718801996672207,11.251873350143434,shared_residual,0.25,0.04679700499168052,m_times_D_over_B
ax4-local-00669,32,0.18718801996672207,11.251873350143434,shared_residual,0.5,0.09359400998336104,m_times_D_over_B
ax4-local-00669,32,0.18718801996672207,11.251873350143434,shared_residual,1.0,0.18718801996672207,m_times_D_over_B
ax4-local-00669,32,0.18718801996672207,11.251873350143434,shared_residual,2.0,0.37437603993344415,m_times_D_over_B
ax4-local-00670,32,1.3877787807814457e-16,11.251873350143434,null_residual,,1.3877787807814457e-16,m_times_B
ax4-local-00670,32,1.3877787807814457e-16,11.251873350143434,present_renormalization,,2.7755575615628914e-16,2m_times_B
ax4-local-00670,32,1.3877787807814457e-16,11.251873350143434,shared_residual,0.25,3.469446951953614e-17,m_times_D_over_B
ax4-local-00670,32,1.3877787807814457e-16,11.251873350143434,shared_residual,0.5,6.938893903907228e-17,m_times_D_over_B
ax4-local-00670,32,1.3877787807814457e-16,11.251873350143434,shared_residual,1.0,1.3877787807814457e-16,m_times_D_over_B
ax4-local-00670,32,1.3877787807814457e-16,11.251873350143434,shared_residual,2.0,2.7755575615628914e-16,m_times_D_over_B
ax4-local-00671,32,0.6982087227414331,11.251873350143434,null_residual,,0.6982087227414331,m_times_B
ax4-local-00671,32,0.6982087227414331,11.251873350143434,present_renormalization,,1.3964174454828662,2m_times_B
ax4-local-00671,32,0.6982087227414331,11.251873350143434,shared_residual,0.25,0.17455218068535827,m_times_D_over_B
ax4-local-00671,32,0.6982087227414331,11.251873350143434,shared_residual,0.5,0.34910436137071654,m_times_D_over_B
ax4-local-00671,32,0.6982087227414331,11.251873350143434,shared_residual,1.0,0.6982087227414331,m_times_D_over_B
ax4-local-00671,32,0.6982087227414331,11.251873350143434,shared_residual,2.0,1.3964174454828662,m_times_D_over_B
ax4-local-00672,32,0.18718801996672207,11.251873350143434,null_residual,,0.18718801996672207,m_times_B
ax4-local-00672,32,0.18718801996672207,11.251873350143434,present_renormalization,,0.37437603993344415,2m_times_B
ax4-local-00672,32,0.18718801996672207,11.251873350143434,shared_residual,0.25,0.04679700499168052,m_times_D_over_B
ax4-local-00672,32,0.18718801996672207,11.251873350143434,shared_residual,0.5,0.09359400998336104,m_times_D_over_B
ax4-local-00672,32,0.18718801996672207,11.251873350143434,shared_residual,1.0,0.18718801996672207,m_times_D_over_B
ax4-local-00672,32,0.18718801996672207,11.251873350143434,shared_residual,2.0,0.37437603993344415,m_times_D_over_B
ax4-local-00673,32,1.3877787807814457e-16,11.251873350143434,null_residual,,1.3877787807814457e-16,m_times_B
ax4-local-00673,32,1.3877787807814457e-16,11.251873350143434,present_renormalization,,2.7755575615628914e-16,2m_times_B
ax4-local-00673,32,1.3877787807814457e-16,11.251873350143434,shared_residual,0.25,3.469446951953614e-17,m_times_D_over_B
ax4-local-00673,32,1.3877787807814457e-16,11.251873350143434,shared_residual,0.5,6.938893903907228e-17,m_times_D_over_B
ax4-local-00673,32,1.3877787807814457e-16,11.251873350143434,shared_residual,1.0,1.3877787807814457e-16,m_times_D_over_B
ax4-local-00673,32,1.3877787807814457e-16,11.251873350143434,shared_residual,2.0,2.7755575615628914e-16,m_times_D_over_B
ax4-local-00674,32,1.3877787807814457e-16,11.251873350143434,null_residual,,1.3877787807814457e-16,m_times_B
ax4-local-00674,32,1.3877787807814457e-16,11.251873350143434,present_renormalization,,2.7755575615628914e-16,2m_times_B
ax4-local-00674,32,1.3877787807814457e-16,11.251873350143434,shared_residual,0.25,3.469446951953614e-17,m_times_D_over_B
ax4-local-00674,32,1.3877787807814457e-16,11.251873350143434,shared_residual,0.5,6.938893903907228e-17,m_times_D_over_B
ax4-local-00674,32,1.3877787807814457e-16,11.251873350143434,shared_residual,1.0,1.3877787807814457e-16,m_times_D_over_B
ax4-local-00674,32,1.3877787807814457e-16,11.251873350143434,shared_residual,2.0,2.7755575615628914e-16,m_times_D_over_B
ax4-local-00675,32,0.6982087227414331,11.251873350143434,null_residual,,0.6982087227414331,m_times_B
ax4-local-00675,32,0.6982087227414331,11.251873350143434,present_renormalization,,1.3964174454828662,2m_times_B
ax4-local-00675,32,0.6982087227414331,11.251873350143434,shared_residual,0.25,0.17455218068535827,m_times_D_over_B
ax4-local-00675,32,0.6982087227414331,11.251873350143434,shared_residual,0.5,0.34910436137071654,m_times_D_over_B
ax4-local-00675,32,0.6982087227414331,11.251873350143434,shared_residual,1.0,0.6982087227414331,m_times_D_over_B
ax4-local-00675,32,0.6982087227414331,11.251873350143434,shared_residual,2.0,1.3964174454828662,m_times_D_over_B
ax4-local-00676,32,0.6982087227414331,11.251873350143434,null_residual,,0.6982087227414331,m_times_B
ax4-local-00676,32,0.6982087227414331,11.251873350143434,present_renormalization,,1.3964174454828662,2m_times_B
ax4-local-00676,32,0.6982087227414331,11.251873350143434,shared_residual,0.25,0.17455218068535827,m_times_D_over_B
ax4-local-00676,32,0.6982087227414331,11.251873350143434,shared_residual,0.5,0.34910436137071654,m_times_D_over_B
ax4-local-00676,32,0.6982087227414331,11.251873350143434,shared_residual,1.0,0.6982087227414331,m_times_D_over_B
ax4-local-00676,32,0.6982087227414331,11.251873350143434,shared_residual,2.0,1.3964174454828662,m_times_D_over_B
ax4-local-00677,32,0.6982087227414331,11.251873350143434,null_residual,,0.6982087227414331,m_times_B
ax4-local-00677,32,0.6982087227414331,11.251873350143434,present_renormalization,,1.3964174454828662,2m_times_B
ax4-local-00677,32,0.6982087227414331,11.251873350143434,shared_residual,0.25,0.17455218068535827,m_times_D_over_B
ax4-local-00677,32,0.6982087227414331,11.251873350143434,shared_residual,0.5,0.34910436137071654,m_times_D_over_B
ax4-local-00677,32,0.6982087227414331,11.251873350143434,shared_residual,1.0,0.6982087227414331,m_times_D_over_B
ax4-local-00677,32,0.6982087227414331,11.251873350143434,shared_residual,2.0,1.3964174454828662,m_times_D_over_B
ax4-local-00678,32,0.6987083208170621,11.251873350143434,null_residual,,0.6987083208170621,m_times_B
ax4-local-00678,32,0.6987083208170621,11.251873350143434,present_renormalization,,1.3974166416341243,2m_times_B
ax4-local-00678,32,0.6987083208170621,11.251873350143434,shared_residual,0.25,0.17467708020426553,m_times_D_over_B
ax4-local-00678,32,0.6987083208170621,11.251873350143434,shared_residual,0.5,0.34935416040853107,m_times_D_over_B
ax4-local-00678,32,0.6987083208170621,11.251873350143434,shared_residual,1.0,0.6987083208170621,m_times_D_over_B
ax4-local-00678,32,0.6987083208170621,11.251873350143434,shared_residual,2.0,1.3974166416341243,m_times_D_over_B
ax4-local-00679,32,0.7019512195121951,11.251873350143434,null_residual,,0.7019512195121951,m_times_B
ax4-local-00679,32,0.7019512195121951,11.251873350143434,present_renormalization,,1.4039024390243902,2m_times_B
ax4-local-00679,32,0.7019512195121951,11.251873350143434,shared_residual,0.25,0.17548780487804877,m_times_D_over_B
ax4-local-00679,32,0.7019512195121951,11.251873350143434,shared_residual,0.5,0.35097560975609754,m_times_D_over_B
ax4-local-00679,32,0.7019512195121951,11.251873350143434,shared_residual,1.0,0.7019512195121951,m_times_D_over_B
ax4-local-00679,32,0.7019512195121951,11.251873350143434,shared_residual,2.0,1.4039024390243902,m_times_D_over_B
ax4-local-00680,32,0.735,11.251873350143434,null_residual,,0.735,m_times_B
ax4-local-00680,32,0.735,11.251873350143434,present_renormalization,,1.47,2m_times_B
ax4-local-00680,32,0.735,11.251873350143434,shared_residual,0.25,0.18375,m_times_D_over_B
ax4-local-00680,32,0.735,11.251873350143434,shared_residual,0.5,0.3675,m_times_D_over_B
ax4-local-00680,32,0.735,11.251873350143434,shared_residual,1.0,0.735,m_times_D_over_B
ax4-local-00680,32,0.735,11.251873350143434,shared_residual,2.0,1.47,m_times_D_over_B
ax4-local-00681,32,0.6982229402261713,11.251873350143434,null_residual,,0.6982229402261713,m_times_B
ax4-local-00681,32,0.6982229402261713,11.251873350143434,present_renormalization,,1.3964458804523425,2m_times_B
ax4-local-00681,32,0.6982229402261713,11.251873350143434,shared_residual,0.25,0.17455573505654282,m_times_D_over_B
ax4-local-00681,32,0.6982229402261713,11.251873350143434,shared_residual,0.5,0.34911147011308563,m_times_D_over_B
ax4-local-00681,32,0.6982229402261713,11.251873350143434,shared_residual,1.0,0.6982229402261713,m_times_D_over_B
ax4-local-00681,32,0.6982229402261713,11.251873350143434,shared_residual,2.0,1.3964458804523425,m_times_D_over_B
ax4-local-00682,32,0.7205623901581723,11.251873350143434,null_residual,,0.7205623901581723,m_times_B
ax4-local-00682,32,0.7205623901581723,11.251873350143434,present_renormalization,,1.4411247803163445,2m_times_B
ax4-local-00682,32,0.7205623901581723,11.251873350143434,shared_residual,0.25,0.18014059753954306,m_times_D_over_B
ax4-local-00682,32,0.7205623901581723,11.251873350143434,shared_residual,0.5,0.3602811950790861,m_times_D_over_B
ax4-local-00682,32,0.7205623901581723,11.251873350143434,shared_residual,1.0,0.7205623901581723,m_times_D_over_B
ax4-local-00682,32,0.7205623901581723,11.251873350143434,shared_residual,2.0,1.4411247803163445,m_times_D_over_B
ax4-local-00683,32,0.826278984173721,11.251873350143434,null_residual,,0.826278984173721,m_times_B
ax4-local-00683,32,0.826278984173721,11.251873350143434,present_renormalization,,1.652557968347442,2m_times_B
ax4-local-00683,32,0.826278984173721,11.251873350143434,shared_residual,0.25,0.20656974604343026,m_times_D_over_B
ax4-local-00683,32,0.826278984173721,11.251873350143434,shared_residual,0.5,0.4131394920868605,m_times_D_over_B
ax4-local-00683,32,0.826278984173721,11.251873350143434,shared_residual,1.0,0.826278984173721,m_times_D_over_B
ax4-local-00683,32,0.826278984173721,11.251873350143434,shared_residual,2.0,1.652557968347442,m_times_D_over_B
ax4-local-00684,32,0.8477141992128367,11.251873350143434,null_residual,,0.8477141992128367,m_times_B
ax4-local-00684,32,0.8477141992128367,11.251873350143434,present_renormalization,,1.6954283984256735,2m_times_B
ax4-local-00684,32,0.8477141992128367,11.251873350143434,shared_residual,0.25,0.2119285498032092,m_times_D_over_B
ax4-local-00684,32,0.8477141992128367,11.251873350143434,shared_residual,0.5,0.4238570996064184,m_times_D_over_B
ax4-local-00684,32,0.8477141992128367,11.251873350143434,shared_residual,1.0,0.8477141992128367,m_times_D_over_B
ax4-local-00684,32,0.8477141992128367,11.251873350143434,shared_residual,2.0,1.6954283984256735,m_times_D_over_B
ax4-local-00685,32,0.6982087227414331,11.251873350143434,null_residual,,0.6982087227414331,m_times_B
ax4-local-00685,32,0.6982087227414331,11.251873350143434,present_renormalization,,1.3964174454828662,2m_times_B
ax4-local-00685,32,0.6982087227414331,11.251873350143434,shared_residual,0.25,0.17455218068535827,m_times_D_over_B
ax4-local-00685,32,0.6982087227414331,11.251873350143434,shared_residual,0.5,0.34910436137071654,m_times_D_over_B
ax4-local-00685,32,0.6982087227414331,11.251873350143434,shared_residual,1.0,0.6982087227414331,m_times_D_over_B
ax4-local-00685,32,0.6982087227414331,11.251873350143434,shared_residual,2.0,1.3964174454828662,m_times_D_over_B
ax4-local-00686,32,0.6982087227414331,11.251873350143434,null_residual,,0.6982087227414331,m_times_B
ax4-local-00686,32,0.6982087227414331,11.251873350143434,present_renormalization,,1.3964174454828662,2m_times_B
ax4-local-00686,32,0.6982087227414331,11.251873350143434,shared_residual,0.25,0.17455218068535827,m_times_D_over_B
ax4-local-00686,32,0.6982087227414331,11.251873350143434,shared_residual,0.5,0.34910436137071654,m_times_D_over_B
ax4-local-00686,32,0.6982087227414331,11.251873350143434,shared_residual,1.0,0.6982087227414331,m_times_D_over_B
ax4-local-00686,32,0.6982087227414331,11.251873350143434,shared_residual,2.0,1.3964174454828662,m_times_D_over_B
ax4-local-00687,32,0.6982087227414331,11.251873350143434,null_residual,,0.6982087227414331,m_times_B
ax4-local-00687,32,0.6982087227414331,11.251873350143434,present_renormalization,,1.3964174454828662,2m_times_B
ax4-local-00687,32,0.6982087227414331,11.251873350143434,shared_residual,0.25,0.17455218068535827,m_times_D_over_B
ax4-local-00687,32,0.6982087227414331,11.251873350143434,shared_residual,0.5,0.34910436137071654,m_times_D_over_B
ax4-local-00687,32,0.6982087227414331,11.251873350143434,shared_residual,1.0,0.6982087227414331,m_times_D_over_B
ax4-local-00687,32,0.6982087227414331,11.251873350143434,shared_residual,2.0,1.3964174454828662,m_times_D_over_B
ax4-local-00688,32,0.6982087227414331,11.251873350143434,null_residual,,0.6982087227414331,m_times_B
ax4-local-00688,32,0.6982087227414331,11.251873350143434,present_renormalization,,1.3964174454828662,2m_times_B
ax4-local-00688,32,0.6982087227414331,11.251873350143434,shared_residual,0.25,0.17455218068535827,m_times_D_over_B
ax4-local-00688,32,0.6982087227414331,11.251873350143434,shared_residual,0.5,0.34910436137071654,m_times_D_over_B
ax4-local-00688,32,0.6982087227414331,11.251873350143434,shared_residual,1.0,0.6982087227414331,m_times_D_over_B
ax4-local-00688,32,0.6982087227414331,11.251873350143434,shared_residual,2.0,1.3964174454828662,m_times_D_over_B
ax4-local-00689,32,0.6982087227414331,11.251873350143434,null_residual,,0.6982087227414331,m_times_B
ax4-local-00689,32,0.6982087227414331,11.251873350143434,present_renormalization,,1.3964174454828662,2m_times_B
ax4-local-00689,32,0.6982087227414331,11.251873350143434,shared_residual,0.25,0.17455218068535827,m_times_D_over_B
ax4-local-00689,32,0.6982087227414331,11.251873350143434,shared_residual,0.5,0.34910436137071654,m_times_D_over_B
ax4-local-00689,32,0.6982087227414331,11.251873350143434,shared_residual,1.0,0.6982087227414331,m_times_D_over_B
ax4-local-00689,32,0.6982087227414331,11.251873350143434,shared_residual,2.0,1.3964174454828662,m_times_D_over_B
ax4-local-00690,32,0.6985203452527744,11.251873350143434,null_residual,,0.6985203452527744,m_times_B
ax4-local-00690,32,0.6985203452527744,11.251873350143434,present_renormalization,,1.3970406905055488,2m_times_B
ax4-local-00690,32,0.6985203452527744,11.251873350143434,shared_residual,0.25,0.1746300863131936,m_times_D_over_B
ax4-local-00690,32,0.6985203452527744,11.251873350143434,shared_residual,0.5,0.3492601726263872,m_times_D_over_B
ax4-local-00690,32,0.6985203452527744,11.251873350143434,shared_residual,1.0,0.6985203452527744,m_times_D_over_B
ax4-local-00690,32,0.6985203452527744,11.251873350143434,shared_residual,2.0,1.3970406905055488,m_times_D_over_B
ax4-local-00691,32,0.7018791264601321,11.251873350143434,null_residual,,0.7018791264601321,m_times_B
ax4-local-00691,32,0.7018791264601321,11.251873350143434,present_renormalization,,1.4037582529202641,2m_times_B
ax4-local-00691,32,0.7018791264601321,11.251873350143434,shared_residual,0.25,0.17546978161503302,m_times_D_over_B
ax4-local-00691,32,0.7018791264601321,11.251873350143434,shared_residual,0.5,0.35093956323006603,m_times_D_over_B
ax4-local-00691,32,0.7018791264601321,11.251873350143434,shared_residual,1.0,0.7018791264601321,m_times_D_over_B
ax4-local-00691,32,0.7018791264601321,11.251873350143434,shared_residual,2.0,1.4037582529202641,m_times_D_over_B
ax4-local-00692,32,0.7365319865319866,11.251873350143434,null_residual,,0.7365319865319866,m_times_B
ax4-local-00692,32,0.7365319865319866,11.251873350143434,present_renormalization,,1.4730639730639732,2m_times_B
ax4-local-00692,32,0.7365319865319866,11.251873350143434,shared_residual,0.25,0.18413299663299665,m_times_D_over_B
ax4-local-00692,32,0.7365319865319866,11.251873350143434,shared_residual,0.5,0.3682659932659933,m_times_D_over_B
ax4-local-00692,32,0.7365319865319866,11.251873350143434,shared_residual,1.0,0.7365319865319866,m_times_D_over_B
ax4-local-00692,32,0.7365319865319866,11.251873350143434,shared_residual,2.0,1.4730639730639732,m_times_D_over_B
ax4-local-00693,32,0.7285418821096175,11.251873350143434,null_residual,,0.7285418821096175,m_times_B
ax4-local-00693,32,0.7285418821096175,11.251873350143434,present_renormalization,,1.457083764219235,2m_times_B
ax4-local-00693,32,0.7285418821096175,11.251873350143434,shared_residual,0.25,0.18213547052740436,m_times_D_over_B
ax4-local-00693,32,0.7285418821096175,11.251873350143434,shared_residual,0.5,0.36427094105480873,m_times_D_over_B
ax4-local-00693,32,0.7285418821096175,11.251873350143434,shared_residual,1.0,0.7285418821096175,m_times_D_over_B
ax4-local-00693,32,0.7285418821096175,11.251873350143434,shared_residual,2.0,1.457083764219235,m_times_D_over_B
ax4-local-00694,32,0.7285657842749902,11.251873350143434,null_residual,,0.7285657842749902,m_times_B
ax4-local-00694,32,0.7285657842749902,11.251873350143434,present_renormalization,,1.4571315685499804,2m_times_B
ax4-local-00694,32,0.7285657842749902,11.251873350143434,shared_residual,0.25,0.18214144606874755,m_times_D_over_B
ax4-local-00694,32,0.7285657842749902,11.251873350143434,shared_residual,0.5,0.3642828921374951,m_times_D_over_B
ax4-local-00694,32,0.7285657842749902,11.251873350143434,shared_residual,1.0,0.7285657842749902,m_times_D_over_B
ax4-local-00694,32,0.7285657842749902,11.251873350143434,shared_residual,2.0,1.4571315685499804,m_times_D_over_B
ax4-local-00695,32,0.7417498081350729,11.251873350143434,null_residual,,0.7417498081350729,m_times_B
ax4-local-00695,32,0.7417498081350729,11.251873350143434,present_renormalization,,1.4834996162701457,2m_times_B
ax4-local-00695,32,0.7417498081350729,11.251873350143434,shared_residual,0.25,0.1854374520337682,m_times_D_over_B
ax4-local-00695,32,0.7417498081350729,11.251873350143434,shared_residual,0.5,0.3708749040675364,m_times_D_over_B
ax4-local-00695,32,0.7417498081350729,11.251873350143434,shared_residual,1.0,0.7417498081350729,m_times_D_over_B
ax4-local-00695,32,0.7417498081350729,11.251873350143434,shared_residual,2.0,1.4834996162701457,m_times_D_over_B
ax4-local-00696,32,0.8477141992128367,11.251873350143434,null_residual,,0.8477141992128367,m_times_B
ax4-local-00696,32,0.8477141992128367,11.251873350143434,present_renormalization,,1.6954283984256735,2m_times_B
ax4-local-00696,32,0.8477141992128367,11.251873350143434,shared_residual,0.25,0.2119285498032092,m_times_D_over_B
ax4-local-00696,32,0.8477141992128367,11.251873350143434,shared_residual,0.5,0.4238570996064184,m_times_D_over_B
ax4-local-00696,32,0.8477141992128367,11.251873350143434,shared_residual,1.0,0.8477141992128367,m_times_D_over_B
ax4-local-00696,32,0.8477141992128367,11.251873350143434,shared_residual,2.0,1.6954283984256735,m_times_D_over_B
ax4-local-00697,32,0.7281896116994453,11.251873350143434,null_residual,,0.7281896116994453,m_times_B
ax4-local-00697,32,0.7281896116994453,11.251873350143434,present_renormalization,,1.4563792233988906,2m_times_B
ax4-local-00697,32,0.7281896116994453,11.251873350143434,shared_residual,0.25,0.18204740292486132,m_times_D_over_B
ax4-local-00697,32,0.7281896116994453,11.251873350143434,shared_residual,0.5,0.36409480584972265,m_times_D_over_B
ax4-local-00697,32,0.7281896116994453,11.251873350143434,shared_residual,1.0,0.7281896116994453,m_times_D_over_B
ax4-local-00697,32,0.7281896116994453,11.251873350143434,shared_residual,2.0,1.4563792233988906,m_times_D_over_B
ax4-local-00698,32,0.7281896116994453,11.251873350143434,null_residual,,0.7281896116994453,m_times_B
ax4-local-00698,32,0.7281896116994453,11.251873350143434,present_renormalization,,1.4563792233988906,2m_times_B
ax4-local-00698,32,0.7281896116994453,11.251873350143434,shared_residual,0.25,0.18204740292486132,m_times_D_over_B
ax4-local-00698,32,0.7281896116994453,11.251873350143434,shared_residual,0.5,0.36409480584972265,m_times_D_over_B
ax4-local-00698,32,0.7281896116994453,11.251873350143434,shared_residual,1.0,0.7281896116994453,m_times_D_over_B
ax4-local-00698,32,0.7281896116994453,11.251873350143434,shared_residual,2.0,1.4563792233988906,m_times_D_over_B
ax4-local-00699,32,0.7281896116994453,11.251873350143434,null_residual,,0.7281896116994453,m_times_B
ax4-local-00699,32,0.7281896116994453,11.251873350143434,present_renormalization,,1.4563792233988906,2m_times_B
ax4-local-00699,32,0.7281896116994453,11.251873350143434,shared_residual,0.25,0.18204740292486132,m_times_D_over_B
ax4-local-00699,32,0.7281896116994453,11.251873350143434,shared_residual,0.5,0.36409480584972265,m_times_D_over_B
ax4-local-00699,32,0.7281896116994453,11.251873350143434,shared_residual,1.0,0.7281896116994453,m_times_D_over_B
ax4-local-00699,32,0.7281896116994453,11.251873350143434,shared_residual,2.0,1.4563792233988906,m_times_D_over_B
ax4-local-00700,32,0.7281896116994453,11.251873350143434,null_residual,,0.7281896116994453,m_times_B
ax4-local-00700,32,0.7281896116994453,11.251873350143434,present_renormalization,,1.4563792233988906,2m_times_B
ax4-local-00700,32,0.7281896116994453,11.251873350143434,shared_residual,0.25,0.18204740292486132,m_times_D_over_B
ax4-local-00700,32,0.7281896116994453,11.251873350143434,shared_residual,0.5,0.36409480584972265,m_times_D_over_B
ax4-local-00700,32,0.7281896116994453,11.251873350143434,shared_residual,1.0,0.7281896116994453,m_times_D_over_B
ax4-local-00700,32,0.7281896116994453,11.251873350143434,shared_residual,2.0,1.4563792233988906,m_times_D_over_B
ax4-local-00701,32,0.728382502543235,11.251873350143434,null_residual,,0.728382502543235,m_times_B
ax4-local-00701,32,0.728382502543235,11.251873350143434,present_renormalization,,1.45676500508647,2m_times_B
ax4-local-00701,32,0.728382502543235,11.251873350143434,shared_residual,0.25,0.18209562563580875,m_times_D_over_B
ax4-local-00701,32,0.728382502543235,11.251873350143434,shared_residual,0.5,0.3641912512716175,m_times_D_over_B
ax4-local-00701,32,0.728382502543235,11.251873350143434,shared_residual,1.0,0.728382502543235,m_times_D_over_B
ax4-local-00701,32,0.728382502543235,11.251873350143434,shared_residual,2.0,1.45676500508647,m_times_D_over_B
ax4-local-00702,32,0.728382502543235,11.251873350143434,null_residual,,0.728382502543235,m_times_B
ax4-local-00702,32,0.728382502543235,11.251873350143434,present_renormalization,,1.45676500508647,2m_times_B
ax4-local-00702,32,0.728382502543235,11.251873350143434,shared_residual,0.25,0.18209562563580875,m_times_D_over_B
ax4-local-00702,32,0.728382502543235,11.251873350143434,shared_residual,0.5,0.3641912512716175,m_times_D_over_B
ax4-local-00702,32,0.728382502543235,11.251873350143434,shared_residual,1.0,0.728382502543235,m_times_D_over_B
ax4-local-00702,32,0.728382502543235,11.251873350143434,shared_residual,2.0,1.45676500508647,m_times_D_over_B
ax4-local-00703,32,0.728382502543235,11.251873350143434,null_residual,,0.728382502543235,m_times_B
ax4-local-00703,32,0.728382502543235,11.251873350143434,present_renormalization,,1.45676500508647,2m_times_B
ax4-local-00703,32,0.728382502543235,11.251873350143434,shared_residual,0.25,0.18209562563580875,m_times_D_over_B
ax4-local-00703,32,0.728382502543235,11.251873350143434,shared_residual,0.5,0.3641912512716175,m_times_D_over_B
ax4-local-00703,32,0.728382502543235,11.251873350143434,shared_residual,1.0,0.728382502543235,m_times_D_over_B
ax4-local-00703,32,0.728382502543235,11.251873350143434,shared_residual,2.0,1.45676500508647,m_times_D_over_B
ax4-local-00704,32,0.7346368715083799,11.251873350143434,null_residual,,0.7346368715083799,m_times_B
ax4-local-00704,32,0.7346368715083799,11.251873350143434,present_renormalization,,1.4692737430167597,2m_times_B
ax4-local-00704,32,0.7346368715083799,11.251873350143434,shared_residual,0.25,0.18365921787709497,m_times_D_over_B
ax4-local-00704,32,0.7346368715083799,11.251873350143434,shared_residual,0.5,0.36731843575418993,m_times_D_over_B
ax4-local-00704,32,0.7346368715083799,11.251873350143434,shared_residual,1.0,0.7346368715083799,m_times_D_over_B
ax4-local-00704,32,0.7346368715083799,11.251873350143434,shared_residual,2.0,1.4692737430167597,m_times_D_over_B
ax4-local-00705,32,0.728382502543235,11.251873350143434,null_residual,,0.728382502543235,m_times_B
ax4-local-00705,32,0.728382502543235,11.251873350143434,present_renormalization,,1.45676500508647,2m_times_B
ax4-local-00705,32,0.728382502543235,11.251873350143434,shared_residual,0.25,0.18209562563580875,m_times_D_over_B
ax4-local-00705,32,0.728382502543235,11.251873350143434,shared_residual,0.5,0.3641912512716175,m_times_D_over_B
ax4-local-00705,32,0.728382502543235,11.251873350143434,shared_residual,1.0,0.728382502543235,m_times_D_over_B
ax4-local-00705,32,0.728382502543235,11.251873350143434,shared_residual,2.0,1.45676500508647,m_times_D_over_B
ax4-local-00706,32,0.7284539909838239,11.251873350143434,null_residual,,0.7284539909838239,m_times_B
ax4-local-00706,32,0.7284539909838239,11.251873350143434,present_renormalization,,1.4569079819676478,2m_times_B
ax4-local-00706,32,0.7284539909838239,11.251873350143434,shared_residual,0.25,0.18211349774595598,m_times_D_over_B
ax4-local-00706,32,0.7284539909838239,11.251873350143434,shared_residual,0.5,0.36422699549191195,m_times_D_over_B
ax4-local-00706,32,0.7284539909838239,11.251873350143434,shared_residual,1.0,0.7284539909838239,m_times_D_over_B
ax4-local-00706,32,0.7284539909838239,11.251873350143434,shared_residual,2.0,1.4569079819676478,m_times_D_over_B
ax4-local-00707,32,0.7427215189873417,11.251873350143434,null_residual,,0.7427215189873417,m_times_B
ax4-local-00707,32,0.7427215189873417,11.251873350143434,present_renormalization,,1.4854430379746835,2m_times_B
ax4-local-00707,32,0.7427215189873417,11.251873350143434,shared_residual,0.25,0.18568037974683543,m_times_D_over_B
ax4-local-00707,32,0.7427215189873417,11.251873350143434,shared_residual,0.5,0.37136075949367087,m_times_D_over_B
ax4-local-00707,32,0.7427215189873417,11.251873350143434,shared_residual,1.0,0.7427215189873417,m_times_D_over_B
ax4-local-00707,32,0.7427215189873417,11.251873350143434,shared_residual,2.0,1.4854430379746835,m_times_D_over_B
ax4-local-00708,32,0.8477141992128367,11.251873350143434,null_residual,,0.8477141992128367,m_times_B
ax4-local-00708,32,0.8477141992128367,11.251873350143434,present_renormalization,,1.6954283984256735,2m_times_B
ax4-local-00708,32,0.8477141992128367,11.251873350143434,shared_residual,0.25,0.2119285498032092,m_times_D_over_B
ax4-local-00708,32,0.8477141992128367,11.251873350143434,shared_residual,0.5,0.4238570996064184,m_times_D_over_B
ax4-local-00708,32,0.8477141992128367,11.251873350143434,shared_residual,1.0,0.8477141992128367,m_times_D_over_B
ax4-local-00708,32,0.8477141992128367,11.251873350143434,shared_residual,2.0,1.6954283984256735,m_times_D_over_B
ax4-local-00709,32,0.7281896116994453,11.251873350143434,null_residual,,0.7281896116994453,m_times_B
ax4-local-00709,32,0.7281896116994453,11.251873350143434,present_renormalization,,1.4563792233988906,2m_times_B
ax4-local-00709,32,0.7281896116994453,11.251873350143434,shared_residual,0.25,0.18204740292486132,m_times_D_over_B
ax4-local-00709,32,0.7281896116994453,11.251873350143434,shared_residual,0.5,0.36409480584972265,m_times_D_over_B
ax4-local-00709,32,0.7281896116994453,11.251873350143434,shared_residual,1.0,0.7281896116994453,m_times_D_over_B
ax4-local-00709,32,0.7281896116994453,11.251873350143434,shared_residual,2.0,1.4563792233988906,m_times_D_over_B
ax4-local-00710,32,0.7281896116994453,11.251873350143434,null_residual,,0.7281896116994453,m_times_B
ax4-local-00710,32,0.7281896116994453,11.251873350143434,present_renormalization,,1.4563792233988906,2m_times_B
ax4-local-00710,32,0.7281896116994453,11.251873350143434,shared_residual,0.25,0.18204740292486132,m_times_D_over_B
ax4-local-00710,32,0.7281896116994453,11.251873350143434,shared_residual,0.5,0.36409480584972265,m_times_D_over_B
ax4-local-00710,32,0.7281896116994453,11.251873350143434,shared_residual,1.0,0.7281896116994453,m_times_D_over_B
ax4-local-00710,32,0.7281896116994453,11.251873350143434,shared_residual,2.0,1.4563792233988906,m_times_D_over_B
ax4-local-00711,32,0.7281896116994453,11.251873350143434,null_residual,,0.7281896116994453,m_times_B
ax4-local-00711,32,0.7281896116994453,11.251873350143434,present_renormalization,,1.4563792233988906,2m_times_B
ax4-local-00711,32,0.7281896116994453,11.251873350143434,shared_residual,0.25,0.18204740292486132,m_times_D_over_B
ax4-local-00711,32,0.7281896116994453,11.251873350143434,shared_residual,0.5,0.36409480584972265,m_times_D_over_B
ax4-local-00711,32,0.7281896116994453,11.251873350143434,shared_residual,1.0,0.7281896116994453,m_times_D_over_B
ax4-local-00711,32,0.7281896116994453,11.251873350143434,shared_residual,2.0,1.4563792233988906,m_times_D_over_B
ax4-local-00712,32,0.7281896116994453,11.251873350143434,null_residual,,0.7281896116994453,m_times_B
ax4-local-00712,32,0.7281896116994453,11.251873350143434,present_renormalization,,1.4563792233988906,2m_times_B
ax4-local-00712,32,0.7281896116994453,11.251873350143434,shared_residual,0.25,0.18204740292486132,m_times_D_over_B
ax4-local-00712,32,0.7281896116994453,11.251873350143434,shared_residual,0.5,0.36409480584972265,m_times_D_over_B
ax4-local-00712,32,0.7281896116994453,11.251873350143434,shared_residual,1.0,0.7281896116994453,m_times_D_over_B
ax4-local-00712,32,0.7281896116994453,11.251873350143434,shared_residual,2.0,1.4563792233988906,m_times_D_over_B
ax4-local-00713,32,0.728278915329275,11.251873350143434,null_residual,,0.728278915329275,m_times_B
ax4-local-00713,32,0.728278915329275,11.251873350143434,present_renormalization,,1.45655783065855,2m_times_B
ax4-local-00713,32,0.728278915329275,11.251873350143434,shared_residual,0.25,0.18206972883231876,m_times_D_over_B
ax4-local-00713,32,0.728278915329275,11.251873350143434,shared_residual,0.5,0.3641394576646375,m_times_D_over_B
ax4-local-00713,32,0.728278915329275,11.251873350143434,shared_residual,1.0,0.728278915329275,m_times_D_over_B
ax4-local-00713,32,0.728278915329275,11.251873350143434,shared_residual,2.0,1.45655783065855,m_times_D_over_B
ax4-local-00714,32,0.728278915329275,11.251873350143434,null_residual,,0.728278915329275,m_times_B
ax4-local-00714,32,0.728278915329275,11.251873350143434,present_renormalization,,1.45655783065855,2m_times_B
ax4-local-00714,32,0.728278915329275,11.251873350143434,shared_residual,0.25,0.18206972883231876,m_times_D_over_B
ax4-local-00714,32,0.728278915329275,11.251873350143434,shared_residual,0.5,0.3641394576646375,m_times_D_over_B
ax4-local-00714,32,0.728278915329275,11.251873350143434,shared_residual,1.0,0.728278915329275,m_times_D_over_B
ax4-local-00714,32,0.728278915329275,11.251873350143434,shared_residual,2.0,1.45655783065855,m_times_D_over_B
ax4-local-00715,32,0.728382502543235,11.251873350143434,null_residual,,0.728382502543235,m_times_B
ax4-local-00715,32,0.728382502543235,11.251873350143434,present_renormalization,,1.45676500508647,2m_times_B
ax4-local-00715,32,0.728382502543235,11.251873350143434,shared_residual,0.25,0.18209562563580875,m_times_D_over_B
ax4-local-00715,32,0.728382502543235,11.251873350143434,shared_residual,0.5,0.3641912512716175,m_times_D_over_B
ax4-local-00715,32,0.728382502543235,11.251873350143434,shared_residual,1.0,0.728382502543235,m_times_D_over_B
ax4-local-00715,32,0.728382502543235,11.251873350143434,shared_residual,2.0,1.45676500508647,m_times_D_over_B
ax4-local-00716,32,0.7346368715083799,11.251873350143434,null_residual,,0.7346368715083799,m_times_B
ax4-local-00716,32,0.7346368715083799,11.251873350143434,present_renormalization,,1.4692737430167597,2m_times_B
ax4-local-00716,32,0.7346368715083799,11.251873350143434,shared_residual,0.25,0.18365921787709497,m_times_D_over_B
ax4-local-00716,32,0.7346368715083799,11.251873350143434,shared_residual,0.5,0.36731843575418993,m_times_D_over_B
ax4-local-00716,32,0.7346368715083799,11.251873350143434,shared_residual,1.0,0.7346368715083799,m_times_D_over_B
ax4-local-00716,32,0.7346368715083799,11.251873350143434,shared_residual,2.0,1.4692737430167597,m_times_D_over_B
ax4-local-00717,32,0.7281896116994453,11.251873350143434,null_residual,,0.7281896116994453,m_times_B
ax4-local-00717,32,0.7281896116994453,11.251873350143434,present_renormalization,,1.4563792233988906,2m_times_B
ax4-local-00717,32,0.7281896116994453,11.251873350143434,shared_residual,0.25,0.18204740292486132,m_times_D_over_B
ax4-local-00717,32,0.7281896116994453,11.251873350143434,shared_residual,0.5,0.36409480584972265,m_times_D_over_B
ax4-local-00717,32,0.7281896116994453,11.251873350143434,shared_residual,1.0,0.7281896116994453,m_times_D_over_B
ax4-local-00717,32,0.7281896116994453,11.251873350143434,shared_residual,2.0,1.4563792233988906,m_times_D_over_B
ax4-local-00718,32,0.728278915329275,11.251873350143434,null_residual,,0.728278915329275,m_times_B
ax4-local-00718,32,0.728278915329275,11.251873350143434,present_renormalization,,1.45655783065855,2m_times_B
ax4-local-00718,32,0.728278915329275,11.251873350143434,shared_residual,0.25,0.18206972883231876,m_times_D_over_B
ax4-local-00718,32,0.728278915329275,11.251873350143434,shared_residual,0.5,0.3641394576646375,m_times_D_over_B
ax4-local-00718,32,0.728278915329275,11.251873350143434,shared_residual,1.0,0.728278915329275,m_times_D_over_B
ax4-local-00718,32,0.728278915329275,11.251873350143434,shared_residual,2.0,1.45655783065855,m_times_D_over_B
ax4-local-00719,32,0.7428698752228164,11.251873350143434,null_residual,,0.7428698752228164,m_times_B
ax4-local-00719,32,0.7428698752228164,11.251873350143434,present_renormalization,,1.485739750445633,2m_times_B
ax4-local-00719,32,0.7428698752228164,11.251873350143434,shared_residual,0.25,0.1857174688057041,m_times_D_over_B
ax4-local-00719,32,0.7428698752228164,11.251873350143434,shared_residual,0.5,0.3714349376114082,m_times_D_over_B
ax4-local-00719,32,0.7428698752228164,11.251873350143434,shared_residual,1.0,0.7428698752228164,m_times_D_over_B
ax4-local-00719,32,0.7428698752228164,11.251873350143434,shared_residual,2.0,1.485739750445633,m_times_D_over_B
ax4-local-00720,32,0.8477141992128367,11.251873350143434,null_residual,,0.8477141992128367,m_times_B
ax4-local-00720,32,0.8477141992128367,11.251873350143434,present_renormalization,,1.6954283984256735,2m_times_B
ax4-local-00720,32,0.8477141992128367,11.251873350143434,shared_residual,0.25,0.2119285498032092,m_times_D_over_B
ax4-local-00720,32,0.8477141992128367,11.251873350143434,shared_residual,0.5,0.4238570996064184,m_times_D_over_B
ax4-local-00720,32,0.8477141992128367,11.251873350143434,shared_residual,1.0,0.8477141992128367,m_times_D_over_B
ax4-local-00720,32,0.8477141992128367,11.251873350143434,shared_residual,2.0,1.6954283984256735,m_times_D_over_B
ax4-local-00721,32,0.7281896116994453,11.251873350143434,null_residual,,0.7281896116994453,m_times_B
ax4-local-00721,32,0.7281896116994453,11.251873350143434,present_renormalization,,1.4563792233988906,2m_times_B
ax4-local-00721,32,0.7281896116994453,11.251873350143434,shared_residual,0.25,0.18204740292486132,m_times_D_over_B
ax4-local-00721,32,0.7281896116994453,11.251873350143434,shared_residual,0.5,0.36409480584972265,m_times_D_over_B
ax4-local-00721,32,0.7281896116994453,11.251873350143434,shared_residual,1.0,0.7281896116994453,m_times_D_over_B
ax4-local-00721,32,0.7281896116994453,11.251873350143434,shared_residual,2.0,1.4563792233988906,m_times_D_over_B
ax4-local-00722,32,0.7281896116994453,11.251873350143434,null_residual,,0.7281896116994453,m_times_B
ax4-local-00722,32,0.7281896116994453,11.251873350143434,present_renormalization,,1.4563792233988906,2m_times_B
ax4-local-00722,32,0.7281896116994453,11.251873350143434,shared_residual,0.25,0.18204740292486132,m_times_D_over_B
ax4-local-00722,32,0.7281896116994453,11.251873350143434,shared_residual,0.5,0.36409480584972265,m_times_D_over_B
ax4-local-00722,32,0.7281896116994453,11.251873350143434,shared_residual,1.0,0.7281896116994453,m_times_D_over_B
ax4-local-00722,32,0.7281896116994453,11.251873350143434,shared_residual,2.0,1.4563792233988906,m_times_D_over_B
ax4-local-00723,32,0.7281896116994453,11.251873350143434,null_residual,,0.7281896116994453,m_times_B
ax4-local-00723,32,0.7281896116994453,11.251873350143434,present_renormalization,,1.4563792233988906,2m_times_B
ax4-local-00723,32,0.7281896116994453,11.251873350143434,shared_residual,0.25,0.18204740292486132,m_times_D_over_B
ax4-local-00723,32,0.7281896116994453,11.251873350143434,shared_residual,0.5,0.36409480584972265,m_times_D_over_B
ax4-local-00723,32,0.7281896116994453,11.251873350143434,shared_residual,1.0,0.7281896116994453,m_times_D_over_B
ax4-local-00723,32,0.7281896116994453,11.251873350143434,shared_residual,2.0,1.4563792233988906,m_times_D_over_B
ax4-local-00724,32,0.7281896116994453,11.251873350143434,null_residual,,0.7281896116994453,m_times_B
ax4-local-00724,32,0.7281896116994453,11.251873350143434,present_renormalization,,1.4563792233988906,2m_times_B
ax4-local-00724,32,0.7281896116994453,11.251873350143434,shared_residual,0.25,0.18204740292486132,m_times_D_over_B
ax4-local-00724,32,0.7281896116994453,11.251873350143434,shared_residual,0.5,0.36409480584972265,m_times_D_over_B
ax4-local-00724,32,0.7281896116994453,11.251873350143434,shared_residual,1.0,0.7281896116994453,m_times_D_over_B
ax4-local-00724,32,0.7281896116994453,11.251873350143434,shared_residual,2.0,1.4563792233988906,m_times_D_over_B
ax4-local-00725,32,0.49916434540389965,11.251873350143434,null_residual,,0.49916434540389965,m_times_B
ax4-local-00725,32,0.49916434540389965,11.251873350143434,present_renormalization,,0.9983286908077993,2m_times_B
ax4-local-00725,32,0.49916434540389965,11.251873350143434,shared_residual,0.25,0.12479108635097491,m_times_D_over_B
ax4-local-00725,32,0.49916434540389965,11.251873350143434,shared_residual,0.5,0.24958217270194982,m_times_D_over_B
ax4-local-00725,32,0.49916434540389965,11.251873350143434,shared_residual,1.0,0.49916434540389965,m_times_D_over_B
ax4-local-00725,32,0.49916434540389965,11.251873350143434,shared_residual,2.0,0.9983286908077993,m_times_D_over_B
ax4-local-00726,32,0.7281896116994453,11.251873350143434,null_residual,,0.7281896116994453,m_times_B
ax4-local-00726,32,0.7281896116994453,11.251873350143434,present_renormalization,,1.4563792233988906,2m_times_B
ax4-local-00726,32,0.7281896116994453,11.251873350143434,shared_residual,0.25,0.18204740292486132,m_times_D_over_B
ax4-local-00726,32,0.7281896116994453,11.251873350143434,shared_residual,0.5,0.36409480584972265,m_times_D_over_B
ax4-local-00726,32,0.7281896116994453,11.251873350143434,shared_residual,1.0,0.7281896116994453,m_times_D_over_B
ax4-local-00726,32,0.7281896116994453,11.251873350143434,shared_residual,2.0,1.4563792233988906,m_times_D_over_B
ax4-local-00727,32,0.7281896116994453,11.251873350143434,null_residual,,0.7281896116994453,m_times_B
ax4-local-00727,32,0.7281896116994453,11.251873350143434,present_renormalization,,1.4563792233988906,2m_times_B
ax4-local-00727,32,0.7281896116994453,11.251873350143434,shared_residual,0.25,0.18204740292486132,m_times_D_over_B
ax4-local-00727,32,0.7281896116994453,11.251873350143434,shared_residual,0.5,0.36409480584972265,m_times_D_over_B
ax4-local-00727,32,0.7281896116994453,11.251873350143434,shared_residual,1.0,0.7281896116994453,m_times_D_over_B
ax4-local-00727,32,0.7281896116994453,11.251873350143434,shared_residual,2.0,1.4563792233988906,m_times_D_over_B
ax4-local-00728,32,0.49916434540389965,11.251873350143434,null_residual,,0.49916434540389965,m_times_B
ax4-local-00728,32,0.49916434540389965,11.251873350143434,present_renormalization,,0.9983286908077993,2m_times_B
ax4-local-00728,32,0.49916434540389965,11.251873350143434,shared_residual,0.25,0.12479108635097491,m_times_D_over_B
ax4-local-00728,32,0.49916434540389965,11.251873350143434,shared_residual,0.5,0.24958217270194982,m_times_D_over_B
ax4-local-00728,32,0.49916434540389965,11.251873350143434,shared_residual,1.0,0.49916434540389965,m_times_D_over_B
ax4-local-00728,32,0.49916434540389965,11.251873350143434,shared_residual,2.0,0.9983286908077993,m_times_D_over_B
ax4-local-00729,32,0.2143727161997564,11.251873350143434,null_residual,,0.2143727161997564,m_times_B
ax4-local-00729,32,0.2143727161997564,11.251873350143434,present_renormalization,,0.4287454323995128,2m_times_B
ax4-local-00729,32,0.2143727161997564,11.251873350143434,shared_residual,0.25,0.0535931790499391,m_times_D_over_B
ax4-local-00729,32,0.2143727161997564,11.251873350143434,shared_residual,0.5,0.1071863580998782,m_times_D_over_B
ax4-local-00729,32,0.2143727161997564,11.251873350143434,shared_residual,1.0,0.2143727161997564,m_times_D_over_B
ax4-local-00729,32,0.2143727161997564,11.251873350143434,shared_residual,2.0,0.4287454323995128,m_times_D_over_B
ax4-local-00730,32,0.7281896116994453,11.251873350143434,null_residual,,0.7281896116994453,m_times_B
ax4-local-00730,32,0.7281896116994453,11.251873350143434,present_renormalization,,1.4563792233988906,2m_times_B
ax4-local-00730,32,0.7281896116994453,11.251873350143434,shared_residual,0.25,0.18204740292486132,m_times_D_over_B
ax4-local-00730,32,0.7281896116994453,11.251873350143434,shared_residual,0.5,0.36409480584972265,m_times_D_over_B
ax4-local-00730,32,0.7281896116994453,11.251873350143434,shared_residual,1.0,0.7281896116994453,m_times_D_over_B
ax4-local-00730,32,0.7281896116994453,11.251873350143434,shared_residual,2.0,1.4563792233988906,m_times_D_over_B
ax4-local-00731,32,0.49916434540389965,11.251873350143434,null_residual,,0.49916434540389965,m_times_B
ax4-local-00731,32,0.49916434540389965,11.251873350143434,present_renormalization,,0.9983286908077993,2m_times_B
ax4-local-00731,32,0.49916434540389965,11.251873350143434,shared_residual,0.25,0.12479108635097491,m_times_D_over_B
ax4-local-00731,32,0.49916434540389965,11.251873350143434,shared_residual,0.5,0.24958217270194982,m_times_D_over_B
ax4-local-00731,32,0.49916434540389965,11.251873350143434,shared_residual,1.0,0.49916434540389965,m_times_D_over_B
ax4-local-00731,32,0.49916434540389965,11.251873350143434,shared_residual,2.0,0.9983286908077993,m_times_D_over_B
ax4-local-00732,32,0.2143727161997564,11.251873350143434,null_residual,,0.2143727161997564,m_times_B
ax4-local-00732,32,0.2143727161997564,11.251873350143434,present_renormalization,,0.4287454323995128,2m_times_B
ax4-local-00732,32,0.2143727161997564,11.251873350143434,shared_residual,0.25,0.0535931790499391,m_times_D_over_B
ax4-local-00732,32,0.2143727161997564,11.251873350143434,shared_residual,0.5,0.1071863580998782,m_times_D_over_B
ax4-local-00732,32,0.2143727161997564,11.251873350143434,shared_residual,1.0,0.2143727161997564,m_times_D_over_B
ax4-local-00732,32,0.2143727161997564,11.251873350143434,shared_residual,2.0,0.4287454323995128,m_times_D_over_B
ax4-local-00733,32,1.3877787807814457e-16,11.251873350143434,null_residual,,1.3877787807814457e-16,m_times_B
ax4-local-00733,32,1.3877787807814457e-16,11.251873350143434,present_renormalization,,2.7755575615628914e-16,2m_times_B
ax4-local-00733,32,1.3877787807814457e-16,11.251873350143434,shared_residual,0.25,3.469446951953614e-17,m_times_D_over_B
ax4-local-00733,32,1.3877787807814457e-16,11.251873350143434,shared_residual,0.5,6.938893903907228e-17,m_times_D_over_B
ax4-local-00733,32,1.3877787807814457e-16,11.251873350143434,shared_residual,1.0,1.3877787807814457e-16,m_times_D_over_B
ax4-local-00733,32,1.3877787807814457e-16,11.251873350143434,shared_residual,2.0,2.7755575615628914e-16,m_times_D_over_B
ax4-local-00734,32,0.7281896116994453,11.251873350143434,null_residual,,0.7281896116994453,m_times_B
ax4-local-00734,32,0.7281896116994453,11.251873350143434,present_renormalization,,1.4563792233988906,2m_times_B
ax4-local-00734,32,0.7281896116994453,11.251873350143434,shared_residual,0.25,0.18204740292486132,m_times_D_over_B
ax4-local-00734,32,0.7281896116994453,11.251873350143434,shared_residual,0.5,0.36409480584972265,m_times_D_over_B
ax4-local-00734,32,0.7281896116994453,11.251873350143434,shared_residual,1.0,0.7281896116994453,m_times_D_over_B
ax4-local-00734,32,0.7281896116994453,11.251873350143434,shared_residual,2.0,1.4563792233988906,m_times_D_over_B
ax4-local-00735,32,0.2143727161997564,11.251873350143434,null_residual,,0.2143727161997564,m_times_B
ax4-local-00735,32,0.2143727161997564,11.251873350143434,present_renormalization,,0.4287454323995128,2m_times_B
ax4-local-00735,32,0.2143727161997564,11.251873350143434,shared_residual,0.25,0.0535931790499391,m_times_D_over_B
ax4-local-00735,32,0.2143727161997564,11.251873350143434,shared_residual,0.5,0.1071863580998782,m_times_D_over_B
ax4-local-00735,32,0.2143727161997564,11.251873350143434,shared_residual,1.0,0.2143727161997564,m_times_D_over_B
ax4-local-00735,32,0.2143727161997564,11.251873350143434,shared_residual,2.0,0.4287454323995128,m_times_D_over_B
ax4-local-00736,32,1.3877787807814457e-16,11.251873350143434,null_residual,,1.3877787807814457e-16,m_times_B
ax4-local-00736,32,1.3877787807814457e-16,11.251873350143434,present_renormalization,,2.7755575615628914e-16,2m_times_B
ax4-local-00736,32,1.3877787807814457e-16,11.251873350143434,shared_residual,0.25,3.469446951953614e-17,m_times_D_over_B
ax4-local-00736,32,1.3877787807814457e-16,11.251873350143434,shared_residual,0.5,6.938893903907228e-17,m_times_D_over_B
ax4-local-00736,32,1.3877787807814457e-16,11.251873350143434,shared_residual,1.0,1.3877787807814457e-16,m_times_D_over_B
ax4-local-00736,32,1.3877787807814457e-16,11.251873350143434,shared_residual,2.0,2.7755575615628914e-16,m_times_D_over_B
ax4-local-00737,32,1.249000902703301e-16,11.251873350143434,null_residual,,1.249000902703301e-16,m_times_B
ax4-local-00737,32,1.249000902703301e-16,11.251873350143434,present_renormalization,,2.498001805406602e-16,2m_times_B
ax4-local-00737,32,1.249000902703301e-16,11.251873350143434,shared_residual,0.25,3.122502256758253e-17,m_times_D_over_B
ax4-local-00737,32,1.249000902703301e-16,11.251873350143434,shared_residual,0.5,6.245004513516506e-17,m_times_D_over_B
ax4-local-00737,32,1.249000902703301e-16,11.251873350143434,shared_residual,1.0,1.249000902703301e-16,m_times_D_over_B
ax4-local-00737,32,1.249000902703301e-16,11.251873350143434,shared_residual,2.0,2.498001805406602e-16,m_times_D_over_B
ax4-local-00738,32,0.7281896116994453,11.251873350143434,null_residual,,0.7281896116994453,m_times_B
ax4-local-00738,32,0.7281896116994453,11.251873350143434,present_renormalization,,1.4563792233988906,2m_times_B
ax4-local-00738,32,0.7281896116994453,11.251873350143434,shared_residual,0.25,0.18204740292486132,m_times_D_over_B
ax4-local-00738,32,0.7281896116994453,11.251873350143434,shared_residual,0.5,0.36409480584972265,m_times_D_over_B
ax4-local-00738,32,0.7281896116994453,11.251873350143434,shared_residual,1.0,0.7281896116994453,m_times_D_over_B
ax4-local-00738,32,0.7281896116994453,11.251873350143434,shared_residual,2.0,1.4563792233988906,m_times_D_over_B
ax4-local-00739,32,0.7281896116994453,11.251873350143434,null_residual,,0.7281896116994453,m_times_B
ax4-local-00739,32,0.7281896116994453,11.251873350143434,present_renormalization,,1.4563792233988906,2m_times_B
ax4-local-00739,32,0.7281896116994453,11.251873350143434,shared_residual,0.25,0.18204740292486132,m_times_D_over_B
ax4-local-00739,32,0.7281896116994453,11.251873350143434,shared_residual,0.5,0.36409480584972265,m_times_D_over_B
ax4-local-00739,32,0.7281896116994453,11.251873350143434,shared_residual,1.0,0.7281896116994453,m_times_D_over_B
ax4-local-00739,32,0.7281896116994453,11.251873350143434,shared_residual,2.0,1.4563792233988906,m_times_D_over_B
ax4-local-00740,32,0.7281896116994453,11.251873350143434,null_residual,,0.7281896116994453,m_times_B
ax4-local-00740,32,0.7281896116994453,11.251873350143434,present_renormalization,,1.4563792233988906,2m_times_B
ax4-local-00740,32,0.7281896116994453,11.251873350143434,shared_residual,0.25,0.18204740292486132,m_times_D_over_B
ax4-local-00740,32,0.7281896116994453,11.251873350143434,shared_residual,0.5,0.36409480584972265,m_times_D_over_B
ax4-local-00740,32,0.7281896116994453,11.251873350143434,shared_residual,1.0,0.7281896116994453,m_times_D_over_B
ax4-local-00740,32,0.7281896116994453,11.251873350143434,shared_residual,2.0,1.4563792233988906,m_times_D_over_B
ax4-local-00741,32,0.7281896116994453,11.251873350143434,null_residual,,0.7281896116994453,m_times_B
ax4-local-00741,32,0.7281896116994453,11.251873350143434,present_renormalization,,1.4563792233988906,2m_times_B
ax4-local-00741,32,0.7281896116994453,11.251873350143434,shared_residual,0.25,0.18204740292486132,m_times_D_over_B
ax4-local-00741,32,0.7281896116994453,11.251873350143434,shared_residual,0.5,0.36409480584972265,m_times_D_over_B
ax4-local-00741,32,0.7281896116994453,11.251873350143434,shared_residual,1.0,0.7281896116994453,m_times_D_over_B
ax4-local-00741,32,0.7281896116994453,11.251873350143434,shared_residual,2.0,1.4563792233988906,m_times_D_over_B
ax4-local-00742,32,0.728278915329275,11.251873350143434,null_residual,,0.728278915329275,m_times_B
ax4-local-00742,32,0.728278915329275,11.251873350143434,present_renormalization,,1.45655783065855,2m_times_B
ax4-local-00742,32,0.728278915329275,11.251873350143434,shared_residual,0.25,0.18206972883231876,m_times_D_over_B
ax4-local-00742,32,0.728278915329275,11.251873350143434,shared_residual,0.5,0.3641394576646375,m_times_D_over_B
ax4-local-00742,32,0.728278915329275,11.251873350143434,shared_residual,1.0,0.728278915329275,m_times_D_over_B
ax4-local-00742,32,0.728278915329275,11.251873350143434,shared_residual,2.0,1.45655783065855,m_times_D_over_B
ax4-local-00743,32,0.7339181286549707,11.251873350143434,null_residual,,0.7339181286549707,m_times_B
ax4-local-00743,32,0.7339181286549707,11.251873350143434,present_renormalization,,1.4678362573099415,2m_times_B
ax4-local-00743,32,0.7339181286549707,11.251873350143434,shared_residual,0.25,0.1834795321637427,m_times_D_over_B
ax4-local-00743,32,0.7339181286549707,11.251873350143434,shared_residual,0.5,0.3669590643274854,m_times_D_over_B
ax4-local-00743,32,0.7339181286549707,11.251873350143434,shared_residual,1.0,0.7339181286549707,m_times_D_over_B
ax4-local-00743,32,0.7339181286549707,11.251873350143434,shared_residual,2.0,1.4678362573099415,m_times_D_over_B
ax4-local-00744,32,0.7281896116994453,11.251873350143434,null_residual,,0.7281896116994453,m_times_B
ax4-local-00744,32,0.7281896116994453,11.251873350143434,present_renormalization,,1.4563792233988906,2m_times_B
ax4-local-00744,32,0.7281896116994453,11.251873350143434,shared_residual,0.25,0.18204740292486132,m_times_D_over_B
ax4-local-00744,32,0.7281896116994453,11.251873350143434,shared_residual,0.5,0.36409480584972265,m_times_D_over_B
ax4-local-00744,32,0.7281896116994453,11.251873350143434,shared_residual,1.0,0.7281896116994453,m_times_D_over_B
ax4-local-00744,32,0.7281896116994453,11.251873350143434,shared_residual,2.0,1.4563792233988906,m_times_D_over_B
ax4-local-00745,32,0.728278915329275,11.251873350143434,null_residual,,0.728278915329275,m_times_B
ax4-local-00745,32,0.728278915329275,11.251873350143434,present_renormalization,,1.45655783065855,2m_times_B
ax4-local-00745,32,0.728278915329275,11.251873350143434,shared_residual,0.25,0.18206972883231876,m_times_D_over_B
ax4-local-00745,32,0.728278915329275,11.251873350143434,shared_residual,0.5,0.3641394576646375,m_times_D_over_B
ax4-local-00745,32,0.728278915329275,11.251873350143434,shared_residual,1.0,0.728278915329275,m_times_D_over_B
ax4-local-00745,32,0.728278915329275,11.251873350143434,shared_residual,2.0,1.45655783065855,m_times_D_over_B
ax4-local-00746,32,0.7428698752228164,11.251873350143434,null_residual,,0.7428698752228164,m_times_B
ax4-local-00746,32,0.7428698752228164,11.251873350143434,present_renormalization,,1.485739750445633,2m_times_B
ax4-local-00746,32,0.7428698752228164,11.251873350143434,shared_residual,0.25,0.1857174688057041,m_times_D_over_B
ax4-local-00746,32,0.7428698752228164,11.251873350143434,shared_residual,0.5,0.3714349376114082,m_times_D_over_B
ax4-local-00746,32,0.7428698752228164,11.251873350143434,shared_residual,1.0,0.7428698752228164,m_times_D_over_B
ax4-local-00746,32,0.7428698752228164,11.251873350143434,shared_residual,2.0,1.485739750445633,m_times_D_over_B
ax4-local-00747,32,0.8477141992128367,11.251873350143434,null_residual,,0.8477141992128367,m_times_B
ax4-local-00747,32,0.8477141992128367,11.251873350143434,present_renormalization,,1.6954283984256735,2m_times_B
ax4-local-00747,32,0.8477141992128367,11.251873350143434,shared_residual,0.25,0.2119285498032092,m_times_D_over_B
ax4-local-00747,32,0.8477141992128367,11.251873350143434,shared_residual,0.5,0.4238570996064184,m_times_D_over_B
ax4-local-00747,32,0.8477141992128367,11.251873350143434,shared_residual,1.0,0.8477141992128367,m_times_D_over_B
ax4-local-00747,32,0.8477141992128367,11.251873350143434,shared_residual,2.0,1.6954283984256735,m_times_D_over_B
ax4-local-00748,32,0.7281896116994453,11.251873350143434,null_residual,,0.7281896116994453,m_times_B
ax4-local-00748,32,0.7281896116994453,11.251873350143434,present_renormalization,,1.4563792233988906,2m_times_B
ax4-local-00748,32,0.7281896116994453,11.251873350143434,shared_residual,0.25,0.18204740292486132,m_times_D_over_B
ax4-local-00748,32,0.7281896116994453,11.251873350143434,shared_residual,0.5,0.36409480584972265,m_times_D_over_B
ax4-local-00748,32,0.7281896116994453,11.251873350143434,shared_residual,1.0,0.7281896116994453,m_times_D_over_B
ax4-local-00748,32,0.7281896116994453,11.251873350143434,shared_residual,2.0,1.4563792233988906,m_times_D_over_B
ax4-local-00749,32,0.7281896116994453,11.251873350143434,null_residual,,0.7281896116994453,m_times_B
ax4-local-00749,32,0.7281896116994453,11.251873350143434,present_renormalization,,1.4563792233988906,2m_times_B
ax4-local-00749,32,0.7281896116994453,11.251873350143434,shared_residual,0.25,0.18204740292486132,m_times_D_over_B
ax4-local-00749,32,0.7281896116994453,11.251873350143434,shared_residual,0.5,0.36409480584972265,m_times_D_over_B
ax4-local-00749,32,0.7281896116994453,11.251873350143434,shared_residual,1.0,0.7281896116994453,m_times_D_over_B
ax4-local-00749,32,0.7281896116994453,11.251873350143434,shared_residual,2.0,1.4563792233988906,m_times_D_over_B
ax4-local-00750,32,0.7281896116994453,11.251873350143434,null_residual,,0.7281896116994453,m_times_B
ax4-local-00750,32,0.7281896116994453,11.251873350143434,present_renormalization,,1.4563792233988906,2m_times_B
ax4-local-00750,32,0.7281896116994453,11.251873350143434,shared_residual,0.25,0.18204740292486132,m_times_D_over_B
ax4-local-00750,32,0.7281896116994453,11.251873350143434,shared_residual,0.5,0.36409480584972265,m_times_D_over_B
ax4-local-00750,32,0.7281896116994453,11.251873350143434,shared_residual,1.0,0.7281896116994453,m_times_D_over_B
ax4-local-00750,32,0.7281896116994453,11.251873350143434,shared_residual,2.0,1.4563792233988906,m_times_D_over_B
ax4-local-00751,32,0.7281896116994453,11.251873350143434,null_residual,,0.7281896116994453,m_times_B
ax4-local-00751,32,0.7281896116994453,11.251873350143434,present_renormalization,,1.4563792233988906,2m_times_B
ax4-local-00751,32,0.7281896116994453,11.251873350143434,shared_residual,0.25,0.18204740292486132,m_times_D_over_B
ax4-local-00751,32,0.7281896116994453,11.251873350143434,shared_residual,0.5,0.36409480584972265,m_times_D_over_B
ax4-local-00751,32,0.7281896116994453,11.251873350143434,shared_residual,1.0,0.7281896116994453,m_times_D_over_B
ax4-local-00751,32,0.7281896116994453,11.251873350143434,shared_residual,2.0,1.4563792233988906,m_times_D_over_B
ax4-local-00752,32,0.7281896116994453,11.251873350143434,null_residual,,0.7281896116994453,m_times_B
ax4-local-00752,32,0.7281896116994453,11.251873350143434,present_renormalization,,1.4563792233988906,2m_times_B
ax4-local-00752,32,0.7281896116994453,11.251873350143434,shared_residual,0.25,0.18204740292486132,m_times_D_over_B
ax4-local-00752,32,0.7281896116994453,11.251873350143434,shared_residual,0.5,0.36409480584972265,m_times_D_over_B
ax4-local-00752,32,0.7281896116994453,11.251873350143434,shared_residual,1.0,0.7281896116994453,m_times_D_over_B
ax4-local-00752,32,0.7281896116994453,11.251873350143434,shared_residual,2.0,1.4563792233988906,m_times_D_over_B
ax4-local-00753,32,0.7281896116994453,11.251873350143434,null_residual,,0.7281896116994453,m_times_B
ax4-local-00753,32,0.7281896116994453,11.251873350143434,present_renormalization,,1.4563792233988906,2m_times_B
ax4-local-00753,32,0.7281896116994453,11.251873350143434,shared_residual,0.25,0.18204740292486132,m_times_D_over_B
ax4-local-00753,32,0.7281896116994453,11.251873350143434,shared_residual,0.5,0.36409480584972265,m_times_D_over_B
ax4-local-00753,32,0.7281896116994453,11.251873350143434,shared_residual,1.0,0.7281896116994453,m_times_D_over_B
ax4-local-00753,32,0.7281896116994453,11.251873350143434,shared_residual,2.0,1.4563792233988906,m_times_D_over_B
ax4-local-00754,32,0.728278915329275,11.251873350143434,null_residual,,0.728278915329275,m_times_B
ax4-local-00754,32,0.728278915329275,11.251873350143434,present_renormalization,,1.45655783065855,2m_times_B
ax4-local-00754,32,0.728278915329275,11.251873350143434,shared_residual,0.25,0.18206972883231876,m_times_D_over_B
ax4-local-00754,32,0.728278915329275,11.251873350143434,shared_residual,0.5,0.3641394576646375,m_times_D_over_B
ax4-local-00754,32,0.728278915329275,11.251873350143434,shared_residual,1.0,0.728278915329275,m_times_D_over_B
ax4-local-00754,32,0.728278915329275,11.251873350143434,shared_residual,2.0,1.45655783065855,m_times_D_over_B
ax4-local-00755,32,0.7358288770053476,11.251873350143434,null_residual,,0.7358288770053476,m_times_B
ax4-local-00755,32,0.7358288770053476,11.251873350143434,present_renormalization,,1.4716577540106952,2m_times_B
ax4-local-00755,32,0.7358288770053476,11.251873350143434,shared_residual,0.25,0.1839572192513369,m_times_D_over_B
ax4-local-00755,32,0.7358288770053476,11.251873350143434,shared_residual,0.5,0.3679144385026738,m_times_D_over_B
ax4-local-00755,32,0.7358288770053476,11.251873350143434,shared_residual,1.0,0.7358288770053476,m_times_D_over_B
ax4-local-00755,32,0.7358288770053476,11.251873350143434,shared_residual,2.0,1.4716577540106952,m_times_D_over_B
