phase,domain,layer_id,rank,expert_id,selections,probability
prefill,__all__,0,1,6,6765,0.06075765196148872
prefill,__all__,0,2,41,4194,0.03766704986348613
prefill,__all__,0,3,21,3410,0.030625808305791064
prefill,__all__,0,4,58,2634,0.023656416151745942
prefill,__all__,0,5,53,2383,0.021402141112228767
prefill,__all__,0,6,54,2354,0.021141687023997702
prefill,__all__,0,7,40,2296,0.020620778847535565
prefill,__all__,0,8,61,2295,0.02061179767207932
prefill,__all__,0,9,25,2272,0.020405230636585718
prefill,__all__,0,10,29,2141,0.01922869665181779
prefill,__all__,0,11,13,2088,0.01875269435263687
prefill,__all__,0,12,19,2070,0.018591033194424487
prefill,__all__,0,13,22,2028,0.01821382382526225
prefill,__all__,0,14,24,1993,0.01789948268429372
prefill,__all__,0,15,17,1877,0.01685766633136945
prefill,__all__,0,16,49,1876,0.016848685155913205
prefill,__all__,0,17,60,1870,0.016794798103175742
prefill,__all__,0,18,39,1851,0.016624155769507112
prefill,__all__,0,19,18,1844,0.016561287541313408
prefill,__all__,0,20,0,1786,0.01604037936485127
prefill,__all__,0,21,46,1776,0.015950567610288836
prefill,__all__,0,22,7,1764,0.01584279350481391
prefill,__all__,0,23,12,1741,0.015636226469320304
prefill,__all__,0,24,20,1715,0.015402715907457967
prefill,__all__,0,25,8,1705,0.015312904152895532
prefill,__all__,0,26,55,1700,0.015267998275614312
prefill,__all__,0,27,33,1698,0.015250035924701824
prefill,__all__,0,28,59,1673,0.015025506538295732
prefill,__all__,0,29,5,1658,0.014890788906452077
prefill,__all__,0,30,38,1638,0.014711165397327202
prefill,__all__,0,31,36,1638,0.014711165397327202
prefill,__all__,0,32,26,1620,0.014549504239114816
prefill,__all__,0,33,42,1606,0.014423767782727403
prefill,__all__,0,34,30,1602,0.014387843080902428
prefill,__all__,0,35,43,1587,0.014253125449058773
prefill,__all__,0,36,44,1514,0.013597499640752981
prefill,__all__,0,37,47,1496,0.013435838482540595
prefill,__all__,0,38,16,1487,0.013355007903434402
prefill,__all__,0,39,62,1466,0.013166403218853283
prefill,__all__,0,40,14,1464,0.013148440867940796
prefill,__all__,0,41,32,1410,0.012663457393303636
prefill,__all__,0,42,51,1399,0.012564664463284955
prefill,__all__,0,43,10,1370,0.012304210375053887
prefill,__all__,0,44,45,1367,0.012277266848685155
prefill,__all__,0,45,48,1363,0.01224134214686018
prefill,__all__,0,46,31,1359,0.012205417445035206
prefill,__all__,0,47,37,1327,0.011918019830435408
prefill,__all__,0,48,57,1302,0.011693490444029314
prefill,__all__,0,49,3,1295,0.011630622215835608
prefill,__all__,0,50,27,1292,0.011603678689466877
prefill,__all__,0,51,2,1266,0.011370168127604541
prefill,__all__,0,52,15,1262,0.011334243425779565
prefill,__all__,0,53,63,1257,0.011289337548498347
prefill,__all__,0,54,1,1256,0.011280356373042104
prefill,__all__,0,55,50,1208,0.010849259951142406
prefill,__all__,0,56,4,1207,0.010840278775686161
prefill,__all__,0,57,52,1190,0.010687598792930018
prefill,__all__,0,58,11,1127,0.010121784739186665
prefill,__all__,0,59,56,1113,0.009996048282799253
prefill,__all__,0,60,9,1065,0.009564951860899555
prefill,__all__,0,61,35,1035,0.009295516597212243
prefill,__all__,0,62,28,1025,0.009205704842649806
prefill,__all__,0,63,23,787,0.007068185084063802
prefill,__all__,0,64,34,487,0.004373832447190688
prefill,__all__,1,1,47,4419,0.03968781434114097
prefill,__all__,1,2,25,4125,0.03704734875700532
prefill,__all__,1,3,18,4083,0.03667013938784308
prefill,__all__,1,4,11,3325,0.029862408392010348
prefill,__all__,1,5,15,2867,0.025749030033050724
prefill,__all__,1,6,42,2694,0.024195286679120562
prefill,__all__,1,7,5,2516,0.02259663744790918
prefill,__all__,1,8,27,2361,0.021204555252191407
prefill,__all__,1,9,21,2302,0.020674665900273028
prefill,__all__,1,10,32,2264,0.020333381232935765
prefill,__all__,1,11,40,2217,0.019911265986492312
prefill,__all__,1,12,37,2197,0.019731642477367438
prefill,__all__,1,13,29,2195,0.01971368012645495
prefill,__all__,1,14,17,2096,0.018824543756286824
prefill,__all__,1,15,62,2073,0.018617976720793218
prefill,__all__,1,16,31,1994,0.017908463859749965
prefill,__all__,1,17,23,1992,0.017890501508837475
prefill,__all__,1,18,53,1976,0.017746802701537577
prefill,__all__,1,19,59,1971,0.01770189682425636
prefill,__all__,1,20,48,1958,0.01758514154332519
prefill,__all__,1,21,45,1903,0.017091176893231787
prefill,__all__,1,22,60,1903,0.017091176893231787
prefill,__all__,1,23,19,1886,0.016938496910475644
prefill,__all__,1,24,9,1840,0.016525362839488432
prefill,__all__,1,25,14,1832,0.016453513435838483
prefill,__all__,1,26,35,1802,0.016184078172151173
prefill,__all__,1,27,41,1773,0.015923624083920104
prefill,__all__,1,28,12,1729,0.01552845236384538
prefill,__all__,1,29,1,1676,0.015052450064664463
prefill,__all__,1,30,49,1667,0.01497161948555827
prefill,__all__,1,31,44,1651,0.014827920678258371
prefill,__all__,1,32,8,1645,0.014774033625520908
prefill,__all__,1,33,7,1617,0.014522560712746085
prefill,__all__,1,34,63,1612,0.014477654835464865
prefill,__all__,1,35,39,1609,0.014450711309096134
prefill,__all__,1,36,20,1597,0.01434293720362121
prefill,__all__,1,37,61,1591,0.014289050150883748
prefill,__all__,1,38,51,1549,0.013911840781721512
prefill,__all__,1,39,3,1513,0.013588518465296738
prefill,__all__,1,40,34,1489,0.013372970254346889
prefill,__all__,1,41,13,1482,0.013310102026153183
prefill,__all__,1,42,24,1421,0.012762250323322316
prefill,__all__,1,43,30,1417,0.012726325621497342
prefill,__all__,1,44,52,1365,0.012259304497772669
prefill,__all__,1,45,16,1357,0.012187455094122718
prefill,__all__,1,46,54,1335,0.011989869234085357
prefill,__all__,1,47,50,1327,0.011918019830435408
prefill,__all__,1,48,55,1280,0.011495904583991953
prefill,__all__,1,49,58,1225,0.01100193993389855
prefill,__all__,1,50,0,1208,0.010849259951142406
prefill,__all__,1,51,2,1202,0.010795372898404943
prefill,__all__,1,52,4,1167,0.010481031757436414
prefill,__all__,1,53,36,1115,0.01001401063371174
prefill,__all__,1,54,33,1007,0.00904404368443742
prefill,__all__,1,55,57,950,0.008532116683431528
prefill,__all__,1,56,6,921,0.00827166259520046
prefill,__all__,1,57,46,899,0.008074076735163098
prefill,__all__,1,58,22,894,0.008029170857881879
prefill,__all__,1,59,56,792,0.007113090961345021
prefill,__all__,1,60,28,782,0.007023279206782584
prefill,__all__,1,61,26,771,0.006924486276763903
prefill,__all__,1,62,38,748,0.006717919241270297
prefill,__all__,1,63,10,622,0.005586291133783589
prefill,__all__,1,64,43,548,0.004921684150021555
prefill,__all__,2,1,40,5207,0.04676498060066101
prefill,__all__,2,2,60,3278,0.02944029314556689
prefill,__all__,2,3,34,3220,0.028919384969104758
prefill,__all__,2,4,5,3132,0.02812904152895531
prefill,__all__,2,5,45,3059,0.02747341572064952
prefill,__all__,2,6,14,2705,0.024294079609139246
prefill,__all__,2,7,61,2613,0.023467811467164822
prefill,__all__,2,8,16,2391,0.021473990515878717
prefill,__all__,2,9,22,2324,0.02087225176031039
prefill,__all__,2,10,9,2299,0.020647722373904297
prefill,__all__,2,11,58,2218,0.019920247161948557
prefill,__all__,2,12,35,2159,0.019390357810030175
prefill,__all__,2,13,38,2130,0.01912990372179911
prefill,__all__,2,14,4,2052,0.0184293720362121
prefill,__all__,2,15,24,1990,0.01787253915792499
prefill,__all__,2,16,29,1970,0.017692915648800114
prefill,__all__,2,17,62,1943,0.017450423911481536
prefill,__all__,2,18,57,1939,0.01741449920965656
prefill,__all__,2,19,63,1918,0.017225894525075443
prefill,__all__,2,20,32,1882,0.016902572208650667
prefill,__all__,2,21,26,1872,0.016812760454088232
prefill,__all__,2,22,23,1851,0.016624155769507112
prefill,__all__,2,23,59,1846,0.016579249892225895
prefill,__all__,2,24,10,1834,0.01647147578675097
prefill,__all__,2,25,30,1803,0.016193059347607414
prefill,__all__,2,26,28,1801,0.016175096996694928
prefill,__all__,2,27,15,1779,0.015977511136657567
prefill,__all__,2,28,47,1768,0.015878718206638887
prefill,__all__,2,29,46,1766,0.015860755855726397
prefill,__all__,2,30,12,1749,0.015708075872970254
prefill,__all__,2,31,19,1721,0.01545660296019543
prefill,__all__,2,32,21,1720,0.015447621784739187
prefill,__all__,2,33,36,1703,0.015294941801983044
prefill,__all__,2,34,48,1652,0.014836901853714614
prefill,__all__,2,35,41,1620,0.014549504239114816
prefill,__all__,2,36,20,1616,0.01451357953728984
prefill,__all__,2,37,1,1609,0.014450711309096134
prefill,__all__,2,38,44,1591,0.014289050150883748
prefill,__all__,2,39,54,1576,0.014154332519040093
prefill,__all__,2,40,56,1571,0.014109426641758873
prefill,__all__,2,41,33,1542,0.013848972553527806
prefill,__all__,2,42,39,1505,0.013516669061646789
prefill,__all__,2,43,0,1469,0.013193346745222014
prefill,__all__,2,44,7,1462,0.013130478517028308
prefill,__all__,2,45,8,1453,0.013049647937922116
prefill,__all__,2,46,27,1433,0.012870024428797242
prefill,__all__,2,47,53,1378,0.012376059778703838
prefill,__all__,2,48,3,1336,0.0119988504095416
prefill,__all__,2,49,25,1238,0.011118695214829716
prefill,__all__,2,50,50,1197,0.010750467021123724
prefill,__all__,2,51,13,1177,0.010570843511998851
prefill,__all__,2,52,6,1158,0.01040020117833022
prefill,__all__,2,53,49,1113,0.009996048282799253
prefill,__all__,2,54,18,1101,0.009888274177324328
prefill,__all__,2,55,11,1080,0.00969966949274321
prefill,__all__,2,56,52,1067,0.009582914211812042
prefill,__all__,2,57,37,990,0.008891363701681277
prefill,__all__,2,58,17,940,0.00844230492886909
prefill,__all__,2,59,31,856,0.007687886190544619
prefill,__all__,2,60,43,701,0.006295803994826843
prefill,__all__,2,61,42,692,0.006214973415720649
prefill,__all__,2,62,2,658,0.005909613450208363
prefill,__all__,2,63,55,509,0.00457141830722805
prefill,__all__,2,64,51,412,0.00370024428797241
prefill,__all__,3,1,52,4094,0.03676893231786176
prefill,__all__,3,2,15,3899,0.035017603103894235
prefill,__all__,3,3,9,3646,0.03274536571346458
prefill,__all__,3,4,43,3458,0.03105690472769076
prefill,__all__,3,5,31,2955,0.02653937347320017
prefill,__all__,3,6,30,2894,0.025991521770369307
prefill,__all__,3,7,62,2825,0.02537182066388849
prefill,__all__,3,8,23,2736,0.0245724960482828
prefill,__all__,3,9,20,2643,0.023737246730852132
prefill,__all__,3,10,12,2592,0.023279206782583703
prefill,__all__,3,11,19,2474,0.022219428078746946
prefill,__all__,3,12,61,2424,0.02177036930593476
prefill,__all__,3,13,38,2400,0.02155482109498491
prefill,__all__,3,14,49,2344,0.021051875269435263
prefill,__all__,3,15,59,2284,0.02051300474206064
prefill,__all__,3,16,42,2222,0.01995617186377353
prefill,__all__,3,17,54,2152,0.01932748958183647
prefill,__all__,3,18,37,2063,0.01852816496623078
prefill,__all__,3,19,40,2012,0.01807012501796235
prefill,__all__,3,20,22,2012,0.01807012501796235
prefill,__all__,3,21,33,1973,0.017719859175168846
prefill,__all__,3,22,45,1972,0.0177108779997126
prefill,__all__,3,23,48,1955,0.017558198016956458
prefill,__all__,3,24,56,1867,0.016767854576807014
prefill,__all__,3,25,25,1860,0.016704986348613306
prefill,__all__,3,26,18,1846,0.016579249892225895
prefill,__all__,3,27,29,1820,0.016345739330363557
prefill,__all__,3,28,28,1808,0.016237965224888632
prefill,__all__,3,29,39,1741,0.015636226469320304
prefill,__all__,3,30,0,1707,0.015330866503808018
prefill,__all__,3,31,57,1659,0.01489977008190832
prefill,__all__,3,32,58,1610,0.014459692484552379
prefill,__all__,3,33,55,1604,0.014405805431814916
prefill,__all__,3,34,46,1521,0.013660367868946689
prefill,__all__,3,35,4,1507,0.013534631412559275
prefill,__all__,3,36,47,1503,0.0134987067107343
prefill,__all__,3,37,11,1449,0.01301372323609714
prefill,__all__,3,38,36,1448,0.013004742060640897
prefill,__all__,3,39,50,1424,0.012789193849691047
prefill,__all__,3,40,44,1387,0.01245689035781003
prefill,__all__,3,41,24,1385,0.012438928006897543
prefill,__all__,3,42,63,1376,0.01235809742779135
prefill,__all__,3,43,10,1373,0.012331153901422618
prefill,__all__,3,44,3,1300,0.011675528093116828
prefill,__all__,3,45,35,1250,0.011226469320304642
prefill,__all__,3,46,6,1238,0.011118695214829716
prefill,__all__,3,47,32,1231,0.01105582698663601
prefill,__all__,3,48,14,1180,0.01059778703836758
prefill,__all__,3,49,34,1160,0.010418163529242708
prefill,__all__,3,50,41,1137,0.010211596493749102
prefill,__all__,3,51,51,1129,0.010139747090099151
prefill,__all__,3,52,2,1101,0.009888274177324328
prefill,__all__,3,53,8,1097,0.009852349475499353
prefill,__all__,3,54,7,1097,0.009852349475499353
prefill,__all__,3,55,27,1007,0.00904404368443742
prefill,__all__,3,56,5,839,0.007535206207788476
prefill,__all__,3,57,1,787,0.007068185084063802
prefill,__all__,3,58,21,725,0.006511352205776692
prefill,__all__,3,59,60,664,0.005963500502945826
prefill,__all__,3,60,53,587,0.00527194999281506
prefill,__all__,3,61,16,522,0.004688173588159218
prefill,__all__,3,62,13,484,0.004346888920821957
prefill,__all__,3,63,17,448,0.0040235666043971835
prefill,__all__,3,64,26,437,0.003924773674378503
prefill,__all__,4,1,17,5304,0.04763615461991665
prefill,__all__,4,2,21,4846,0.04352277626095703
prefill,__all__,4,3,19,3929,0.03528703836758155
prefill,__all__,4,4,34,3106,0.027895530967092973
prefill,__all__,4,5,26,3072,0.027590171001580687
prefill,__all__,4,6,25,3065,0.02752730277338698
prefill,__all__,4,7,62,3063,0.027509340422474493
prefill,__all__,4,8,47,3031,0.027221942807874693
prefill,__all__,4,9,55,2724,0.024464721942807875
prefill,__all__,4,10,23,2723,0.02445574076735163
prefill,__all__,4,11,43,2530,0.022722373904296593
prefill,__all__,4,12,49,2404,0.021590745796809887
prefill,__all__,4,13,8,2280,0.020477080040235667
prefill,__all__,4,14,52,2276,0.02044115533841069
prefill,__all__,4,15,6,2271,0.020396249461129473
prefill,__all__,4,16,45,2167,0.019462207213680128
prefill,__all__,4,17,58,2167,0.019462207213680128
prefill,__all__,4,18,35,2120,0.01904009196723667
prefill,__all__,4,19,59,2073,0.018617976720793218
prefill,__all__,4,20,48,2051,0.018420390860755857
prefill,__all__,4,21,42,1987,0.017845595631556257
prefill,__all__,4,22,41,1925,0.017288762753269148
prefill,__all__,4,23,37,1871,0.016803779278631987
prefill,__all__,4,24,61,1858,0.01668702399770082
prefill,__all__,4,25,39,1840,0.016525362839488432
prefill,__all__,4,26,7,1814,0.016291852277626095
prefill,__all__,4,27,36,1730,0.015537433539301624
prefill,__all__,4,28,14,1630,0.014639315993677253
prefill,__all__,4,29,50,1612,0.014477654835464865
prefill,__all__,4,30,10,1603,0.014396824256358673
prefill,__all__,4,31,51,1593,0.014307012501796236
prefill,__all__,4,32,27,1516,0.013615461991665469
prefill,__all__,4,33,24,1465,0.01315742204339704
prefill,__all__,4,34,11,1454,0.01305862911337836
prefill,__all__,4,35,60,1443,0.012959836183359679
prefill,__all__,4,36,5,1388,0.012465871533266273
prefill,__all__,4,37,4,1387,0.01245689035781003
prefill,__all__,4,38,56,1373,0.012331153901422618
prefill,__all__,4,39,1,1231,0.01105582698663601
prefill,__all__,4,40,38,1218,0.010939071705704843
prefill,__all__,4,41,13,1216,0.010921109354792355
prefill,__all__,4,42,28,1198,0.010759448196579969
prefill,__all__,4,43,9,1178,0.010579824687455094
prefill,__all__,4,44,29,1144,0.010274464721942808
prefill,__all__,4,45,2,1130,0.010148728265555396
prefill,__all__,4,46,57,1118,0.010040954160080471
prefill,__all__,4,47,40,1093,0.009816424773674379
prefill,__all__,4,48,16,1072,0.009627820089093261
prefill,__all__,4,49,12,1058,0.00950208363270585
prefill,__all__,4,50,33,1047,0.009403290702687167
prefill,__all__,4,51,22,977,0.008774608420750108
prefill,__all__,4,52,20,932,0.008370455525219141
prefill,__all__,4,53,53,930,0.008352493174306653
prefill,__all__,4,54,3,915,0.008217775542462998
prefill,__all__,4,55,18,892,0.008011208506969392
prefill,__all__,4,56,63,881,0.007912415576950712
prefill,__all__,4,57,30,812,0.007292714470469895
prefill,__all__,4,58,44,789,0.0070861474349762895
prefill,__all__,4,59,31,776,0.006969392154045122
prefill,__all__,4,60,32,743,0.006673013363989079
prefill,__all__,4,61,46,700,0.006286822819370599
prefill,__all__,4,62,54,686,0.006161086362983187
prefill,__all__,4,63,15,522,0.004688173588159218
prefill,__all__,4,64,0,395,0.0035475643052162668
prefill,__all__,5,1,0,5799,0.052081836470757294
prefill,__all__,5,2,42,4722,0.04240911050438281
prefill,__all__,5,3,2,4189,0.03762214398620491
prefill,__all__,5,4,10,3575,0.03210770225607128
prefill,__all__,5,5,21,2835,0.025461632418450928
prefill,__all__,5,6,14,2794,0.025093404224744934
prefill,__all__,5,7,17,2618,0.02351271734444604
prefill,__all__,5,8,6,2568,0.023063658571633856
prefill,__all__,5,9,52,2567,0.02305467739617761
prefill,__all__,5,10,40,2557,0.022964865641615175
prefill,__all__,5,11,8,2418,0.0217164822531973
prefill,__all__,5,12,23,2207,0.019821454231929873
prefill,__all__,5,13,54,2177,0.019552018968242563
prefill,__all__,5,14,60,2142,0.019237677827274032
prefill,__all__,5,15,57,2139,0.0192107343009053
prefill,__all__,5,16,63,2128,0.01911194137088662
prefill,__all__,5,17,55,2124,0.019076016669061648
prefill,__all__,5,18,22,2117,0.01901314844086794
prefill,__all__,5,19,31,2111,0.018959261388130477
prefill,__all__,5,20,19,2071,0.018600014369880728
prefill,__all__,5,21,58,2069,0.018582052018968242
prefill,__all__,5,22,20,2047,0.01838446615893088
prefill,__all__,5,23,13,2021,0.018150955597068544
prefill,__all__,5,24,32,1945,0.017468386262394022
prefill,__all__,5,25,30,1864,0.016740911050438283
prefill,__all__,5,26,37,1778,0.015968529961201322
prefill,__all__,5,27,45,1722,0.015465584135651675
prefill,__all__,5,28,35,1710,0.01535781003017675
prefill,__all__,5,29,11,1653,0.014845883029170857
prefill,__all__,5,30,39,1650,0.014818939502802126
prefill,__all__,5,31,53,1642,0.014747090099152177
prefill,__all__,5,32,18,1637,0.01470218422187096
prefill,__all__,5,33,44,1586,0.01424414427360253
prefill,__all__,5,34,34,1561,0.014019614887196436
prefill,__all__,5,35,43,1500,0.013471763184365569
prefill,__all__,5,36,50,1495,0.013426857307084351
prefill,__all__,5,37,41,1485,0.013337045552521914
prefill,__all__,5,38,28,1475,0.013247233797959477
prefill,__all__,5,39,51,1421,0.012762250323322316
prefill,__all__,5,40,26,1392,0.01250179623509125
prefill,__all__,5,41,27,1364,0.012250323322316424
prefill,__all__,5,42,16,1243,0.011163601092110936
prefill,__all__,5,43,33,1160,0.010418163529242708
prefill,__all__,5,44,9,1132,0.010166690616467883
prefill,__all__,5,45,15,1071,0.009618838913637016
prefill,__all__,5,46,62,1035,0.009295516597212243
prefill,__all__,5,47,4,1024,0.009196723667193563
prefill,__all__,5,48,1,1015,0.009115893088087369
prefill,__all__,5,49,49,998,0.008963213105331226
prefill,__all__,5,50,7,970,0.008711740192556402
prefill,__all__,5,51,59,965,0.008666834315275183
prefill,__all__,5,52,56,892,0.008011208506969392
prefill,__all__,5,53,38,880,0.007903434401494467
prefill,__all__,5,54,48,871,0.007822603822388275
prefill,__all__,5,55,46,839,0.007535206207788476
prefill,__all__,5,56,24,798,0.0071669780140824835
prefill,__all__,5,57,61,779,0.006996335680413852
prefill,__all__,5,58,47,777,0.006978373329501365
prefill,__all__,5,59,5,776,0.006969392154045122
prefill,__all__,5,60,29,747,0.006708938065814054
prefill,__all__,5,61,12,725,0.006511352205776692
prefill,__all__,5,62,3,656,0.005891651099295876
prefill,__all__,5,63,36,562,0.005047420606408967
prefill,__all__,5,64,25,554,0.004975571202759017
prefill,__all__,6,1,18,6156,0.0552881161086363
prefill,__all__,6,2,52,4476,0.040199741342146864
prefill,__all__,6,3,57,4452,0.03998419313119701
prefill,__all__,6,4,42,3760,0.03376921971547636
prefill,__all__,6,5,61,3746,0.03364348325908895
prefill,__all__,6,6,5,3652,0.03279925276620204
prefill,__all__,6,7,36,3549,0.031874191694208936
prefill,__all__,6,8,62,2969,0.026665109929587583
prefill,__all__,6,9,24,2708,0.024321023135507977
prefill,__all__,6,10,2,2598,0.023333093835321166
prefill,__all__,6,11,55,2591,0.02327022560712746
prefill,__all__,6,12,20,2439,0.021905086937778418
prefill,__all__,6,13,40,2283,0.0205040235666044
prefill,__all__,6,14,16,2225,0.01998311539014226
prefill,__all__,6,15,26,2076,0.01864492024716195
prefill,__all__,6,16,1,2067,0.018564089668055755
prefill,__all__,6,17,48,2016,0.018106049719787326
prefill,__all__,6,18,9,2004,0.0179982756143124
prefill,__all__,6,19,59,1967,0.017665972122431383
prefill,__all__,6,20,0,1963,0.01763004742060641
prefill,__all__,6,21,3,1940,0.017423480385112804
prefill,__all__,6,22,45,1931,0.01734264980600661
prefill,__all__,6,23,47,1798,0.016148153470326197
prefill,__all__,6,24,35,1783,0.01601343583848254
prefill,__all__,6,25,21,1732,0.01555539589021411
prefill,__all__,6,26,38,1727,0.015510490012932893
prefill,__all__,6,27,12,1711,0.015366791205632993
prefill,__all__,6,28,15,1647,0.014791995976433396
prefill,__all__,6,29,28,1647,0.014791995976433396
prefill,__all__,6,30,6,1621,0.01455848541457106
prefill,__all__,6,31,49,1555,0.013965727834458975
prefill,__all__,6,32,39,1518,0.013633424342577957
prefill,__all__,6,33,63,1477,0.013265196148871965
prefill,__all__,6,34,13,1415,0.012708363270584853
prefill,__all__,6,35,25,1409,0.012654476217847392
prefill,__all__,6,36,17,1382,0.012411984480528812
prefill,__all__,6,37,4,1346,0.012088662164104038
prefill,__all__,6,38,44,1343,0.012061718637735306
prefill,__all__,6,39,58,1330,0.011944963356804138
prefill,__all__,6,40,30,1327,0.011918019830435408
prefill,__all__,6,41,54,1321,0.011864132777697945
prefill,__all__,6,42,53,1298,0.01165756574220434
prefill,__all__,6,43,23,1232,0.011064808162092255
prefill,__all__,6,44,8,1212,0.01088518465296738
prefill,__all__,6,45,50,1160,0.010418163529242708
prefill,__all__,6,46,22,1156,0.010382238827417732
prefill,__all__,6,47,10,1151,0.010337332950136514
prefill,__all__,6,48,27,960,0.008621928437993965
prefill,__all__,6,49,32,937,0.008415361402500359
prefill,__all__,6,50,19,936,0.008406380227044116
prefill,__all__,6,51,56,929,0.00834351199885041
prefill,__all__,6,52,29,928,0.008334530823394165
prefill,__all__,6,53,33,888,0.007975283805144418
prefill,__all__,6,54,7,775,0.006960410978588878
prefill,__all__,6,55,43,758,0.0068077309958327345
prefill,__all__,6,56,41,712,0.006394596924845524
prefill,__all__,6,57,11,685,0.006152105187526943
prefill,__all__,6,58,46,660,0.005927575801120851
prefill,__all__,6,59,37,652,0.005855726397470901
prefill,__all__,6,60,51,397,0.003565526656128754
prefill,__all__,6,61,31,394,0.003538583129760023
prefill,__all__,6,62,60,367,0.0032960913924414427
prefill,__all__,6,63,14,342,0.00307156200603535
prefill,__all__,6,64,34,158,0.0014190257220865067
prefill,__all__,7,1,4,5580,0.05011495904583992
prefill,__all__,7,2,17,5111,0.045902787756861615
prefill,__all__,7,3,35,3341,0.030006107199310246
prefill,__all__,7,4,46,3270,0.029368443741916942
prefill,__all__,7,5,2,3047,0.027365641615174595
prefill,__all__,7,6,38,3017,0.02709620635148728
prefill,__all__,7,7,1,2964,0.026620204052306366
prefill,__all__,7,8,29,2758,0.02477008190832016
prefill,__all__,7,9,21,2733,0.02454555252191407
prefill,__all__,7,10,48,2572,0.023099583273458832
prefill,__all__,7,11,23,2557,0.022964865641615175
prefill,__all__,7,12,5,2520,0.022632562149734158
prefill,__all__,7,13,37,2467,0.02215655985055324
prefill,__all__,7,14,58,2447,0.021976936341428367
prefill,__all__,7,15,26,2329,0.020917157637591607
prefill,__all__,7,16,32,2328,0.020908176462135365
prefill,__all__,7,17,0,2258,0.020279494180198303
prefill,__all__,7,18,56,2220,0.019938209512861044
prefill,__all__,7,19,54,2178,0.01956100014369881
prefill,__all__,7,20,44,2143,0.019246659002730277
prefill,__all__,7,21,61,2018,0.018124012070699812
prefill,__all__,7,22,18,2016,0.018106049719787326
prefill,__all__,7,23,41,1905,0.017109139244144273
prefill,__all__,7,24,39,1894,0.017010346314125593
prefill,__all__,7,25,31,1814,0.016291852277626095
prefill,__all__,7,26,45,1813,0.016282871102169853
prefill,__all__,7,27,63,1783,0.01601343583848254
prefill,__all__,7,28,19,1716,0.015411697082914212
prefill,__all__,7,29,36,1690,0.015178186521051875
prefill,__all__,7,30,43,1657,0.014881807730995832
prefill,__all__,7,31,47,1581,0.01419923839632131
prefill,__all__,7,32,15,1577,0.014163313694496336
prefill,__all__,7,33,55,1569,0.014091464290846387
prefill,__all__,7,34,24,1515,0.013606480816209226
prefill,__all__,7,35,52,1463,0.013139459692484553
prefill,__all__,7,36,34,1429,0.012834099726972267
prefill,__all__,7,37,14,1422,0.01277123149877856
prefill,__all__,7,38,13,1362,0.012232360971403938
prefill,__all__,7,39,16,1329,0.011935982181347895
prefill,__all__,7,40,62,1305,0.011720433970398045
prefill,__all__,7,41,12,1277,0.011468961057623222
prefill,__all__,7,42,11,1268,0.011388130478517028
prefill,__all__,7,43,40,1259,0.011307299899410836
prefill,__all__,7,44,10,1194,0.010723523494754994
prefill,__all__,7,45,59,1190,0.010687598792930018
prefill,__all__,7,46,20,1133,0.010175671791924128
prefill,__all__,7,47,3,1114,0.010005029458255496
prefill,__all__,7,48,25,1105,0.009924198879149302
prefill,__all__,7,49,22,1101,0.009888274177324328
prefill,__all__,7,50,49,998,0.008963213105331226
prefill,__all__,7,51,9,931,0.008361474349762896
prefill,__all__,7,52,42,919,0.008253700244287973
prefill,__all__,7,53,57,890,0.007993246156056904
prefill,__all__,7,54,33,805,0.007229846242276189
prefill,__all__,7,55,53,788,0.007077166259520046
prefill,__all__,7,56,27,753,0.006762825118551516
prefill,__all__,7,57,60,694,0.0062329357666331365
prefill,__all__,7,58,30,672,0.006035349906595776
prefill,__all__,7,59,6,641,0.00575693346745222
prefill,__all__,7,60,50,459,0.004122359534415865
prefill,__all__,7,61,8,427,0.0038349619198160653
prefill,__all__,7,62,7,371,0.0033320160942664177
prefill,__all__,7,63,51,330,0.0029637879005604256
prefill,__all__,7,64,28,327,0.002936844374191694
prefill,__all__,8,1,54,5755,0.05168666475068257
prefill,__all__,8,2,3,4454,0.040002155482109496
prefill,__all__,8,3,37,3474,0.03120060353499066
prefill,__all__,8,4,18,3295,0.029592973128323034
prefill,__all__,8,5,11,3278,0.02944029314556689
prefill,__all__,8,6,45,3046,0.02735666043971835
prefill,__all__,8,7,51,2977,0.026736959333237532
prefill,__all__,8,8,16,2647,0.02377317143267711
prefill,__all__,8,9,20,2593,0.023288187958039948
prefill,__all__,8,10,10,2517,0.022605618623365426
prefill,__all__,8,11,57,2460,0.022093691622359534
prefill,__all__,8,12,30,2384,0.021411122287685012
prefill,__all__,8,13,35,2369,0.021276404655841356
prefill,__all__,8,14,55,2364,0.021231498778560138
prefill,__all__,8,15,12,2316,0.02080040235666044
prefill,__all__,8,16,63,2221,0.01994719068831729
prefill,__all__,8,17,17,2205,0.019803491881017387
prefill,__all__,8,18,32,2172,0.019507113090961346
prefill,__all__,8,19,1,2137,0.019192771949992814
prefill,__all__,8,20,6,2123,0.019067035493605403
prefill,__all__,8,21,42,2076,0.01864492024716195
prefill,__all__,8,22,15,2064,0.018537146141687024
prefill,__all__,8,23,34,1957,0.017576160367868948
prefill,__all__,8,24,56,1917,0.0172169133496192
prefill,__all__,8,25,52,1856,0.01666906164678833
prefill,__all__,8,26,28,1780,0.01598649231211381
prefill,__all__,8,27,29,1777,0.015959548785745077
prefill,__all__,8,28,27,1741,0.015636226469320304
prefill,__all__,8,29,50,1695,0.015223092398333095
prefill,__all__,8,30,62,1606,0.014423767782727403
prefill,__all__,8,31,5,1604,0.014405805431814916
prefill,__all__,8,32,53,1599,0.014360899554533697
prefill,__all__,8,33,21,1586,0.01424414427360253
prefill,__all__,8,34,33,1583,0.014217200747233798
prefill,__all__,8,35,14,1531,0.013750179623509124
prefill,__all__,8,36,0,1508,0.01354361258801552
prefill,__all__,8,37,58,1479,0.013283158499784451
prefill,__all__,8,38,26,1448,0.013004742060640897
prefill,__all__,8,39,61,1424,0.012789193849691047
prefill,__all__,8,40,9,1378,0.012376059778703838
prefill,__all__,8,41,23,1369,0.012295229199597644
prefill,__all__,8,42,44,1333,0.011971906883172869
prefill,__all__,8,43,24,1319,0.011846170426785457
prefill,__all__,8,44,40,1204,0.01081333524931743
prefill,__all__,8,45,25,1164,0.010454088231067683
prefill,__all__,8,46,60,1128,0.010130765914642908
prefill,__all__,8,47,38,1098,0.009861330650955596
prefill,__all__,8,48,36,1073,0.009636801264549504
prefill,__all__,8,49,2,1030,0.009250610719931024
prefill,__all__,8,50,13,918,0.00824471906883173
prefill,__all__,8,51,31,906,0.008136944963356804
prefill,__all__,8,52,41,890,0.007993246156056904
prefill,__all__,8,53,47,884,0.007939359103319443
prefill,__all__,8,54,48,871,0.007822603822388275
prefill,__all__,8,55,49,868,0.007795660296019543
prefill,__all__,8,56,19,860,0.007723810892369593
prefill,__all__,8,57,22,783,0.007032260382238828
prefill,__all__,8,58,39,653,0.005864707572927144
prefill,__all__,8,59,7,503,0.0045175312544905874
prefill,__all__,8,60,46,497,0.004463644201753126
prefill,__all__,8,61,43,462,0.004149303060784595
prefill,__all__,8,62,8,423,0.003799037217991091
prefill,__all__,8,63,59,411,0.0036912631125161663
prefill,__all__,8,64,4,301,0.0027033338123293575
prefill,__all__,9,1,5,6116,0.05492886909038655
prefill,__all__,9,2,46,4583,0.04116072711596494
prefill,__all__,9,3,50,3537,0.03176641758873401
prefill,__all__,9,4,51,3061,0.027491378071562007
prefill,__all__,9,5,7,2767,0.024850912487426356
prefill,__all__,9,6,37,2524,0.02266848685155913
prefill,__all__,9,7,13,2515,0.02258765627245294
prefill,__all__,9,8,48,2490,0.022363126886046848
prefill,__all__,9,9,4,2358,0.021177611725822675
prefill,__all__,9,10,6,2279,0.020468098864779422
prefill,__all__,9,11,52,2263,0.020324400057479524
prefill,__all__,9,12,21,2238,0.020099870671073432
prefill,__all__,9,13,55,2205,0.019803491881017387
prefill,__all__,9,14,42,2188,0.019650811898261244
prefill,__all__,9,15,39,2169,0.019480169564592614
prefill,__all__,9,16,28,2030,0.018231786176174738
prefill,__all__,9,17,58,2004,0.0179982756143124
prefill,__all__,9,18,41,1967,0.017665972122431383
prefill,__all__,9,19,0,1946,0.017477367437850267
prefill,__all__,9,20,36,1928,0.01731570627963788
prefill,__all__,9,21,17,1924,0.017279781577812903
prefill,__all__,9,22,16,1865,0.016749892225894524
prefill,__all__,9,23,38,1858,0.01668702399770082
prefill,__all__,9,24,43,1815,0.01630083345308234
prefill,__all__,9,25,32,1809,0.016246946400344877
prefill,__all__,9,26,53,1797,0.01613917229486995
prefill,__all__,9,27,18,1757,0.015779925276620203
prefill,__all__,9,28,12,1750,0.0157170570484265
prefill,__all__,9,29,26,1717,0.015420678258370455
prefill,__all__,9,30,63,1708,0.015339847679264261
prefill,__all__,9,31,1,1681,0.015097355941945683
prefill,__all__,9,32,8,1630,0.014639315993677253
prefill,__all__,9,33,27,1585,0.014235163098146285
prefill,__all__,9,34,40,1580,0.014190257220865067
prefill,__all__,9,35,54,1563,0.014037577238108924
prefill,__all__,9,36,44,1518,0.013633424342577957
prefill,__all__,9,37,29,1514,0.013597499640752981
prefill,__all__,9,38,59,1495,0.013426857307084351
prefill,__all__,9,39,61,1483,0.013319083201609426
prefill,__all__,9,40,2,1480,0.013292139675240695
prefill,__all__,9,41,20,1452,0.013040666762465871
prefill,__all__,9,42,10,1447,0.012995760885184653
prefill,__all__,9,43,33,1437,0.012905949130622216
prefill,__all__,9,44,30,1376,0.01235809742779135
prefill,__all__,9,45,23,1339,0.012025793935910332
prefill,__all__,9,46,35,1332,0.011962925707716626
prefill,__all__,9,47,47,1311,0.011774321023135508
prefill,__all__,9,48,9,1219,0.010948052881161087
prefill,__all__,9,49,11,1179,0.010588805862911338
prefill,__all__,9,50,24,1163,0.010445107055611438
prefill,__all__,9,51,60,1151,0.010337332950136514
prefill,__all__,9,52,34,1141,0.010247521195574077
prefill,__all__,9,53,14,1136,0.010202615318292859
prefill,__all__,9,54,31,1123,0.01008586003736169
prefill,__all__,9,55,49,1011,0.009079968386262394
prefill,__all__,9,56,62,936,0.008406380227044116
prefill,__all__,9,57,22,912,0.008190832016094267
prefill,__all__,9,58,45,778,0.006987354504957609
prefill,__all__,9,59,56,730,0.006556258083057911
prefill,__all__,9,60,3,672,0.006035349906595776
prefill,__all__,9,61,15,593,0.005325837045552522
prefill,__all__,9,62,25,550,0.004939646500934042
prefill,__all__,9,63,57,413,0.0037092254634286535
prefill,__all__,9,64,19,246,0.0022093691622359535
prefill,__all__,10,1,56,4769,0.04283122575082627
prefill,__all__,10,2,62,3742,0.033607558557263974
prefill,__all__,10,3,2,3052,0.027410547492455813
prefill,__all__,10,4,44,2922,0.02624299468314413
prefill,__all__,10,5,43,2876,0.02582986061215692
prefill,__all__,10,6,13,2801,0.025156272452938642
prefill,__all__,10,7,17,2792,0.025075441873832448
prefill,__all__,10,8,37,2596,0.02331513148440868
prefill,__all__,10,9,16,2593,0.023288187958039948
prefill,__all__,10,10,40,2489,0.022354145710590603
prefill,__all__,10,11,30,2279,0.020468098864779422
prefill,__all__,10,12,47,2225,0.01998311539014226
prefill,__all__,10,13,5,2210,0.019848397758298605
prefill,__all__,10,14,32,2135,0.019174809599080328
prefill,__all__,10,15,6,2100,0.018860468458111797
prefill,__all__,10,16,24,2083,0.018707788475355654
prefill,__all__,10,17,53,2047,0.01838446615893088
prefill,__all__,10,18,22,2046,0.018375484983474636
prefill,__all__,10,19,31,2028,0.01821382382526225
prefill,__all__,10,20,59,2023,0.01816891794798103
prefill,__all__,10,21,38,2019,0.018132993246156057
prefill,__all__,10,22,11,1993,0.01789948268429372
prefill,__all__,10,23,36,1982,0.01780068975427504
prefill,__all__,10,24,54,1974,0.01772884035062509
prefill,__all__,10,25,0,1943,0.017450423911481536
prefill,__all__,10,26,1,1923,0.01727080040235666
prefill,__all__,10,27,52,1804,0.01620204052306366
prefill,__all__,10,28,12,1756,0.01577094410116396
prefill,__all__,10,29,23,1736,0.015591320592039087
prefill,__all__,10,30,39,1730,0.015537433539301624
prefill,__all__,10,31,14,1661,0.014917732432820808
prefill,__all__,10,32,9,1589,0.01427108779997126
prefill,__all__,10,33,41,1568,0.014082483115390142
prefill,__all__,10,34,19,1563,0.014037577238108924
prefill,__all__,10,35,45,1427,0.012816137376059779
prefill,__all__,10,36,49,1418,0.012735306796953585
prefill,__all__,10,37,8,1389,0.012474852708722518
prefill,__all__,10,38,50,1380,0.012394022129616324
prefill,__all__,10,39,10,1355,0.012169492743210232
prefill,__all__,10,40,3,1354,0.012160511567753989
prefill,__all__,10,41,34,1342,0.012052737462279063
prefill,__all__,10,42,61,1320,0.011855151602241702
prefill,__all__,10,43,29,1302,0.011693490444029314
prefill,__all__,10,44,7,1296,0.011639603391291851
prefill,__all__,10,45,42,1292,0.011603678689466877
prefill,__all__,10,46,15,1289,0.011576735163098146
prefill,__all__,10,47,35,1280,0.011495904583991953
prefill,__all__,10,48,28,1275,0.011450998706710734
prefill,__all__,10,49,60,1247,0.01119952579393591
prefill,__all__,10,50,4,1189,0.010678617617473775
prefill,__all__,10,51,20,1134,0.010184652967380371
prefill,__all__,10,52,46,1111,0.009978085931886765
prefill,__all__,10,53,27,1089,0.009780500071849404
prefill,__all__,10,54,51,1047,0.009403290702687167
prefill,__all__,10,55,48,1007,0.00904404368443742
prefill,__all__,10,56,21,998,0.008963213105331226
prefill,__all__,10,57,33,979,0.008792570771662594
prefill,__all__,10,58,26,949,0.008523135507975284
prefill,__all__,10,59,58,938,0.008424342577956602
prefill,__all__,10,60,18,931,0.008361474349762896
prefill,__all__,10,61,55,916,0.008226756717919241
prefill,__all__,10,62,57,772,0.006933467452220146
prefill,__all__,10,63,63,736,0.006610145135795373
prefill,__all__,10,64,25,533,0.004786966518177899
prefill,__all__,11,1,47,5251,0.04716015232073574
prefill,__all__,11,2,27,4815,0.04324435982181348
prefill,__all__,11,3,57,4529,0.040675743641327776
prefill,__all__,11,4,13,3850,0.034577525506538295
prefill,__all__,11,5,43,3758,0.03375125736456387
prefill,__all__,11,6,7,2890,0.02595559706854433
prefill,__all__,11,7,44,2831,0.025425707716625952
prefill,__all__,11,8,58,2734,0.02455453369737031
prefill,__all__,11,9,55,2426,0.021788331656847248
prefill,__all__,11,10,63,2405,0.021599726972266132
prefill,__all__,11,11,15,2368,0.021267423480385114
prefill,__all__,11,12,34,2296,0.020620778847535565
prefill,__all__,11,13,1,2220,0.019938209512861044
prefill,__all__,11,14,61,2175,0.019534056617330077
prefill,__all__,11,15,22,2113,0.018977223739042967
prefill,__all__,11,16,23,2014,0.01808808736887484
prefill,__all__,11,17,33,2010,0.018052162667049863
prefill,__all__,11,18,6,1966,0.01765699094697514
prefill,__all__,11,19,0,1964,0.01763902859606265
prefill,__all__,11,20,8,1933,0.017360612156919097
prefill,__all__,11,21,31,1925,0.017288762753269148
prefill,__all__,11,22,11,1890,0.016974421612300616
prefill,__all__,11,23,45,1843,0.016552306365857163
prefill,__all__,11,24,54,1840,0.016525362839488432
prefill,__all__,11,25,18,1818,0.01632777697945107
prefill,__all__,11,26,56,1801,0.016175096996694928
prefill,__all__,11,27,46,1782,0.0160044546630263
prefill,__all__,11,28,17,1757,0.015779925276620203
prefill,__all__,11,29,52,1691,0.015187167696508118
prefill,__all__,11,30,20,1656,0.014872826555539589
prefill,__all__,11,31,51,1589,0.01427108779997126
prefill,__all__,11,32,49,1570,0.01410044546630263
prefill,__all__,11,33,32,1519,0.0136424055180342
prefill,__all__,11,34,37,1480,0.013292139675240695
prefill,__all__,11,35,30,1465,0.01315742204339704
prefill,__all__,11,36,24,1325,0.01190005747952292
prefill,__all__,11,37,42,1316,0.011819226900416726
prefill,__all__,11,38,14,1280,0.011495904583991953
prefill,__all__,11,39,36,1273,0.011433036355798247
prefill,__all__,11,40,26,1226,0.011010921109354792
prefill,__all__,11,41,3,1216,0.010921109354792355
prefill,__all__,11,42,59,1148,0.010310389423767783
prefill,__all__,11,43,2,1146,0.010292427072855295
prefill,__all__,11,44,12,1139,0.010229558844661589
prefill,__all__,11,45,40,1127,0.010121784739186665
prefill,__all__,11,46,53,1110,0.009969104756430522
prefill,__all__,11,47,21,1095,0.009834387124586865
prefill,__all__,11,48,41,1067,0.009582914211812042
prefill,__all__,11,49,4,1022,0.009178761316281075
prefill,__all__,11,50,19,1002,0.0089991378071562
prefill,__all__,11,51,9,995,0.008936269578962494
prefill,__all__,11,52,62,980,0.00880155194711884
prefill,__all__,11,53,16,947,0.008505173157062796
prefill,__all__,11,54,29,941,0.008451286104325334
prefill,__all__,11,55,5,935,0.008397399051587871
prefill,__all__,11,56,35,919,0.008253700244287973
prefill,__all__,11,57,60,911,0.008181850840638022
prefill,__all__,11,58,39,894,0.008029170857881879
prefill,__all__,11,59,25,876,0.007867509699669492
prefill,__all__,11,60,50,776,0.006969392154045122
prefill,__all__,11,61,10,773,0.00694244862767639
prefill,__all__,11,62,38,723,0.006493389854864205
prefill,__all__,11,63,28,671,0.0060263687311395316
prefill,__all__,11,64,48,337,0.0030266561287541315
prefill,__all__,12,1,2,4756,0.0427144704698951
prefill,__all__,12,2,38,4520,0.040594913062221585
prefill,__all__,12,3,43,4390,0.0394273602529099
prefill,__all__,12,4,19,3377,0.03032942951573502
prefill,__all__,12,5,8,2888,0.025937634717631844
prefill,__all__,12,6,55,2885,0.025910691191263113
prefill,__all__,12,7,51,2834,0.025452651242994683
prefill,__all__,12,8,30,2754,0.024734157206495185
prefill,__all__,12,9,52,2617,0.0235037361689898
prefill,__all__,12,10,50,2551,0.022910978588877712
prefill,__all__,12,11,40,2513,0.02256969392154045
prefill,__all__,12,12,32,2470,0.022183503376921973
prefill,__all__,12,13,45,2398,0.021536858744072424
prefill,__all__,12,14,14,2265,0.02034236240839201
prefill,__all__,12,15,6,2233,0.02005496479379221
prefill,__all__,12,16,31,2181,0.01958794367006754
prefill,__all__,12,17,46,2178,0.01956100014369881
prefill,__all__,12,18,25,2148,0.019291564880011495
prefill,__all__,12,19,9,2127,0.01910296019543038
prefill,__all__,12,20,59,2040,0.018321597930737173
prefill,__all__,12,21,48,2030,0.018231786176174738
prefill,__all__,12,22,21,2028,0.01821382382526225
prefill,__all__,12,23,22,1946,0.017477367437850267
prefill,__all__,12,24,7,1866,0.01675887340135077
prefill,__all__,12,25,58,1828,0.016417588734013507
prefill,__all__,12,26,54,1788,0.016058341715763758
prefill,__all__,12,27,15,1777,0.015959548785745077
prefill,__all__,12,28,17,1773,0.015923624083920104
prefill,__all__,12,29,63,1737,0.01560030176749533
prefill,__all__,12,30,0,1657,0.014881807730995832
prefill,__all__,12,31,23,1576,0.014154332519040093
prefill,__all__,12,32,53,1562,0.01402859606265268
prefill,__all__,12,33,29,1483,0.013319083201609426
prefill,__all__,12,34,34,1465,0.01315742204339704
prefill,__all__,12,35,5,1463,0.013139459692484553
prefill,__all__,12,36,11,1441,0.01294187383244719
prefill,__all__,12,37,16,1345,0.012079680988647794
prefill,__all__,12,38,47,1316,0.011819226900416726
prefill,__all__,12,39,41,1307,0.011738396321310534
prefill,__all__,12,40,4,1297,0.011648584566748096
prefill,__all__,12,41,3,1265,0.011361186952148297
prefill,__all__,12,42,49,1263,0.01134322460123581
prefill,__all__,12,43,26,1246,0.011190544618479667
prefill,__all__,12,44,62,1175,0.010552881161086363
prefill,__all__,12,45,44,1138,0.010220577669205345
prefill,__all__,12,46,1,1101,0.009888274177324328
prefill,__all__,12,47,27,1099,0.009870311826411841
prefill,__all__,12,48,42,1081,0.009708650668199453
prefill,__all__,12,49,56,1015,0.009115893088087369
prefill,__all__,12,50,28,1005,0.009026081333524932
prefill,__all__,12,51,13,986,0.0088554389998563
prefill,__all__,12,52,10,977,0.008774608420750108
prefill,__all__,12,53,57,932,0.008370455525219141
prefill,__all__,12,54,36,919,0.008253700244287973
prefill,__all__,12,55,33,916,0.008226756717919241
prefill,__all__,12,56,61,907,0.008145926138813047
prefill,__all__,12,57,24,852,0.007651961488719643
prefill,__all__,12,58,39,795,0.007140034487713752
prefill,__all__,12,59,20,780,0.007005316855870096
prefill,__all__,12,60,37,776,0.006969392154045122
prefill,__all__,12,61,60,701,0.006295803994826843
prefill,__all__,12,62,12,656,0.005891651099295876
prefill,__all__,12,63,35,611,0.005487498203764909
prefill,__all__,12,64,18,338,0.003035637304210375
prefill,__all__,13,1,2,4685,0.0420768070125018
prefill,__all__,13,2,55,3766,0.033823106768213825
prefill,__all__,13,3,6,3684,0.03308665038080184
prefill,__all__,13,4,32,3527,0.031676605834171576
prefill,__all__,13,5,27,3473,0.031191622359534415
prefill,__all__,13,6,25,3151,0.02829968386262394
prefill,__all__,13,7,62,3034,0.027248886334243425
prefill,__all__,13,8,46,2862,0.025704124155769507
prefill,__all__,13,9,61,2771,0.02488683718925133
prefill,__all__,13,10,54,2736,0.0245724960482828
prefill,__all__,13,11,41,2696,0.02421324903003305
prefill,__all__,13,12,63,2561,0.023000790343440148
prefill,__all__,13,13,11,2429,0.02181527518321598
prefill,__all__,13,14,8,2374,0.021321310533122573
prefill,__all__,13,15,5,2359,0.02118659290127892
prefill,__all__,13,16,43,2320,0.020836327058485416
prefill,__all__,13,17,36,2301,0.020665684724816783
prefill,__all__,13,18,22,2245,0.020162738899267136
prefill,__all__,13,19,3,2081,0.018689826124443167
prefill,__all__,13,20,35,2058,0.01848325908894956
prefill,__all__,13,21,1,2037,0.018294654404368445
prefill,__all__,13,22,52,1946,0.017477367437850267
prefill,__all__,13,23,7,1838,0.016507400488575946
prefill,__all__,13,24,13,1828,0.016417588734013507
prefill,__all__,13,25,56,1813,0.016282871102169853
prefill,__all__,13,26,34,1730,0.015537433539301624
prefill,__all__,13,27,19,1641,0.014738108923695934
prefill,__all__,13,28,31,1572,0.014118407817215118
prefill,__all__,13,29,53,1526,0.013705273746227906
prefill,__all__,13,30,37,1494,0.013417876131628108
prefill,__all__,13,31,58,1479,0.013283158499784451
prefill,__all__,13,32,48,1470,0.01320232792067826
prefill,__all__,13,33,33,1462,0.013130478517028308
prefill,__all__,13,34,30,1427,0.012816137376059779
prefill,__all__,13,35,29,1390,0.012483833884178761
prefill,__all__,13,36,47,1361,0.012223379795947694
prefill,__all__,13,37,45,1275,0.011450998706710734
prefill,__all__,13,38,57,1238,0.011118695214829716
prefill,__all__,13,39,23,1221,0.010966015232073573
prefill,__all__,13,40,42,1201,0.0107863917229487
prefill,__all__,13,41,24,1190,0.010687598792930018
prefill,__all__,13,42,0,1183,0.010624730564736312
prefill,__all__,13,43,21,1158,0.01040020117833022
prefill,__all__,13,44,12,1151,0.010337332950136514
prefill,__all__,13,45,39,1114,0.010005029458255496
prefill,__all__,13,46,10,1114,0.010005029458255496
prefill,__all__,13,47,51,1083,0.009726613019111941
prefill,__all__,13,48,26,1066,0.009573933036355798
prefill,__all__,13,49,20,1061,0.009529027159074579
prefill,__all__,13,50,28,1054,0.009466158930880873
prefill,__all__,13,51,17,1042,0.00935838482540595
prefill,__all__,13,52,38,1035,0.009295516597212243
prefill,__all__,13,53,44,1006,0.009035062508981175
prefill,__all__,13,54,14,988,0.008873401350768789
prefill,__all__,13,55,9,986,0.0088554389998563
prefill,__all__,13,56,18,952,0.008550079034344014
prefill,__all__,13,57,50,948,0.00851415433251904
prefill,__all__,13,58,59,899,0.008074076735163098
prefill,__all__,13,59,40,894,0.008029170857881879
prefill,__all__,13,60,15,783,0.007032260382238828
prefill,__all__,13,61,4,777,0.006978373329501365
prefill,__all__,13,62,49,666,0.005981462853858313
prefill,__all__,13,63,16,618,0.005550366431958615
prefill,__all__,13,64,60,514,0.004616324184509269
prefill,__all__,14,1,58,4314,0.03874479091823538
prefill,__all__,14,2,36,4067,0.03652644058054318
prefill,__all__,14,3,6,3877,0.034820017243856874
prefill,__all__,14,4,37,2831,0.025425707716625952
prefill,__all__,14,5,52,2806,0.02520117833021986
prefill,__all__,14,6,7,2789,0.025048498347463716
prefill,__all__,14,7,1,2654,0.023836039660870816
prefill,__all__,14,8,11,2644,0.023746227906308377
prefill,__all__,14,9,3,2642,0.02372826555539589
prefill,__all__,14,10,49,2366,0.021249461129472624
prefill,__all__,14,11,44,2338,0.0209979882166978
prefill,__all__,14,12,34,2230,0.02002802126742348
prefill,__all__,14,13,15,2208,0.01983043540738612
prefill,__all__,14,14,42,2207,0.019821454231929873
prefill,__all__,14,15,38,2192,0.01968673660008622
prefill,__all__,14,16,63,2124,0.019076016669061648
prefill,__all__,14,17,43,2097,0.018833524931743065
prefill,__all__,14,18,2,2068,0.018573070843512
prefill,__all__,14,19,60,2039,0.018312616755280932
prefill,__all__,14,20,9,2027,0.018204842649806006
prefill,__all__,14,21,39,2010,0.018052162667049863
prefill,__all__,14,22,5,1933,0.017360612156919097
prefill,__all__,14,23,59,1932,0.017351630981462855
prefill,__all__,14,24,21,1920,0.01724385687598793
prefill,__all__,14,25,28,1897,0.017037289840494324
prefill,__all__,14,26,13,1891,0.01698340278775686
prefill,__all__,14,27,20,1883,0.016911553384106912
prefill,__all__,14,28,62,1868,0.016776835752263256
prefill,__all__,14,29,53,1804,0.01620204052306366
prefill,__all__,14,30,12,1790,0.016076304066676247
prefill,__all__,14,31,24,1771,0.015905661733007614
prefill,__all__,14,32,57,1757,0.015779925276620203
prefill,__all__,14,33,48,1753,0.01574400057479523
prefill,__all__,14,34,16,1698,0.015250035924701824
prefill,__all__,14,35,45,1648,0.01480097715188964
prefill,__all__,14,36,46,1639,0.014720146572783446
prefill,__all__,14,37,31,1534,0.013777123149877855
prefill,__all__,14,38,18,1464,0.013148440867940796
prefill,__all__,14,39,35,1430,0.01284308090242851
prefill,__all__,14,40,40,1365,0.012259304497772669
prefill,__all__,14,41,8,1352,0.0121425492168415
prefill,__all__,14,42,0,1332,0.011962925707716626
prefill,__all__,14,43,25,1316,0.011819226900416726
prefill,__all__,14,44,41,1303,0.011702471619485559
prefill,__all__,14,45,23,1285,0.011540810461273171
prefill,__all__,14,46,14,1284,0.011531829285816928
prefill,__all__,14,47,10,1270,0.011406092829429516
prefill,__all__,14,48,50,1261,0.011325262250323322
prefill,__all__,14,49,22,1237,0.011109714039373473
prefill,__all__,14,50,29,1101,0.009888274177324328
prefill,__all__,14,51,47,1082,0.009717631843655698
prefill,__all__,14,52,27,1045,0.00938532835177468
prefill,__all__,14,53,4,1031,0.009259591895387269
prefill,__all__,14,54,54,977,0.008774608420750108
prefill,__all__,14,55,51,878,0.00788547205058198
prefill,__all__,14,56,19,873,0.007840566173300761
prefill,__all__,14,57,55,850,0.007633999137807156
prefill,__all__,14,58,17,848,0.007616036786894669
prefill,__all__,14,59,56,814,0.007310676821382383
prefill,__all__,14,60,26,791,0.007104109785888777
prefill,__all__,14,61,61,687,0.006170067538439431
prefill,__all__,14,62,32,620,0.005568328782871102
prefill,__all__,14,63,30,323,0.0029009196723667192
prefill,__all__,14,64,33,277,0.0024877856013795084
prefill,__all__,15,1,17,5159,0.04633388417876132
prefill,__all__,15,2,8,4089,0.036724026440580544
prefill,__all__,15,3,30,3647,0.03275434688892082
prefill,__all__,15,4,48,3381,0.030365354217559995
prefill,__all__,15,5,3,3297,0.02961093547923552
prefill,__all__,15,6,44,3079,0.02765303922977439
prefill,__all__,15,7,59,2799,0.025138310102026152
prefill,__all__,15,8,58,2564,0.02302773386980888
prefill,__all__,15,9,36,2551,0.022910978588877712
prefill,__all__,15,10,60,2425,0.021779350481391003
prefill,__all__,15,11,2,2375,0.02133029170857882
prefill,__all__,15,12,55,2167,0.019462207213680128
prefill,__all__,15,13,49,2158,0.019381376634573934
prefill,__all__,15,14,45,2139,0.0192107343009053
prefill,__all__,15,15,20,2110,0.018950280212674236
prefill,__all__,15,16,21,2073,0.018617976720793218
prefill,__all__,15,17,24,1996,0.01792642621066245
prefill,__all__,15,18,26,1977,0.017755783876993822
prefill,__all__,15,19,23,1957,0.017576160367868948
prefill,__all__,15,20,27,1933,0.017360612156919097
prefill,__all__,15,21,56,1918,0.017225894525075443
prefill,__all__,15,22,57,1891,0.01698340278775686
prefill,__all__,15,23,47,1846,0.016579249892225895
prefill,__all__,15,24,1,1834,0.01647147578675097
prefill,__all__,15,25,53,1810,0.016255927575801122
prefill,__all__,15,26,34,1795,0.016121209943957465
prefill,__all__,15,27,29,1782,0.0160044546630263
prefill,__all__,15,28,40,1724,0.015483546486564161
prefill,__all__,15,29,7,1723,0.015474565311107918
prefill,__all__,15,30,10,1688,0.015160224170139389
prefill,__all__,15,31,54,1652,0.014836901853714614
prefill,__all__,15,32,22,1645,0.014774033625520908
prefill,__all__,15,33,13,1623,0.014576447765483546
prefill,__all__,15,34,46,1569,0.014091464290846387
prefill,__all__,15,35,15,1513,0.013588518465296738
prefill,__all__,15,36,52,1457,0.01308557263974709
prefill,__all__,15,37,16,1402,0.012591607989653687
prefill,__all__,15,38,61,1397,0.012546702112372467
prefill,__all__,15,39,62,1395,0.01252873976145998
prefill,__all__,15,40,41,1375,0.012349116252335106
prefill,__all__,15,41,9,1351,0.012133568041385257
prefill,__all__,15,42,5,1346,0.012088662164104038
prefill,__all__,15,43,31,1258,0.01129831872395459
prefill,__all__,15,44,35,1253,0.011253412846673373
prefill,__all__,15,45,0,1241,0.011145638741198447
prefill,__all__,15,46,14,1220,0.01095703405661733
prefill,__all__,15,47,28,1191,0.010696579968386263
prefill,__all__,15,48,51,1181,0.010606768213823826
prefill,__all__,15,49,63,1107,0.00994216123006179
prefill,__all__,15,50,33,1101,0.009888274177324328
prefill,__all__,15,51,37,1095,0.009834387124586865
prefill,__all__,15,52,39,1092,0.009807443598218136
prefill,__all__,15,53,42,1043,0.009367366000862192
prefill,__all__,15,54,6,1027,0.009223667193562294
prefill,__all__,15,55,12,1026,0.00921468601810605
prefill,__all__,15,56,43,1004,0.009017100158068688
prefill,__all__,15,57,11,905,0.008127963787900561
prefill,__all__,15,58,19,898,0.008065095559706855
prefill,__all__,15,59,4,802,0.007202902715907458
prefill,__all__,15,60,25,799,0.007175959189538727
prefill,__all__,15,61,50,738,0.00662810748670786
prefill,__all__,15,62,38,703,0.0063137663457393306
prefill,__all__,15,63,18,532,0.004777985342721655
prefill,__all__,15,64,32,516,0.004634286535421756
prefill,code,0,1,21,3116,0.08800271125169454
prefill,code,0,2,6,2068,0.058404880253050157
prefill,code,0,3,0,1242,0.03507681879801175
prefill,code,0,4,40,1190,0.03360822413014008
prefill,code,0,5,25,1098,0.031009941256213286
prefill,code,0,6,53,991,0.027988025305015814
prefill,code,0,7,54,865,0.02442950745594216
prefill,code,0,8,13,858,0.02423181201988251
prefill,code,0,9,41,814,0.02298915499322187
prefill,code,0,10,36,780,0.02202892001807501
prefill,code,0,11,24,778,0.021972435607772255
prefill,code,0,12,52,772,0.021802982376863986
prefill,code,0,13,61,752,0.021238138273836422
prefill,code,0,14,62,724,0.02044735652959783
prefill,code,0,15,29,663,0.01872458201536376
prefill,code,0,16,8,659,0.018611613194758247
prefill,code,0,17,2,605,0.017086534116583823
prefill,code,0,18,32,603,0.017030049706281067
prefill,code,0,19,47,588,0.016606416629010395
prefill,code,0,20,20,585,0.01652169001355626
prefill,code,0,21,31,579,0.01635223678264799
prefill,code,0,22,49,563,0.01590036150022594
prefill,code,0,23,27,558,0.015759150474469047
prefill,code,0,24,55,510,0.014403524627202891
prefill,code,0,25,43,494,0.013951649344780841
prefill,code,0,26,39,493,0.013923407139629463
prefill,code,0,27,63,483,0.01364098508811568
prefill,code,0,28,23,464,0.013104383190239493
prefill,code,0,29,28,455,0.01285020334387709
prefill,code,0,30,58,451,0.012737234523271577
prefill,code,0,31,60,442,0.012483054676909173
prefill,code,0,32,18,430,0.012144148215092635
prefill,code,0,33,22,429,0.012115906009941255
prefill,code,0,34,14,409,0.011551061906913691
prefill,code,0,35,50,400,0.011296882060551287
prefill,code,0,36,33,396,0.011183913239945775
prefill,code,0,37,15,388,0.01095797559873475
prefill,code,0,38,1,385,0.010873248983280615
prefill,code,0,39,42,384,0.010845006778129237
prefill,code,0,40,48,376,0.010619069136918211
prefill,code,0,41,59,374,0.010562584726615453
prefill,code,0,42,16,368,0.010393131495707185
prefill,code,0,43,56,364,0.010280162675101671
prefill,code,0,44,37,359,0.010138951649344781
prefill,code,0,45,38,349,0.009856529597831
prefill,code,0,46,19,346,0.009771802982376863
prefill,code,0,47,3,343,0.00968707636692273
prefill,code,0,48,30,340,0.009602349751468595
prefill,code,0,49,4,324,0.009150474469046543
prefill,code,0,50,17,315,0.00889629462268414
prefill,code,0,51,5,309,0.00872684139177587
prefill,code,0,52,11,296,0.008359692724807953
prefill,code,0,53,26,295,0.008331450519656575
prefill,code,0,54,44,281,0.00793605964753728
prefill,code,0,55,35,274,0.0077383642114776325
prefill,code,0,56,7,272,0.0076818798011748755
prefill,code,0,57,10,270,0.0076253953908721195
prefill,code,0,58,45,267,0.0075406687754179845
prefill,code,0,59,46,233,0.0065804338002711255
prefill,code,0,60,57,212,0.005987347492092183
prefill,code,0,61,51,183,0.005168323542702215
prefill,code,0,62,34,82,0.002315860822413014
prefill,code,0,63,9,64,0.0018075011296882061
prefill,code,0,64,12,48,0.0013556258472661546
prefill,code,1,1,25,3650,0.1030840488025305
prefill,code,1,2,47,2192,0.06190691369182106
prefill,code,1,3,18,2168,0.06122910076818798
prefill,code,1,4,15,2133,0.060240623587889744
prefill,code,1,5,21,951,0.026858337098960686
prefill,code,1,6,27,896,0.025305015815634886
prefill,code,1,7,11,818,0.023102123813827383
prefill,code,1,8,44,790,0.022311342069588794
prefill,code,1,9,24,767,0.021661771351107095
prefill,code,1,10,42,753,0.0212663804789878
prefill,code,1,11,17,741,0.020927474017171262
prefill,code,1,12,61,685,0.01934591052869408
prefill,code,1,13,23,675,0.0190634884771803
prefill,code,1,14,48,642,0.01813149570718482
prefill,code,1,15,31,639,0.018046769091730683
prefill,code,1,16,34,623,0.01759489380930863
prefill,code,1,17,16,574,0.0162110257568911
prefill,code,1,18,7,571,0.016126299141436963
prefill,code,1,19,62,547,0.015448486217803887
prefill,code,1,20,32,506,0.014290555806597379
prefill,code,1,21,51,498,0.014064618165386353
prefill,code,1,22,29,482,0.013612742882964301
prefill,code,1,23,45,480,0.013556258472661545
prefill,code,1,24,1,478,0.013499774062358789
prefill,code,1,25,4,470,0.013273836421147763
prefill,code,1,26,40,455,0.01285020334387709
prefill,code,1,27,33,453,0.012793718933574333
prefill,code,1,28,60,451,0.012737234523271577
prefill,code,1,29,6,451,0.012737234523271577
prefill,code,1,30,30,449,0.012680750112968821
prefill,code,1,31,53,445,0.012567781292363307
prefill,code,1,32,9,435,0.012285359240849525
prefill,code,1,33,3,407,0.011494577496610935
prefill,code,1,34,19,395,0.011155671034794397
prefill,code,1,35,37,387,0.010929733393583371
prefill,code,1,36,55,378,0.010675553547220967
prefill,code,1,37,14,376,0.010619069136918211
prefill,code,1,38,54,348,0.009828287392679621
prefill,code,1,39,8,339,0.009574107546317217
prefill,code,1,40,50,339,0.009574107546317217
prefill,code,1,41,0,319,0.009009263443289652
prefill,code,1,42,26,308,0.008698599186624491
prefill,code,1,43,49,303,0.008557388160867601
prefill,code,1,44,36,302,0.008529145955716222
prefill,code,1,45,12,301,0.008500903750564844
prefill,code,1,46,20,301,0.008500903750564844
prefill,code,1,47,39,300,0.008472661545413466
prefill,code,1,48,63,288,0.008133755083596927
prefill,code,1,49,52,286,0.008077270673294171
prefill,code,1,50,41,285,0.008049028468142793
prefill,code,1,51,56,274,0.0077383642114776325
prefill,code,1,52,28,268,0.0075689109805693626
prefill,code,1,53,22,262,0.0073994577496610935
prefill,code,1,54,59,256,0.0072300045187528245
prefill,code,1,55,58,244,0.0068910980569362856
prefill,code,1,56,2,231,0.006523949389968369
prefill,code,1,57,46,187,0.005281292363307727
prefill,code,1,58,10,154,0.004349299593312246
prefill,code,1,59,57,149,0.004208088567555355
prefill,code,1,60,43,137,0.0038691821057388162
prefill,code,1,61,13,130,0.0036714866696791687
prefill,code,1,62,5,100,0.002824220515137822
prefill,code,1,63,35,98,0.0027677361048350653
prefill,code,1,64,38,88,0.0024853140533212833
prefill,code,2,1,40,4209,0.11887144148215092
prefill,code,2,2,5,2489,0.07029484862178038
prefill,code,2,3,60,1959,0.05532647989154993
prefill,code,2,4,45,1633,0.04611952101220063
prefill,code,2,5,61,1492,0.0421373700858563
prefill,code,2,6,14,1297,0.03663014008133755
prefill,code,2,7,34,1245,0.03516154541346588
prefill,code,2,8,24,1117,0.031546543154089474
prefill,code,2,9,30,1058,0.029880253050158158
prefill,code,2,10,22,856,0.024175327609579755
prefill,code,2,11,35,847,0.02392114776321735
prefill,code,2,12,32,830,0.023441030275643922
prefill,code,2,13,16,801,0.022622006326253954
prefill,code,2,14,23,755,0.021322864889290555
prefill,code,2,15,62,697,0.01968481699051062
prefill,code,2,16,41,696,0.019656574785359242
prefill,code,2,17,15,663,0.01872458201536376
prefill,code,2,18,38,662,0.018696339810212383
prefill,code,2,19,63,638,0.018018526886579303
prefill,code,2,20,28,537,0.015166064166290103
prefill,code,2,21,19,529,0.014940126525079079
prefill,code,2,22,54,495,0.013979891549932219
prefill,code,2,23,33,460,0.012991414369633981
prefill,code,2,24,3,454,0.012821961138725711
prefill,code,2,25,56,448,0.012652507907817443
prefill,code,2,26,29,420,0.011861726163578851
prefill,code,2,27,26,412,0.011635788522367827
prefill,code,2,28,50,359,0.010138951649344781
prefill,code,2,29,0,354,0.00999774062358789
prefill,code,2,30,27,352,0.009941256213285133
prefill,code,2,31,1,347,0.009800045187528241
prefill,code,2,32,20,347,0.009800045187528241
prefill,code,2,33,39,344,0.009715318572074107
prefill,code,2,34,47,342,0.009658834161771351
prefill,code,2,35,17,310,0.008755083596927248
prefill,code,2,36,21,304,0.00858563036601898
prefill,code,2,37,46,291,0.008218481699051062
prefill,code,2,38,48,266,0.0075124265702666065
prefill,code,2,39,31,264,0.00745594215996385
prefill,code,2,40,44,246,0.006947582467239042
prefill,code,2,41,37,242,0.0068346136466335295
prefill,code,2,42,9,241,0.006806371441482151
prefill,code,2,43,49,236,0.00666516041572526
prefill,code,2,44,52,236,0.00666516041572526
prefill,code,2,45,58,230,0.006495707184816991
prefill,code,2,46,42,219,0.00618504292815183
prefill,code,2,47,13,211,0.005959105286940805
prefill,code,2,48,12,204,0.005761409850881157
prefill,code,2,49,2,191,0.00539426118391324
prefill,code,2,50,11,171,0.004829417080885676
prefill,code,2,51,10,163,0.00460347943967465
prefill,code,2,52,53,155,0.004377541798463624
prefill,code,2,53,7,155,0.004377541798463624
prefill,code,2,54,6,132,0.003727971079981925
prefill,code,2,55,55,117,0.0033043380027112518
prefill,code,2,56,25,116,0.0032760957975598733
prefill,code,2,57,43,106,0.0029936737460460913
prefill,code,2,58,57,104,0.002937189335743335
prefill,code,2,59,51,93,0.0026265250790781743
prefill,code,2,60,4,82,0.002315860822413014
prefill,code,2,61,18,67,0.0018922277451423406
prefill,code,2,62,8,52,0.0014685946678716674
prefill,code,2,63,59,33,0.0009319927699954812
prefill,code,2,64,36,27,0.000762539539087212
prefill,code,3,1,15,3039,0.0858280614550384
prefill,code,3,2,43,2870,0.08105512878445549
prefill,code,3,3,9,1963,0.05543944871215545
prefill,code,3,4,62,1724,0.04868956168097605
prefill,code,3,5,19,1290,0.0364324446452779
prefill,code,3,6,31,1283,0.03623474920921826
prefill,code,3,7,52,1273,0.035952327157704474
prefill,code,3,8,38,951,0.026858337098960686
prefill,code,3,9,42,945,0.026688883868052418
prefill,code,3,10,30,938,0.02649118843199277
prefill,code,3,11,39,908,0.025643922277451422
prefill,code,3,12,35,854,0.024118843199277
prefill,code,3,13,54,836,0.02361048350655219
prefill,code,3,14,63,817,0.023073881608676006
prefill,code,3,15,37,789,0.022283099864437415
prefill,code,3,16,44,724,0.02044735652959783
prefill,code,3,17,56,710,0.020051965657478535
prefill,code,3,18,29,673,0.019007004066877543
prefill,code,3,19,51,640,0.01807501129688206
prefill,code,3,20,20,631,0.017820831450519655
prefill,code,3,21,12,588,0.016606416629010395
prefill,code,3,22,61,575,0.016239267962042475
prefill,code,3,23,11,564,0.015928603705377315
prefill,code,3,24,36,549,0.015504970628106643
prefill,code,3,25,59,543,0.015335517397198373
prefill,code,3,26,49,531,0.014996610935381835
prefill,code,3,27,45,526,0.014855399909624943
prefill,code,3,28,55,512,0.014460009037505649
prefill,code,3,29,57,509,0.014375282422051513
prefill,code,3,30,14,408,0.011522819701762313
prefill,code,3,31,46,388,0.01095797559873475
prefill,code,3,32,40,371,0.01047785811116132
prefill,code,3,33,47,355,0.010025982828739267
prefill,code,3,34,28,338,0.009545865341165838
prefill,code,3,35,18,320,0.00903750564844103
prefill,code,3,36,6,312,0.008811568007230005
prefill,code,3,37,7,306,0.008642114776321735
prefill,code,3,38,8,292,0.00824672390420244
prefill,code,3,39,50,289,0.008161997288748305
prefill,code,3,40,33,285,0.008049028468142793
prefill,code,3,41,32,280,0.007907817442385901
prefill,code,3,42,23,276,0.0077948486217803885
prefill,code,3,43,5,247,0.0069758246723904205
prefill,code,3,44,4,236,0.00666516041572526
prefill,code,3,45,41,236,0.00666516041572526
prefill,code,3,46,22,210,0.005930863081789426
prefill,code,3,47,27,163,0.00460347943967465
prefill,code,3,48,34,154,0.004349299593312246
prefill,code,3,49,10,151,0.004264572977858111
prefill,code,3,50,26,140,0.003953908721192951
prefill,code,3,51,16,125,0.0035302756439222773
prefill,code,3,52,3,123,0.003473791233619521
prefill,code,3,53,21,106,0.0029936737460460913
prefill,code,3,54,24,89,0.0025135562584726614
prefill,code,3,55,60,88,0.0024853140533212833
prefill,code,3,56,0,69,0.0019487121554450971
prefill,code,3,57,13,62,0.0017510167193854496
prefill,code,3,58,17,54,0.001525079078174424
prefill,code,3,59,25,49,0.0013838680524175327
prefill,code,3,60,2,38,0.0010732037957523724
prefill,code,3,61,48,35,0.0009884771802982377
prefill,code,3,62,53,28,0.0007907817442385902
prefill,code,3,63,58,19,0.0005366018978761862
prefill,code,3,64,1,11,0.0003106642566651604
prefill,code,4,1,17,3321,0.09379236330772707
prefill,code,4,2,19,3230,0.09122232263895165
prefill,code,4,3,21,3222,0.09099638499774063
prefill,code,4,4,55,2427,0.06854383190239494
prefill,code,4,5,25,2367,0.06684929959331225
prefill,code,4,6,6,1429,0.040358111161319474
prefill,code,4,7,61,1061,0.02996497966561229
prefill,code,4,8,43,1024,0.028920018075011298
prefill,code,4,9,41,926,0.02615228197017623
prefill,code,4,10,34,903,0.02550271125169453
prefill,code,4,11,23,858,0.02423181201988251
prefill,code,4,12,52,835,0.023582241301400814
prefill,code,4,13,39,816,0.023045639403524627
prefill,code,4,14,59,786,0.022198373248983282
prefill,code,4,15,27,754,0.02129462268413918
prefill,code,4,16,62,743,0.02098395842747402
prefill,code,4,17,42,743,0.02098395842747402
prefill,code,4,18,2,731,0.02064505196565748
prefill,code,4,19,48,665,0.018781066425666515
prefill,code,4,20,4,538,0.015194306371441483
prefill,code,4,21,51,486,0.013725711703569815
prefill,code,4,22,8,453,0.012793718933574333
prefill,code,4,23,11,448,0.012652507907817443
prefill,code,4,24,35,420,0.011861726163578851
prefill,code,4,25,7,377,0.01064731134206959
prefill,code,4,26,14,346,0.009771802982376863
prefill,code,4,27,36,338,0.009545865341165838
prefill,code,4,28,24,325,0.009178716674197921
prefill,code,4,29,58,304,0.00858563036601898
prefill,code,4,30,56,285,0.008049028468142793
prefill,code,4,31,45,276,0.0077948486217803885
prefill,code,4,32,38,264,0.00745594215996385
prefill,code,4,33,30,250,0.007060551287844555
prefill,code,4,34,50,237,0.006693402620876638
prefill,code,4,35,5,236,0.00666516041572526
prefill,code,4,36,20,233,0.0065804338002711255
prefill,code,4,37,60,210,0.005930863081789426
prefill,code,4,38,33,200,0.005648441030275644
prefill,code,4,39,26,200,0.005648441030275644
prefill,code,4,40,47,188,0.005309534568459106
prefill,code,4,41,63,176,0.004970628106642567
prefill,code,4,42,57,172,0.004857659286037054
prefill,code,4,43,16,168,0.004744690465431541
prefill,code,4,44,18,147,0.004151604157252599
prefill,code,4,45,28,126,0.0035585178490736558
prefill,code,4,46,10,125,0.0035302756439222773
prefill,code,4,47,22,120,0.0033890646181653863
prefill,code,4,48,13,111,0.0031348847718029823
prefill,code,4,49,44,103,0.002908947130591957
prefill,code,4,50,37,83,0.0023441030275643923
prefill,code,4,51,3,82,0.002315860822413014
prefill,code,4,52,46,73,0.00206168097605061
prefill,code,4,53,40,69,0.0019487121554450971
prefill,code,4,54,1,66,0.0018639855399909624
prefill,code,4,55,15,58,0.0016380478987799367
prefill,code,4,56,49,54,0.001525079078174424
prefill,code,4,57,32,46,0.0012991414369633982
prefill,code,4,58,12,41,0.001157930411206507
prefill,code,4,59,31,38,0.0010732037957523724
prefill,code,4,60,9,36,0.001016719385449616
prefill,code,4,61,54,22,0.0006213285133303208
prefill,code,4,62,53,20,0.0005648441030275643
prefill,code,4,63,29,13,0.00036714866696791685
prefill,code,4,64,0,4,0.00011296882060551288
prefill,code,5,1,42,4267,0.12050948938093087
prefill,code,5,2,2,3729,0.10531518300948937
prefill,code,5,3,0,3667,0.10356416629010393
prefill,code,5,4,31,1644,0.046430185268865796
prefill,code,5,5,17,1474,0.041629010393131494
prefill,code,5,6,21,1410,0.03982150926344329
prefill,code,5,7,10,1127,0.03182896520560325
prefill,code,5,8,52,1008,0.028468142792589246
prefill,code,5,9,8,986,0.027846814279258926
prefill,code,5,10,53,982,0.02773384545865341
prefill,code,5,11,22,961,0.02714075915047447
prefill,code,5,12,14,951,0.026858337098960686
prefill,code,5,13,55,917,0.025898102123813826
prefill,code,5,14,58,861,0.024316538635336647
prefill,code,5,15,6,764,0.02157704473565296
prefill,code,5,16,51,632,0.017849073655671035
prefill,code,5,17,40,604,0.017058291911432443
prefill,code,5,18,35,585,0.01652169001355626
prefill,code,5,19,30,575,0.016239267962042475
prefill,code,5,20,19,545,0.015392001807501129
prefill,code,5,21,11,501,0.014149344780840487
prefill,code,5,22,39,474,0.013386805241753275
prefill,code,5,23,29,474,0.013386805241753275
prefill,code,5,24,54,451,0.012737234523271577
prefill,code,5,25,41,399,0.01126863985539991
prefill,code,5,26,57,349,0.009856529597831
prefill,code,5,27,13,343,0.00968707636692273
prefill,code,5,28,60,321,0.00906574785359241
prefill,code,5,29,18,303,0.008557388160867601
prefill,code,5,30,9,286,0.008077270673294171
prefill,code,5,31,34,279,0.007879575237234523
prefill,code,5,32,15,276,0.0077948486217803885
prefill,code,5,33,24,269,0.0075971531857207415
prefill,code,5,34,27,268,0.0075689109805693626
prefill,code,5,35,61,240,0.006778129236330773
prefill,code,5,36,1,238,0.0067216448260280165
prefill,code,5,37,25,190,0.005366018978761862
prefill,code,5,38,7,186,0.005253050158156349
prefill,code,5,39,5,184,0.005196565747853593
prefill,code,5,40,32,157,0.004434026208766381
prefill,code,5,41,20,132,0.003727971079981925
prefill,code,5,42,4,128,0.0036150022593764122
prefill,code,5,43,12,127,0.003586760054225034
prefill,code,5,44,44,112,0.0031631269769543608
prefill,code,5,45,50,109,0.003078400361500226
prefill,code,5,46,62,102,0.0028807049254405783
prefill,code,5,47,43,98,0.0027677361048350653
prefill,code,5,48,45,95,0.002683009489380931
prefill,code,5,49,37,92,0.0025982828739267963
prefill,code,5,50,36,87,0.0024570718481699053
prefill,code,5,51,26,62,0.0017510167193854496
prefill,code,5,52,59,56,0.0015815634884771804
prefill,code,5,53,3,56,0.0015815634884771804
prefill,code,5,54,48,49,0.0013838680524175327
prefill,code,5,55,33,48,0.0013556258472661546
prefill,code,5,56,47,47,0.0013273836421147764
prefill,code,5,57,38,36,0.001016719385449616
prefill,code,5,58,63,27,0.000762539539087212
prefill,code,5,59,16,22,0.0006213285133303208
prefill,code,5,60,28,14,0.0003953908721192951
prefill,code,5,61,49,14,0.0003953908721192951
prefill,code,5,62,56,11,0.0003106642566651604
prefill,code,5,63,23,7,0.00019769543605964755
prefill,code,6,1,52,4051,0.11440917306823317
prefill,code,6,2,42,3481,0.09831111613194758
prefill,code,6,3,57,2412,0.06812019882512427
prefill,code,6,4,5,2344,0.06619972887483054
prefill,code,6,5,18,1766,0.04987573429733393
prefill,code,6,6,36,1731,0.0488872571170357
prefill,code,6,7,24,1540,0.04349299593312246
prefill,code,6,8,62,1418,0.04004744690465432
prefill,code,6,9,1,1131,0.03194193402620877
prefill,code,6,10,55,1097,0.030981699051061906
prefill,code,6,11,49,955,0.0269713059195662
prefill,code,6,12,59,906,0.025587437867148666
prefill,code,6,13,61,896,0.025305015815634886
prefill,code,6,14,20,883,0.024937867148666967
prefill,code,6,15,40,822,0.023215092634432898
prefill,code,6,16,2,816,0.023045639403524627
prefill,code,6,17,16,746,0.02106868504292815
prefill,code,6,18,38,665,0.018781066425666515
prefill,code,6,19,9,632,0.017849073655671035
prefill,code,6,20,48,572,0.016154541346588343
prefill,code,6,21,17,433,0.01222887483054677
prefill,code,6,22,25,419,0.011833483958427473
prefill,code,6,23,26,385,0.010873248983280615
prefill,code,6,24,23,359,0.010138951649344781
prefill,code,6,25,50,356,0.010054225033890645
prefill,code,6,26,58,323,0.009122232263895165
prefill,code,6,27,8,303,0.008557388160867601
prefill,code,6,28,12,286,0.008077270673294171
prefill,code,6,29,63,269,0.0075971531857207415
prefill,code,6,30,10,267,0.0075406687754179845
prefill,code,6,31,4,264,0.00745594215996385
prefill,code,6,32,3,264,0.00745594215996385
prefill,code,6,33,13,262,0.0073994577496610935
prefill,code,6,34,47,254,0.007173520108450068
prefill,code,6,35,33,251,0.0070887934929959335
prefill,code,6,36,44,232,0.006552191595119747
prefill,code,6,37,53,215,0.0060720741075463176
prefill,code,6,38,7,198,0.005591956619972888
prefill,code,6,39,30,191,0.00539426118391324
prefill,code,6,40,22,166,0.004688206055128785
prefill,code,6,41,6,164,0.004631721644826028
prefill,code,6,42,46,103,0.002908947130591957
prefill,code,6,43,54,69,0.0019487121554450971
prefill,code,6,44,32,68,0.0019204699502937189
prefill,code,6,45,19,59,0.001666290103931315
prefill,code,6,46,56,54,0.001525079078174424
prefill,code,6,47,31,41,0.001157930411206507
prefill,code,6,48,35,39,0.0011014460009037507
prefill,code,6,49,15,38,0.0010732037957523724
prefill,code,6,50,14,34,0.0009602349751468594
prefill,code,6,51,29,30,0.0008472661545413466
prefill,code,6,52,21,30,0.0008472661545413466
prefill,code,6,53,11,26,0.0007342973339358337
prefill,code,6,54,41,18,0.000508359692724808
prefill,code,6,55,51,17,0.0004801174875734297
prefill,code,6,56,37,17,0.0004801174875734297
prefill,code,6,57,43,11,0.0003106642566651604
prefill,code,6,58,60,11,0.0003106642566651604
prefill,code,6,59,34,7,0.00019769543605964755
prefill,code,6,60,0,4,0.00011296882060551288
prefill,code,6,61,27,3,8.472661545413467e-05
prefill,code,6,62,39,2,5.648441030275644e-05
prefill,code,6,63,28,1,2.824220515137822e-05
prefill,code,6,64,45,1,2.824220515137822e-05
prefill,code,7,1,17,4188,0.11827835517397198
prefill,code,7,2,4,3227,0.09113759602349751
prefill,code,7,3,2,2582,0.07292137370085856
prefill,code,7,4,35,2266,0.06399683687302304
prefill,code,7,5,0,1390,0.039256665160415725
prefill,code,7,6,21,1384,0.039087211929507454
prefill,code,7,7,58,1327,0.0374774062358789
prefill,code,7,8,45,1220,0.03445549028468143
prefill,code,7,9,23,1136,0.032083145051965654
prefill,code,7,10,48,1115,0.031490058743786714
prefill,code,7,11,39,1053,0.029739042024401266
prefill,code,7,12,29,1009,0.028496384997740622
prefill,code,7,13,46,960,0.02711251694532309
prefill,code,7,14,32,909,0.025672164482602802
prefill,code,7,15,56,887,0.025050835969272482
prefill,code,7,16,38,812,0.022932670582919115
prefill,code,7,17,15,673,0.019007004066877543
prefill,code,7,18,26,661,0.018668097605061003
prefill,code,7,19,54,626,0.017679620424762767
prefill,code,7,20,41,599,0.016917080885675555
prefill,code,7,21,5,579,0.01635223678264799
prefill,code,7,22,36,523,0.014770673294170809
prefill,code,7,23,10,508,0.014347040216900135
prefill,code,7,24,12,466,0.013160867600542251
prefill,code,7,25,61,385,0.010873248983280615
prefill,code,7,26,37,378,0.010675553547220967
prefill,code,7,27,13,317,0.008952779032986895
prefill,code,7,28,19,313,0.008839810212381383
prefill,code,7,29,14,309,0.00872684139177587
prefill,code,7,30,16,300,0.008472661545413466
prefill,code,7,31,34,299,0.008444419340262087
prefill,code,7,32,24,279,0.007879575237234523
prefill,code,7,33,31,253,0.0071452779032986895
prefill,code,7,34,59,250,0.007060551287844555
prefill,code,7,35,1,190,0.005366018978761862
prefill,code,7,36,52,174,0.004914143696339811
prefill,code,7,37,6,163,0.00460347943967465
prefill,code,7,38,22,156,0.004405784003615003
prefill,code,7,39,27,155,0.004377541798463624
prefill,code,7,40,57,149,0.004208088567555355
prefill,code,7,41,20,135,0.0038126976954360597
prefill,code,7,42,63,124,0.0035020334387708993
prefill,code,7,43,30,123,0.003473791233619521
prefill,code,7,44,60,109,0.003078400361500226
prefill,code,7,45,49,78,0.0022028920018075013
prefill,code,7,46,50,77,0.002174649796656123
prefill,code,7,47,18,72,0.002033438770899232
prefill,code,7,48,9,72,0.002033438770899232
prefill,code,7,49,11,70,0.0019769543605964754
prefill,code,7,50,33,46,0.0012991414369633982
prefill,code,7,51,25,42,0.0011861726163578852
prefill,code,7,52,40,39,0.0011014460009037507
prefill,code,7,53,62,37,0.0010449615906009942
prefill,code,7,54,47,33,0.0009319927699954812
prefill,code,7,55,28,33,0.0009319927699954812
prefill,code,7,56,42,29,0.0008190239493899683
prefill,code,7,57,55,26,0.0007342973339358337
prefill,code,7,58,8,26,0.0007342973339358337
prefill,code,7,59,3,22,0.0006213285133303208
prefill,code,7,60,7,16,0.00045187528242205153
prefill,code,7,61,53,16,0.00045187528242205153
prefill,code,7,62,43,5,0.0001412110257568911
prefill,code,7,63,51,5,0.0001412110257568911
prefill,code,7,64,44,3,8.472661545413467e-05
prefill,code,8,1,54,3902,0.11020108450067781
prefill,code,8,2,3,3888,0.10980569362855852
prefill,code,8,3,16,1923,0.05430976050610031
prefill,code,8,4,37,1598,0.0451310438319024
prefill,code,8,5,45,1234,0.034850881156800725
prefill,code,8,6,51,1225,0.03459670131043832
prefill,code,8,7,30,1194,0.0337211929507456
prefill,code,8,8,32,1164,0.032873926796204246
prefill,code,8,9,27,1045,0.02951310438319024
prefill,code,8,10,10,1037,0.029287166741979214
prefill,code,8,11,35,1029,0.029061229100768186
prefill,code,8,12,1,1024,0.028920018075011298
prefill,code,8,13,29,986,0.027846814279258926
prefill,code,8,14,18,756,0.021351107094441935
prefill,code,8,15,14,695,0.019628332580207863
prefill,code,8,16,57,660,0.018639855399909627
prefill,code,8,17,6,643,0.018159737912336195
prefill,code,8,18,20,636,0.017962042476276547
prefill,code,8,19,62,588,0.016606416629010395
prefill,code,8,20,60,580,0.016380478987799367
prefill,code,8,21,50,537,0.015166064166290103
prefill,code,8,22,21,532,0.015024853140533213
prefill,code,8,23,42,512,0.014460009037505649
prefill,code,8,24,11,510,0.014403524627202891
prefill,code,8,25,25,419,0.011833483958427473
prefill,code,8,26,55,415,0.011720515137821961
prefill,code,8,27,9,406,0.011466335291459557
prefill,code,8,28,52,401,0.011325124265702665
prefill,code,8,29,0,393,0.011099186624491641
prefill,code,8,30,63,375,0.010590826931766833
prefill,code,8,31,61,375,0.010590826931766833
prefill,code,8,32,12,361,0.010195436059647537
prefill,code,8,33,17,360,0.01016719385449616
prefill,code,8,34,38,294,0.008303208314505197
prefill,code,8,35,53,284,0.008020786262991414
prefill,code,8,36,28,282,0.007964301852688658
prefill,code,8,37,40,276,0.0077948486217803885
prefill,code,8,38,44,255,0.007201762313601446
prefill,code,8,39,36,218,0.006156800723000452
prefill,code,8,40,24,212,0.005987347492092183
prefill,code,8,41,23,207,0.005846136466335292
prefill,code,8,42,56,170,0.004801174875734298
prefill,code,8,43,13,168,0.004744690465431541
prefill,code,8,44,2,165,0.004659963849977407
prefill,code,8,45,22,159,0.004490510619069137
prefill,code,8,46,34,149,0.004208088567555355
prefill,code,8,47,47,146,0.00412336195210122
prefill,code,8,48,31,141,0.003982150926344329
prefill,code,8,49,48,139,0.003925666516041573
prefill,code,8,50,7,104,0.002937189335743335
prefill,code,8,51,33,104,0.002937189335743335
prefill,code,8,52,41,103,0.002908947130591957
prefill,code,8,53,8,80,0.0022593764121102574
prefill,code,8,54,49,77,0.002174649796656123
prefill,code,8,55,26,71,0.0020051965657478534
prefill,code,8,56,39,53,0.0014968368730230457
prefill,code,8,57,43,43,0.0012144148215092634
prefill,code,8,58,59,40,0.0011296882060551287
prefill,code,8,59,58,26,0.0007342973339358337
prefill,code,8,60,4,19,0.0005366018978761862
prefill,code,8,61,46,16,0.00045187528242205153
prefill,code,8,62,5,2,5.648441030275644e-05
prefill,code,8,63,15,2,5.648441030275644e-05
prefill,code,9,1,46,4116,0.11624491640307275
prefill,code,9,2,5,3563,0.1006269769543606
prefill,code,9,3,51,2233,0.06306484410302757
prefill,code,9,4,4,2107,0.05950632625395391
prefill,code,9,5,50,1229,0.034709670131043834
prefill,code,9,6,52,1186,0.033495255309534566
prefill,code,9,7,7,1169,0.03301513782196114
prefill,code,9,8,39,1166,0.032930411206507006
prefill,code,9,9,6,1036,0.029258924536827834
prefill,code,9,10,42,1009,0.028496384997740622
prefill,code,9,11,13,1006,0.02841165838228649
prefill,code,9,12,8,888,0.02507907817442386
prefill,code,9,13,21,850,0.024005874378671486
prefill,code,9,14,12,813,0.022960912788070494
prefill,code,9,15,48,674,0.01903524627202892
prefill,code,9,16,28,658,0.018583370989606867
prefill,code,9,17,34,643,0.018159737912336195
prefill,code,9,18,16,639,0.018046769091730683
prefill,code,9,19,35,580,0.016380478987799367
prefill,code,9,20,20,547,0.015448486217803887
prefill,code,9,21,54,460,0.012991414369633981
prefill,code,9,22,61,445,0.012567781292363307
prefill,code,9,23,27,443,0.012511296882060551
prefill,code,9,24,37,440,0.012426570266606417
prefill,code,9,25,55,437,0.012341843651152281
prefill,code,9,26,1,406,0.011466335291459557
prefill,code,9,27,33,397,0.011212155445097153
prefill,code,9,28,58,362,0.010223678264798915
prefill,code,9,29,40,329,0.009291685494803434
prefill,code,9,30,38,322,0.009093990058743787
prefill,code,9,31,53,321,0.00906574785359241
prefill,code,9,32,44,296,0.008359692724807953
prefill,code,9,33,0,292,0.00824672390420244
prefill,code,9,34,11,287,0.00810551287844555
prefill,code,9,35,43,283,0.007992544057840036
prefill,code,9,36,47,253,0.0071452779032986895
prefill,code,9,37,2,244,0.0068910980569362856
prefill,code,9,38,30,240,0.006778129236330773
prefill,code,9,39,23,233,0.0065804338002711255
prefill,code,9,40,36,230,0.006495707184816991
prefill,code,9,41,49,217,0.006128558517849074
prefill,code,9,42,59,201,0.005676683235427023
prefill,code,9,43,22,185,0.005224807953004971
prefill,code,9,44,26,182,0.005140081337550836
prefill,code,9,45,29,182,0.005140081337550836
prefill,code,9,46,24,174,0.004914143696339811
prefill,code,9,47,14,170,0.004801174875734298
prefill,code,9,48,32,151,0.004264572977858111
prefill,code,9,49,41,117,0.0033043380027112518
prefill,code,9,50,45,117,0.0033043380027112518
prefill,code,9,51,9,116,0.0032760957975598733
prefill,code,9,52,3,104,0.002937189335743335
prefill,code,9,53,60,101,0.0028524627202892003
prefill,code,9,54,63,94,0.002654767284229553
prefill,code,9,55,56,78,0.0022028920018075013
prefill,code,9,56,10,67,0.0018922277451423406
prefill,code,9,57,62,65,0.0018357433348395844
prefill,code,9,58,31,60,0.0016945323090826931
prefill,code,9,59,25,55,0.0015533212833258021
prefill,code,9,60,57,44,0.0012426570266606417
prefill,code,9,61,18,37,0.0010449615906009942
prefill,code,9,62,15,23,0.0006495707184816991
prefill,code,9,63,19,20,0.0005648441030275643
prefill,code,9,64,17,16,0.00045187528242205153
prefill,code,10,1,56,3983,0.11248870311793945
prefill,code,10,2,43,2004,0.05659737912336195
prefill,code,10,3,44,1655,0.04674084952553095
prefill,code,10,4,2,1623,0.04583709896068685
prefill,code,10,5,62,1598,0.0451310438319024
prefill,code,10,6,6,1248,0.03524627202892002
prefill,code,10,7,13,1220,0.03445549028468143
prefill,code,10,8,30,1208,0.034116583822864886
prefill,code,10,9,11,1205,0.034031857207410754
prefill,code,10,10,19,1184,0.033438770899231814
prefill,code,10,11,59,1055,0.029795526434704022
prefill,code,10,12,16,1036,0.029258924536827834
prefill,code,10,13,38,904,0.02553095345684591
prefill,code,10,14,12,818,0.023102123813827383
prefill,code,10,15,50,662,0.018696339810212383
prefill,code,10,16,22,647,0.018272706732941707
prefill,code,10,17,5,634,0.01790555806597379
prefill,code,10,18,17,603,0.017030049706281067
prefill,code,10,19,48,548,0.015476728422955265
prefill,code,10,20,37,528,0.0149118843199277
prefill,code,10,21,46,507,0.014318798011748757
prefill,code,10,22,32,459,0.012963172164482603
prefill,code,10,23,34,428,0.012087663804789877
prefill,code,10,24,15,411,0.011607546317216449
prefill,code,10,25,52,391,0.011042702214188883
prefill,code,10,26,29,386,0.010901491188431993
prefill,code,10,27,47,364,0.010280162675101671
prefill,code,10,28,23,361,0.010195436059647537
prefill,code,10,29,53,347,0.009800045187528241
prefill,code,10,30,39,344,0.009715318572074107
prefill,code,10,31,35,339,0.009574107546317217
prefill,code,10,32,4,337,0.00951762313601446
prefill,code,10,33,49,335,0.009461138725711703
prefill,code,10,34,0,320,0.00903750564844103
prefill,code,10,35,36,309,0.00872684139177587
prefill,code,10,36,3,305,0.008613872571170357
prefill,code,10,37,20,301,0.008500903750564844
prefill,code,10,38,14,299,0.008444419340262087
prefill,code,10,39,1,298,0.00841617713511071
prefill,code,10,40,9,293,0.008274966109353818
prefill,code,10,41,28,283,0.007992544057840036
prefill,code,10,42,7,269,0.0075971531857207415
prefill,code,10,43,18,262,0.0073994577496610935
prefill,code,10,44,10,257,0.0072582467239042025
prefill,code,10,45,42,250,0.007060551287844555
prefill,code,10,46,60,246,0.006947582467239042
prefill,code,10,47,24,239,0.0067498870311793946
prefill,code,10,48,61,238,0.0067216448260280165
prefill,code,10,49,26,232,0.006552191595119747
prefill,code,10,50,21,223,0.006298011748757343
prefill,code,10,51,55,208,0.00587437867148667
prefill,code,10,52,27,200,0.005648441030275644
prefill,code,10,53,45,181,0.005111839132399458
prefill,code,10,54,41,168,0.004744690465431541
prefill,code,10,55,33,160,0.004518752824220515
prefill,code,10,56,58,140,0.003953908721192951
prefill,code,10,57,31,109,0.003078400361500226
prefill,code,10,58,51,94,0.002654767284229553
prefill,code,10,59,63,54,0.001525079078174424
prefill,code,10,60,8,38,0.0010732037957523724
prefill,code,10,61,25,31,0.0008755083596927248
prefill,code,10,62,57,14,0.0003953908721192951
prefill,code,10,63,54,9,0.000254179846362404
prefill,code,10,64,40,6,0.00016945323090826933
prefill,code,11,1,27,4122,0.11641436963398102
prefill,code,11,2,13,3478,0.09822638951649344
prefill,code,11,3,47,3372,0.09523271577044735
prefill,code,11,4,63,1709,0.04826592860370538
prefill,code,11,5,7,1459,0.041205377315860825
prefill,code,11,6,44,1348,0.03807049254405784
prefill,code,11,7,23,1344,0.037957523723452326
prefill,code,11,8,57,1181,0.033354044283777674
prefill,code,11,9,33,1176,0.03321283325802079
prefill,code,11,10,43,1065,0.030077948486217802
prefill,code,11,11,51,939,0.026519430637144147
prefill,code,11,12,22,917,0.025898102123813826
prefill,code,11,13,37,818,0.023102123813827383
prefill,code,11,14,56,763,0.021548802530501582
prefill,code,11,15,52,691,0.01951536375960235
prefill,code,11,16,46,653,0.01844215996384998
prefill,code,11,17,58,581,0.016408721192950747
prefill,code,11,18,62,509,0.014375282422051513
prefill,code,11,19,5,490,0.013838680524175327
prefill,code,11,20,29,474,0.013386805241753275
prefill,code,11,21,20,417,0.011776999548124717
prefill,code,11,22,54,375,0.010590826931766833
prefill,code,11,23,61,373,0.010534342521464075
prefill,code,11,24,15,370,0.010449615906009941
prefill,code,11,25,34,369,0.010421373700858563
prefill,code,11,26,11,362,0.010223678264798915
prefill,code,11,27,18,358,0.010110709444193403
prefill,code,11,28,31,344,0.009715318572074107
prefill,code,11,29,8,325,0.009178716674197921
prefill,code,11,30,0,300,0.008472661545413466
prefill,code,11,31,3,276,0.0077948486217803885
prefill,code,11,32,12,273,0.0077101220063262536
prefill,code,11,33,24,254,0.007173520108450068
prefill,code,11,34,14,237,0.006693402620876638
prefill,code,11,35,59,215,0.0060720741075463176
prefill,code,11,36,38,213,0.006015589697243561
prefill,code,11,37,45,212,0.005987347492092183
prefill,code,11,38,4,206,0.005817894261183914
prefill,code,11,39,30,203,0.005733167645729779
prefill,code,11,40,26,197,0.00556371441482151
prefill,code,11,41,2,195,0.005507230004518753
prefill,code,11,42,36,191,0.00539426118391324
prefill,code,11,43,49,187,0.005281292363307727
prefill,code,11,44,40,149,0.004208088567555355
prefill,code,11,45,16,148,0.004179846362403977
prefill,code,11,46,10,147,0.004151604157252599
prefill,code,11,47,39,147,0.004151604157252599
prefill,code,11,48,19,141,0.003982150926344329
prefill,code,11,49,28,139,0.003925666516041573
prefill,code,11,50,17,138,0.0038974243108901943
prefill,code,11,51,32,137,0.0038691821057388162
prefill,code,11,52,42,131,0.0036997288748305468
prefill,code,11,53,35,127,0.003586760054225034
prefill,code,11,54,41,115,0.0032478535924084953
prefill,code,11,55,9,82,0.002315860822413014
prefill,code,11,56,60,69,0.0019487121554450971
prefill,code,11,57,25,65,0.0018357433348395844
prefill,code,11,58,21,55,0.0015533212833258021
prefill,code,11,59,1,37,0.0010449615906009942
prefill,code,11,60,53,17,0.0004801174875734297
prefill,code,11,61,55,13,0.00036714866696791685
prefill,code,11,62,6,8,0.00022593764121102577
prefill,code,11,63,48,2,5.648441030275644e-05
prefill,code,12,1,38,3909,0.11039877993673745
prefill,code,12,2,43,2915,0.08232602801626751
prefill,code,12,3,8,2374,0.06704699502937189
prefill,code,12,4,31,1865,0.05267171260732038
prefill,code,12,5,51,1808,0.05106190691369182
prefill,code,12,6,2,1533,0.04329530049706281
prefill,code,12,7,55,1478,0.041741979213737006
prefill,code,12,8,59,1358,0.03835291459557162
prefill,code,12,9,30,1334,0.03767510167193854
prefill,code,12,10,6,1291,0.03646068685042928
prefill,code,12,11,17,1014,0.028637596023497514
prefill,code,12,12,54,1007,0.028439900587437866
prefill,code,12,13,58,1007,0.028439900587437866
prefill,code,12,14,45,980,0.027677361048350654
prefill,code,12,15,9,920,0.025982828739267962
prefill,code,12,16,32,756,0.021351107094441935
prefill,code,12,17,50,597,0.0168605964753728
prefill,code,12,18,52,530,0.014968368730230457
prefill,code,12,19,15,519,0.014657704473565295
prefill,code,12,20,48,434,0.012257117035698147
prefill,code,12,21,14,379,0.010703795752372345
prefill,code,12,22,21,360,0.01016719385449616
prefill,code,12,23,22,344,0.009715318572074107
prefill,code,12,24,23,336,0.009489380930863081
prefill,code,12,25,7,322,0.009093990058743787
prefill,code,12,26,20,319,0.009009263443289652
prefill,code,12,27,4,308,0.008698599186624491
prefill,code,12,28,46,291,0.008218481699051062
prefill,code,12,29,10,273,0.0077101220063262536
prefill,code,12,30,44,261,0.0073712155445097155
prefill,code,12,31,57,252,0.0071170356981473115
prefill,code,12,32,29,244,0.0068910980569362856
prefill,code,12,33,60,243,0.0068628558517849075
prefill,code,12,34,53,243,0.0068628558517849075
prefill,code,12,35,41,235,0.006636918210573882
prefill,code,12,36,13,232,0.006552191595119747
prefill,code,12,37,16,230,0.006495707184816991
prefill,code,12,38,34,229,0.0064674649796656125
prefill,code,12,39,39,229,0.0064674649796656125
prefill,code,12,40,28,223,0.006298011748757343
prefill,code,12,41,47,214,0.006043831902394939
prefill,code,12,42,24,209,0.005902620876638048
prefill,code,12,43,49,201,0.005676683235427023
prefill,code,12,44,36,185,0.005224807953004971
prefill,code,12,45,1,176,0.004970628106642567
prefill,code,12,46,0,169,0.004772932670582919
prefill,code,12,47,62,168,0.004744690465431541
prefill,code,12,48,26,162,0.004575237234523272
prefill,code,12,49,12,152,0.00429281518300949
prefill,code,12,50,56,124,0.0035020334387708993
prefill,code,12,51,25,105,0.002965431540894713
prefill,code,12,52,42,72,0.002033438770899232
prefill,code,12,53,63,67,0.0018922277451423406
prefill,code,12,54,33,64,0.0018075011296882061
prefill,code,12,55,11,45,0.00127089923181202
prefill,code,12,56,61,37,0.0010449615906009942
prefill,code,12,57,5,26,0.0007342973339358337
prefill,code,12,58,3,22,0.0006213285133303208
prefill,code,12,59,40,11,0.0003106642566651604
prefill,code,12,60,27,10,0.0002824220515137822
prefill,code,12,61,19,3,8.472661545413467e-05
prefill,code,12,62,18,2,5.648441030275644e-05
prefill,code,12,63,37,1,2.824220515137822e-05
prefill,code,12,64,35,1,2.824220515137822e-05
prefill,code,13,1,2,3825,0.10802643470402169
prefill,code,13,2,6,3200,0.0903750564844103
prefill,code,13,3,25,2721,0.07684704021690014
prefill,code,13,4,62,2514,0.07100090375056485
prefill,code,13,5,61,2044,0.057727067329417084
prefill,code,13,6,55,1905,0.053801400813375505
prefill,code,13,7,11,1746,0.04931089019430637
prefill,code,13,8,32,1534,0.04332354270221419
prefill,code,13,9,54,1372,0.03874830546769092
prefill,code,13,10,5,1154,0.03259150474469046
prefill,code,13,11,27,911,0.02572864889290556
prefill,code,13,12,7,862,0.024344780840488026
prefill,code,13,13,46,769,0.02171825576140985
prefill,code,13,14,3,731,0.02064505196565748
prefill,code,13,15,45,523,0.014770673294170809
prefill,code,13,16,41,511,0.014431766832354271
prefill,code,13,17,21,504,0.014234071396294623
prefill,code,13,18,20,462,0.013047898779936737
prefill,code,13,19,31,434,0.012257117035698147
prefill,code,13,20,17,431,0.012172390420244013
prefill,code,13,21,22,418,0.011805241753276095
prefill,code,13,22,8,349,0.009856529597831
prefill,code,13,23,35,345,0.009743560777225485
prefill,code,13,24,1,345,0.009743560777225485
prefill,code,13,25,51,314,0.008868052417532761
prefill,code,13,26,4,303,0.008557388160867601
prefill,code,13,27,47,283,0.007992544057840036
prefill,code,13,28,28,283,0.007992544057840036
prefill,code,13,29,58,277,0.007823090826931767
prefill,code,13,30,38,270,0.0076253953908721195
prefill,code,13,31,34,258,0.0072864889290555806
prefill,code,13,32,10,257,0.0072582467239042025
prefill,code,13,33,39,238,0.0067216448260280165
prefill,code,13,34,9,217,0.006128558517849074
prefill,code,13,35,0,214,0.006043831902394939
prefill,code,13,36,18,206,0.005817894261183914
prefill,code,13,37,23,204,0.005761409850881157
prefill,code,13,38,37,202,0.005704925440578401
prefill,code,13,39,50,189,0.005337776773610484
prefill,code,13,40,30,184,0.005196565747853593
prefill,code,13,41,19,162,0.004575237234523272
prefill,code,13,42,12,160,0.004518752824220515
prefill,code,13,43,36,146,0.00412336195210122
prefill,code,13,44,24,125,0.0035302756439222773
prefill,code,13,45,42,123,0.003473791233619521
prefill,code,13,46,57,122,0.0034455490284681428
prefill,code,13,47,33,121,0.0034173068233167648
prefill,code,13,48,26,108,0.003050158156348848
prefill,code,13,49,13,97,0.0027394938996836873
prefill,code,13,50,53,86,0.002428829643018527
prefill,code,13,51,29,85,0.002400587437867149
prefill,code,13,52,15,84,0.0023723452327157704
prefill,code,13,53,16,73,0.00206168097605061
prefill,code,13,54,49,60,0.0016945323090826931
prefill,code,13,55,40,59,0.001666290103931315
prefill,code,13,56,43,58,0.0016380478987799367
prefill,code,13,57,60,54,0.001525079078174424
prefill,code,13,58,48,39,0.0011014460009037507
prefill,code,13,59,63,36,0.001016719385449616
prefill,code,13,60,44,36,0.001016719385449616
prefill,code,13,61,59,36,0.001016719385449616
prefill,code,13,62,14,21,0.0005930863081789426
prefill,code,13,63,56,5,0.0001412110257568911
prefill,code,13,64,52,3,8.472661545413467e-05
prefill,code,14,1,36,3610,0.10195436059647538
prefill,code,14,2,58,3451,0.09746384997740623
prefill,code,14,3,6,3315,0.0936229100768188
prefill,code,14,4,11,1566,0.04422729326705829
prefill,code,14,5,28,1362,0.038465883416177134
prefill,code,14,6,42,1266,0.03575463172164483
prefill,code,14,7,7,1207,0.03408834161771351
prefill,code,14,8,1,1156,0.03264798915499322
prefill,code,14,9,24,1155,0.03261974694984184
prefill,code,14,10,52,1126,0.03180072300045188
prefill,code,14,11,60,1119,0.031603027564392226
prefill,code,14,12,9,1059,0.029908495255309534
prefill,code,14,13,34,1003,0.028326931766832354
prefill,code,14,14,13,950,0.02683009489380931
prefill,code,14,15,39,862,0.024344780840488026
prefill,code,14,16,12,777,0.02194419340262088
prefill,code,14,17,15,451,0.012737234523271577
prefill,code,14,18,38,450,0.0127089923181202
prefill,code,14,19,45,445,0.012567781292363307
prefill,code,14,20,54,441,0.012454812471757795
prefill,code,14,21,44,430,0.012144148215092635
prefill,code,14,22,35,401,0.011325124265702665
prefill,code,14,23,47,384,0.010845006778129237
prefill,code,14,24,48,380,0.010732037957523723
prefill,code,14,25,46,366,0.01033664708540443
prefill,code,14,26,29,344,0.009715318572074107
prefill,code,14,27,57,337,0.00951762313601446
prefill,code,14,28,20,331,0.009348169905106191
prefill,code,14,29,63,322,0.009093990058743787
prefill,code,14,30,23,322,0.009093990058743787
prefill,code,14,31,22,306,0.008642114776321735
prefill,code,14,32,16,305,0.008613872571170357
prefill,code,14,33,53,299,0.008444419340262087
prefill,code,14,34,4,292,0.00824672390420244
prefill,code,14,35,10,263,0.0074276999548124716
prefill,code,14,36,41,262,0.0073994577496610935
prefill,code,14,37,61,250,0.007060551287844555
prefill,code,14,38,27,231,0.006523949389968369
prefill,code,14,39,51,230,0.006495707184816991
prefill,code,14,40,17,229,0.0064674649796656125
prefill,code,14,41,19,220,0.0062132851333032086
prefill,code,14,42,56,219,0.00618504292815183
prefill,code,14,43,5,203,0.005733167645729779
prefill,code,14,44,31,195,0.005507230004518753
prefill,code,14,45,26,185,0.005224807953004971
prefill,code,14,46,37,158,0.004462268413917759
prefill,code,14,47,40,141,0.003982150926344329
prefill,code,14,48,8,140,0.003953908721192951
prefill,code,14,49,0,130,0.0036714866696791687
prefill,code,14,50,18,115,0.0032478535924084953
prefill,code,14,51,32,93,0.0026265250790781743
prefill,code,14,52,50,88,0.0024853140533212833
prefill,code,14,53,21,84,0.0023723452327157704
prefill,code,14,54,59,84,0.0023723452327157704
prefill,code,14,55,62,75,0.0021181653863533664
prefill,code,14,56,3,51,0.0014403524627202892
prefill,code,14,57,33,51,0.0014403524627202892
prefill,code,14,58,25,51,0.0014403524627202892
prefill,code,14,59,49,34,0.0009602349751468594
prefill,code,14,60,30,16,0.00045187528242205153
prefill,code,14,61,43,14,0.0003953908721192951
prefill,code,14,62,2,4,0.00011296882060551288
prefill,code,14,63,14,1,2.824220515137822e-05
prefill,code,14,64,55,1,2.824220515137822e-05
prefill,code,15,1,17,3564,0.10065521915951198
prefill,code,15,2,8,3219,0.09091165838228649
prefill,code,15,3,30,3141,0.08870876638047899
prefill,code,15,4,44,2062,0.05823542702214189
prefill,code,15,5,58,1651,0.04662788070492544
prefill,code,15,6,36,1389,0.039228422955264346
prefill,code,15,7,1,1224,0.03456845910528694
prefill,code,15,8,29,1168,0.03298689561680976
prefill,code,15,9,57,1058,0.029880253050158158
prefill,code,15,10,60,1042,0.029428377767736106
prefill,code,15,11,3,1032,0.029145955716222322
prefill,code,15,12,34,947,0.026745368278355174
prefill,code,15,13,53,803,0.02267849073655671
prefill,code,15,14,33,745,0.021040442837776775
prefill,code,15,15,20,702,0.01982602801626751
prefill,code,15,16,35,679,0.01917645729778581
prefill,code,15,17,52,583,0.016465205603253503
prefill,code,15,18,6,560,0.015815634884771803
prefill,code,15,19,24,540,0.015250790781744239
prefill,code,15,20,9,492,0.013895164934478083
prefill,code,15,21,2,461,0.01301965657478536
prefill,code,15,22,22,446,0.012596023497514685
prefill,code,15,23,21,423,0.011946452779032987
prefill,code,15,24,55,408,0.011522819701762313
prefill,code,15,25,19,404,0.011409850881156801
prefill,code,15,26,37,385,0.010873248983280615
prefill,code,15,27,47,371,0.01047785811116132
prefill,code,15,28,15,355,0.010025982828739267
prefill,code,15,29,11,347,0.009800045187528241
prefill,code,15,30,56,307,0.008670356981473113
prefill,code,15,31,5,297,0.008387934929959331
prefill,code,15,32,0,285,0.008049028468142793
prefill,code,15,33,32,274,0.0077383642114776325
prefill,code,15,34,43,269,0.0075971531857207415
prefill,code,15,35,31,258,0.0072864889290555806
prefill,code,15,36,12,252,0.0071170356981473115
prefill,code,15,37,62,250,0.007060551287844555
prefill,code,15,38,10,238,0.0067216448260280165
prefill,code,15,39,54,227,0.006410980569362856
prefill,code,15,40,13,209,0.005902620876638048
prefill,code,15,41,28,204,0.005761409850881157
prefill,code,15,42,4,204,0.005761409850881157
prefill,code,15,43,46,200,0.005648441030275644
prefill,code,15,44,48,184,0.005196565747853593
prefill,code,15,45,23,181,0.005111839132399458
prefill,code,15,46,63,162,0.004575237234523272
prefill,code,15,47,16,160,0.004518752824220515
prefill,code,15,48,61,134,0.0037844554902846813
prefill,code,15,49,7,129,0.0036432444645277903
prefill,code,15,50,50,123,0.003473791233619521
prefill,code,15,51,59,119,0.0033608224130140083
prefill,code,15,52,45,89,0.0025135562584726614
prefill,code,15,53,41,82,0.002315860822413014
prefill,code,15,54,18,72,0.002033438770899232
prefill,code,15,55,26,53,0.0014968368730230457
prefill,code,15,56,51,52,0.0014685946678716674
prefill,code,15,57,27,51,0.0014403524627202892
prefill,code,15,58,40,48,0.0013556258472661546
prefill,code,15,59,39,28,0.0007907817442385902
prefill,code,15,60,42,24,0.0006778129236330773
prefill,code,15,61,14,20,0.0005648441030275643
prefill,code,15,62,38,13,0.00036714866696791685
prefill,code,15,63,49,6,0.00016945323090826933
prefill,code,15,64,25,3,8.472661545413467e-05
prefill,conversation,0,1,6,1234,0.08105622700998423
prefill,conversation,0,2,41,615,0.04039674198633736
prefill,conversation,0,3,36,351,0.023055701523909615
prefill,conversation,0,4,61,344,0.02259590120861797
prefill,conversation,0,5,39,340,0.02233315817130846
prefill,conversation,0,6,29,322,0.02115081450341566
prefill,conversation,0,7,58,306,0.020099842354177614
prefill,conversation,0,8,19,303,0.01990278507619548
prefill,conversation,0,9,49,292,0.019180241723594324
prefill,conversation,0,10,60,290,0.019048870204939568
prefill,conversation,0,11,51,285,0.01872044140830268
prefill,conversation,0,12,24,284,0.018654755648975303
prefill,conversation,0,13,22,278,0.018260641093011034
prefill,conversation,0,14,40,277,0.018194955333683656
prefill,conversation,0,15,38,272,0.01786652653704677
prefill,conversation,0,16,20,272,0.01786652653704677
prefill,conversation,0,17,5,268,0.017603783499737256
prefill,conversation,0,18,15,267,0.017538097740409878
prefill,conversation,0,19,7,266,0.0174724119810825
prefill,conversation,0,20,33,265,0.017406726221755122
prefill,conversation,0,21,63,261,0.017143983184445613
prefill,conversation,0,22,30,251,0.016487125591171835
prefill,conversation,0,23,59,241,0.015830267997898054
prefill,conversation,0,24,53,235,0.01543615344193379
prefill,conversation,0,25,44,223,0.014647924330005255
prefill,conversation,0,26,55,219,0.014385181292695743
prefill,conversation,0,27,43,216,0.01418812401471361
prefill,conversation,0,28,54,216,0.01418812401471361
prefill,conversation,0,29,46,214,0.014056752496058854
prefill,conversation,0,30,25,212,0.013925380977404098
prefill,conversation,0,31,26,210,0.013794009458749344
prefill,conversation,0,32,0,205,0.013465580662112455
prefill,conversation,0,33,14,203,0.013334209143457698
prefill,conversation,0,34,17,202,0.01326852338413032
prefill,conversation,0,35,8,202,0.01326852338413032
prefill,conversation,0,36,18,200,0.013137151865475564
prefill,conversation,0,37,48,196,0.012874408828166053
prefill,conversation,0,38,42,195,0.012808723068838675
prefill,conversation,0,39,11,193,0.012677351550183921
prefill,conversation,0,40,10,189,0.012414608512874408
prefill,conversation,0,41,16,188,0.01234892275354703
prefill,conversation,0,42,1,188,0.01234892275354703
prefill,conversation,0,43,34,187,0.012283236994219654
prefill,conversation,0,44,27,182,0.011954808197582763
prefill,conversation,0,45,13,181,0.011889122438255387
prefill,conversation,0,46,21,178,0.011692065160273253
prefill,conversation,0,47,12,178,0.011692065160273253
prefill,conversation,0,48,45,177,0.011626379400945875
prefill,conversation,0,49,62,173,0.011363636363636364
prefill,conversation,0,50,4,169,0.011100893326326852
prefill,conversation,0,51,32,167,0.010969521807672097
prefill,conversation,0,52,50,166,0.010903836048344719
prefill,conversation,0,53,3,164,0.010772464529689963
prefill,conversation,0,54,57,160,0.010509721492380452
prefill,conversation,0,55,35,160,0.010509721492380452
prefill,conversation,0,56,47,152,0.009984235417761429
prefill,conversation,0,57,23,149,0.009787178139779296
prefill,conversation,0,58,56,148,0.009721492380451918
prefill,conversation,0,59,37,138,0.00906463478717814
prefill,conversation,0,60,31,137,0.008998949027850763
prefill,conversation,0,61,2,130,0.008539148712559117
prefill,conversation,0,62,9,126,0.008276405675249605
prefill,conversation,0,63,52,125,0.008210719915922229
prefill,conversation,0,64,28,87,0.005714661061481871
prefill,conversation,1,1,11,448,0.029427220178665267
prefill,conversation,1,2,12,383,0.025157645822385707
prefill,conversation,1,3,17,383,0.025157645822385707
prefill,conversation,1,4,47,378,0.024829217025748817
prefill,conversation,1,5,18,375,0.024632159747766683
prefill,conversation,1,6,60,373,0.02450078822911193
prefill,conversation,1,7,40,351,0.023055701523909615
prefill,conversation,1,8,35,345,0.02266158696794535
prefill,conversation,1,9,27,340,0.02233315817130846
prefill,conversation,1,10,49,328,0.021544929059379925
prefill,conversation,1,11,37,327,0.021479243300052547
prefill,conversation,1,12,23,325,0.021347871781397795
prefill,conversation,1,13,32,323,0.02121650026274304
prefill,conversation,1,14,25,319,0.020953757225433526
prefill,conversation,1,15,21,318,0.020888071466106148
prefill,conversation,1,16,63,315,0.020691014188124014
prefill,conversation,1,17,45,307,0.020165528113504992
prefill,conversation,1,18,41,302,0.0198370993168681
prefill,conversation,1,19,62,299,0.01964004203888597
prefill,conversation,1,20,53,294,0.01931161324224908
prefill,conversation,1,21,29,293,0.019245927482921702
prefill,conversation,1,22,9,285,0.01872044140830268
prefill,conversation,1,23,48,269,0.017669469259064634
prefill,conversation,1,24,59,267,0.017538097740409878
prefill,conversation,1,25,20,267,0.017538097740409878
prefill,conversation,1,26,15,262,0.01720966894377299
prefill,conversation,1,27,42,262,0.01720966894377299
prefill,conversation,1,28,39,254,0.016684182869153966
prefill,conversation,1,29,19,253,0.016618497109826588
prefill,conversation,1,30,14,245,0.016093011035207567
prefill,conversation,1,31,51,243,0.01596163951655281
prefill,conversation,1,32,7,241,0.015830267997898054
prefill,conversation,1,33,30,238,0.015633210719915924
prefill,conversation,1,34,1,238,0.015633210719915924
prefill,conversation,1,35,3,236,0.015501839201261167
prefill,conversation,1,36,5,231,0.015173410404624277
prefill,conversation,1,37,44,216,0.01418812401471361
prefill,conversation,1,38,58,215,0.014122438255386232
prefill,conversation,1,39,13,214,0.014056752496058854
prefill,conversation,1,40,50,212,0.013925380977404098
prefill,conversation,1,41,54,208,0.013662637940094587
prefill,conversation,1,42,8,205,0.013465580662112455
prefill,conversation,1,43,0,203,0.013334209143457698
prefill,conversation,1,44,52,196,0.012874408828166053
prefill,conversation,1,45,55,189,0.012414608512874408
prefill,conversation,1,46,2,187,0.012283236994219654
prefill,conversation,1,47,31,183,0.012020493956910142
prefill,conversation,1,48,36,174,0.011429322122963742
prefill,conversation,1,49,57,174,0.011429322122963742
prefill,conversation,1,50,34,163,0.010706778770362585
prefill,conversation,1,51,28,161,0.01057540725170783
prefill,conversation,1,52,61,157,0.010312664214398318
prefill,conversation,1,53,22,147,0.00965580662112454
prefill,conversation,1,54,4,136,0.008933263268523384
prefill,conversation,1,55,46,133,0.00873620599054125
prefill,conversation,1,56,38,115,0.00755386232264845
prefill,conversation,1,57,56,114,0.007488176563321072
prefill,conversation,1,58,10,106,0.006962690488702049
prefill,conversation,1,59,16,94,0.006174461376773515
prefill,conversation,1,60,24,91,0.005977404098791382
prefill,conversation,1,61,26,89,0.005846032580136626
prefill,conversation,1,62,6,84,0.005517603783499738
prefill,conversation,1,63,33,73,0.004795060430898581
prefill,conversation,1,64,43,68,0.004466631634261692
prefill,conversation,2,1,8,494,0.032448765107724646
prefill,conversation,2,2,34,441,0.02896741986337362
prefill,conversation,2,3,40,422,0.027719390436153443
prefill,conversation,2,4,5,396,0.02601156069364162
prefill,conversation,2,5,35,388,0.025486074619022595
prefill,conversation,2,6,15,372,0.024435102469784552
prefill,conversation,2,7,9,346,0.022727272727272728
prefill,conversation,2,8,12,341,0.022398843930635837
prefill,conversation,2,9,47,340,0.02233315817130846
prefill,conversation,2,10,62,337,0.02213610089332633
prefill,conversation,2,11,46,321,0.021085128744088282
prefill,conversation,2,12,22,311,0.020428271150814505
prefill,conversation,2,13,53,303,0.01990278507619548
prefill,conversation,2,14,26,286,0.01878612716763006
prefill,conversation,2,15,60,284,0.018654755648975303
prefill,conversation,2,16,59,282,0.018523384130320546
prefill,conversation,2,17,14,280,0.01839201261166579
prefill,conversation,2,18,1,280,0.01839201261166579
prefill,conversation,2,19,33,280,0.01839201261166579
prefill,conversation,2,20,38,277,0.018194955333683656
prefill,conversation,2,21,16,273,0.017932212296374147
prefill,conversation,2,22,29,271,0.01780084077771939
prefill,conversation,2,23,4,269,0.017669469259064634
prefill,conversation,2,24,63,263,0.01727535470310037
prefill,conversation,2,25,13,262,0.01720966894377299
prefill,conversation,2,26,27,258,0.01694692590646348
prefill,conversation,2,27,20,249,0.01635575407251708
prefill,conversation,2,28,19,247,0.016224382553862323
prefill,conversation,2,29,57,246,0.016158696794534945
prefill,conversation,2,30,45,244,0.01602732527588019
prefill,conversation,2,31,24,243,0.01596163951655281
prefill,conversation,2,32,18,243,0.01596163951655281
prefill,conversation,2,33,41,238,0.015633210719915924
prefill,conversation,2,34,23,238,0.015633210719915924
prefill,conversation,2,35,6,238,0.015633210719915924
prefill,conversation,2,36,21,233,0.015304781923279033
prefill,conversation,2,37,0,232,0.015239096163951655
prefill,conversation,2,38,58,230,0.0151077246452969
prefill,conversation,2,39,11,227,0.014910667367314766
prefill,conversation,2,40,44,215,0.014122438255386232
prefill,conversation,2,41,39,215,0.014122438255386232
prefill,conversation,2,42,36,212,0.013925380977404098
prefill,conversation,2,43,3,200,0.013137151865475564
prefill,conversation,2,44,61,193,0.012677351550183921
prefill,conversation,2,45,32,188,0.01234892275354703
prefill,conversation,2,46,25,178,0.011692065160273253
prefill,conversation,2,47,54,177,0.011626379400945875
prefill,conversation,2,48,48,174,0.011429322122963742
prefill,conversation,2,49,49,170,0.01116657908565423
prefill,conversation,2,50,56,167,0.010969521807672097
prefill,conversation,2,51,37,167,0.010969521807672097
prefill,conversation,2,52,50,167,0.010969521807672097
prefill,conversation,2,53,28,164,0.010772464529689963
prefill,conversation,2,54,7,158,0.010378349973725696
prefill,conversation,2,55,30,144,0.009458749343142408
prefill,conversation,2,56,52,144,0.009458749343142408
prefill,conversation,2,57,17,138,0.00906463478717814
prefill,conversation,2,58,31,99,0.006502890173410405
prefill,conversation,2,59,43,95,0.006240147136100893
prefill,conversation,2,60,10,91,0.005977404098791382
prefill,conversation,2,61,42,77,0.0050578034682080926
prefill,conversation,2,62,55,74,0.004860746190225959
prefill,conversation,2,63,2,73,0.004795060430898581
prefill,conversation,2,64,51,59,0.003875459800315292
prefill,conversation,3,1,45,595,0.039083026799789804
prefill,conversation,3,2,61,503,0.033039936941671046
prefill,conversation,3,3,52,448,0.029427220178665267
prefill,conversation,3,4,30,388,0.025486074619022595
prefill,conversation,3,5,58,385,0.025289017341040464
prefill,conversation,3,6,31,379,0.024894902785076195
prefill,conversation,3,7,59,364,0.023909616395165527
prefill,conversation,3,8,43,358,0.02351550183920126
prefill,conversation,3,9,23,354,0.02325275880189175
prefill,conversation,3,10,48,352,0.023121387283236993
prefill,conversation,3,11,12,351,0.023055701523909615
prefill,conversation,3,12,42,338,0.022201786652653703
prefill,conversation,3,13,49,334,0.021939043615344194
prefill,conversation,3,14,20,328,0.021544929059379925
prefill,conversation,3,15,57,328,0.021544929059379925
prefill,conversation,3,16,18,327,0.021479243300052547
prefill,conversation,3,17,38,324,0.021282186022070416
prefill,conversation,3,18,62,317,0.02082238570677877
prefill,conversation,3,19,40,307,0.020165528113504992
prefill,conversation,3,20,28,304,0.019968470835522858
prefill,conversation,3,21,15,301,0.019771413557540723
prefill,conversation,3,22,9,295,0.01937729900157646
prefill,conversation,3,23,22,280,0.01839201261166579
prefill,conversation,3,24,33,276,0.01812926957435628
prefill,conversation,3,25,37,274,0.017997898055701525
prefill,conversation,3,26,56,271,0.01780084077771939
prefill,conversation,3,27,54,268,0.017603783499737256
prefill,conversation,3,28,19,257,0.0168812401471361
prefill,conversation,3,29,39,247,0.016224382553862323
prefill,conversation,3,30,29,246,0.016158696794534945
prefill,conversation,3,31,46,240,0.015764582238570676
prefill,conversation,3,32,25,226,0.014844981607987388
prefill,conversation,3,33,35,220,0.014450867052023121
prefill,conversation,3,34,14,214,0.014056752496058854
prefill,conversation,3,35,47,210,0.013794009458749344
prefill,conversation,3,36,32,204,0.013399894902785077
prefill,conversation,3,37,44,202,0.01326852338413032
prefill,conversation,3,38,2,199,0.013071466106148188
prefill,conversation,3,39,34,198,0.01300578034682081
prefill,conversation,3,40,27,196,0.012874408828166053
prefill,conversation,3,41,21,195,0.012808723068838675
prefill,conversation,3,42,0,194,0.012743037309511297
prefill,conversation,3,43,50,190,0.012480294272201787
prefill,conversation,3,44,10,185,0.012151865475564898
prefill,conversation,3,45,7,174,0.011429322122963742
prefill,conversation,3,46,8,170,0.01116657908565423
prefill,conversation,3,47,55,168,0.011035207566999475
prefill,conversation,3,48,36,163,0.010706778770362585
prefill,conversation,3,49,1,148,0.009721492380451918
prefill,conversation,3,50,4,147,0.00965580662112454
prefill,conversation,3,51,11,145,0.009524435102469784
prefill,conversation,3,52,6,141,0.009261692065160273
prefill,conversation,3,53,41,129,0.00847346295323174
prefill,conversation,3,54,63,128,0.008407777193904361
prefill,conversation,3,55,24,126,0.008276405675249605
prefill,conversation,3,56,5,124,0.00814503415659485
prefill,conversation,3,57,3,110,0.0072254335260115606
prefill,conversation,3,58,51,109,0.0071597477666841824
prefill,conversation,3,59,53,57,0.003744088281660536
prefill,conversation,3,60,13,51,0.003349973725696269
prefill,conversation,3,61,60,50,0.003284287966368891
prefill,conversation,3,62,26,44,0.002890173410404624
prefill,conversation,3,63,17,38,0.0024960588544403572
prefill,conversation,3,64,16,30,0.0019705727798213345
prefill,conversation,4,1,17,557,0.03658696794534945
prefill,conversation,4,2,48,515,0.03382816605359958
prefill,conversation,4,3,62,454,0.029821334734629532
prefill,conversation,4,4,43,426,0.027982133473462952
prefill,conversation,4,5,34,422,0.027719390436153443
prefill,conversation,4,6,21,420,0.027588018917498687
prefill,conversation,4,7,19,380,0.024960588544403573
prefill,conversation,4,8,47,376,0.02469784550709406
prefill,conversation,4,9,49,370,0.024303730951129796
prefill,conversation,4,10,23,364,0.023909616395165527
prefill,conversation,4,11,8,357,0.023449816079873884
prefill,conversation,4,12,56,337,0.02213610089332633
prefill,conversation,4,13,45,315,0.020691014188124014
prefill,conversation,4,14,26,309,0.02029689963215975
prefill,conversation,4,15,33,303,0.01990278507619548
prefill,conversation,4,16,5,285,0.01872044140830268
prefill,conversation,4,17,58,276,0.01812926957435628
prefill,conversation,4,18,41,275,0.018063583815028903
prefill,conversation,4,19,52,270,0.017735155018392013
prefill,conversation,4,20,31,268,0.017603783499737256
prefill,conversation,4,21,59,267,0.017538097740409878
prefill,conversation,4,22,13,267,0.017538097740409878
prefill,conversation,4,23,35,263,0.01727535470310037
prefill,conversation,4,24,60,263,0.01727535470310037
prefill,conversation,4,25,36,261,0.017143983184445613
prefill,conversation,4,26,25,259,0.017012611665790857
prefill,conversation,4,27,44,251,0.016487125591171835
prefill,conversation,4,28,42,243,0.01596163951655281
prefill,conversation,4,29,7,240,0.015764582238570676
prefill,conversation,4,30,14,229,0.015042038885969522
prefill,conversation,4,31,39,229,0.015042038885969522
prefill,conversation,4,32,40,227,0.014910667367314766
prefill,conversation,4,33,6,223,0.014647924330005255
prefill,conversation,4,34,57,220,0.014450867052023121
prefill,conversation,4,35,11,212,0.013925380977404098
prefill,conversation,4,36,50,210,0.013794009458749344
prefill,conversation,4,37,46,209,0.013728323699421965
prefill,conversation,4,38,37,207,0.01359695218076721
prefill,conversation,4,39,53,206,0.013531266421439831
prefill,conversation,4,40,18,195,0.012808723068838675
prefill,conversation,4,41,38,190,0.012480294272201787
prefill,conversation,4,42,61,185,0.012151865475564898
prefill,conversation,4,43,10,185,0.012151865475564898
prefill,conversation,4,44,24,183,0.012020493956910142
prefill,conversation,4,45,1,181,0.011889122438255387
prefill,conversation,4,46,29,180,0.011823436678928009
prefill,conversation,4,47,3,175,0.011495007882291118
prefill,conversation,4,48,55,170,0.01116657908565423
prefill,conversation,4,49,4,166,0.010903836048344719
prefill,conversation,4,50,27,163,0.010706778770362585
prefill,conversation,4,51,54,157,0.010312664214398318
prefill,conversation,4,52,63,156,0.010246978455070941
prefill,conversation,4,53,20,144,0.009458749343142408
prefill,conversation,4,54,22,136,0.008933263268523384
prefill,conversation,4,55,30,129,0.00847346295323174
prefill,conversation,4,56,51,125,0.008210719915922229
prefill,conversation,4,57,0,124,0.00814503415659485
prefill,conversation,4,58,28,109,0.0071597477666841824
prefill,conversation,4,59,16,91,0.005977404098791382
prefill,conversation,4,60,9,86,0.005648975302154493
prefill,conversation,4,61,2,72,0.004729374671571204
prefill,conversation,4,62,32,67,0.004400945874934314
prefill,conversation,4,63,15,48,0.0031529164477141357
prefill,conversation,4,64,12,42,0.002758801891749869
prefill,conversation,5,1,0,616,0.04046242774566474
prefill,conversation,5,2,13,526,0.03455070940620074
prefill,conversation,5,3,10,432,0.02837624802942722
prefill,conversation,5,4,21,425,0.027916447714135574
prefill,conversation,5,5,14,401,0.026339989490278506
prefill,conversation,5,6,27,389,0.025551760378349973
prefill,conversation,5,7,42,363,0.02384393063583815
prefill,conversation,5,8,48,354,0.02325275880189175
prefill,conversation,5,9,54,342,0.022464529689963215
prefill,conversation,5,10,6,342,0.022464529689963215
prefill,conversation,5,11,38,324,0.021282186022070416
prefill,conversation,5,12,55,320,0.021019442984760904
prefill,conversation,5,13,52,320,0.021019442984760904
prefill,conversation,5,14,41,310,0.020362585391487126
prefill,conversation,5,15,45,310,0.020362585391487126
prefill,conversation,5,16,26,309,0.02029689963215975
prefill,conversation,5,17,60,296,0.019442984760903836
prefill,conversation,5,18,57,293,0.019245927482921702
prefill,conversation,5,19,23,291,0.019114555964266946
prefill,conversation,5,20,34,287,0.018851812926957437
prefill,conversation,5,21,58,275,0.018063583815028903
prefill,conversation,5,22,19,270,0.017735155018392013
prefill,conversation,5,23,30,262,0.01720966894377299
prefill,conversation,5,24,40,258,0.01694692590646348
prefill,conversation,5,25,20,253,0.016618497109826588
prefill,conversation,5,26,8,247,0.016224382553862323
prefill,conversation,5,27,11,246,0.016158696794534945
prefill,conversation,5,28,22,244,0.01602732527588019
prefill,conversation,5,29,63,235,0.01543615344193379
prefill,conversation,5,30,2,232,0.015239096163951655
prefill,conversation,5,31,18,230,0.0151077246452969
prefill,conversation,5,32,39,220,0.014450867052023121
prefill,conversation,5,33,36,208,0.013662637940094587
prefill,conversation,5,34,16,205,0.013465580662112455
prefill,conversation,5,35,59,204,0.013399894902785077
prefill,conversation,5,36,29,200,0.013137151865475564
prefill,conversation,5,37,32,199,0.013071466106148188
prefill,conversation,5,38,1,197,0.012940094587493432
prefill,conversation,5,39,46,191,0.012545980031529165
prefill,conversation,5,40,9,189,0.012414608512874408
prefill,conversation,5,41,17,188,0.01234892275354703
prefill,conversation,5,42,51,184,0.01208617971623752
prefill,conversation,5,43,35,184,0.01208617971623752
prefill,conversation,5,44,3,180,0.011823436678928009
prefill,conversation,5,45,33,179,0.01175775091960063
prefill,conversation,5,46,61,175,0.011495007882291118
prefill,conversation,5,47,4,169,0.011100893326326852
prefill,conversation,5,48,49,169,0.011100893326326852
prefill,conversation,5,49,7,166,0.010903836048344719
prefill,conversation,5,50,12,164,0.010772464529689963
prefill,conversation,5,51,47,161,0.01057540725170783
prefill,conversation,5,52,43,147,0.00965580662112454
prefill,conversation,5,53,53,142,0.009327377824487651
prefill,conversation,5,54,24,140,0.009196006305832895
prefill,conversation,5,55,31,134,0.008801891749868628
prefill,conversation,5,56,50,121,0.007947976878612716
prefill,conversation,5,57,62,119,0.007816605359957962
prefill,conversation,5,58,28,109,0.0071597477666841824
prefill,conversation,5,59,5,105,0.006897004729374672
prefill,conversation,5,60,15,105,0.006897004729374672
prefill,conversation,5,61,37,103,0.0067656332107199155
prefill,conversation,5,62,25,98,0.006437204414083027
prefill,conversation,5,63,44,89,0.005846032580136626
prefill,conversation,5,64,56,78,0.005123489227535471
prefill,conversation,6,1,18,815,0.053533893851812925
prefill,conversation,6,2,36,639,0.04197320021019443
prefill,conversation,6,3,57,462,0.030346820809248554
prefill,conversation,6,4,5,427,0.02804781923279033
prefill,conversation,6,5,61,413,0.02712821860220704
prefill,conversation,6,6,33,401,0.026339989490278506
prefill,conversation,6,7,38,380,0.024960588544403573
prefill,conversation,6,8,16,348,0.022858644245927484
prefill,conversation,6,9,20,343,0.022530215449290594
prefill,conversation,6,10,40,341,0.022398843930635837
prefill,conversation,6,11,9,340,0.02233315817130846
prefill,conversation,6,12,62,321,0.021085128744088282
prefill,conversation,6,13,24,316,0.02075669994745139
prefill,conversation,6,14,55,313,0.02055964266946926
prefill,conversation,6,15,26,307,0.020165528113504992
prefill,conversation,6,16,2,300,0.01970572779821335
prefill,conversation,6,17,15,288,0.018917498686284815
prefill,conversation,6,18,48,287,0.018851812926957437
prefill,conversation,6,19,11,283,0.018589069889647925
prefill,conversation,6,20,12,283,0.018589069889647925
prefill,conversation,6,21,41,277,0.018194955333683656
prefill,conversation,6,22,6,257,0.0168812401471361
prefill,conversation,6,23,52,255,0.016749868628481344
prefill,conversation,6,24,45,249,0.01635575407251708
prefill,conversation,6,25,42,243,0.01596163951655281
prefill,conversation,6,26,56,237,0.015567524960588544
prefill,conversation,6,27,47,233,0.015304781923279033
prefill,conversation,6,28,0,228,0.014976353126642144
prefill,conversation,6,29,10,227,0.014910667367314766
prefill,conversation,6,30,17,223,0.014647924330005255
prefill,conversation,6,31,63,223,0.014647924330005255
prefill,conversation,6,32,1,219,0.014385181292695743
prefill,conversation,6,33,25,216,0.01418812401471361
prefill,conversation,6,34,4,210,0.013794009458749344
prefill,conversation,6,35,35,210,0.013794009458749344
prefill,conversation,6,36,21,208,0.013662637940094587
prefill,conversation,6,37,13,204,0.013399894902785077
prefill,conversation,6,38,59,201,0.013202837624802942
prefill,conversation,6,39,29,201,0.013202837624802942
prefill,conversation,6,40,27,200,0.013137151865475564
prefill,conversation,6,41,58,197,0.012940094587493432
prefill,conversation,6,42,53,192,0.012611665790856543
prefill,conversation,6,43,23,191,0.012545980031529165
prefill,conversation,6,44,39,189,0.012414608512874408
prefill,conversation,6,45,3,184,0.01208617971623752
prefill,conversation,6,46,43,181,0.011889122438255387
prefill,conversation,6,47,60,174,0.011429322122963742
prefill,conversation,6,48,8,166,0.010903836048344719
prefill,conversation,6,49,28,154,0.010115606936416185
prefill,conversation,6,50,50,149,0.009787178139779296
prefill,conversation,6,51,30,124,0.00814503415659485
prefill,conversation,6,52,22,123,0.008079348397267472
prefill,conversation,6,53,37,122,0.008013662637940094
prefill,conversation,6,54,46,117,0.007685233841303206
prefill,conversation,6,55,7,117,0.007685233841303206
prefill,conversation,6,56,44,114,0.007488176563321072
prefill,conversation,6,57,54,106,0.006962690488702049
prefill,conversation,6,58,49,104,0.006831318970047294
prefill,conversation,6,59,51,99,0.006502890173410405
prefill,conversation,6,60,14,84,0.005517603783499738
prefill,conversation,6,61,19,81,0.005320546505517604
prefill,conversation,6,62,31,65,0.004269574356279559
prefill,conversation,6,63,32,41,0.0026931161324224907
prefill,conversation,6,64,34,22,0.001445086705202312
prefill,conversation,7,1,54,645,0.042367314766158695
prefill,conversation,7,2,4,596,0.039148712559117185
prefill,conversation,7,3,1,592,0.03888596952180767
prefill,conversation,7,4,46,428,0.02811350499211771
prefill,conversation,7,5,17,396,0.02601156069364162
prefill,conversation,7,6,29,395,0.02594587493431424
prefill,conversation,7,7,0,374,0.024566473988439308
prefill,conversation,7,8,36,373,0.02450078822911193
prefill,conversation,7,9,5,362,0.023778244876510774
prefill,conversation,7,10,26,344,0.02259590120861797
prefill,conversation,7,11,35,341,0.022398843930635837
prefill,conversation,7,12,60,332,0.021807672096689438
prefill,conversation,7,13,38,323,0.02121650026274304
prefill,conversation,7,14,13,305,0.020034156594850236
prefill,conversation,7,15,32,305,0.020034156594850236
prefill,conversation,7,16,11,304,0.019968470835522858
prefill,conversation,7,17,48,300,0.01970572779821335
prefill,conversation,7,18,34,288,0.018917498686284815
prefill,conversation,7,19,23,282,0.018523384130320546
prefill,conversation,7,20,61,280,0.01839201261166579
prefill,conversation,7,21,47,275,0.018063583815028903
prefill,conversation,7,22,41,270,0.017735155018392013
prefill,conversation,7,23,24,262,0.01720966894377299
prefill,conversation,7,24,56,262,0.01720966894377299
prefill,conversation,7,25,18,257,0.0168812401471361
prefill,conversation,7,26,19,243,0.01596163951655281
prefill,conversation,7,27,53,242,0.015895953757225433
prefill,conversation,7,28,37,237,0.015567524960588544
prefill,conversation,7,29,2,233,0.015304781923279033
prefill,conversation,7,30,58,233,0.015304781923279033
prefill,conversation,7,31,55,231,0.015173410404624277
prefill,conversation,7,32,62,225,0.01477929584866001
prefill,conversation,7,33,44,220,0.014450867052023121
prefill,conversation,7,34,59,210,0.013794009458749344
prefill,conversation,7,35,16,208,0.013662637940094587
prefill,conversation,7,36,12,205,0.013465580662112455
prefill,conversation,7,37,14,205,0.013465580662112455
prefill,conversation,7,38,21,202,0.01326852338413032
prefill,conversation,7,39,52,202,0.01326852338413032
prefill,conversation,7,40,15,202,0.01326852338413032
prefill,conversation,7,41,39,194,0.012743037309511297
prefill,conversation,7,42,3,190,0.012480294272201787
prefill,conversation,7,43,28,188,0.01234892275354703
prefill,conversation,7,44,9,185,0.012151865475564898
prefill,conversation,7,45,20,168,0.011035207566999475
prefill,conversation,7,46,22,160,0.010509721492380452
prefill,conversation,7,47,45,155,0.010181292695743563
prefill,conversation,7,48,63,142,0.009327377824487651
prefill,conversation,7,49,8,140,0.009196006305832895
prefill,conversation,7,50,31,137,0.008998949027850763
prefill,conversation,7,51,43,134,0.008801891749868628
prefill,conversation,7,52,10,130,0.008539148712559117
prefill,conversation,7,53,57,123,0.008079348397267472
prefill,conversation,7,54,51,118,0.007750919600630584
prefill,conversation,7,55,30,111,0.007291119285338939
prefill,conversation,7,56,42,108,0.007094062007356805
prefill,conversation,7,57,6,108,0.007094062007356805
prefill,conversation,7,58,49,100,0.006568575932737782
prefill,conversation,7,59,40,99,0.006502890173410405
prefill,conversation,7,60,33,91,0.005977404098791382
prefill,conversation,7,61,25,88,0.005780346820809248
prefill,conversation,7,62,50,73,0.004795060430898581
prefill,conversation,7,63,27,50,0.003284287966368891
prefill,conversation,7,64,7,43,0.0028244876510772465
prefill,conversation,8,1,51,586,0.038491854965843404
prefill,conversation,8,2,54,578,0.03796636889122438
prefill,conversation,8,3,18,511,0.03356542301629007
prefill,conversation,8,4,11,490,0.032186022070415134
prefill,conversation,8,5,37,407,0.026734104046242775
prefill,conversation,8,6,57,397,0.026077246452968997
prefill,conversation,8,7,45,372,0.024435102469784552
prefill,conversation,8,8,55,351,0.023055701523909615
prefill,conversation,8,9,63,336,0.02207041513399895
prefill,conversation,8,10,17,327,0.021479243300052547
prefill,conversation,8,11,14,306,0.020099842354177614
prefill,conversation,8,12,28,299,0.01964004203888597
prefill,conversation,8,13,10,295,0.01937729900157646
prefill,conversation,8,14,42,286,0.01878612716763006
prefill,conversation,8,15,30,286,0.01878612716763006
prefill,conversation,8,16,20,284,0.018654755648975303
prefill,conversation,8,17,62,283,0.018589069889647925
prefill,conversation,8,18,12,283,0.018589069889647925
prefill,conversation,8,19,34,275,0.018063583815028903
prefill,conversation,8,20,35,272,0.01786652653704677
prefill,conversation,8,21,3,264,0.017341040462427744
prefill,conversation,8,22,27,258,0.01694692590646348
prefill,conversation,8,23,38,257,0.0168812401471361
prefill,conversation,8,24,32,254,0.016684182869153966
prefill,conversation,8,25,21,251,0.016487125591171835
prefill,conversation,8,26,6,245,0.016093011035207567
prefill,conversation,8,27,53,244,0.01602732527588019
prefill,conversation,8,28,1,240,0.015764582238570676
prefill,conversation,8,29,39,239,0.0156988964792433
prefill,conversation,8,30,50,236,0.015501839201261167
prefill,conversation,8,31,16,235,0.01543615344193379
prefill,conversation,8,32,58,230,0.0151077246452969
prefill,conversation,8,33,15,229,0.015042038885969522
prefill,conversation,8,34,0,227,0.014910667367314766
prefill,conversation,8,35,36,226,0.014844981607987388
prefill,conversation,8,36,49,224,0.014713610089332634
prefill,conversation,8,37,52,214,0.014056752496058854
prefill,conversation,8,38,47,212,0.013925380977404098
prefill,conversation,8,39,9,201,0.013202837624802942
prefill,conversation,8,40,23,200,0.013137151865475564
prefill,conversation,8,41,29,193,0.012677351550183921
prefill,conversation,8,42,46,192,0.012611665790856543
prefill,conversation,8,43,31,179,0.01175775091960063
prefill,conversation,8,44,5,175,0.011495007882291118
prefill,conversation,8,45,13,174,0.011429322122963742
prefill,conversation,8,46,56,172,0.011297950604308986
prefill,conversation,8,47,24,168,0.011035207566999475
prefill,conversation,8,48,40,165,0.01083815028901734
prefill,conversation,8,49,43,160,0.010509721492380452
prefill,conversation,8,50,2,152,0.009984235417761429
prefill,conversation,8,51,8,151,0.00991854965843405
prefill,conversation,8,52,44,141,0.009261692065160273
prefill,conversation,8,53,41,138,0.00906463478717814
prefill,conversation,8,54,61,138,0.00906463478717814
prefill,conversation,8,55,33,134,0.008801891749868628
prefill,conversation,8,56,26,122,0.008013662637940094
prefill,conversation,8,57,19,119,0.007816605359957962
prefill,conversation,8,58,7,114,0.007488176563321072
prefill,conversation,8,59,25,105,0.006897004729374672
prefill,conversation,8,60,22,93,0.006108775617446138
prefill,conversation,8,61,4,91,0.005977404098791382
prefill,conversation,8,62,59,87,0.005714661061481871
prefill,conversation,8,63,60,84,0.005517603783499738
prefill,conversation,8,64,48,67,0.004400945874934314
prefill,conversation,9,1,5,696,0.04571728849185497
prefill,conversation,9,2,37,407,0.026734104046242775
prefill,conversation,9,3,50,399,0.026208617971623754
prefill,conversation,9,4,7,356,0.023384130320546506
prefill,conversation,9,5,28,348,0.022858644245927484
prefill,conversation,9,6,39,347,0.022792958486600106
prefill,conversation,9,7,55,347,0.022792958486600106
prefill,conversation,9,8,0,331,0.02174198633736206
prefill,conversation,9,9,61,326,0.02141355754072517
prefill,conversation,9,10,58,319,0.020953757225433526
prefill,conversation,9,11,51,313,0.02055964266946926
prefill,conversation,9,12,13,308,0.02023121387283237
prefill,conversation,9,13,12,306,0.020099842354177614
prefill,conversation,9,14,52,305,0.020034156594850236
prefill,conversation,9,15,53,299,0.01964004203888597
prefill,conversation,9,16,48,298,0.019574356279558593
prefill,conversation,9,17,46,297,0.019508670520231215
prefill,conversation,9,18,38,291,0.019114555964266946
prefill,conversation,9,19,47,289,0.01898318444561219
prefill,conversation,9,20,36,286,0.01878612716763006
prefill,conversation,9,21,29,280,0.01839201261166579
prefill,conversation,9,22,21,278,0.018260641093011034
prefill,conversation,9,23,27,267,0.017538097740409878
prefill,conversation,9,24,43,267,0.017538097740409878
prefill,conversation,9,25,59,265,0.017406726221755122
prefill,conversation,9,26,32,264,0.017341040462427744
prefill,conversation,9,27,63,260,0.017078297425118235
prefill,conversation,9,28,1,256,0.016815554387808723
prefill,conversation,9,29,41,256,0.016815554387808723
prefill,conversation,9,30,54,243,0.01596163951655281
prefill,conversation,9,31,42,234,0.015370467682606411
prefill,conversation,9,32,23,232,0.015239096163951655
prefill,conversation,9,33,2,227,0.014910667367314766
prefill,conversation,9,34,16,227,0.014910667367314766
prefill,conversation,9,35,40,219,0.014385181292695743
prefill,conversation,9,36,15,216,0.01418812401471361
prefill,conversation,9,37,44,210,0.013794009458749344
prefill,conversation,9,38,26,196,0.012874408828166053
prefill,conversation,9,39,17,192,0.012611665790856543
prefill,conversation,9,40,33,189,0.012414608512874408
prefill,conversation,9,41,30,184,0.01208617971623752
prefill,conversation,9,42,6,179,0.01175775091960063
prefill,conversation,9,43,62,179,0.01175775091960063
prefill,conversation,9,44,18,176,0.011560693641618497
prefill,conversation,9,45,20,175,0.011495007882291118
prefill,conversation,9,46,45,174,0.011429322122963742
prefill,conversation,9,47,56,174,0.011429322122963742
prefill,conversation,9,48,4,168,0.011035207566999475
prefill,conversation,9,49,10,167,0.010969521807672097
prefill,conversation,9,50,49,166,0.010903836048344719
prefill,conversation,9,51,8,164,0.010772464529689963
prefill,conversation,9,52,34,163,0.010706778770362585
prefill,conversation,9,53,11,163,0.010706778770362585
prefill,conversation,9,54,22,159,0.010444035733053074
prefill,conversation,9,55,24,153,0.010049921177088807
prefill,conversation,9,56,25,147,0.00965580662112454
prefill,conversation,9,57,14,142,0.009327377824487651
prefill,conversation,9,58,3,124,0.00814503415659485
prefill,conversation,9,59,31,118,0.007750919600630584
prefill,conversation,9,60,19,115,0.00755386232264845
prefill,conversation,9,61,35,113,0.007422490803993694
prefill,conversation,9,62,9,109,0.0071597477666841824
prefill,conversation,9,63,60,101,0.00663426169206516
prefill,conversation,9,64,57,65,0.004269574356279559
prefill,conversation,10,1,56,461,0.030281135049921176
prefill,conversation,10,2,62,449,0.02949290593799264
prefill,conversation,10,3,35,422,0.027719390436153443
prefill,conversation,10,4,22,402,0.026405675249605885
prefill,conversation,10,5,17,401,0.026339989490278506
prefill,conversation,10,6,37,383,0.025157645822385707
prefill,conversation,10,7,2,369,0.024238045191802417
prefill,conversation,10,8,16,358,0.02351550183920126
prefill,conversation,10,9,44,357,0.023449816079873884
prefill,conversation,10,10,47,340,0.02233315817130846
prefill,conversation,10,11,32,339,0.02226747241198108
prefill,conversation,10,12,13,327,0.021479243300052547
prefill,conversation,10,13,36,325,0.021347871781397795
prefill,conversation,10,14,53,322,0.02115081450341566
prefill,conversation,10,15,24,302,0.0198370993168681
prefill,conversation,10,16,1,297,0.019508670520231215
prefill,conversation,10,17,5,297,0.019508670520231215
prefill,conversation,10,18,20,293,0.019245927482921702
prefill,conversation,10,19,0,279,0.018326326852338412
prefill,conversation,10,20,52,278,0.018260641093011034
prefill,conversation,10,21,14,271,0.01780084077771939
prefill,conversation,10,22,39,264,0.017341040462427744
prefill,conversation,10,23,54,249,0.01635575407251708
prefill,conversation,10,24,40,241,0.015830267997898054
prefill,conversation,10,25,61,233,0.015304781923279033
prefill,conversation,10,26,10,232,0.015239096163951655
prefill,conversation,10,27,4,229,0.015042038885969522
prefill,conversation,10,28,28,229,0.015042038885969522
prefill,conversation,10,29,31,227,0.014910667367314766
prefill,conversation,10,30,3,224,0.014713610089332634
prefill,conversation,10,31,30,222,0.014582238570677877
prefill,conversation,10,32,12,221,0.0145165528113505
prefill,conversation,10,33,7,216,0.01418812401471361
prefill,conversation,10,34,42,215,0.014122438255386232
prefill,conversation,10,35,6,213,0.013991066736731476
prefill,conversation,10,36,9,212,0.013925380977404098
prefill,conversation,10,37,38,212,0.013925380977404098
prefill,conversation,10,38,25,211,0.013859695218076722
prefill,conversation,10,39,51,208,0.013662637940094587
prefill,conversation,10,40,59,194,0.012743037309511297
prefill,conversation,10,41,60,193,0.012677351550183921
prefill,conversation,10,42,43,190,0.012480294272201787
prefill,conversation,10,43,11,190,0.012480294272201787
prefill,conversation,10,44,33,189,0.012414608512874408
prefill,conversation,10,45,27,186,0.012217551234892276
prefill,conversation,10,46,41,183,0.012020493956910142
prefill,conversation,10,47,15,182,0.011954808197582763
prefill,conversation,10,48,45,180,0.011823436678928009
prefill,conversation,10,49,50,174,0.011429322122963742
prefill,conversation,10,50,29,172,0.011297950604308986
prefill,conversation,10,51,21,169,0.011100893326326852
prefill,conversation,10,52,23,168,0.011035207566999475
prefill,conversation,10,53,63,160,0.010509721492380452
prefill,conversation,10,54,8,156,0.010246978455070941
prefill,conversation,10,55,58,152,0.009984235417761429
prefill,conversation,10,56,26,152,0.009984235417761429
prefill,conversation,10,57,49,152,0.009984235417761429
prefill,conversation,10,58,34,147,0.00965580662112454
prefill,conversation,10,59,19,136,0.008933263268523384
prefill,conversation,10,60,46,102,0.006699947451392538
prefill,conversation,10,61,55,101,0.00663426169206516
prefill,conversation,10,62,57,94,0.006174461376773515
prefill,conversation,10,63,18,87,0.005714661061481871
prefill,conversation,10,64,48,85,0.005583289542827115
prefill,conversation,11,1,47,602,0.03954282711508145
prefill,conversation,11,2,57,541,0.0355359957961114
prefill,conversation,11,3,7,417,0.027390961639516553
prefill,conversation,11,4,14,413,0.02712821860220704
prefill,conversation,11,5,43,405,0.02660273252758802
prefill,conversation,11,6,27,404,0.02653704676826064
prefill,conversation,11,7,58,403,0.026471361008933263
prefill,conversation,11,8,15,367,0.02410667367314766
prefill,conversation,11,9,61,348,0.022858644245927484
prefill,conversation,11,10,34,343,0.022530215449290594
prefill,conversation,11,11,16,329,0.021610614818707304
prefill,conversation,11,12,54,328,0.021544929059379925
prefill,conversation,11,13,8,322,0.02115081450341566
prefill,conversation,11,14,18,314,0.020625328428796635
prefill,conversation,11,15,31,312,0.020493956910141883
prefill,conversation,11,16,44,304,0.019968470835522858
prefill,conversation,11,17,63,296,0.019442984760903836
prefill,conversation,11,18,0,295,0.01937729900157646
prefill,conversation,11,19,13,271,0.01780084077771939
prefill,conversation,11,20,50,265,0.017406726221755122
prefill,conversation,11,21,45,261,0.017143983184445613
prefill,conversation,11,22,23,260,0.017078297425118235
prefill,conversation,11,23,49,250,0.016421439831844457
prefill,conversation,11,24,24,245,0.016093011035207567
prefill,conversation,11,25,53,240,0.015764582238570676
prefill,conversation,11,26,11,238,0.015633210719915924
prefill,conversation,11,27,35,238,0.015633210719915924
prefill,conversation,11,28,1,238,0.015633210719915924
prefill,conversation,11,29,22,229,0.015042038885969522
prefill,conversation,11,30,42,225,0.01477929584866001
prefill,conversation,11,31,20,224,0.014713610089332634
prefill,conversation,11,32,36,223,0.014647924330005255
prefill,conversation,11,33,52,220,0.014450867052023121
prefill,conversation,11,34,21,220,0.014450867052023121
prefill,conversation,11,35,26,218,0.014319495533368365
prefill,conversation,11,36,55,216,0.01418812401471361
prefill,conversation,11,37,30,215,0.014122438255386232
prefill,conversation,11,38,60,213,0.013991066736731476
prefill,conversation,11,39,32,208,0.013662637940094587
prefill,conversation,11,40,56,199,0.013071466106148188
prefill,conversation,11,41,25,194,0.012743037309511297
prefill,conversation,11,42,46,192,0.012611665790856543
prefill,conversation,11,43,28,190,0.012480294272201787
prefill,conversation,11,44,19,190,0.012480294272201787
prefill,conversation,11,45,3,186,0.012217551234892276
prefill,conversation,11,46,17,186,0.012217551234892276
prefill,conversation,11,47,33,182,0.011954808197582763
prefill,conversation,11,48,4,173,0.011363636363636364
prefill,conversation,11,49,40,171,0.011232264844981608
prefill,conversation,11,50,51,169,0.011100893326326852
prefill,conversation,11,51,2,169,0.011100893326326852
prefill,conversation,11,52,39,157,0.010312664214398318
prefill,conversation,11,53,10,148,0.009721492380451918
prefill,conversation,11,54,48,125,0.008210719915922229
prefill,conversation,11,55,12,121,0.007947976878612716
prefill,conversation,11,56,37,120,0.007882291119285338
prefill,conversation,11,57,41,116,0.0076195480819758275
prefill,conversation,11,58,9,104,0.006831318970047294
prefill,conversation,11,59,5,97,0.006371518654755649
prefill,conversation,11,60,62,85,0.005583289542827115
prefill,conversation,11,61,59,81,0.005320546505517604
prefill,conversation,11,62,38,77,0.0050578034682080926
prefill,conversation,11,63,29,67,0.004400945874934314
prefill,conversation,11,64,6,65,0.004269574356279559
prefill,conversation,12,1,43,579,0.03803205465055176
prefill,conversation,12,2,2,537,0.035273252758801894
prefill,conversation,12,3,19,503,0.033039936941671046
prefill,conversation,12,4,23,455,0.02988702049395691
prefill,conversation,12,5,52,404,0.02653704676826064
prefill,conversation,12,6,0,396,0.02601156069364162
prefill,conversation,12,7,50,394,0.025880189174986863
prefill,conversation,12,8,55,358,0.02351550183920126
prefill,conversation,12,9,14,354,0.02325275880189175
prefill,conversation,12,10,46,344,0.02259590120861797
prefill,conversation,12,11,38,337,0.02213610089332633
prefill,conversation,12,12,22,332,0.021807672096689438
prefill,conversation,12,13,32,331,0.02174198633736206
prefill,conversation,12,14,30,327,0.021479243300052547
prefill,conversation,12,15,48,322,0.02115081450341566
prefill,conversation,12,16,62,319,0.020953757225433526
prefill,conversation,12,17,21,306,0.020099842354177614
prefill,conversation,12,18,8,295,0.01937729900157646
prefill,conversation,12,19,7,292,0.019180241723594324
prefill,conversation,12,20,29,279,0.018326326852338412
prefill,conversation,12,21,17,274,0.017997898055701525
prefill,conversation,12,22,25,270,0.017735155018392013
prefill,conversation,12,23,63,261,0.017143983184445613
prefill,conversation,12,24,34,259,0.017012611665790857
prefill,conversation,12,25,15,257,0.0168812401471361
prefill,conversation,12,26,6,255,0.016749868628481344
prefill,conversation,12,27,5,255,0.016749868628481344
prefill,conversation,12,28,16,247,0.016224382553862323
prefill,conversation,12,29,53,232,0.015239096163951655
prefill,conversation,12,30,49,228,0.014976353126642144
prefill,conversation,12,31,9,226,0.014844981607987388
prefill,conversation,12,32,61,222,0.014582238570677877
prefill,conversation,12,33,45,218,0.014319495533368365
prefill,conversation,12,34,51,214,0.014056752496058854
prefill,conversation,12,35,18,214,0.014056752496058854
prefill,conversation,12,36,1,208,0.013662637940094587
prefill,conversation,12,37,58,199,0.013071466106148188
prefill,conversation,12,38,33,193,0.012677351550183921
prefill,conversation,12,39,27,193,0.012677351550183921
prefill,conversation,12,40,59,181,0.011889122438255387
prefill,conversation,12,41,54,175,0.011495007882291118
prefill,conversation,12,42,31,174,0.011429322122963742
prefill,conversation,12,43,4,173,0.011363636363636364
prefill,conversation,12,44,36,170,0.01116657908565423
prefill,conversation,12,45,11,169,0.011100893326326852
prefill,conversation,12,46,47,167,0.010969521807672097
prefill,conversation,12,47,41,165,0.01083815028901734
prefill,conversation,12,48,42,158,0.010378349973725696
prefill,conversation,12,49,44,156,0.010246978455070941
prefill,conversation,12,50,13,151,0.00991854965843405
prefill,conversation,12,51,3,151,0.00991854965843405
prefill,conversation,12,52,39,141,0.009261692065160273
prefill,conversation,12,53,40,139,0.009130320546505517
prefill,conversation,12,54,28,135,0.008867577509196006
prefill,conversation,12,55,10,129,0.00847346295323174
prefill,conversation,12,56,26,120,0.007882291119285338
prefill,conversation,12,57,57,116,0.0076195480819758275
prefill,conversation,12,58,56,91,0.005977404098791382
prefill,conversation,12,59,35,87,0.005714661061481871
prefill,conversation,12,60,20,84,0.005517603783499738
prefill,conversation,12,61,60,82,0.005386232264844981
prefill,conversation,12,62,24,81,0.005320546505517604
prefill,conversation,12,63,37,74,0.004860746190225959
prefill,conversation,12,64,12,66,0.004335260115606936
prefill,conversation,13,1,32,472,0.031003678402522335
prefill,conversation,13,2,13,445,0.029230162900683133
prefill,conversation,13,3,55,437,0.028704676826064108
prefill,conversation,13,4,27,431,0.028310562270099843
prefill,conversation,13,5,41,409,0.02686547556489753
prefill,conversation,13,6,8,379,0.024894902785076195
prefill,conversation,13,7,22,365,0.023975302154492905
prefill,conversation,13,8,2,357,0.023449816079873884
prefill,conversation,13,9,20,355,0.023318444561219127
prefill,conversation,13,10,5,342,0.022464529689963215
prefill,conversation,13,11,36,340,0.02233315817130846
prefill,conversation,13,12,35,335,0.022004729374671572
prefill,conversation,13,13,1,333,0.021873357856016816
prefill,conversation,13,14,3,323,0.02121650026274304
prefill,conversation,13,15,46,311,0.020428271150814505
prefill,conversation,13,16,11,306,0.020099842354177614
prefill,conversation,13,17,62,295,0.01937729900157646
prefill,conversation,13,18,34,289,0.01898318444561219
prefill,conversation,13,19,48,271,0.01780084077771939
prefill,conversation,13,20,58,271,0.01780084077771939
prefill,conversation,13,21,57,269,0.017669469259064634
prefill,conversation,13,22,54,265,0.017406726221755122
prefill,conversation,13,23,37,265,0.017406726221755122
prefill,conversation,13,24,31,262,0.01720966894377299
prefill,conversation,13,25,40,256,0.016815554387808723
prefill,conversation,13,26,63,255,0.016749868628481344
prefill,conversation,13,27,49,247,0.016224382553862323
prefill,conversation,13,28,33,245,0.016093011035207567
prefill,conversation,13,29,56,244,0.01602732527588019
prefill,conversation,13,30,19,242,0.015895953757225433
prefill,conversation,13,31,30,241,0.015830267997898054
prefill,conversation,13,32,42,228,0.014976353126642144
prefill,conversation,13,33,17,224,0.014713610089332634
prefill,conversation,13,34,51,220,0.014450867052023121
prefill,conversation,13,35,12,212,0.013925380977404098
prefill,conversation,13,36,6,206,0.013531266421439831
prefill,conversation,13,37,43,201,0.013202837624802942
prefill,conversation,13,38,24,199,0.013071466106148188
prefill,conversation,13,39,45,193,0.012677351550183921
prefill,conversation,13,40,9,192,0.012611665790856543
prefill,conversation,13,41,15,192,0.012611665790856543
prefill,conversation,13,42,44,190,0.012480294272201787
prefill,conversation,13,43,53,189,0.012414608512874408
prefill,conversation,13,44,38,188,0.01234892275354703
prefill,conversation,13,45,47,187,0.012283236994219654
prefill,conversation,13,46,25,187,0.012283236994219654
prefill,conversation,13,47,50,183,0.012020493956910142
prefill,conversation,13,48,61,178,0.011692065160273253
prefill,conversation,13,49,26,174,0.011429322122963742
prefill,conversation,13,50,0,174,0.011429322122963742
prefill,conversation,13,51,14,172,0.011297950604308986
prefill,conversation,13,52,39,160,0.010509721492380452
prefill,conversation,13,53,60,158,0.010378349973725696
prefill,conversation,13,54,16,141,0.009261692065160273
prefill,conversation,13,55,7,128,0.008407777193904361
prefill,conversation,13,56,10,123,0.008079348397267472
prefill,conversation,13,57,52,120,0.007882291119285338
prefill,conversation,13,58,23,119,0.007816605359957962
prefill,conversation,13,59,28,110,0.0072254335260115606
prefill,conversation,13,60,21,99,0.006502890173410405
prefill,conversation,13,61,18,87,0.005714661061481871
prefill,conversation,13,62,29,85,0.005583289542827115
prefill,conversation,13,63,4,84,0.005517603783499738
prefill,conversation,13,64,59,64,0.004203888596952181
prefill,conversation,14,1,43,400,0.02627430373095113
prefill,conversation,14,2,38,382,0.02509196006305833
prefill,conversation,14,3,15,363,0.02384393063583815
prefill,conversation,14,4,1,360,0.023646873357856018
prefill,conversation,14,5,37,356,0.023384130320546506
prefill,conversation,14,6,44,355,0.023318444561219127
prefill,conversation,14,7,52,355,0.023318444561219127
prefill,conversation,14,8,41,351,0.023055701523909615
prefill,conversation,14,9,63,351,0.023055701523909615
prefill,conversation,14,10,34,349,0.022924330005254862
prefill,conversation,14,11,58,336,0.02207041513399895
prefill,conversation,14,12,25,336,0.02207041513399895
prefill,conversation,14,13,28,310,0.020362585391487126
prefill,conversation,14,14,6,308,0.02023121387283237
prefill,conversation,14,15,23,301,0.019771413557540723
prefill,conversation,14,16,36,300,0.01970572779821335
prefill,conversation,14,17,20,300,0.01970572779821335
prefill,conversation,14,18,7,296,0.019442984760903836
prefill,conversation,14,19,53,284,0.018654755648975303
prefill,conversation,14,20,48,279,0.018326326852338412
prefill,conversation,14,21,11,271,0.01780084077771939
prefill,conversation,14,22,22,271,0.01780084077771939
prefill,conversation,14,23,13,271,0.01780084077771939
prefill,conversation,14,24,31,271,0.01780084077771939
prefill,conversation,14,25,18,267,0.017538097740409878
prefill,conversation,14,26,3,260,0.017078297425118235
prefill,conversation,14,27,0,259,0.017012611665790857
prefill,conversation,14,28,60,253,0.016618497109826588
prefill,conversation,14,29,16,247,0.016224382553862323
prefill,conversation,14,30,2,247,0.016224382553862323
prefill,conversation,14,31,49,246,0.016158696794534945
prefill,conversation,14,32,21,246,0.016158696794534945
prefill,conversation,14,33,46,245,0.016093011035207567
prefill,conversation,14,34,14,245,0.016093011035207567
prefill,conversation,14,35,35,244,0.01602732527588019
prefill,conversation,14,36,29,234,0.015370467682606411
prefill,conversation,14,37,45,234,0.015370467682606411
prefill,conversation,14,38,42,229,0.015042038885969522
prefill,conversation,14,39,62,229,0.015042038885969522
prefill,conversation,14,40,59,225,0.01477929584866001
prefill,conversation,14,41,39,221,0.0145165528113505
prefill,conversation,14,42,4,219,0.014385181292695743
prefill,conversation,14,43,50,212,0.013925380977404098
prefill,conversation,14,44,12,208,0.013662637940094587
prefill,conversation,14,45,10,201,0.013202837624802942
prefill,conversation,14,46,57,189,0.012414608512874408
prefill,conversation,14,47,9,187,0.012283236994219654
prefill,conversation,14,48,17,184,0.01208617971623752
prefill,conversation,14,49,5,181,0.011889122438255387
prefill,conversation,14,50,51,168,0.011035207566999475
prefill,conversation,14,51,55,164,0.010772464529689963
prefill,conversation,14,52,56,153,0.010049921177088807
prefill,conversation,14,53,24,146,0.009590120861797162
prefill,conversation,14,54,40,141,0.009261692065160273
prefill,conversation,14,55,32,137,0.008998949027850763
prefill,conversation,14,56,19,114,0.007488176563321072
prefill,conversation,14,57,47,112,0.007356805044666317
prefill,conversation,14,58,54,110,0.0072254335260115606
prefill,conversation,14,59,8,103,0.0067656332107199155
prefill,conversation,14,60,61,99,0.006502890173410405
prefill,conversation,14,61,27,96,0.006305832895428271
prefill,conversation,14,62,26,79,0.005189174986862848
prefill,conversation,14,63,30,73,0.004795060430898581
prefill,conversation,14,64,33,61,0.004006831318970047
prefill,conversation,15,1,17,534,0.035076195480819757
prefill,conversation,15,2,24,463,0.030412506568575932
prefill,conversation,15,3,34,407,0.026734104046242775
prefill,conversation,15,4,21,391,0.02568313189700473
prefill,conversation,15,5,20,373,0.02450078822911193
prefill,conversation,15,6,51,364,0.023909616395165527
prefill,conversation,15,7,3,362,0.023778244876510774
prefill,conversation,15,8,2,348,0.022858644245927484
prefill,conversation,15,9,48,347,0.022792958486600106
prefill,conversation,15,10,55,341,0.022398843930635837
prefill,conversation,15,11,8,337,0.02213610089332633
prefill,conversation,15,12,59,331,0.02174198633736206
prefill,conversation,15,13,25,329,0.021610614818707304
prefill,conversation,15,14,27,328,0.021544929059379925
prefill,conversation,15,15,7,324,0.021282186022070416
prefill,conversation,15,16,56,317,0.02082238570677877
prefill,conversation,15,17,10,305,0.020034156594850236
prefill,conversation,15,18,60,288,0.018917498686284815
prefill,conversation,15,19,61,284,0.018654755648975303
prefill,conversation,15,20,46,284,0.018654755648975303
prefill,conversation,15,21,54,283,0.018589069889647925
prefill,conversation,15,22,13,283,0.018589069889647925
prefill,conversation,15,23,15,282,0.018523384130320546
prefill,conversation,15,24,30,270,0.017735155018392013
prefill,conversation,15,25,47,269,0.017669469259064634
prefill,conversation,15,26,62,252,0.01655281135049921
prefill,conversation,15,27,23,251,0.016487125591171835
prefill,conversation,15,28,53,244,0.01602732527588019
prefill,conversation,15,29,57,243,0.01596163951655281
prefill,conversation,15,30,36,241,0.015830267997898054
prefill,conversation,15,31,5,226,0.014844981607987388
prefill,conversation,15,32,58,226,0.014844981607987388
prefill,conversation,15,33,42,222,0.014582238570677877
prefill,conversation,15,34,26,221,0.0145165528113505
prefill,conversation,15,35,63,212,0.013925380977404098
prefill,conversation,15,36,12,210,0.013794009458749344
prefill,conversation,15,37,44,208,0.013662637940094587
prefill,conversation,15,38,14,208,0.013662637940094587
prefill,conversation,15,39,45,207,0.01359695218076721
prefill,conversation,15,40,16,199,0.013071466106148188
prefill,conversation,15,41,22,188,0.01234892275354703
prefill,conversation,15,42,52,188,0.01234892275354703
prefill,conversation,15,43,4,187,0.012283236994219654
prefill,conversation,15,44,28,187,0.012283236994219654
prefill,conversation,15,45,49,181,0.011889122438255387
prefill,conversation,15,46,40,176,0.011560693641618497
prefill,conversation,15,47,50,163,0.010706778770362585
prefill,conversation,15,48,1,160,0.010509721492380452
prefill,conversation,15,49,31,159,0.010444035733053074
prefill,conversation,15,50,29,157,0.010312664214398318
prefill,conversation,15,51,37,155,0.010181292695743563
prefill,conversation,15,52,9,150,0.009852863899106674
prefill,conversation,15,53,11,140,0.009196006305832895
prefill,conversation,15,54,19,135,0.008867577509196006
prefill,conversation,15,55,18,132,0.008670520231213872
prefill,conversation,15,56,0,126,0.008276405675249605
prefill,conversation,15,57,35,125,0.008210719915922229
prefill,conversation,15,58,39,123,0.008079348397267472
prefill,conversation,15,59,43,116,0.0076195480819758275
prefill,conversation,15,60,41,114,0.007488176563321072
prefill,conversation,15,61,33,103,0.0067656332107199155
prefill,conversation,15,62,38,85,0.005583289542827115
prefill,conversation,15,63,6,81,0.005320546505517604
prefill,conversation,15,64,32,79,0.005189174986862848
prefill,general,0,1,41,2116,0.047520661157024795
prefill,general,0,2,6,1800,0.04042400287459576
prefill,general,0,3,12,1433,0.03218199784405318
prefill,general,0,4,58,1234,0.02771289974847287
prefill,general,0,5,17,1130,0.025377290693496226
prefill,general,0,6,19,1103,0.02477093065037729
prefill,general,0,7,46,1064,0.02389507725476105
prefill,general,0,8,54,1022,0.022951850521020483
prefill,general,0,9,22,1003,0.02252515271289975
prefill,general,0,10,18,952,0.0213798059647862
prefill,general,0,11,26,902,0.020256916996047432
prefill,general,0,12,53,897,0.020144628099173553
prefill,general,0,13,7,890,0.019987423643550127
prefill,general,0,14,60,886,0.019897592526051024
prefill,general,0,15,13,884,0.019852676967301475
prefill,general,0,16,5,842,0.018909450233560905
prefill,general,0,17,29,838,0.018819619116061805
prefill,general,0,18,30,813,0.01825817463169242
prefill,general,0,19,61,808,0.01814588573481854
prefill,general,0,20,51,801,0.017988681279195114
prefill,general,0,21,44,800,0.017966223499820338
prefill,general,0,22,38,782,0.01756198347107438
prefill,general,0,23,49,754,0.01693316564858067
prefill,general,0,24,39,750,0.016843334531081566
prefill,general,0,25,59,734,0.01648401006108516
prefill,general,0,26,45,734,0.01648401006108516
prefill,general,0,27,57,725,0.01628189004671218
prefill,general,0,28,24,722,0.016214516708587853
prefill,general,0,29,16,707,0.015877650017966222
prefill,general,0,30,55,704,0.015810276679841896
prefill,general,0,31,42,666,0.01495688106360043
prefill,general,0,32,33,662,0.01486704994610133
prefill,general,0,33,47,659,0.014799676607977003
prefill,general,0,34,40,652,0.014642472152353576
prefill,general,0,35,3,648,0.014552641034854473
prefill,general,0,36,14,630,0.014148401006108516
prefill,general,0,37,8,612,0.013744160977362559
prefill,general,0,38,37,605,0.01358695652173913
prefill,general,0,39,25,594,0.0133399209486166
prefill,general,0,40,20,584,0.013115343154868847
prefill,general,0,41,9,579,0.01300305425799497
prefill,general,0,42,48,572,0.012845849802371542
prefill,general,0,43,10,565,0.012688645346748113
prefill,general,0,44,43,554,0.012441609773625583
prefill,general,0,45,50,533,0.0119699964067553
prefill,general,0,46,4,494,0.01109414301113906
prefill,general,0,47,32,472,0.010600071864894
prefill,general,0,48,31,467,0.010487782968020122
prefill,general,0,49,28,462,0.010375494071146246
prefill,general,0,50,1,457,0.010263205174272368
prefill,general,0,51,56,437,0.00981404958677686
prefill,general,0,52,15,411,0.009230147323032699
prefill,general,0,53,35,404,0.00907294286740927
prefill,general,0,54,62,399,0.008960653970535394
prefill,general,0,55,27,375,0.008421667265540783
prefill,general,0,56,2,364,0.008174631692418253
prefill,general,0,57,36,333,0.007478440531800215
prefill,general,0,58,11,313,0.007029284944304708
prefill,general,0,59,0,307,0.006894538268056054
prefill,general,0,60,63,306,0.0068720804886812795
prefill,general,0,61,34,206,0.004626302551203737
prefill,general,0,62,52,162,0.0036381602587136183
prefill,general,0,63,23,118,0.0026500179662235
prefill,general,0,64,21,96,0.0021559468199784403
prefill,general,1,1,5,1910,0.042894358605821054
prefill,general,1,2,11,1368,0.03072224218469278
prefill,general,1,3,42,1361,0.03056503772906935
prefill,general,1,4,29,1271,0.02854383758533956
prefill,general,1,5,18,1260,0.028296802012217032
prefill,general,1,6,59,1164,0.02614085519223859
prefill,general,1,7,37,1145,0.025714157384117857
prefill,general,1,8,47,1103,0.02477093065037729
prefill,general,1,9,40,1031,0.02315397053539346
prefill,general,1,10,53,1007,0.02261498383039885
prefill,general,1,11,32,993,0.022300574919151994
prefill,general,1,12,9,951,0.021357348185411427
prefill,general,1,13,27,945,0.021222601509162775
prefill,general,1,14,35,938,0.021065397053539346
prefill,general,1,15,13,901,0.020234459216672655
prefill,general,1,16,8,869,0.01951581027667984
prefill,general,1,17,62,857,0.019246316924182535
prefill,general,1,18,45,831,0.018662414660438376
prefill,general,1,19,14,825,0.018527667984189724
prefill,general,1,20,41,818,0.018370463528566295
prefill,general,1,21,48,771,0.01731494789795185
prefill,general,1,22,21,761,0.017090370104204097
prefill,general,1,23,12,759,0.017045454545454544
prefill,general,1,24,31,755,0.016955623427955445
prefill,general,1,25,23,729,0.016371721164211282
prefill,general,1,26,49,717,0.016102227811713977
prefill,general,1,27,39,714,0.01603485447358965
prefill,general,1,28,19,713,0.016012396694214875
prefill,general,1,29,17,711,0.015967481135465325
prefill,general,1,30,63,689,0.015473409989220265
prefill,general,1,31,3,679,0.015248832195472512
prefill,general,1,32,60,671,0.015069169960474308
prefill,general,1,33,61,644,0.014462809917355372
prefill,general,1,34,20,643,0.014440352137980596
prefill,general,1,35,54,615,0.013811534315486885
prefill,general,1,36,52,590,0.013250089831117499
prefill,general,1,37,51,589,0.013227632051742724
prefill,general,1,38,50,583,0.013092885375494072
prefill,general,1,39,2,559,0.01255389867049946
prefill,general,1,40,58,550,0.012351778656126482
prefill,general,1,41,7,548,0.01230686309737693
prefill,general,1,42,1,539,0.012104743083003952
prefill,general,1,43,30,527,0.011835249730506647
prefill,general,1,44,16,505,0.011341178584261587
prefill,general,1,45,44,482,0.010824649658641753
prefill,general,1,46,34,481,0.010802191879266978
prefill,general,1,47,0,456,0.010240747394897592
prefill,general,1,48,4,449,0.010083542939274165
prefill,general,1,49,46,442,0.009926338483650737
prefill,general,1,50,38,436,0.009791591807402083
prefill,general,1,51,36,421,0.009454725116780452
prefill,general,1,52,55,420,0.009432267337405677
prefill,general,1,53,15,411,0.009230147323032699
prefill,general,1,54,57,383,0.008601329500538987
prefill,general,1,55,24,379,0.008511498383039886
prefill,general,1,56,22,379,0.008511498383039886
prefill,general,1,57,33,375,0.008421667265540783
prefill,general,1,58,6,338,0.007590729428674093
prefill,general,1,59,26,323,0.007253862738052461
prefill,general,1,60,56,314,0.007051742723679482
prefill,general,1,61,28,304,0.006827164929931728
prefill,general,1,62,10,280,0.006288178224937119
prefill,general,1,63,43,265,0.005951311534315487
prefill,general,1,64,25,81,0.0018190801293568092
prefill,general,2,1,10,1548,0.03476464247215235
prefill,general,2,2,9,1536,0.034495149119655046
prefill,general,2,3,59,1395,0.03132860222781171
prefill,general,2,4,58,1356,0.030452748832195474
prefill,general,2,5,36,1314,0.029509522098454904
prefill,general,2,6,57,1298,0.0291501976284585
prefill,general,2,7,7,1034,0.023221343873517788
prefill,general,2,8,48,997,0.022390406036651097
prefill,general,2,9,28,990,0.022233201581027668
prefill,general,2,10,29,980,0.022008623787279913
prefill,general,2,11,44,963,0.021626841537908732
prefill,general,2,12,38,963,0.021626841537908732
prefill,general,2,13,45,940,0.021110312612288896
prefill,general,2,14,21,912,0.020481494789795184
prefill,general,2,15,16,909,0.020414121451670857
prefill,general,2,16,34,903,0.020279374775422205
prefill,general,2,17,46,902,0.020256916996047432
prefill,general,2,18,14,862,0.019358605821056415
prefill,general,2,19,22,842,0.018909450233560905
prefill,general,2,20,26,838,0.018819619116061805
prefill,general,2,21,12,793,0.01780901904419691
prefill,general,2,22,60,789,0.01771918792669781
prefill,general,2,23,47,781,0.017539525691699604
prefill,general,2,24,4,772,0.017337405677326626
prefill,general,2,25,61,761,0.017090370104204097
prefill,general,2,26,35,759,0.017045454545454544
prefill,general,2,27,1,744,0.016708587854832913
prefill,general,2,28,25,733,0.016461552281710385
prefill,general,2,29,63,724,0.016259432267337406
prefill,general,2,30,39,714,0.01603485447358965
prefill,general,2,31,20,695,0.015608156665468918
prefill,general,2,32,19,691,0.015518325547969817
prefill,general,2,33,56,663,0.014889507725476104
prefill,general,2,34,18,623,0.013991196550485087
prefill,general,2,35,23,616,0.01383399209486166
prefill,general,2,36,27,610,0.013699245418613008
prefill,general,2,37,32,580,0.013025512037369746
prefill,general,2,38,54,560,0.012576356449874237
prefill,general,2,39,50,547,0.012284405318002156
prefill,general,2,40,15,544,0.01221703197987783
prefill,general,2,41,53,529,0.011880165289256199
prefill,general,2,42,11,520,0.01167804527488322
prefill,general,2,43,33,518,0.011633129716133669
prefill,general,2,44,49,517,0.011610671936758894
prefill,general,2,45,3,476,0.0106899029823931
prefill,general,2,46,37,459,0.010308120733021918
prefill,general,2,47,13,449,0.010083542939274165
prefill,general,2,48,0,449,0.010083542939274165
prefill,general,2,49,40,439,0.009858965145526411
prefill,general,2,50,6,436,0.009791591807402083
prefill,general,2,51,52,436,0.009791591807402083
prefill,general,2,52,43,417,0.009364893999281351
prefill,general,2,53,24,397,0.008915738411785843
prefill,general,2,54,62,383,0.008601329500538987
prefill,general,2,55,30,375,0.008421667265540783
prefill,general,2,56,17,369,0.00828692058929213
prefill,general,2,57,31,369,0.00828692058929213
prefill,general,2,58,42,346,0.007770391663672296
prefill,general,2,59,2,328,0.0073661516349263385
prefill,general,2,60,41,321,0.0072089471793029105
prefill,general,2,61,55,269,0.006041142651814589
prefill,general,2,62,8,199,0.004469098095580309
prefill,general,2,63,5,174,0.0039076536112109235
prefill,general,2,64,51,172,0.0038627380524613726
prefill,general,3,1,23,1929,0.04332105641394179
prefill,general,3,2,25,1435,0.03222691340280273
prefill,general,3,3,48,1403,0.031508264462809916
prefill,general,3,4,12,1175,0.026387890765361122
prefill,general,3,5,30,1174,0.026365432985986346
prefill,general,3,6,9,1161,0.026073481854114264
prefill,general,3,7,0,1151,0.02584890406036651
prefill,general,3,8,20,1121,0.025175170679123247
prefill,general,3,9,52,1102,0.024748472871002514
prefill,general,3,10,24,1100,0.024703557312252964
prefill,general,3,11,22,1096,0.02461372619475386
prefill,general,3,12,58,1076,0.024164570607258355
prefill,general,3,13,49,1058,0.023760330578512397
prefill,general,3,14,33,1057,0.02373787279913762
prefill,general,3,15,40,1038,0.023311174991016887
prefill,general,3,16,3,999,0.022435321595400647
prefill,general,3,17,59,921,0.020683614804168166
prefill,general,3,18,4,909,0.020414121451670857
prefill,general,3,19,55,861,0.019336148041681638
prefill,general,3,20,31,851,0.019111570247933883
prefill,general,3,21,28,818,0.018370463528566295
prefill,general,3,22,10,809,0.018168343514193316
prefill,general,3,23,18,800,0.017966223499820338
prefill,general,3,24,61,760,0.01706791232482932
prefill,general,3,25,54,735,0.016506467840459935
prefill,general,3,26,37,727,0.016326805605461733
prefill,general,3,27,38,717,0.016102227811713977
prefill,general,3,28,47,687,0.015428494430470716
prefill,general,3,29,19,678,0.015226374416097737
prefill,general,3,30,41,654,0.014687387711103126
prefill,general,3,31,29,652,0.014642472152353576
prefill,general,3,32,6,641,0.014395436579231046
prefill,general,3,33,36,629,0.014125943226733741
prefill,general,3,34,57,628,0.014103485447358965
prefill,general,3,35,50,599,0.013452209845490478
prefill,general,3,36,42,596,0.013384836507366151
prefill,general,3,37,56,593,0.013317463169241825
prefill,general,3,38,2,591,0.013272547610492274
prefill,general,3,39,46,576,0.012935680919870643
prefill,general,3,40,8,553,0.012419151994250808
prefill,general,3,41,27,520,0.01167804527488322
prefill,general,3,42,34,503,0.011296263025512038
prefill,general,3,43,39,478,0.010734818541142652
prefill,general,3,44,11,476,0.0106899029823931
prefill,general,3,45,32,472,0.010600071864894
prefill,general,3,46,53,450,0.01010600071864894
prefill,general,3,47,60,448,0.01006108515989939
prefill,general,3,48,14,445,0.009993711821775064
prefill,general,3,49,45,408,0.009162773984908373
prefill,general,3,50,62,383,0.008601329500538987
prefill,general,3,51,44,370,0.008309378368666907
prefill,general,3,52,5,358,0.0080398850161696
prefill,general,3,53,7,340,0.007635644987423643
prefill,general,3,54,16,329,0.007388609414301114
prefill,general,3,55,17,323,0.007253862738052461
prefill,general,3,56,13,312,0.007006827164929932
prefill,general,3,57,51,309,0.006939453826805606
prefill,general,3,58,1,303,0.006804707150556953
prefill,general,3,59,21,276,0.006198347107438017
prefill,general,3,60,63,266,0.0059737693136902624
prefill,general,3,61,15,224,0.005030542579949695
prefill,general,3,62,26,218,0.004895795903701042
prefill,general,3,63,43,152,0.003413582464965864
prefill,general,3,64,35,105,0.0023580668343514194
prefill,general,4,1,26,2429,0.0545499461013295
prefill,general,4,2,47,2255,0.050642292490118576
prefill,general,4,3,37,1439,0.03231674452030183
prefill,general,4,4,62,1413,0.03173284225655767
prefill,general,4,5,34,1291,0.02899299317283507
prefill,general,4,6,35,1269,0.02849892202659001
prefill,general,4,7,49,1205,0.027061624146604384
prefill,general,4,8,58,1200,0.026949335249730505
prefill,general,4,9,45,1167,0.026208228530362917
prefill,general,4,10,23,1122,0.025197628458498024
prefill,general,4,11,10,1039,0.023333632770391664
prefill,general,4,12,50,972,0.02182896155228171
prefill,general,4,13,12,949,0.021312432626661874
prefill,general,4,14,51,936,0.021020481494789797
prefill,general,4,15,7,915,0.02054886812791951
prefill,general,4,16,8,863,0.019381063600431188
prefill,general,4,17,28,823,0.01848275242544017
prefill,general,4,18,43,812,0.018235716852317643
prefill,general,4,19,14,786,0.017651814588573483
prefill,general,4,20,16,756,0.016978081207330218
prefill,general,4,21,36,743,0.01668613007545814
prefill,general,4,22,59,740,0.016618756737333814
prefill,general,4,23,42,708,0.015900107797341
prefill,general,4,24,52,689,0.015473409989220265
prefill,general,4,25,53,677,0.01520391663672296
prefill,general,4,26,1,671,0.015069169960474308
prefill,general,4,27,24,657,0.014754761049227452
prefill,general,4,28,29,656,0.014732303269852677
prefill,general,4,29,60,651,0.0146200143729788
prefill,general,4,30,3,651,0.0146200143729788
prefill,general,4,31,4,627,0.01408102766798419
prefill,general,4,32,11,623,0.013991196550485087
prefill,general,4,33,21,615,0.013811534315486885
prefill,general,4,34,13,609,0.013676787639238233
prefill,general,4,35,32,608,0.013654329859863456
prefill,general,4,36,56,535,0.012014911965504851
prefill,general,4,37,39,532,0.011947538627380525
prefill,general,4,38,38,531,0.01192508084800575
prefill,general,4,39,9,528,0.011857707509881422
prefill,general,4,40,22,522,0.01172296083363277
prefill,general,4,41,41,518,0.011633129716133669
prefill,general,4,42,6,504,0.011318720804886813
prefill,general,4,43,54,495,0.011116600790513834
prefill,general,4,44,40,474,0.01064498742364355
prefill,general,4,45,20,468,0.010510240747394898
prefill,general,4,46,61,464,0.010420409629895796
prefill,general,4,47,33,456,0.010240747394897592
prefill,general,4,48,57,452,0.01015091627739849
prefill,general,4,49,5,424,0.009522098454904778
prefill,general,4,50,15,395,0.008870822853036291
prefill,general,4,51,48,387,0.008691160618038088
prefill,general,4,52,27,382,0.008578871721164212
prefill,general,4,53,30,350,0.007860222781171398
prefill,general,4,54,18,325,0.007298778296802012
prefill,general,4,55,25,312,0.007006827164929932
prefill,general,4,56,63,293,0.006580129356809199
prefill,general,4,57,19,275,0.006175889328063241
prefill,general,4,58,46,273,0.0061309737693136905
prefill,general,4,59,0,266,0.0059737693136902624
prefill,general,4,60,44,265,0.005951311534315487
prefill,general,4,61,31,212,0.004761049227452389
prefill,general,4,62,2,182,0.004087315846209126
prefill,general,4,63,17,84,0.0018864534674811354
prefill,general,4,64,55,58,0.0013025512037369744
prefill,general,5,1,63,1814,0.040738411785842615
prefill,general,5,2,23,1543,0.034652353575278474
prefill,general,5,3,40,1505,0.03379895795903701
prefill,general,5,4,20,1446,0.03247394897592526
prefill,general,5,5,44,1370,0.03076715774344233
prefill,general,5,6,37,1326,0.02977901545095221
prefill,general,5,7,60,1277,0.028678584261588213
prefill,general,5,8,28,1263,0.02836417535034136
prefill,general,5,9,57,1158,0.02600610851598994
prefill,general,5,10,6,1104,0.024793388429752067
prefill,general,5,11,43,1092,0.024523895077254762
prefill,general,5,12,10,1083,0.024321775062881783
prefill,general,5,13,50,1077,0.02418702838663313
prefill,general,5,14,54,1028,0.023086597197269135
prefill,general,5,15,26,984,0.022098454904779016
prefill,general,5,16,52,918,0.020616241466043836
prefill,general,5,17,13,912,0.020481494789795184
prefill,general,5,18,45,855,0.019201401365432986
prefill,general,5,19,18,839,0.01884207689543658
prefill,general,5,20,8,835,0.01875224577793748
prefill,general,5,21,17,833,0.018707330219187926
prefill,general,5,22,16,798,0.017921307941070788
prefill,general,5,23,49,790,0.017741645706072583
prefill,general,5,24,35,778,0.017472152353575278
prefill,general,5,25,30,777,0.0174496945742005
prefill,general,5,26,14,733,0.016461552281710385
prefill,general,5,27,62,726,0.016304347826086956
prefill,general,5,28,58,701,0.01574290334171757
prefill,general,5,29,22,670,0.015046712181099533
prefill,general,5,30,34,649,0.01457509881422925
prefill,general,5,31,19,644,0.014462809917355372
prefill,general,5,32,55,626,0.014058569888609415
prefill,general,5,33,21,611,0.013721703197987782
prefill,general,5,34,27,589,0.013227632051742724
prefill,general,5,35,46,583,0.013092885375494072
prefill,general,5,36,15,574,0.012890765361121092
prefill,general,5,37,32,574,0.012890765361121092
prefill,general,5,38,11,563,0.012643729787998563
prefill,general,5,39,39,549,0.012329320876751707
prefill,general,5,40,59,533,0.0119699964067553
prefill,general,5,41,9,498,0.01118397412863816
prefill,general,5,42,53,485,0.01089202299676608
prefill,general,5,43,56,480,0.010779734099892203
prefill,general,5,44,41,472,0.010600071864894
prefill,general,5,45,51,469,0.010532698526769673
prefill,general,5,46,1,464,0.010420409629895796
prefill,general,5,47,4,456,0.010240747394897592
prefill,general,5,48,33,445,0.009993711821775064
prefill,general,5,49,5,430,0.00965684513115343
prefill,general,5,50,47,424,0.009522098454904778
prefill,general,5,51,3,409,0.009185231764283147
prefill,general,5,52,7,373,0.008376751706791233
prefill,general,5,53,38,343,0.0077030183255479695
prefill,general,5,54,48,326,0.007321236076176788
prefill,general,5,55,12,285,0.006400467121810995
prefill,general,5,56,25,233,0.0052326625943226734
prefill,general,5,57,0,230,0.005165289256198347
prefill,general,5,58,2,226,0.005075458138699245
prefill,general,5,59,61,203,0.004558929213079411
prefill,general,5,60,31,183,0.004109773625583902
prefill,general,5,61,36,168,0.0037729069349622707
prefill,general,5,62,24,130,0.002919511318720805
prefill,general,5,63,42,42,0.0009432267337405677
prefill,general,5,64,29,24,0.0005389867049946101
prefill,general,6,1,18,2623,0.05890675530003593
prefill,general,6,2,45,1672,0.037549407114624504
prefill,general,6,3,28,1476,0.03314768235716852
prefill,general,6,4,0,1458,0.032743442328422565
prefill,general,6,5,15,1316,0.029554437657204457
prefill,general,6,6,21,1305,0.029307402084081925
prefill,general,6,7,39,1205,0.027061624146604384
prefill,general,6,8,35,1199,0.026926877470355732
prefill,general,6,9,2,1164,0.02614085519223859
prefill,general,6,10,54,1079,0.02423194394538268
prefill,general,6,11,47,1001,0.022480237154150196
prefill,general,6,12,61,982,0.022053539346029466
prefill,general,6,13,40,926,0.02079590370104204
prefill,general,6,14,55,910,0.020436579231045634
prefill,general,6,15,26,900,0.02021200143729788
prefill,general,6,16,62,889,0.01996496586417535
prefill,general,6,17,9,878,0.019717930291052822
prefill,general,6,18,44,858,0.019268774703557312
prefill,general,6,19,16,848,0.019044196909809557
prefill,general,6,20,6,847,0.019021739130434784
prefill,general,6,21,20,847,0.019021739130434784
prefill,general,6,22,12,842,0.018909450233560905
prefill,general,6,23,48,811,0.018213259072942866
prefill,general,6,24,30,801,0.017988681279195114
prefill,general,6,25,19,778,0.017472152353575278
prefill,general,6,26,22,757,0.017000538986704995
prefill,general,6,27,53,745,0.01673104563420769
prefill,general,6,28,27,719,0.016147143370463527
prefill,general,6,29,36,701,0.01574290334171757
prefill,general,6,30,63,700,0.015720445562342797
prefill,general,6,31,3,675,0.01515900107797341
prefill,general,6,32,13,667,0.014979338842975207
prefill,general,6,33,24,666,0.01495688106360043
prefill,general,6,34,4,636,0.014283147682357169
prefill,general,6,35,59,631,0.014170858785483291
prefill,general,6,36,8,618,0.013878907653611211
prefill,general,6,37,58,611,0.013721703197987782
prefill,general,6,38,25,589,0.013227632051742724
prefill,general,6,39,32,582,0.013070427596119295
prefill,general,6,40,50,526,0.011812791951131872
prefill,general,6,41,1,520,0.01167804527488322
prefill,general,6,42,29,465,0.010442867409270572
prefill,general,6,43,57,464,0.010420409629895796
prefill,general,6,44,37,463,0.01039795185052102
prefill,general,6,45,17,447,0.010038627380524613
prefill,general,6,46,56,422,0.009477182896155229
prefill,general,6,47,41,406,0.009117858426158821
prefill,general,6,48,46,403,0.009050485088034495
prefill,general,6,49,7,400,0.008983111749910169
prefill,general,6,50,38,372,0.008354293927416457
prefill,general,6,51,10,367,0.00824200503054258
prefill,general,6,52,49,362,0.008129716133668703
prefill,general,6,53,23,349,0.007837765001796622
prefill,general,6,54,11,309,0.006939453826805606
prefill,general,6,55,31,234,0.005255120373697449
prefill,general,6,56,14,210,0.004716133668702839
prefill,general,6,57,60,180,0.004042400287459576
prefill,general,6,58,51,179,0.0040199425080848
prefill,general,6,59,5,174,0.0039076536112109235
prefill,general,6,60,43,161,0.003615702479338843
prefill,general,6,61,33,104,0.002335609054976644
prefill,general,6,62,34,48,0.0010779734099892202
prefill,general,6,63,52,31,0.000696191160618038
prefill,general,6,64,42,20,0.0004491555874955084
prefill,general,7,1,1,1827,0.0410303629177147
prefill,general,7,2,44,1746,0.039211282788357886
prefill,general,7,3,43,1486,0.03337226015091628
prefill,general,7,4,37,1468,0.03296802012217032
prefill,general,7,5,46,1401,0.03146334890406036
prefill,general,7,6,38,1360,0.030542579949694573
prefill,general,7,7,31,1250,0.028072224218469277
prefill,general,7,8,63,1225,0.02751077973409989
prefill,general,7,9,47,1192,0.026769673014732303
prefill,general,7,10,5,1186,0.02663492633848365
prefill,general,7,11,18,1121,0.025175170679123247
prefill,general,7,12,55,1077,0.02418702838663313
prefill,general,7,13,40,1028,0.023086597197269135
prefill,general,7,14,21,1019,0.022884477182896157
prefill,general,7,15,26,954,0.021424721523535754
prefill,general,7,16,61,936,0.021020481494789797
prefill,general,7,17,19,896,0.02012217031979878
prefill,general,7,18,52,879,0.019740388070427595
prefill,general,7,19,48,867,0.01947089471793029
prefill,general,7,20,29,857,0.019246316924182535
prefill,general,7,21,23,832,0.018684872439813153
prefill,general,7,22,62,786,0.017651814588573483
prefill,general,7,23,56,771,0.01731494789795185
prefill,general,7,24,41,770,0.017292490118577076
prefill,general,7,25,11,761,0.017090370104204097
prefill,general,7,26,58,740,0.016618756737333814
prefill,general,7,27,49,739,0.016596298957959037
prefill,general,7,28,3,720,0.016169601149838304
prefill,general,7,29,22,713,0.016012396694214875
prefill,general,7,30,4,703,0.015787818900467123
prefill,general,7,31,42,682,0.015316205533596838
prefill,general,7,32,24,680,0.015271289974847287
prefill,general,7,33,32,658,0.014777218828602228
prefill,general,7,34,34,638,0.01432806324110672
prefill,general,7,35,14,635,0.014260689902982394
prefill,general,7,36,33,599,0.013452209845490478
prefill,general,7,37,59,593,0.013317463169241825
prefill,general,7,38,35,560,0.012576356449874237
prefill,general,7,39,16,550,0.012351778656126482
prefill,general,7,40,27,532,0.011947538627380525
prefill,general,7,41,20,516,0.011588214157384117
prefill,general,7,42,12,507,0.011386094143011139
prefill,general,7,43,57,499,0.011206431908012935
prefill,general,7,44,36,494,0.01109414301113906
prefill,general,7,45,13,440,0.009881422924901186
prefill,general,7,46,30,412,0.009252605102407474
prefill,general,7,47,39,408,0.009162773984908373
prefill,general,7,48,10,396,0.008893280632411068
prefill,general,7,49,0,342,0.007680560546173195
prefill,general,7,50,7,301,0.006759791591807402
prefill,general,7,51,50,297,0.0066699604743083
prefill,general,7,52,45,296,0.006647502694933525
prefill,general,7,53,53,289,0.006490298239310097
prefill,general,7,54,9,266,0.0059737693136902624
prefill,general,7,55,54,251,0.005636902623068631
prefill,general,7,56,6,248,0.005569529284944304
prefill,general,7,57,51,206,0.004626302551203737
prefill,general,7,58,15,189,0.0042445203018325545
prefill,general,7,59,8,175,0.003930111390585699
prefill,general,7,60,25,160,0.0035932446999640674
prefill,general,7,61,2,149,0.003346209126841538
prefill,general,7,62,60,135,0.003031800215594682
prefill,general,7,63,28,104,0.002335609054976644
prefill,general,7,64,17,11,0.00024703557312252963
prefill,general,8,1,18,1733,0.038919331656485805
prefill,general,8,2,15,1679,0.03770661157024793
prefill,general,8,3,5,1406,0.031575637800934246
prefill,general,8,4,12,1307,0.02935231764283148
prefill,general,8,5,56,1285,0.02885824649658642
prefill,general,8,6,33,1283,0.028813330937836865
prefill,general,8,7,58,1207,0.027106539705353934
prefill,general,8,8,55,1178,0.02645526410348545
prefill,general,8,9,20,1157,0.025983650736615165
prefill,general,8,10,26,1135,0.025489579590370105
prefill,general,8,11,45,1091,0.024501437297879985
prefill,general,8,12,63,1088,0.02443406395975566
prefill,general,8,13,34,1042,0.02340100610851599
prefill,general,8,14,17,1031,0.02315397053539346
prefill,general,8,15,52,1030,0.023131512756018685
prefill,general,8,16,37,1023,0.022974308300395256
prefill,general,8,17,57,937,0.02104293927416457
prefill,general,8,18,6,937,0.02104293927416457
prefill,general,8,19,51,878,0.019717930291052822
prefill,general,8,20,10,859,0.01929123248293209
prefill,general,8,21,28,851,0.019111570247933883
prefill,general,8,22,61,815,0.01830309019044197
prefill,general,8,23,44,811,0.018213259072942866
prefill,general,8,24,24,802,0.018011139058569887
prefill,general,8,25,11,802,0.018011139058569887
prefill,general,8,26,53,765,0.017180201221703197
prefill,general,8,27,23,759,0.017045454545454544
prefill,general,8,28,35,748,0.016798418972332016
prefill,general,8,29,19,724,0.016259432267337406
prefill,general,8,30,0,675,0.01515900107797341
prefill,general,8,31,30,651,0.0146200143729788
prefill,general,8,32,50,643,0.014440352137980596
prefill,general,8,33,42,626,0.014058569888609415
prefill,general,8,34,1,591,0.013272547610492274
prefill,general,8,35,48,580,0.013025512037369746
prefill,general,8,36,2,576,0.012935680919870643
prefill,general,8,37,21,575,0.012913223140495868
prefill,general,8,38,40,555,0.01246406755300036
prefill,general,8,39,62,542,0.012172116421128278
prefill,general,8,40,32,530,0.011902623068630973
prefill,general,8,41,9,513,0.011520840819259791
prefill,general,8,42,49,488,0.010959396334890407
prefill,general,8,43,36,482,0.010824649658641753
prefill,general,8,44,22,440,0.009881422924901186
prefill,general,8,45,38,425,0.009544556234279555
prefill,general,8,46,25,425,0.009544556234279555
prefill,general,8,47,16,401,0.009005569529284944
prefill,general,8,48,31,381,0.008556413941789435
prefill,general,8,49,41,380,0.00853395616241466
prefill,general,8,50,27,378,0.008489040603665109
prefill,general,8,51,29,369,0.00828692058929213
prefill,general,8,52,13,355,0.007972511678045274
prefill,general,8,53,54,328,0.0073661516349263385
prefill,general,8,54,47,282,0.006333093783686669
prefill,general,8,55,46,254,0.005704275961192958
prefill,general,8,56,60,245,0.005502155946819978
prefill,general,8,57,59,238,0.00534495149119655
prefill,general,8,58,39,234,0.005255120373697449
prefill,general,8,59,14,215,0.004828422565576715
prefill,general,8,60,7,189,0.0042445203018325545
prefill,general,8,61,8,185,0.0041546891843334535
prefill,general,8,62,43,164,0.0036830758174631693
prefill,general,8,63,4,147,0.003301293568091987
prefill,general,8,64,3,103,0.0023131512756018684
prefill,general,9,1,50,1581,0.03550574919151994
prefill,general,9,2,17,1512,0.033956162414660436
prefill,general,9,3,18,1497,0.03361929572403881
prefill,general,9,4,48,1249,0.0280497664390945
prefill,general,9,5,63,1210,0.02717391304347826
prefill,general,9,6,37,1196,0.026859504132231406
prefill,general,9,7,36,1110,0.02492813510600072
prefill,general,9,8,41,1088,0.02443406395975566
prefill,general,9,9,32,1053,0.023648041681638518
prefill,general,9,10,0,992,0.022278117139777218
prefill,general,9,11,26,988,0.02218828602227812
prefill,general,9,12,43,978,0.021963708228530363
prefill,general,9,13,55,972,0.02182896155228171
prefill,general,9,14,6,967,0.021716672655407835
prefill,general,9,15,40,917,0.020593783686669063
prefill,general,9,16,58,907,0.020369205892921308
prefill,general,9,17,38,905,0.020324290334171758
prefill,general,9,18,7,905,0.020324290334171758
prefill,general,9,19,10,861,0.019336148041681638
prefill,general,9,20,31,857,0.019246316924182535
prefill,general,9,21,9,848,0.019044196909809557
prefill,general,9,22,13,844,0.018954365792310458
prefill,general,9,23,60,841,0.01888699245418613
prefill,general,9,24,53,807,0.018123427955443767
prefill,general,9,25,21,807,0.018123427955443767
prefill,general,9,26,29,764,0.017157743442328423
prefill,general,9,27,59,736,0.01652892561983471
prefill,general,9,28,24,724,0.016259432267337406
prefill,general,9,29,30,717,0.016102227811713977
prefill,general,9,30,16,707,0.015877650017966222
prefill,general,9,31,2,690,0.015495867768595042
prefill,general,9,32,42,666,0.01495688106360043
prefill,general,9,33,54,659,0.014799676607977003
prefill,general,9,34,14,647,0.014530183255479698
prefill,general,9,35,33,625,0.014036112109234639
prefill,general,9,36,11,621,0.013946280991735538
prefill,general,9,37,23,618,0.013878907653611211
prefill,general,9,38,1,617,0.013856449874236435
prefill,general,9,39,20,612,0.013744160977362559
prefill,general,9,40,27,599,0.013452209845490478
prefill,general,9,41,44,562,0.012621272008623787
prefill,general,9,42,52,555,0.01246406755300036
prefill,general,9,43,47,536,0.012037369744879626
prefill,general,9,44,28,522,0.01172296083363277
prefill,general,9,45,61,487,0.01093693855551563
prefill,general,9,46,62,460,0.010330578512396695
prefill,general,9,47,35,454,0.010195831836148042
prefill,general,9,48,12,434,0.009746676248652534
prefill,general,9,49,51,429,0.009634387351778656
prefill,general,9,50,22,407,0.009140316205533596
prefill,general,9,51,56,393,0.008825907294286742
prefill,general,9,52,8,388,0.008713618397412864
prefill,general,9,53,39,361,0.008107258354293927
prefill,general,9,54,49,359,0.008062342795544377
prefill,general,9,55,5,353,0.007927596119295725
prefill,general,9,56,15,326,0.007321236076176788
prefill,general,9,57,45,307,0.006894538268056054
prefill,general,9,58,25,276,0.006198347107438017
prefill,general,9,59,57,270,0.006063600431189364
prefill,general,9,60,3,257,0.005771649299317284
prefill,general,9,61,34,223,0.005008084800574919
prefill,general,9,62,46,116,0.002605102407473949
prefill,general,9,63,19,110,0.0024703557312252965
prefill,general,9,64,4,49,0.0011004311893639956
prefill,general,10,1,40,2161,0.048531261228889684
prefill,general,10,2,54,1630,0.03660618038088394
prefill,general,10,3,31,1429,0.03209216672655408
prefill,general,10,4,62,1367,0.030699784405318002
prefill,general,10,5,24,1307,0.02935231764283148
prefill,general,10,6,17,1290,0.028970535393460294
prefill,general,10,7,37,1210,0.02717391304347826
prefill,general,10,8,47,1111,0.024950592885375496
prefill,general,10,9,8,1033,0.02319888609414301
prefill,general,10,10,0,1016,0.02281710384477183
prefill,general,10,11,41,1015,0.022794646065397054
prefill,general,10,12,53,1011,0.02270481494789795
prefill,general,10,13,5,1001,0.022480237154150196
prefill,general,10,14,36,951,0.021357348185411427
prefill,general,10,15,1,941,0.021132770391663672
prefill,general,10,16,9,916,0.020571325907294286
prefill,general,10,17,23,890,0.019987423643550127
prefill,general,10,18,32,882,0.01980776140855192
prefill,general,10,19,13,865,0.01942597915918074
prefill,general,10,20,14,798,0.017921307941070788
prefill,general,10,21,49,794,0.017831476823571685
prefill,general,10,22,39,786,0.017651814588573483
prefill,general,10,23,52,733,0.016461552281710385
prefill,general,10,24,44,732,0.01643909450233561
prefill,general,10,25,34,640,0.01437297879985627
prefill,general,10,26,57,634,0.014238232123607617
prefill,general,10,27,45,630,0.014148401006108516
prefill,general,10,28,60,615,0.013811534315486885
prefill,general,10,29,2,610,0.013699245418613008
prefill,general,10,30,38,602,0.013519583183614804
prefill,general,10,31,7,597,0.013407294286740926
prefill,general,10,32,29,590,0.013250089831117499
prefill,general,10,33,3,587,0.013182716492993173
prefill,general,10,34,10,583,0.013092885375494072
prefill,general,10,35,30,568,0.01275601868487244
prefill,general,10,36,55,538,0.012082285303629177
prefill,general,10,37,12,535,0.012014911965504851
prefill,general,10,38,11,525,0.011790334171757096
prefill,general,10,39,42,510,0.011453467481135465
prefill,general,10,40,59,504,0.011318720804886813
prefill,general,10,41,43,503,0.011296263025512038
prefill,general,10,42,61,500,0.011228889687387712
prefill,general,10,43,18,496,0.011139058569888609
prefill,general,10,44,28,494,0.01109414301113906
prefill,general,10,45,27,485,0.01089202299676608
prefill,general,10,46,51,484,0.010869565217391304
prefill,general,10,47,22,480,0.010779734099892203
prefill,general,10,48,50,477,0.010712360761767877
prefill,general,10,49,15,452,0.01015091627739849
prefill,general,10,50,63,446,0.010016169601149838
prefill,general,10,51,58,428,0.009611929572403881
prefill,general,10,52,33,428,0.009611929572403881
prefill,general,10,53,4,412,0.009252605102407474
prefill,general,10,54,46,405,0.009095400646784046
prefill,general,10,55,26,392,0.008803449514911965
prefill,general,10,56,6,390,0.008758533956162416
prefill,general,10,57,21,365,0.00819708947179303
prefill,general,10,58,16,361,0.008107258354293927
prefill,general,10,59,20,338,0.007590729428674093
prefill,general,10,60,48,300,0.006737333812432626
prefill,general,10,61,25,264,0.005928853754940711
prefill,general,10,62,19,229,0.0051428314768235716
prefill,general,10,63,56,132,0.0029644268774703555
prefill,general,10,64,35,130,0.002919511318720805
prefill,general,11,1,55,2066,0.04639777218828602
prefill,general,11,2,6,1855,0.041659180740208406
prefill,general,11,3,43,1833,0.04116510959396335
prefill,general,11,4,57,1561,0.03505659360402443
prefill,general,11,5,58,1284,0.028835788717211642
prefill,general,11,6,17,1219,0.02737603305785124
prefill,general,11,7,34,1119,0.025130255120373698
prefill,general,11,8,45,1118,0.02510779734099892
prefill,general,11,9,15,1108,0.024883219547251166
prefill,general,11,10,61,1053,0.023648041681638518
prefill,general,11,11,32,1035,0.02324380165289256
prefill,general,11,12,0,1027,0.02306413941789436
prefill,general,11,13,49,918,0.020616241466043836
prefill,general,11,14,11,912,0.020481494789795184
prefill,general,11,15,8,909,0.020414121451670857
prefill,general,11,16,44,903,0.020279374775422205
prefill,general,11,17,31,897,0.020144628099173553
prefill,general,11,18,1,881,0.01978530362917715
prefill,general,11,19,59,814,0.018280632411067192
prefill,general,11,20,54,803,0.018033596837944664
prefill,general,11,21,46,757,0.017000538986704995
prefill,general,11,22,7,754,0.01693316564858067
prefill,general,11,23,30,751,0.016865792310456342
prefill,general,11,24,18,749,0.016820876751706793
prefill,general,11,25,40,721,0.01619205892921308
prefill,general,11,26,20,720,0.016169601149838304
prefill,general,11,27,41,703,0.015787818900467123
prefill,general,11,28,9,693,0.015563241106719368
prefill,general,11,29,42,691,0.015518325547969817
prefill,general,11,30,22,659,0.014799676607977003
prefill,general,11,31,12,646,0.014507725476104922
prefill,general,11,32,2,640,0.01437297879985627
prefill,general,11,33,26,618,0.013878907653611211
prefill,general,11,34,24,612,0.013744160977362559
prefill,general,11,35,3,594,0.0133399209486166
prefill,general,11,36,21,589,0.013227632051742724
prefill,general,11,37,36,586,0.013160258713618398
prefill,general,11,38,56,578,0.012980596478620194
prefill,general,11,39,47,542,0.012172116421128278
prefill,general,11,40,25,525,0.011790334171757096
prefill,general,11,41,19,524,0.011767876392382321
prefill,general,11,42,52,492,0.011049227452389508
prefill,general,11,43,53,477,0.010712360761767877
prefill,general,11,44,39,452,0.01015091627739849
prefill,general,11,45,14,423,0.009499640675530004
prefill,general,11,46,33,407,0.009140316205533596
prefill,general,11,47,60,405,0.009095400646784046
prefill,general,11,48,38,390,0.008758533956162416
prefill,general,11,49,35,385,0.008646245059288538
prefill,general,11,50,50,382,0.008578871721164212
prefill,general,11,51,37,370,0.008309378368666907
prefill,general,11,52,62,370,0.008309378368666907
prefill,general,11,53,23,368,0.008264462809917356
prefill,general,11,54,10,348,0.007815307222421847
prefill,general,11,55,4,347,0.007792849443047071
prefill,general,11,56,29,338,0.007590729428674093
prefill,general,11,57,16,304,0.006827164929931728
prefill,general,11,58,5,297,0.0066699604743083
prefill,general,11,59,51,288,0.0064678404599353215
prefill,general,11,60,28,231,0.005187747035573123
prefill,general,11,61,63,205,0.004603844771828961
prefill,general,11,62,48,133,0.0029868846568451312
prefill,general,11,63,27,96,0.0021559468199784403
prefill,general,11,64,13,53,0.0011902623068630973
prefill,general,12,1,19,2750,0.06175889328063241
prefill,general,12,2,40,2315,0.0519897592526051
prefill,general,12,3,2,1407,0.031598095580309016
prefill,general,12,4,52,1207,0.027106539705353934
prefill,general,12,5,25,1188,0.0266798418972332
prefill,general,12,6,50,1106,0.024838303988501616
prefill,general,12,7,21,1068,0.023984908372260152
prefill,general,12,8,46,1015,0.022794646065397054
prefill,general,12,9,14,1011,0.02270481494789795
prefill,general,12,10,3,1005,0.0225700682716493
prefill,general,12,11,45,974,0.02187387711103126
prefill,general,12,12,32,952,0.0213798059647862
prefill,general,12,13,7,939,0.021087854832914123
prefill,general,12,14,5,936,0.021020481494789797
prefill,general,12,15,48,904,0.02030183255479698
prefill,general,12,16,53,889,0.01996496586417535
prefill,general,12,17,22,877,0.019695472511678046
prefill,general,12,18,0,865,0.01942597915918074
prefill,general,12,19,30,850,0.01908911246855911
prefill,general,12,20,26,804,0.01805605461731944
prefill,general,12,21,55,777,0.0174496945742005
prefill,general,12,22,29,759,0.017045454545454544
prefill,general,12,23,47,757,0.017000538986704995
prefill,general,12,24,27,719,0.016147143370463527
prefill,general,12,25,15,718,0.016124685591088754
prefill,general,12,26,11,708,0.015900107797341
prefill,general,12,27,56,705,0.015832734459216673
prefill,general,12,28,34,703,0.015787818900467123
prefill,general,12,29,37,700,0.015720445562342797
prefill,general,12,30,9,668,0.015001796622349982
prefill,general,12,31,51,660,0.014822134387351778
prefill,general,12,32,16,614,0.013789076536112109
prefill,general,12,33,41,612,0.013744160977362559
prefill,general,12,34,42,603,0.01354204096298958
prefill,general,12,35,62,571,0.012823392022996765
prefill,general,12,36,1,561,0.012598814229249012
prefill,general,12,37,49,548,0.01230686309737693
prefill,general,12,38,4,543,0.012194574200503055
prefill,general,12,39,44,539,0.012104743083003952
prefill,general,12,40,23,527,0.011835249730506647
prefill,general,12,41,10,493,0.011071685231764283
prefill,general,12,42,57,486,0.010914480776140855
prefill,general,12,43,24,477,0.010712360761767877
prefill,general,12,44,61,468,0.010510240747394898
prefill,general,12,45,36,467,0.010487782968020122
prefill,general,12,46,28,443,0.009948796263025512
prefill,general,12,47,63,443,0.009948796263025512
prefill,general,12,48,6,436,0.009791591807402083
prefill,general,12,49,58,429,0.009634387351778656
prefill,general,12,50,35,419,0.009409809558030903
prefill,general,12,51,13,406,0.009117858426158821
prefill,general,12,52,17,393,0.008825907294286742
prefill,general,12,53,12,386,0.008668702838663313
prefill,general,12,54,54,381,0.008556413941789435
prefill,general,12,55,33,370,0.008309378368666907
prefill,general,12,56,20,345,0.007747933884297521
prefill,general,12,57,59,341,0.007658102766798419
prefill,general,12,58,39,273,0.0061309737693136905
prefill,general,12,59,60,269,0.006041142651814589
prefill,general,12,60,43,252,0.005659360402443406
prefill,general,12,61,8,183,0.004109773625583902
prefill,general,12,62,31,120,0.0026949335249730508
prefill,general,12,63,38,117,0.0026275601868487246
prefill,general,12,64,18,77,0.0017292490118577075
prefill,general,13,1,43,1866,0.04190621631333094
prefill,general,13,2,52,1781,0.039997305066475024
prefill,general,13,3,63,1735,0.03896424721523536
prefill,general,13,4,56,1503,0.03375404240028746
prefill,general,13,5,36,1395,0.03132860222781171
prefill,general,13,6,46,1377,0.030924362199065757
prefill,general,13,7,41,1231,0.027645526410348543
prefill,general,13,8,8,1164,0.02614085519223859
prefill,general,13,9,29,1143,0.025669241825368307
prefill,general,13,10,22,1061,0.023827703916636724
prefill,general,13,11,35,1030,0.023131512756018685
prefill,general,13,12,48,999,0.022435321595400647
prefill,general,13,13,27,998,0.02241286381602587
prefill,general,13,14,1,995,0.022345490477901544
prefill,general,13,15,55,971,0.021806503772906934
prefill,general,13,16,32,970,0.02178404599353216
prefill,general,13,17,13,926,0.02079590370104204
prefill,general,13,18,54,829,0.018617499101688827
prefill,general,13,19,23,816,0.018325547969816745
prefill,general,13,20,19,815,0.01830309019044197
prefill,general,13,21,34,807,0.018123427955443767
prefill,general,13,22,7,793,0.01780901904419691
prefill,general,13,23,33,782,0.01756198347107438
prefill,general,13,24,14,763,0.017135285662953647
prefill,general,13,25,3,755,0.016955623427955445
prefill,general,13,26,37,719,0.016147143370463527
prefill,general,13,27,30,709,0.015922565576715775
prefill,general,13,28,58,673,0.01511408551922386
prefill,general,13,29,42,670,0.015046712181099533
prefill,general,13,30,26,655,0.014709845490477902
prefill,general,13,31,31,646,0.014507725476104922
prefill,general,13,32,39,615,0.013811534315486885
prefill,general,13,33,10,613,0.013766618756737334
prefill,general,13,34,24,595,0.013362378727991377
prefill,general,13,35,59,576,0.012935680919870643
prefill,general,13,36,28,575,0.012913223140495868
prefill,general,13,37,57,574,0.012890765361121092
prefill,general,13,38,18,572,0.012845849802371542
prefill,general,13,39,47,557,0.012508983111749911
prefill,general,13,40,44,523,0.011745418613007546
prefill,general,13,41,0,511,0.011475925260510242
prefill,general,13,42,21,499,0.011206431908012935
prefill,general,13,43,5,497,0.011161516349263385
prefill,general,13,44,40,466,0.010465325188645347
prefill,general,13,45,9,462,0.010375494071146246
prefill,general,13,46,12,452,0.01015091627739849
prefill,general,13,47,50,443,0.009948796263025512
prefill,general,13,48,38,379,0.008511498383039886
prefill,general,13,49,16,366,0.008219547251167804
prefill,general,13,50,61,341,0.007658102766798419
prefill,general,13,51,45,331,0.007433524973050665
prefill,general,13,52,15,331,0.007433524973050665
prefill,general,13,53,4,309,0.006939453826805606
prefill,general,13,54,17,304,0.006827164929931728
prefill,general,13,55,2,299,0.006714876033057851
prefill,general,13,56,53,292,0.006557671577434423
prefill,general,13,57,49,255,0.0057267337405677325
prefill,general,13,58,51,248,0.005569529284944304
prefill,general,13,59,25,228,0.005120373697448796
prefill,general,13,60,60,227,0.005097915918074021
prefill,general,13,61,62,204,0.004581386992454186
prefill,general,13,62,11,120,0.0026949335249730508
prefill,general,13,63,20,103,0.0023131512756018684
prefill,general,13,64,6,84,0.0018864534674811354
prefill,general,14,1,3,2064,0.04635285662953647
prefill,general,14,2,37,2004,0.045005389867049946
prefill,general,14,3,49,1708,0.03835788717211642
prefill,general,14,4,2,1634,0.03669601149838304
prefill,general,14,5,5,1344,0.030183255479698166
prefill,general,14,6,59,1269,0.02849892202659001
prefill,general,14,7,43,1229,0.027600610851598994
prefill,general,14,8,7,1121,0.025175170679123247
prefill,general,14,9,44,1098,0.024658641753503414
prefill,general,14,10,21,1086,0.02438914840100611
prefill,general,14,11,38,1057,0.02373787279913762
prefill,general,14,12,15,1011,0.02270481494789795
prefill,general,14,13,63,1000,0.022457779374775423
prefill,general,14,14,14,991,0.022255659360402445
prefill,general,14,15,40,965,0.021671757096658282
prefill,general,14,16,62,935,0.02099802371541502
prefill,general,14,17,48,893,0.020054796981674453
prefill,general,14,18,20,874,0.01962809917355372
prefill,general,14,19,53,870,0.019538268056054617
prefill,general,14,20,57,870,0.019538268056054617
prefill,general,14,21,46,863,0.019381063600431188
prefill,general,14,22,52,842,0.018909450233560905
prefill,general,14,23,1,813,0.01825817463169242
prefill,general,14,24,39,787,0.017674272367948256
prefill,general,14,25,18,781,0.017539525691699604
prefill,general,14,26,31,744,0.016708587854832913
prefill,general,14,27,50,709,0.015922565576715775
prefill,general,14,28,16,703,0.015787818900467123
prefill,general,14,29,55,677,0.01520391663672296
prefill,general,14,30,0,656,0.014732303269852677
prefill,general,14,31,45,652,0.014642472152353576
prefill,general,14,32,27,634,0.014238232123607617
prefill,general,14,33,41,614,0.013789076536112109
prefill,general,14,34,12,589,0.013227632051742724
prefill,general,14,35,35,567,0.012733560905497664
prefill,general,14,36,11,543,0.012194574200503055
prefill,general,14,37,9,540,0.012127200862378729
prefill,general,14,38,10,537,0.012059827524254402
prefill,general,14,39,47,507,0.011386094143011139
prefill,general,14,40,26,478,0.010734818541142652
prefill,general,14,41,13,458,0.010285662953647143
prefill,general,14,42,19,457,0.010263205174272368
prefill,general,14,43,34,456,0.010240747394897592
prefill,general,14,44,25,454,0.010195831836148042
prefill,general,14,45,42,447,0.010038627380524613
prefill,general,14,46,22,438,0.009836507366151635
prefill,general,14,47,60,392,0.008803449514911965
prefill,general,14,48,23,375,0.008421667265540783
prefill,general,14,49,4,371,0.008331836148041682
prefill,general,14,50,58,359,0.008062342795544377
prefill,general,14,51,24,357,0.008017427236794826
prefill,general,14,52,32,350,0.007860222781171398
prefill,general,14,53,56,333,0.007478440531800215
prefill,general,14,54,51,298,0.006692418253683076
prefill,general,14,55,8,294,0.006602587136183974
prefill,general,14,56,61,288,0.0064678404599353215
prefill,general,14,57,29,272,0.006108515989938915
prefill,general,14,58,54,231,0.005187747035573123
prefill,general,14,59,17,218,0.004895795903701042
prefill,general,14,60,30,137,0.0030767157743442327
prefill,general,14,61,33,133,0.0029868846568451312
prefill,general,14,62,28,78,0.001751706791232483
prefill,general,14,63,36,51,0.0011453467481135466
prefill,general,14,64,6,22,0.0004940711462450593
prefill,general,15,1,48,2017,0.04529734099892203
prefill,general,15,2,59,1973,0.04430919870643191
prefill,general,15,3,49,1913,0.04296173194394538
prefill,general,15,4,26,1495,0.033574380165289255
prefill,general,15,5,45,1435,0.03222691340280273
prefill,general,15,6,3,1394,0.03130614444843694
prefill,general,15,7,40,1322,0.02968918433345311
prefill,general,15,8,7,1234,0.02771289974847287
prefill,general,15,9,23,1122,0.025197628458498024
prefill,general,15,10,2,1102,0.024748472871002514
prefill,general,15,11,27,1095,0.024591268415379088
prefill,general,15,12,55,1086,0.02438914840100611
prefill,general,15,13,21,1054,0.023670499461013295
prefill,general,15,14,41,1015,0.022794646065397054
prefill,general,15,15,56,992,0.022278117139777218
prefill,general,15,16,47,906,0.02034674811354653
prefill,general,15,17,60,866,0.019448436938555514
prefill,general,15,18,13,849,0.019066654689184333
prefill,general,15,19,54,842,0.018909450233560905
prefill,general,15,20,10,834,0.018729787998562702
prefill,general,15,21,14,830,0.0186399568810636
prefill,general,15,22,16,825,0.018527667984189724
prefill,general,15,23,36,821,0.01843783686669062
prefill,general,15,24,61,770,0.017292490118577076
prefill,general,15,25,46,769,0.0172700323392023
prefill,general,15,26,15,739,0.016596298957959037
prefill,general,15,27,62,732,0.01643909450233561
prefill,general,15,28,42,720,0.016169601149838304
prefill,general,15,29,0,714,0.01603485447358965
prefill,general,15,30,31,709,0.015922565576715775
prefill,general,15,31,20,697,0.01565307222421847
prefill,general,15,32,28,588,0.013205174272367948
prefill,general,15,33,24,586,0.013160258713618398
prefill,general,15,34,17,567,0.012733560905497664
prefill,general,15,35,5,543,0.012194574200503055
prefill,general,15,36,53,526,0.011812791951131872
prefill,general,15,37,43,522,0.01172296083363277
prefill,general,15,38,22,502,0.011273805246137261
prefill,general,15,39,57,494,0.01109414301113906
prefill,general,15,40,9,491,0.011026769673014733
prefill,general,15,41,44,482,0.010824649658641753
prefill,general,15,42,52,482,0.010824649658641753
prefill,general,15,43,58,479,0.010757276320517426
prefill,general,15,44,63,475,0.010667445203018325
prefill,general,15,45,25,420,0.009432267337405677
prefill,general,15,46,35,372,0.008354293927416457
prefill,general,15,47,37,337,0.007568271649299317
prefill,general,15,48,6,330,0.007411067193675889
prefill,general,15,49,29,313,0.007029284944304708
prefill,general,15,50,1,306,0.0068720804886812795
prefill,general,15,51,8,295,0.0066250449155587495
prefill,general,15,52,50,269,0.006041142651814589
prefill,general,15,53,38,262,0.0058839381961911606
prefill,general,15,54,51,259,0.005816564858066834
prefill,general,15,55,11,253,0.005681818181818182
prefill,general,15,56,19,253,0.005681818181818182
prefill,general,15,57,12,239,0.005367409270571326
prefill,general,15,58,18,207,0.0046487603305785125
prefill,general,15,59,33,202,0.004536471433704635
prefill,general,15,60,4,172,0.0038627380524613726
prefill,general,15,61,39,163,0.003660618038088394
prefill,general,15,62,34,150,0.003368666906216313
prefill,general,15,63,32,96,0.0021559468199784403
prefill,general,15,64,30,21,0.00047161336687028384
prefill,math,0,1,6,1663,0.1027558082056352
prefill,math,0,2,41,649,0.04010133465150766
prefill,math,0,3,58,643,0.03973059812160158
prefill,math,0,4,61,391,0.02415966386554622
prefill,math,0,5,33,375,0.023171033119130005
prefill,math,0,6,25,368,0.022738507167572912
prefill,math,0,7,42,361,0.02230598121601582
prefill,math,0,8,10,346,0.021379139891250617
prefill,math,0,9,7,336,0.020761245674740483
prefill,math,0,10,11,325,0.020081562036579337
prefill,math,0,11,59,324,0.020019772614928325
prefill,math,0,12,43,323,0.01995798319327731
prefill,math,0,13,22,318,0.019649036085022244
prefill,math,0,14,19,318,0.019649036085022244
prefill,math,0,15,29,318,0.019649036085022244
prefill,math,0,16,9,296,0.01828966880869995
prefill,math,0,17,20,274,0.016930301532377658
prefill,math,0,18,39,268,0.016559565002471577
prefill,math,0,19,49,267,0.016497775580820565
prefill,math,0,20,55,267,0.016497775580820565
prefill,math,0,21,46,265,0.016374196737518536
prefill,math,0,22,18,262,0.016188828472565496
prefill,math,0,23,53,260,0.01606524962926347
prefill,math,0,24,60,252,0.015570934256055362
prefill,math,0,25,54,251,0.01550914483440435
prefill,math,0,26,5,239,0.01476767177459219
prefill,math,0,27,38,235,0.014520514087988136
prefill,math,0,28,8,232,0.014335145823035097
prefill,math,0,29,17,230,0.014211566979733069
prefill,math,0,30,1,226,0.013964409293129016
prefill,math,0,31,37,225,0.013902619871478002
prefill,math,0,32,16,224,0.01384083044982699
prefill,math,0,33,14,222,0.013717251606524964
prefill,math,0,34,4,220,0.013593672763222936
prefill,math,0,35,48,219,0.013531883341571923
prefill,math,0,36,26,213,0.013161146811665842
prefill,math,0,37,44,210,0.012975778546712802
prefill,math,0,38,24,209,0.01291398912506179
prefill,math,0,39,63,207,0.012790410281759763
prefill,math,0,40,57,205,0.012666831438457735
prefill,math,0,41,30,198,0.012234305486900642
prefill,math,0,42,35,197,0.01217251606524963
prefill,math,0,43,15,196,0.012110726643598616
prefill,math,0,44,45,189,0.011678200692041523
prefill,math,0,45,27,177,0.010936727632229363
prefill,math,0,46,40,177,0.010936727632229363
prefill,math,0,47,31,176,0.010874938210578349
prefill,math,0,48,36,174,0.010751359367276322
prefill,math,0,49,62,170,0.01050420168067227
prefill,math,0,50,32,168,0.010380622837370242
prefill,math,0,51,2,167,0.01031883341571923
prefill,math,0,52,13,165,0.010195254572417203
prefill,math,0,53,56,164,0.010133465150766189
prefill,math,0,54,3,140,0.00865051903114187
prefill,math,0,55,52,131,0.008094414236282748
prefill,math,0,56,51,130,0.008032624814631736
prefill,math,0,57,50,109,0.006735046959960455
prefill,math,0,58,47,97,0.005993573900148295
prefill,math,0,59,12,82,0.0050667325753830945
prefill,math,0,60,23,56,0.0034602076124567475
prefill,math,0,61,0,32,0.001977261492832427
prefill,math,0,62,28,21,0.0012975778546712802
prefill,math,0,63,21,20,0.001235788433020267
prefill,math,0,64,34,12,0.0007414730598121602
prefill,math,1,1,47,746,0.046094908551655954
prefill,math,1,2,11,691,0.04269649036085022
prefill,math,1,3,19,525,0.032439446366782004
prefill,math,1,4,32,442,0.0273109243697479
prefill,math,1,5,35,421,0.02601334651507662
prefill,math,1,6,1,421,0.02601334651507662
prefill,math,1,7,31,417,0.025766188828472567
prefill,math,1,8,60,408,0.025210084033613446
prefill,math,1,9,14,386,0.02385071675729115
prefill,math,1,10,20,386,0.02385071675729115
prefill,math,1,11,40,380,0.02347998022738507
prefill,math,1,12,62,370,0.022862086010874937
prefill,math,1,13,41,368,0.022738507167572912
prefill,math,1,14,39,341,0.021070192782995552
prefill,math,1,15,37,338,0.02088482451804251
prefill,math,1,16,63,320,0.019772614928324272
prefill,math,1,17,49,319,0.019710825506673257
prefill,math,1,18,42,318,0.019649036085022244
prefill,math,1,19,52,293,0.01810430054374691
prefill,math,1,20,55,293,0.01810430054374691
prefill,math,1,21,12,286,0.017671774592189816
prefill,math,1,22,45,285,0.017609985170538803
prefill,math,1,23,59,284,0.01754819574888779
prefill,math,1,24,18,280,0.01730103806228374
prefill,math,1,25,48,276,0.017053880375679682
prefill,math,1,26,5,275,0.01699209095402867
prefill,math,1,27,21,272,0.01680672268907563
prefill,math,1,28,23,263,0.016250617894216512
prefill,math,1,29,17,261,0.016127039050914484
prefill,math,1,30,7,257,0.01587988136431043
prefill,math,1,31,57,244,0.015076618882847257
prefill,math,1,32,13,237,0.014644092931290164
prefill,math,1,33,8,232,0.014335145823035097
prefill,math,1,34,53,230,0.014211566979733069
prefill,math,1,35,0,230,0.014211566979733069
prefill,math,1,36,2,225,0.013902619871478002
prefill,math,1,37,34,222,0.013717251606524964
prefill,math,1,38,51,219,0.013531883341571923
prefill,math,1,39,36,218,0.01347009391992091
prefill,math,1,40,58,216,0.013346515076618883
prefill,math,1,41,30,203,0.012543252595155709
prefill,math,1,42,50,193,0.011925358378645575
prefill,math,1,43,3,191,0.011801779535343549
prefill,math,1,44,24,184,0.011369253583786456
prefill,math,1,45,16,184,0.011369253583786456
prefill,math,1,46,27,180,0.011122095897182402
prefill,math,1,47,9,169,0.010442412259021256
prefill,math,1,48,54,164,0.010133465150766189
prefill,math,1,49,44,163,0.010071675729115175
prefill,math,1,50,29,149,0.009206623826000989
prefill,math,1,51,46,137,0.008465150766188829
prefill,math,1,52,4,112,0.006920415224913495
prefill,math,1,53,38,109,0.006735046959960455
prefill,math,1,54,22,106,0.006549678695007415
prefill,math,1,55,33,106,0.006549678695007415
prefill,math,1,56,61,105,0.006487889273356401
prefill,math,1,57,56,90,0.005561047948591201
prefill,math,1,58,10,82,0.0050667325753830945
prefill,math,1,59,43,78,0.004819574888779041
prefill,math,1,60,25,75,0.004634206623826001
prefill,math,1,61,15,61,0.0037691547207118143
prefill,math,1,62,26,51,0.0031512605042016808
prefill,math,1,63,28,49,0.003027681660899654
prefill,math,1,64,6,48,0.002965892239248641
prefill,math,2,1,4,929,0.0574023727137914
prefill,math,2,2,8,708,0.04374691052891745
prefill,math,2,3,34,631,0.03898912506178942
prefill,math,2,4,62,526,0.032501235788433024
prefill,math,2,5,0,434,0.026816608996539794
prefill,math,2,6,12,411,0.025395452298566486
prefill,math,2,7,16,408,0.025210084033613446
prefill,math,2,8,58,402,0.024839347503707365
prefill,math,2,9,53,391,0.02415966386554622
prefill,math,2,10,41,365,0.02255313890261987
prefill,math,2,11,6,352,0.021749876421156698
prefill,math,2,12,54,344,0.021255561047948592
prefill,math,2,13,26,336,0.020761245674740483
prefill,math,2,14,20,325,0.020081562036579337
prefill,math,2,15,22,315,0.019463667820069204
prefill,math,2,16,47,305,0.01884577360355907
prefill,math,2,17,29,299,0.01847503707365299
prefill,math,2,18,56,293,0.01810430054374691
prefill,math,2,19,63,293,0.01810430054374691
prefill,math,2,20,57,291,0.017980721700444884
prefill,math,2,21,32,284,0.01754819574888779
prefill,math,2,22,33,284,0.01754819574888779
prefill,math,2,23,21,271,0.016744933267424617
prefill,math,2,24,14,266,0.01643598615916955
prefill,math,2,25,13,255,0.015756302521008403
prefill,math,2,26,19,254,0.01569451309935739
prefill,math,2,27,46,252,0.015570934256055362
prefill,math,2,28,52,251,0.01550914483440435
prefill,math,2,29,60,246,0.015200197726149283
prefill,math,2,30,45,242,0.01495304003954523
prefill,math,2,31,23,242,0.01495304003954523
prefill,math,2,32,1,238,0.014705882352941176
prefill,math,2,33,24,233,0.01439693524468611
prefill,math,2,34,39,232,0.014335145823035097
prefill,math,2,35,38,228,0.014087988136431043
prefill,math,2,36,30,226,0.013964409293129016
prefill,math,2,37,48,215,0.013284725654967869
prefill,math,2,38,27,213,0.013161146811665842
prefill,math,2,39,25,211,0.013037567968363816
prefill,math,2,40,3,206,0.01272862086010875
prefill,math,2,41,15,200,0.012357884330202669
prefill,math,2,42,49,190,0.011739990113692535
prefill,math,2,43,9,176,0.010874938210578349
prefill,math,2,44,18,168,0.010380622837370242
prefill,math,2,45,44,167,0.01031883341571923
prefill,math,2,46,61,167,0.01031883341571923
prefill,math,2,47,35,165,0.010195254572417203
prefill,math,2,48,11,162,0.010009886307464163
prefill,math,2,49,36,150,0.009268413247652003
prefill,math,2,50,40,137,0.008465150766188829
prefill,math,2,51,59,136,0.008403361344537815
prefill,math,2,52,50,124,0.007661888284725655
prefill,math,2,53,31,124,0.007661888284725655
prefill,math,2,54,17,123,0.007600098863074642
prefill,math,2,55,37,122,0.0075383094414236285
prefill,math,2,56,7,115,0.0071057834898665346
prefill,math,2,57,28,110,0.006796836381611468
prefill,math,2,58,51,88,0.005437469105289174
prefill,math,2,59,43,83,0.005128521997034108
prefill,math,2,60,5,73,0.004510627780523974
prefill,math,2,61,2,66,0.004078101828966881
prefill,math,2,62,42,50,0.003089471082550667
prefill,math,2,63,55,49,0.003027681660899654
prefill,math,2,64,10,32,0.001977261492832427
prefill,math,3,1,52,1271,0.07853435491843797
prefill,math,3,2,61,586,0.03620860108749382
prefill,math,3,3,20,563,0.034787444389520514
prefill,math,3,4,12,478,0.02953534354918438
prefill,math,3,5,59,456,0.028175976272862086
prefill,math,3,6,45,443,0.02737271379139891
prefill,math,3,7,31,442,0.0273109243697479
prefill,math,3,8,22,426,0.026322293623331685
prefill,math,3,9,49,421,0.02601334651507662
prefill,math,3,10,38,408,0.025210084033613446
prefill,math,3,11,62,401,0.024777558082056353
prefill,math,3,12,18,399,0.024653979238754325
prefill,math,3,13,30,394,0.02434503213049926
prefill,math,3,14,33,355,0.021935244686109738
prefill,math,3,15,28,348,0.021502718734552645
prefill,math,3,16,50,346,0.021379139891250617
prefill,math,3,17,42,343,0.021193771626297576
prefill,math,3,18,15,335,0.02069945625308947
prefill,math,3,19,1,325,0.020081562036579337
prefill,math,3,20,46,317,0.019587246663371232
prefill,math,3,21,54,313,0.019340088976767176
prefill,math,3,22,34,305,0.01884577360355907
prefill,math,3,23,40,296,0.01828966880869995
prefill,math,3,24,56,293,0.01810430054374691
prefill,math,3,25,0,293,0.01810430054374691
prefill,math,3,26,7,277,0.017115669797330698
prefill,math,3,27,32,275,0.01699209095402867
prefill,math,3,28,2,273,0.016868512110726645
prefill,math,3,29,37,273,0.016868512110726645
prefill,math,3,30,11,264,0.016312407315867524
prefill,math,3,31,47,251,0.01550914483440435
prefill,math,3,32,29,249,0.015385565991102324
prefill,math,3,33,19,249,0.015385565991102324
prefill,math,3,34,10,228,0.014087988136431043
prefill,math,3,35,9,227,0.01402619871478003
prefill,math,3,36,4,215,0.013284725654967869
prefill,math,3,37,57,194,0.01198714780029659
prefill,math,3,38,23,177,0.010936727632229363
prefill,math,3,39,63,165,0.010195254572417203
prefill,math,3,40,48,165,0.010195254572417203
prefill,math,3,41,25,150,0.009268413247652003
prefill,math,3,42,21,148,0.009144834404349975
prefill,math,3,43,6,144,0.008897676717745922
prefill,math,3,44,58,130,0.008032624814631736
prefill,math,3,45,27,128,0.007909045971329708
prefill,math,3,46,41,118,0.007291151754819575
prefill,math,3,47,14,113,0.006982204646564508
prefill,math,3,48,5,110,0.006796836381611468
prefill,math,3,49,39,108,0.0066732575383094414
prefill,math,3,50,36,107,0.006611468116658428
prefill,math,3,51,44,91,0.005622837370242215
prefill,math,3,52,8,82,0.0050667325753830945
prefill,math,3,53,43,78,0.004819574888779041
prefill,math,3,54,60,78,0.004819574888779041
prefill,math,3,55,51,71,0.004387048937221948
prefill,math,3,56,35,71,0.004387048937221948
prefill,math,3,57,24,70,0.004325259515570935
prefill,math,3,58,3,68,0.004201680672268907
prefill,math,3,59,55,63,0.0038927335640138406
prefill,math,3,60,13,59,0.0036455758774097875
prefill,math,3,61,53,52,0.003213049925852694
prefill,math,3,62,16,38,0.0023479980227385073
prefill,math,3,63,26,35,0.0021626297577854673
prefill,math,3,64,17,33,0.0020390509144834405
prefill,math,4,1,17,1342,0.08292140385565991
prefill,math,4,2,49,775,0.047886801779535346
prefill,math,4,3,8,607,0.037506178942165104
prefill,math,4,4,21,589,0.03639396935244686
prefill,math,4,5,9,528,0.03262481463173505
prefill,math,4,6,34,490,0.03027681660899654
prefill,math,4,7,48,484,0.02990608007909046
prefill,math,4,8,52,482,0.029782501235788433
prefill,math,4,9,62,453,0.027990608007909045
prefill,math,4,10,5,443,0.02737271379139891
prefill,math,4,11,45,409,0.02527187345526446
prefill,math,4,12,36,388,0.02397429560059318
prefill,math,4,13,58,387,0.023912506178942167
prefill,math,4,14,23,379,0.023418190805734058
prefill,math,4,15,40,323,0.01995798319327731
prefill,math,4,16,60,319,0.019710825506673257
prefill,math,4,17,1,313,0.019340088976767176
prefill,math,4,18,24,300,0.018536826495304005
prefill,math,4,19,29,295,0.018227879387048937
prefill,math,4,20,42,293,0.01810430054374691
prefill,math,4,21,7,282,0.017424616905585763
prefill,math,4,22,59,280,0.01730103806228374
prefill,math,4,23,57,274,0.016930301532377658
prefill,math,4,24,14,269,0.01662135442412259
prefill,math,4,25,43,268,0.016559565002471577
prefill,math,4,26,39,263,0.016250617894216512
prefill,math,4,27,31,258,0.015941670785961443
prefill,math,4,28,63,256,0.015818091942659415
prefill,math,4,29,10,254,0.01569451309935739
prefill,math,4,30,38,233,0.01439693524468611
prefill,math,4,31,13,229,0.014149777558082057
prefill,math,4,32,18,225,0.013902619871478002
prefill,math,4,33,27,217,0.013408304498269897
prefill,math,4,34,56,216,0.013346515076618883
prefill,math,4,35,47,212,0.01309935739001483
prefill,math,4,36,41,206,0.01272862086010875
prefill,math,4,37,22,199,0.012296094908551656
prefill,math,4,38,50,193,0.011925358378645575
prefill,math,4,39,11,171,0.010565991102323282
prefill,math,4,40,44,170,0.01050420168067227
prefill,math,4,41,35,168,0.010380622837370242
prefill,math,4,42,61,148,0.009144834404349975
prefill,math,4,43,2,145,0.008959466139396936
prefill,math,4,44,46,145,0.008959466139396936
prefill,math,4,45,37,142,0.008774097874443896
prefill,math,4,46,28,140,0.00865051903114187
prefill,math,4,47,26,134,0.008279782501235788
prefill,math,4,48,25,127,0.007847256549678695
prefill,math,4,49,6,115,0.0071057834898665346
prefill,math,4,50,33,88,0.005437469105289174
prefill,math,4,51,20,87,0.005375679683638161
prefill,math,4,52,30,83,0.005128521997034108
prefill,math,4,53,55,69,0.0042634700939199206
prefill,math,4,54,16,57,0.0035219970341077607
prefill,math,4,55,4,56,0.0034602076124567475
prefill,math,4,56,51,46,0.002842313395946614
prefill,math,4,57,19,44,0.002718734552644587
prefill,math,4,58,53,27,0.0016683143845773604
prefill,math,4,59,12,26,0.001606524962926347
prefill,math,4,60,32,22,0.0013593672763222936
prefill,math,4,61,15,21,0.0012975778546712802
prefill,math,4,62,54,12,0.0007414730598121602
prefill,math,4,63,3,7,0.00043252595155709344
prefill,math,4,64,0,1,6.178942165101334e-05
prefill,math,5,1,0,1286,0.07946119624320316
prefill,math,5,2,32,1015,0.06271626297577855
prefill,math,5,3,10,933,0.05764953040039545
prefill,math,5,4,14,709,0.043808699950568464
prefill,math,5,5,19,612,0.037815126050420166
prefill,math,5,6,33,488,0.030153237765694514
prefill,math,5,7,45,462,0.028546712802768166
prefill,math,5,8,39,407,0.025148294611962434
prefill,math,5,9,21,389,0.02403608502224419
prefill,math,5,10,23,366,0.022614928324270884
prefill,math,5,11,6,358,0.02212061295106278
prefill,math,5,12,54,356,0.02199703410776075
prefill,math,5,13,8,350,0.02162629757785467
prefill,math,5,14,34,346,0.021379139891250617
prefill,math,5,15,11,343,0.021193771626297576
prefill,math,5,16,57,339,0.020946613939693524
prefill,math,5,17,56,323,0.01995798319327731
prefill,math,5,18,52,321,0.019834404349975285
prefill,math,5,19,41,304,0.018783984181908058
prefill,math,5,20,4,271,0.016744933267424617
prefill,math,5,21,18,265,0.016374196737518536
prefill,math,5,22,55,261,0.016127039050914484
prefill,math,5,23,24,259,0.016003460207612456
prefill,math,5,24,37,257,0.01587988136431043
prefill,math,5,25,30,250,0.015447355412753336
prefill,math,5,26,60,248,0.01532377656945131
prefill,math,5,27,7,245,0.01513840830449827
prefill,math,5,28,22,242,0.01495304003954523
prefill,math,5,29,13,240,0.014829461196243203
prefill,math,5,30,58,232,0.014335145823035097
prefill,math,5,31,16,218,0.01347009391992091
prefill,math,5,32,20,216,0.013346515076618883
prefill,math,5,33,40,190,0.011739990113692535
prefill,math,5,34,50,188,0.011616411270390509
prefill,math,5,35,38,177,0.010936727632229363
prefill,math,5,36,59,172,0.010627780523974296
prefill,math,5,37,43,163,0.010071675729115175
prefill,math,5,38,35,163,0.010071675729115175
prefill,math,5,39,61,161,0.009948096885813149
prefill,math,5,40,9,159,0.009824518042511122
prefill,math,5,41,31,150,0.009268413247652003
prefill,math,5,42,12,149,0.009206623826000989
prefill,math,5,43,47,145,0.008959466139396936
prefill,math,5,44,48,142,0.008774097874443896
prefill,math,5,45,51,136,0.008403361344537815
prefill,math,5,46,17,123,0.007600098863074642
prefill,math,5,47,27,118,0.007291151754819575
prefill,math,5,48,1,116,0.007167572911517549
prefill,math,5,49,15,116,0.007167572911517549
prefill,math,5,50,36,99,0.006117152743450321
prefill,math,5,51,28,89,0.005499258526940188
prefill,math,5,52,62,88,0.005437469105289174
prefill,math,5,53,46,65,0.004016312407315868
prefill,math,5,54,5,57,0.0035219970341077607
prefill,math,5,55,63,52,0.003213049925852694
prefill,math,5,56,42,50,0.003089471082550667
prefill,math,5,57,29,49,0.003027681660899654
prefill,math,5,58,26,37,0.0022862086010874937
prefill,math,5,59,53,33,0.0020390509144834405
prefill,math,5,60,25,33,0.0020390509144834405
prefill,math,5,61,49,25,0.0015447355412753336
prefill,math,5,62,44,15,0.0009268413247652002
prefill,math,5,63,3,11,0.0006796836381611468
prefill,math,5,64,2,2,0.00012357884330202668
prefill,math,6,1,61,1455,0.08990360850222442
prefill,math,6,2,57,1114,0.06883341571922887
prefill,math,6,3,18,952,0.058823529411764705
prefill,math,6,4,3,817,0.050481957488877904
prefill,math,6,5,5,707,0.04368512110726644
prefill,math,6,6,26,484,0.02990608007909046
prefill,math,6,7,36,478,0.02953534354918438
prefill,math,6,8,43,405,0.025024715768660406
prefill,math,6,9,20,366,0.022614928324270884
prefill,math,6,10,6,353,0.02181166584280771
prefill,math,6,11,48,346,0.021379139891250617
prefill,math,6,12,62,341,0.021070192782995552
prefill,math,6,13,35,335,0.02069945625308947
prefill,math,6,14,23,333,0.020575877409787443
prefill,math,6,15,2,318,0.019649036085022244
prefill,math,6,16,38,310,0.01915472071181414
prefill,math,6,17,47,310,0.01915472071181414
prefill,math,6,18,12,300,0.018536826495304005
prefill,math,6,19,10,290,0.017918932278793872
prefill,math,6,20,63,285,0.017609985170538803
prefill,math,6,21,16,283,0.017486406327236775
prefill,math,6,22,13,282,0.017424616905585763
prefill,math,6,23,17,279,0.017239248640632723
prefill,math,6,24,0,273,0.016868512110726645
prefill,math,6,25,55,271,0.016744933267424617
prefill,math,6,26,32,246,0.015200197726149283
prefill,math,6,27,4,236,0.01458230350963915
prefill,math,6,28,29,232,0.014335145823035097
prefill,math,6,29,59,229,0.014149777558082057
prefill,math,6,30,56,216,0.013346515076618883
prefill,math,6,31,30,211,0.013037567968363816
prefill,math,6,32,58,199,0.012296094908551656
prefill,math,6,33,1,197,0.01217251606524963
prefill,math,6,34,40,194,0.01198714780029659
prefill,math,6,35,21,189,0.011678200692041523
prefill,math,6,36,24,186,0.011492832427088482
prefill,math,6,37,25,185,0.011431043005437468
prefill,math,6,38,9,154,0.009515570934256055
prefill,math,6,39,53,146,0.009021255561047948
prefill,math,6,40,44,139,0.008588729609490855
prefill,math,6,41,52,139,0.008588729609490855
prefill,math,6,42,49,134,0.008279782501235788
prefill,math,6,43,33,132,0.008156203657933762
prefill,math,6,44,50,129,0.007970835392980722
prefill,math,6,45,8,125,0.007723677706376668
prefill,math,6,46,39,122,0.0075383094414236285
prefill,math,6,47,22,110,0.006796836381611468
prefill,math,6,48,51,102,0.0063025210084033615
prefill,math,6,49,34,81,0.005004943153732081
prefill,math,6,50,11,67,0.004139891250617894
prefill,math,6,51,54,67,0.004139891250617894
prefill,math,6,52,7,60,0.0037073652990608007
prefill,math,6,53,31,54,0.0033366287691547207
prefill,math,6,54,37,50,0.003089471082550667
prefill,math,6,55,27,38,0.0023479980227385073
prefill,math,6,56,46,37,0.0022862086010874937
prefill,math,6,57,19,18,0.0011122095897182402
prefill,math,6,58,42,16,0.0009886307464162135
prefill,math,6,59,28,16,0.0009886307464162135
prefill,math,6,60,14,14,0.0008650519031141869
prefill,math,6,61,41,11,0.0006796836381611468
prefill,math,6,62,45,9,0.0005561047948591201
prefill,math,6,63,15,5,0.00030894710825506676
prefill,math,6,64,60,2,0.00012357884330202668
prefill,math,7,1,4,1054,0.06512605042016807
prefill,math,7,2,25,815,0.05035837864557588
prefill,math,7,3,54,656,0.040533860603064756
prefill,math,7,4,18,566,0.03497281265447355
prefill,math,7,5,38,522,0.03225407810182897
prefill,math,7,6,17,516,0.03188334157192289
prefill,math,7,7,15,513,0.03169797330696985
prefill,math,7,8,29,497,0.030709342560553632
prefill,math,7,9,46,481,0.02972071181413742
prefill,math,7,10,32,456,0.028175976272862086
prefill,math,7,11,61,417,0.025766188828472567
prefill,math,7,12,9,408,0.025210084033613446
prefill,math,7,13,5,393,0.024283242708848244
prefill,math,7,14,37,384,0.023727137913989126
prefill,math,7,15,26,370,0.022862086010874937
prefill,math,7,16,1,355,0.021935244686109738
prefill,math,7,17,20,314,0.01940187839841819
prefill,math,7,18,23,307,0.0189693524468611
prefill,math,7,19,13,300,0.018536826495304005
prefill,math,7,20,36,300,0.018536826495304005
prefill,math,7,21,56,300,0.018536826495304005
prefill,math,7,22,24,294,0.018166089965397925
prefill,math,7,23,63,292,0.018042511122095897
prefill,math,7,24,48,290,0.017918932278793872
prefill,math,7,25,14,273,0.016868512110726645
prefill,math,7,26,16,271,0.016744933267424617
prefill,math,7,27,41,266,0.01643598615916955
prefill,math,7,28,19,264,0.016312407315867524
prefill,math,7,29,62,257,0.01587988136431043
prefill,math,7,30,53,241,0.014891250617894217
prefill,math,7,31,39,239,0.01476767177459219
prefill,math,7,32,55,235,0.014520514087988136
prefill,math,7,33,52,208,0.012852199703410776
prefill,math,7,34,34,204,0.012605042016806723
prefill,math,7,35,3,182,0.01124567474048443
prefill,math,7,36,35,174,0.010751359367276322
prefill,math,7,37,44,174,0.010751359367276322
prefill,math,7,38,31,174,0.010751359367276322
prefill,math,7,39,10,160,0.009886307464162136
prefill,math,7,40,0,152,0.009391992090954029
prefill,math,7,41,58,147,0.009083044982698962
prefill,math,7,42,45,142,0.008774097874443896
prefill,math,7,43,59,137,0.008465150766188829
prefill,math,7,44,11,133,0.008217993079584774
prefill,math,7,45,21,128,0.007909045971329708
prefill,math,7,46,6,122,0.0075383094414236285
prefill,math,7,47,57,119,0.007352941176470588
prefill,math,7,48,60,118,0.007291151754819575
prefill,math,7,49,42,100,0.006178942165101334
prefill,math,7,50,12,99,0.006117152743450321
prefill,math,7,51,40,93,0.005746416213544241
prefill,math,7,52,8,86,0.005313890261987148
prefill,math,7,53,2,83,0.005128521997034108
prefill,math,7,54,47,81,0.005004943153732081
prefill,math,7,55,49,81,0.005004943153732081
prefill,math,7,56,22,72,0.004448838358872961
prefill,math,7,57,33,69,0.0042634700939199206
prefill,math,7,58,43,32,0.001977261492832427
prefill,math,7,59,30,26,0.001606524962926347
prefill,math,7,60,27,16,0.0009886307464162135
prefill,math,7,61,50,12,0.0007414730598121602
prefill,math,7,62,7,11,0.0006796836381611468
prefill,math,7,63,28,2,0.00012357884330202668
prefill,math,7,64,51,1,6.178942165101334e-05
prefill,math,8,1,11,1476,0.0912011863568957
prefill,math,8,2,54,947,0.05851458230350964
prefill,math,8,3,42,652,0.0402867029164607
prefill,math,8,4,20,516,0.03188334157192289
prefill,math,8,5,34,491,0.030338606030647555
prefill,math,8,6,17,487,0.0300914483440435
prefill,math,8,7,57,466,0.02879387048937222
prefill,math,8,8,37,446,0.027558082056351952
prefill,math,8,9,63,422,0.026075135936727632
prefill,math,8,10,55,420,0.025951557093425604
prefill,math,8,11,12,365,0.02255313890261987
prefill,math,8,12,45,349,0.021564508156203657
prefill,math,8,13,28,348,0.021502718734552645
prefill,math,8,14,10,326,0.02014335145823035
prefill,math,8,15,35,320,0.019772614928324272
prefill,math,8,16,14,315,0.019463667820069204
prefill,math,8,17,53,306,0.018907563025210083
prefill,math,8,18,6,298,0.018413247652001977
prefill,math,8,19,18,295,0.018227879387048937
prefill,math,8,20,56,290,0.017918932278793872
prefill,math,8,21,51,288,0.017795353435491844
prefill,math,8,22,1,282,0.017424616905585763
prefill,math,8,23,50,279,0.017239248640632723
prefill,math,8,24,41,269,0.01662135442412259
prefill,math,8,25,9,258,0.015941670785961443
prefill,math,8,26,30,253,0.01563272367770638
prefill,math,8,27,47,244,0.015076618882847257
prefill,math,8,28,29,229,0.014149777558082057
prefill,math,8,29,21,228,0.014087988136431043
prefill,math,8,30,32,224,0.01384083044982699
prefill,math,8,31,13,221,0.01365546218487395
prefill,math,8,32,60,219,0.013531883341571923
prefill,math,8,33,25,215,0.013284725654967869
prefill,math,8,34,0,213,0.013161146811665842
prefill,math,8,35,52,211,0.013037567968363816
prefill,math,8,36,40,208,0.012852199703410776
prefill,math,8,37,31,205,0.012666831438457735
prefill,math,8,38,23,203,0.012543252595155709
prefill,math,8,39,3,199,0.012296094908551656
prefill,math,8,40,62,193,0.011925358378645575
prefill,math,8,41,15,154,0.009515570934256055
prefill,math,8,42,36,147,0.009083044982698962
prefill,math,8,43,2,137,0.008465150766188829
prefill,math,8,44,24,137,0.008465150766188829
prefill,math,8,45,39,127,0.007847256549678695
prefill,math,8,46,44,126,0.007785467128027681
prefill,math,8,47,38,122,0.0075383094414236285
prefill,math,8,48,26,120,0.007414730598121601
prefill,math,8,49,7,96,0.005931784478497282
prefill,math,8,50,61,96,0.005931784478497282
prefill,math,8,51,43,95,0.0058699950568462675
prefill,math,8,52,22,91,0.005622837370242215
prefill,math,8,53,16,88,0.005437469105289174
prefill,math,8,54,48,85,0.005252100840336135
prefill,math,8,55,49,79,0.004881364310430054
prefill,math,8,56,33,62,0.0038309441423628274
prefill,math,8,57,27,60,0.0037073652990608007
prefill,math,8,58,59,46,0.002842313395946614
prefill,math,8,59,4,44,0.002718734552644587
prefill,math,8,60,46,35,0.0021626297577854673
prefill,math,8,61,5,21,0.0012975778546712802
prefill,math,8,62,19,17,0.0010504201680672268
prefill,math,8,63,58,16,0.0009886307464162135
prefill,math,8,64,8,7,0.00043252595155709344
prefill,math,9,1,5,1504,0.09293129016312407
prefill,math,9,2,41,506,0.03126544735541276
prefill,math,9,3,28,502,0.0310182896688087
prefill,math,9,4,37,481,0.02972071181413742
prefill,math,9,5,44,450,0.027805239742956005
prefill,math,9,6,55,449,0.027743450321304992
prefill,math,9,7,58,416,0.02570439940682155
prefill,math,9,8,1,402,0.024839347503707365
prefill,math,9,9,53,370,0.022862086010874937
prefill,math,9,10,13,357,0.022058823529411766
prefill,math,9,11,10,352,0.021749876421156698
prefill,math,9,12,26,351,0.021688086999505685
prefill,math,9,13,32,341,0.021070192782995552
prefill,math,9,14,38,340,0.02100840336134454
prefill,math,9,15,7,337,0.0208230350963915
prefill,math,9,16,0,331,0.02045229856648542
prefill,math,9,17,50,328,0.020266930301532378
prefill,math,9,18,2,319,0.019710825506673257
prefill,math,9,19,21,303,0.018722194760257042
prefill,math,9,20,36,302,0.01866040533860603
prefill,math,9,21,39,295,0.018227879387048937
prefill,math,9,22,59,293,0.01810430054374691
prefill,math,9,23,16,292,0.018042511122095897
prefill,math,9,24,29,288,0.017795353435491844
prefill,math,9,25,43,287,0.01773356401384083
prefill,math,9,26,42,279,0.017239248640632723
prefill,math,9,27,27,276,0.017053880375679682
prefill,math,9,28,48,269,0.01662135442412259
prefill,math,9,29,49,269,0.01662135442412259
prefill,math,9,30,23,256,0.015818091942659415
prefill,math,9,31,30,235,0.014520514087988136
prefill,math,9,32,47,233,0.01439693524468611
prefill,math,9,33,62,232,0.014335145823035097
prefill,math,9,34,33,226,0.013964409293129016
prefill,math,9,35,61,225,0.013902619871478002
prefill,math,9,36,52,217,0.013408304498269897
prefill,math,9,37,17,204,0.012605042016806723
prefill,math,9,38,54,201,0.012419673751853683
prefill,math,9,39,12,197,0.01217251606524963
prefill,math,9,40,8,190,0.011739990113692535
prefill,math,9,41,3,187,0.011554621848739496
prefill,math,9,42,35,185,0.011431043005437468
prefill,math,9,43,45,180,0.011122095897182402
prefill,math,9,44,14,177,0.010936727632229363
prefill,math,9,45,22,161,0.009948096885813149
prefill,math,9,46,9,146,0.009021255561047948
prefill,math,9,47,63,144,0.008897676717745922
prefill,math,9,48,20,118,0.007291151754819575
prefill,math,9,49,40,115,0.0071057834898665346
prefill,math,9,50,24,112,0.006920415224913495
prefill,math,9,51,34,112,0.006920415224913495
prefill,math,9,52,11,108,0.0066732575383094414
prefill,math,9,53,60,108,0.0066732575383094414
prefill,math,9,54,6,97,0.005993573900148295
prefill,math,9,55,31,88,0.005437469105289174
prefill,math,9,56,51,86,0.005313890261987148
prefill,math,9,57,56,85,0.005252100840336135
prefill,math,9,58,25,72,0.004448838358872961
prefill,math,9,59,46,54,0.0033366287691547207
prefill,math,9,60,18,47,0.002904102817597627
prefill,math,9,61,57,34,0.0021008403361344537
prefill,math,9,62,4,34,0.0021008403361344537
prefill,math,9,63,15,28,0.0017301038062283738
prefill,math,9,64,19,1,6.178942165101334e-05
prefill,math,10,1,16,838,0.051779535343549184
prefill,math,10,2,22,517,0.0319451309935739
prefill,math,10,3,17,498,0.030771131982204648
prefill,math,10,4,37,475,0.02934997528423134
prefill,math,10,5,32,455,0.028114186851211073
prefill,math,10,6,2,450,0.027805239742956005
prefill,math,10,7,45,436,0.02694018783984182
prefill,math,10,8,47,410,0.02533366287691547
prefill,math,10,9,52,402,0.024839347503707365
prefill,math,10,10,36,397,0.0245304003954523
prefill,math,10,11,35,389,0.02403608502224419
prefill,math,10,12,13,389,0.02403608502224419
prefill,math,10,13,1,387,0.023912506178942167
prefill,math,10,14,53,367,0.0226767177459219
prefill,math,10,15,61,349,0.021564508156203657
prefill,math,10,16,39,336,0.020761245674740483
prefill,math,10,17,0,328,0.020266930301532378
prefill,math,10,18,62,328,0.020266930301532378
prefill,math,10,19,42,317,0.019587246663371232
prefill,math,10,20,23,317,0.019587246663371232
prefill,math,10,21,38,301,0.018598615916955018
prefill,math,10,22,14,293,0.01810430054374691
prefill,math,10,23,10,283,0.017486406327236775
prefill,math,10,24,30,281,0.01736282748393475
prefill,math,10,25,5,278,0.01717745921898171
prefill,math,10,26,59,270,0.016683143845773605
prefill,math,10,27,28,269,0.01662135442412259
prefill,math,10,28,31,263,0.016250617894216512
prefill,math,10,29,51,261,0.016127039050914484
prefill,math,10,30,6,249,0.015385565991102324
prefill,math,10,31,15,244,0.015076618882847257
prefill,math,10,32,21,241,0.014891250617894217
prefill,math,10,33,3,238,0.014705882352941176
prefill,math,10,34,24,235,0.014520514087988136
prefill,math,10,35,58,218,0.01347009391992091
prefill,math,10,36,27,218,0.01347009391992091
prefill,math,10,37,7,214,0.013222936233316857
prefill,math,10,38,4,211,0.013037567968363816
prefill,math,10,39,20,202,0.012481463173504697
prefill,math,10,40,33,202,0.012481463173504697
prefill,math,10,41,41,202,0.012481463173504697
prefill,math,10,42,60,193,0.011925358378645575
prefill,math,10,43,56,193,0.011925358378645575
prefill,math,10,44,12,182,0.01124567474048443
prefill,math,10,45,43,179,0.01106030647553139
prefill,math,10,46,44,178,0.010998517053880375
prefill,math,10,47,26,173,0.010689569945625308
prefill,math,10,48,9,168,0.010380622837370242
prefill,math,10,49,8,162,0.010009886307464163
prefill,math,10,50,29,154,0.009515570934256055
prefill,math,10,51,49,137,0.008465150766188829
prefill,math,10,52,34,127,0.007847256549678695
prefill,math,10,53,46,97,0.005993573900148295
prefill,math,10,54,54,86,0.005313890261987148
prefill,math,10,55,18,86,0.005313890261987148
prefill,math,10,56,40,81,0.005004943153732081
prefill,math,10,57,63,76,0.0046959960454770145
prefill,math,10,58,48,74,0.004572417202174987
prefill,math,10,59,11,73,0.004510627780523974
prefill,math,10,60,55,69,0.0042634700939199206
prefill,math,10,61,50,67,0.004139891250617894
prefill,math,10,62,57,30,0.0018536826495304003
prefill,math,10,63,25,27,0.0016683143845773604
prefill,math,10,64,19,14,0.0008650519031141869
prefill,math,11,1,57,1246,0.07698961937716263
prefill,math,11,2,1,1064,0.0657439446366782
prefill,math,11,3,47,735,0.04541522491349481
prefill,math,11,4,15,523,0.03231586752347998
prefill,math,11,5,58,466,0.02879387048937222
prefill,math,11,6,34,465,0.028732081067721207
prefill,math,11,7,43,455,0.028114186851211073
prefill,math,11,8,61,401,0.024777558082056353
prefill,math,11,9,18,397,0.0245304003954523
prefill,math,11,10,11,378,0.023356401384083045
prefill,math,11,11,8,377,0.023294611962432033
prefill,math,11,12,53,376,0.023232822540781017
prefill,math,11,13,31,372,0.022985664854176965
prefill,math,11,14,0,342,0.021131982204646564
prefill,math,11,15,54,334,0.02063766683143846
prefill,math,11,16,22,308,0.01903114186851211
prefill,math,11,17,4,296,0.01828966880869995
prefill,math,11,18,30,296,0.01828966880869995
prefill,math,11,19,20,295,0.018227879387048937
prefill,math,11,20,52,288,0.017795353435491844
prefill,math,11,21,44,276,0.017053880375679682
prefill,math,11,22,36,273,0.016868512110726645
prefill,math,11,23,42,269,0.01662135442412259
prefill,math,11,24,56,261,0.016127039050914484
prefill,math,11,25,7,260,0.01606524962926347
prefill,math,11,26,45,252,0.015570934256055362
prefill,math,11,27,33,245,0.01513840830449827
prefill,math,11,28,21,231,0.014273356401384083
prefill,math,11,29,60,224,0.01384083044982699
prefill,math,11,30,49,215,0.013284725654967869
prefill,math,11,31,24,214,0.013222936233316857
prefill,math,11,32,17,214,0.013222936233316857
prefill,math,11,33,14,207,0.012790410281759763
prefill,math,11,34,63,195,0.012048937221947602
prefill,math,11,35,51,193,0.011925358378645575
prefill,math,11,36,26,193,0.011925358378645575
prefill,math,11,37,27,193,0.011925358378645575
prefill,math,11,38,46,180,0.011122095897182402
prefill,math,11,39,37,172,0.010627780523974296
prefill,math,11,40,35,169,0.010442412259021256
prefill,math,11,41,16,166,0.010257043994068215
prefill,math,11,42,3,160,0.009886307464162136
prefill,math,11,43,19,147,0.009083044982698962
prefill,math,11,44,2,142,0.008774097874443896
prefill,math,11,45,32,139,0.008588729609490855
prefill,math,11,46,39,138,0.008526940187839841
prefill,math,11,47,41,133,0.008217993079584774
prefill,math,11,48,55,131,0.008094414236282748
prefill,math,11,49,10,130,0.008032624814631736
prefill,math,11,50,50,129,0.007970835392980722
prefill,math,11,51,9,116,0.007167572911517549
prefill,math,11,52,28,111,0.006858625803262482
prefill,math,11,53,12,99,0.006117152743450321
prefill,math,11,54,25,92,0.005684626791893228
prefill,math,11,55,40,86,0.005313890261987148
prefill,math,11,56,48,77,0.004757785467128028
prefill,math,11,57,29,62,0.0038309441423628274
prefill,math,11,58,5,51,0.0031512605042016808
prefill,math,11,59,13,48,0.002965892239248641
prefill,math,11,60,38,43,0.002656945130993574
prefill,math,11,61,23,42,0.0025951557093425604
prefill,math,11,62,6,38,0.0023479980227385073
prefill,math,11,63,59,38,0.0023479980227385073
prefill,math,11,64,62,16,0.0009886307464162135
prefill,math,12,1,2,1279,0.07902867029164606
prefill,math,12,2,63,966,0.05968858131487889
prefill,math,12,3,43,644,0.039792387543252594
prefill,math,12,4,25,585,0.036146811665842805
prefill,math,12,5,46,528,0.03262481463173505
prefill,math,12,6,14,521,0.032192288680177955
prefill,math,12,7,11,519,0.032068709836875924
prefill,math,12,8,52,476,0.029411764705882353
prefill,math,12,9,50,454,0.02805239742956006
prefill,math,12,10,32,431,0.026631240731586753
prefill,math,12,11,22,393,0.024283242708848244
prefill,math,12,12,48,370,0.022862086010874937
prefill,math,12,13,7,313,0.019340088976767176
prefill,math,12,14,9,313,0.019340088976767176
prefill,math,12,15,41,295,0.018227879387048937
prefill,math,12,16,21,294,0.018166089965397925
prefill,math,12,17,33,289,0.017857142857142856
prefill,math,12,18,49,286,0.017671774592189816
prefill,math,12,19,15,283,0.017486406327236775
prefill,math,12,20,34,274,0.016930301532377658
prefill,math,12,21,4,273,0.016868512110726645
prefill,math,12,22,55,272,0.01680672268907563
prefill,math,12,23,23,258,0.015941670785961443
prefill,math,12,24,16,254,0.01569451309935739
prefill,math,12,25,6,251,0.01550914483440435
prefill,math,12,26,42,248,0.01532377656945131
prefill,math,12,27,5,246,0.015200197726149283
prefill,math,12,28,30,243,0.015014829461196243
prefill,math,12,29,0,227,0.01402619871478003
prefill,math,12,30,45,226,0.013964409293129016
prefill,math,12,31,54,225,0.013902619871478002
prefill,math,12,32,28,204,0.012605042016806723
prefill,math,12,33,29,201,0.012419673751853683
prefill,math,12,34,53,198,0.012234305486900642
prefill,math,12,35,13,197,0.01217251606524963
prefill,math,12,36,58,193,0.011925358378645575
prefill,math,12,37,44,182,0.01124567474048443
prefill,math,12,38,61,180,0.011122095897182402
prefill,math,12,39,47,178,0.010998517053880375
prefill,math,12,40,27,177,0.010936727632229363
prefill,math,12,41,59,160,0.009886307464162136
prefill,math,12,42,26,160,0.009886307464162136
prefill,math,12,43,38,157,0.009700939199209096
prefill,math,12,44,1,156,0.009639149777558082
prefill,math,12,45,51,152,0.009391992090954029
prefill,math,12,46,39,152,0.009391992090954029
prefill,math,12,47,19,121,0.007476520019772615
prefill,math,12,48,62,117,0.007229362333168562
prefill,math,12,49,60,107,0.006611468116658428
prefill,math,12,50,35,104,0.006426099851705388
prefill,math,12,51,36,97,0.005993573900148295
prefill,math,12,52,56,95,0.0058699950568462675
prefill,math,12,53,17,92,0.005684626791893228
prefill,math,12,54,3,87,0.005375679683638161
prefill,math,12,55,24,85,0.005252100840336135
prefill,math,12,56,10,82,0.0050667325753830945
prefill,math,12,57,57,78,0.004819574888779041
prefill,math,12,58,12,52,0.003213049925852694
prefill,math,12,59,40,48,0.002965892239248641
prefill,math,12,60,18,45,0.0027805239742956004
prefill,math,12,61,8,36,0.0022244191794364805
prefill,math,12,62,20,32,0.001977261492832427
prefill,math,12,63,31,22,0.0013593672763222936
prefill,math,12,64,37,1,6.178942165101334e-05
prefill,math,13,1,27,1133,0.07000741473059813
prefill,math,13,2,53,959,0.0592560553633218
prefill,math,13,3,32,551,0.03404597132970835
prefill,math,13,4,41,545,0.03367523479980227
prefill,math,13,5,63,535,0.03305734058329214
prefill,math,13,6,8,482,0.029782501235788433
prefill,math,13,7,55,453,0.027990608007909045
prefill,math,13,8,19,422,0.026075135936727632
prefill,math,13,9,36,420,0.025951557093425604
prefill,math,13,10,46,405,0.025024715768660406
prefill,math,13,11,22,401,0.024777558082056353
prefill,math,13,12,34,376,0.023232822540781017
prefill,math,13,13,5,366,0.022614928324270884
prefill,math,13,14,1,364,0.02249134948096886
prefill,math,13,15,13,360,0.022244191794364803
prefill,math,13,16,35,348,0.021502718734552645
prefill,math,13,17,47,334,0.02063766683143846
prefill,math,13,18,12,327,0.020205140879881366
prefill,math,13,19,33,314,0.01940187839841819
prefill,math,13,20,37,308,0.01903114186851211
prefill,math,13,21,51,301,0.018598615916955018
prefill,math,13,22,30,293,0.01810430054374691
prefill,math,13,23,0,284,0.01754819574888779
prefill,math,13,24,57,273,0.016868512110726645
prefill,math,13,25,3,272,0.01680672268907563
prefill,math,13,26,24,271,0.016744933267424617
prefill,math,13,27,54,270,0.016683143845773605
prefill,math,13,28,58,258,0.015941670785961443
prefill,math,13,29,11,257,0.01587988136431043
prefill,math,13,30,44,257,0.01587988136431043
prefill,math,13,31,31,230,0.014211566979733069
prefill,math,13,32,45,228,0.014087988136431043
prefill,math,13,33,59,223,0.013779041028175976
prefill,math,13,34,61,208,0.012852199703410776
prefill,math,13,35,2,204,0.012605042016806723
prefill,math,13,36,38,198,0.012234305486900642
prefill,math,13,37,43,195,0.012048937221947602
prefill,math,13,38,6,194,0.01198714780029659
prefill,math,13,39,42,180,0.011122095897182402
prefill,math,13,40,15,176,0.010874938210578349
prefill,math,13,41,48,161,0.009948096885813149
prefill,math,13,42,20,141,0.008712308452792882
prefill,math,13,43,50,133,0.008217993079584774
prefill,math,13,44,26,129,0.007970835392980722
prefill,math,13,45,10,121,0.007476520019772615
prefill,math,13,46,9,115,0.0071057834898665346
prefill,math,13,47,40,113,0.006982204646564508
prefill,math,13,48,49,104,0.006426099851705388
prefill,math,13,49,39,101,0.006240731586752348
prefill,math,13,50,18,87,0.005375679683638161
prefill,math,13,51,28,86,0.005313890261987148
prefill,math,13,52,17,83,0.005128521997034108
prefill,math,13,53,23,82,0.0050667325753830945
prefill,math,13,54,4,81,0.005004943153732081
prefill,math,13,55,29,77,0.004757785467128028
prefill,math,13,56,60,75,0.004634206623826001
prefill,math,13,57,56,61,0.0037691547207118143
prefill,math,13,58,21,56,0.0034602076124567475
prefill,math,13,59,7,55,0.003398418190805734
prefill,math,13,60,52,42,0.0025951557093425604
prefill,math,13,61,16,38,0.0023479980227385073
prefill,math,13,62,14,32,0.001977261492832427
prefill,math,13,63,62,21,0.0012975778546712802
prefill,math,13,64,25,15,0.0009268413247652002
prefill,math,14,1,8,815,0.05035837864557588
prefill,math,14,2,62,629,0.038865546218487396
prefill,math,14,3,21,504,0.031141868512110725
prefill,math,14,4,52,483,0.029844290657439446
prefill,math,14,5,25,475,0.02934997528423134
prefill,math,14,6,44,455,0.028114186851211073
prefill,math,14,7,43,454,0.02805239742956006
prefill,math,14,8,63,451,0.02786702916460702
prefill,math,14,9,16,443,0.02737271379139891
prefill,math,14,10,34,422,0.026075135936727632
prefill,math,14,11,15,383,0.02366534849233811
prefill,math,14,12,20,378,0.023356401384083045
prefill,math,14,13,49,378,0.023356401384083045
prefill,math,14,14,57,361,0.02230598121601582
prefill,math,14,15,59,354,0.021873455264458726
prefill,math,14,16,53,351,0.021688086999505685
prefill,math,14,17,1,325,0.020081562036579337
prefill,math,14,18,31,324,0.020019772614928325
prefill,math,14,19,45,317,0.019587246663371232
prefill,math,14,20,37,313,0.019340088976767176
prefill,math,14,21,38,303,0.018722194760257042
prefill,math,14,22,18,301,0.018598615916955018
prefill,math,14,23,0,287,0.01773356401384083
prefill,math,14,24,23,287,0.01773356401384083
prefill,math,14,25,60,275,0.01699209095402867
prefill,math,14,26,10,269,0.01662135442412259
prefill,math,14,27,3,267,0.016497775580820565
prefill,math,14,28,42,265,0.016374196737518536
prefill,math,14,29,11,264,0.016312407315867524
prefill,math,14,30,50,252,0.015570934256055362
prefill,math,14,31,29,251,0.01550914483440435
prefill,math,14,32,9,241,0.014891250617894217
prefill,math,14,33,6,232,0.014335145823035097
prefill,math,14,34,22,222,0.013717251606524964
prefill,math,14,35,35,218,0.01347009391992091
prefill,math,14,36,17,217,0.013408304498269897
prefill,math,14,37,12,216,0.013346515076618883
prefill,math,14,38,13,212,0.01309935739001483
prefill,math,14,39,5,205,0.012666831438457735
prefill,math,14,40,48,201,0.012419673751853683
prefill,math,14,41,54,195,0.012048937221947602
prefill,math,14,42,2,183,0.011307464162135442
prefill,math,14,43,51,182,0.01124567474048443
prefill,math,14,44,58,168,0.010380622837370242
prefill,math,14,45,7,165,0.010195254572417203
prefill,math,14,46,46,165,0.010195254572417203
prefill,math,14,47,4,149,0.009206623826000989
prefill,math,14,48,28,147,0.009083044982698962
prefill,math,14,49,39,140,0.00865051903114187
prefill,math,14,50,40,118,0.007291151754819575
prefill,math,14,51,24,113,0.006982204646564508
prefill,math,14,52,56,109,0.006735046959960455
prefill,math,14,53,36,106,0.006549678695007415
prefill,math,14,54,30,97,0.005993573900148295
prefill,math,14,55,27,84,0.005190311418685121
prefill,math,14,56,19,82,0.0050667325753830945
prefill,math,14,57,47,79,0.004881364310430054
prefill,math,14,58,41,76,0.0046959960454770145
prefill,math,14,59,61,50,0.003089471082550667
prefill,math,14,60,26,49,0.003027681660899654
prefill,math,14,61,14,47,0.002904102817597627
prefill,math,14,62,32,40,0.002471576866040534
prefill,math,14,63,33,32,0.001977261492832427
prefill,math,14,64,55,8,0.0004943153732081067
prefill,math,15,1,48,833,0.051470588235294115
prefill,math,15,2,39,778,0.04807217004448838
prefill,math,15,3,3,509,0.031450815620365793
prefill,math,15,4,22,509,0.031450815620365793
prefill,math,15,5,51,506,0.03126544735541276
prefill,math,15,6,17,494,0.03052397429560059
prefill,math,15,7,2,464,0.028670291646070194
prefill,math,15,8,27,459,0.028361344537815126
prefill,math,15,9,45,408,0.025210084033613446
prefill,math,15,10,24,407,0.025148294611962434
prefill,math,15,11,23,403,0.024901136925358378
prefill,math,15,12,59,376,0.023232822540781017
prefill,math,15,13,38,343,0.021193771626297576
prefill,math,15,14,20,338,0.02088482451804251
prefill,math,15,15,55,332,0.02051408798813643
prefill,math,15,16,44,327,0.020205140879881366
prefill,math,15,17,12,325,0.020081562036579337
prefill,math,15,18,46,316,0.019525457241720216
prefill,math,15,19,10,311,0.01921651013346515
prefill,math,15,20,56,302,0.01866040533860603
prefill,math,15,21,47,300,0.018536826495304005
prefill,math,15,22,54,300,0.018536826495304005
prefill,math,15,23,34,291,0.017980721700444884
prefill,math,15,24,13,282,0.017424616905585763
prefill,math,15,25,5,280,0.01730103806228374
prefill,math,15,26,63,258,0.015941670785961443
prefill,math,15,27,4,239,0.01476767177459219
prefill,math,15,28,8,238,0.014705882352941176
prefill,math,15,29,53,237,0.014644092931290164
prefill,math,15,30,60,229,0.014149777558082057
prefill,math,15,31,9,218,0.01347009391992091
prefill,math,15,32,37,218,0.01347009391992091
prefill,math,15,33,16,218,0.01347009391992091
prefill,math,15,34,30,215,0.013284725654967869
prefill,math,15,35,28,212,0.01309935739001483
prefill,math,15,36,61,209,0.01291398912506179
prefill,math,15,37,58,208,0.012852199703410776
prefill,math,15,38,26,208,0.012852199703410776
prefill,math,15,39,21,205,0.012666831438457735
prefill,math,15,40,52,204,0.012605042016806723
prefill,math,15,41,50,183,0.011307464162135442
prefill,math,15,42,40,178,0.010998517053880375
prefill,math,15,43,11,165,0.010195254572417203
prefill,math,15,44,41,164,0.010133465150766189
prefill,math,15,45,14,162,0.010009886307464163
prefill,math,15,46,62,161,0.009948096885813149
prefill,math,15,47,1,144,0.008897676717745922
prefill,math,15,48,29,144,0.008897676717745922
prefill,math,15,49,15,137,0.008465150766188829
prefill,math,15,50,31,132,0.008156203657933762
prefill,math,15,51,18,121,0.007476520019772615
prefill,math,15,52,0,116,0.007167572911517549
prefill,math,15,53,19,106,0.006549678695007415
prefill,math,15,54,36,100,0.006178942165101334
prefill,math,15,55,43,97,0.005993573900148295
prefill,math,15,56,57,96,0.005931784478497282
prefill,math,15,57,35,77,0.004757785467128028
prefill,math,15,58,42,77,0.004757785467128028
prefill,math,15,59,32,67,0.004139891250617894
prefill,math,15,60,49,58,0.0035837864557587743
prefill,math,15,61,6,56,0.0034602076124567475
prefill,math,15,62,33,51,0.0031512605042016808
prefill,math,15,63,25,47,0.002904102817597627
prefill,math,15,64,7,36,0.0022244191794364805
